10000.0,33.75,80.000000925155,-512576.12879532785
12000.0,60.0,80.00000123354,-512576.12879532785
15000.0,78.732,100.00000215820158,-884326.8222987555
16000.0,139.96800000000002,100.00000287760211,-884326.8222987555
1000.0,4.5,30.0000000740124,-942.0
1500.0,18.0,30.0000001480248,-942.0
1500.0,4.5,50.0000000740124,-5887.5
2000.0,18.0,50.0000001480248,-5887.5
2000.0,3499.2,8.0000239800176,-75.0924276289671
2500.0,4147.2,8.0000568415232,-153.8374317347421
3000.0,2332.7999999999997,10.0000639467136,-148.75706127138722
1500.0,3499.2,3.0000479600352,-57356.53976889748
3000.0,3742.2000000000003,6.0001025811864,-98677.38064669137
22000.0,93.75,160.000002158695,-512576.12879532785
25000.0,112.482,180.00000308335657,-884326.8222987555
26000.0,173.71800000000002,180.0000038027571,-884326.8222987555
11000.0,38.25,110.0000009991674,-513047.12879532785
11500.0,51.75,110.0000010731798,-513047.12879532785
11500.0,38.25,130.0000009991674,-515519.87879532785
12000.0,51.75,130.0000010731798,-515519.87879532785
12000.0,3532.95,88.0000249051726,-512613.6750091423
12500.0,4180.95,88.0000577666782,-512653.04751119524
13000.0,2366.5499999999997,90.0000648718686,-512650.5073259635
11500.0,3532.95,83.0000488851902,-541254.3986797766
13000.0,3775.9500000000003,86.0001035063414,-561914.8191186736
27000.0,138.732,180.0000033917416,-884326.8222987555
28000.0,199.96800000000002,180.00000411114212,-884326.8222987555
13000.0,64.5,110.0000013075524,-513047.12879532785
13500.0,78.0,110.0000013815648,-513047.12879532785
13500.0,64.5,130.0000013075524,-515519.87879532785
14000.0,78.0,130.0000013815648,-515519.87879532785
14000.0,3559.2,88.0000252135576,-512613.6750091423
14500.0,4207.2,88.0000580750632,-512653.04751119524
15000.0,2392.7999999999997,90.0000651802536,-512650.5073259635
13500.0,3559.2,83.0000491935752,-541254.3986797766
15000.0,3802.2000000000003,86.0001038147264,-561914.8191186736
31000.0,218.70000000000002,200.0000050358037,-884326.8222987555
16000.0,83.232,130.00000223221397,-884797.8222987555
16500.0,96.732,130.00000230622638,-884797.8222987555
16500.0,83.232,150.00000223221397,-887270.5722987555
17000.0,96.732,150.00000230622638,-887270.5722987555
17000.0,3577.932,108.00002613821918,-884364.36851257
17500.0,4225.932,108.00005899972479,-884403.7410146229
18000.0,2411.5319999999997,110.00006610491518,-884401.2008293913
16500.0,3577.932,103.00005011823679,-913005.0921832043
18000.0,3820.9320000000002,106.00010473938798,-933665.5126221012
17000.0,144.46800000000002,130.0000029516145,-884797.8222987555
17500.0,157.96800000000002,130.0000030256269,-884797.8222987555
17500.0,144.46800000000002,150.0000029516145,-887270.5722987555
18000.0,157.96800000000002,150.0000030256269,-887270.5722987555
18000.0,3639.1679999999997,108.00002685761972,-884364.36851257
18500.0,4287.168,108.00005971912532,-884403.7410146229
19000.0,2472.7679999999996,110.00006682431571,-884401.2008293913
17500.0,3639.1679999999997,103.00005083763732,-913005.0921832043
19000.0,3882.168,106.00010545878851,-933665.5126221012
2500.0,22.5,60.0000002220372,-1413.0
2500.0,9.0,80.0000001480248,-3885.75
3000.0,22.5,80.0000002220372,-3885.75
3000.0,3503.7,38.00002405403,-979.5462138144835
3500.0,4151.7,38.0000569155356,-1018.918715867371
4000.0,2337.2999999999997,40.000064020726,-1016.3785306356936
2500.0,3503.7,33.0000480340476,-29620.26988444874
4000.0,3746.7000000000003,36.0001026551988,-50280.69032334568
3000.0,22.5,80.0000002220372,-3885.75
3500.0,36.0,80.0000002960496,-3885.75
3500.0,3517.2,38.0000241280424,-979.5462138144835
4000.0,4165.2,38.000056989548,-1018.918715867371
4500.0,2350.7999999999997,40.0000640947384,-1016.3785306356936
3000.0,3517.2,33.00004810806,-29620.26988444874
4500.0,3760.2000000000003,36.0001027292112,-50280.69032334568
3500.0,22.5,100.0000002220372,-8831.25
3500.0,3503.7,58.00002405403,-5925.046213814484
4000.0,4151.7,58.0000569155356,-5964.418715867371
4500.0,2337.2999999999997,60.000064020726,-5961.878530635694
3000.0,3503.7,53.0000480340476,-34565.76988444874
4500.0,3746.7000000000003,56.0001026551988,-55226.19032334568
4000.0,3517.2,58.0000241280424,-5925.046213814484
4500.0,4165.2,58.000056989548,-5964.418715867371
5000.0,2350.7999999999997,60.0000640947384,-5961.878530635694
3500.0,3517.2,53.00004810806,-34565.76988444874
5000.0,3760.2000000000003,56.0001027292112,-55226.19032334568
4500.0,7646.4,16.0000808215408,-152.01114349633815
5000.0,5832.0,18.0000879267312,-149.4709582646607
3500.0,6998.4,11.0000719400528,-28753.362312077705
5000.0,7241.4,14.000126561204,-49413.78275097465
5500.0,6480.0,18.0001207882368,-228.2159623704357
4000.0,7646.4,11.0001048015584,-28832.10731618348
5500.0,7889.4,14.0001594227096,-49492.527755080424
4500.0,5832.0,13.0001119067488,-28827.026945720125
6000.0,6075.0,16.0001665279,-49487.44738461707
4500.0,7241.4,9.0001505412216,-106695.23009224316
37000.0,172.482,260.0000043168966,-884326.8222987555
38000.0,233.71800000000002,260.0000050362971,-884326.8222987555
23000.0,98.25,190.0000022327074,-513047.12879532785
23500.0,111.75,190.0000023067198,-513047.12879532785
23500.0,98.25,210.0000022327074,-515519.87879532785
24000.0,111.75,210.0000023067198,-515519.87879532785
24000.0,3592.95,168.0000261387126,-512613.6750091423
24500.0,4240.95,168.0000590002182,-512653.04751119524
25000.0,2426.5499999999997,170.0000661054086,-512650.5073259635
23500.0,3592.95,163.0000501187302,-541254.3986797766
25000.0,3835.9500000000003,166.0001047398814,-561914.8191186736
41000.0,252.45000000000002,280.0000059609587,-884326.8222987555
26000.0,116.982,210.00000315736898,-884797.8222987555
26500.0,130.482,210.00000323138138,-884797.8222987555
26500.0,116.982,230.00000315736898,-887270.5722987555
27000.0,130.482,230.00000323138138,-887270.5722987555
27000.0,3611.682,188.00002706337418,-884364.36851257
27500.0,4259.682,188.0000599248798,-884403.7410146229
28000.0,2445.2819999999997,190.00006703007017,-884401.2008293913
26500.0,3611.682,183.00005104339178,-913005.0921832043
28000.0,3854.6820000000002,186.00010566454299,-933665.5126221012
27000.0,178.21800000000002,210.0000038767695,-884797.8222987555
27500.0,191.71800000000002,210.00000395078192,-884797.8222987555
27500.0,178.21800000000002,230.0000038767695,-887270.5722987555
28000.0,191.71800000000002,230.00000395078192,-887270.5722987555
28000.0,3672.9179999999997,188.0000277827747,-884364.36851257
28500.0,4320.918,188.00006064428032,-884403.7410146229
29000.0,2506.5179999999996,190.0000677494707,-884401.2008293913
27500.0,3672.9179999999997,183.0000517627923,-913005.0921832043
29000.0,3915.918,186.00010638394352,-933665.5126221012
12500.0,56.25,140.0000011471922,-513518.12879532785
12500.0,42.75,160.0000010731798,-515990.87879532785
13000.0,56.25,160.0000011471922,-515990.87879532785
13000.0,3537.45,118.000024979185,-513084.6750091423
13500.0,4185.45,118.0000578406906,-513124.04751119524
14000.0,2371.0499999999997,120.000064945881,-513121.5073259635
12500.0,3537.45,113.0000489592026,-541725.3986797766
14000.0,3780.4500000000003,116.0001035803538,-562385.8191186736
13000.0,56.25,160.0000011471922,-515990.87879532785
13500.0,69.75,160.0000012212046,-515990.87879532785
13500.0,3550.95,118.0000250531974,-513084.6750091423
14000.0,4198.95,118.000057914703,-513124.04751119524
14500.0,2384.5499999999997,120.0000650198934,-513121.5073259635
13000.0,3550.95,113.000049033215,-541725.3986797766
14500.0,3793.9500000000003,116.0001036543662,-562385.8191186736
13500.0,56.25,180.0000011471922,-518463.62879532785
13500.0,3537.45,138.000024979185,-515557.4250091423
14000.0,4185.45,138.0000578406906,-515596.79751119524
14500.0,2371.0499999999997,140.000064945881,-515594.2573259635
13000.0,3537.45,133.0000489592026,-544198.1486797766
14500.0,3780.4500000000003,136.0001035803538,-564858.5691186736
14000.0,3550.95,138.0000250531974,-515557.4250091423
14500.0,4198.95,138.000057914703,-515596.79751119524
15000.0,2384.5499999999997,140.0000650198934,-515594.2573259635
13500.0,3550.95,133.000049033215,-544198.1486797766
15000.0,3793.9500000000003,136.0001036543662,-564858.5691186736
14500.0,7680.15,96.0000817466958,-512690.5937250097
15000.0,5865.75,98.0000888518862,-512688.053539778
13500.0,7032.15,91.0000728652078,-541291.9448935911
15000.0,7275.15,94.000127486359,-561952.365332488
15500.0,6513.75,98.0001217133918,-512727.4260418309
14000.0,7680.15,91.0001057267134,-541331.317395644
15500.0,7923.15,94.0001603478646,-561991.7378345409
14500.0,5865.75,93.0001128319038,-541328.7772104123
16000.0,6108.75,96.000167453055,-561989.1976493092
14500.0,7275.15,89.0001514663766,-590593.0890031223
43000.0,278.70000000000005,280.0000062693437,-884326.8222987555
28000.0,143.232,210.000003465754,-884797.8222987555
28500.0,156.732,210.0000035397664,-884797.8222987555
28500.0,143.232,230.000003465754,-887270.5722987555
29000.0,156.732,230.0000035397664,-887270.5722987555
29000.0,3637.932,188.0000273717592,-884364.36851257
29500.0,4285.932,188.00006023326478,-884403.7410146229
30000.0,2471.5319999999997,190.00006733845518,-884401.2008293913
28500.0,3637.932,183.0000513517768,-913005.0921832043
30000.0,3880.9320000000002,186.000105972928,-933665.5126221012
29000.0,204.46800000000002,210.00000418515452,-884797.8222987555
29500.0,217.96800000000002,210.0000042591669,-884797.8222987555
29500.0,204.46800000000002,230.00000418515452,-887270.5722987555
30000.0,217.96800000000002,230.0000042591669,-887270.5722987555
30000.0,3699.1679999999997,188.00002809115972,-884364.36851257
30500.0,4347.168,188.0000609526653,-884403.7410146229
31000.0,2532.7679999999996,190.0000680578557,-884401.2008293913
29500.0,3699.1679999999997,183.00005207117732,-913005.0921832043
31000.0,3942.168,186.0001066923285,-933665.5126221012
14500.0,82.5,140.0000014555772,-513518.12879532785
14500.0,69.0,160.0000013815648,-515990.87879532785
15000.0,82.5,160.0000014555772,-515990.87879532785
15000.0,3563.7,118.00002528757,-513084.6750091423
15500.0,4211.7,118.0000581490756,-513124.04751119524
16000.0,2397.2999999999997,120.000065254266,-513121.5073259635
14500.0,3563.7,113.0000492675876,-541725.3986797766
16000.0,3806.7000000000003,116.0001038887388,-562385.8191186736
15000.0,82.5,160.0000014555772,-515990.87879532785
15500.0,96.0,160.0000015295896,-515990.87879532785
15500.0,3577.2,118.0000253615824,-513084.6750091423
16000.0,4225.2,118.000058223088,-513124.04751119524
16500.0,2410.7999999999997,120.0000653282784,-513121.5073259635
15000.0,3577.2,113.0000493416,-541725.3986797766
16500.0,3820.2000000000003,116.0001039627512,-562385.8191186736
15500.0,82.5,180.0000014555772,-518463.62879532785
15500.0,3563.7,138.00002528757,-515557.4250091423
16000.0,4211.7,138.0000581490756,-515596.79751119524
16500.0,2397.2999999999997,140.000065254266,-515594.2573259635
15000.0,3563.7,133.0000492675876,-544198.1486797766
16500.0,3806.7000000000003,136.0001038887388,-564858.5691186736
16000.0,3577.2,138.0000253615824,-515557.4250091423
16500.0,4225.2,138.000058223088,-515596.79751119524
17000.0,2410.7999999999997,140.0000653282784,-515594.2573259635
15500.0,3577.2,133.0000493416,-544198.1486797766
17000.0,3820.2000000000003,136.0001039627512,-564858.5691186736
16500.0,7706.4,96.0000820550808,-512690.5937250097
17000.0,5892.0,98.0000891602712,-512688.053539778
15500.0,7058.4,91.0000731735928,-541291.9448935911
17000.0,7301.4,94.000127794744,-561952.365332488
17500.0,6540.0,98.0001220217768,-512727.4260418309
16000.0,7706.4,91.0001060350984,-541331.317395644
17500.0,7949.4,94.0001606562496,-561991.7378345409
16500.0,5892.0,93.0001131402888,-541328.7772104123
18000.0,6135.0,96.00016776144,-561989.1976493092
16500.0,7301.4,89.0001517747616,-590593.0890031223
32000.0,223.20000000000002,230.0000051098161,-884797.8222987555
32500.0,236.70000000000002,230.0000051838285,-884797.8222987555
32500.0,223.20000000000002,250.0000051098161,-887270.5722987555
33000.0,236.70000000000002,250.0000051838285,-887270.5722987555
33000.0,3717.8999999999996,208.0000290158213,-884364.36851257
33500.0,4365.9,208.00006187732689,-884403.7410146229
34000.0,2551.4999999999995,210.0000689825173,-884401.2008293913
32500.0,3717.8999999999996,203.0000529958389,-913005.0921832043
34000.0,3960.9,206.0001076169901,-933665.5126221012
17500.0,101.232,160.00000238023878,-885268.8222987555
17500.0,87.732,180.00000230622638,-887741.5722987555
18000.0,101.232,180.00000238023878,-887741.5722987555
18000.0,3582.432,138.00002621223157,-884835.36851257
18500.0,4230.432,138.0000590737372,-884874.7410146229
19000.0,2416.0319999999997,140.0000661789276,-884872.2008293913
17500.0,3582.432,133.00005019224918,-913476.0921832043
19000.0,3825.4320000000002,136.00010481340038,-934136.5126221012
18000.0,101.232,180.00000238023878,-887741.5722987555
18500.0,114.732,180.0000024542512,-887741.5722987555
18500.0,3595.932,138.00002628624398,-884835.36851257
19000.0,4243.932,138.0000591477496,-884874.7410146229
19500.0,2429.5319999999997,140.00006625293997,-884872.2008293913
18000.0,3595.932,133.00005026626158,-913476.0921832043
19500.0,3838.9320000000002,136.0001048874128,-934136.5126221012
18500.0,101.232,200.00000238023878,-890214.3222987555
18500.0,3582.432,158.00002621223157,-887308.11851257
19000.0,4230.432,158.0000590737372,-887347.4910146229
19500.0,2416.0319999999997,160.0000661789276,-887344.9508293913
18000.0,3582.432,153.00005019224918,-915948.8421832043
19500.0,3825.4320000000002,156.00010481340038,-936609.2626221012
19000.0,3595.932,158.00002628624398,-887308.11851257
19500.0,4243.932,158.0000591477496,-887347.4910146229
20000.0,2429.5319999999997,160.00006625293997,-887344.9508293913
18500.0,3595.932,153.00005026626158,-915948.8421832043
20000.0,3838.9320000000002,156.0001048874128,-936609.2626221012
19500.0,7725.132,116.00008297974239,-884441.2872284374
20000.0,5910.732,118.00009008493278,-884438.7470432058
18500.0,7077.132,111.00007409825439,-913042.6383970188
20000.0,7320.132,114.00012871940558,-933703.0588359158
20500.0,6558.732,118.00012294643838,-884478.1195452586
19000.0,7725.132,111.00010695975999,-913082.0108990716
20500.0,7968.132,114.00016158091118,-933742.4313379686
19500.0,5910.732,113.00011406495038,-913079.47071384
21000.0,6153.732,116.00016868610159,-933739.891152737
19500.0,7320.132,109.00015269942318,-962343.78250655
18500.0,162.46800000000002,160.00000309963931,-885268.8222987555
18500.0,148.96800000000002,180.0000030256269,-887741.5722987555
19000.0,162.46800000000002,180.00000309963931,-887741.5722987555
19000.0,3643.6679999999997,138.0000269316321,-884835.36851257
19500.0,4291.668,138.00005979313772,-884874.7410146229
20000.0,2477.2679999999996,140.0000668983281,-884872.2008293913
18500.0,3643.6679999999997,133.0000509116497,-913476.0921832043
20000.0,3886.668,136.00010553280092,-934136.5126221012
19000.0,162.46800000000002,180.00000309963931,-887741.5722987555
19500.0,175.96800000000002,180.00000317365172,-887741.5722987555
19500.0,3657.1679999999997,138.0000270056445,-884835.36851257
20000.0,4305.168,138.0000598671501,-884874.7410146229
20500.0,2490.7679999999996,140.0000669723405,-884872.2008293913
19000.0,3657.1679999999997,133.0000509856621,-913476.0921832043
20500.0,3900.168,136.00010560681332,-934136.5126221012
19500.0,162.46800000000002,200.00000309963931,-890214.3222987555
19500.0,3643.6679999999997,158.0000269316321,-887308.11851257
20000.0,4291.668,158.00005979313772,-887347.4910146229
20500.0,2477.2679999999996,160.0000668983281,-887344.9508293913
19000.0,3643.6679999999997,153.0000509116497,-915948.8421832043
20500.0,3886.668,156.00010553280092,-936609.2626221012
20000.0,3657.1679999999997,158.0000270056445,-887308.11851257
20500.0,4305.168,158.0000598671501,-887347.4910146229
21000.0,2490.7679999999996,160.0000669723405,-887344.9508293913
19500.0,3657.1679999999997,153.0000509856621,-915948.8421832043
21000.0,3900.168,156.00010560681332,-936609.2626221012
20500.0,7786.3679999999995,116.0000836991429,-884441.2872284374
21000.0,5971.967999999999,118.00009080433331,-884438.7470432058
19500.0,7138.3679999999995,111.0000748176549,-913042.6383970188
21000.0,7381.368,114.00012943880611,-933703.0588359158
21500.0,6619.967999999999,118.00012366583891,-884478.1195452586
20000.0,7786.3679999999995,111.00010767916051,-913082.0108990716
21500.0,8029.368,114.00016230031171,-933742.4313379686
20500.0,5971.967999999999,113.00011478435091,-913079.47071384
22000.0,6214.968,116.0001694055021,-933739.891152737
20500.0,7381.368,109.00015341882371,-962343.78250655
4000.0,27.0,110.0000002960496,-4356.75
4500.0,40.5,110.000000370062,-4356.75
4500.0,3521.7,68.0000242020548,-1450.5462138144835
5000.0,4169.7,68.0000570635604,-1489.918715867371
5500.0,2355.2999999999997,70.0000641687508,-1487.3785306356936
4000.0,3521.7,63.0000481820724,-30091.26988444874
5500.0,3764.7000000000003,66.0001028032236,-50751.69032334568
4500.0,27.0,130.0000002960496,-6829.5
4500.0,3508.2,88.0000241280424,-3923.2962138144835
5000.0,4156.2,88.000056989548,-3962.6687158673712
5500.0,2341.7999999999997,90.0000640947384,-3960.1285306356936
4000.0,3508.2,83.00004810806,-32564.01988444874
5500.0,3751.2000000000003,86.0001027292112,-53224.44032334568
5000.0,3521.7,88.0000242020548,-3923.2962138144835
5500.0,4169.7,88.0000570635604,-3962.6687158673712
6000.0,2355.2999999999997,90.0000641687508,-3960.1285306356936
4500.0,3521.7,83.0000481820724,-32564.01988444874
6000.0,3764.7000000000003,86.0001028032236,-53224.44032334568
5500.0,7650.9,46.0000808955532,-1056.4649296818545
6000.0,5836.5,48.0000880007436,-1053.924744450177
4500.0,7002.9,41.0000720140652,-29657.81609826322
6000.0,7245.9,44.0001266352164,-50318.23653716017
6500.0,6484.5,48.0001208622492,-1093.2972465030646
5000.0,7650.9,41.0001048755708,-29697.18860031611
6500.0,7893.9,44.000159496722,-50357.60903921306
5500.0,5836.5,43.0001119807612,-29694.648415084434
7000.0,6079.5,46.0001666019124,-50355.06885398138
5500.0,7245.9,39.000150615234,-78958.96020779441
5000.0,40.5,130.000000370062,-6829.5
5000.0,3521.7,88.0000242020548,-3923.2962138144835
5500.0,4169.7,88.0000570635604,-3962.6687158673712
6000.0,2355.2999999999997,90.0000641687508,-3960.1285306356936
4500.0,3521.7,83.0000481820724,-32564.01988444874
6000.0,3764.7000000000003,86.0001028032236,-53224.44032334568
5500.0,3535.2,88.0000242760672,-3923.2962138144835
6000.0,4183.2,88.0000571375728,-3962.6687158673712
6500.0,2368.7999999999997,90.0000642427632,-3960.1285306356936
5000.0,3535.2,83.0000482560848,-32564.01988444874
6500.0,3778.2000000000003,86.000102877236,-53224.44032334568
6000.0,7664.4,46.0000809695656,-1056.4649296818545
6500.0,5850.0,48.000088074756,-1053.924744450177
5000.0,7016.4,41.0000720880776,-29657.81609826322
6500.0,7259.4,44.0001267092288,-50318.23653716017
7000.0,6498.0,48.0001209362616,-1093.2972465030646
5500.0,7664.4,41.0001049495832,-29697.18860031611
7000.0,7907.4,44.0001595707344,-50357.60903921306
6000.0,5850.0,43.0001120547736,-29694.648415084434
7500.0,6093.0,46.0001666759248,-50355.06885398138
6000.0,7259.4,39.0001506892464,-78958.96020779441
5500.0,3521.7,108.0000242020548,-8868.796213814483
6000.0,4169.7,108.0000570635604,-8908.16871586737
6500.0,2355.2999999999997,110.0000641687508,-8905.628530635693
5000.0,3521.7,103.0000481820724,-37509.51988444874
6500.0,3764.7000000000003,106.0001028032236,-58169.94032334568
6000.0,7650.9,66.0000808955532,-6001.964929681855
6500.0,5836.5,68.0000880007436,-5999.424744450178
5000.0,7002.9,61.0000720140652,-34603.316098263225
6500.0,7245.9,64.0001266352164,-55263.73653716017
7000.0,6484.5,68.0001208622492,-6038.797246503065
5500.0,7650.9,61.0001048755708,-34642.68860031611
7000.0,7893.9,64.000159496722,-55303.10903921306
6000.0,5836.5,63.0001119807612,-34640.14841508443
7500.0,6079.5,66.0001666019124,-55300.56885398138
6000.0,7245.9,59.000150615234,-83904.46020779441
6500.0,7664.4,66.0000809695656,-6001.964929681855
7000.0,5850.0,68.000088074756,-5999.424744450178
5500.0,7016.4,61.0000720880776,-34603.316098263225
7000.0,7259.4,64.0001267092288,-55263.73653716017
7500.0,6498.0,68.0001209362616,-6038.797246503065
6000.0,7664.4,61.0001049495832,-34642.68860031611
7500.0,7907.4,64.0001595707344,-55303.10903921306
6500.0,5850.0,63.0001120547736,-34640.14841508443
8000.0,6093.0,66.0001666759248,-55300.56885398138
6500.0,7259.4,59.0001506892464,-83904.46020779441
7500.0,9979.199999999999,26.0001447682544,-226.38967413203176
6000.0,11145.599999999999,19.000128781576,-28830.281027945075
7500.0,11388.6,22.0001834027272,-49490.70146684202
6500.0,9331.2,21.0001358867664,-28827.7408427134
8000.0,9574.2,24.0001905079176,-49488.161281610344
6500.0,10740.6,17.0001745212392,-78092.05263542339
7000.0,9979.2,21.000168748272,-28906.485846819174
8500.0,10222.2,24.0002233694232,-49566.90628571612
7000.0,11388.6,17.0002073827448,-78170.79763952916
7500.0,9574.2,19.0002144879352,-78165.7172690658
53000.0,312.45000000000005,360.0000071944987,-884326.8222987555
38000.0,176.982,290.000004390909,-884797.8222987555
38500.0,190.482,290.0000044649214,-884797.8222987555
38500.0,176.982,310.000004390909,-887270.5722987555
39000.0,190.482,310.0000044649214,-887270.5722987555
39000.0,3671.682,268.0000282969142,-884364.36851257
39500.0,4319.682,268.0000611584198,-884403.7410146229
40000.0,2505.2819999999997,270.00006826361016,-884401.2008293913
38500.0,3671.682,263.0000522769318,-913005.0921832043
40000.0,3914.6820000000002,266.000106898083,-933665.5126221012
39000.0,238.21800000000002,290.00000511030953,-884797.8222987555
39500.0,251.71800000000002,290.00000518432194,-884797.8222987555
39500.0,238.21800000000002,310.00000511030953,-887270.5722987555
40000.0,251.71800000000002,310.00000518432194,-887270.5722987555
40000.0,3732.9179999999997,268.0000290163147,-884364.36851257
40500.0,4380.918,268.0000618778203,-884403.7410146229
41000.0,2566.5179999999996,270.0000689830107,-884401.2008293913
39500.0,3732.9179999999997,263.00005299633233,-913005.0921832043
41000.0,3975.918,266.00010761748354,-933665.5126221012
24500.0,116.25,220.0000023807322,-513518.12879532785
24500.0,102.75,240.0000023067198,-515990.87879532785
25000.0,116.25,240.0000023807322,-515990.87879532785
25000.0,3597.45,198.000026212725,-513084.6750091423
25500.0,4245.45,198.0000590742306,-513124.04751119524
26000.0,2431.0499999999997,200.000066179421,-513121.5073259635
24500.0,3597.45,193.0000501927426,-541725.3986797766
26000.0,3840.4500000000003,196.0001048138938,-562385.8191186736
25000.0,116.25,240.0000023807322,-515990.87879532785
25500.0,129.75,240.0000024547446,-515990.87879532785
25500.0,3610.95,198.0000262867374,-513084.6750091423
26000.0,4258.95,198.000059148243,-513124.04751119524
26500.0,2444.5499999999997,200.0000662534334,-513121.5073259635
25000.0,3610.95,193.000050266755,-541725.3986797766
26500.0,3853.9500000000003,196.0001048879062,-562385.8191186736
25500.0,116.25,260.0000023807322,-518463.62879532785
25500.0,3597.45,218.000026212725,-515557.4250091423
26000.0,4245.45,218.0000590742306,-515596.79751119524
26500.0,2431.0499999999997,220.000066179421,-515594.2573259635
25000.0,3597.45,213.0000501927426,-544198.1486797766
26500.0,3840.4500000000003,216.0001048138938,-564858.5691186736
26000.0,3610.95,218.0000262867374,-515557.4250091423
26500.0,4258.95,218.000059148243,-515596.79751119524
27000.0,2444.5499999999997,220.0000662534334,-515594.2573259635
25500.0,3610.95,213.000050266755,-544198.1486797766
27000.0,3853.9500000000003,216.0001048879062,-564858.5691186736
26500.0,7740.15,176.0000829802358,-512690.5937250097
27000.0,5925.75,178.0000900854262,-512688.053539778
25500.0,7092.15,171.0000740987478,-541291.9448935911
27000.0,7335.15,174.000128719899,-561952.365332488
27500.0,6573.75,178.0001229469318,-512727.4260418309
26000.0,7740.15,171.0001069602534,-541331.317395644
27500.0,7983.15,174.0001615814046,-561991.7378345409
26500.0,5925.75,173.0001140654438,-541328.7772104123
28000.0,6168.75,176.000168686595,-561989.1976493092
26500.0,7335.15,169.0001526999166,-590593.0890031223
42000.0,256.95000000000005,310.0000060349711,-884797.8222987555
42500.0,270.45000000000005,310.0000061089835,-884797.8222987555
42500.0,256.95000000000005,330.0000060349711,-887270.5722987555
43000.0,270.45000000000005,330.0000061089835,-887270.5722987555
43000.0,3751.6499999999996,288.0000299409763,-884364.36851257
43500.0,4399.65,288.0000628024819,-884403.7410146229
44000.0,2585.2499999999995,290.0000699076723,-884401.2008293913
42500.0,3751.6499999999996,283.0000539209939,-913005.0921832043
44000.0,3994.65,286.0001085421451,-933665.5126221012
27500.0,134.982,240.0000033053938,-885268.8222987555
27500.0,121.482,260.00000323138136,-887741.5722987555
28000.0,134.982,260.00000330539376,-887741.5722987555
28000.0,3616.182,218.00002713738658,-884835.36851257
28500.0,4264.182,218.0000599988922,-884874.7410146229
29000.0,2449.7819999999997,220.00006710408258,-884872.2008293913
27500.0,3616.182,213.00005111740418,-913476.0921832043
29000.0,3859.1820000000002,216.0001057385554,-934136.5126221012
28000.0,134.982,260.00000330539376,-887741.5722987555
28500.0,148.482,260.00000337940617,-887741.5722987555
28500.0,3629.682,218.000027211399,-884835.36851257
29000.0,4277.682,218.00006007290457,-884874.7410146229
29500.0,2463.2819999999997,220.00006717809498,-884872.2008293913
28000.0,3629.682,213.0000511914166,-913476.0921832043
29500.0,3872.6820000000002,216.0001058125678,-934136.5126221012
28500.0,134.982,280.00000330539376,-890214.3222987555
28500.0,3616.182,238.00002713738658,-887308.11851257
29000.0,4264.182,238.0000599988922,-887347.4910146229
29500.0,2449.7819999999997,240.00006710408258,-887344.9508293913
28000.0,3616.182,233.00005111740418,-915948.8421832043
29500.0,3859.1820000000002,236.0001057385554,-936609.2626221012
29000.0,3629.682,238.000027211399,-887308.11851257
29500.0,4277.682,238.00006007290457,-887347.4910146229
30000.0,2463.2819999999997,240.00006717809498,-887344.9508293913
28500.0,3629.682,233.0000511914166,-915948.8421832043
30000.0,3872.6820000000002,236.0001058125678,-936609.2626221012
29500.0,7758.882,196.0000839048974,-884441.2872284374
30000.0,5944.482,198.00009101008777,-884438.7470432058
28500.0,7110.882,191.00007502340938,-913042.6383970188
30000.0,7353.882,194.0001296445606,-933703.0588359158
30500.0,6592.482,198.0001238715934,-884478.1195452586
29000.0,7758.882,191.000107884915,-913082.0108990716
30500.0,8001.882,194.00016250606618,-933742.4313379686
29500.0,5944.482,193.00011499010537,-913079.47071384
31000.0,6187.482,196.00016961125658,-933739.891152737
29500.0,7353.882,189.0001536245782,-962343.78250655
28500.0,196.21800000000002,240.00000402479432,-885268.8222987555
28500.0,182.71800000000002,260.0000039507819,-887741.5722987555
29000.0,196.21800000000002,260.0000040247943,-887741.5722987555
29000.0,3677.4179999999997,218.0000278567871,-884835.36851257
29500.0,4325.418,218.0000607182927,-884874.7410146229
30000.0,2511.0179999999996,220.0000678234831,-884872.2008293913
28500.0,3677.4179999999997,213.00005183680472,-913476.0921832043
30000.0,3920.418,216.00010645795592,-934136.5126221012
29000.0,196.21800000000002,260.0000040247943,-887741.5722987555
29500.0,209.71800000000002,260.0000040988067,-887741.5722987555
29500.0,3690.9179999999997,218.00002793079952,-884835.36851257
30000.0,4338.918,218.0000607923051,-884874.7410146229
30500.0,2524.5179999999996,220.0000678974955,-884872.2008293913
29000.0,3690.9179999999997,213.00005191081712,-913476.0921832043
30500.0,3933.918,216.0001065319683,-934136.5126221012
29500.0,196.21800000000002,280.0000040247943,-890214.3222987555
29500.0,3677.4179999999997,238.0000278567871,-887308.11851257
30000.0,4325.418,238.0000607182927,-887347.4910146229
30500.0,2511.0179999999996,240.0000678234831,-887344.9508293913
29000.0,3677.4179999999997,233.00005183680472,-915948.8421832043
30500.0,3920.418,236.00010645795592,-936609.2626221012
30000.0,3690.9179999999997,238.00002793079952,-887308.11851257
30500.0,4338.918,238.0000607923051,-887347.4910146229
31000.0,2524.5179999999996,240.0000678974955,-887344.9508293913
29500.0,3690.9179999999997,233.00005191081712,-915948.8421832043
31000.0,3933.918,236.0001065319683,-936609.2626221012
30500.0,7820.1179999999995,196.0000846242979,-884441.2872284374
31000.0,6005.717999999999,198.0000917294883,-884438.7470432058
29500.0,7172.1179999999995,191.0000757428099,-913042.6383970188
31000.0,7415.118,194.00013036396112,-933703.0588359158
31500.0,6653.717999999999,198.00012459099392,-884478.1195452586
30000.0,7820.1179999999995,191.0001086043155,-913082.0108990716
31500.0,8063.118,194.0001632254667,-933742.4313379686
30500.0,6005.717999999999,193.0001157095059,-913079.47071384
32000.0,6248.718,196.0001703306571,-933739.891152737
30500.0,7415.118,189.00015434397872,-962343.78250655
14000.0,60.75,190.0000012212046,-516461.87879532785
14500.0,74.25,190.000001295217,-516461.87879532785
14500.0,3555.45,148.0000251272098,-513555.6750091423
15000.0,4203.45,148.0000579887154,-513595.04751119524
15500.0,2389.0499999999997,150.0000650939058,-513592.5073259635
14000.0,3555.45,143.0000491072274,-542196.3986797766
15500.0,3798.4500000000003,146.0001037283786,-562856.8191186736
14500.0,60.75,210.0000012212046,-518934.62879532785
14500.0,3541.95,168.0000250531974,-516028.4250091423
15000.0,4189.95,168.000057914703,-516067.79751119524
15500.0,2375.5499999999997,170.0000650198934,-516065.2573259635
14000.0,3541.95,163.000049033215,-544669.1486797766
15500.0,3784.9500000000003,166.0001036543662,-565329.5691186736
15000.0,3555.45,168.0000251272098,-516028.4250091423
15500.0,4203.45,168.0000579887154,-516067.79751119524
16000.0,2389.0499999999997,170.0000650939058,-516065.2573259635
14500.0,3555.45,163.0000491072274,-544669.1486797766
16000.0,3798.4500000000003,166.0001037283786,-565329.5691186736
15500.0,7684.65,126.0000818207082,-513161.5937250097
16000.0,5870.25,128.0000889258986,-513159.053539778
14500.0,7036.65,121.0000729392202,-541762.9448935911
16000.0,7279.65,124.0001275603714,-562423.365332488
16500.0,6518.25,128.0001217874042,-513198.4260418309
15000.0,7684.65,121.0001058007258,-541802.317395644
16500.0,7927.65,124.000160421877,-562462.7378345409
15500.0,5870.25,123.0001129059162,-541799.7772104123
17000.0,6113.25,126.0001675270674,-562460.1976493092
15500.0,7279.65,119.000151540389,-591064.0890031223
15000.0,74.25,210.000001295217,-518934.62879532785
15000.0,3555.45,168.0000251272098,-516028.4250091423
15500.0,4203.45,168.0000579887154,-516067.79751119524
16000.0,2389.0499999999997,170.0000650939058,-516065.2573259635
14500.0,3555.45,163.0000491072274,-544669.1486797766
16000.0,3798.4500000000003,166.0001037283786,-565329.5691186736
15500.0,3568.95,168.0000252012222,-516028.4250091423
16000.0,4216.95,168.0000580627278,-516067.79751119524
16500.0,2402.5499999999997,170.0000651679182,-516065.2573259635
15000.0,3568.95,163.0000491812398,-544669.1486797766
16500.0,3811.9500000000003,166.000103802391,-565329.5691186736
16000.0,7698.15,126.0000818947206,-513161.5937250097
16500.0,5883.75,128.000088999911,-513159.053539778
15000.0,7050.15,121.0000730132326,-541762.9448935911
16500.0,7293.15,124.0001276343838,-562423.365332488
17000.0,6531.75,128.0001218614166,-513198.4260418309
15500.0,7698.15,121.0001058747382,-541802.317395644
17000.0,7941.15,124.0001604958894,-562462.7378345409
16000.0,5883.75,123.0001129799286,-541799.7772104123
17500.0,6126.75,126.0001676010798,-562460.1976493092
16000.0,7293.15,119.0001516144014,-591064.0890031223
15500.0,3555.45,188.0000251272098,-518501.1750091423
16000.0,4203.45,188.0000579887154,-518540.54751119524
16500.0,2389.0499999999997,190.0000650939058,-518538.0073259635
15000.0,3555.45,183.0000491072274,-547141.8986797766
16500.0,3798.4500000000003,186.0001037283786,-567802.3191186736
16000.0,7684.65,146.0000818207082,-515634.3437250097
16500.0,5870.25,148.0000889258986,-515631.803539778
15000.0,7036.65,141.0000729392202,-544235.6948935911
16500.0,7279.65,144.0001275603714,-564896.115332488
17000.0,6518.25,148.0001217874042,-515671.1760418309
15500.0,7684.65,141.0001058007258,-544275.067395644
17000.0,7927.65,144.000160421877,-564935.4878345409
16000.0,5870.25,143.0001129059162,-544272.5272104123
17500.0,6113.25,146.0001675270674,-564932.9476493092
16000.0,7279.65,139.000151540389,-593536.8390031223
16500.0,7698.15,146.0000818947206,-515634.3437250097
17000.0,5883.75,148.000088999911,-515631.803539778
15500.0,7050.15,141.0000730132326,-544235.6948935911
17000.0,7293.15,144.0001276343838,-564896.115332488
17500.0,6531.75,148.0001218614166,-515671.1760418309
16000.0,7698.15,141.0001058747382,-544275.067395644
17500.0,7941.15,144.0001604958894,-564935.4878345409
16500.0,5883.75,143.0001129799286,-544272.5272104123
18000.0,6126.75,146.0001676010798,-564932.9476493092
16500.0,7293.15,139.0001516144014,-593536.8390031223
17500.0,10012.949999999999,106.0001456934094,-512764.9722556454
16000.0,11179.349999999999,99.000129706731,-541368.8636094584
17500.0,11422.35,102.0001843278822,-562029.2840483554
16500.0,9364.95,101.0001368119214,-541366.3234242267
18000.0,9607.95,104.0001914330726,-562026.7438631237
16500.0,10774.35,97.0001754463942,-590630.6352169368
17000.0,10012.95,101.000169673427,-541405.6959262796
18500.0,10255.95,104.0002242945782,-562066.1163651766
17000.0,11422.35,97.0002083078998,-590670.0077189897
17500.0,9607.95,99.0002154130902,-590667.467533758
44000.0,283.20000000000005,310.0000063433561,-884797.8222987555
44500.0,296.70000000000005,310.00000641736847,-884797.8222987555
44500.0,283.20000000000005,330.0000063433561,-887270.5722987555
45000.0,296.70000000000005,330.00000641736847,-887270.5722987555
45000.0,3777.8999999999996,288.0000302493613,-884364.36851257
45500.0,4425.9,288.0000631108669,-884403.7410146229
46000.0,2611.5,290.0000702160573,-884401.2008293913
44500.0,3777.8999999999996,283.0000542293789,-913005.0921832043
46000.0,4020.9000000000005,286.00010885053007,-933665.5126221012
29500.0,161.232,240.00000361377877,-885268.8222987555
29500.0,147.732,260.0000035397664,-887741.5722987555
30000.0,161.232,260.0000036137788,-887741.5722987555
30000.0,3642.432,218.0000274457716,-884835.36851257
30500.0,4290.432,218.00006030727718,-884874.7410146229
31000.0,2476.0319999999997,220.0000674124676,-884872.2008293913
29500.0,3642.432,213.0000514257892,-913476.0921832043
31000.0,3885.4320000000002,216.00010604694037,-934136.5126221012
30000.0,161.232,260.0000036137788,-887741.5722987555
30500.0,174.732,260.0000036877912,-887741.5722987555
30500.0,3655.932,218.00002751978397,-884835.36851257
31000.0,4303.932,218.0000603812896,-884874.7410146229
31500.0,2489.5319999999997,220.00006748648,-884872.2008293913
30000.0,3655.932,213.00005149980157,-913476.0921832043
31500.0,3898.9320000000002,216.00010612095278,-934136.5126221012
30500.0,161.232,280.0000036137788,-890214.3222987555
30500.0,3642.432,238.0000274457716,-887308.11851257
31000.0,4290.432,238.00006030727718,-887347.4910146229
31500.0,2476.0319999999997,240.0000674124676,-887344.9508293913
30000.0,3642.432,233.0000514257892,-915948.8421832043
31500.0,3885.4320000000002,236.00010604694037,-936609.2626221012
31000.0,3655.932,238.00002751978397,-887308.11851257
31500.0,4303.932,238.0000603812896,-887347.4910146229
32000.0,2489.5319999999997,240.00006748648,-887344.9508293913
30500.0,3655.932,233.00005149980157,-915948.8421832043
32000.0,3898.9320000000002,236.00010612095278,-936609.2626221012
31500.0,7785.132,196.00008421328238,-884441.2872284374
32000.0,5970.732,198.00009131847278,-884438.7470432058
30500.0,7137.132,191.0000753317944,-913042.6383970188
32000.0,7380.132,194.00012995294557,-933703.0588359158
32500.0,6618.732,198.00012417997837,-884478.1195452586
31000.0,7785.132,191.00010819329998,-913082.0108990716
32500.0,8028.132,194.0001628144512,-933742.4313379686
31500.0,5970.732,193.00011529849039,-913079.47071384
33000.0,6213.732,196.0001699196416,-933739.891152737
31500.0,7380.132,189.00015393296317,-962343.78250655
30500.0,222.46800000000002,240.0000043331793,-885268.8222987555
30500.0,208.96800000000002,260.00000425916693,-887741.5722987555
31000.0,222.46800000000002,260.00000433317933,-887741.5722987555
31000.0,3703.6679999999997,218.00002816517213,-884835.36851257
31500.0,4351.668,218.0000610266777,-884874.7410146229
32000.0,2537.2679999999996,220.00006813186812,-884872.2008293913
30500.0,3703.6679999999997,213.0000521451897,-913476.0921832043
32000.0,3946.668,216.0001067663409,-934136.5126221012
31000.0,222.46800000000002,260.00000433317933,-887741.5722987555
31500.0,235.96800000000002,260.00000440719174,-887741.5722987555
31500.0,3717.1679999999997,218.0000282391845,-884835.36851257
32000.0,4365.168,218.00006110069012,-884874.7410146229
32500.0,2550.7679999999996,220.00006820588052,-884872.2008293913
31000.0,3717.1679999999997,213.0000522192021,-913476.0921832043
32500.0,3960.168,216.0001068403533,-934136.5126221012
31500.0,222.46800000000002,280.00000433317933,-890214.3222987555
31500.0,3703.6679999999997,238.00002816517213,-887308.11851257
32000.0,4351.668,238.0000610266777,-887347.4910146229
32500.0,2537.2679999999996,240.00006813186812,-887344.9508293913
31000.0,3703.6679999999997,233.0000521451897,-915948.8421832043
32500.0,3946.668,236.0001067663409,-936609.2626221012
32000.0,3717.1679999999997,238.0000282391845,-887308.11851257
32500.0,4365.168,238.00006110069012,-887347.4910146229
33000.0,2550.7679999999996,240.00006820588052,-887344.9508293913
31500.0,3717.1679999999997,233.0000522192021,-915948.8421832043
33000.0,3960.168,236.0001068403533,-936609.2626221012
32500.0,7846.3679999999995,196.0000849326829,-884441.2872284374
33000.0,6031.967999999999,198.00009203787332,-884438.7470432058
31500.0,7198.3679999999995,191.00007605119492,-913042.6383970188
33000.0,7441.368,194.0001306723461,-933703.0588359158
33500.0,6679.967999999999,198.0001248993789,-884478.1195452586
32000.0,7846.3679999999995,191.0001089127005,-913082.0108990716
33500.0,8089.368,194.00016353385172,-933742.4313379686
32500.0,6031.967999999999,193.00011601789092,-913079.47071384
34000.0,6274.968,196.00017063904212,-933739.891152737
32500.0,7441.368,189.0001546523637,-962343.78250655
16000.0,87.0,190.0000015295896,-516461.87879532785
16500.0,100.5,190.000001603602,-516461.87879532785
16500.0,3581.7,148.0000254355948,-513555.6750091423
17000.0,4229.7,148.0000582971004,-513595.04751119524
17500.0,2415.2999999999997,150.0000654022908,-513592.5073259635
16000.0,3581.7,143.0000494156124,-542196.3986797766
17500.0,3824.7000000000003,146.0001040367636,-562856.8191186736
16500.0,87.0,210.0000015295896,-518934.62879532785
16500.0,3568.2,168.0000253615824,-516028.4250091423
17000.0,4216.2,168.000058223088,-516067.79751119524
17500.0,2401.7999999999997,170.0000653282784,-516065.2573259635
16000.0,3568.2,163.0000493416,-544669.1486797766
17500.0,3811.2000000000003,166.0001039627512,-565329.5691186736
17000.0,3581.7,168.0000254355948,-516028.4250091423
17500.0,4229.7,168.0000582971004,-516067.79751119524
18000.0,2415.2999999999997,170.0000654022908,-516065.2573259635
16500.0,3581.7,163.0000494156124,-544669.1486797766
18000.0,3824.7000000000003,166.0001040367636,-565329.5691186736
17500.0,7710.9,126.0000821290932,-513161.5937250097
18000.0,5896.5,128.0000892342836,-513159.053539778
16500.0,7062.9,121.0000732476052,-541762.9448935911
18000.0,7305.9,124.0001278687564,-562423.365332488
18500.0,6544.5,128.0001220957892,-513198.4260418309
17000.0,7710.9,121.0001061091108,-541802.317395644
18500.0,7953.9,124.000160730262,-562462.7378345409
17500.0,5896.5,123.0001132143012,-541799.7772104123
19000.0,6139.5,126.0001678354524,-562460.1976493092
17500.0,7305.9,119.000151848774,-591064.0890031223
17000.0,100.5,210.000001603602,-518934.62879532785
17000.0,3581.7,168.0000254355948,-516028.4250091423
17500.0,4229.7,168.0000582971004,-516067.79751119524
18000.0,2415.2999999999997,170.0000654022908,-516065.2573259635
16500.0,3581.7,163.0000494156124,-544669.1486797766
18000.0,3824.7000000000003,166.0001040367636,-565329.5691186736
17500.0,3595.2,168.0000255096072,-516028.4250091423
18000.0,4243.2,168.0000583711128,-516067.79751119524
18500.0,2428.7999999999997,170.0000654763032,-516065.2573259635
17000.0,3595.2,163.0000494896248,-544669.1486797766
18500.0,3838.2000000000003,166.000104110776,-565329.5691186736
18000.0,7724.4,126.0000822031056,-513161.5937250097
18500.0,5910.0,128.000089308296,-513159.053539778
17000.0,7076.4,121.0000733216176,-541762.9448935911
18500.0,7319.4,124.0001279427688,-562423.365332488
19000.0,6558.0,128.0001221698016,-513198.4260418309
17500.0,7724.4,121.0001061831232,-541802.317395644
19000.0,7967.4,124.0001608042744,-562462.7378345409
18000.0,5910.0,123.0001132883136,-541799.7772104123
19500.0,6153.0,126.0001679094648,-562460.1976493092
18000.0,7319.4,119.0001519227864,-591064.0890031223
17500.0,3581.7,188.0000254355948,-518501.1750091423
18000.0,4229.7,188.0000582971004,-518540.54751119524
18500.0,2415.2999999999997,190.0000654022908,-518538.0073259635
17000.0,3581.7,183.0000494156124,-547141.8986797766
18500.0,3824.7000000000003,186.0001040367636,-567802.3191186736
18000.0,7710.9,146.0000821290932,-515634.3437250097
18500.0,5896.5,148.0000892342836,-515631.803539778
17000.0,7062.9,141.0000732476052,-544235.6948935911
18500.0,7305.9,144.0001278687564,-564896.115332488
19000.0,6544.5,148.0001220957892,-515671.1760418309
17500.0,7710.9,141.0001061091108,-544275.067395644
19000.0,7953.9,144.000160730262,-564935.4878345409
18000.0,5896.5,143.0001132143012,-544272.5272104123
19500.0,6139.5,146.0001678354524,-564932.9476493092
18000.0,7305.9,139.000151848774,-593536.8390031223
18500.0,7724.4,146.0000822031056,-515634.3437250097
19000.0,5910.0,148.000089308296,-515631.803539778
17500.0,7076.4,141.0000733216176,-544235.6948935911
19000.0,7319.4,144.0001279427688,-564896.115332488
19500.0,6558.0,148.0001221698016,-515671.1760418309
18000.0,7724.4,141.0001061831232,-544275.067395644
19500.0,7967.4,144.0001608042744,-564935.4878345409
18500.0,5910.0,143.0001132883136,-544272.5272104123
20000.0,6153.0,146.0001679094648,-564932.9476493092
18500.0,7319.4,139.0001519227864,-593536.8390031223
19500.0,10039.199999999999,106.0001460017944,-512764.9722556454
18000.0,11205.599999999999,99.000130015116,-541368.8636094584
19500.0,11448.6,102.0001846362672,-562029.2840483554
18500.0,9391.2,101.0001371203064,-541366.3234242267
20000.0,9634.2,104.0001917414576,-562026.7438631237
18500.0,10800.6,97.0001757547792,-590630.6352169368
19000.0,10039.2,101.000169981812,-541405.6959262796
20500.0,10282.2,104.0002246029632,-562066.1163651766
19000.0,11448.6,97.0002086162848,-590670.0077189897
19500.0,9634.2,99.0002157214752,-590667.467533758
33500.0,241.20000000000002,260.0000052578409,-885268.8222987555
33500.0,227.70000000000002,280.0000051838285,-887741.5722987555
34000.0,241.20000000000002,280.0000052578409,-887741.5722987555
34000.0,3722.3999999999996,238.0000290898337,-884835.36851257
34500.0,4370.4,238.0000619513393,-884874.7410146229
35000.0,2555.9999999999995,240.0000690565297,-884872.2008293913
33500.0,3722.3999999999996,233.0000530698513,-913476.0921832043
35000.0,3965.4,236.00010769100248,-934136.5126221012
34000.0,241.20000000000002,280.0000052578409,-887741.5722987555
34500.0,254.70000000000002,280.0000053318533,-887741.5722987555
34500.0,3735.8999999999996,238.0000291638461,-884835.36851257
35000.0,4383.9,238.0000620253517,-884874.7410146229
35500.0,2569.4999999999995,240.0000691305421,-884872.2008293913
34000.0,3735.8999999999996,233.0000531438637,-913476.0921832043
35500.0,3978.9,236.0001077650149,-934136.5126221012
34500.0,241.20000000000002,300.0000052578409,-890214.3222987555
34500.0,3722.3999999999996,258.0000290898337,-887308.11851257
35000.0,4370.4,258.0000619513393,-887347.4910146229
35500.0,2555.9999999999995,260.0000690565297,-887344.9508293913
34000.0,3722.3999999999996,253.0000530698513,-915948.8421832043
35500.0,3965.4,256.0001076910025,-936609.2626221012
35000.0,3735.8999999999996,258.0000291638461,-887308.11851257
35500.0,4383.9,258.0000620253517,-887347.4910146229
36000.0,2569.4999999999995,260.0000691305421,-887344.9508293913
34500.0,3735.8999999999996,253.0000531438637,-915948.8421832043
36000.0,3978.9,256.0001077650149,-936609.2626221012
35500.0,7865.099999999999,216.0000858573445,-884441.2872284374
36000.0,6050.699999999999,218.0000929625349,-884438.7470432058
34500.0,7217.099999999999,211.0000769758565,-913042.6383970188
36000.0,7460.1,214.0001315970077,-933703.0588359158
36500.0,6698.699999999999,218.0001258240405,-884478.1195452586
35000.0,7865.099999999999,211.0001098373621,-913082.0108990716
36500.0,8108.1,214.0001644585133,-933742.4313379686
35500.0,6050.699999999999,213.0001169425525,-913079.47071384
37000.0,6293.7,216.0001715637037,-933739.891152737
35500.0,7460.1,209.00015557702528,-962343.78250655
19000.0,105.732,210.0000024542512,-888212.5722987555
19500.0,119.232,210.0000025282636,-888212.5722987555
19500.0,3600.432,168.00002636025638,-885306.36851257
20000.0,4248.432,168.00005922176197,-885345.7410146229
20500.0,2434.0319999999997,170.00006632695238,-885343.2008293913
19000.0,3600.432,163.000050340274,-913947.0921832043
20500.0,3843.4320000000002,166.0001049614252,-934607.5126221012
19500.0,105.732,230.0000024542512,-890685.3222987555
19500.0,3586.932,188.00002628624398,-887779.11851257
20000.0,4234.932,188.0000591477496,-887818.4910146229
20500.0,2420.5319999999997,190.00006625293997,-887815.9508293913
19000.0,3586.932,183.00005026626158,-916419.8421832043
20500.0,3829.9320000000002,186.0001048874128,-937080.2626221012
20000.0,3600.432,188.00002636025638,-887779.11851257
20500.0,4248.432,188.00005922176197,-887818.4910146229
21000.0,2434.0319999999997,190.00006632695238,-887815.9508293913
19500.0,3600.432,183.000050340274,-916419.8421832043
21000.0,3843.4320000000002,186.0001049614252,-937080.2626221012
20500.0,7729.632,146.0000830537548,-884912.2872284374
21000.0,5915.232,148.00009015894517,-884909.7470432058
19500.0,7081.632,141.00007417226678,-913513.6383970188
21000.0,7324.632,144.00012879341799,-934174.0588359158
21500.0,6563.232,148.0001230204508,-884949.1195452586
20000.0,7729.632,141.0001070337724,-913553.0108990716
21500.0,7972.632,144.00016165492357,-934213.4313379686
20500.0,5915.232,143.00011413896277,-913550.47071384
22000.0,6158.232,146.00016876011398,-934210.891152737
20500.0,7324.632,139.0001527734356,-962814.78250655
20000.0,119.232,230.0000025282636,-890685.3222987555
20000.0,3600.432,188.00002636025638,-887779.11851257
20500.0,4248.432,188.00005922176197,-887818.4910146229
21000.0,2434.0319999999997,190.00006632695238,-887815.9508293913
19500.0,3600.432,183.000050340274,-916419.8421832043
21000.0,3843.4320000000002,186.0001049614252,-937080.2626221012
20500.0,3613.932,188.0000264342688,-887779.11851257
21000.0,4261.932,188.00005929577438,-887818.4910146229
21500.0,2447.5319999999997,190.00006640096478,-887815.9508293913
20000.0,3613.932,183.0000504142864,-916419.8421832043
21500.0,3856.9320000000002,186.00010503543757,-937080.2626221012
21000.0,7743.132,146.0000831277672,-884912.2872284374
21500.0,5928.732,148.00009023295758,-884909.7470432058
20000.0,7095.132,141.00007424627918,-913513.6383970188
21500.0,7338.132,144.0001288674304,-934174.0588359158
22000.0,6576.732,148.0001230944632,-884949.1195452586
20500.0,7743.132,141.00010710778477,-913553.0108990716
22000.0,7986.132,144.00016172893598,-934213.4313379686
21000.0,5928.732,143.00011421297518,-913550.47071384
22500.0,6171.732,146.00016883412638,-934210.891152737
21000.0,7338.132,139.000152847448,-962814.78250655
20500.0,3600.432,208.00002636025638,-890251.86851257
21000.0,4248.432,208.00005922176197,-890291.2410146229
21500.0,2434.0319999999997,210.00006632695238,-890288.7008293913
20000.0,3600.432,203.000050340274,-918892.5921832043
21500.0,3843.4320000000002,206.0001049614252,-939553.0126221012
21000.0,7729.632,166.0000830537548,-887385.0372284374
21500.0,5915.232,168.00009015894517,-887382.4970432058
20000.0,7081.632,161.00007417226678,-915986.3883970188
21500.0,7324.632,164.00012879341799,-936646.8088359158
22000.0,6563.232,168.0001230204508,-887421.8695452586
20500.0,7729.632,161.0001070337724,-916025.7608990716
22000.0,7972.632,164.00016165492357,-936686.1813379686
21000.0,5915.232,163.00011413896277,-916023.22071384
22500.0,6158.232,166.00016876011398,-936683.641152737
21000.0,7324.632,159.0001527734356,-965287.53250655
21500.0,7743.132,166.0000831277672,-887385.0372284374
22000.0,5928.732,168.00009023295758,-887382.4970432058
20500.0,7095.132,161.00007424627918,-915986.3883970188
22000.0,7338.132,164.0001288674304,-936646.8088359158
22500.0,6576.732,168.0001230944632,-887421.8695452586
21000.0,7743.132,161.00010710778477,-916025.7608990716
22500.0,7986.132,164.00016172893598,-936686.1813379686
21500.0,5928.732,163.00011421297518,-916023.22071384
23000.0,6171.732,166.00016883412638,-936683.641152737
21500.0,7338.132,159.000152847448,-965287.53250655
22500.0,10057.931999999999,126.00014692645598,-884515.6657590731
21000.0,11224.331999999999,119.00013093977758,-913119.5571128861
22500.0,11467.332,122.00018556092878,-933779.9775517831
21500.0,9409.932,121.00013804496798,-913117.0169276545
23000.0,9652.932,124.00019266611919,-933777.4373665515
21500.0,10819.332,117.00017667944078,-962381.3287203645
22000.0,10057.932,121.00017090647358,-913156.3894297073
23500.0,10300.932,124.00022552762478,-933816.8098686043
22000.0,11467.332,117.00020954094639,-962420.7012224173
22500.0,9652.932,119.00021664613678,-962418.1610371857
20000.0,166.96800000000002,210.00000317365172,-888212.5722987555
20500.0,180.46800000000002,210.00000324766413,-888212.5722987555
20500.0,3661.6679999999997,168.00002707965692,-885306.36851257
21000.0,4309.668,168.0000599411625,-885345.7410146229
21500.0,2495.2679999999996,170.0000670463529,-885343.2008293913
20000.0,3661.6679999999997,163.00005105967452,-913947.0921832043
21500.0,3904.668,166.00010568082573,-934607.5126221012
20500.0,166.96800000000002,230.00000317365172,-890685.3222987555
20500.0,3648.1679999999997,188.0000270056445,-887779.11851257
21000.0,4296.168,188.0000598671501,-887818.4910146229
21500.0,2481.7679999999996,190.0000669723405,-887815.9508293913
20000.0,3648.1679999999997,183.0000509856621,-916419.8421832043
21500.0,3891.168,186.00010560681332,-937080.2626221012
21000.0,3661.6679999999997,188.00002707965692,-887779.11851257
21500.0,4309.668,188.0000599411625,-887818.4910146229
22000.0,2495.2679999999996,190.0000670463529,-887815.9508293913
20500.0,3661.6679999999997,183.00005105967452,-916419.8421832043
22000.0,3904.668,186.00010568082573,-937080.2626221012
21500.0,7790.8679999999995,146.00008377315532,-884912.2872284374
22000.0,5976.467999999999,148.0000908783457,-884909.7470432058
20500.0,7142.8679999999995,141.0000748916673,-913513.6383970188
22000.0,7385.868,144.00012951281852,-934174.0588359158
22500.0,6624.467999999999,148.00012373985132,-884949.1195452586
21000.0,7790.8679999999995,141.0001077531729,-913553.0108990716
22500.0,8033.868,144.0001623743241,-934213.4313379686
21500.0,5976.467999999999,143.0001148583633,-913550.47071384
23000.0,6219.468,146.0001694795145,-934210.891152737
21500.0,7385.868,139.00015349283612,-962814.78250655
21000.0,180.46800000000002,230.00000324766413,-890685.3222987555
21000.0,3661.6679999999997,188.00002707965692,-887779.11851257
21500.0,4309.668,188.0000599411625,-887818.4910146229
22000.0,2495.2679999999996,190.0000670463529,-887815.9508293913
20500.0,3661.6679999999997,183.00005105967452,-916419.8421832043
22000.0,3904.668,186.00010568082573,-937080.2626221012
21500.0,3675.1679999999997,188.00002715366932,-887779.11851257
22000.0,4323.168,188.0000600151749,-887818.4910146229
22500.0,2508.7679999999996,190.00006712036532,-887815.9508293913
21000.0,3675.1679999999997,183.00005113368692,-916419.8421832043
22500.0,3918.168,186.0001057548381,-937080.2626221012
22000.0,7804.3679999999995,146.0000838471677,-884912.2872284374
22500.0,5989.967999999999,148.0000909523581,-884909.7470432058
21000.0,7156.3679999999995,141.00007496567972,-913513.6383970188
22500.0,7399.368,144.00012958683092,-934174.0588359158
23000.0,6637.967999999999,148.00012381386372,-884949.1195452586
21500.0,7804.3679999999995,141.0001078271853,-913553.0108990716
23000.0,8047.368,144.0001624483365,-934213.4313379686
22000.0,5989.967999999999,143.0001149323757,-913550.47071384
23500.0,6232.968,146.00016955352692,-934210.891152737
22000.0,7399.368,139.00015356684852,-962814.78250655
21500.0,3661.6679999999997,208.00002707965692,-890251.86851257
22000.0,4309.668,208.0000599411625,-890291.2410146229
22500.0,2495.2679999999996,210.0000670463529,-890288.7008293913
21000.0,3661.6679999999997,203.00005105967452,-918892.5921832043
22500.0,3904.668,206.00010568082573,-939553.0126221012
22000.0,7790.8679999999995,166.00008377315532,-887385.0372284374
22500.0,5976.467999999999,168.0000908783457,-887382.4970432058
21000.0,7142.8679999999995,161.0000748916673,-915986.3883970188
22500.0,7385.868,164.00012951281852,-936646.8088359158
23000.0,6624.467999999999,168.00012373985132,-887421.8695452586
21500.0,7790.8679999999995,161.0001077531729,-916025.7608990716
23000.0,8033.868,164.0001623743241,-936686.1813379686
22000.0,5976.467999999999,163.0001148583633,-916023.22071384
23500.0,6219.468,166.0001694795145,-936683.641152737
22000.0,7385.868,159.00015349283612,-965287.53250655
22500.0,7804.3679999999995,166.0000838471677,-887385.0372284374
23000.0,5989.967999999999,168.0000909523581,-887382.4970432058
21500.0,7156.3679999999995,161.00007496567972,-915986.3883970188
23000.0,7399.368,164.00012958683092,-936646.8088359158
23500.0,6637.967999999999,168.00012381386372,-887421.8695452586
22000.0,7804.3679999999995,161.0001078271853,-916025.7608990716
23500.0,8047.368,164.0001624483365,-936686.1813379686
22500.0,5989.967999999999,163.0001149323757,-916023.22071384
24000.0,6232.968,166.00016955352692,-936683.641152737
22500.0,7399.368,159.00015356684852,-965287.53250655
23500.0,10119.168,126.00014764585652,-884515.6657590731
22000.0,11285.568,119.00013165917811,-913119.5571128861
23500.0,11528.568,122.00018628032932,-933779.9775517831
22500.0,9471.167999999998,121.00013876436851,-913117.0169276545
24000.0,9714.168,124.00019338551971,-933777.4373665515
22500.0,10880.568,117.00017739884132,-962381.3287203645
23000.0,10119.167999999998,121.00017162587412,-913156.3894297073
24500.0,10362.168,124.00022624702531,-933816.8098686043
23000.0,11528.568,117.00021026034692,-962420.7012224173
23500.0,9714.168,119.00021736553731,-962418.1610371857
6000.0,45.0,160.0000004440744,-7300.5
6000.0,3526.2,118.0000242760672,-4394.296213814484
6500.0,4174.2,118.0000571375728,-4433.668715867371
7000.0,2359.7999999999997,120.0000642427632,-4431.128530635694
5500.0,3526.2,113.0000482560848,-33035.01988444874
7000.0,3769.2000000000003,116.000102877236,-53695.44032334568
6500.0,3539.7,118.0000243500796,-4394.296213814484
7000.0,4187.7,118.0000572115852,-4433.668715867371
7500.0,2373.2999999999997,120.0000643167756,-4431.128530635694
6000.0,3539.7,113.0000483300972,-33035.01988444874
7500.0,3782.7000000000003,116.0001029512484,-53695.44032334568
7000.0,7668.9,76.000081043578,-1527.4649296818545
7500.0,5854.5,78.0000881487684,-1524.924744450177
6000.0,7020.9,71.00007216209,-30128.81609826322
7500.0,7263.9,74.0001267832412,-50789.23653716017
8000.0,6502.5,78.000121010274,-1564.2972465030646
6500.0,7668.9,71.0001050235956,-30168.18860031611
8000.0,7911.9,74.0001596447468,-50828.60903921306
7000.0,5854.5,73.000112128786,-30165.648415084434
8500.0,6097.5,76.0001667499372,-50826.06885398138
7000.0,7263.9,69.0001507632588,-79429.96020779441
6500.0,3526.2,138.0000242760672,-6867.046213814484
7000.0,4174.2,138.0000571375728,-6906.418715867371
7500.0,2359.7999999999997,140.0000642427632,-6903.878530635694
6000.0,3526.2,133.0000482560848,-35507.76988444874
7500.0,3769.2000000000003,136.000102877236,-56168.19032334568
7000.0,7655.4,96.0000809695656,-4000.2149296818548
7500.0,5841.0,98.000088074756,-3997.674744450177
6000.0,7007.4,91.0000720880776,-32601.56609826322
7500.0,7250.4,94.0001267092288,-53261.98653716017
8000.0,6489.0,98.0001209362616,-4037.047246503065
6500.0,7655.4,91.0001049495832,-32640.93860031611
8000.0,7898.4,94.0001595707344,-53301.35903921306
7000.0,5841.0,93.0001120547736,-32638.398415084434
8500.0,6084.0,96.0001666759248,-53298.81885398138
7000.0,7250.4,89.0001506892464,-81902.71020779441
7500.0,7668.9,96.000081043578,-4000.2149296818548
8000.0,5854.5,98.0000881487684,-3997.674744450177
6500.0,7020.9,91.00007216209,-32601.56609826322
8000.0,7263.9,94.0001267832412,-53261.98653716017
8500.0,6502.5,98.000121010274,-4037.047246503065
7000.0,7668.9,91.0001050235956,-32640.93860031611
8500.0,7911.9,94.0001596447468,-53301.35903921306
7500.0,5854.5,93.000112128786,-32638.398415084434
9000.0,6097.5,96.0001667499372,-53298.81885398138
7500.0,7263.9,89.0001507632588,-81902.71020779441
8500.0,9983.699999999999,56.0001448422668,-1130.843460317548
7000.0,11150.099999999999,49.0001288555884,-29734.734814130592
8500.0,11393.1,52.0001834767396,-50395.15525302754
7500.0,9335.7,51.0001359607788,-29732.194628898917
9000.0,9578.7,54.00019058193,-50392.61506779586
7500.0,10745.1,47.0001745952516,-78996.50642160891
8000.0,9983.7,51.0001688222844,-29771.567130951804
9500.0,10226.7,54.0002234434356,-50431.987569848745
8000.0,11393.1,47.0002074567572,-79035.87892366179
8500.0,9578.7,49.0002145619476,-79033.33873843012
7000.0,3539.7,138.0000243500796,-6867.046213814484
7500.0,4187.7,138.0000572115852,-6906.418715867371
8000.0,2373.2999999999997,140.0000643167756,-6903.878530635694
6500.0,3539.7,133.0000483300972,-35507.76988444874
8000.0,3782.7000000000003,136.0001029512484,-56168.19032334568
7500.0,7668.9,96.000081043578,-4000.2149296818548
8000.0,5854.5,98.0000881487684,-3997.674744450177
6500.0,7020.9,91.00007216209,-32601.56609826322
8000.0,7263.9,94.0001267832412,-53261.98653716017
8500.0,6502.5,98.000121010274,-4037.047246503065
7000.0,7668.9,91.0001050235956,-32640.93860031611
8500.0,7911.9,94.0001596447468,-53301.35903921306
7500.0,5854.5,93.000112128786,-32638.398415084434
9000.0,6097.5,96.0001667499372,-53298.81885398138
7500.0,7263.9,89.0001507632588,-81902.71020779441
8000.0,7682.4,96.0000811175904,-4000.2149296818548
8500.0,5868.0,98.0000882227808,-3997.674744450177
7000.0,7034.4,91.0000722361024,-32601.56609826322
8500.0,7277.4,94.0001268572536,-53261.98653716017
9000.0,6516.0,98.0001210842864,-4037.047246503065
7500.0,7682.4,91.000105097608,-32640.93860031611
9000.0,7925.4,94.0001597187592,-53301.35903921306
8000.0,5868.0,93.0001122027984,-32638.398415084434
9500.0,6111.0,96.0001668239496,-53298.81885398138
8000.0,7277.4,89.0001508372712,-81902.71020779441
9000.0,9997.199999999999,56.0001449162792,-1130.843460317548
7500.0,11163.599999999999,49.0001289296008,-29734.734814130592
9000.0,11406.6,52.000183550752,-50395.15525302754
8000.0,9349.2,51.0001360347912,-29732.194628898917
9500.0,9592.2,54.0001906559424,-50392.61506779586
8000.0,10758.6,47.000174669264,-78996.50642160891
8500.0,9997.2,51.0001688962968,-29771.567130951804
10000.0,10240.2,54.000223517448,-50431.987569848745
8500.0,11406.6,47.0002075307696,-79035.87892366179
9000.0,9592.2,49.00021463596,-79033.33873843012
8000.0,7668.9,116.000081043578,-8945.714929681853
8500.0,5854.5,118.0000881487684,-8943.174744450176
7000.0,7020.9,111.00007216209,-37547.066098263225
8500.0,7263.9,114.0001267832412,-58207.48653716016
9000.0,6502.5,118.000121010274,-8982.547246503063
7500.0,7668.9,111.0001050235956,-37586.438600316105
9000.0,7911.9,114.0001596447468,-58246.85903921306
8000.0,5854.5,113.000112128786,-37583.89841508443
9500.0,6097.5,116.0001667499372,-58244.31885398138
8000.0,7263.9,109.0001507632588,-86848.21020779441
9000.0,9983.699999999999,76.0001448422668,-6076.343460317549
7500.0,11150.099999999999,69.0001288555884,-34680.23481413059
9000.0,11393.1,72.0001834767396,-55340.65525302754
8000.0,9335.7,71.0001359607788,-34677.69462889891
9500.0,9578.7,74.00019058193,-55338.115067795865
8000.0,10745.1,67.0001745952516,-83942.00642160891
8500.0,9983.7,71.0001688222844,-34717.06713095181
10000.0,10226.7,74.0002234434356,-55377.487569848745
8500.0,11393.1,67.0002074567572,-83981.3789236618
9000.0,9578.7,69.0002145619476,-83978.83873843012
9500.0,9997.199999999999,76.0001449162792,-6076.343460317549
8000.0,11163.599999999999,69.0001289296008,-34680.23481413059
9500.0,11406.6,72.000183550752,-55340.65525302754
8500.0,9349.2,71.0001360347912,-34677.69462889891
10000.0,9592.2,74.0001906559424,-55338.115067795865
8500.0,10758.6,67.000174669264,-83942.00642160891
9000.0,9997.2,71.0001688962968,-34717.06713095181
10500.0,10240.2,74.000223517448,-55377.487569848745
9000.0,11406.6,67.0002075307696,-83981.3789236618
9500.0,9592.2,69.00021463596,-83978.83873843012
9000.0,13478.399999999998,29.0001927282896,-28904.65955858077
10500.0,13721.4,32.0002473494408,-49565.07999747772
9000.0,14887.8,25.0002313627624,-78168.97135129076
9500.0,13073.400000000001,27.0002384679528,-78166.43116605908
10000.0,13721.400000000001,27.0002713294584,-78245.17617016486
54000.0,316.95000000000005,390.00000726851107,-884797.8222987555
54500.0,330.45000000000005,390.0000073425235,-884797.8222987555
54500.0,316.95000000000005,410.00000726851107,-887270.5722987555
55000.0,330.45000000000005,410.0000073425235,-887270.5722987555
55000.0,3811.6499999999996,368.0000311745163,-884364.36851257
55500.0,4459.65,368.0000640360219,-884403.7410146229
56000.0,2645.25,370.0000711412123,-884401.2008293913
54500.0,3811.6499999999996,363.00005515453387,-913005.0921832043
56000.0,4054.6500000000005,366.0001097756851,-933665.5126221012
39500.0,194.982,320.0000045389338,-885268.8222987555
39500.0,181.482,340.0000044649214,-887741.5722987555
40000.0,194.982,340.0000045389338,-887741.5722987555
40000.0,3676.182,298.0000283709266,-884835.36851257
40500.0,4324.182,298.0000612324322,-884874.7410146229
41000.0,2509.7819999999997,300.00006833762257,-884872.2008293913
39500.0,3676.182,293.0000523509442,-913476.0921832043
41000.0,3919.1820000000002,296.0001069720954,-934136.5126221012
40000.0,194.982,340.0000045389338,-887741.5722987555
40500.0,208.482,340.00000461294616,-887741.5722987555
40500.0,3689.682,298.000028444939,-884835.36851257
41000.0,4337.682,298.0000613064446,-884874.7410146229
41500.0,2523.2819999999997,300.00006841163497,-884872.2008293913
40000.0,3689.682,293.0000524249566,-913476.0921832043
41500.0,3932.6820000000002,296.00010704610776,-934136.5126221012
40500.0,194.982,360.0000045389338,-890214.3222987555
40500.0,3676.182,318.0000283709266,-887308.11851257
41000.0,4324.182,318.0000612324322,-887347.4910146229
41500.0,2509.7819999999997,320.00006833762257,-887344.9508293913
40000.0,3676.182,313.0000523509442,-915948.8421832043
41500.0,3919.1820000000002,316.0001069720954,-936609.2626221012
41000.0,3689.682,318.000028444939,-887308.11851257
41500.0,4337.682,318.0000613064446,-887347.4910146229
42000.0,2523.2819999999997,320.00006841163497,-887344.9508293913
40500.0,3689.682,313.0000524249566,-915948.8421832043
42000.0,3932.6820000000002,316.00010704610776,-936609.2626221012
41500.0,7818.882,276.0000851384374,-884441.2872284374
42000.0,6004.482,278.00009224362776,-884438.7470432058
40500.0,7170.882,271.0000762569494,-913042.6383970188
42000.0,7413.882,274.0001308781006,-933703.0588359158
42500.0,6652.482,278.0001251051334,-884478.1195452586
41000.0,7818.882,271.000109118455,-913082.0108990716
42500.0,8061.882,274.0001637396062,-933742.4313379686
41500.0,6004.482,273.00011622364536,-913079.47071384
43000.0,6247.482,276.00017084479657,-933739.891152737
41500.0,7413.882,269.0001548581182,-962343.78250655
40500.0,256.218,320.00000525833434,-885268.8222987555
40500.0,242.71800000000002,340.00000518432194,-887741.5722987555
41000.0,256.218,340.00000525833434,-887741.5722987555
41000.0,3737.4179999999997,298.00002909032713,-884835.36851257
41500.0,4385.418,298.0000619518327,-884874.7410146229
42000.0,2571.0179999999996,300.0000690570231,-884872.2008293913
40500.0,3737.4179999999997,293.00005307034473,-913476.0921832043
42000.0,3980.418,296.0001076914959,-934136.5126221012
41000.0,256.218,340.00000525833434,-887741.5722987555
41500.0,269.718,340.0000053323467,-887741.5722987555
41500.0,3750.9179999999997,298.00002916433954,-884835.36851257
42000.0,4398.918,298.0000620258451,-884874.7410146229
42500.0,2584.5179999999996,300.0000691310355,-884872.2008293913
41000.0,3750.9179999999997,293.00005314435714,-913476.0921832043
42500.0,3993.918,296.0001077655083,-934136.5126221012
41500.0,256.218,360.00000525833434,-890214.3222987555
41500.0,3737.4179999999997,318.00002909032713,-887308.11851257
42000.0,4385.418,318.0000619518327,-887347.4910146229
42500.0,2571.0179999999996,320.0000690570231,-887344.9508293913
41000.0,3737.4179999999997,313.00005307034473,-915948.8421832043
42500.0,3980.418,316.0001076914959,-936609.2626221012
42000.0,3750.9179999999997,318.00002916433954,-887308.11851257
42500.0,4398.918,318.0000620258451,-887347.4910146229
43000.0,2584.5179999999996,320.0000691310355,-887344.9508293913
41500.0,3750.9179999999997,313.00005314435714,-915948.8421832043
43000.0,3993.918,316.0001077655083,-936609.2626221012
42500.0,7880.1179999999995,276.0000858578379,-884441.2872284374
43000.0,6065.717999999999,278.0000929630283,-884438.7470432058
41500.0,7232.1179999999995,271.00007697634993,-913042.6383970188
43000.0,7475.118,274.00013159750114,-933703.0588359158
43500.0,6713.717999999999,278.00012582453394,-884478.1195452586
42000.0,7880.1179999999995,271.0001098378555,-913082.0108990716
43500.0,8123.118,274.0001644590067,-933742.4313379686
42500.0,6065.717999999999,273.0001169430459,-913079.47071384
44000.0,6308.718,276.0001715641971,-933739.891152737
42500.0,7475.118,269.00015557751874,-962343.78250655
26000.0,120.75,270.0000024547446,-516461.87879532785
26500.0,134.25,270.000002528757,-516461.87879532785
26500.0,3615.45,228.0000263607498,-513555.6750091423
27000.0,4263.45,228.0000592222554,-513595.04751119524
27500.0,2449.0499999999997,230.0000663274458,-513592.5073259635
26000.0,3615.45,223.0000503407674,-542196.3986797766
27500.0,3858.4500000000003,226.0001049619186,-562856.8191186736
26500.0,120.75,290.0000024547446,-518934.62879532785
26500.0,3601.95,248.0000262867374,-516028.4250091423
27000.0,4249.95,248.000059148243,-516067.79751119524
27500.0,2435.5499999999997,250.0000662534334,-516065.2573259635
26000.0,3601.95,243.000050266755,-544669.1486797766
27500.0,3844.9500000000003,246.0001048879062,-565329.5691186736
27000.0,3615.45,248.0000263607498,-516028.4250091423
27500.0,4263.45,248.0000592222554,-516067.79751119524
28000.0,2449.0499999999997,250.0000663274458,-516065.2573259635
26500.0,3615.45,243.0000503407674,-544669.1486797766
28000.0,3858.4500000000003,246.0001049619186,-565329.5691186736
27500.0,7744.65,206.0000830542482,-513161.5937250097
28000.0,5930.25,208.0000901594386,-513159.053539778
26500.0,7096.65,201.0000741727602,-541762.9448935911
28000.0,7339.65,204.0001287939114,-562423.365332488
28500.0,6578.25,208.0001230209442,-513198.4260418309
27000.0,7744.65,201.0001070342658,-541802.317395644
28500.0,7987.65,204.000161655417,-562462.7378345409
27500.0,5930.25,203.0001141394562,-541799.7772104123
29000.0,6173.25,206.0001687606074,-562460.1976493092
27500.0,7339.65,199.000152773929,-591064.0890031223
27000.0,134.25,290.000002528757,-518934.62879532785
27000.0,3615.45,248.0000263607498,-516028.4250091423
27500.0,4263.45,248.0000592222554,-516067.79751119524
28000.0,2449.0499999999997,250.0000663274458,-516065.2573259635
26500.0,3615.45,243.0000503407674,-544669.1486797766
28000.0,3858.4500000000003,246.0001049619186,-565329.5691186736
27500.0,3628.95,248.0000264347622,-516028.4250091423
28000.0,4276.95,248.0000592962678,-516067.79751119524
28500.0,2462.5499999999997,250.0000664014582,-516065.2573259635
27000.0,3628.95,243.0000504147798,-544669.1486797766
28500.0,3871.9500000000003,246.000105035931,-565329.5691186736
28000.0,7758.15,206.0000831282606,-513161.5937250097
28500.0,5943.75,208.000090233451,-513159.053539778
27000.0,7110.15,201.0000742467726,-541762.9448935911
28500.0,7353.15,204.0001288679238,-562423.365332488
29000.0,6591.75,208.0001230949566,-513198.4260418309
27500.0,7758.15,201.0001071082782,-541802.317395644
29000.0,8001.15,204.0001617294294,-562462.7378345409
28000.0,5943.75,203.0001142134686,-541799.7772104123
29500.0,6186.75,206.0001688346198,-562460.1976493092
28000.0,7353.15,199.0001528479414,-591064.0890031223
27500.0,3615.45,268.0000263607498,-518501.1750091423
28000.0,4263.45,268.0000592222554,-518540.54751119524
28500.0,2449.0499999999997,270.0000663274458,-518538.0073259635
27000.0,3615.45,263.0000503407674,-547141.8986797766
28500.0,3858.4500000000003,266.0001049619186,-567802.3191186736
28000.0,7744.65,226.0000830542482,-515634.3437250097
28500.0,5930.25,228.0000901594386,-515631.803539778
27000.0,7096.65,221.0000741727602,-544235.6948935911
28500.0,7339.65,224.0001287939114,-564896.115332488
29000.0,6578.25,228.0001230209442,-515671.1760418309
27500.0,7744.65,221.0001070342658,-544275.067395644
29000.0,7987.65,224.000161655417,-564935.4878345409
28000.0,5930.25,223.0001141394562,-544272.5272104123
29500.0,6173.25,226.0001687606074,-564932.9476493092
28000.0,7339.65,219.000152773929,-593536.8390031223
28500.0,7758.15,226.0000831282606,-515634.3437250097
29000.0,5943.75,228.000090233451,-515631.803539778
27500.0,7110.15,221.0000742467726,-544235.6948935911
29000.0,7353.15,224.0001288679238,-564896.115332488
29500.0,6591.75,228.0001230949566,-515671.1760418309
28000.0,7758.15,221.0001071082782,-544275.067395644
29500.0,8001.15,224.0001617294294,-564935.4878345409
28500.0,5943.75,223.0001142134686,-544272.5272104123
30000.0,6186.75,226.0001688346198,-564932.9476493092
28500.0,7353.15,219.0001528479414,-593536.8390031223
29500.0,10072.949999999999,186.0001469269494,-512764.9722556454
28000.0,11239.349999999999,179.000130940271,-541368.8636094584
29500.0,11482.35,182.0001855614222,-562029.2840483554
28500.0,9424.95,181.0001380454614,-541366.3234242267
30000.0,9667.95,184.0001926666126,-562026.7438631237
28500.0,10834.35,177.0001766799342,-590630.6352169368
29000.0,10072.95,181.000170906967,-541405.6959262796
30500.0,10315.95,184.0002255281182,-562066.1163651766
29000.0,11482.35,177.0002095414398,-590670.0077189897
29500.0,9667.95,179.0002166466302,-590667.467533758
43500.0,274.95000000000005,340.0000061829959,-885268.8222987555
43500.0,261.45000000000005,360.0000061089835,-887741.5722987555
44000.0,274.95000000000005,360.0000061829959,-887741.5722987555
44000.0,3756.1499999999996,318.0000300149887,-884835.36851257
44500.0,4404.15,318.00006287649427,-884874.7410146229
45000.0,2589.75,320.0000699816847,-884872.2008293913
43500.0,3756.1499999999996,313.0000539950063,-913476.0921832043
45000.0,3999.1500000000005,316.0001086161575,-934136.5126221012
44000.0,274.95000000000005,360.0000061829959,-887741.5722987555
44500.0,288.45000000000005,360.0000062570083,-887741.5722987555
44500.0,3769.6499999999996,318.0000300890011,-884835.36851257
45000.0,4417.65,318.0000629505067,-884874.7410146229
45500.0,2603.25,320.0000700556971,-884872.2008293913
44000.0,3769.6499999999996,313.0000540690187,-913476.0921832043
45500.0,4012.6500000000005,316.0001086901699,-934136.5126221012
44500.0,274.95000000000005,380.0000061829959,-890214.3222987555
44500.0,3756.1499999999996,338.0000300149887,-887308.11851257
45000.0,4404.15,338.00006287649427,-887347.4910146229
45500.0,2589.75,340.0000699816847,-887344.9508293913
44000.0,3756.1499999999996,333.0000539950063,-915948.8421832043
45500.0,3999.1500000000005,336.0001086161575,-936609.2626221012
45000.0,3769.6499999999996,338.0000300890011,-887308.11851257
45500.0,4417.65,338.0000629505067,-887347.4910146229
46000.0,2603.25,340.0000700556971,-887344.9508293913
44500.0,3769.6499999999996,333.0000540690187,-915948.8421832043
46000.0,4012.6500000000005,336.0001086901699,-936609.2626221012
45500.0,7898.849999999999,296.0000867824995,-884441.2872284374
46000.0,6084.449999999999,298.0000938876899,-884438.7470432058
44500.0,7250.849999999999,291.0000779010115,-913042.6383970188
46000.0,7493.85,294.0001325221627,-933703.0588359158
46500.0,6732.449999999999,298.0001267491955,-884478.1195452586
45000.0,7898.849999999999,291.0001107625171,-913082.0108990716
46500.0,8141.85,294.0001653836683,-933742.4313379686
45500.0,6084.449999999999,293.0001178677075,-913079.47071384
47000.0,6327.45,296.0001724888587,-933739.891152737
45500.0,7493.85,289.0001565021803,-962343.78250655
29000.0,139.482,290.00000337940617,-888212.5722987555
29500.0,152.982,290.00000345341857,-888212.5722987555
29500.0,3634.182,248.0000272854114,-885306.36851257
30000.0,4282.182,248.00006014691698,-885345.7410146229
30500.0,2467.7819999999997,250.00006725210739,-885343.2008293913
29000.0,3634.182,243.000051265429,-913947.0921832043
30500.0,3877.1820000000002,246.00010588658017,-934607.5126221012
29500.0,139.482,310.00000337940617,-890685.3222987555
29500.0,3620.682,268.00002721139896,-887779.11851257
30000.0,4268.682,268.0000600729046,-887818.4910146229
30500.0,2454.2819999999997,270.000067178095,-887815.9508293913
29000.0,3620.682,263.00005119141656,-916419.8421832043
30500.0,3863.6820000000002,266.00010581256777,-937080.2626221012
30000.0,3634.182,268.00002728541136,-887779.11851257
30500.0,4282.182,268.000060146917,-887818.4910146229
31000.0,2467.7819999999997,270.0000672521074,-887815.9508293913
29500.0,3634.182,263.00005126542897,-916419.8421832043
31000.0,3877.1820000000002,266.0001058865802,-937080.2626221012
30500.0,7763.382,226.00008397890977,-884912.2872284374
31000.0,5948.982,228.00009108410018,-884909.7470432058
29500.0,7115.382,221.00007509742179,-913513.6383970188
31000.0,7358.382,224.000129718573,-934174.0588359158
31500.0,6596.982,228.0001239456058,-884949.1195452586
30000.0,7763.382,221.00010795892737,-913553.0108990716
31500.0,8006.382,224.00016258007858,-934213.4313379686
30500.0,5948.982,223.00011506411778,-913550.47071384
32000.0,6191.982,226.000169685269,-934210.891152737
30500.0,7358.382,219.0001536985906,-962814.78250655
30000.0,152.982,310.00000345341857,-890685.3222987555
30000.0,3634.182,268.00002728541136,-887779.11851257
30500.0,4282.182,268.000060146917,-887818.4910146229
31000.0,2467.7819999999997,270.0000672521074,-887815.9508293913
29500.0,3634.182,263.00005126542897,-916419.8421832043
31000.0,3877.1820000000002,266.0001058865802,-937080.2626221012
30500.0,3647.682,268.00002735942377,-887779.11851257
31000.0,4295.682,268.00006022092936,-887818.4910146229
31500.0,2481.2819999999997,270.0000673261198,-887815.9508293913
30000.0,3647.682,263.00005133944137,-916419.8421832043
31500.0,3890.6820000000002,266.0001059605926,-937080.2626221012
31000.0,7776.882,226.00008405292218,-884912.2872284374
31500.0,5962.482,228.00009115811258,-884909.7470432058
30000.0,7128.882,221.0000751714342,-913513.6383970188
31500.0,7371.882,224.0001297925854,-934174.0588359158
32000.0,6610.482,228.0001240196182,-884949.1195452586
30500.0,7776.882,221.00010803293978,-913553.0108990716
32000.0,8019.882,224.00016265409099,-934213.4313379686
31000.0,5962.482,223.00011513813018,-913550.47071384
32500.0,6205.482,226.0001697592814,-934210.891152737
31000.0,7371.882,219.00015377260297,-962814.78250655
30500.0,3634.182,288.00002728541136,-890251.86851257
31000.0,4282.182,288.000060146917,-890291.2410146229
31500.0,2467.7819999999997,290.0000672521074,-890288.7008293913
30000.0,3634.182,283.00005126542897,-918892.5921832043
31500.0,3877.1820000000002,286.0001058865802,-939553.0126221012
31000.0,7763.382,246.00008397890977,-887385.0372284374
31500.0,5948.982,248.00009108410018,-887382.4970432058
30000.0,7115.382,241.00007509742179,-915986.3883970188
31500.0,7358.382,244.000129718573,-936646.8088359158
32000.0,6596.982,248.0001239456058,-887421.8695452586
30500.0,7763.382,241.00010795892737,-916025.7608990716
32000.0,8006.382,244.00016258007858,-936686.1813379686
31000.0,5948.982,243.00011506411778,-916023.22071384
32500.0,6191.982,246.000169685269,-936683.641152737
31000.0,7358.382,239.0001536985906,-965287.53250655
31500.0,7776.882,246.00008405292218,-887385.0372284374
32000.0,5962.482,248.00009115811258,-887382.4970432058
30500.0,7128.882,241.0000751714342,-915986.3883970188
32000.0,7371.882,244.0001297925854,-936646.8088359158
32500.0,6610.482,248.0001240196182,-887421.8695452586
31000.0,7776.882,241.00010803293978,-916025.7608990716
32500.0,8019.882,244.00016265409099,-936686.1813379686
31500.0,5962.482,243.00011513813018,-916023.22071384
33000.0,6205.482,246.0001697592814,-936683.641152737
31500.0,7371.882,239.00015377260297,-965287.53250655
32500.0,10091.681999999999,206.000147851611,-884515.6657590731
31000.0,11258.081999999999,199.0001318649326,-913119.5571128861
32500.0,11501.082,202.00018648608378,-933779.9775517831
31500.0,9443.682,201.00013897012298,-913117.0169276545
33000.0,9686.682,204.00019359127418,-933777.4373665515
31500.0,10853.082,197.0001776045958,-962381.3287203645
32000.0,10091.682,201.0001718316286,-913156.3894297073
33500.0,10334.682,204.00022645277977,-933816.8098686043
32000.0,11501.082,197.00021046610138,-962420.7012224173
32500.0,9686.682,199.00021757129178,-962418.1610371857
30000.0,200.71800000000002,290.0000040988067,-888212.5722987555
30500.0,214.21800000000002,290.0000041728191,-888212.5722987555
30500.0,3695.4179999999997,248.00002800481192,-885306.36851257
31000.0,4343.418,248.0000608663175,-885345.7410146229
31500.0,2529.0179999999996,250.00006797150792,-885343.2008293913
30000.0,3695.4179999999997,243.00005198482953,-913947.0921832043
31500.0,3938.418,246.0001066059807,-934607.5126221012
30500.0,200.71800000000002,310.0000040988067,-890685.3222987555
30500.0,3681.9179999999997,268.0000279307995,-887779.11851257
31000.0,4329.918,268.00006079230513,-887818.4910146229
31500.0,2515.5179999999996,270.0000678974955,-887815.9508293913
30000.0,3681.9179999999997,263.0000519108171,-916419.8421832043
31500.0,3924.918,266.0001065319683,-937080.2626221012
31000.0,3695.4179999999997,268.0000280048119,-887779.11851257
31500.0,4343.418,268.00006086631754,-887818.4910146229
32000.0,2529.0179999999996,270.0000679715079,-887815.9508293913
30500.0,3695.4179999999997,263.0000519848295,-916419.8421832043
32000.0,3938.418,266.0001066059807,-937080.2626221012
31500.0,7824.6179999999995,226.0000846983103,-884912.2872284374
32000.0,6010.217999999999,228.0000918035007,-884909.7470432058
30500.0,7176.6179999999995,221.00007581682232,-913513.6383970188
32000.0,7419.618,224.00013043797352,-934174.0588359158
32500.0,6658.217999999999,228.00012466500633,-884949.1195452586
31000.0,7824.6179999999995,221.0001086783279,-913553.0108990716
32500.0,8067.618,224.0001632994791,-934213.4313379686
31500.0,6010.217999999999,223.0001157835183,-913550.47071384
33000.0,6253.218,226.00017040466952,-934210.891152737
31500.0,7419.618,219.0001544179911,-962814.78250655
31000.0,214.21800000000002,310.0000041728191,-890685.3222987555
31000.0,3695.4179999999997,268.0000280048119,-887779.11851257
31500.0,4343.418,268.00006086631754,-887818.4910146229
32000.0,2529.0179999999996,270.0000679715079,-887815.9508293913
30500.0,3695.4179999999997,263.0000519848295,-916419.8421832043
32000.0,3938.418,266.0001066059807,-937080.2626221012
31500.0,3708.9179999999997,268.0000280788243,-887779.11851257
32000.0,4356.918,268.0000609403299,-887818.4910146229
32500.0,2542.5179999999996,270.0000680455203,-887815.9508293913
31000.0,3708.9179999999997,263.0000520588419,-916419.8421832043
32500.0,3951.918,266.0001066799931,-937080.2626221012
32000.0,7838.1179999999995,226.0000847723227,-884912.2872284374
32500.0,6023.717999999999,228.0000918775131,-884909.7470432058
31000.0,7190.1179999999995,221.00007589083472,-913513.6383970188
32500.0,7433.118,224.0001305119859,-934174.0588359158
33000.0,6671.717999999999,228.0001247390187,-884949.1195452586
31500.0,7838.1179999999995,221.0001087523403,-913553.0108990716
33000.0,8081.118,224.00016337349152,-934213.4313379686
32000.0,6023.717999999999,223.00011585753072,-913550.47071384
33500.0,6266.718,226.00017047868192,-934210.891152737
32000.0,7433.118,219.0001544920035,-962814.78250655
31500.0,3695.4179999999997,288.0000280048119,-890251.86851257
32000.0,4343.418,288.00006086631754,-890291.2410146229
32500.0,2529.0179999999996,290.0000679715079,-890288.7008293913
31000.0,3695.4179999999997,283.0000519848295,-918892.5921832043
32500.0,3938.418,286.0001066059807,-939553.0126221012
32000.0,7824.6179999999995,246.0000846983103,-887385.0372284374
32500.0,6010.217999999999,248.0000918035007,-887382.4970432058
31000.0,7176.6179999999995,241.00007581682232,-915986.3883970188
32500.0,7419.618,244.00013043797352,-936646.8088359158
33000.0,6658.217999999999,248.00012466500633,-887421.8695452586
31500.0,7824.6179999999995,241.0001086783279,-916025.7608990716
33000.0,8067.618,244.0001632994791,-936686.1813379686
32000.0,6010.217999999999,243.0001157835183,-916023.22071384
33500.0,6253.218,246.00017040466952,-936683.641152737
32000.0,7419.618,239.0001544179911,-965287.53250655
32500.0,7838.1179999999995,246.0000847723227,-887385.0372284374
33000.0,6023.717999999999,248.0000918775131,-887382.4970432058
31500.0,7190.1179999999995,241.00007589083472,-915986.3883970188
33000.0,7433.118,244.0001305119859,-936646.8088359158
33500.0,6671.717999999999,248.0001247390187,-887421.8695452586
32000.0,7838.1179999999995,241.0001087523403,-916025.7608990716
33500.0,8081.118,244.00016337349152,-936686.1813379686
32500.0,6023.717999999999,243.00011585753072,-916023.22071384
34000.0,6266.718,246.00017047868192,-936683.641152737
32500.0,7433.118,239.0001544920035,-965287.53250655
33500.0,10152.918,206.00014857101152,-884515.6657590731
32000.0,11319.318,199.0001325843331,-913119.5571128861
33500.0,11562.318,202.0001872054843,-933779.9775517831
32500.0,9504.917999999998,201.0001396895235,-913117.0169276545
34000.0,9747.918,204.00019431067471,-933777.4373665515
32500.0,10914.318,197.00017832399632,-962381.3287203645
33000.0,10152.917999999998,201.00017255102912,-913156.3894297073
34500.0,10395.918,204.0002271721803,-933816.8098686043
33000.0,11562.318,197.0002111855019,-962420.7012224173
33500.0,9747.918,199.00021829069232,-962418.1610371857
16000.0,78.75,240.0000013692294,-519405.62879532785
16000.0,3559.95,198.0000252012222,-516499.4250091423
16500.0,4207.95,198.0000580627278,-516538.79751119524
17000.0,2393.5499999999997,200.0000651679182,-516536.2573259635
15500.0,3559.95,193.0000491812398,-545140.1486797766
17000.0,3802.9500000000003,196.000103802391,-565800.5691186736
16500.0,3573.45,198.0000252752346,-516499.4250091423
17000.0,4221.45,198.0000581367402,-516538.79751119524
17500.0,2407.0499999999997,200.0000652419306,-516536.2573259635
16000.0,3573.45,193.0000492552522,-545140.1486797766
17500.0,3816.4500000000003,196.0001038764034,-565800.5691186736
17000.0,7702.65,156.000081968733,-513632.5937250097
17500.0,5888.25,158.0000890739234,-513630.053539778
16000.0,7054.65,151.000073087245,-542233.9448935911
17500.0,7297.65,154.0001277083962,-562894.365332488
18000.0,6536.25,158.000121935429,-513669.4260418309
16500.0,7702.65,151.0001059487506,-542273.317395644
18000.0,7945.65,154.0001605699018,-562933.7378345409
17000.0,5888.25,153.000113053941,-542270.7772104123
18500.0,6131.25,156.0001676750922,-562931.1976493092
17000.0,7297.65,149.0001516884138,-591535.0890031223
16500.0,3559.95,218.0000252012222,-518972.1750091423
17000.0,4207.95,218.0000580627278,-519011.54751119524
17500.0,2393.5499999999997,220.0000651679182,-519009.0073259635
16000.0,3559.95,213.0000491812398,-547612.8986797766
17500.0,3802.9500000000003,216.000103802391,-568273.3191186736
17000.0,7689.15,176.0000818947206,-516105.3437250097
17500.0,5874.75,178.000088999911,-516102.803539778
16000.0,7041.15,171.0000730132326,-544706.6948935911
17500.0,7284.15,174.0001276343838,-565367.115332488
18000.0,6522.75,178.0001218614166,-516142.1760418309
16500.0,7689.15,171.0001058747382,-544746.067395644
18000.0,7932.15,174.0001604958894,-565406.4878345409
17000.0,5874.75,173.0001129799286,-544743.5272104123
18500.0,6117.75,176.0001676010798,-565403.9476493092
17000.0,7284.15,169.0001516144014,-594007.8390031223
17500.0,7702.65,176.000081968733,-516105.3437250097
18000.0,5888.25,178.0000890739234,-516102.803539778
16500.0,7054.65,171.000073087245,-544706.6948935911
18000.0,7297.65,174.0001277083962,-565367.115332488
18500.0,6536.25,178.000121935429,-516142.1760418309
17000.0,7702.65,171.0001059487506,-544746.067395644
18500.0,7945.65,174.0001605699018,-565406.4878345409
17500.0,5888.25,173.000113053941,-544743.5272104123
19000.0,6131.25,176.0001676750922,-565403.9476493092
17500.0,7297.65,169.0001516884138,-594007.8390031223
18500.0,10017.449999999999,136.0001457674218,-513235.9722556454
17000.0,11183.849999999999,129.0001297807434,-541839.8636094584
18500.0,11426.85,132.0001844018946,-562500.2840483554
17500.0,9369.45,131.0001368859338,-541837.3234242267
19000.0,9612.45,134.000191507085,-562497.7438631237
17500.0,10778.85,127.0001755204066,-591101.6352169368
18000.0,10017.45,131.0001697474394,-541876.6959262796
19500.0,10260.45,134.0002243685906,-562537.1163651766
18000.0,11426.85,127.0002083819122,-591141.0077189897
18500.0,9612.45,129.0002154871026,-591138.467533758
17000.0,3573.45,218.0000252752346,-518972.1750091423
17500.0,4221.45,218.0000581367402,-519011.54751119524
18000.0,2407.0499999999997,220.0000652419306,-519009.0073259635
16500.0,3573.45,213.0000492552522,-547612.8986797766
18000.0,3816.4500000000003,216.0001038764034,-568273.3191186736
17500.0,7702.65,176.000081968733,-516105.3437250097
18000.0,5888.25,178.0000890739234,-516102.803539778
16500.0,7054.65,171.000073087245,-544706.6948935911
18000.0,7297.65,174.0001277083962,-565367.115332488
18500.0,6536.25,178.000121935429,-516142.1760418309
17000.0,7702.65,171.0001059487506,-544746.067395644
18500.0,7945.65,174.0001605699018,-565406.4878345409
17500.0,5888.25,173.000113053941,-544743.5272104123
19000.0,6131.25,176.0001676750922,-565403.9476493092
17500.0,7297.65,169.0001516884138,-594007.8390031223
18000.0,7716.15,176.0000820427454,-516105.3437250097
18500.0,5901.75,178.0000891479358,-516102.803539778
17000.0,7068.15,171.0000731612574,-544706.6948935911
18500.0,7311.15,174.0001277824086,-565367.115332488
19000.0,6549.75,178.0001220094414,-516142.1760418309
17500.0,7716.15,171.000106022763,-544746.067395644
19000.0,7959.15,174.0001606439142,-565406.4878345409
18000.0,5901.75,173.0001131279534,-544743.5272104123
19500.0,6144.75,176.0001677491046,-565403.9476493092
18000.0,7311.15,169.0001517624262,-594007.8390031223
19000.0,10030.949999999999,136.0001458414342,-513235.9722556454
17500.0,11197.349999999999,129.0001298547558,-541839.8636094584
19000.0,11440.35,132.000184475907,-562500.2840483554
18000.0,9382.95,131.0001369599462,-541837.3234242267
19500.0,9625.95,134.0001915810974,-562497.7438631237
18000.0,10792.35,127.000175594419,-591101.6352169368
18500.0,10030.95,131.0001698214518,-541876.6959262796
20000.0,10273.95,134.000224442603,-562537.1163651766
18500.0,11440.35,127.0002084559246,-591141.0077189897
19000.0,9625.95,129.000215561115,-591138.467533758
18000.0,7702.65,196.000081968733,-518578.0937250097
18500.0,5888.25,198.0000890739234,-518575.553539778
17000.0,7054.65,191.000073087245,-547179.4448935911
18500.0,7297.65,194.0001277083962,-567839.865332488
19000.0,6536.25,198.000121935429,-518614.9260418309
17500.0,7702.65,191.0001059487506,-547218.817395644
19000.0,7945.65,194.0001605699018,-567879.2378345409
18000.0,5888.25,193.000113053941,-547216.2772104123
19500.0,6131.25,196.0001676750922,-567876.6976493092
18000.0,7297.65,189.0001516884138,-596480.5890031223
19000.0,10017.449999999999,156.0001457674218,-515708.7222556454
17500.0,11183.849999999999,149.0001297807434,-544312.6136094584
19000.0,11426.85,152.0001844018946,-564973.0340483554
18000.0,9369.45,151.0001368859338,-544310.0734242267
19500.0,9612.45,154.000191507085,-564970.4938631237
18000.0,10778.85,147.0001755204066,-593574.3852169368
18500.0,10017.45,151.0001697474394,-544349.4459262796
20000.0,10260.45,154.0002243685906,-565009.8663651766
18500.0,11426.85,147.0002083819122,-593613.7577189897
19000.0,9612.45,149.0002154871026,-593611.217533758
19500.0,10030.949999999999,156.0001458414342,-515708.7222556454
18000.0,11197.349999999999,149.0001298547558,-544312.6136094584
19500.0,11440.35,152.000184475907,-564973.0340483554
18500.0,9382.95,151.0001369599462,-544310.0734242267
20000.0,9625.95,154.0001915810974,-564970.4938631237
18500.0,10792.35,147.000175594419,-593574.3852169368
19000.0,10030.95,151.0001698214518,-544349.4459262796
20500.0,10273.95,154.000224442603,-565009.8663651766
19000.0,11440.35,147.0002084559246,-593613.7577189897
19500.0,9625.95,149.000215561115,-593611.217533758
19000.0,13512.149999999998,109.0001936534446,-541443.2421400942
20500.0,13755.15,112.0002482745958,-562103.662578991
19000.0,14921.55,105.0002322879174,-590707.5539328041
19500.0,13107.150000000001,107.0002393931078,-590705.0137475724
20000.0,13755.150000000001,107.0002722546134,-590744.3862496254
45500.0,301.20000000000005,340.0000064913809,-885268.8222987555
45500.0,287.70000000000005,360.00000641736847,-887741.5722987555
46000.0,301.20000000000005,360.0000064913809,-887741.5722987555
46000.0,3782.3999999999996,318.0000303233737,-884835.36851257
46500.0,4430.4,318.0000631848793,-884874.7410146229
47000.0,2616.0,320.0000702900697,-884872.2008293913
45500.0,3782.3999999999996,313.0000543033913,-913476.0921832043
47000.0,4025.4000000000005,316.0001089245425,-934136.5126221012
46000.0,301.20000000000005,360.0000064913809,-887741.5722987555
46500.0,314.70000000000005,360.0000065653933,-887741.5722987555
46500.0,3795.8999999999996,318.00003039738607,-884835.36851257
47000.0,4443.9,318.0000632588917,-884874.7410146229
47500.0,2629.5,320.0000703640821,-884872.2008293913
46000.0,3795.8999999999996,313.00005437740367,-913476.0921832043
47500.0,4038.9000000000005,316.0001089985549,-934136.5126221012
46500.0,301.20000000000005,380.0000064913809,-890214.3222987555
46500.0,3782.3999999999996,338.0000303233737,-887308.11851257
47000.0,4430.4,338.0000631848793,-887347.4910146229
47500.0,2616.0,340.0000702900697,-887344.9508293913
46000.0,3782.3999999999996,333.0000543033913,-915948.8421832043
47500.0,4025.4000000000005,336.0001089245425,-936609.2626221012
47000.0,3795.8999999999996,338.00003039738607,-887308.11851257
47500.0,4443.9,338.0000632588917,-887347.4910146229
48000.0,2629.5,340.0000703640821,-887344.9508293913
46500.0,3795.8999999999996,333.00005437740367,-915948.8421832043
48000.0,4038.9000000000005,336.0001089985549,-936609.2626221012
47500.0,7925.099999999999,296.0000870908845,-884441.2872284374
48000.0,6110.699999999999,298.0000941960749,-884438.7470432058
46500.0,7277.099999999999,291.0000782093965,-913042.6383970188
48000.0,7520.1,294.00013283054767,-933703.0588359158
48500.0,6758.699999999999,298.00012705758047,-884478.1195452586
47000.0,7925.099999999999,291.0001110709021,-913082.0108990716
48500.0,8168.1,294.0001656920533,-933742.4313379686
47500.0,6110.7,293.0001181760925,-913079.47071384
49000.0,6353.700000000001,296.0001727972437,-933739.891152737
47500.0,7520.1,289.0001568105653,-962343.78250655
31000.0,165.732,290.0000036877912,-888212.5722987555
31500.0,179.232,290.0000037618036,-888212.5722987555
31500.0,3660.432,248.00002759379637,-885306.36851257
32000.0,4308.432,248.000060455302,-885345.7410146229
32500.0,2494.0319999999997,250.0000675604924,-885343.2008293913
31000.0,3660.432,243.00005157381398,-913947.0921832043
32500.0,3903.4320000000002,246.00010619496518,-934607.5126221012
31500.0,165.732,310.0000036877912,-890685.3222987555
31500.0,3646.932,268.000027519784,-887779.11851257
32000.0,4294.932,268.0000603812896,-887818.4910146229
32500.0,2480.5319999999997,270.00006748647996,-887815.9508293913
31000.0,3646.932,263.0000514998016,-916419.8421832043
32500.0,3889.9320000000002,266.0001061209528,-937080.2626221012
32000.0,3660.432,268.0000275937964,-887779.11851257
32500.0,4308.432,268.000060455302,-887818.4910146229
33000.0,2494.0319999999997,270.00006756049237,-887815.9508293913
31500.0,3660.432,263.000051573814,-916419.8421832043
33000.0,3903.4320000000002,266.00010619496516,-937080.2626221012
32500.0,7789.632,226.00008428729478,-884912.2872284374
33000.0,5975.232,228.0000913924852,-884909.7470432058
31500.0,7141.632,221.0000754058068,-913513.6383970188
33000.0,7384.632,224.00013002695798,-934174.0588359158
33500.0,6623.232,228.00012425399078,-884949.1195452586
32000.0,7789.632,221.00010826731238,-913553.0108990716
33500.0,8032.632,224.0001628884636,-934213.4313379686
32500.0,5975.232,223.0001153725028,-913550.47071384
34000.0,6218.232,226.000169993654,-934210.891152737
32500.0,7384.632,219.00015400697558,-962814.78250655
32000.0,179.232,310.0000037618036,-890685.3222987555
32000.0,3660.432,268.0000275937964,-887779.11851257
32500.0,4308.432,268.000060455302,-887818.4910146229
33000.0,2494.0319999999997,270.00006756049237,-887815.9508293913
31500.0,3660.432,263.000051573814,-916419.8421832043
33000.0,3903.4320000000002,266.00010619496516,-937080.2626221012
32500.0,3673.932,268.0000276678088,-887779.11851257
33000.0,4321.932,268.0000605293144,-887818.4910146229
33500.0,2507.5319999999997,270.0000676345048,-887815.9508293913
32000.0,3673.932,263.0000516478264,-916419.8421832043
33500.0,3916.9320000000002,266.00010626897756,-937080.2626221012
33000.0,7803.132,226.0000843613072,-884912.2872284374
33500.0,5988.732,228.0000914664976,-884909.7470432058
32000.0,7155.132,221.00007547981917,-913513.6383970188
33500.0,7398.132,224.00013010097038,-934174.0588359158
34000.0,6636.732,228.00012432800318,-884949.1195452586
32500.0,7803.132,221.0001083413248,-913553.0108990716
34000.0,8046.132,224.000162962476,-934213.4313379686
33000.0,5988.732,223.0001154465152,-913550.47071384
34500.0,6231.732,226.00017006766637,-934210.891152737
33000.0,7398.132,219.00015408098798,-962814.78250655
32500.0,3660.432,288.0000275937964,-890251.86851257
33000.0,4308.432,288.000060455302,-890291.2410146229
33500.0,2494.0319999999997,290.00006756049237,-890288.7008293913
32000.0,3660.432,283.000051573814,-918892.5921832043
33500.0,3903.4320000000002,286.00010619496516,-939553.0126221012
33000.0,7789.632,246.00008428729478,-887385.0372284374
33500.0,5975.232,248.0000913924852,-887382.4970432058
32000.0,7141.632,241.0000754058068,-915986.3883970188
33500.0,7384.632,244.00013002695798,-936646.8088359158
34000.0,6623.232,248.00012425399078,-887421.8695452586
32500.0,7789.632,241.00010826731238,-916025.7608990716
34000.0,8032.632,244.0001628884636,-936686.1813379686
33000.0,5975.232,243.0001153725028,-916023.22071384
34500.0,6218.232,246.000169993654,-936683.641152737
33000.0,7384.632,239.00015400697558,-965287.53250655
33500.0,7803.132,246.0000843613072,-887385.0372284374
34000.0,5988.732,248.0000914664976,-887382.4970432058
32500.0,7155.132,241.00007547981917,-915986.3883970188
34000.0,7398.132,244.00013010097038,-936646.8088359158
34500.0,6636.732,248.00012432800318,-887421.8695452586
33000.0,7803.132,241.0001083413248,-916025.7608990716
34500.0,8046.132,244.000162962476,-936686.1813379686
33500.0,5988.732,243.0001154465152,-916023.22071384
35000.0,6231.732,246.00017006766637,-936683.641152737
33500.0,7398.132,239.00015408098798,-965287.53250655
34500.0,10117.931999999999,206.00014815999597,-884515.6657590731
33000.0,11284.331999999999,199.00013217331758,-913119.5571128861
34500.0,11527.332,202.0001867944688,-933779.9775517831
33500.0,9469.932,201.000139278508,-913117.0169276545
35000.0,9712.932,204.0001938996592,-933777.4373665515
33500.0,10879.332,197.00017791298077,-962381.3287203645
34000.0,10117.932,201.00017214001358,-913156.3894297073
35500.0,10360.932,204.00022676116478,-933816.8098686043
34000.0,11527.332,197.0002107744864,-962420.7012224173
34500.0,9712.932,199.0002178796768,-962418.1610371857
32000.0,226.96800000000002,290.00000440719174,-888212.5722987555
32500.0,240.46800000000002,290.0000044812041,-888212.5722987555
32500.0,3721.6679999999997,248.0000283131969,-885306.36851257
33000.0,4369.668,248.00006117470252,-885345.7410146229
33500.0,2555.2679999999996,250.0000682798929,-885343.2008293913
32000.0,3721.6679999999997,243.0000522932145,-913947.0921832043
33500.0,3964.668,246.00010691436572,-934607.5126221012
32500.0,226.96800000000002,310.00000440719174,-890685.3222987555
32500.0,3708.1679999999997,268.00002823918453,-887779.11851257
33000.0,4356.168,268.0000611006901,-887818.4910146229
33500.0,2541.7679999999996,270.0000682058805,-887815.9508293913
32000.0,3708.1679999999997,263.00005221920213,-916419.8421832043
33500.0,3951.168,266.00010684035334,-937080.2626221012
33000.0,3721.6679999999997,268.00002831319694,-887779.11851257
33500.0,4369.668,268.0000611747025,-887818.4910146229
34000.0,2555.2679999999996,270.0000682798929,-887815.9508293913
32500.0,3721.6679999999997,263.00005229321454,-916419.8421832043
34000.0,3964.668,266.0001069143657,-937080.2626221012
33500.0,7850.8679999999995,226.00008500669531,-884912.2872284374
34000.0,6036.467999999999,228.00009211188572,-884909.7470432058
32500.0,7202.8679999999995,221.0000761252073,-913513.6383970188
34000.0,7445.868,224.0001307463585,-934174.0588359158
34500.0,6684.467999999999,228.0001249733913,-884949.1195452586
33000.0,7850.8679999999995,221.00010898671292,-913553.0108990716
34500.0,8093.868,224.00016360786412,-934213.4313379686
33500.0,6036.467999999999,223.00011609190332,-913550.47071384
35000.0,6279.468,226.0001707130545,-934210.891152737
33500.0,7445.868,219.0001547263761,-962814.78250655
33000.0,240.46800000000002,310.0000044812041,-890685.3222987555
33000.0,3721.6679999999997,268.00002831319694,-887779.11851257
33500.0,4369.668,268.0000611747025,-887818.4910146229
34000.0,2555.2679999999996,270.0000682798929,-887815.9508293913
32500.0,3721.6679999999997,263.00005229321454,-916419.8421832043
34000.0,3964.668,266.0001069143657,-937080.2626221012
33500.0,3735.1679999999997,268.0000283872093,-887779.11851257
34000.0,4383.168,268.0000612487149,-887818.4910146229
34500.0,2568.7679999999996,270.0000683539053,-887815.9508293913
33000.0,3735.1679999999997,263.0000523672269,-916419.8421832043
34500.0,3978.168,266.0001069883781,-937080.2626221012
34000.0,7864.3679999999995,226.00008508070772,-884912.2872284374
34500.0,6049.967999999999,228.00009218589813,-884909.7470432058
33000.0,7216.3679999999995,221.0000761992197,-913513.6383970188
34500.0,7459.368,224.0001308203709,-934174.0588359158
35000.0,6697.967999999999,228.0001250474037,-884949.1195452586
33500.0,7864.3679999999995,221.00010906072532,-913553.0108990716
35000.0,8107.368,224.0001636818765,-934213.4313379686
34000.0,6049.967999999999,223.0001161659157,-913550.47071384
35500.0,6292.968,226.0001707870669,-934210.891152737
34000.0,7459.368,219.00015480038851,-962814.78250655
33500.0,3721.6679999999997,288.00002831319694,-890251.86851257
34000.0,4369.668,288.0000611747025,-890291.2410146229
34500.0,2555.2679999999996,290.0000682798929,-890288.7008293913
33000.0,3721.6679999999997,283.00005229321454,-918892.5921832043
34500.0,3964.668,286.0001069143657,-939553.0126221012
34000.0,7850.8679999999995,246.00008500669531,-887385.0372284374
34500.0,6036.467999999999,248.00009211188572,-887382.4970432058
33000.0,7202.8679999999995,241.0000761252073,-915986.3883970188
34500.0,7445.868,244.0001307463585,-936646.8088359158
35000.0,6684.467999999999,248.0001249733913,-887421.8695452586
33500.0,7850.8679999999995,241.00010898671292,-916025.7608990716
35000.0,8093.868,244.00016360786412,-936686.1813379686
34000.0,6036.467999999999,243.00011609190332,-916023.22071384
35500.0,6279.468,246.0001707130545,-936683.641152737
34000.0,7445.868,239.0001547263761,-965287.53250655
34500.0,7864.3679999999995,246.00008508070772,-887385.0372284374
35000.0,6049.967999999999,248.00009218589813,-887382.4970432058
33500.0,7216.3679999999995,241.0000761992197,-915986.3883970188
35000.0,7459.368,244.0001308203709,-936646.8088359158
35500.0,6697.967999999999,248.0001250474037,-887421.8695452586
34000.0,7864.3679999999995,241.00010906072532,-916025.7608990716
35500.0,8107.368,244.0001636818765,-936686.1813379686
34500.0,6049.967999999999,243.0001161659157,-916023.22071384
36000.0,6292.968,246.0001707870669,-936683.641152737
34500.0,7459.368,239.00015480038851,-965287.53250655
35500.0,10179.168,206.0001488793965,-884515.6657590731
34000.0,11345.568,199.0001328927181,-913119.5571128861
35500.0,11588.568,202.00018751386932,-933779.9775517831
34500.0,9531.167999999998,201.00013999790852,-913117.0169276545
36000.0,9774.168,204.0001946190597,-933777.4373665515
34500.0,10940.568,197.0001786323813,-962381.3287203645
35000.0,10179.167999999998,201.0001728594141,-913156.3894297073
36500.0,10422.168,204.00022748056531,-933816.8098686043
35000.0,11588.568,197.00021149388692,-962420.7012224173
35500.0,9774.168,199.0002185990773,-962418.1610371857
18000.0,105.0,240.0000016776144,-519405.62879532785
18000.0,3586.2,198.0000255096072,-516499.4250091423
18500.0,4234.2,198.0000583711128,-516538.79751119524
19000.0,2419.7999999999997,200.0000654763032,-516536.2573259635
17500.0,3586.2,193.0000494896248,-545140.1486797766
19000.0,3829.2000000000003,196.000104110776,-565800.5691186736
18500.0,3599.7,198.0000255836196,-516499.4250091423
19000.0,4247.7,198.0000584451252,-516538.79751119524
19500.0,2433.2999999999997,200.0000655503156,-516536.2573259635
18000.0,3599.7,193.0000495636372,-545140.1486797766
19500.0,3842.7000000000003,196.0001041847884,-565800.5691186736
19000.0,7728.9,156.000082277118,-513632.5937250097
19500.0,5914.5,158.0000893823084,-513630.053539778
18000.0,7080.9,151.00007339563,-542233.9448935911
19500.0,7323.9,154.0001280167812,-562894.365332488
20000.0,6562.5,158.000122243814,-513669.4260418309
18500.0,7728.9,151.0001062571356,-542273.317395644
20000.0,7971.9,154.0001608782868,-562933.7378345409
19000.0,5914.5,153.000113362326,-542270.7772104123
20500.0,6157.5,156.0001679834772,-562931.1976493092
19000.0,7323.9,149.0001519967988,-591535.0890031223
18500.0,3586.2,218.0000255096072,-518972.1750091423
19000.0,4234.2,218.0000583711128,-519011.54751119524
19500.0,2419.7999999999997,220.0000654763032,-519009.0073259635
18000.0,3586.2,213.0000494896248,-547612.8986797766
19500.0,3829.2000000000003,216.000104110776,-568273.3191186736
19000.0,7715.4,176.0000822031056,-516105.3437250097
19500.0,5901.0,178.000089308296,-516102.803539778
18000.0,7067.4,171.0000733216176,-544706.6948935911
19500.0,7310.4,174.0001279427688,-565367.115332488
20000.0,6549.0,178.0001221698016,-516142.1760418309
18500.0,7715.4,171.0001061831232,-544746.067395644
20000.0,7958.4,174.0001608042744,-565406.4878345409
19000.0,5901.0,173.0001132883136,-544743.5272104123
20500.0,6144.0,176.0001679094648,-565403.9476493092
19000.0,7310.4,169.0001519227864,-594007.8390031223
19500.0,7728.9,176.000082277118,-516105.3437250097
20000.0,5914.5,178.0000893823084,-516102.803539778
18500.0,7080.9,171.00007339563,-544706.6948935911
20000.0,7323.9,174.0001280167812,-565367.115332488
20500.0,6562.5,178.000122243814,-516142.1760418309
19000.0,7728.9,171.0001062571356,-544746.067395644
20500.0,7971.9,174.0001608782868,-565406.4878345409
19500.0,5914.5,173.000113362326,-544743.5272104123
21000.0,6157.5,176.0001679834772,-565403.9476493092
19500.0,7323.9,169.0001519967988,-594007.8390031223
20500.0,10043.699999999999,136.0001460758068,-513235.9722556454
19000.0,11210.099999999999,129.0001300891284,-541839.8636094584
20500.0,11453.1,132.0001847102796,-562500.2840483554
19500.0,9395.7,131.0001371943188,-541837.3234242267
21000.0,9638.7,134.00019181547,-562497.7438631237
19500.0,10805.1,127.0001758287916,-591101.6352169368
20000.0,10043.7,131.0001700558244,-541876.6959262796
21500.0,10286.7,134.0002246769756,-562537.1163651766
20000.0,11453.1,127.0002086902972,-591141.0077189897
20500.0,9638.7,129.0002157954876,-591138.467533758
19000.0,3599.7,218.0000255836196,-518972.1750091423
19500.0,4247.7,218.0000584451252,-519011.54751119524
20000.0,2433.2999999999997,220.0000655503156,-519009.0073259635
18500.0,3599.7,213.0000495636372,-547612.8986797766
20000.0,3842.7000000000003,216.0001041847884,-568273.3191186736
19500.0,7728.9,176.000082277118,-516105.3437250097
20000.0,5914.5,178.0000893823084,-516102.803539778
18500.0,7080.9,171.00007339563,-544706.6948935911
20000.0,7323.9,174.0001280167812,-565367.115332488
20500.0,6562.5,178.000122243814,-516142.1760418309
19000.0,7728.9,171.0001062571356,-544746.067395644
20500.0,7971.9,174.0001608782868,-565406.4878345409
19500.0,5914.5,173.000113362326,-544743.5272104123
21000.0,6157.5,176.0001679834772,-565403.9476493092
19500.0,7323.9,169.0001519967988,-594007.8390031223
20000.0,7742.4,176.0000823511304,-516105.3437250097
20500.0,5928.0,178.0000894563208,-516102.803539778
19000.0,7094.4,171.0000734696424,-544706.6948935911
20500.0,7337.4,174.0001280907936,-565367.115332488
21000.0,6576.0,178.0001223178264,-516142.1760418309
19500.0,7742.4,171.000106331148,-544746.067395644
21000.0,7985.4,174.0001609522992,-565406.4878345409
20000.0,5928.0,173.0001134363384,-544743.5272104123
21500.0,6171.0,176.0001680574896,-565403.9476493092
20000.0,7337.4,169.0001520708112,-594007.8390031223
21000.0,10057.199999999999,136.0001461498192,-513235.9722556454
19500.0,11223.599999999999,129.0001301631408,-541839.8636094584
21000.0,11466.6,132.000184784292,-562500.2840483554
20000.0,9409.2,131.0001372683312,-541837.3234242267
21500.0,9652.2,134.0001918894824,-562497.7438631237
20000.0,10818.6,127.000175902804,-591101.6352169368
20500.0,10057.2,131.0001701298368,-541876.6959262796
22000.0,10300.2,134.000224750988,-562537.1163651766
20500.0,11466.6,127.0002087643096,-591141.0077189897
21000.0,9652.2,129.0002158695,-591138.467533758
20000.0,7728.9,196.000082277118,-518578.0937250097
20500.0,5914.5,198.0000893823084,-518575.553539778
19000.0,7080.9,191.00007339563,-547179.4448935911
20500.0,7323.9,194.0001280167812,-567839.865332488
21000.0,6562.5,198.000122243814,-518614.9260418309
19500.0,7728.9,191.0001062571356,-547218.817395644
21000.0,7971.9,194.0001608782868,-567879.2378345409
20000.0,5914.5,193.000113362326,-547216.2772104123
21500.0,6157.5,196.0001679834772,-567876.6976493092
20000.0,7323.9,189.0001519967988,-596480.5890031223
21000.0,10043.699999999999,156.0001460758068,-515708.7222556454
19500.0,11210.099999999999,149.0001300891284,-544312.6136094584
21000.0,11453.1,152.0001847102796,-564973.0340483554
20000.0,9395.7,151.0001371943188,-544310.0734242267
21500.0,9638.7,154.00019181547,-564970.4938631237
20000.0,10805.1,147.0001758287916,-593574.3852169368
20500.0,10043.7,151.0001700558244,-544349.4459262796
22000.0,10286.7,154.0002246769756,-565009.8663651766
20500.0,11453.1,147.0002086902972,-593613.7577189897
21000.0,9638.7,149.0002157954876,-593611.217533758
21500.0,10057.199999999999,156.0001461498192,-515708.7222556454
20000.0,11223.599999999999,149.0001301631408,-544312.6136094584
21500.0,11466.6,152.000184784292,-564973.0340483554
20500.0,9409.2,151.0001372683312,-544310.0734242267
22000.0,9652.2,154.0001918894824,-564970.4938631237
20500.0,10818.6,147.000175902804,-593574.3852169368
21000.0,10057.2,151.0001701298368,-544349.4459262796
22500.0,10300.2,154.000224750988,-565009.8663651766
21000.0,11466.6,147.0002087643096,-593613.7577189897
21500.0,9652.2,149.0002158695,-593611.217533758
21000.0,13538.399999999998,109.0001939618296,-541443.2421400942
22500.0,13781.4,112.0002485829808,-562103.662578991
21000.0,14947.8,105.0002325963024,-590707.5539328041
21500.0,13133.400000000001,107.0002397014928,-590705.0137475724
22000.0,13781.400000000001,107.0002725629984,-590744.3862496254
35000.0,245.70000000000002,310.0000053318533,-888212.5722987555
35500.0,259.20000000000005,310.0000054058657,-888212.5722987555
35500.0,3740.3999999999996,268.0000292378585,-885306.36851257
36000.0,4388.4,268.0000620993641,-885345.7410146229
36500.0,2573.9999999999995,270.0000692045545,-885343.2008293913
35000.0,3740.3999999999996,263.0000532178761,-913947.0921832043
36500.0,3983.4,266.0001078390273,-934607.5126221012
35500.0,245.70000000000002,330.0000053318533,-890685.3222987555
35500.0,3726.8999999999996,288.0000291638461,-887779.11851257
36000.0,4374.9,288.0000620253517,-887818.4910146229
36500.0,2560.4999999999995,290.0000691305421,-887815.9508293913
35000.0,3726.8999999999996,283.0000531438637,-916419.8421832043
36500.0,3969.9,286.0001077650149,-937080.2626221012
36000.0,3740.3999999999996,288.0000292378585,-887779.11851257
36500.0,4388.4,288.0000620993641,-887818.4910146229
37000.0,2573.9999999999995,290.0000692045545,-887815.9508293913
35500.0,3740.3999999999996,283.0000532178761,-916419.8421832043
37000.0,3983.4,286.0001078390273,-937080.2626221012
36500.0,7869.599999999999,246.0000859313569,-884912.2872284374
37000.0,6055.199999999999,248.0000930365473,-884909.7470432058
35500.0,7221.599999999999,241.0000770498689,-913513.6383970188
37000.0,7464.6,244.00013167102009,-934174.0588359158
37500.0,6703.199999999999,248.0001258980529,-884949.1195452586
36000.0,7869.599999999999,241.0001099113745,-913553.0108990716
37500.0,8112.6,244.0001645325257,-934213.4313379686
36500.0,6055.199999999999,243.0001170165649,-913550.47071384
38000.0,6298.2,246.0001716377161,-934210.891152737
36500.0,7464.6,239.0001556510377,-962814.78250655
36000.0,259.20000000000005,330.0000054058657,-890685.3222987555
36000.0,3740.3999999999996,288.0000292378585,-887779.11851257
36500.0,4388.4,288.0000620993641,-887818.4910146229
37000.0,2573.9999999999995,290.0000692045545,-887815.9508293913
35500.0,3740.3999999999996,283.0000532178761,-916419.8421832043
37000.0,3983.4,286.0001078390273,-937080.2626221012
36500.0,3753.8999999999996,288.0000293118709,-887779.11851257
37000.0,4401.9,288.0000621733765,-887818.4910146229
37500.0,2587.4999999999995,290.0000692785669,-887815.9508293913
36000.0,3753.8999999999996,283.0000532918885,-916419.8421832043
37500.0,3996.9,286.0001079130397,-937080.2626221012
37000.0,7883.099999999999,246.0000860053693,-884912.2872284374
37500.0,6068.699999999999,248.0000931105597,-884909.7470432058
36000.0,7235.099999999999,241.00007712388128,-913513.6383970188
37500.0,7478.1,244.0001317450325,-934174.0588359158
38000.0,6716.699999999999,248.0001259720653,-884949.1195452586
36500.0,7883.099999999999,241.0001099853869,-913553.0108990716
38000.0,8126.1,244.0001646065381,-934213.4313379686
37000.0,6068.699999999999,243.0001170905773,-913550.47071384
38500.0,6311.7,246.00017171172848,-934210.891152737
37000.0,7478.1,239.0001557250501,-962814.78250655
36500.0,3740.3999999999996,308.0000292378585,-890251.86851257
37000.0,4388.4,308.0000620993641,-890291.2410146229
37500.0,2573.9999999999995,310.0000692045545,-890288.7008293913
36000.0,3740.3999999999996,303.0000532178761,-918892.5921832043
37500.0,3983.4,306.0001078390273,-939553.0126221012
37000.0,7869.599999999999,266.0000859313569,-887385.0372284374
37500.0,6055.199999999999,268.0000930365473,-887382.4970432058
36000.0,7221.599999999999,261.0000770498689,-915986.3883970188
37500.0,7464.6,264.0001316710201,-936646.8088359158
38000.0,6703.199999999999,268.0001258980529,-887421.8695452586
36500.0,7869.599999999999,261.0001099113745,-916025.7608990716
38000.0,8112.6,264.0001645325257,-936686.1813379686
37000.0,6055.199999999999,263.0001170165649,-916023.22071384
38500.0,6298.2,266.0001716377161,-936683.641152737
37000.0,7464.6,259.0001556510377,-965287.53250655
37500.0,7883.099999999999,266.00008600536927,-887385.0372284374
38000.0,6068.699999999999,268.0000931105597,-887382.4970432058
36500.0,7235.099999999999,261.0000771238813,-915986.3883970188
38000.0,7478.1,264.0001317450325,-936646.8088359158
38500.0,6716.699999999999,268.0001259720653,-887421.8695452586
37000.0,7883.099999999999,261.00010998538687,-916025.7608990716
38500.0,8126.1,264.0001646065381,-936686.1813379686
37500.0,6068.699999999999,263.0001170905773,-916023.22071384
39000.0,6311.7,266.0001717117285,-936683.641152737
37500.0,7478.1,259.0001557250501,-965287.53250655
38500.0,10197.9,226.00014980405808,-884515.6657590731
37000.0,11364.3,219.0001338173797,-913119.5571128861
38500.0,11607.3,222.0001884385309,-933779.9775517831
37500.0,9549.899999999998,221.0001409225701,-913117.0169276545
39000.0,9792.9,224.0001955437213,-933777.4373665515
37500.0,10959.3,217.00017955704288,-962381.3287203645
38000.0,10197.899999999998,221.00017378407568,-913156.3894297073
39500.0,10440.9,224.0002284052269,-933816.8098686043
38000.0,11607.3,217.0002124185485,-962420.7012224173
38500.0,9792.9,219.0002195237389,-962418.1610371857
21000.0,123.732,260.00000260227597,-891156.3222987555
21000.0,3604.932,218.0000264342688,-888250.11851257
21500.0,4252.932,218.00005929577438,-888289.4910146229
22000.0,2438.5319999999997,220.00006640096478,-888286.9508293913
20500.0,3604.932,213.0000504142864,-916890.8421832043
22000.0,3847.9320000000002,216.00010503543757,-937551.2626221012
21500.0,3618.432,218.0000265082812,-888250.11851257
22000.0,4266.432,218.00005936978678,-888289.4910146229
22500.0,2452.0319999999997,220.0000664749772,-888286.9508293913
21000.0,3618.432,213.0000504882988,-916890.8421832043
22500.0,3861.4320000000002,216.00010510944998,-937551.2626221012
22000.0,7747.632,176.00008320177957,-885383.2872284374
22500.0,5933.232,178.00009030696998,-885380.7470432058
21000.0,7099.632,171.0000743202916,-913984.6383970188
22500.0,7342.632,174.0001289414428,-934645.0588359158
23000.0,6581.232,178.0001231684756,-885420.1195452586
21500.0,7747.632,171.00010718179718,-914024.0108990716
23000.0,7990.632,174.00016180294838,-934684.4313379686
22000.0,5933.232,173.00011428698758,-914021.47071384
23500.0,6176.232,176.0001689081388,-934681.891152737
22000.0,7342.632,169.0001529214604,-963285.78250655
21500.0,3604.932,238.0000264342688,-890722.86851257
22000.0,4252.932,238.00005929577438,-890762.2410146229
22500.0,2438.5319999999997,240.00006640096478,-890759.7008293913
21000.0,3604.932,233.0000504142864,-919363.5921832043
22500.0,3847.9320000000002,236.00010503543757,-940024.0126221012
22000.0,7734.132,196.0000831277672,-887856.0372284374
22500.0,5919.732,198.00009023295758,-887853.4970432058
21000.0,7086.132,191.00007424627918,-916457.3883970188
22500.0,7329.132,194.0001288674304,-937117.8088359158
23000.0,6567.732,198.0001230944632,-887892.8695452586
21500.0,7734.132,191.00010710778477,-916496.7608990716
23000.0,7977.132,194.00016172893598,-937157.1813379686
22000.0,5919.732,193.00011421297518,-916494.22071384
23500.0,6162.732,196.00016883412638,-937154.641152737
22000.0,7329.132,189.000152847448,-965758.53250655
22500.0,7747.632,196.00008320177957,-887856.0372284374
23000.0,5933.232,198.00009030696998,-887853.4970432058
21500.0,7099.632,191.0000743202916,-916457.3883970188
23000.0,7342.632,194.0001289414428,-937117.8088359158
23500.0,6581.232,198.0001231684756,-887892.8695452586
22000.0,7747.632,191.00010718179718,-916496.7608990716
23500.0,7990.632,194.00016180294838,-937157.1813379686
22500.0,5933.232,193.00011428698758,-916494.22071384
24000.0,6176.232,196.0001689081388,-937154.641152737
22500.0,7342.632,189.0001529214604,-965758.53250655
23500.0,10062.431999999999,156.0001470004684,-884986.6657590731
22000.0,11228.831999999999,149.00013101379,-913590.5571128861
23500.0,11471.832,152.00018563494118,-934250.9775517831
22500.0,9414.432,151.00013811898037,-913588.0169276545
24000.0,9657.432,154.00019274013158,-934248.4373665515
22500.0,10823.832,147.0001767534532,-962852.3287203645
23000.0,10062.432,151.000170980486,-913627.3894297073
24500.0,10305.432,154.0002256016372,-934287.8098686043
23000.0,11471.832,147.00020961495878,-962891.7012224173
23500.0,9657.432,149.00021672014918,-962889.1610371857
22000.0,3618.432,238.0000265082812,-890722.86851257
22500.0,4266.432,238.00005936978678,-890762.2410146229
23000.0,2452.0319999999997,240.0000664749772,-890759.7008293913
21500.0,3618.432,233.0000504882988,-919363.5921832043
23000.0,3861.4320000000002,236.00010510944998,-940024.0126221012
22500.0,7747.632,196.00008320177957,-887856.0372284374
23000.0,5933.232,198.00009030696998,-887853.4970432058
21500.0,7099.632,191.0000743202916,-916457.3883970188
23000.0,7342.632,194.0001289414428,-937117.8088359158
23500.0,6581.232,198.0001231684756,-887892.8695452586
22000.0,7747.632,191.00010718179718,-916496.7608990716
23500.0,7990.632,194.00016180294838,-937157.1813379686
22500.0,5933.232,193.00011428698758,-916494.22071384
24000.0,6176.232,196.0001689081388,-937154.641152737
22500.0,7342.632,189.0001529214604,-965758.53250655
23000.0,7761.132,196.00008327579198,-887856.0372284374
23500.0,5946.732,198.00009038098239,-887853.4970432058
22000.0,7113.132,191.000074394304,-916457.3883970188
23500.0,7356.132,194.00012901545517,-937117.8088359158
24000.0,6594.732,198.00012324248797,-887892.8695452586
22500.0,7761.132,191.00010725580958,-916496.7608990716
24000.0,8004.132,194.0001618769608,-937157.1813379686
23000.0,5946.732,193.000114361,-916494.22071384
24500.0,6189.732,196.0001689821512,-937154.641152737
23000.0,7356.132,189.00015299547277,-965758.53250655
24000.0,10075.931999999999,156.0001470744808,-884986.6657590731
22500.0,11242.331999999999,149.00013108780237,-913590.5571128861
24000.0,11485.332,152.00018570895358,-934250.9775517831
23000.0,9427.932,151.00013819299278,-913588.0169276545
24500.0,9670.932,154.000192814144,-934248.4373665515
23000.0,10837.332,147.0001768274656,-962852.3287203645
23500.0,10075.932,151.0001710544984,-913627.3894297073
25000.0,10318.932,154.00022567564957,-934287.8098686043
23500.0,11485.332,147.00020968897118,-962891.7012224173
24000.0,9670.932,149.0002167941616,-962889.1610371857
23000.0,7747.632,216.00008320177957,-890328.7872284374
23500.0,5933.232,218.00009030696998,-890326.2470432058
22000.0,7099.632,211.0000743202916,-918930.1383970188
23500.0,7342.632,214.0001289414428,-939590.5588359158
24000.0,6581.232,218.0001231684756,-890365.6195452586
22500.0,7747.632,211.00010718179718,-918969.5108990716
24000.0,7990.632,214.00016180294838,-939629.9313379686
23000.0,5933.232,213.00011428698758,-918966.97071384
24500.0,6176.232,216.0001689081388,-939627.391152737
23000.0,7342.632,209.0001529214604,-968231.28250655
24000.0,10062.431999999999,176.0001470004684,-887459.4157590731
22500.0,11228.831999999999,169.00013101379,-916063.3071128861
24000.0,11471.832,172.00018563494118,-936723.7275517831
23000.0,9414.432,171.00013811898037,-916060.7669276545
24500.0,9657.432,174.00019274013158,-936721.1873665515
23000.0,10823.832,167.0001767534532,-965325.0787203645
23500.0,10062.432,171.000170980486,-916100.1394297073
25000.0,10305.432,174.0002256016372,-936760.5598686043
23500.0,11471.832,167.00020961495878,-965364.4512224173
24000.0,9657.432,169.00021672014918,-965361.9110371857
24500.0,10075.931999999999,176.0001470744808,-887459.4157590731
23000.0,11242.331999999999,169.00013108780237,-916063.3071128861
24500.0,11485.332,172.00018570895358,-936723.7275517831
23500.0,9427.932,171.00013819299278,-916060.7669276545
25000.0,9670.932,174.000192814144,-936721.1873665515
23500.0,10837.332,167.0001768274656,-965325.0787203645
24000.0,10075.932,171.0001710544984,-916100.1394297073
25500.0,10318.932,174.00022567564957,-936760.5598686043
24000.0,11485.332,167.00020968897118,-965364.4512224173
24500.0,9670.932,169.0002167941616,-965361.9110371857
24000.0,13557.131999999998,129.0001948864912,-913193.9356435218
25500.0,13800.132,132.0002495076424,-933854.3560824188
24000.0,14966.532,125.00023352096399,-962458.2474362318
24500.0,13152.132000000001,127.00024062615438,-962455.7072510002
25000.0,13800.132000000001,127.00027348765998,-962495.079753053
22000.0,184.96800000000002,260.0000033216765,-891156.3222987555
22000.0,3666.1679999999997,218.00002715366932,-888250.11851257
22500.0,4314.168,218.0000600151749,-888289.4910146229
23000.0,2499.7679999999996,220.00006712036532,-888286.9508293913
21500.0,3666.1679999999997,213.00005113368692,-916890.8421832043
23000.0,3909.168,216.0001057548381,-937551.2626221012
22500.0,3679.6679999999997,218.0000272276817,-888250.11851257
23000.0,4327.668,218.00006008918731,-888289.4910146229
23500.0,2513.2679999999996,220.00006719437772,-888286.9508293913
22000.0,3679.6679999999997,213.0000512076993,-916890.8421832043
23500.0,3922.668,216.0001058288505,-937551.2626221012
23000.0,7808.8679999999995,176.0000839211801,-885383.2872284374
23500.0,5994.467999999999,178.0000910263705,-885380.7470432058
22000.0,7160.8679999999995,171.00007503969212,-913984.6383970188
23500.0,7403.868,174.0001296608433,-934645.0588359158
24000.0,6642.467999999999,178.0001238878761,-885420.1195452586
22500.0,7808.8679999999995,171.0001079011977,-914024.0108990716
24000.0,8051.868,174.00016252234892,-934684.4313379686
23000.0,5994.467999999999,173.0001150063881,-914021.47071384
24500.0,6237.468,176.00016962753932,-934681.891152737
23000.0,7403.868,169.0001536408609,-963285.78250655
22500.0,3666.1679999999997,238.00002715366932,-890722.86851257
23000.0,4314.168,238.0000600151749,-890762.2410146229
23500.0,2499.7679999999996,240.00006712036532,-890759.7008293913
22000.0,3666.1679999999997,233.00005113368692,-919363.5921832043
23500.0,3909.168,236.0001057548381,-940024.0126221012
23000.0,7795.3679999999995,196.0000838471677,-887856.0372284374
23500.0,5980.967999999999,198.0000909523581,-887853.4970432058
22000.0,7147.3679999999995,191.00007496567972,-916457.3883970188
23500.0,7390.368,194.00012958683092,-937117.8088359158
24000.0,6628.967999999999,198.00012381386372,-887892.8695452586
22500.0,7795.3679999999995,191.0001078271853,-916496.7608990716
24000.0,8038.368,194.0001624483365,-937157.1813379686
23000.0,5980.967999999999,193.0001149323757,-916494.22071384
24500.0,6223.968,196.00016955352692,-937154.641152737
23000.0,7390.368,189.00015356684852,-965758.53250655
23500.0,7808.8679999999995,196.0000839211801,-887856.0372284374
24000.0,5994.467999999999,198.0000910263705,-887853.4970432058
22500.0,7160.8679999999995,191.00007503969212,-916457.3883970188
24000.0,7403.868,194.0001296608433,-937117.8088359158
24500.0,6642.467999999999,198.0001238878761,-887892.8695452586
23000.0,7808.8679999999995,191.0001079011977,-916496.7608990716
24500.0,8051.868,194.00016252234892,-937157.1813379686
23500.0,5994.467999999999,193.0001150063881,-916494.22071384
25000.0,6237.468,196.00016962753932,-937154.641152737
23500.0,7403.868,189.0001536408609,-965758.53250655
24500.0,10123.668,156.00014771986892,-884986.6657590731
23000.0,11290.068,149.0001317331905,-913590.5571128861
24500.0,11533.068,152.0001863543417,-934250.9775517831
23500.0,9475.667999999998,151.0001388383809,-913588.0169276545
25000.0,9718.668,154.0001934595321,-934248.4373665515
23500.0,10885.068,147.00017747285372,-962852.3287203645
24000.0,10123.667999999998,151.00017169988652,-913627.3894297073
25500.0,10366.668,154.0002263210377,-934287.8098686043
24000.0,11533.068,147.0002103343593,-962891.7012224173
24500.0,9718.668,149.00021743954971,-962889.1610371857
23000.0,3679.6679999999997,238.0000272276817,-890722.86851257
23500.0,4327.668,238.00006008918731,-890762.2410146229
24000.0,2513.2679999999996,240.00006719437772,-890759.7008293913
22500.0,3679.6679999999997,233.0000512076993,-919363.5921832043
24000.0,3922.668,236.0001058288505,-940024.0126221012
23500.0,7808.8679999999995,196.0000839211801,-887856.0372284374
24000.0,5994.467999999999,198.0000910263705,-887853.4970432058
22500.0,7160.8679999999995,191.00007503969212,-916457.3883970188
24000.0,7403.868,194.0001296608433,-937117.8088359158
24500.0,6642.467999999999,198.0001238878761,-887892.8695452586
23000.0,7808.8679999999995,191.0001079011977,-916496.7608990716
24500.0,8051.868,194.00016252234892,-937157.1813379686
23500.0,5994.467999999999,193.0001150063881,-916494.22071384
25000.0,6237.468,196.00016962753932,-937154.641152737
23500.0,7403.868,189.0001536408609,-965758.53250655
24000.0,7822.3679999999995,196.0000839951925,-887856.0372284374
24500.0,6007.967999999999,198.00009110038292,-887853.4970432058
23000.0,7174.3679999999995,191.00007511370453,-916457.3883970188
24500.0,7417.368,194.0001297348557,-937117.8088359158
25000.0,6655.967999999999,198.0001239618885,-887892.8695452586
23500.0,7822.3679999999995,191.0001079752101,-916496.7608990716
25000.0,8065.368,194.00016259636132,-937157.1813379686
24000.0,6007.967999999999,193.00011508040052,-916494.22071384
25500.0,6250.968,196.0001697015517,-937154.641152737
24000.0,7417.368,189.0001537148733,-965758.53250655
25000.0,10137.168,156.00014779388133,-884986.6657590731
23500.0,11303.568,149.0001318072029,-913590.5571128861
25000.0,11546.568,152.0001864283541,-934250.9775517831
24000.0,9489.167999999998,151.0001389123933,-913588.0169276545
25500.0,9732.168,154.00019353354452,-934248.4373665515
24000.0,10898.568,147.0001775468661,-962852.3287203645
24500.0,10137.167999999998,151.0001717738989,-913627.3894297073
26000.0,10380.168,154.0002263950501,-934287.8098686043
24500.0,11546.568,147.00021040837171,-962891.7012224173
25000.0,9732.168,149.00021751356212,-962889.1610371857
24000.0,7808.8679999999995,216.0000839211801,-890328.7872284374
24500.0,5994.467999999999,218.0000910263705,-890326.2470432058
23000.0,7160.8679999999995,211.00007503969212,-918930.1383970188
24500.0,7403.868,214.0001296608433,-939590.5588359158
25000.0,6642.467999999999,218.0001238878761,-890365.6195452586
23500.0,7808.8679999999995,211.0001079011977,-918969.5108990716
25000.0,8051.868,214.00016252234892,-939629.9313379686
24000.0,5994.467999999999,213.0001150063881,-918966.97071384
25500.0,6237.468,216.00016962753932,-939627.391152737
24000.0,7403.868,209.0001536408609,-968231.28250655
25000.0,10123.668,176.00014771986892,-887459.4157590731
23500.0,11290.068,169.0001317331905,-916063.3071128861
25000.0,11533.068,172.0001863543417,-936723.7275517831
24000.0,9475.667999999998,171.0001388383809,-916060.7669276545
25500.0,9718.668,174.0001934595321,-936721.1873665515
24000.0,10885.068,167.00017747285372,-965325.0787203645
24500.0,10123.667999999998,171.00017169988652,-916100.1394297073
26000.0,10366.668,174.0002263210377,-936760.5598686043
24500.0,11533.068,167.0002103343593,-965364.4512224173
25000.0,9718.668,169.00021743954971,-965361.9110371857
25500.0,10137.168,176.00014779388133,-887459.4157590731
24000.0,11303.568,169.0001318072029,-916063.3071128861
25500.0,11546.568,172.0001864283541,-936723.7275517831
24500.0,9489.167999999998,171.0001389123933,-916060.7669276545
26000.0,9732.168,174.00019353354452,-936721.1873665515
24500.0,10898.568,167.0001775468661,-965325.0787203645
25000.0,10137.167999999998,171.0001717738989,-916100.1394297073
26500.0,10380.168,174.0002263950501,-936760.5598686043
25000.0,11546.568,167.00021040837171,-965364.4512224173
25500.0,9732.168,169.00021751356212,-965361.9110371857
25000.0,13618.367999999999,129.00019560589172,-913193.9356435218
26500.0,13861.368,132.00025022704293,-933854.3560824188
25000.0,15027.768,125.0002342403645,-962458.2474362318
25500.0,13213.367999999999,127.00024134555491,-962455.7072510002
26000.0,13861.367999999999,127.00027420706051,-962495.079753053
8000.0,3544.2,168.000024424092,-7338.046213814484
8500.0,4192.2,168.0000572855976,-7377.418715867371
9000.0,2377.7999999999997,170.000064390788,-7374.878530635694
7500.0,3544.2,163.0000484041096,-35978.76988444874
9000.0,3787.2000000000003,166.0001030252608,-56639.19032334568
8500.0,7673.4,126.0000811175904,-4471.214929681855
9000.0,5859.0,128.0000882227808,-4468.674744450178
7500.0,7025.4,121.0000722361024,-33072.566098263225
9000.0,7268.4,124.0001268572536,-53732.98653716017
9500.0,6507.0,128.0001210842864,-4508.047246503065
8000.0,7673.4,121.000105097608,-33111.93860031611
9500.0,7916.4,124.0001597187592,-53772.35903921306
8500.0,5859.0,123.0001122027984,-33109.39841508443
10000.0,6102.0,126.0001668239496,-53769.81885398138
8500.0,7268.4,119.0001508372712,-82373.71020779441
9000.0,7686.9,126.0000811916028,-4471.214929681855
9500.0,5872.5,128.0000882967932,-4468.674744450178
8000.0,7038.9,121.0000723101148,-33072.566098263225
9500.0,7281.9,124.000126931266,-53732.98653716017
10000.0,6520.5,128.0001211582988,-4508.047246503065
8500.0,7686.9,121.0001051716204,-33111.93860031611
10000.0,7929.9,124.0001597927716,-53772.35903921306
9000.0,5872.5,123.0001122768108,-33109.39841508443
10500.0,6115.5,126.000166897962,-53769.81885398138
9000.0,7281.9,119.0001509112836,-82373.71020779441
10000.0,10001.699999999999,86.0001449902916,-1601.843460317548
8500.0,11168.099999999999,79.0001290036132,-30205.734814130592
10000.0,11411.1,82.0001836247644,-50866.15525302754
9000.0,9353.7,81.0001361088036,-30203.194628898917
10500.0,9596.7,84.0001907299548,-50863.61506779586
9000.0,10763.1,77.0001747432764,-79467.50642160891
9500.0,10001.7,81.0001689703092,-30242.567130951804
11000.0,10244.7,84.0002235914604,-50902.987569848745
9500.0,11411.1,77.000207604782,-79506.87892366179
10000.0,9596.7,79.0002147099724,-79504.33873843012
9000.0,7673.4,146.0000811175904,-6943.964929681855
9500.0,5859.0,148.0000882227808,-6941.424744450178
8000.0,7025.4,141.0000722361024,-35545.316098263225
9500.0,7268.4,144.0001268572536,-56205.73653716017
10000.0,6507.0,148.0001210842864,-6980.797246503065
8500.0,7673.4,141.000105097608,-35584.68860031611
10000.0,7916.4,144.0001597187592,-56245.10903921306
9000.0,5859.0,143.0001122027984,-35582.14841508443
10500.0,6102.0,146.0001668239496,-56242.56885398138
9000.0,7268.4,139.0001508372712,-84846.46020779441
10000.0,9988.199999999999,106.0001449162792,-4074.5934603175483
8500.0,11154.599999999999,99.0001289296008,-32678.484814130592
10000.0,11397.6,102.000183550752,-53338.90525302754
9000.0,9340.2,101.0001360347912,-32675.944628898917
10500.0,9583.2,104.0001906559424,-53336.36506779586
9000.0,10749.6,97.000174669264,-81940.25642160891
9500.0,9988.2,101.0001688962968,-32715.317130951804
11000.0,10231.2,104.000223517448,-53375.737569848745
9500.0,11397.6,97.0002075307696,-81979.62892366179
10000.0,9583.2,99.00021463596,-81977.08873843012
10500.0,10001.699999999999,106.0001449902916,-4074.5934603175483
9000.0,11168.099999999999,99.0001290036132,-32678.484814130592
10500.0,11411.1,102.0001836247644,-53338.90525302754
9500.0,9353.7,101.0001361088036,-32675.944628898917
11000.0,9596.7,104.0001907299548,-53336.36506779586
9500.0,10763.1,97.0001747432764,-81940.25642160891
10000.0,10001.7,101.0001689703092,-32715.317130951804
11500.0,10244.7,104.0002235914604,-53375.737569848745
10000.0,11411.1,97.000207604782,-81979.62892366179
10500.0,9596.7,99.0002147099724,-81977.08873843012
10000.0,13482.899999999998,59.000192802302,-29809.113344766287
11500.0,13725.9,62.0002474234532,-50469.53378366323
10000.0,14892.3,55.0002314367748,-79073.42513747627
10500.0,13077.900000000001,57.0002385419652,-79070.8849522446
11000.0,13725.900000000001,57.0002714034708,-79110.25745429749
9500.0,7686.9,146.0000811916028,-6943.964929681855
10000.0,5872.5,148.0000882967932,-6941.424744450178
8500.0,7038.9,141.0000723101148,-35545.316098263225
10000.0,7281.9,144.000126931266,-56205.73653716017
10500.0,6520.5,148.0001211582988,-6980.797246503065
9000.0,7686.9,141.0001051716204,-35584.68860031611
10500.0,7929.9,144.0001597927716,-56245.10903921306
9500.0,5872.5,143.0001122768108,-35582.14841508443
11000.0,6115.5,146.000166897962,-56242.56885398138
9500.0,7281.9,139.0001509112836,-84846.46020779441
10500.0,10001.699999999999,106.0001449902916,-4074.5934603175483
9000.0,11168.099999999999,99.0001290036132,-32678.484814130592
10500.0,11411.1,102.0001836247644,-53338.90525302754
9500.0,9353.7,101.0001361088036,-32675.944628898917
11000.0,9596.7,104.0001907299548,-53336.36506779586
9500.0,10763.1,97.0001747432764,-81940.25642160891
10000.0,10001.7,101.0001689703092,-32715.317130951804
11500.0,10244.7,104.0002235914604,-53375.737569848745
10000.0,11411.1,97.000207604782,-81979.62892366179
10500.0,9596.7,99.0002147099724,-81977.08873843012
11000.0,10015.199999999999,106.000145064304,-4074.5934603175483
9500.0,11181.599999999999,99.0001290776256,-32678.484814130592
11000.0,11424.6,102.0001836987768,-53338.90525302754
10000.0,9367.2,101.000136182816,-32675.944628898917
11500.0,9610.2,104.0001908039672,-53336.36506779586
10000.0,10776.6,97.0001748172888,-81940.25642160891
10500.0,10015.2,101.0001690443216,-32715.317130951804
12000.0,10258.2,104.0002236654728,-53375.737569848745
10500.0,11424.6,97.0002076787944,-81979.62892366179
11000.0,9610.2,99.0002147839848,-81977.08873843012
10500.0,13496.399999999998,59.0001928763144,-29809.113344766287
12000.0,13739.4,62.0002474974656,-50469.53378366323
10500.0,14905.8,55.0002315107872,-79073.42513747627
11000.0,13091.400000000001,57.0002386159776,-79070.8849522446
11500.0,13739.400000000001,57.0002714774832,-79110.25745429749
11000.0,10001.699999999999,126.0001449902916,-9020.093460317546
9500.0,11168.099999999999,119.0001290036132,-37623.98481413059
11000.0,11411.1,122.0001836247644,-58284.40525302754
10000.0,9353.7,121.0001361088036,-37621.44462889891
11500.0,9596.7,124.0001907299548,-58281.86506779586
10000.0,10763.1,117.0001747432764,-86885.75642160891
10500.0,10001.7,121.0001689703092,-37660.8171309518
12000.0,10244.7,124.0002235914604,-58321.237569848745
10500.0,11411.1,117.000207604782,-86925.12892366179
11000.0,9596.7,119.0002147099724,-86922.58873843012
10500.0,13482.899999999998,79.000192802302,-34754.61334476629
12000.0,13725.9,82.0002474234532,-55415.03378366323
10500.0,14892.3,75.0002314367748,-84018.92513747627
11000.0,13077.900000000001,77.0002385419652,-84016.3849522446
11500.0,13725.900000000001,77.0002714034708,-84055.75745429749
11000.0,13496.399999999998,79.0001928763144,-34754.61334476629
12500.0,13739.4,82.0002474974656,-55415.03378366323
11000.0,14905.8,75.0002315107872,-84018.92513747627
11500.0,13091.400000000001,77.0002386159776,-84016.3849522446
12000.0,13739.400000000001,77.0002714774832,-84055.75745429749
12000.0,17220.6,35.000295309476,-78243.34988192645
55500.0,334.95000000000005,420.0000074165359,-885268.8222987555
55500.0,321.45000000000005,440.0000073425235,-887741.5722987555
56000.0,334.95000000000005,440.0000074165359,-887741.5722987555
56000.0,3816.1499999999996,398.00003124852867,-884835.36851257
56500.0,4464.15,398.0000641100343,-884874.7410146229
57000.0,2649.75,400.0000712152247,-884872.2008293913
55500.0,3816.1499999999996,393.0000552285463,-913476.0921832043
57000.0,4059.1500000000005,396.0001098496975,-934136.5126221012
56000.0,334.95000000000005,440.0000074165359,-887741.5722987555
56500.0,348.45000000000005,440.0000074905483,-887741.5722987555
56500.0,3829.6499999999996,398.0000313225411,-884835.36851257
57000.0,4477.65,398.0000641840467,-884874.7410146229
57500.0,2663.25,400.0000712892371,-884872.2008293913
56000.0,3829.6499999999996,393.0000553025587,-913476.0921832043
57500.0,4072.6500000000005,396.0001099237099,-934136.5126221012
56500.0,334.95000000000005,460.0000074165359,-890214.3222987555
56500.0,3816.1499999999996,418.00003124852867,-887308.11851257
57000.0,4464.15,418.0000641100343,-887347.4910146229
57500.0,2649.75,420.0000712152247,-887344.9508293913
56000.0,3816.1499999999996,413.0000552285463,-915948.8421832043
57500.0,4059.1500000000005,416.0001098496975,-936609.2626221012
57000.0,3829.6499999999996,418.0000313225411,-887308.11851257
57500.0,4477.65,418.0000641840467,-887347.4910146229
58000.0,2663.25,420.0000712892371,-887344.9508293913
56500.0,3829.6499999999996,413.0000553025587,-915948.8421832043
58000.0,4072.6500000000005,416.0001099237099,-936609.2626221012
57500.0,7958.849999999999,376.0000880160395,-884441.2872284374
58000.0,6144.449999999999,378.0000951212299,-884438.7470432058
56500.0,7310.849999999999,371.00007913455147,-913042.6383970188
58000.0,7553.85,374.0001337557027,-933703.0588359158
58500.0,6792.449999999999,378.0001279827355,-884478.1195452586
57000.0,7958.849999999999,371.0001119960571,-913082.0108990716
58500.0,8201.85,374.0001666172083,-933742.4313379686
57500.0,6144.45,373.0001191012475,-913079.47071384
59000.0,6387.450000000001,376.0001737223987,-933739.891152737
57500.0,7553.85,369.0001577357203,-962343.78250655
41000.0,199.482,370.00000461294616,-888212.5722987555
41500.0,212.982,370.00000468695856,-888212.5722987555
41500.0,3694.182,328.0000285189514,-885306.36851257
42000.0,4342.182,328.000061380457,-885345.7410146229
42500.0,2527.7819999999997,330.0000684856474,-885343.2008293913
41000.0,3694.182,323.000052498969,-913947.0921832043
42500.0,3937.1820000000002,326.00010712012016,-934607.5126221012
41500.0,199.482,390.00000461294616,-890685.3222987555
41500.0,3680.682,348.000028444939,-887779.11851257
42000.0,4328.682,348.0000613064446,-887818.4910146229
42500.0,2514.2819999999997,350.00006841163497,-887815.9508293913
41000.0,3680.682,343.0000524249566,-916419.8421832043
42500.0,3923.6820000000002,346.00010704610776,-937080.2626221012
42000.0,3694.182,348.0000285189514,-887779.11851257
42500.0,4342.182,348.000061380457,-887818.4910146229
43000.0,2527.7819999999997,350.0000684856474,-887815.9508293913
41500.0,3694.182,343.000052498969,-916419.8421832043
43000.0,3937.1820000000002,346.00010712012016,-937080.2626221012
42500.0,7823.382,306.0000852124498,-884912.2872284374
43000.0,6008.982,308.00009231764017,-884909.7470432058
41500.0,7175.382,301.0000763309618,-913513.6383970188
43000.0,7418.382,304.000130952113,-934174.0588359158
43500.0,6656.982,308.0001251791458,-884949.1195452586
42000.0,7823.382,301.0001091924674,-913553.0108990716
43500.0,8066.382,304.0001638136186,-934213.4313379686
42500.0,6008.982,303.00011629765777,-913550.47071384
44000.0,6251.982,306.000170918809,-934210.891152737
42500.0,7418.382,299.00015493213056,-962814.78250655
42000.0,212.982,390.00000468695856,-890685.3222987555
42000.0,3694.182,348.0000285189514,-887779.11851257
42500.0,4342.182,348.000061380457,-887818.4910146229
43000.0,2527.7819999999997,350.0000684856474,-887815.9508293913
41500.0,3694.182,343.000052498969,-916419.8421832043
43000.0,3937.1820000000002,346.00010712012016,-937080.2626221012
42500.0,3707.682,348.00002859296376,-887779.11851257
43000.0,4355.682,348.0000614544694,-887818.4910146229
43500.0,2541.2819999999997,350.0000685596598,-887815.9508293913
42000.0,3707.682,343.00005257298136,-916419.8421832043
43500.0,3950.6820000000002,346.00010719413257,-937080.2626221012
43000.0,7836.882,306.0000852864622,-884912.2872284374
43500.0,6022.482,308.0000923916526,-884909.7470432058
42000.0,7188.882,301.0000764049742,-913513.6383970188
43500.0,7431.882,304.00013102612536,-934174.0588359158
44000.0,6670.482,308.00012525315816,-884949.1195452586
42500.0,7836.882,301.0001092664798,-913553.0108990716
44000.0,8079.882,304.000163887631,-934213.4313379686
43000.0,6022.482,303.0001163716702,-913550.47071384
44500.0,6265.482,306.0001709928214,-934210.891152737
43000.0,7431.882,299.00015500614296,-962814.78250655
42500.0,3694.182,368.0000285189514,-890251.86851257
43000.0,4342.182,368.000061380457,-890291.2410146229
43500.0,2527.7819999999997,370.0000684856474,-890288.7008293913
42000.0,3694.182,363.000052498969,-918892.5921832043
43500.0,3937.1820000000002,366.00010712012016,-939553.0126221012
43000.0,7823.382,326.0000852124498,-887385.0372284374
43500.0,6008.982,328.00009231764017,-887382.4970432058
42000.0,7175.382,321.0000763309618,-915986.3883970188
43500.0,7418.382,324.000130952113,-936646.8088359158
44000.0,6656.982,328.0001251791458,-887421.8695452586
42500.0,7823.382,321.0001091924674,-916025.7608990716
44000.0,8066.382,324.0001638136186,-936686.1813379686
43000.0,6008.982,323.00011629765777,-916023.22071384
44500.0,6251.982,326.000170918809,-936683.641152737
43000.0,7418.382,319.00015493213056,-965287.53250655
43500.0,7836.882,326.0000852864622,-887385.0372284374
44000.0,6022.482,328.0000923916526,-887382.4970432058
42500.0,7188.882,321.0000764049742,-915986.3883970188
44000.0,7431.882,324.00013102612536,-936646.8088359158
44500.0,6670.482,328.00012525315816,-887421.8695452586
43000.0,7836.882,321.0001092664798,-916025.7608990716
44500.0,8079.882,324.000163887631,-936686.1813379686
43500.0,6022.482,323.0001163716702,-916023.22071384
45000.0,6265.482,326.0001709928214,-936683.641152737
43500.0,7431.882,319.00015500614296,-965287.53250655
44500.0,10151.681999999999,286.000149085151,-884515.6657590731
43000.0,11318.081999999999,279.0001330984726,-913119.5571128861
44500.0,11561.082,282.0001877196238,-933779.9775517831
43500.0,9503.682,281.00014020366297,-913117.0169276545
45000.0,9746.682,284.0001948248142,-933777.4373665515
43500.0,10913.082,277.0001788381358,-962381.3287203645
44000.0,10151.682,281.0001730651686,-913156.3894297073
45500.0,10394.682,284.00022768631976,-933816.8098686043
44000.0,11561.082,277.0002116996414,-962420.7012224173
44500.0,9746.682,279.0002188048318,-962418.1610371857
42000.0,260.718,370.0000053323467,-888212.5722987555
42500.0,274.218,370.0000054063591,-888212.5722987555
42500.0,3755.4179999999997,328.0000292383519,-885306.36851257
43000.0,4403.418,328.00006209985753,-885345.7410146229
43500.0,2589.0179999999996,330.0000692050479,-885343.2008293913
42000.0,3755.4179999999997,323.0000532183695,-913947.0921832043
43500.0,3998.418,326.0001078395207,-934607.5126221012
42500.0,260.718,390.0000053323467,-890685.3222987555
42500.0,3741.9179999999997,348.00002916433954,-887779.11851257
43000.0,4389.918,348.0000620258451,-887818.4910146229
43500.0,2575.5179999999996,350.0000691310355,-887815.9508293913
42000.0,3741.9179999999997,343.00005314435714,-916419.8421832043
43500.0,3984.918,346.0001077655083,-937080.2626221012
43000.0,3755.4179999999997,348.0000292383519,-887779.11851257
43500.0,4403.418,348.00006209985753,-887818.4910146229
44000.0,2589.0179999999996,350.0000692050479,-887815.9508293913
42500.0,3755.4179999999997,343.0000532183695,-916419.8421832043
44000.0,3998.418,346.0001078395207,-937080.2626221012
43500.0,7884.6179999999995,306.0000859318503,-884912.2872284374
44000.0,6070.217999999999,308.0000930370407,-884909.7470432058
42500.0,7236.6179999999995,301.00007705036234,-913513.6383970188
44000.0,7479.618,304.0001316715135,-934174.0588359158
44500.0,6718.217999999999,308.0001258985463,-884949.1195452586
43000.0,7884.6179999999995,301.0001099118679,-913553.0108990716
44500.0,8127.618,304.00016453301913,-934213.4313379686
43500.0,6070.217999999999,303.0001170170583,-913550.47071384
45000.0,6313.218,306.0001716382095,-934210.891152737
43500.0,7479.618,299.0001556515311,-962814.78250655
43000.0,274.218,390.0000054063591,-890685.3222987555
43000.0,3755.4179999999997,348.0000292383519,-887779.11851257
43500.0,4403.418,348.00006209985753,-887818.4910146229
44000.0,2589.0179999999996,350.0000692050479,-887815.9508293913
42500.0,3755.4179999999997,343.0000532183695,-916419.8421832043
44000.0,3998.418,346.0001078395207,-937080.2626221012
43500.0,3768.9179999999997,348.0000293123643,-887779.11851257
44000.0,4416.918,348.00006217386994,-887818.4910146229
44500.0,2602.5179999999996,350.0000692790603,-887815.9508293913
43000.0,3768.9179999999997,343.0000532923819,-916419.8421832043
44500.0,4011.918,346.0001079135331,-937080.2626221012
44000.0,7898.1179999999995,306.0000860058627,-884912.2872284374
44500.0,6083.717999999999,308.0000931110531,-884909.7470432058
43000.0,7250.1179999999995,301.0000771243747,-913513.6383970188
44500.0,7493.118,304.0001317455259,-934174.0588359158
45000.0,6731.717999999999,308.0001259725587,-884949.1195452586
43500.0,7898.1179999999995,301.00010998588033,-913553.0108990716
45000.0,8141.118,304.00016460703154,-934213.4313379686
44000.0,6083.717999999999,303.0001170910707,-913550.47071384
45500.0,6326.718,306.0001717122219,-934210.891152737
44000.0,7493.118,299.0001557255435,-962814.78250655
43500.0,3755.4179999999997,368.0000292383519,-890251.86851257
44000.0,4403.418,368.00006209985753,-890291.2410146229
44500.0,2589.0179999999996,370.0000692050479,-890288.7008293913
43000.0,3755.4179999999997,363.0000532183695,-918892.5921832043
44500.0,3998.418,366.0001078395207,-939553.0126221012
44000.0,7884.6179999999995,326.0000859318503,-887385.0372284374
44500.0,6070.217999999999,328.0000930370407,-887382.4970432058
43000.0,7236.6179999999995,321.00007705036234,-915986.3883970188
44500.0,7479.618,324.0001316715135,-936646.8088359158
45000.0,6718.217999999999,328.0001258985463,-887421.8695452586
43500.0,7884.6179999999995,321.0001099118679,-916025.7608990716
45000.0,8127.618,324.00016453301913,-936686.1813379686
44000.0,6070.217999999999,323.0001170170583,-916023.22071384
45500.0,6313.218,326.0001716382095,-936683.641152737
44000.0,7479.618,319.0001556515311,-965287.53250655
44500.0,7898.1179999999995,326.0000860058627,-887385.0372284374
45000.0,6083.717999999999,328.0000931110531,-887382.4970432058
43500.0,7250.1179999999995,321.0000771243747,-915986.3883970188
45000.0,7493.118,324.0001317455259,-936646.8088359158
45500.0,6731.717999999999,328.0001259725587,-887421.8695452586
44000.0,7898.1179999999995,321.00010998588033,-916025.7608990716
45500.0,8141.118,324.00016460703154,-936686.1813379686
44500.0,6083.717999999999,323.0001170910707,-916023.22071384
46000.0,6326.718,326.0001717122219,-936683.641152737
44500.0,7493.118,319.0001557255435,-965287.53250655
45500.0,10212.918,286.0001498045515,-884515.6657590731
44000.0,11379.318,279.0001338178731,-913119.5571128861
45500.0,11622.318,282.0001884390243,-933779.9775517831
44500.0,9564.917999999998,281.0001409230635,-913117.0169276545
46000.0,9807.918,284.0001955442147,-933777.4373665515
44500.0,10974.318,277.0001795575363,-962381.3287203645
45000.0,10212.917999999998,281.0001737845691,-913156.3894297073
46500.0,10455.918,284.0002284057203,-933816.8098686043
45000.0,11622.318,277.00021241904193,-962420.7012224173
45500.0,9807.918,279.0002195242323,-962418.1610371857
28000.0,138.75,320.0000026027694,-519405.62879532785
28000.0,3619.95,278.0000264347622,-516499.4250091423
28500.0,4267.95,278.0000592962678,-516538.79751119524
29000.0,2453.5499999999997,280.0000664014582,-516536.2573259635
27500.0,3619.95,273.0000504147798,-545140.1486797766
29000.0,3862.9500000000003,276.000105035931,-565800.5691186736
28500.0,3633.45,278.0000265087746,-516499.4250091423
29000.0,4281.45,278.0000593702802,-516538.79751119524
29500.0,2467.0499999999997,280.0000664754706,-516536.2573259635
28000.0,3633.45,273.0000504887922,-545140.1486797766
29500.0,3876.4500000000003,276.0001051099434,-565800.5691186736
29000.0,7762.65,236.000083202273,-513632.5937250097
29500.0,5948.25,238.0000903074634,-513630.053539778
28000.0,7114.65,231.000074320785,-542233.9448935911
29500.0,7357.65,234.0001289419362,-562894.365332488
30000.0,6596.25,238.000123168969,-513669.4260418309
28500.0,7762.65,231.0001071822906,-542273.317395644
30000.0,8005.65,234.0001618034418,-562933.7378345409
29000.0,5948.25,233.000114287481,-542270.7772104123
30500.0,6191.25,236.0001689086322,-562931.1976493092
29000.0,7357.65,229.0001529219538,-591535.0890031223
28500.0,3619.95,298.0000264347622,-518972.1750091423
29000.0,4267.95,298.0000592962678,-519011.54751119524
29500.0,2453.5499999999997,300.0000664014582,-519009.0073259635
28000.0,3619.95,293.0000504147798,-547612.8986797766
29500.0,3862.9500000000003,296.000105035931,-568273.3191186736
29000.0,7749.15,256.0000831282606,-516105.3437250097
29500.0,5934.75,258.000090233451,-516102.803539778
28000.0,7101.15,251.0000742467726,-544706.6948935911
29500.0,7344.15,254.0001288679238,-565367.115332488
30000.0,6582.75,258.0001230949566,-516142.1760418309
28500.0,7749.15,251.0001071082782,-544746.067395644
30000.0,7992.15,254.0001617294294,-565406.4878345409
29000.0,5934.75,253.0001142134686,-544743.5272104123
30500.0,6177.75,256.0001688346198,-565403.9476493092
29000.0,7344.15,249.0001528479414,-594007.8390031223
29500.0,7762.65,256.000083202273,-516105.3437250097
30000.0,5948.25,258.0000903074634,-516102.803539778
28500.0,7114.65,251.000074320785,-544706.6948935911
30000.0,7357.65,254.0001289419362,-565367.115332488
30500.0,6596.25,258.000123168969,-516142.1760418309
29000.0,7762.65,251.0001071822906,-544746.067395644
30500.0,8005.65,254.0001618034418,-565406.4878345409
29500.0,5948.25,253.000114287481,-544743.5272104123
31000.0,6191.25,256.0001689086322,-565403.9476493092
29500.0,7357.65,249.0001529219538,-594007.8390031223
30500.0,10077.449999999999,216.0001470009618,-513235.9722556454
29000.0,11243.849999999999,209.0001310142834,-541839.8636094584
30500.0,11486.85,212.0001856354346,-562500.2840483554
29500.0,9429.45,211.0001381194738,-541837.3234242267
31000.0,9672.45,214.000192740625,-562497.7438631237
29500.0,10838.85,207.0001767539466,-591101.6352169368
30000.0,10077.45,211.0001709809794,-541876.6959262796
31500.0,10320.45,214.0002256021306,-562537.1163651766
30000.0,11486.85,207.0002096154522,-591141.0077189897
30500.0,9672.45,209.0002167206426,-591138.467533758
29000.0,3633.45,298.0000265087746,-518972.1750091423
29500.0,4281.45,298.0000593702802,-519011.54751119524
30000.0,2467.0499999999997,300.0000664754706,-519009.0073259635
28500.0,3633.45,293.0000504887922,-547612.8986797766
30000.0,3876.4500000000003,296.0001051099434,-568273.3191186736
29500.0,7762.65,256.000083202273,-516105.3437250097
30000.0,5948.25,258.0000903074634,-516102.803539778
28500.0,7114.65,251.000074320785,-544706.6948935911
30000.0,7357.65,254.0001289419362,-565367.115332488
30500.0,6596.25,258.000123168969,-516142.1760418309
29000.0,7762.65,251.0001071822906,-544746.067395644
30500.0,8005.65,254.0001618034418,-565406.4878345409
29500.0,5948.25,253.000114287481,-544743.5272104123
31000.0,6191.25,256.0001689086322,-565403.9476493092
29500.0,7357.65,249.0001529219538,-594007.8390031223
30000.0,7776.15,256.0000832762854,-516105.3437250097
30500.0,5961.75,258.0000903814758,-516102.803539778
29000.0,7128.15,251.0000743947974,-544706.6948935911
30500.0,7371.15,254.0001290159486,-565367.115332488
31000.0,6609.75,258.0001232429814,-516142.1760418309
29500.0,7776.15,251.000107256303,-544746.067395644
31000.0,8019.15,254.0001618774542,-565406.4878345409
30000.0,5961.75,253.0001143614934,-544743.5272104123
31500.0,6204.75,256.0001689826446,-565403.9476493092
30000.0,7371.15,249.0001529959662,-594007.8390031223
31000.0,10090.949999999999,216.0001470749742,-513235.9722556454
29500.0,11257.349999999999,209.0001310882958,-541839.8636094584
31000.0,11500.35,212.000185709447,-562500.2840483554
30000.0,9442.95,211.0001381934862,-541837.3234242267
31500.0,9685.95,214.0001928146374,-562497.7438631237
30000.0,10852.35,207.000176827959,-591101.6352169368
30500.0,10090.95,211.0001710549918,-541876.6959262796
32000.0,10333.95,214.000225676143,-562537.1163651766
30500.0,11500.35,207.0002096894646,-591141.0077189897
31000.0,9685.95,209.000216794655,-591138.467533758
30000.0,7762.65,276.000083202273,-518578.0937250097
30500.0,5948.25,278.0000903074634,-518575.553539778
29000.0,7114.65,271.000074320785,-547179.4448935911
30500.0,7357.65,274.0001289419362,-567839.865332488
31000.0,6596.25,278.000123168969,-518614.9260418309
29500.0,7762.65,271.0001071822906,-547218.817395644
31000.0,8005.65,274.0001618034418,-567879.2378345409
30000.0,5948.25,273.000114287481,-547216.2772104123
31500.0,6191.25,276.0001689086322,-567876.6976493092
30000.0,7357.65,269.0001529219538,-596480.5890031223
31000.0,10077.449999999999,236.0001470009618,-515708.7222556454
29500.0,11243.849999999999,229.0001310142834,-544312.6136094584
31000.0,11486.85,232.0001856354346,-564973.0340483554
30000.0,9429.45,231.0001381194738,-544310.0734242267
31500.0,9672.45,234.000192740625,-564970.4938631237
30000.0,10838.85,227.0001767539466,-593574.3852169368
30500.0,10077.45,231.0001709809794,-544349.4459262796
32000.0,10320.45,234.0002256021306,-565009.8663651766
30500.0,11486.85,227.0002096154522,-593613.7577189897
31000.0,9672.45,229.0002167206426,-593611.217533758
31500.0,10090.949999999999,236.0001470749742,-515708.7222556454
30000.0,11257.349999999999,229.0001310882958,-544312.6136094584
31500.0,11500.35,232.000185709447,-564973.0340483554
30500.0,9442.95,231.0001381934862,-544310.0734242267
32000.0,9685.95,234.0001928146374,-564970.4938631237
30500.0,10852.35,227.000176827959,-593574.3852169368
31000.0,10090.95,231.0001710549918,-544349.4459262796
32500.0,10333.95,234.000225676143,-565009.8663651766
31000.0,11500.35,227.0002096894646,-593613.7577189897
31500.0,9685.95,229.000216794655,-593611.217533758
31000.0,13572.149999999998,189.0001948869846,-541443.2421400942
32500.0,13815.15,192.0002495081358,-562103.662578991
31000.0,14981.55,185.0002335214574,-590707.5539328041
31500.0,13167.150000000001,187.0002406266478,-590705.0137475724
32000.0,13815.150000000001,187.0002734881534,-590744.3862496254
45000.0,279.45000000000005,390.0000062570083,-888212.5722987555
45500.0,292.95000000000005,390.0000063310207,-888212.5722987555
45500.0,3774.1499999999996,348.0000301630135,-885306.36851257
46000.0,4422.15,348.0000630245191,-885345.7410146229
46500.0,2607.75,350.0000701297095,-885343.2008293913
45000.0,3774.1499999999996,343.0000541430311,-913947.0921832043
46500.0,4017.1500000000005,346.0001087641823,-934607.5126221012
45500.0,279.45000000000005,410.0000062570083,-890685.3222987555
45500.0,3760.6499999999996,368.0000300890011,-887779.11851257
46000.0,4408.65,368.0000629505067,-887818.4910146229
46500.0,2594.25,370.0000700556971,-887815.9508293913
45000.0,3760.6499999999996,363.0000540690187,-916419.8421832043
46500.0,4003.6500000000005,366.0001086901699,-937080.2626221012
46000.0,3774.1499999999996,368.0000301630135,-887779.11851257
46500.0,4422.15,368.0000630245191,-887818.4910146229
47000.0,2607.75,370.0000701297095,-887815.9508293913
45500.0,3774.1499999999996,363.0000541430311,-916419.8421832043
47000.0,4017.1500000000005,366.0001087641823,-937080.2626221012
46500.0,7903.349999999999,326.00008685651187,-884912.2872284374
47000.0,6088.949999999999,328.0000939617023,-884909.7470432058
45500.0,7255.349999999999,321.0000779750239,-913513.6383970188
47000.0,7498.35,324.0001325961751,-934174.0588359158
47500.0,6736.949999999999,328.0001268232079,-884949.1195452586
46000.0,7903.349999999999,321.0001108365295,-913553.0108990716
47500.0,8146.35,324.0001654576807,-934213.4313379686
46500.0,6088.95,323.0001179417199,-913550.47071384
48000.0,6331.950000000001,326.0001725628711,-934210.891152737
46500.0,7498.35,319.0001565761927,-962814.78250655
46000.0,292.95000000000005,410.0000063310207,-890685.3222987555
46000.0,3774.1499999999996,368.0000301630135,-887779.11851257
46500.0,4422.15,368.0000630245191,-887818.4910146229
47000.0,2607.75,370.0000701297095,-887815.9508293913
45500.0,3774.1499999999996,363.0000541430311,-916419.8421832043
47000.0,4017.1500000000005,366.0001087641823,-937080.2626221012
46500.0,3787.6499999999996,368.0000302370259,-887779.11851257
47000.0,4435.65,368.0000630985315,-887818.4910146229
47500.0,2621.25,370.0000702037219,-887815.9508293913
46000.0,3787.6499999999996,363.0000542170435,-916419.8421832043
47500.0,4030.6500000000005,366.0001088381947,-937080.2626221012
47000.0,7916.849999999999,326.0000869305243,-884912.2872284374
47500.0,6102.449999999999,328.0000940357147,-884909.7470432058
46000.0,7268.849999999999,321.0000780490363,-913513.6383970188
47500.0,7511.85,324.0001326701875,-934174.0588359158
48000.0,6750.449999999999,328.0001268972203,-884949.1195452586
46500.0,7916.849999999999,321.0001109105419,-913553.0108990716
48000.0,8159.85,324.0001655316931,-934213.4313379686
47000.0,6102.45,323.0001180157323,-913550.47071384
48500.0,6345.450000000001,326.0001726368835,-934210.891152737
47000.0,7511.85,319.0001566502051,-962814.78250655
46500.0,3774.1499999999996,388.0000301630135,-890251.86851257
47000.0,4422.15,388.0000630245191,-890291.2410146229
47500.0,2607.75,390.0000701297095,-890288.7008293913
46000.0,3774.1499999999996,383.0000541430311,-918892.5921832043
47500.0,4017.1500000000005,386.0001087641823,-939553.0126221012
47000.0,7903.349999999999,346.00008685651187,-887385.0372284374
47500.0,6088.949999999999,348.0000939617023,-887382.4970432058
46000.0,7255.349999999999,341.0000779750239,-915986.3883970188
47500.0,7498.35,344.0001325961751,-936646.8088359158
48000.0,6736.949999999999,348.0001268232079,-887421.8695452586
46500.0,7903.349999999999,341.0001108365295,-916025.7608990716
48000.0,8146.35,344.0001654576807,-936686.1813379686
47000.0,6088.95,343.0001179417199,-916023.22071384
48500.0,6331.950000000001,346.0001725628711,-936683.641152737
47000.0,7498.35,339.0001565761927,-965287.53250655
47500.0,7916.849999999999,346.0000869305243,-887385.0372284374
48000.0,6102.449999999999,348.0000940357147,-887382.4970432058
46500.0,7268.849999999999,341.0000780490363,-915986.3883970188
48000.0,7511.85,344.0001326701875,-936646.8088359158
48500.0,6750.449999999999,348.0001268972203,-887421.8695452586
47000.0,7916.849999999999,341.0001109105419,-916025.7608990716
48500.0,8159.85,344.0001655316931,-936686.1813379686
47500.0,6102.45,343.0001180157323,-916023.22071384
49000.0,6345.450000000001,346.0001726368835,-936683.641152737
47500.0,7511.85,339.0001566502051,-965287.53250655
48500.0,10231.65,306.0001507292131,-884515.6657590731
47000.0,11398.05,299.00013474253467,-913119.5571128861
48500.0,11641.05,302.0001893636859,-933779.9775517831
47500.0,9583.649999999998,301.0001418477251,-913117.0169276545
49000.0,9826.65,304.0001964688763,-933777.4373665515
47500.0,10993.05,297.0001804821979,-962381.3287203645
48000.0,10231.649999999998,301.0001747092307,-913156.3894297073
49500.0,10474.65,304.0002293303819,-933816.8098686043
48000.0,11641.05,297.0002133437035,-962420.7012224173
48500.0,9826.65,299.0002204488939,-962418.1610371857
31000.0,157.482,340.000003527431,-891156.3222987555
31000.0,3638.682,298.00002735942377,-888250.11851257
31500.0,4286.682,298.00006022092936,-888289.4910146229
32000.0,2472.2819999999997,300.0000673261198,-888286.9508293913
30500.0,3638.682,293.00005133944137,-916890.8421832043
32000.0,3881.6820000000002,296.0001059605926,-937551.2626221012
31500.0,3652.182,298.0000274334362,-888250.11851257
32000.0,4300.182,298.00006029494176,-888289.4910146229
32500.0,2485.7819999999997,300.0000674001322,-888286.9508293913
31000.0,3652.182,293.0000514134538,-916890.8421832043
32500.0,3895.1820000000002,296.000106034605,-937551.2626221012
32000.0,7781.382,256.0000841269346,-885383.2872284374
32500.0,5966.982,258.000091232125,-885380.7470432058
31000.0,7133.382,251.0000752454466,-913984.6383970188
32500.0,7376.382,254.00012986659777,-934645.0588359158
33000.0,6614.982,258.0001240936306,-885420.1195452586
31500.0,7781.382,251.00010810695218,-914024.0108990716
33000.0,8024.382,254.0001627281034,-934684.4313379686
32000.0,5966.982,253.0001152121426,-914021.47071384
33500.0,6209.982,256.0001698332938,-934681.891152737
32000.0,7376.382,249.00015384661538,-963285.78250655
31500.0,3638.682,318.00002735942377,-890722.86851257
32000.0,4286.682,318.00006022092936,-890762.2410146229
32500.0,2472.2819999999997,320.0000673261198,-890759.7008293913
31000.0,3638.682,313.00005133944137,-919363.5921832043
32500.0,3881.6820000000002,316.0001059605926,-940024.0126221012
32000.0,7767.882,276.0000840529222,-887856.0372284374
32500.0,5953.482,278.0000911581126,-887853.4970432058
31000.0,7119.882,271.00007517143416,-916457.3883970188
32500.0,7362.882,274.00012979258537,-937117.8088359158
33000.0,6601.482,278.00012401961817,-887892.8695452586
31500.0,7767.882,271.0001080329398,-916496.7608990716
33000.0,8010.882,274.00016265409096,-937157.1813379686
32000.0,5953.482,273.0001151381302,-916494.22071384
33500.0,6196.482,276.0001697592814,-937154.641152737
32000.0,7362.882,269.00015377260297,-965758.53250655
32500.0,7781.382,276.0000841269346,-887856.0372284374
33000.0,5966.982,278.000091232125,-887853.4970432058
31500.0,7133.382,271.00007524544657,-916457.3883970188
33000.0,7376.382,274.0001298665978,-937117.8088359158
33500.0,6614.982,278.0001240936306,-887892.8695452586
32000.0,7781.382,271.0001081069522,-916496.7608990716
33500.0,8024.382,274.00016272810336,-937157.1813379686
32500.0,5966.982,273.0001152121426,-916494.22071384
34000.0,6209.982,276.0001698332938,-937154.641152737
32500.0,7376.382,269.0001538466154,-965758.53250655
33500.0,10096.181999999999,236.0001479256234,-884986.6657590731
32000.0,11262.581999999999,229.00013193894497,-913590.5571128861
33500.0,11505.582,232.00018656009618,-934250.9775517831
32500.0,9448.182,231.00013904413538,-913588.0169276545
34000.0,9691.182,234.0001936652866,-934248.4373665515
32500.0,10857.582,227.0001776786082,-962852.3287203645
33000.0,10096.182,231.000171905641,-913627.3894297073
34500.0,10339.182,234.00022652679218,-934287.8098686043
33000.0,11505.582,227.00021054011378,-962891.7012224173
33500.0,9691.182,229.0002176453042,-962889.1610371857
32000.0,3652.182,318.0000274334362,-890722.86851257
32500.0,4300.182,318.00006029494176,-890762.2410146229
33000.0,2485.7819999999997,320.0000674001322,-890759.7008293913
31500.0,3652.182,313.0000514134538,-919363.5921832043
33000.0,3895.1820000000002,316.000106034605,-940024.0126221012
32500.0,7781.382,276.0000841269346,-887856.0372284374
33000.0,5966.982,278.000091232125,-887853.4970432058
31500.0,7133.382,271.00007524544657,-916457.3883970188
33000.0,7376.382,274.0001298665978,-937117.8088359158
33500.0,6614.982,278.0001240936306,-887892.8695452586
32000.0,7781.382,271.0001081069522,-916496.7608990716
33500.0,8024.382,274.00016272810336,-937157.1813379686
32500.0,5966.982,273.0001152121426,-916494.22071384
34000.0,6209.982,276.0001698332938,-937154.641152737
32500.0,7376.382,269.0001538466154,-965758.53250655
33000.0,7794.882,276.00008420094696,-887856.0372284374
33500.0,5980.482,278.0000913061374,-887853.4970432058
32000.0,7146.882,271.000075319459,-916457.3883970188
33500.0,7389.882,274.0001299406102,-937117.8088359158
34000.0,6628.482,278.000124167643,-887892.8695452586
32500.0,7794.882,271.00010818096456,-916496.7608990716
34000.0,8037.882,274.00016280211577,-937157.1813379686
33000.0,5980.482,273.000115286155,-916494.22071384
34500.0,6223.482,276.0001699073062,-937154.641152737
33000.0,7389.882,269.0001539206278,-965758.53250655
34000.0,10109.681999999999,236.00014799963577,-884986.6657590731
32500.0,11276.081999999999,229.00013201295738,-913590.5571128861
34000.0,11519.082,232.0001866341086,-934250.9775517831
33000.0,9461.682,231.00013911814779,-913588.0169276545
34500.0,9704.682,234.000193739299,-934248.4373665515
33000.0,10871.082,227.00017775262057,-962852.3287203645
33500.0,10109.682,231.00017197965337,-913627.3894297073
35000.0,10352.682,234.00022660080458,-934287.8098686043
33500.0,11519.082,227.0002106141262,-962891.7012224173
34000.0,9704.682,229.0002177193166,-962889.1610371857
33000.0,7781.382,296.0000841269346,-890328.7872284374
33500.0,5966.982,298.000091232125,-890326.2470432058
32000.0,7133.382,291.00007524544657,-918930.1383970188
33500.0,7376.382,294.0001298665978,-939590.5588359158
34000.0,6614.982,298.0001240936306,-890365.6195452586
32500.0,7781.382,291.0001081069522,-918969.5108990716
34000.0,8024.382,294.00016272810336,-939629.9313379686
33000.0,5966.982,293.0001152121426,-918966.97071384
34500.0,6209.982,296.0001698332938,-939627.391152737
33000.0,7376.382,289.0001538466154,-968231.28250655
34000.0,10096.181999999999,256.00014792562337,-887459.4157590731
32500.0,11262.581999999999,249.00013193894497,-916063.3071128861
34000.0,11505.582,252.00018656009618,-936723.7275517831
33000.0,9448.182,251.00013904413538,-916060.7669276545
34500.0,9691.182,254.0001936652866,-936721.1873665515
33000.0,10857.582,247.0001776786082,-965325.0787203645
33500.0,10096.182,251.000171905641,-916100.1394297073
35000.0,10339.182,254.00022652679218,-936760.5598686043
33500.0,11505.582,247.00021054011378,-965364.4512224173
34000.0,9691.182,249.0002176453042,-965361.9110371857
34500.0,10109.681999999999,256.0001479996358,-887459.4157590731
33000.0,11276.081999999999,249.00013201295738,-916063.3071128861
34500.0,11519.082,252.0001866341086,-936723.7275517831
33500.0,9461.682,251.00013911814779,-916060.7669276545
35000.0,9704.682,254.000193739299,-936721.1873665515
33500.0,10871.082,247.00017775262057,-965325.0787203645
34000.0,10109.682,251.00017197965337,-916100.1394297073
35500.0,10352.682,254.00022660080458,-936760.5598686043
34000.0,11519.082,247.0002106141262,-965364.4512224173
34500.0,9704.682,249.0002177193166,-965361.9110371857
34000.0,13590.881999999998,209.0001958116462,-913193.9356435218
35500.0,13833.882,212.00025043279737,-933854.3560824188
34000.0,15000.282,205.00023444611898,-962458.2474362318
34500.0,13185.882000000001,207.0002415513094,-962455.7072510002
35000.0,13833.882000000001,207.00027441281497,-962495.079753053
32000.0,218.71800000000002,340.0000042468315,-891156.3222987555
32000.0,3699.9179999999997,298.0000280788243,-888250.11851257
32500.0,4347.918,298.0000609403299,-888289.4910146229
33000.0,2533.5179999999996,300.0000680455203,-888286.9508293913
31500.0,3699.9179999999997,293.0000520588419,-916890.8421832043
33000.0,3942.918,296.0001066799931,-937551.2626221012
32500.0,3713.4179999999997,298.0000281528367,-888250.11851257
33000.0,4361.418,298.0000610143423,-888289.4910146229
33500.0,2547.0179999999996,300.0000681195327,-888286.9508293913
32000.0,3713.4179999999997,293.0000521328543,-916890.8421832043
33500.0,3956.418,296.0001067540055,-937551.2626221012
33000.0,7842.6179999999995,256.0000848463351,-885383.2872284374
33500.0,6028.217999999999,258.0000919515255,-885380.7470432058
32000.0,7194.6179999999995,251.0000759648471,-913984.6383970188
33500.0,7437.618,254.0001305859983,-934645.0588359158
34000.0,6676.217999999999,258.0001248130311,-885420.1195452586
32500.0,7842.6179999999995,251.00010882635272,-914024.0108990716
34000.0,8085.618,254.00016344750392,-934684.4313379686
33000.0,6028.217999999999,253.00011593154312,-914021.47071384
34500.0,6271.218,256.0001705526943,-934681.891152737
33000.0,7437.618,249.0001545660159,-963285.78250655
32500.0,3699.9179999999997,318.0000280788243,-890722.86851257
33000.0,4347.918,318.0000609403299,-890762.2410146229
33500.0,2533.5179999999996,320.0000680455203,-890759.7008293913
32000.0,3699.9179999999997,313.0000520588419,-919363.5921832043
33500.0,3942.918,316.0001066799931,-940024.0126221012
33000.0,7829.1179999999995,276.00008477232274,-887856.0372284374
33500.0,6014.717999999999,278.0000918775131,-887853.4970432058
32000.0,7181.1179999999995,271.0000758908347,-916457.3883970188
33500.0,7424.118,274.0001305119859,-937117.8088359158
34000.0,6662.717999999999,278.0001247390187,-887892.8695452586
32500.0,7829.1179999999995,271.00010875234034,-916496.7608990716
34000.0,8072.118,274.0001633734915,-937157.1813379686
33000.0,6014.717999999999,273.0001158575307,-916494.22071384
34500.0,6257.718,276.0001704786819,-937154.641152737
33000.0,7424.118,269.0001544920035,-965758.53250655
33500.0,7842.6179999999995,276.0000848463351,-887856.0372284374
34000.0,6028.217999999999,278.0000919515255,-887853.4970432058
32500.0,7194.6179999999995,271.0000759648471,-916457.3883970188
34000.0,7437.618,274.0001305859983,-937117.8088359158
34500.0,6676.217999999999,278.0001248130311,-887892.8695452586
33000.0,7842.6179999999995,271.0001088263527,-916496.7608990716
34500.0,8085.618,274.0001634475039,-937157.1813379686
33500.0,6028.217999999999,273.0001159315431,-916494.22071384
35000.0,6271.218,276.0001705526943,-937154.641152737
33500.0,7437.618,269.0001545660159,-965758.53250655
34500.0,10157.418,236.0001486450239,-884986.6657590731
33000.0,11323.818,229.0001326583455,-913590.5571128861
34500.0,11566.818,232.0001872794967,-934250.9775517831
33500.0,9509.417999999998,231.0001397635359,-913588.0169276545
35000.0,9752.418,234.00019438468712,-934248.4373665515
33500.0,10918.818,227.0001783980087,-962852.3287203645
34000.0,10157.417999999998,231.0001726250415,-913627.3894297073
35500.0,10400.418,234.0002272461927,-934287.8098686043
34000.0,11566.818,227.00021125951432,-962891.7012224173
34500.0,9752.418,229.00021836470472,-962889.1610371857
33000.0,3713.4179999999997,318.0000281528367,-890722.86851257
33500.0,4361.418,318.0000610143423,-890762.2410146229
34000.0,2547.0179999999996,320.0000681195327,-890759.7008293913
32500.0,3713.4179999999997,313.0000521328543,-919363.5921832043
34000.0,3956.418,316.0001067540055,-940024.0126221012
33500.0,7842.6179999999995,276.0000848463351,-887856.0372284374
34000.0,6028.217999999999,278.0000919515255,-887853.4970432058
32500.0,7194.6179999999995,271.0000759648471,-916457.3883970188
34000.0,7437.618,274.0001305859983,-937117.8088359158
34500.0,6676.217999999999,278.0001248130311,-887892.8695452586
33000.0,7842.6179999999995,271.0001088263527,-916496.7608990716
34500.0,8085.618,274.0001634475039,-937157.1813379686
33500.0,6028.217999999999,273.0001159315431,-916494.22071384
35000.0,6271.218,276.0001705526943,-937154.641152737
33500.0,7437.618,269.0001545660159,-965758.53250655
34000.0,7856.1179999999995,276.0000849203475,-887856.0372284374
34500.0,6041.717999999999,278.0000920255379,-887853.4970432058
33000.0,7208.1179999999995,271.0000760388595,-916457.3883970188
34500.0,7451.118,274.0001306600107,-937117.8088359158
35000.0,6689.717999999999,278.0001248870435,-887892.8695452586
33500.0,7856.1179999999995,271.0001089003651,-916496.7608990716
35000.0,8099.118,274.0001635215163,-937157.1813379686
34000.0,6041.717999999999,273.0001160055555,-916494.22071384
35500.0,6284.718,276.00017062670673,-937154.641152737
34000.0,7451.118,269.0001546400283,-965758.53250655
35000.0,10170.918,236.0001487190363,-884986.6657590731
33500.0,11337.318,229.0001327323579,-913590.5571128861
35000.0,11580.318,232.00018735350912,-934250.9775517831
34000.0,9522.917999999998,231.00013983754832,-913588.0169276545
35500.0,9765.918,234.00019445869953,-934248.4373665515
34000.0,10932.318,227.0001784720211,-962852.3287203645
34500.0,10170.917999999998,231.0001726990539,-913627.3894297073
36000.0,10413.918,234.0002273202051,-934287.8098686043
34500.0,11580.318,227.00021133352672,-962891.7012224173
35000.0,9765.918,229.0002184387171,-962889.1610371857
34000.0,7842.6179999999995,296.0000848463351,-890328.7872284374
34500.0,6028.217999999999,298.0000919515255,-890326.2470432058
33000.0,7194.6179999999995,291.0000759648471,-918930.1383970188
34500.0,7437.618,294.0001305859983,-939590.5588359158
35000.0,6676.217999999999,298.0001248130311,-890365.6195452586
33500.0,7842.6179999999995,291.0001088263527,-918969.5108990716
35000.0,8085.618,294.0001634475039,-939629.9313379686
34000.0,6028.217999999999,293.0001159315431,-918966.97071384
35500.0,6271.218,296.0001705526943,-939627.391152737
34000.0,7437.618,289.0001545660159,-968231.28250655
35000.0,10157.418,256.0001486450239,-887459.4157590731
33500.0,11323.818,249.0001326583455,-916063.3071128861
35000.0,11566.818,252.0001872794967,-936723.7275517831
34000.0,9509.417999999998,251.0001397635359,-916060.7669276545
35500.0,9752.418,254.00019438468712,-936721.1873665515
34000.0,10918.818,247.0001783980087,-965325.0787203645
34500.0,10157.417999999998,251.0001726250415,-916100.1394297073
36000.0,10400.418,254.0002272461927,-936760.5598686043
34500.0,11566.818,247.00021125951432,-965364.4512224173
35000.0,9752.418,249.00021836470472,-965361.9110371857
35500.0,10170.918,256.0001487190363,-887459.4157590731
34000.0,11337.318,249.0001327323579,-916063.3071128861
35500.0,11580.318,252.00018735350912,-936723.7275517831
34500.0,9522.917999999998,251.00013983754832,-916060.7669276545
36000.0,9765.918,254.00019445869953,-936721.1873665515
34500.0,10932.318,247.0001784720211,-965325.0787203645
35000.0,10170.917999999998,251.0001726990539,-916100.1394297073
36500.0,10413.918,254.0002273202051,-936760.5598686043
35000.0,11580.318,247.00021133352672,-965364.4512224173
35500.0,9765.918,249.0002184387171,-965361.9110371857
35000.0,13652.117999999999,209.00019653104673,-913193.9356435218
36500.0,13895.118,212.0002511521979,-933854.3560824188
35000.0,15061.518,205.0002351655195,-962458.2474362318
35500.0,13247.117999999999,207.00024227070992,-962455.7072510002
36000.0,13895.117999999999,207.0002751322155,-962495.079753053
18000.0,3577.95,248.000025349247,-519443.1750091423
18500.0,4225.95,248.0000582107526,-519482.54751119524
19000.0,2411.5499999999997,250.000065315943,-519480.0073259635
17500.0,3577.95,243.0000493292646,-548083.8986797766
19000.0,3820.9500000000003,246.0001039504158,-568744.3191186736
18500.0,7707.15,206.0000820427454,-516576.3437250097
19000.0,5892.75,208.0000891479358,-516573.803539778
17500.0,7059.15,201.0000731612574,-545177.6948935911
19000.0,7302.15,204.0001277824086,-565838.115332488
19500.0,6540.75,208.0001220094414,-516613.1760418309
18000.0,7707.15,201.000106022763,-545217.067395644
19500.0,7950.15,204.0001606439142,-565877.4878345409
18500.0,5892.75,203.0001131279534,-545214.5272104123
20000.0,6135.75,206.0001677491046,-565874.9476493092
18500.0,7302.15,199.0001517624262,-594478.8390031223
19000.0,7720.65,206.0000821167578,-516576.3437250097
19500.0,5906.25,208.0000892219482,-516573.803539778
18000.0,7072.65,201.0000732352698,-545177.6948935911
19500.0,7315.65,204.000127856421,-565838.115332488
20000.0,6554.25,208.0001220834538,-516613.1760418309
18500.0,7720.65,201.0001060967754,-545217.067395644
20000.0,7963.65,204.0001607179266,-565877.4878345409
19000.0,5906.25,203.0001132019658,-545214.5272104123
20500.0,6149.25,206.000167823117,-565874.9476493092
19000.0,7315.65,199.0001518364386,-594478.8390031223
20000.0,10035.449999999999,166.0001459154466,-513706.9722556454
18500.0,11201.849999999999,159.0001299287682,-542310.8636094584
20000.0,11444.85,162.0001845499194,-562971.2840483554
19000.0,9387.45,161.0001370339586,-542308.3234242267
20500.0,9630.45,164.0001916551098,-562968.7438631237
19000.0,10796.85,157.0001756684314,-591572.6352169368
19500.0,10035.45,161.0001698954642,-542347.6959262796
21000.0,10278.45,164.0002245166154,-563008.1163651766
19500.0,11444.85,157.000208529937,-591612.0077189897
20000.0,9630.45,159.0002156351274,-591609.467533758
19000.0,7707.15,226.0000820427454,-519049.0937250097
19500.0,5892.75,228.0000891479358,-519046.553539778
18000.0,7059.15,221.0000731612574,-547650.4448935911
19500.0,7302.15,224.0001277824086,-568310.865332488
20000.0,6540.75,228.0001220094414,-519085.9260418309
18500.0,7707.15,221.000106022763,-547689.817395644
20000.0,7950.15,224.0001606439142,-568350.2378345409
19000.0,5892.75,223.0001131279534,-547687.2772104123
20500.0,6135.75,226.0001677491046,-568347.6976493092
19000.0,7302.15,219.0001517624262,-596951.5890031223
20000.0,10021.949999999999,186.0001458414342,-516179.7222556454
18500.0,11188.349999999999,179.0001298547558,-544783.6136094584
20000.0,11431.35,182.000184475907,-565444.0340483554
19000.0,9373.95,181.0001369599462,-544781.0734242267
20500.0,9616.95,184.0001915810974,-565441.4938631237
19000.0,10783.35,177.000175594419,-594045.3852169368
19500.0,10021.95,181.0001698214518,-544820.4459262796
21000.0,10264.95,184.000224442603,-565480.8663651766
19500.0,11431.35,177.0002084559246,-594084.7577189897
20000.0,9616.95,179.000215561115,-594082.217533758
20500.0,10035.449999999999,186.0001459154466,-516179.7222556454
19000.0,11201.849999999999,179.0001299287682,-544783.6136094584
20500.0,11444.85,182.0001845499194,-565444.0340483554
19500.0,9387.45,181.0001370339586,-544781.0734242267
21000.0,9630.45,184.0001916551098,-565441.4938631237
19500.0,10796.85,177.0001756684314,-594045.3852169368
20000.0,10035.45,181.0001698954642,-544820.4459262796
21500.0,10278.45,184.0002245166154,-565480.8663651766
20000.0,11444.85,177.000208529937,-594084.7577189897
20500.0,9630.45,179.0002156351274,-594082.217533758
20000.0,13516.649999999998,139.000193727457,-541914.2421400942
21500.0,13759.65,142.0002483486082,-562574.662578991
20000.0,14926.05,135.0002323619298,-591178.5539328041
20500.0,13111.650000000001,137.0002394671202,-591176.0137475724
21000.0,13759.650000000001,137.0002723286258,-591215.3862496254
19500.0,7720.65,226.0000821167578,-519049.0937250097
20000.0,5906.25,228.0000892219482,-519046.553539778
18500.0,7072.65,221.0000732352698,-547650.4448935911
20000.0,7315.65,224.000127856421,-568310.865332488
20500.0,6554.25,228.0001220834538,-519085.9260418309
19000.0,7720.65,221.0001060967754,-547689.817395644
20500.0,7963.65,224.0001607179266,-568350.2378345409
19500.0,5906.25,223.0001132019658,-547687.2772104123
21000.0,6149.25,226.000167823117,-568347.6976493092
19500.0,7315.65,219.0001518364386,-596951.5890031223
20500.0,10035.449999999999,186.0001459154466,-516179.7222556454
19000.0,11201.849999999999,179.0001299287682,-544783.6136094584
20500.0,11444.85,182.0001845499194,-565444.0340483554
19500.0,9387.45,181.0001370339586,-544781.0734242267
21000.0,9630.45,184.0001916551098,-565441.4938631237
19500.0,10796.85,177.0001756684314,-594045.3852169368
20000.0,10035.45,181.0001698954642,-544820.4459262796
21500.0,10278.45,184.0002245166154,-565480.8663651766
20000.0,11444.85,177.000208529937,-594084.7577189897
20500.0,9630.45,179.0002156351274,-594082.217533758
21000.0,10048.949999999999,186.000145989459,-516179.7222556454
19500.0,11215.349999999999,179.0001300027806,-544783.6136094584
21000.0,11458.35,182.0001846239318,-565444.0340483554
20000.0,9400.95,181.000137107971,-544781.0734242267
21500.0,9643.95,184.0001917291222,-565441.4938631237
20000.0,10810.35,177.0001757424438,-594045.3852169368
20500.0,10048.95,181.0001699694766,-544820.4459262796
22000.0,10291.95,184.0002245906278,-565480.8663651766
20500.0,11458.35,177.0002086039494,-594084.7577189897
21000.0,9643.95,179.0002157091398,-594082.217533758
20500.0,13530.149999999998,139.0001938014694,-541914.2421400942
22000.0,13773.15,142.0002484226206,-562574.662578991
20500.0,14939.55,135.0002324359422,-591178.5539328041
21000.0,13125.150000000001,137.0002395411326,-591176.0137475724
21500.0,13773.150000000001,137.0002724026382,-591215.3862496254
21000.0,10035.449999999999,206.0001459154466,-518652.4722556454
19500.0,11201.849999999999,199.0001299287682,-547256.3636094584
21000.0,11444.85,202.0001845499194,-567916.7840483554
20000.0,9387.45,201.0001370339586,-547253.8234242267
21500.0,9630.45,204.0001916551098,-567914.2438631237
20000.0,10796.85,197.0001756684314,-596518.1352169368
20500.0,10035.45,201.0001698954642,-547293.1959262796
22000.0,10278.45,204.0002245166154,-567953.6163651766
20500.0,11444.85,197.000208529937,-596557.5077189897
21000.0,9630.45,199.0002156351274,-596554.967533758
20500.0,13516.649999999998,159.000193727457,-544386.9921400942
22000.0,13759.65,162.0002483486082,-565047.412578991
20500.0,14926.05,155.0002323619298,-593651.3039328041
21000.0,13111.650000000001,157.0002394671202,-593648.7637475724
21500.0,13759.650000000001,157.0002723286258,-593688.1362496254
21000.0,13530.149999999998,159.0001938014694,-544386.9921400942
22500.0,13773.15,162.0002484226206,-565047.412578991
21000.0,14939.55,155.0002324359422,-593651.3039328041
21500.0,13125.150000000001,157.0002395411326,-593648.7637475724
22000.0,13773.150000000001,157.0002724026382,-593688.1362496254
22000.0,17254.35,115.000296234631,-590781.9324634399
47000.0,305.70000000000005,390.0000065653933,-888212.5722987555
47500.0,319.20000000000005,390.0000066394057,-888212.5722987555
47500.0,3800.3999999999996,348.0000304713985,-885306.36851257
48000.0,4448.4,348.0000633329041,-885345.7410146229
48500.0,2634.0,350.0000704380945,-885343.2008293913
47000.0,3800.3999999999996,343.0000544514161,-913947.0921832043
48500.0,4043.4000000000005,346.0001090725673,-934607.5126221012
47500.0,305.70000000000005,410.0000065653933,-890685.3222987555
47500.0,3786.8999999999996,368.00003039738607,-887779.11851257
48000.0,4434.9,368.0000632588917,-887818.4910146229
48500.0,2620.5,370.0000703640821,-887815.9508293913
47000.0,3786.8999999999996,363.00005437740367,-916419.8421832043
48500.0,4029.9000000000005,366.0001089985549,-937080.2626221012
48000.0,3800.3999999999996,368.0000304713985,-887779.11851257
48500.0,4448.4,368.0000633329041,-887818.4910146229
49000.0,2634.0,370.0000704380945,-887815.9508293913
47500.0,3800.3999999999996,363.0000544514161,-916419.8421832043
49000.0,4043.4000000000005,366.0001090725673,-937080.2626221012
48500.0,7929.599999999999,326.0000871648969,-884912.2872284374
49000.0,6115.199999999999,328.0000942700873,-884909.7470432058
47500.0,7281.599999999999,321.00007828340887,-913513.6383970188
49000.0,7524.6,324.0001329045601,-934174.0588359158
49500.0,6763.199999999999,328.0001271315929,-884949.1195452586
48000.0,7929.599999999999,321.0001111449145,-913553.0108990716
49500.0,8172.6,324.0001657660657,-934213.4313379686
48500.0,6115.2,323.0001182501049,-913550.47071384
50000.0,6358.200000000001,326.0001728712561,-934210.891152737
48500.0,7524.6,319.0001568845777,-962814.78250655
48000.0,319.20000000000005,410.0000066394057,-890685.3222987555
48000.0,3800.3999999999996,368.0000304713985,-887779.11851257
48500.0,4448.4,368.0000633329041,-887818.4910146229
49000.0,2634.0,370.0000704380945,-887815.9508293913
47500.0,3800.3999999999996,363.0000544514161,-916419.8421832043
49000.0,4043.4000000000005,366.0001090725673,-937080.2626221012
48500.0,3813.8999999999996,368.0000305454109,-887779.11851257
49000.0,4461.9,368.0000634069165,-887818.4910146229
49500.0,2647.5,370.0000705121069,-887815.9508293913
48000.0,3813.8999999999996,363.0000545254285,-916419.8421832043
49500.0,4056.9000000000005,366.0001091465797,-937080.2626221012
49000.0,7943.099999999999,326.0000872389093,-884912.2872284374
49500.0,6128.699999999999,328.0000943440997,-884909.7470432058
48000.0,7295.099999999999,321.0000783574213,-913513.6383970188
49500.0,7538.1,324.0001329785725,-934174.0588359158
50000.0,6776.699999999999,328.0001272056053,-884949.1195452586
48500.0,7943.099999999999,321.0001112189269,-913553.0108990716
50000.0,8186.1,324.00016584007807,-934213.4313379686
49000.0,6128.7,323.0001183241173,-913550.47071384
50500.0,6371.700000000001,326.0001729452685,-934210.891152737
49000.0,7538.1,319.0001569585901,-962814.78250655
48500.0,3800.3999999999996,388.0000304713985,-890251.86851257
49000.0,4448.4,388.0000633329041,-890291.2410146229
49500.0,2634.0,390.0000704380945,-890288.7008293913
48000.0,3800.3999999999996,383.0000544514161,-918892.5921832043
49500.0,4043.4000000000005,386.0001090725673,-939553.0126221012
49000.0,7929.599999999999,346.0000871648969,-887385.0372284374
49500.0,6115.199999999999,348.0000942700873,-887382.4970432058
48000.0,7281.599999999999,341.00007828340887,-915986.3883970188
49500.0,7524.6,344.0001329045601,-936646.8088359158
50000.0,6763.199999999999,348.0001271315929,-887421.8695452586
48500.0,7929.599999999999,341.0001111449145,-916025.7608990716
50000.0,8172.6,344.0001657660657,-936686.1813379686
49000.0,6115.2,343.0001182501049,-916023.22071384
50500.0,6358.200000000001,346.0001728712561,-936683.641152737
49000.0,7524.6,339.0001568845777,-965287.53250655
49500.0,7943.099999999999,346.0000872389093,-887385.0372284374
50000.0,6128.699999999999,348.0000943440997,-887382.4970432058
48500.0,7295.099999999999,341.0000783574213,-915986.3883970188
50000.0,7538.1,344.0001329785725,-936646.8088359158
50500.0,6776.699999999999,348.0001272056053,-887421.8695452586
49000.0,7943.099999999999,341.0001112189269,-916025.7608990716
50500.0,8186.1,344.00016584007807,-936686.1813379686
49500.0,6128.7,343.0001183241173,-916023.22071384
51000.0,6371.700000000001,346.0001729452685,-936683.641152737
49500.0,7538.1,339.0001569585901,-965287.53250655
50500.0,10257.9,306.0001510375981,-884515.6657590731
49000.0,11424.3,299.0001350509197,-913119.5571128861
50500.0,11667.3,302.0001896720709,-933779.9775517831
49500.0,9609.899999999998,301.0001421561101,-913117.0169276545
51000.0,9852.9,304.0001967772613,-933777.4373665515
49500.0,11019.3,297.0001807905829,-962381.3287203645
50000.0,10257.899999999998,301.0001750176157,-913156.3894297073
51500.0,10500.9,304.0002296387669,-933816.8098686043
50000.0,11667.3,297.0002136520885,-962420.7012224173
50500.0,9852.9,299.0002207572789,-962418.1610371857
33000.0,183.732,340.00000383581596,-891156.3222987555
33000.0,3664.932,298.0000276678088,-888250.11851257
33500.0,4312.932,298.0000605293144,-888289.4910146229
34000.0,2498.5319999999997,300.0000676345048,-888286.9508293913
32500.0,3664.932,293.0000516478264,-916890.8421832043
34000.0,3907.9320000000002,296.00010626897756,-937551.2626221012
33500.0,3678.432,298.00002774182116,-888250.11851257
34000.0,4326.432,298.0000606033268,-888289.4910146229
34500.0,2512.0319999999997,300.0000677085172,-888286.9508293913
33000.0,3678.432,293.00005172183876,-916890.8421832043
34500.0,3921.4320000000002,296.00010634298997,-937551.2626221012
34000.0,7807.632,256.0000844353196,-885383.2872284374
34500.0,5993.232,258.00009154050997,-885380.7470432058
33000.0,7159.632,251.00007555383158,-913984.6383970188
34500.0,7402.632,254.0001301749828,-934645.0588359158
35000.0,6641.232,258.00012440201556,-885420.1195452586
33500.0,7807.632,251.0001084153372,-914024.0108990716
35000.0,8050.632,254.00016303648837,-934684.4313379686
34000.0,5993.232,253.00011552052757,-914021.47071384
35500.0,6236.232,256.0001701416788,-934681.891152737
34000.0,7402.632,249.0001541550004,-963285.78250655
33500.0,3664.932,318.0000276678088,-890722.86851257
34000.0,4312.932,318.0000605293144,-890762.2410146229
34500.0,2498.5319999999997,320.0000676345048,-890759.7008293913
33000.0,3664.932,313.0000516478264,-919363.5921832043
34500.0,3907.9320000000002,316.00010626897756,-940024.0126221012
34000.0,7794.132,276.0000843613072,-887856.0372284374
34500.0,5979.732,278.00009146649757,-887853.4970432058
33000.0,7146.132,271.0000754798192,-916457.3883970188
34500.0,7389.132,274.0001301009704,-937117.8088359158
35000.0,6627.732,278.0001243280032,-887892.8695452586
33500.0,7794.132,271.0001083413248,-916496.7608990716
35000.0,8037.132,274.000162962476,-937157.1813379686
34000.0,5979.732,273.00011544651517,-916494.22071384
35500.0,6222.732,276.0001700676664,-937154.641152737
34000.0,7389.132,269.000154080988,-965758.53250655
34500.0,7807.632,276.0000844353196,-887856.0372284374
35000.0,5993.232,278.00009154050997,-887853.4970432058
33500.0,7159.632,271.0000755538316,-916457.3883970188
35000.0,7402.632,274.00013017498276,-937117.8088359158
35500.0,6641.232,278.00012440201556,-887892.8695452586
34000.0,7807.632,271.0001084153372,-916496.7608990716
35500.0,8050.632,274.0001630364884,-937157.1813379686
34500.0,5993.232,273.0001155205276,-916494.22071384
36000.0,6236.232,276.0001701416788,-937154.641152737
34500.0,7402.632,269.00015415500036,-965758.53250655
35500.0,10122.431999999999,236.00014823400838,-884986.6657590731
34000.0,11288.831999999999,229.00013224733,-913590.5571128861
35500.0,11531.832,232.0001868684812,-934250.9775517831
34500.0,9474.432,231.0001393525204,-913588.0169276545
36000.0,9717.432,234.00019397367157,-934248.4373665515
34500.0,10883.832,227.00017798699318,-962852.3287203645
35000.0,10122.432,231.00017221402598,-913627.3894297073
36500.0,10365.432,234.0002268351772,-934287.8098686043
35000.0,11531.832,227.0002108484988,-962891.7012224173
35500.0,9717.432,229.00021795368917,-962889.1610371857
34000.0,3678.432,318.00002774182116,-890722.86851257
34500.0,4326.432,318.0000606033268,-890762.2410146229
35000.0,2512.0319999999997,320.0000677085172,-890759.7008293913
33500.0,3678.432,313.00005172183876,-919363.5921832043
35000.0,3921.4320000000002,316.00010634298997,-940024.0126221012
34500.0,7807.632,276.0000844353196,-887856.0372284374
35000.0,5993.232,278.00009154050997,-887853.4970432058
33500.0,7159.632,271.0000755538316,-916457.3883970188
35000.0,7402.632,274.00013017498276,-937117.8088359158
35500.0,6641.232,278.00012440201556,-887892.8695452586
34000.0,7807.632,271.0001084153372,-916496.7608990716
35500.0,8050.632,274.0001630364884,-937157.1813379686
34500.0,5993.232,273.0001155205276,-916494.22071384
36000.0,6236.232,276.0001701416788,-937154.641152737
34500.0,7402.632,269.00015415500036,-965758.53250655
35000.0,7821.132,276.000084509332,-887856.0372284374
35500.0,6006.732,278.0000916145224,-887853.4970432058
34000.0,7173.132,271.000075627844,-916457.3883970188
35500.0,7416.132,274.00013024899516,-937117.8088359158
36000.0,6654.732,278.00012447602796,-887892.8695452586
34500.0,7821.132,271.0001084893496,-916496.7608990716
36000.0,8064.132,274.0001631105008,-937157.1813379686
35000.0,6006.732,273.00011559454,-916494.22071384
36500.0,6249.732,276.0001702156912,-937154.641152737
35000.0,7416.132,269.00015422901276,-965758.53250655
36000.0,10135.931999999999,236.00014830802078,-884986.6657590731
34500.0,11302.331999999999,229.0001323213424,-913590.5571128861
36000.0,11545.332,232.00018694249357,-934250.9775517831
35000.0,9487.932,231.0001394265328,-913588.0169276545
36500.0,9730.932,234.00019404768398,-934248.4373665515
35000.0,10897.332,227.00017806100558,-962852.3287203645
35500.0,10135.932,231.00017228803839,-913627.3894297073
37000.0,10378.932,234.0002269091896,-934287.8098686043
35500.0,11545.332,227.00021092251117,-962891.7012224173
36000.0,9730.932,229.00021802770158,-962889.1610371857
35000.0,7807.632,296.0000844353196,-890328.7872284374
35500.0,5993.232,298.00009154050997,-890326.2470432058
34000.0,7159.632,291.0000755538316,-918930.1383970188
35500.0,7402.632,294.00013017498276,-939590.5588359158
36000.0,6641.232,298.00012440201556,-890365.6195452586
34500.0,7807.632,291.0001084153372,-918969.5108990716
36000.0,8050.632,294.0001630364884,-939629.9313379686
35000.0,5993.232,293.0001155205276,-918966.97071384
36500.0,6236.232,296.0001701416788,-939627.391152737
35000.0,7402.632,289.00015415500036,-968231.28250655
36000.0,10122.431999999999,256.0001482340084,-887459.4157590731
34500.0,11288.831999999999,249.00013224733,-916063.3071128861
36000.0,11531.832,252.0001868684812,-936723.7275517831
35000.0,9474.432,251.0001393525204,-916060.7669276545
36500.0,9717.432,254.00019397367157,-936721.1873665515
35000.0,10883.832,247.00017798699318,-965325.0787203645
35500.0,10122.432,251.00017221402598,-916100.1394297073
37000.0,10365.432,254.0002268351772,-936760.5598686043
35500.0,11531.832,247.0002108484988,-965364.4512224173
36000.0,9717.432,249.00021795368917,-965361.9110371857
36500.0,10135.931999999999,256.0001483080208,-887459.4157590731
35000.0,11302.331999999999,249.0001323213424,-916063.3071128861
36500.0,11545.332,252.00018694249357,-936723.7275517831
35500.0,9487.932,251.0001394265328,-916060.7669276545
37000.0,9730.932,254.00019404768398,-936721.1873665515
35500.0,10897.332,247.00017806100558,-965325.0787203645
36000.0,10135.932,251.00017228803839,-916100.1394297073
37500.0,10378.932,254.0002269091896,-936760.5598686043
36000.0,11545.332,247.00021092251117,-965364.4512224173
36500.0,9730.932,249.00021802770158,-965361.9110371857
36000.0,13617.131999999998,209.00019612003118,-913193.9356435218
37500.0,13860.132,212.00025074118238,-933854.3560824188
36000.0,15026.532,205.000234754504,-962458.2474362318
36500.0,13212.132000000001,207.00024185969437,-962455.7072510002
37000.0,13860.132000000001,207.0002747212,-962495.079753053
34000.0,244.96800000000002,340.0000045552165,-891156.3222987555
34000.0,3726.1679999999997,298.0000283872093,-888250.11851257
34500.0,4374.168,298.0000612487149,-888289.4910146229
35000.0,2559.7679999999996,300.0000683539053,-888286.9508293913
33500.0,3726.1679999999997,293.0000523672269,-916890.8421832043
35000.0,3969.168,296.0001069883781,-937551.2626221012
34500.0,3739.6679999999997,298.0000284612217,-888250.11851257
35000.0,4387.668,298.00006132272733,-888289.4910146229
35500.0,2573.2679999999996,300.0000684279177,-888286.9508293913
34000.0,3739.6679999999997,293.0000524412393,-916890.8421832043
35500.0,3982.668,296.0001070623905,-937551.2626221012
35000.0,7868.8679999999995,256.0000851547201,-885383.2872284374
35500.0,6054.467999999999,258.0000922599105,-885380.7470432058
34000.0,7220.8679999999995,251.0000762732321,-913984.6383970188
35500.0,7463.868,254.00013089438332,-934645.0588359158
36000.0,6702.467999999999,258.0001251214161,-885420.1195452586
34500.0,7868.8679999999995,251.0001091347377,-914024.0108990716
36000.0,8111.868,254.0001637558889,-934684.4313379686
35000.0,6054.467999999999,253.0001162399281,-914021.47071384
36500.0,6297.468,256.0001708610793,-934681.891152737
35000.0,7463.868,249.00015487440092,-963285.78250655
34500.0,3726.1679999999997,318.0000283872093,-890722.86851257
35000.0,4374.168,318.0000612487149,-890762.2410146229
35500.0,2559.7679999999996,320.0000683539053,-890759.7008293913
34000.0,3726.1679999999997,313.0000523672269,-919363.5921832043
35500.0,3969.168,316.0001069883781,-940024.0126221012
35000.0,7855.3679999999995,276.0000850807077,-887856.0372284374
35500.0,6040.967999999999,278.0000921858981,-887853.4970432058
34000.0,7207.3679999999995,271.00007619921973,-916457.3883970188
35500.0,7450.368,274.0001308203709,-937117.8088359158
36000.0,6688.967999999999,278.0001250474037,-887892.8695452586
34500.0,7855.3679999999995,271.0001090607253,-916496.7608990716
36000.0,8098.368,274.00016368187653,-937157.1813379686
35000.0,6040.967999999999,273.0001161659157,-916494.22071384
36500.0,6283.968,276.0001707870669,-937154.641152737
35000.0,7450.368,269.0001548003885,-965758.53250655
35500.0,7868.8679999999995,276.0000851547201,-887856.0372284374
36000.0,6054.467999999999,278.0000922599105,-887853.4970432058
34500.0,7220.8679999999995,271.00007627323214,-916457.3883970188
36000.0,7463.868,274.0001308943833,-937117.8088359158
36500.0,6702.467999999999,278.0001251214161,-887892.8695452586
35000.0,7868.8679999999995,271.0001091347377,-916496.7608990716
36500.0,8111.868,274.00016375588893,-937157.1813379686
35500.0,6054.467999999999,273.0001162399281,-916494.22071384
37000.0,6297.468,276.0001708610793,-937154.641152737
35500.0,7463.868,269.0001548744009,-965758.53250655
36500.0,10183.668,236.0001489534089,-884986.6657590731
35000.0,11350.068,229.00013296673052,-913590.5571128861
36500.0,11593.068,232.00018758788173,-934250.9775517831
35500.0,9535.667999999998,231.00014007192092,-913588.0169276545
37000.0,9778.668,234.0001946930721,-934248.4373665515
35500.0,10945.068,227.0001787063937,-962852.3287203645
36000.0,10183.667999999998,231.0001729334265,-913627.3894297073
37500.0,10426.668,234.00022755457772,-934287.8098686043
36000.0,11593.068,227.0002115678993,-962891.7012224173
36500.0,9778.668,229.0002186730897,-962889.1610371857
35000.0,3739.6679999999997,318.0000284612217,-890722.86851257
35500.0,4387.668,318.00006132272733,-890762.2410146229
36000.0,2573.2679999999996,320.0000684279177,-890759.7008293913
34500.0,3739.6679999999997,313.0000524412393,-919363.5921832043
36000.0,3982.668,316.0001070623905,-940024.0126221012
35500.0,7868.8679999999995,276.0000851547201,-887856.0372284374
36000.0,6054.467999999999,278.0000922599105,-887853.4970432058
34500.0,7220.8679999999995,271.00007627323214,-916457.3883970188
36000.0,7463.868,274.0001308943833,-937117.8088359158
36500.0,6702.467999999999,278.0001251214161,-887892.8695452586
35000.0,7868.8679999999995,271.0001091347377,-916496.7608990716
36500.0,8111.868,274.00016375588893,-937157.1813379686
35500.0,6054.467999999999,273.0001162399281,-916494.22071384
37000.0,6297.468,276.0001708610793,-937154.641152737
35500.0,7463.868,269.0001548744009,-965758.53250655
36000.0,7882.3679999999995,276.00008522873253,-887856.0372284374
36500.0,6067.967999999999,278.0000923339229,-887853.4970432058
35000.0,7234.3679999999995,271.0000763472445,-916457.3883970188
36500.0,7477.368,274.0001309683957,-937117.8088359158
37000.0,6715.967999999999,278.0001251954285,-887892.8695452586
35500.0,7882.3679999999995,271.00010920875013,-916496.7608990716
37000.0,8125.368,274.00016382990134,-937157.1813379686
36000.0,6067.967999999999,273.0001163139405,-916494.22071384
37500.0,6310.968,276.0001709350917,-937154.641152737
36000.0,7477.368,269.0001549484133,-965758.53250655
37000.0,10197.168,236.00014902742132,-884986.6657590731
35500.0,11363.568,229.00013304074292,-913590.5571128861
37000.0,11606.568,232.0001876618941,-934250.9775517831
36000.0,9549.167999999998,231.0001401459333,-913588.0169276545
37500.0,9792.168,234.0001947670845,-934248.4373665515
36000.0,10958.568,227.00017878040612,-962852.3287203645
36500.0,10197.167999999998,231.00017300743892,-913627.3894297073
38000.0,10440.168,234.00022762859012,-934287.8098686043
36500.0,11606.568,227.0002116419117,-962891.7012224173
37000.0,9792.168,229.0002187471021,-962889.1610371857
36000.0,7868.8679999999995,296.0000851547201,-890328.7872284374
36500.0,6054.467999999999,298.0000922599105,-890326.2470432058
35000.0,7220.8679999999995,291.00007627323214,-918930.1383970188
36500.0,7463.868,294.0001308943833,-939590.5588359158
37000.0,6702.467999999999,298.0001251214161,-890365.6195452586
35500.0,7868.8679999999995,291.0001091347377,-918969.5108990716
37000.0,8111.868,294.00016375588893,-939629.9313379686
36000.0,6054.467999999999,293.0001162399281,-918966.97071384
37500.0,6297.468,296.0001708610793,-939627.391152737
36000.0,7463.868,289.0001548744009,-968231.28250655
37000.0,10183.668,256.00014895340894,-887459.4157590731
35500.0,11350.068,249.00013296673052,-916063.3071128861
37000.0,11593.068,252.00018758788173,-936723.7275517831
36000.0,9535.667999999998,251.00014007192092,-916060.7669276545
37500.0,9778.668,254.0001946930721,-936721.1873665515
36000.0,10945.068,247.0001787063937,-965325.0787203645
36500.0,10183.667999999998,251.0001729334265,-916100.1394297073
38000.0,10426.668,254.00022755457772,-936760.5598686043
36500.0,11593.068,247.0002115678993,-965364.4512224173
37000.0,9778.668,249.0002186730897,-965361.9110371857
37500.0,10197.168,256.0001490274213,-887459.4157590731
36000.0,11363.568,249.00013304074292,-916063.3071128861
37500.0,11606.568,252.0001876618941,-936723.7275517831
36500.0,9549.167999999998,251.0001401459333,-916060.7669276545
38000.0,9792.168,254.0001947670845,-936721.1873665515
36500.0,10958.568,247.00017878040612,-965325.0787203645
37000.0,10197.167999999998,251.00017300743892,-916100.1394297073
38500.0,10440.168,254.00022762859012,-936760.5598686043
37000.0,11606.568,247.0002116419117,-965364.4512224173
37500.0,9792.168,249.0002187471021,-965361.9110371857
37000.0,13678.367999999999,209.0001968394317,-913193.9356435218
38500.0,13921.368,212.00025146058292,-933854.3560824188
37000.0,15087.768,205.00023547390452,-962458.2474362318
37500.0,13273.367999999999,207.0002425790949,-962455.7072510002
38000.0,13921.367999999999,207.00027544060052,-962495.079753053
20000.0,3604.2,248.000025657632,-519443.1750091423
20500.0,4252.2,248.0000585191376,-519482.54751119524
21000.0,2437.7999999999997,250.000065624328,-519480.0073259635
19500.0,3604.2,243.0000496376496,-548083.8986797766
21000.0,3847.2000000000003,246.0001042588008,-568744.3191186736
20500.0,7733.4,206.0000823511304,-516576.3437250097
21000.0,5919.0,208.0000894563208,-516573.803539778
19500.0,7085.4,201.0000734696424,-545177.6948935911
21000.0,7328.4,204.0001280907936,-565838.115332488
21500.0,6567.0,208.0001223178264,-516613.1760418309
20000.0,7733.4,201.000106331148,-545217.067395644
21500.0,7976.4,204.0001609522992,-565877.4878345409
20500.0,5919.0,203.0001134363384,-545214.5272104123
22000.0,6162.0,206.0001680574896,-565874.9476493092
20500.0,7328.4,199.0001520708112,-594478.8390031223
21000.0,7746.9,206.0000824251428,-516576.3437250097
21500.0,5932.5,208.0000895303332,-516573.803539778
20000.0,7098.9,201.0000735436548,-545177.6948935911
21500.0,7341.9,204.000128164806,-565838.115332488
22000.0,6580.5,208.0001223918388,-516613.1760418309
20500.0,7746.9,201.0001064051604,-545217.067395644
22000.0,7989.9,204.0001610263116,-565877.4878345409
21000.0,5932.5,203.0001135103508,-545214.5272104123
22500.0,6175.5,206.000168131502,-565874.9476493092
21000.0,7341.9,199.0001521448236,-594478.8390031223
22000.0,10061.699999999999,166.0001462238316,-513706.9722556454
20500.0,11228.099999999999,159.0001302371532,-542310.8636094584
22000.0,11471.1,162.0001848583044,-562971.2840483554
21000.0,9413.7,161.0001373423436,-542308.3234242267
22500.0,9656.7,164.0001919634948,-562968.7438631237
21000.0,10823.1,157.0001759768164,-591572.6352169368
21500.0,10061.7,161.0001702038492,-542347.6959262796
23000.0,10304.7,164.0002248250004,-563008.1163651766
21500.0,11471.1,157.000208838322,-591612.0077189897
22000.0,9656.7,159.0002159435124,-591609.467533758
21000.0,7733.4,226.0000823511304,-519049.0937250097
21500.0,5919.0,228.0000894563208,-519046.553539778
20000.0,7085.4,221.0000734696424,-547650.4448935911
21500.0,7328.4,224.0001280907936,-568310.865332488
22000.0,6567.0,228.0001223178264,-519085.9260418309
20500.0,7733.4,221.000106331148,-547689.817395644
22000.0,7976.4,224.0001609522992,-568350.2378345409
21000.0,5919.0,223.0001134363384,-547687.2772104123
22500.0,6162.0,226.0001680574896,-568347.6976493092
21000.0,7328.4,219.0001520708112,-596951.5890031223
22000.0,10048.199999999999,186.0001461498192,-516179.7222556454
20500.0,11214.599999999999,179.0001301631408,-544783.6136094584
22000.0,11457.6,182.000184784292,-565444.0340483554
21000.0,9400.2,181.0001372683312,-544781.0734242267
22500.0,9643.2,184.0001918894824,-565441.4938631237
21000.0,10809.6,177.000175902804,-594045.3852169368
21500.0,10048.2,181.0001701298368,-544820.4459262796
23000.0,10291.2,184.000224750988,-565480.8663651766
21500.0,11457.6,177.0002087643096,-594084.7577189897
22000.0,9643.2,179.0002158695,-594082.217533758
22500.0,10061.699999999999,186.0001462238316,-516179.7222556454
21000.0,11228.099999999999,179.0001302371532,-544783.6136094584
22500.0,11471.1,182.0001848583044,-565444.0340483554
21500.0,9413.7,181.0001373423436,-544781.0734242267
23000.0,9656.7,184.0001919634948,-565441.4938631237
21500.0,10823.1,177.0001759768164,-594045.3852169368
22000.0,10061.7,181.0001702038492,-544820.4459262796
23500.0,10304.7,184.0002248250004,-565480.8663651766
22000.0,11471.1,177.000208838322,-594084.7577189897
22500.0,9656.7,179.0002159435124,-594082.217533758
22000.0,13542.899999999998,139.000194035842,-541914.2421400942
23500.0,13785.9,142.0002486569932,-562574.662578991
22000.0,14952.3,135.0002326703148,-591178.5539328041
22500.0,13137.900000000001,137.0002397755052,-591176.0137475724
23000.0,13785.900000000001,137.0002726370108,-591215.3862496254
21500.0,7746.9,226.0000824251428,-519049.0937250097
22000.0,5932.5,228.0000895303332,-519046.553539778
20500.0,7098.9,221.0000735436548,-547650.4448935911
22000.0,7341.9,224.000128164806,-568310.865332488
22500.0,6580.5,228.0001223918388,-519085.9260418309
21000.0,7746.9,221.0001064051604,-547689.817395644
22500.0,7989.9,224.0001610263116,-568350.2378345409
21500.0,5932.5,223.0001135103508,-547687.2772104123
23000.0,6175.5,226.000168131502,-568347.6976493092
21500.0,7341.9,219.0001521448236,-596951.5890031223
22500.0,10061.699999999999,186.0001462238316,-516179.7222556454
21000.0,11228.099999999999,179.0001302371532,-544783.6136094584
22500.0,11471.1,182.0001848583044,-565444.0340483554
21500.0,9413.7,181.0001373423436,-544781.0734242267
23000.0,9656.7,184.0001919634948,-565441.4938631237
21500.0,10823.1,177.0001759768164,-594045.3852169368
22000.0,10061.7,181.0001702038492,-544820.4459262796
23500.0,10304.7,184.0002248250004,-565480.8663651766
22000.0,11471.1,177.000208838322,-594084.7577189897
22500.0,9656.7,179.0002159435124,-594082.217533758
23000.0,10075.199999999999,186.000146297844,-516179.7222556454
21500.0,11241.599999999999,179.0001303111656,-544783.6136094584
23000.0,11484.6,182.0001849323168,-565444.0340483554
22000.0,9427.2,181.000137416356,-544781.0734242267
23500.0,9670.2,184.0001920375072,-565441.4938631237
22000.0,10836.6,177.0001760508288,-594045.3852169368
22500.0,10075.2,181.0001702778616,-544820.4459262796
24000.0,10318.2,184.0002248990128,-565480.8663651766
22500.0,11484.6,177.0002089123344,-594084.7577189897
23000.0,9670.2,179.0002160175248,-594082.217533758
22500.0,13556.399999999998,139.0001941098544,-541914.2421400942
24000.0,13799.4,142.0002487310056,-562574.662578991
22500.0,14965.8,135.0002327443272,-591178.5539328041
23000.0,13151.400000000001,137.0002398495176,-591176.0137475724
23500.0,13799.400000000001,137.0002727110232,-591215.3862496254
23000.0,10061.699999999999,206.0001462238316,-518652.4722556454
21500.0,11228.099999999999,199.0001302371532,-547256.3636094584
23000.0,11471.1,202.0001848583044,-567916.7840483554
22000.0,9413.7,201.0001373423436,-547253.8234242267
23500.0,9656.7,204.0001919634948,-567914.2438631237
22000.0,10823.1,197.0001759768164,-596518.1352169368
22500.0,10061.7,201.0001702038492,-547293.1959262796
24000.0,10304.7,204.0002248250004,-567953.6163651766
22500.0,11471.1,197.000208838322,-596557.5077189897
23000.0,9656.7,199.0002159435124,-596554.967533758
22500.0,13542.899999999998,159.000194035842,-544386.9921400942
24000.0,13785.9,162.0002486569932,-565047.412578991
22500.0,14952.3,155.0002326703148,-593651.3039328041
23000.0,13137.900000000001,157.0002397755052,-593648.7637475724
23500.0,13785.900000000001,157.0002726370108,-593688.1362496254
23000.0,13556.399999999998,159.0001941098544,-544386.9921400942
24500.0,13799.4,162.0002487310056,-565047.412578991
23000.0,14965.8,155.0002327443272,-593651.3039328041
23500.0,13151.400000000001,157.0002398495176,-593648.7637475724
24000.0,13799.400000000001,157.0002727110232,-593688.1362496254
24000.0,17280.6,115.000296543016,-590781.9324634399
37000.0,263.70000000000005,360.0000054798781,-891156.3222987555
37000.0,3744.8999999999996,318.0000293118709,-888250.11851257
37500.0,4392.9,318.0000621733765,-888289.4910146229
38000.0,2578.4999999999995,320.0000692785669,-888286.9508293913
36500.0,3744.8999999999996,313.0000532918885,-916890.8421832043
38000.0,3987.9,316.0001079130397,-937551.2626221012
37500.0,3758.3999999999996,318.0000293858833,-888250.11851257
38000.0,4406.4,318.0000622473889,-888289.4910146229
38500.0,2592.0,320.0000693525793,-888286.9508293913
37000.0,3758.3999999999996,313.0000533659009,-916890.8421832043
38500.0,4001.4000000000005,316.0001079870521,-937551.2626221012
38000.0,7887.599999999999,276.0000860793817,-885383.2872284374
38500.0,6073.199999999999,278.0000931845721,-885380.7470432058
37000.0,7239.599999999999,271.0000771978937,-913984.6383970188
38500.0,7482.6,274.0001318190449,-934645.0588359158
39000.0,6721.199999999999,278.0001260460777,-885420.1195452586
37500.0,7887.599999999999,271.0001100593993,-914024.0108990716
39000.0,8130.6,274.0001646805505,-934684.4313379686
38000.0,6073.199999999999,273.0001171645897,-914021.47071384
39500.0,6316.2,276.0001717857409,-934681.891152737
38000.0,7482.6,269.0001557990625,-963285.78250655
37500.0,3744.8999999999996,338.0000293118709,-890722.86851257
38000.0,4392.9,338.0000621733765,-890762.2410146229
38500.0,2578.4999999999995,340.0000692785669,-890759.7008293913
37000.0,3744.8999999999996,333.0000532918885,-919363.5921832043
38500.0,3987.9,336.0001079130397,-940024.0126221012
38000.0,7874.099999999999,296.00008600536927,-887856.0372284374
38500.0,6059.699999999999,298.0000931105597,-887853.4970432058
37000.0,7226.099999999999,291.0000771238813,-916457.3883970188
38500.0,7469.1,294.0001317450325,-937117.8088359158
39000.0,6707.699999999999,298.0001259720653,-887892.8695452586
37500.0,7874.099999999999,291.00010998538687,-916496.7608990716
39000.0,8117.1,294.0001646065381,-937157.1813379686
38000.0,6059.699999999999,293.0001170905773,-916494.22071384
39500.0,6302.7,296.0001717117285,-937154.641152737
38000.0,7469.1,289.0001557250501,-965758.53250655
38500.0,7887.599999999999,296.0000860793817,-887856.0372284374
39000.0,6073.199999999999,298.0000931845721,-887853.4970432058
37500.0,7239.599999999999,291.0000771978937,-916457.3883970188
39000.0,7482.6,294.0001318190449,-937117.8088359158
39500.0,6721.199999999999,298.0001260460777,-887892.8695452586
38000.0,7887.599999999999,291.0001100593993,-916496.7608990716
39500.0,8130.6,294.0001646805505,-937157.1813379686
38500.0,6073.199999999999,293.0001171645897,-916494.22071384
40000.0,6316.2,296.0001717857409,-937154.641152737
38500.0,7482.6,289.0001557990625,-965758.53250655
39500.0,10202.4,256.0001498780705,-884986.6657590731
38000.0,11368.8,249.0001338913921,-913590.5571128861
39500.0,11611.8,252.0001885125433,-934250.9775517831
38500.0,9554.399999999998,251.0001409965825,-913588.0169276545
40000.0,9797.4,254.0001956177337,-934248.4373665515
38500.0,10963.8,247.0001796310553,-962852.3287203645
39000.0,10202.399999999998,251.0001738580881,-913627.3894297073
40500.0,10445.4,254.0002284792393,-934287.8098686043
39000.0,11611.8,247.0002124925609,-962891.7012224173
39500.0,9797.4,249.00021959775128,-962889.1610371857
38000.0,3758.3999999999996,338.0000293858833,-890722.86851257
38500.0,4406.4,338.0000622473889,-890762.2410146229
39000.0,2592.0,340.0000693525793,-890759.7008293913
37500.0,3758.3999999999996,333.0000533659009,-919363.5921832043
39000.0,4001.4000000000005,336.0001079870521,-940024.0126221012
38500.0,7887.599999999999,296.0000860793817,-887856.0372284374
39000.0,6073.199999999999,298.0000931845721,-887853.4970432058
37500.0,7239.599999999999,291.0000771978937,-916457.3883970188
39000.0,7482.6,294.0001318190449,-937117.8088359158
39500.0,6721.199999999999,298.0001260460777,-887892.8695452586
38000.0,7887.599999999999,291.0001100593993,-916496.7608990716
39500.0,8130.6,294.0001646805505,-937157.1813379686
38500.0,6073.199999999999,293.0001171645897,-916494.22071384
40000.0,6316.2,296.0001717857409,-937154.641152737
38500.0,7482.6,289.0001557990625,-965758.53250655
39000.0,7901.099999999999,296.0000861533941,-887856.0372284374
39500.0,6086.699999999999,298.0000932585845,-887853.4970432058
38000.0,7253.099999999999,291.0000772719061,-916457.3883970188
39500.0,7496.1,294.0001318930573,-937117.8088359158
40000.0,6734.699999999999,298.0001261200901,-887892.8695452586
38500.0,7901.099999999999,291.0001101334117,-916496.7608990716
40000.0,8144.1,294.0001647545629,-937157.1813379686
39000.0,6086.699999999999,293.0001172386021,-916494.22071384
40500.0,6329.7,296.0001718597533,-937154.641152737
39000.0,7496.1,289.0001558730749,-965758.53250655
40000.0,10215.9,256.0001499520829,-884986.6657590731
38500.0,11382.3,249.0001339654045,-913590.5571128861
40000.0,11625.3,252.0001885865557,-934250.9775517831
39000.0,9567.899999999998,251.0001410705949,-913588.0169276545
40500.0,9810.9,254.0001956917461,-934248.4373665515
39000.0,10977.3,247.0001797050677,-962852.3287203645
39500.0,10215.899999999998,251.0001739321005,-913627.3894297073
41000.0,10458.9,254.0002285532517,-934287.8098686043
39500.0,11625.3,247.00021256657328,-962891.7012224173
40000.0,9810.9,249.0002196717637,-962889.1610371857
39000.0,7887.599999999999,316.0000860793817,-890328.7872284374
39500.0,6073.199999999999,318.0000931845721,-890326.2470432058
38000.0,7239.599999999999,311.0000771978937,-918930.1383970188
39500.0,7482.6,314.0001318190449,-939590.5588359158
40000.0,6721.199999999999,318.0001260460777,-890365.6195452586
38500.0,7887.599999999999,311.0001100593993,-918969.5108990716
40000.0,8130.6,314.0001646805505,-939629.9313379686
39000.0,6073.199999999999,313.0001171645897,-918966.97071384
40500.0,6316.2,316.0001717857409,-939627.391152737
39000.0,7482.6,309.0001557990625,-968231.28250655
40000.0,10202.4,276.0001498780705,-887459.4157590731
38500.0,11368.8,269.00013389139207,-916063.3071128861
40000.0,11611.8,272.0001885125433,-936723.7275517831
39000.0,9554.399999999998,271.0001409965825,-916060.7669276545
40500.0,9797.4,274.0001956177337,-936721.1873665515
39000.0,10963.8,267.0001796310553,-965325.0787203645
39500.0,10202.399999999998,271.0001738580881,-916100.1394297073
41000.0,10445.4,274.0002284792393,-936760.5598686043
39500.0,11611.8,267.0002124925609,-965364.4512224173
40000.0,9797.4,269.0002195977513,-965361.9110371857
40500.0,10215.9,276.0001499520829,-887459.4157590731
39000.0,11382.3,269.0001339654045,-916063.3071128861
40500.0,11625.3,272.0001885865557,-936723.7275517831
39500.0,9567.899999999998,271.0001410705949,-916060.7669276545
41000.0,9810.9,274.0001956917461,-936721.1873665515
39500.0,10977.3,267.0001797050677,-965325.0787203645
40000.0,10215.899999999998,271.0001739321005,-916100.1394297073
41500.0,10458.9,274.0002285532517,-936760.5598686043
40000.0,11625.3,267.0002125665733,-965364.4512224173
40500.0,9810.9,269.0002196717637,-965361.9110371857
40000.0,13697.099999999999,229.0001977640933,-913193.9356435218
41500.0,13940.1,232.0002523852445,-933854.3560824188
40000.0,15106.5,225.0002363985661,-962458.2474362318
40500.0,13292.099999999999,227.0002435037565,-962455.7072510002
41000.0,13940.099999999999,227.0002763652621,-962495.079753053
23000.0,3622.932,268.0000265822936,-891193.86851257
23500.0,4270.932,268.00005944379916,-891233.2410146229
24000.0,2456.5319999999997,270.0000665489896,-891230.7008293913
22500.0,3622.932,263.0000505623112,-919834.5921832043
24000.0,3865.9320000000002,266.0001051834624,-940495.0126221012
23500.0,7752.132,226.00008327579198,-888327.0372284374
24000.0,5937.732,228.00009038098239,-888324.4970432058
22500.0,7104.132,221.000074394304,-916928.3883970188
24000.0,7347.132,224.00012901545517,-937588.8088359158
24500.0,6585.732,228.00012324248797,-888363.8695452586
23000.0,7752.132,221.00010725580958,-916967.7608990716
24500.0,7995.132,224.0001618769608,-937628.1813379686
23500.0,5937.732,223.000114361,-916965.22071384
25000.0,6180.732,226.0001689821512,-937625.641152737
23500.0,7347.132,219.00015299547277,-966229.53250655
24000.0,7765.632,226.00008334980438,-888327.0372284374
24500.0,5951.232,228.0000904549948,-888324.4970432058
23000.0,7117.632,221.00007446831637,-916928.3883970188
24500.0,7360.632,224.00012908946758,-937588.8088359158
25000.0,6599.232,228.00012331650038,-888363.8695452586
23500.0,7765.632,221.000107329822,-916967.7608990716
25000.0,8008.632,224.0001619509732,-937628.1813379686
24000.0,5951.232,223.0001144350124,-916965.22071384
25500.0,6194.232,226.00016905616357,-937625.641152737
24000.0,7360.632,219.00015306948518,-966229.53250655
25000.0,10080.431999999999,186.00014714849317,-885457.6657590731
23500.0,11246.831999999999,179.00013116181478,-914061.5571128861
25000.0,11489.832,182.00018578296599,-934721.9775517831
24000.0,9432.432,181.00013826700518,-914059.0169276545
25500.0,9675.432,184.0001928881564,-934719.4373665515
24000.0,10841.832,177.00017690147797,-963323.3287203645
24500.0,10080.432,181.00017112851077,-914098.3894297073
26000.0,10323.432,184.00022574966198,-934758.8098686043
24500.0,11489.832,177.0002097629836,-963362.7012224173
25000.0,9675.432,179.000216868174,-963360.1610371857
24000.0,7752.132,246.00008327579198,-890799.7872284374
24500.0,5937.732,248.00009038098239,-890797.2470432058
23000.0,7104.132,241.000074394304,-919401.1383970188
24500.0,7347.132,244.00012901545517,-940061.5588359158
25000.0,6585.732,248.00012324248797,-890836.6195452586
23500.0,7752.132,241.00010725580958,-919440.5108990716
25000.0,7995.132,244.0001618769608,-940100.9313379686
24000.0,5937.732,243.000114361,-919437.97071384
25500.0,6180.732,246.0001689821512,-940098.391152737
24000.0,7347.132,239.00015299547277,-968702.28250655
25000.0,10066.931999999999,206.0001470744808,-887930.4157590731
23500.0,11233.331999999999,199.00013108780237,-916534.3071128861
25000.0,11476.332,202.00018570895358,-937194.7275517831
24000.0,9418.932,201.00013819299278,-916531.7669276545
25500.0,9661.932,204.000192814144,-937192.1873665515
24000.0,10828.332,197.0001768274656,-965796.0787203645
24500.0,10066.932,201.0001710544984,-916571.1394297073
26000.0,10309.932,204.00022567564957,-937231.5598686043
24500.0,11476.332,197.00020968897118,-965835.4512224173
25000.0,9661.932,199.0002167941616,-965832.9110371857
25500.0,10080.431999999999,206.00014714849317,-887930.4157590731
24000.0,11246.831999999999,199.00013116181478,-916534.3071128861
25500.0,11489.832,202.00018578296599,-937194.7275517831
24500.0,9432.432,201.00013826700518,-916531.7669276545
26000.0,9675.432,204.0001928881564,-937192.1873665515
24500.0,10841.832,197.00017690147797,-965796.0787203645
25000.0,10080.432,201.00017112851077,-916571.1394297073
26500.0,10323.432,204.00022574966198,-937231.5598686043
25000.0,11489.832,197.0002097629836,-965835.4512224173
25500.0,9675.432,199.000216868174,-965832.9110371857
25000.0,13561.631999999998,159.0001949605036,-913664.9356435218
26500.0,13804.632,162.00024958165477,-934325.3560824188
25000.0,14971.032,155.00023359497638,-962929.2474362318
25500.0,13156.632000000001,157.00024070016678,-962926.7072510002
26000.0,13804.632000000001,157.00027356167237,-962966.079753053
24500.0,7765.632,246.00008334980438,-890799.7872284374
25000.0,5951.232,248.0000904549948,-890797.2470432058
23500.0,7117.632,241.00007446831637,-919401.1383970188
25000.0,7360.632,244.00012908946758,-940061.5588359158
25500.0,6599.232,248.00012331650038,-890836.6195452586
24000.0,7765.632,241.000107329822,-919440.5108990716
25500.0,8008.632,244.0001619509732,-940100.9313379686
24500.0,5951.232,243.0001144350124,-919437.97071384
26000.0,6194.232,246.00016905616357,-940098.391152737
24500.0,7360.632,239.00015306948518,-968702.28250655
25500.0,10080.431999999999,206.00014714849317,-887930.4157590731
24000.0,11246.831999999999,199.00013116181478,-916534.3071128861
25500.0,11489.832,202.00018578296599,-937194.7275517831
24500.0,9432.432,201.00013826700518,-916531.7669276545
26000.0,9675.432,204.0001928881564,-937192.1873665515
24500.0,10841.832,197.00017690147797,-965796.0787203645
25000.0,10080.432,201.00017112851077,-916571.1394297073
26500.0,10323.432,204.00022574966198,-937231.5598686043
25000.0,11489.832,197.0002097629836,-965835.4512224173
25500.0,9675.432,199.000216868174,-965832.9110371857
26000.0,10093.931999999999,206.00014722250557,-887930.4157590731
24500.0,11260.331999999999,199.00013123582718,-916534.3071128861
26000.0,11503.332,202.0001858569784,-937194.7275517831
25000.0,9445.932,201.0001383410176,-916531.7669276545
26500.0,9688.932,204.0001929621688,-937192.1873665515
25000.0,10855.332,197.00017697549038,-965796.0787203645
25500.0,10093.932,201.00017120252318,-916571.1394297073
27000.0,10336.932,204.00022582367438,-937231.5598686043
25500.0,11503.332,197.000209836996,-965835.4512224173
26000.0,9688.932,199.00021694218637,-965832.9110371857
25500.0,13575.131999999998,159.000195034516,-913664.9356435218
27000.0,13818.132,162.00024965566718,-934325.3560824188
25500.0,14984.532,155.00023366898878,-962929.2474362318
26000.0,13170.132000000001,157.0002407741792,-962926.7072510002
26500.0,13818.132000000001,157.00027363568478,-962966.079753053
26000.0,10080.431999999999,226.00014714849317,-890403.1657590731
24500.0,11246.831999999999,219.00013116181478,-919007.0571128861
26000.0,11489.832,222.00018578296599,-939667.4775517831
25000.0,9432.432,221.00013826700518,-919004.5169276545
26500.0,9675.432,224.0001928881564,-939664.9373665515
25000.0,10841.832,217.00017690147797,-968268.8287203645
25500.0,10080.432,221.00017112851077,-919043.8894297073
27000.0,10323.432,224.00022574966198,-939704.3098686043
25500.0,11489.832,217.0002097629836,-968308.2012224173
26000.0,9675.432,219.000216868174,-968305.6610371857
25500.0,13561.631999999998,179.0001949605036,-916137.6856435218
27000.0,13804.632,182.00024958165477,-936798.1060824188
25500.0,14971.032,175.00023359497638,-965401.9974362318
26000.0,13156.632000000001,177.00024070016678,-965399.4572510002
26500.0,13804.632000000001,177.00027356167237,-965438.829753053
26000.0,13575.131999999998,179.000195034516,-916137.6856435218
27500.0,13818.132,182.00024965566718,-936798.1060824188
26000.0,14984.532,175.00023366898878,-965401.9974362318
26500.0,13170.132000000001,177.0002407741792,-965399.4572510002
27000.0,13818.132000000001,177.00027363568478,-965438.829753053
27000.0,17299.332,135.0002974676776,-962532.6259668675
24000.0,3684.1679999999997,268.0000273016941,-891193.86851257
24500.0,4332.168,268.0000601631997,-891233.2410146229
25000.0,2517.7679999999996,270.0000672683901,-891230.7008293913
23500.0,3684.1679999999997,263.0000512817117,-919834.5921832043
25000.0,3927.168,266.0001059028629,-940495.0126221012
24500.0,7813.3679999999995,226.0000839951925,-888327.0372284374
25000.0,5998.967999999999,228.00009110038292,-888324.4970432058
23500.0,7165.3679999999995,221.00007511370453,-916928.3883970188
25000.0,7408.368,224.0001297348557,-937588.8088359158
25500.0,6646.967999999999,228.0001239618885,-888363.8695452586
24000.0,7813.3679999999995,221.0001079752101,-916967.7608990716
25500.0,8056.368,224.00016259636132,-937628.1813379686
24500.0,5998.967999999999,223.00011508040052,-916965.22071384
26000.0,6241.968,226.0001697015517,-937625.641152737
24500.0,7408.368,219.0001537148733,-966229.53250655
25000.0,7826.8679999999995,226.00008406920492,-888327.0372284374
25500.0,6012.467999999999,228.00009117439532,-888324.4970432058
24000.0,7178.8679999999995,221.0000751877169,-916928.3883970188
25500.0,7421.868,224.0001298088681,-937588.8088359158
26000.0,6660.467999999999,228.0001240359009,-888363.8695452586
24500.0,7826.8679999999995,221.00010804922252,-916967.7608990716
26000.0,8069.868,224.00016267037373,-937628.1813379686
25000.0,6012.467999999999,223.00011515441292,-916965.22071384
26500.0,6255.468,226.0001697755641,-937625.641152737
25000.0,7421.868,219.0001537888857,-966229.53250655
26000.0,10141.668,186.0001478678937,-885457.6657590731
24500.0,11308.068,179.0001318812153,-914061.5571128861
26000.0,11551.068,182.00018650236652,-934721.9775517831
25000.0,9493.667999999998,181.00013898640572,-914059.0169276545
26500.0,9736.668,184.00019360755692,-934719.4373665515
25000.0,10903.068,177.0001776208785,-963323.3287203645
25500.0,10141.667999999998,181.0001718479113,-914098.3894297073
27000.0,10384.668,184.0002264690625,-934758.8098686043
25500.0,11551.068,177.00021048238412,-963362.7012224173
26000.0,9736.668,179.00021758757453,-963360.1610371857
25000.0,7813.3679999999995,246.0000839951925,-890799.7872284374
25500.0,5998.967999999999,248.00009110038292,-890797.2470432058
24000.0,7165.3679999999995,241.00007511370453,-919401.1383970188
25500.0,7408.368,244.0001297348557,-940061.5588359158
26000.0,6646.967999999999,248.0001239618885,-890836.6195452586
24500.0,7813.3679999999995,241.0001079752101,-919440.5108990716
26000.0,8056.368,244.00016259636132,-940100.9313379686
25000.0,5998.967999999999,243.00011508040052,-919437.97071384
26500.0,6241.968,246.0001697015517,-940098.391152737
25000.0,7408.368,239.0001537148733,-968702.28250655
26000.0,10128.168,206.00014779388133,-887930.4157590731
24500.0,11294.568,199.0001318072029,-916534.3071128861
26000.0,11537.568,202.0001864283541,-937194.7275517831
25000.0,9480.167999999998,201.0001389123933,-916531.7669276545
26500.0,9723.168,204.00019353354452,-937192.1873665515
25000.0,10889.568,197.0001775468661,-965796.0787203645
25500.0,10128.167999999998,201.0001717738989,-916571.1394297073
27000.0,10371.168,204.0002263950501,-937231.5598686043
25500.0,11537.568,197.00021040837171,-965835.4512224173
26000.0,9723.168,199.00021751356212,-965832.9110371857
26500.0,10141.668,206.0001478678937,-887930.4157590731
25000.0,11308.068,199.0001318812153,-916534.3071128861
26500.0,11551.068,202.00018650236652,-937194.7275517831
25500.0,9493.667999999998,201.00013898640572,-916531.7669276545
27000.0,9736.668,204.00019360755692,-937192.1873665515
25500.0,10903.068,197.0001776208785,-965796.0787203645
26000.0,10141.667999999998,201.0001718479113,-916571.1394297073
27500.0,10384.668,204.0002264690625,-937231.5598686043
26000.0,11551.068,197.00021048238412,-965835.4512224173
26500.0,9736.668,199.00021758757453,-965832.9110371857
26000.0,13622.867999999999,159.00019567990412,-913664.9356435218
27500.0,13865.868,162.0002503010553,-934325.3560824188
26000.0,15032.268,155.0002343143769,-962929.2474362318
26500.0,13217.867999999999,157.00024141956732,-962926.7072510002
27000.0,13865.867999999999,157.0002742810729,-962966.079753053
25500.0,7826.8679999999995,246.00008406920492,-890799.7872284374
26000.0,6012.467999999999,248.00009117439532,-890797.2470432058
24500.0,7178.8679999999995,241.0000751877169,-919401.1383970188
26000.0,7421.868,244.0001298088681,-940061.5588359158
26500.0,6660.467999999999,248.0001240359009,-890836.6195452586
25000.0,7826.8679999999995,241.00010804922252,-919440.5108990716
26500.0,8069.868,244.00016267037373,-940100.9313379686
25500.0,6012.467999999999,243.00011515441292,-919437.97071384
27000.0,6255.468,246.0001697755641,-940098.391152737
25500.0,7421.868,239.0001537888857,-968702.28250655
26500.0,10141.668,206.0001478678937,-887930.4157590731
25000.0,11308.068,199.0001318812153,-916534.3071128861
26500.0,11551.068,202.00018650236652,-937194.7275517831
25500.0,9493.667999999998,201.00013898640572,-916531.7669276545
27000.0,9736.668,204.00019360755692,-937192.1873665515
25500.0,10903.068,197.0001776208785,-965796.0787203645
26000.0,10141.667999999998,201.0001718479113,-916571.1394297073
27500.0,10384.668,204.0002264690625,-937231.5598686043
26000.0,11551.068,197.00021048238412,-965835.4512224173
26500.0,9736.668,199.00021758757453,-965832.9110371857
27000.0,10155.168,206.0001479419061,-887930.4157590731
25500.0,11321.568,199.00013195522772,-916534.3071128861
27000.0,11564.568,202.00018657637892,-937194.7275517831
26000.0,9507.167999999998,201.00013906041812,-916531.7669276545
27500.0,9750.168,204.0001936815693,-937192.1873665515
26000.0,10916.568,197.0001776948909,-965796.0787203645
26500.0,10155.167999999998,201.0001719219237,-916571.1394297073
28000.0,10398.168,204.00022654307492,-937231.5598686043
26500.0,11564.568,197.00021055639652,-965835.4512224173
27000.0,9750.168,199.0002176615869,-965832.9110371857
26500.0,13636.367999999999,159.0001957539165,-913664.9356435218
28000.0,13879.368,162.0002503750677,-934325.3560824188
26500.0,15045.768,155.00023438838932,-962929.2474362318
27000.0,13231.367999999999,157.00024149357972,-962926.7072510002
27500.0,13879.367999999999,157.0002743550853,-962966.079753053
27000.0,10141.668,226.0001478678937,-890403.1657590731
25500.0,11308.068,219.0001318812153,-919007.0571128861
27000.0,11551.068,222.00018650236652,-939667.4775517831
26000.0,9493.667999999998,221.00013898640572,-919004.5169276545
27500.0,9736.668,224.00019360755692,-939664.9373665515
26000.0,10903.068,217.0001776208785,-968268.8287203645
26500.0,10141.667999999998,221.0001718479113,-919043.8894297073
28000.0,10384.668,224.0002264690625,-939704.3098686043
26500.0,11551.068,217.00021048238412,-968308.2012224173
27000.0,9736.668,219.00021758757453,-968305.6610371857
26500.0,13622.867999999999,179.00019567990412,-916137.6856435218
28000.0,13865.868,182.0002503010553,-936798.1060824188
26500.0,15032.268,175.0002343143769,-965401.9974362318
27000.0,13217.867999999999,177.00024141956732,-965399.4572510002
27500.0,13865.867999999999,177.0002742810729,-965438.829753053
27000.0,13636.367999999999,179.0001957539165,-916137.6856435218
28500.0,13879.368,182.0002503750677,-936798.1060824188
27000.0,15045.768,175.00023438838932,-965401.9974362318
27500.0,13231.367999999999,177.00024149357972,-965399.4572510002
28000.0,13879.367999999999,177.0002743550853,-965438.829753053
28000.0,17360.568,135.0002981870781,-962532.6259668675
10500.0,7691.4,176.0000812656152,-7414.964929681855
11000.0,5877.0,178.0000883708056,-7412.424744450178
9500.0,7043.4,171.0000723841272,-36016.316098263225
11000.0,7286.4,174.0001270052784,-56676.73653716017
11500.0,6525.0,178.0001212323112,-7451.797246503065
10000.0,7691.4,171.0001052456328,-36055.68860031611
11500.0,7934.4,174.000159866784,-56716.10903921306
10500.0,5877.0,173.0001123508232,-36053.14841508443
12000.0,6120.0,176.0001669719744,-56713.56885398138
10500.0,7286.4,169.000150985296,-85317.46020779441
11500.0,10006.199999999999,136.000145064304,-4545.593460317549
10000.0,11172.599999999999,129.0001290776256,-33149.48481413059
11500.0,11415.6,132.0001836987768,-53809.90525302754
10500.0,9358.2,131.000136182816,-33146.94462889891
12000.0,9601.2,134.0001908039672,-53807.365067795865
10500.0,10767.6,127.0001748172888,-82411.25642160891
11000.0,10006.2,131.0001690443216,-33186.31713095181
12500.0,10249.2,134.0002236654728,-53846.737569848745
11000.0,11415.6,127.0002076787944,-82450.6289236618
11500.0,9601.2,129.0002147839848,-82448.08873843012
12000.0,10019.699999999999,136.0001451383164,-4545.593460317549
10500.0,11186.099999999999,129.000129151638,-33149.48481413059
12000.0,11429.1,132.0001837727892,-53809.90525302754
11000.0,9371.7,131.0001362568284,-33146.94462889891
12500.0,9614.7,134.0001908779796,-53807.365067795865
11000.0,10781.1,127.0001748913012,-82411.25642160891
11500.0,10019.7,131.000169118334,-33186.31713095181
13000.0,10262.7,134.0002237394852,-53846.737569848745
11500.0,11429.1,127.0002077528068,-82450.6289236618
12000.0,9614.7,129.0002148579972,-82448.08873843012
11500.0,13500.899999999998,89.0001929503268,-30280.113344766287
13000.0,13743.9,92.000247571478,-50940.53378366323
11500.0,14910.3,85.0002315847996,-79544.42513747627
12000.0,13095.900000000001,87.00023868999,-79541.8849522446
12500.0,13743.900000000001,87.0002715514956,-79581.25745429749
12000.0,10006.199999999999,156.000145064304,-7018.343460317549
10500.0,11172.599999999999,149.0001290776256,-35622.23481413059
12000.0,11415.6,152.0001836987768,-56282.65525302754
11000.0,9358.2,151.000136182816,-35619.69462889891
12500.0,9601.2,154.0001908039672,-56280.115067795865
11000.0,10767.6,147.0001748172888,-84884.00642160891
11500.0,10006.2,151.0001690443216,-35659.06713095181
13000.0,10249.2,154.0002236654728,-56319.487569848745
11500.0,11415.6,147.0002076787944,-84923.3789236618
12000.0,9601.2,149.0002147839848,-84920.83873843012
11500.0,13487.399999999998,109.0001928763144,-32752.863344766287
13000.0,13730.4,112.0002474974656,-53413.28378366323
11500.0,14896.8,105.0002315107872,-82017.17513747627
12000.0,13082.400000000001,107.0002386159776,-82014.6349522446
12500.0,13730.400000000001,107.0002714774832,-82054.00745429749
12000.0,13500.899999999998,109.0001929503268,-32752.863344766287
13500.0,13743.9,112.000247571478,-53413.28378366323
12000.0,14910.3,105.0002315847996,-82017.17513747627
12500.0,13095.900000000001,107.00023868999,-82014.6349522446
13000.0,13743.900000000001,107.0002715514956,-82054.00745429749
13000.0,17225.1,65.0002953834884,-79147.80366811197
12500.0,10019.699999999999,156.0001451383164,-7018.343460317549
11000.0,11186.099999999999,149.000129151638,-35622.23481413059
12500.0,11429.1,152.0001837727892,-56282.65525302754
11500.0,9371.7,151.0001362568284,-35619.69462889891
13000.0,9614.7,154.0001908779796,-56280.115067795865
11500.0,10781.1,147.0001748913012,-84884.00642160891
12000.0,10019.7,151.000169118334,-35659.06713095181
13500.0,10262.7,154.0002237394852,-56319.487569848745
12000.0,11429.1,147.0002077528068,-84923.3789236618
12500.0,9614.7,149.0002148579972,-84920.83873843012
12000.0,13500.899999999998,109.0001929503268,-32752.863344766287
13500.0,13743.9,112.000247571478,-53413.28378366323
12000.0,14910.3,105.0002315847996,-82017.17513747627
12500.0,13095.900000000001,107.00023868999,-82014.6349522446
13000.0,13743.900000000001,107.0002715514956,-82054.00745429749
12500.0,13514.399999999998,109.0001930243392,-32752.863344766287
14000.0,13757.4,112.0002476454904,-53413.28378366323
12500.0,14923.8,105.000231658812,-82017.17513747627
13000.0,13109.400000000001,107.0002387640024,-82014.6349522446
13500.0,13757.400000000001,107.000271625508,-82054.00745429749
13500.0,17238.6,65.0002954575008,-79147.80366811197
12500.0,13500.899999999998,129.0001929503268,-37698.36334476629
14000.0,13743.9,132.000247571478,-58358.78378366323
12500.0,14910.3,125.0002315847996,-86962.67513747627
13000.0,13095.900000000001,127.00023868999,-86960.1349522446
13500.0,13743.900000000001,127.0002715514956,-86999.50745429748
13500.0,17225.1,85.0002953834884,-84093.30366811197
14000.0,17238.6,85.0002954575008,-84093.30366811197
