10000.0,33.75,80.000000925155,-512576.12879532785
12000.0,60.0,80.00000123354,-512576.12879532785
15000.0,78.732,100.00000215820158,-884326.8222987555
16000.0,139.96800000000002,100.00000287760211,-884326.8222987555
1000.0,4.5,30.0000000740124,-942.0
1500.0,18.0,30.0000001480248,-942.0
1500.0,4.5,50.0000000740124,-5887.5
2000.0,18.0,50.0000001480248,-5887.5
2000.0,3499.2,8.0000239800176,-75.0924276289671
2500.0,4147.2,8.0000568415232,-153.8374317347421
3000.0,2332.7999999999997,10.0000639467136,-148.75706127138722
1500.0,3499.2,3.0000479600352,-57356.53976889748
3000.0,3742.2000000000003,6.0001025811864,-98677.38064669137
22000.0,93.75,160.000002158695,-512576.12879532785
25000.0,112.482,180.00000308335657,-884326.8222987555
26000.0,173.71800000000002,180.0000038027571,-884326.8222987555
11000.0,38.25,110.0000009991674,-513047.12879532785
11500.0,51.75,110.0000010731798,-513047.12879532785
11500.0,38.25,130.0000009991674,-515519.87879532785
12000.0,51.75,130.0000010731798,-515519.87879532785
12000.0,3532.95,88.0000249051726,-512613.6750091423
12500.0,4180.95,88.0000577666782,-512653.04751119524
13000.0,2366.5499999999997,90.0000648718686,-512650.5073259635
11500.0,3532.95,83.0000488851902,-541254.3986797766
13000.0,3775.9500000000003,86.0001035063414,-561914.8191186736
27000.0,138.732,180.0000033917416,-884326.8222987555
28000.0,199.96800000000002,180.00000411114212,-884326.8222987555
13000.0,64.5,110.0000013075524,-513047.12879532785
13500.0,78.0,110.0000013815648,-513047.12879532785
13500.0,64.5,130.0000013075524,-515519.87879532785
14000.0,78.0,130.0000013815648,-515519.87879532785
14000.0,3559.2,88.0000252135576,-512613.6750091423
14500.0,4207.2,88.0000580750632,-512653.04751119524
15000.0,2392.7999999999997,90.0000651802536,-512650.5073259635
13500.0,3559.2,83.0000491935752,-541254.3986797766
15000.0,3802.2000000000003,86.0001038147264,-561914.8191186736
31000.0,218.70000000000002,200.0000050358037,-884326.8222987555
16000.0,83.232,130.00000223221397,-884797.8222987555
16500.0,96.732,130.00000230622638,-884797.8222987555
16500.0,83.232,150.00000223221397,-887270.5722987555
17000.0,96.732,150.00000230622638,-887270.5722987555
17000.0,3577.932,108.00002613821918,-884364.36851257
17500.0,4225.932,108.00005899972479,-884403.7410146229
18000.0,2411.5319999999997,110.00006610491518,-884401.2008293913
16500.0,3577.932,103.00005011823679,-913005.0921832043
18000.0,3820.9320000000002,106.00010473938798,-933665.5126221012
17000.0,144.46800000000002,130.0000029516145,-884797.8222987555
17500.0,157.96800000000002,130.0000030256269,-884797.8222987555
17500.0,144.46800000000002,150.0000029516145,-887270.5722987555
18000.0,157.96800000000002,150.0000030256269,-887270.5722987555
18000.0,3639.1679999999997,108.00002685761972,-884364.36851257
18500.0,4287.168,108.00005971912532,-884403.7410146229
19000.0,2472.7679999999996,110.00006682431571,-884401.2008293913
17500.0,3639.1679999999997,103.00005083763732,-913005.0921832043
19000.0,3882.168,106.00010545878851,-933665.5126221012
2500.0,22.5,60.0000002220372,-1413.0
2500.0,9.0,80.0000001480248,-3885.75
3000.0,22.5,80.0000002220372,-3885.75
3000.0,3503.7,38.00002405403,-979.5462138144835
3500.0,4151.7,38.0000569155356,-1018.918715867371
4000.0,2337.2999999999997,40.000064020726,-1016.3785306356936
2500.0,3503.7,33.0000480340476,-29620.26988444874
4000.0,3746.7000000000003,36.0001026551988,-50280.69032334568
3000.0,22.5,80.0000002220372,-3885.75
3500.0,36.0,80.0000002960496,-3885.75
3500.0,3517.2,38.0000241280424,-979.5462138144835
4000.0,4165.2,38.000056989548,-1018.918715867371
4500.0,2350.7999999999997,40.0000640947384,-1016.3785306356936
3000.0,3517.2,33.00004810806,-29620.26988444874
4500.0,3760.2000000000003,36.0001027292112,-50280.69032334568
3500.0,22.5,100.0000002220372,-8831.25
3500.0,3503.7,58.00002405403,-5925.046213814484
4000.0,4151.7,58.0000569155356,-5964.418715867371
4500.0,2337.2999999999997,60.000064020726,-5961.878530635694
3000.0,3503.7,53.0000480340476,-34565.76988444874
4500.0,3746.7000000000003,56.0001026551988,-55226.19032334568
4000.0,3517.2,58.0000241280424,-5925.046213814484
4500.0,4165.2,58.000056989548,-5964.418715867371
5000.0,2350.7999999999997,60.0000640947384,-5961.878530635694
3500.0,3517.2,53.00004810806,-34565.76988444874
5000.0,3760.2000000000003,56.0001027292112,-55226.19032334568
4500.0,7646.4,16.0000808215408,-152.01114349633815
5000.0,5832.0,18.0000879267312,-149.4709582646607
3500.0,6998.4,11.0000719400528,-28753.362312077705
5000.0,7241.4,14.000126561204,-49413.78275097465
5500.0,6480.0,18.0001207882368,-228.2159623704357
4000.0,7646.4,11.0001048015584,-28832.10731618348
5500.0,7889.4,14.0001594227096,-49492.527755080424
4500.0,5832.0,13.0001119067488,-28827.026945720125
6000.0,6075.0,16.0001665279,-49487.44738461707
4500.0,7241.4,9.0001505412216,-106695.23009224316
37000.0,172.482,260.0000043168966,-884326.8222987555
38000.0,233.71800000000002,260.0000050362971,-884326.8222987555
23000.0,98.25,190.0000022327074,-513047.12879532785
23500.0,111.75,190.0000023067198,-513047.12879532785
23500.0,98.25,210.0000022327074,-515519.87879532785
24000.0,111.75,210.0000023067198,-515519.87879532785
24000.0,3592.95,168.0000261387126,-512613.6750091423
24500.0,4240.95,168.0000590002182,-512653.04751119524
25000.0,2426.5499999999997,170.0000661054086,-512650.5073259635
23500.0,3592.95,163.0000501187302,-541254.3986797766
25000.0,3835.9500000000003,166.0001047398814,-561914.8191186736
41000.0,252.45000000000002,280.0000059609587,-884326.8222987555
26000.0,116.982,210.00000315736898,-884797.8222987555
26500.0,130.482,210.00000323138138,-884797.8222987555
26500.0,116.982,230.00000315736898,-887270.5722987555
27000.0,130.482,230.00000323138138,-887270.5722987555
27000.0,3611.682,188.00002706337418,-884364.36851257
27500.0,4259.682,188.0000599248798,-884403.7410146229
28000.0,2445.2819999999997,190.00006703007017,-884401.2008293913
26500.0,3611.682,183.00005104339178,-913005.0921832043
28000.0,3854.6820000000002,186.00010566454299,-933665.5126221012
27000.0,178.21800000000002,210.0000038767695,-884797.8222987555
27500.0,191.71800000000002,210.00000395078192,-884797.8222987555
27500.0,178.21800000000002,230.0000038767695,-887270.5722987555
28000.0,191.71800000000002,230.00000395078192,-887270.5722987555
28000.0,3672.9179999999997,188.0000277827747,-884364.36851257
28500.0,4320.918,188.00006064428032,-884403.7410146229
29000.0,2506.5179999999996,190.0000677494707,-884401.2008293913
27500.0,3672.9179999999997,183.0000517627923,-913005.0921832043
29000.0,3915.918,186.00010638394352,-933665.5126221012
12500.0,56.25,140.0000011471922,-513518.12879532785
12500.0,42.75,160.0000010731798,-515990.87879532785
13000.0,56.25,160.0000011471922,-515990.87879532785
13000.0,3537.45,118.000024979185,-513084.6750091423
13500.0,4185.45,118.0000578406906,-513124.04751119524
14000.0,2371.0499999999997,120.000064945881,-513121.5073259635
12500.0,3537.45,113.0000489592026,-541725.3986797766
14000.0,3780.4500000000003,116.0001035803538,-562385.8191186736
13000.0,56.25,160.0000011471922,-515990.87879532785
13500.0,69.75,160.0000012212046,-515990.87879532785
13500.0,3550.95,118.0000250531974,-513084.6750091423
14000.0,4198.95,118.000057914703,-513124.04751119524
14500.0,2384.5499999999997,120.0000650198934,-513121.5073259635
13000.0,3550.95,113.000049033215,-541725.3986797766
14500.0,3793.9500000000003,116.0001036543662,-562385.8191186736
13500.0,56.25,180.0000011471922,-518463.62879532785
13500.0,3537.45,138.000024979185,-515557.4250091423
14000.0,4185.45,138.0000578406906,-515596.79751119524
14500.0,2371.0499999999997,140.000064945881,-515594.2573259635
13000.0,3537.45,133.0000489592026,-544198.1486797766
14500.0,3780.4500000000003,136.0001035803538,-564858.5691186736
14000.0,3550.95,138.0000250531974,-515557.4250091423
14500.0,4198.95,138.000057914703,-515596.79751119524
15000.0,2384.5499999999997,140.0000650198934,-515594.2573259635
13500.0,3550.95,133.000049033215,-544198.1486797766
15000.0,3793.9500000000003,136.0001036543662,-564858.5691186736
14500.0,7680.15,96.0000817466958,-512690.5937250097
15000.0,5865.75,98.0000888518862,-512688.053539778
13500.0,7032.15,91.0000728652078,-541291.9448935911
15000.0,7275.15,94.000127486359,-561952.365332488
15500.0,6513.75,98.0001217133918,-512727.4260418309
14000.0,7680.15,91.0001057267134,-541331.317395644
15500.0,7923.15,94.0001603478646,-561991.7378345409
14500.0,5865.75,93.0001128319038,-541328.7772104123
16000.0,6108.75,96.000167453055,-561989.1976493092
14500.0,7275.15,89.0001514663766,-590593.0890031223
43000.0,278.70000000000005,280.0000062693437,-884326.8222987555
28000.0,143.232,210.000003465754,-884797.8222987555
28500.0,156.732,210.0000035397664,-884797.8222987555
28500.0,143.232,230.000003465754,-887270.5722987555
29000.0,156.732,230.0000035397664,-887270.5722987555
29000.0,3637.932,188.0000273717592,-884364.36851257
29500.0,4285.932,188.00006023326478,-884403.7410146229
30000.0,2471.5319999999997,190.00006733845518,-884401.2008293913
28500.0,3637.932,183.0000513517768,-913005.0921832043
30000.0,3880.9320000000002,186.000105972928,-933665.5126221012
29000.0,204.46800000000002,210.00000418515452,-884797.8222987555
29500.0,217.96800000000002,210.0000042591669,-884797.8222987555
29500.0,204.46800000000002,230.00000418515452,-887270.5722987555
30000.0,217.96800000000002,230.0000042591669,-887270.5722987555
30000.0,3699.1679999999997,188.00002809115972,-884364.36851257
30500.0,4347.168,188.0000609526653,-884403.7410146229
31000.0,2532.7679999999996,190.0000680578557,-884401.2008293913
29500.0,3699.1679999999997,183.00005207117732,-913005.0921832043
31000.0,3942.168,186.0001066923285,-933665.5126221012
14500.0,82.5,140.0000014555772,-513518.12879532785
14500.0,69.0,160.0000013815648,-515990.87879532785
15000.0,82.5,160.0000014555772,-515990.87879532785
15000.0,3563.7,118.00002528757,-513084.6750091423
15500.0,4211.7,118.0000581490756,-513124.04751119524
16000.0,2397.2999999999997,120.000065254266,-513121.5073259635
14500.0,3563.7,113.0000492675876,-541725.3986797766
16000.0,3806.7000000000003,116.0001038887388,-562385.8191186736
15000.0,82.5,160.0000014555772,-515990.87879532785
15500.0,96.0,160.0000015295896,-515990.87879532785
15500.0,3577.2,118.0000253615824,-513084.6750091423
16000.0,4225.2,118.000058223088,-513124.04751119524
16500.0,2410.7999999999997,120.0000653282784,-513121.5073259635
15000.0,3577.2,113.0000493416,-541725.3986797766
16500.0,3820.2000000000003,116.0001039627512,-562385.8191186736
15500.0,82.5,180.0000014555772,-518463.62879532785
15500.0,3563.7,138.00002528757,-515557.4250091423
16000.0,4211.7,138.0000581490756,-515596.79751119524
16500.0,2397.2999999999997,140.000065254266,-515594.2573259635
15000.0,3563.7,133.0000492675876,-544198.1486797766
16500.0,3806.7000000000003,136.0001038887388,-564858.5691186736
16000.0,3577.2,138.0000253615824,-515557.4250091423
16500.0,4225.2,138.000058223088,-515596.79751119524
17000.0,2410.7999999999997,140.0000653282784,-515594.2573259635
15500.0,3577.2,133.0000493416,-544198.1486797766
17000.0,3820.2000000000003,136.0001039627512,-564858.5691186736
16500.0,7706.4,96.0000820550808,-512690.5937250097
17000.0,5892.0,98.0000891602712,-512688.053539778
15500.0,7058.4,91.0000731735928,-541291.9448935911
17000.0,7301.4,94.000127794744,-561952.365332488
17500.0,6540.0,98.0001220217768,-512727.4260418309
16000.0,7706.4,91.0001060350984,-541331.317395644
17500.0,7949.4,94.0001606562496,-561991.7378345409
16500.0,5892.0,93.0001131402888,-541328.7772104123
18000.0,6135.0,96.00016776144,-561989.1976493092
16500.0,7301.4,89.0001517747616,-590593.0890031223
32000.0,223.20000000000002,230.0000051098161,-884797.8222987555
32500.0,236.70000000000002,230.0000051838285,-884797.8222987555
32500.0,223.20000000000002,250.0000051098161,-887270.5722987555
33000.0,236.70000000000002,250.0000051838285,-887270.5722987555
33000.0,3717.8999999999996,208.0000290158213,-884364.36851257
33500.0,4365.9,208.00006187732689,-884403.7410146229
34000.0,2551.4999999999995,210.0000689825173,-884401.2008293913
32500.0,3717.8999999999996,203.0000529958389,-913005.0921832043
34000.0,3960.9,206.0001076169901,-933665.5126221012
17500.0,101.232,160.00000238023878,-885268.8222987555
17500.0,87.732,180.00000230622638,-887741.5722987555
18000.0,101.232,180.00000238023878,-887741.5722987555
18000.0,3582.432,138.00002621223157,-884835.36851257
18500.0,4230.432,138.0000590737372,-884874.7410146229
19000.0,2416.0319999999997,140.0000661789276,-884872.2008293913
17500.0,3582.432,133.00005019224918,-913476.0921832043
19000.0,3825.4320000000002,136.00010481340038,-934136.5126221012
18000.0,101.232,180.00000238023878,-887741.5722987555
18500.0,114.732,180.0000024542512,-887741.5722987555
18500.0,3595.932,138.00002628624398,-884835.36851257
19000.0,4243.932,138.0000591477496,-884874.7410146229
19500.0,2429.5319999999997,140.00006625293997,-884872.2008293913
18000.0,3595.932,133.00005026626158,-913476.0921832043
19500.0,3838.9320000000002,136.0001048874128,-934136.5126221012
18500.0,101.232,200.00000238023878,-890214.3222987555
18500.0,3582.432,158.00002621223157,-887308.11851257
19000.0,4230.432,158.0000590737372,-887347.4910146229
19500.0,2416.0319999999997,160.0000661789276,-887344.9508293913
18000.0,3582.432,153.00005019224918,-915948.8421832043
19500.0,3825.4320000000002,156.00010481340038,-936609.2626221012
19000.0,3595.932,158.00002628624398,-887308.11851257
19500.0,4243.932,158.0000591477496,-887347.4910146229
20000.0,2429.5319999999997,160.00006625293997,-887344.9508293913
18500.0,3595.932,153.00005026626158,-915948.8421832043
20000.0,3838.9320000000002,156.0001048874128,-936609.2626221012
19500.0,7725.132,116.00008297974239,-884441.2872284374
20000.0,5910.732,118.00009008493278,-884438.7470432058
18500.0,7077.132,111.00007409825439,-913042.6383970188
20000.0,7320.132,114.00012871940558,-933703.0588359158
20500.0,6558.732,118.00012294643838,-884478.1195452586
19000.0,7725.132,111.00010695975999,-913082.0108990716
20500.0,7968.132,114.00016158091118,-933742.4313379686
19500.0,5910.732,113.00011406495038,-913079.47071384
21000.0,6153.732,116.00016868610159,-933739.891152737
19500.0,7320.132,109.00015269942318,-962343.78250655
18500.0,162.46800000000002,160.00000309963931,-885268.8222987555
18500.0,148.96800000000002,180.0000030256269,-887741.5722987555
19000.0,162.46800000000002,180.00000309963931,-887741.5722987555
19000.0,3643.6679999999997,138.0000269316321,-884835.36851257
19500.0,4291.668,138.00005979313772,-884874.7410146229
20000.0,2477.2679999999996,140.0000668983281,-884872.2008293913
18500.0,3643.6679999999997,133.0000509116497,-913476.0921832043
20000.0,3886.668,136.00010553280092,-934136.5126221012
19000.0,162.46800000000002,180.00000309963931,-887741.5722987555
19500.0,175.96800000000002,180.00000317365172,-887741.5722987555
19500.0,3657.1679999999997,138.0000270056445,-884835.36851257
20000.0,4305.168,138.0000598671501,-884874.7410146229
20500.0,2490.7679999999996,140.0000669723405,-884872.2008293913
19000.0,3657.1679999999997,133.0000509856621,-913476.0921832043
20500.0,3900.168,136.00010560681332,-934136.5126221012
19500.0,162.46800000000002,200.00000309963931,-890214.3222987555
19500.0,3643.6679999999997,158.0000269316321,-887308.11851257
20000.0,4291.668,158.00005979313772,-887347.4910146229
20500.0,2477.2679999999996,160.0000668983281,-887344.9508293913
19000.0,3643.6679999999997,153.0000509116497,-915948.8421832043
20500.0,3886.668,156.00010553280092,-936609.2626221012
20000.0,3657.1679999999997,158.0000270056445,-887308.11851257
20500.0,4305.168,158.0000598671501,-887347.4910146229
21000.0,2490.7679999999996,160.0000669723405,-887344.9508293913
19500.0,3657.1679999999997,153.0000509856621,-915948.8421832043
21000.0,3900.168,156.00010560681332,-936609.2626221012
20500.0,7786.3679999999995,116.0000836991429,-884441.2872284374
21000.0,5971.967999999999,118.00009080433331,-884438.7470432058
19500.0,7138.3679999999995,111.0000748176549,-913042.6383970188
21000.0,7381.368,114.00012943880611,-933703.0588359158
21500.0,6619.967999999999,118.00012366583891,-884478.1195452586
20000.0,7786.3679999999995,111.00010767916051,-913082.0108990716
21500.0,8029.368,114.00016230031171,-933742.4313379686
20500.0,5971.967999999999,113.00011478435091,-913079.47071384
22000.0,6214.968,116.0001694055021,-933739.891152737
20500.0,7381.368,109.00015341882371,-962343.78250655
4000.0,27.0,110.0000002960496,-4356.75
4500.0,40.5,110.000000370062,-4356.75
4500.0,3521.7,68.0000242020548,-1450.5462138144835
5000.0,4169.7,68.0000570635604,-1489.918715867371
5500.0,2355.2999999999997,70.0000641687508,-1487.3785306356936
4000.0,3521.7,63.0000481820724,-30091.26988444874
5500.0,3764.7000000000003,66.0001028032236,-50751.69032334568
4500.0,27.0,130.0000002960496,-6829.5
4500.0,3508.2,88.0000241280424,-3923.2962138144835
5000.0,4156.2,88.000056989548,-3962.6687158673712
5500.0,2341.7999999999997,90.0000640947384,-3960.1285306356936
4000.0,3508.2,83.00004810806,-32564.01988444874
5500.0,3751.2000000000003,86.0001027292112,-53224.44032334568
5000.0,3521.7,88.0000242020548,-3923.2962138144835
5500.0,4169.7,88.0000570635604,-3962.6687158673712
6000.0,2355.2999999999997,90.0000641687508,-3960.1285306356936
4500.0,3521.7,83.0000481820724,-32564.01988444874
6000.0,3764.7000000000003,86.0001028032236,-53224.44032334568
5500.0,7650.9,46.0000808955532,-1056.4649296818545
6000.0,5836.5,48.0000880007436,-1053.924744450177
4500.0,7002.9,41.0000720140652,-29657.81609826322
6000.0,7245.9,44.0001266352164,-50318.23653716017
6500.0,6484.5,48.0001208622492,-1093.2972465030646
5000.0,7650.9,41.0001048755708,-29697.18860031611
6500.0,7893.9,44.000159496722,-50357.60903921306
5500.0,5836.5,43.0001119807612,-29694.648415084434
7000.0,6079.5,46.0001666019124,-50355.06885398138
5500.0,7245.9,39.000150615234,-78958.96020779441
5000.0,40.5,130.000000370062,-6829.5
5000.0,3521.7,88.0000242020548,-3923.2962138144835
5500.0,4169.7,88.0000570635604,-3962.6687158673712
6000.0,2355.2999999999997,90.0000641687508,-3960.1285306356936
4500.0,3521.7,83.0000481820724,-32564.01988444874
6000.0,3764.7000000000003,86.0001028032236,-53224.44032334568
5500.0,3535.2,88.0000242760672,-3923.2962138144835
6000.0,4183.2,88.0000571375728,-3962.6687158673712
6500.0,2368.7999999999997,90.0000642427632,-3960.1285306356936
5000.0,3535.2,83.0000482560848,-32564.01988444874
6500.0,3778.2000000000003,86.000102877236,-53224.44032334568
6000.0,7664.4,46.0000809695656,-1056.4649296818545
6500.0,5850.0,48.000088074756,-1053.924744450177
5000.0,7016.4,41.0000720880776,-29657.81609826322
6500.0,7259.4,44.0001267092288,-50318.23653716017
7000.0,6498.0,48.0001209362616,-1093.2972465030646
5500.0,7664.4,41.0001049495832,-29697.18860031611
7000.0,7907.4,44.0001595707344,-50357.60903921306
6000.0,5850.0,43.0001120547736,-29694.648415084434
7500.0,6093.0,46.0001666759248,-50355.06885398138
6000.0,7259.4,39.0001506892464,-78958.96020779441
5500.0,3521.7,108.0000242020548,-8868.796213814483
6000.0,4169.7,108.0000570635604,-8908.16871586737
6500.0,2355.2999999999997,110.0000641687508,-8905.628530635693
5000.0,3521.7,103.0000481820724,-37509.51988444874
6500.0,3764.7000000000003,106.0001028032236,-58169.94032334568
6000.0,7650.9,66.0000808955532,-6001.964929681855
6500.0,5836.5,68.0000880007436,-5999.424744450178
5000.0,7002.9,61.0000720140652,-34603.316098263225
6500.0,7245.9,64.0001266352164,-55263.73653716017
7000.0,6484.5,68.0001208622492,-6038.797246503065
5500.0,7650.9,61.0001048755708,-34642.68860031611
7000.0,7893.9,64.000159496722,-55303.10903921306
6000.0,5836.5,63.0001119807612,-34640.14841508443
7500.0,6079.5,66.0001666019124,-55300.56885398138
6000.0,7245.9,59.000150615234,-83904.46020779441
6500.0,7664.4,66.0000809695656,-6001.964929681855
7000.0,5850.0,68.000088074756,-5999.424744450178
5500.0,7016.4,61.0000720880776,-34603.316098263225
7000.0,7259.4,64.0001267092288,-55263.73653716017
7500.0,6498.0,68.0001209362616,-6038.797246503065
6000.0,7664.4,61.0001049495832,-34642.68860031611
7500.0,7907.4,64.0001595707344,-55303.10903921306
6500.0,5850.0,63.0001120547736,-34640.14841508443
8000.0,6093.0,66.0001666759248,-55300.56885398138
6500.0,7259.4,59.0001506892464,-83904.46020779441
7500.0,9979.199999999999,26.0001447682544,-226.38967413203176
6000.0,11145.599999999999,19.000128781576,-28830.281027945075
7500.0,11388.6,22.0001834027272,-49490.70146684202
6500.0,9331.2,21.0001358867664,-28827.7408427134
8000.0,9574.2,24.0001905079176,-49488.161281610344
6500.0,10740.6,17.0001745212392,-78092.05263542339
7000.0,9979.2,21.000168748272,-28906.485846819174
8500.0,10222.2,24.0002233694232,-49566.90628571612
7000.0,11388.6,17.0002073827448,-78170.79763952916
7500.0,9574.2,19.0002144879352,-78165.7172690658
53000.0,312.45000000000005,360.0000071944987,-884326.8222987555
38000.0,176.982,290.000004390909,-884797.8222987555
38500.0,190.482,290.0000044649214,-884797.8222987555
38500.0,176.982,310.000004390909,-887270.5722987555
39000.0,190.482,310.0000044649214,-887270.5722987555
39000.0,3671.682,268.0000282969142,-884364.36851257
39500.0,4319.682,268.0000611584198,-884403.7410146229
40000.0,2505.2819999999997,270.00006826361016,-884401.2008293913
38500.0,3671.682,263.0000522769318,-913005.0921832043
40000.0,3914.6820000000002,266.000106898083,-933665.5126221012
39000.0,238.21800000000002,290.00000511030953,-884797.8222987555
39500.0,251.71800000000002,290.00000518432194,-884797.8222987555
39500.0,238.21800000000002,310.00000511030953,-887270.5722987555
40000.0,251.71800000000002,310.00000518432194,-887270.5722987555
40000.0,3732.9179999999997,268.0000290163147,-884364.36851257
40500.0,4380.918,268.0000618778203,-884403.7410146229
41000.0,2566.5179999999996,270.0000689830107,-884401.2008293913
39500.0,3732.9179999999997,263.00005299633233,-913005.0921832043
41000.0,3975.918,266.00010761748354,-933665.5126221012
24500.0,116.25,220.0000023807322,-513518.12879532785
24500.0,102.75,240.0000023067198,-515990.87879532785
25000.0,116.25,240.0000023807322,-515990.87879532785
25000.0,3597.45,198.000026212725,-513084.6750091423
25500.0,4245.45,198.0000590742306,-513124.04751119524
26000.0,2431.0499999999997,200.000066179421,-513121.5073259635
24500.0,3597.45,193.0000501927426,-541725.3986797766
26000.0,3840.4500000000003,196.0001048138938,-562385.8191186736
25000.0,116.25,240.0000023807322,-515990.87879532785
25500.0,129.75,240.0000024547446,-515990.87879532785
25500.0,3610.95,198.0000262867374,-513084.6750091423
26000.0,4258.95,198.000059148243,-513124.04751119524
26500.0,2444.5499999999997,200.0000662534334,-513121.5073259635
25000.0,3610.95,193.000050266755,-541725.3986797766
26500.0,3853.9500000000003,196.0001048879062,-562385.8191186736
25500.0,116.25,260.0000023807322,-518463.62879532785
25500.0,3597.45,218.000026212725,-515557.4250091423
26000.0,4245.45,218.0000590742306,-515596.79751119524
26500.0,2431.0499999999997,220.000066179421,-515594.2573259635
25000.0,3597.45,213.0000501927426,-544198.1486797766
26500.0,3840.4500000000003,216.0001048138938,-564858.5691186736
26000.0,3610.95,218.0000262867374,-515557.4250091423
26500.0,4258.95,218.000059148243,-515596.79751119524
27000.0,2444.5499999999997,220.0000662534334,-515594.2573259635
25500.0,3610.95,213.000050266755,-544198.1486797766
27000.0,3853.9500000000003,216.0001048879062,-564858.5691186736
26500.0,7740.15,176.0000829802358,-512690.5937250097
27000.0,5925.75,178.0000900854262,-512688.053539778
25500.0,7092.15,171.0000740987478,-541291.9448935911
27000.0,7335.15,174.000128719899,-561952.365332488
27500.0,6573.75,178.0001229469318,-512727.4260418309
26000.0,7740.15,171.0001069602534,-541331.317395644
27500.0,7983.15,174.0001615814046,-561991.7378345409
26500.0,5925.75,173.0001140654438,-541328.7772104123
28000.0,6168.75,176.000168686595,-561989.1976493092
26500.0,7335.15,169.0001526999166,-590593.0890031223
42000.0,256.95000000000005,310.0000060349711,-884797.8222987555
42500.0,270.45000000000005,310.0000061089835,-884797.8222987555
42500.0,256.95000000000005,330.0000060349711,-887270.5722987555
43000.0,270.45000000000005,330.0000061089835,-887270.5722987555
43000.0,3751.6499999999996,288.0000299409763,-884364.36851257
43500.0,4399.65,288.0000628024819,-884403.7410146229
44000.0,2585.2499999999995,290.0000699076723,-884401.2008293913
42500.0,3751.6499999999996,283.0000539209939,-913005.0921832043
44000.0,3994.65,286.0001085421451,-933665.5126221012
27500.0,134.982,240.0000033053938,-885268.8222987555
27500.0,121.482,260.00000323138136,-887741.5722987555
28000.0,134.982,260.00000330539376,-887741.5722987555
28000.0,3616.182,218.00002713738658,-884835.36851257
28500.0,4264.182,218.0000599988922,-884874.7410146229
29000.0,2449.7819999999997,220.00006710408258,-884872.2008293913
27500.0,3616.182,213.00005111740418,-913476.0921832043
29000.0,3859.1820000000002,216.0001057385554,-934136.5126221012
28000.0,134.982,260.00000330539376,-887741.5722987555
28500.0,148.482,260.00000337940617,-887741.5722987555
28500.0,3629.682,218.000027211399,-884835.36851257
29000.0,4277.682,218.00006007290457,-884874.7410146229
29500.0,2463.2819999999997,220.00006717809498,-884872.2008293913
28000.0,3629.682,213.0000511914166,-913476.0921832043
29500.0,3872.6820000000002,216.0001058125678,-934136.5126221012
28500.0,134.982,280.00000330539376,-890214.3222987555
28500.0,3616.182,238.00002713738658,-887308.11851257
29000.0,4264.182,238.0000599988922,-887347.4910146229
29500.0,2449.7819999999997,240.00006710408258,-887344.9508293913
28000.0,3616.182,233.00005111740418,-915948.8421832043
29500.0,3859.1820000000002,236.0001057385554,-936609.2626221012
29000.0,3629.682,238.000027211399,-887308.11851257
29500.0,4277.682,238.00006007290457,-887347.4910146229
30000.0,2463.2819999999997,240.00006717809498,-887344.9508293913
28500.0,3629.682,233.0000511914166,-915948.8421832043
30000.0,3872.6820000000002,236.0001058125678,-936609.2626221012
29500.0,7758.882,196.0000839048974,-884441.2872284374
30000.0,5944.482,198.00009101008777,-884438.7470432058
28500.0,7110.882,191.00007502340938,-913042.6383970188
30000.0,7353.882,194.0001296445606,-933703.0588359158
30500.0,6592.482,198.0001238715934,-884478.1195452586
29000.0,7758.882,191.000107884915,-913082.0108990716
30500.0,8001.882,194.00016250606618,-933742.4313379686
29500.0,5944.482,193.00011499010537,-913079.47071384
31000.0,6187.482,196.00016961125658,-933739.891152737
29500.0,7353.882,189.0001536245782,-962343.78250655
28500.0,196.21800000000002,240.00000402479432,-885268.8222987555
28500.0,182.71800000000002,260.0000039507819,-887741.5722987555
29000.0,196.21800000000002,260.0000040247943,-887741.5722987555
29000.0,3677.4179999999997,218.0000278567871,-884835.36851257
29500.0,4325.418,218.0000607182927,-884874.7410146229
30000.0,2511.0179999999996,220.0000678234831,-884872.2008293913
28500.0,3677.4179999999997,213.00005183680472,-913476.0921832043
30000.0,3920.418,216.00010645795592,-934136.5126221012
29000.0,196.21800000000002,260.0000040247943,-887741.5722987555
29500.0,209.71800000000002,260.0000040988067,-887741.5722987555
29500.0,3690.9179999999997,218.00002793079952,-884835.36851257
30000.0,4338.918,218.0000607923051,-884874.7410146229
30500.0,2524.5179999999996,220.0000678974955,-884872.2008293913
29000.0,3690.9179999999997,213.00005191081712,-913476.0921832043
30500.0,3933.918,216.0001065319683,-934136.5126221012
29500.0,196.21800000000002,280.0000040247943,-890214.3222987555
29500.0,3677.4179999999997,238.0000278567871,-887308.11851257
30000.0,4325.418,238.0000607182927,-887347.4910146229
30500.0,2511.0179999999996,240.0000678234831,-887344.9508293913
29000.0,3677.4179999999997,233.00005183680472,-915948.8421832043
30500.0,3920.418,236.00010645795592,-936609.2626221012
30000.0,3690.9179999999997,238.00002793079952,-887308.11851257
30500.0,4338.918,238.0000607923051,-887347.4910146229
31000.0,2524.5179999999996,240.0000678974955,-887344.9508293913
29500.0,3690.9179999999997,233.00005191081712,-915948.8421832043
31000.0,3933.918,236.0001065319683,-936609.2626221012
30500.0,7820.1179999999995,196.0000846242979,-884441.2872284374
31000.0,6005.717999999999,198.0000917294883,-884438.7470432058
29500.0,7172.1179999999995,191.0000757428099,-913042.6383970188
31000.0,7415.118,194.00013036396112,-933703.0588359158
31500.0,6653.717999999999,198.00012459099392,-884478.1195452586
30000.0,7820.1179999999995,191.0001086043155,-913082.0108990716
31500.0,8063.118,194.0001632254667,-933742.4313379686
30500.0,6005.717999999999,193.0001157095059,-913079.47071384
32000.0,6248.718,196.0001703306571,-933739.891152737
30500.0,7415.118,189.00015434397872,-962343.78250655
14000.0,60.75,190.0000012212046,-516461.87879532785
14500.0,74.25,190.000001295217,-516461.87879532785
14500.0,3555.45,148.0000251272098,-513555.6750091423
15000.0,4203.45,148.0000579887154,-513595.04751119524
15500.0,2389.0499999999997,150.0000650939058,-513592.5073259635
14000.0,3555.45,143.0000491072274,-542196.3986797766
15500.0,3798.4500000000003,146.0001037283786,-562856.8191186736
14500.0,60.75,210.0000012212046,-518934.62879532785
14500.0,3541.95,168.0000250531974,-516028.4250091423
15000.0,4189.95,168.000057914703,-516067.79751119524
15500.0,2375.5499999999997,170.0000650198934,-516065.2573259635
14000.0,3541.95,163.000049033215,-544669.1486797766
15500.0,3784.9500000000003,166.0001036543662,-565329.5691186736
15000.0,3555.45,168.0000251272098,-516028.4250091423
15500.0,4203.45,168.0000579887154,-516067.79751119524
16000.0,2389.0499999999997,170.0000650939058,-516065.2573259635
14500.0,3555.45,163.0000491072274,-544669.1486797766
16000.0,3798.4500000000003,166.0001037283786,-565329.5691186736
15500.0,7684.65,126.0000818207082,-513161.5937250097
16000.0,5870.25,128.0000889258986,-513159.053539778
14500.0,7036.65,121.0000729392202,-541762.9448935911
16000.0,7279.65,124.0001275603714,-562423.365332488
16500.0,6518.25,128.0001217874042,-513198.4260418309
15000.0,7684.65,121.0001058007258,-541802.317395644
16500.0,7927.65,124.000160421877,-562462.7378345409
15500.0,5870.25,123.0001129059162,-541799.7772104123
17000.0,6113.25,126.0001675270674,-562460.1976493092
15500.0,7279.65,119.000151540389,-591064.0890031223
15000.0,74.25,210.000001295217,-518934.62879532785
15000.0,3555.45,168.0000251272098,-516028.4250091423
15500.0,4203.45,168.0000579887154,-516067.79751119524
16000.0,2389.0499999999997,170.0000650939058,-516065.2573259635
14500.0,3555.45,163.0000491072274,-544669.1486797766
16000.0,3798.4500000000003,166.0001037283786,-565329.5691186736
15500.0,3568.95,168.0000252012222,-516028.4250091423
16000.0,4216.95,168.0000580627278,-516067.79751119524
16500.0,2402.5499999999997,170.0000651679182,-516065.2573259635
15000.0,3568.95,163.0000491812398,-544669.1486797766
16500.0,3811.9500000000003,166.000103802391,-565329.5691186736
16000.0,7698.15,126.0000818947206,-513161.5937250097
16500.0,5883.75,128.000088999911,-513159.053539778
15000.0,7050.15,121.0000730132326,-541762.9448935911
16500.0,7293.15,124.0001276343838,-562423.365332488
17000.0,6531.75,128.0001218614166,-513198.4260418309
15500.0,7698.15,121.0001058747382,-541802.317395644
17000.0,7941.15,124.0001604958894,-562462.7378345409
16000.0,5883.75,123.0001129799286,-541799.7772104123
17500.0,6126.75,126.0001676010798,-562460.1976493092
16000.0,7293.15,119.0001516144014,-591064.0890031223
15500.0,3555.45,188.0000251272098,-518501.1750091423
16000.0,4203.45,188.0000579887154,-518540.54751119524
16500.0,2389.0499999999997,190.0000650939058,-518538.0073259635
15000.0,3555.45,183.0000491072274,-547141.8986797766
16500.0,3798.4500000000003,186.0001037283786,-567802.3191186736
16000.0,7684.65,146.0000818207082,-515634.3437250097
16500.0,5870.25,148.0000889258986,-515631.803539778
15000.0,7036.65,141.0000729392202,-544235.6948935911
16500.0,7279.65,144.0001275603714,-564896.115332488
17000.0,6518.25,148.0001217874042,-515671.1760418309
15500.0,7684.65,141.0001058007258,-544275.067395644
17000.0,7927.65,144.000160421877,-564935.4878345409
16000.0,5870.25,143.0001129059162,-544272.5272104123
17500.0,6113.25,146.0001675270674,-564932.9476493092
16000.0,7279.65,139.000151540389,-593536.8390031223
16500.0,7698.15,146.0000818947206,-515634.3437250097
17000.0,5883.75,148.000088999911,-515631.803539778
15500.0,7050.15,141.0000730132326,-544235.6948935911
17000.0,7293.15,144.0001276343838,-564896.115332488
17500.0,6531.75,148.0001218614166,-515671.1760418309
16000.0,7698.15,141.0001058747382,-544275.067395644
17500.0,7941.15,144.0001604958894,-564935.4878345409
16500.0,5883.75,143.0001129799286,-544272.5272104123
18000.0,6126.75,146.0001676010798,-564932.9476493092
16500.0,7293.15,139.0001516144014,-593536.8390031223
17500.0,10012.949999999999,106.0001456934094,-512764.9722556454
16000.0,11179.349999999999,99.000129706731,-541368.8636094584
17500.0,11422.35,102.0001843278822,-562029.2840483554
16500.0,9364.95,101.0001368119214,-541366.3234242267
18000.0,9607.95,104.0001914330726,-562026.7438631237
16500.0,10774.35,97.0001754463942,-590630.6352169368
17000.0,10012.95,101.000169673427,-541405.6959262796
18500.0,10255.95,104.0002242945782,-562066.1163651766
17000.0,11422.35,97.0002083078998,-590670.0077189897
17500.0,9607.95,99.0002154130902,-590667.467533758
44000.0,283.20000000000005,310.0000063433561,-884797.8222987555
44500.0,296.70000000000005,310.00000641736847,-884797.8222987555
44500.0,283.20000000000005,330.0000063433561,-887270.5722987555
45000.0,296.70000000000005,330.00000641736847,-887270.5722987555
45000.0,3777.8999999999996,288.0000302493613,-884364.36851257
45500.0,4425.9,288.0000631108669,-884403.7410146229
46000.0,2611.5,290.0000702160573,-884401.2008293913
44500.0,3777.8999999999996,283.0000542293789,-913005.0921832043
46000.0,4020.9000000000005,286.00010885053007,-933665.5126221012
29500.0,161.232,240.00000361377877,-885268.8222987555
29500.0,147.732,260.0000035397664,-887741.5722987555
30000.0,161.232,260.0000036137788,-887741.5722987555
30000.0,3642.432,218.0000274457716,-884835.36851257
30500.0,4290.432,218.00006030727718,-884874.7410146229
31000.0,2476.0319999999997,220.0000674124676,-884872.2008293913
29500.0,3642.432,213.0000514257892,-913476.0921832043
31000.0,3885.4320000000002,216.00010604694037,-934136.5126221012
30000.0,161.232,260.0000036137788,-887741.5722987555
30500.0,174.732,260.0000036877912,-887741.5722987555
30500.0,3655.932,218.00002751978397,-884835.36851257
31000.0,4303.932,218.0000603812896,-884874.7410146229
31500.0,2489.5319999999997,220.00006748648,-884872.2008293913
30000.0,3655.932,213.00005149980157,-913476.0921832043
31500.0,3898.9320000000002,216.00010612095278,-934136.5126221012
30500.0,161.232,280.0000036137788,-890214.3222987555
30500.0,3642.432,238.0000274457716,-887308.11851257
31000.0,4290.432,238.00006030727718,-887347.4910146229
31500.0,2476.0319999999997,240.0000674124676,-887344.9508293913
30000.0,3642.432,233.0000514257892,-915948.8421832043
31500.0,3885.4320000000002,236.00010604694037,-936609.2626221012
31000.0,3655.932,238.00002751978397,-887308.11851257
31500.0,4303.932,238.0000603812896,-887347.4910146229
32000.0,2489.5319999999997,240.00006748648,-887344.9508293913
30500.0,3655.932,233.00005149980157,-915948.8421832043
32000.0,3898.9320000000002,236.00010612095278,-936609.2626221012
31500.0,7785.132,196.00008421328238,-884441.2872284374
32000.0,5970.732,198.00009131847278,-884438.7470432058
30500.0,7137.132,191.0000753317944,-913042.6383970188
32000.0,7380.132,194.00012995294557,-933703.0588359158
32500.0,6618.732,198.00012417997837,-884478.1195452586
31000.0,7785.132,191.00010819329998,-913082.0108990716
32500.0,8028.132,194.0001628144512,-933742.4313379686
31500.0,5970.732,193.00011529849039,-913079.47071384
33000.0,6213.732,196.0001699196416,-933739.891152737
31500.0,7380.132,189.00015393296317,-962343.78250655
30500.0,222.46800000000002,240.0000043331793,-885268.8222987555
30500.0,208.96800000000002,260.00000425916693,-887741.5722987555
31000.0,222.46800000000002,260.00000433317933,-887741.5722987555
31000.0,3703.6679999999997,218.00002816517213,-884835.36851257
31500.0,4351.668,218.0000610266777,-884874.7410146229
32000.0,2537.2679999999996,220.00006813186812,-884872.2008293913
30500.0,3703.6679999999997,213.0000521451897,-913476.0921832043
32000.0,3946.668,216.0001067663409,-934136.5126221012
31000.0,222.46800000000002,260.00000433317933,-887741.5722987555
31500.0,235.96800000000002,260.00000440719174,-887741.5722987555
31500.0,3717.1679999999997,218.0000282391845,-884835.36851257
32000.0,4365.168,218.00006110069012,-884874.7410146229
32500.0,2550.7679999999996,220.00006820588052,-884872.2008293913
31000.0,3717.1679999999997,213.0000522192021,-913476.0921832043
32500.0,3960.168,216.0001068403533,-934136.5126221012
31500.0,222.46800000000002,280.00000433317933,-890214.3222987555
31500.0,3703.6679999999997,238.00002816517213,-887308.11851257
32000.0,4351.668,238.0000610266777,-887347.4910146229
32500.0,2537.2679999999996,240.00006813186812,-887344.9508293913
31000.0,3703.6679999999997,233.0000521451897,-915948.8421832043
32500.0,3946.668,236.0001067663409,-936609.2626221012
32000.0,3717.1679999999997,238.0000282391845,-887308.11851257
32500.0,4365.168,238.00006110069012,-887347.4910146229
33000.0,2550.7679999999996,240.00006820588052,-887344.9508293913
31500.0,3717.1679999999997,233.0000522192021,-915948.8421832043
33000.0,3960.168,236.0001068403533,-936609.2626221012
32500.0,7846.3679999999995,196.0000849326829,-884441.2872284374
33000.0,6031.967999999999,198.00009203787332,-884438.7470432058
31500.0,7198.3679999999995,191.00007605119492,-913042.6383970188
33000.0,7441.368,194.0001306723461,-933703.0588359158
33500.0,6679.967999999999,198.0001248993789,-884478.1195452586
32000.0,7846.3679999999995,191.0001089127005,-913082.0108990716
33500.0,8089.368,194.00016353385172,-933742.4313379686
32500.0,6031.967999999999,193.00011601789092,-913079.47071384
34000.0,6274.968,196.00017063904212,-933739.891152737
32500.0,7441.368,189.0001546523637,-962343.78250655
16000.0,87.0,190.0000015295896,-516461.87879532785
16500.0,100.5,190.000001603602,-516461.87879532785
16500.0,3581.7,148.0000254355948,-513555.6750091423
17000.0,4229.7,148.0000582971004,-513595.04751119524
17500.0,2415.2999999999997,150.0000654022908,-513592.5073259635
16000.0,3581.7,143.0000494156124,-542196.3986797766
17500.0,3824.7000000000003,146.0001040367636,-562856.8191186736
16500.0,87.0,210.0000015295896,-518934.62879532785
16500.0,3568.2,168.0000253615824,-516028.4250091423
17000.0,4216.2,168.000058223088,-516067.79751119524
17500.0,2401.7999999999997,170.0000653282784,-516065.2573259635
16000.0,3568.2,163.0000493416,-544669.1486797766
17500.0,3811.2000000000003,166.0001039627512,-565329.5691186736
17000.0,3581.7,168.0000254355948,-516028.4250091423
17500.0,4229.7,168.0000582971004,-516067.79751119524
18000.0,2415.2999999999997,170.0000654022908,-516065.2573259635
16500.0,3581.7,163.0000494156124,-544669.1486797766
18000.0,3824.7000000000003,166.0001040367636,-565329.5691186736
17500.0,7710.9,126.0000821290932,-513161.5937250097
18000.0,5896.5,128.0000892342836,-513159.053539778
16500.0,7062.9,121.0000732476052,-541762.9448935911
18000.0,7305.9,124.0001278687564,-562423.365332488
18500.0,6544.5,128.0001220957892,-513198.4260418309
17000.0,7710.9,121.0001061091108,-541802.317395644
18500.0,7953.9,124.000160730262,-562462.7378345409
17500.0,5896.5,123.0001132143012,-541799.7772104123
19000.0,6139.5,126.0001678354524,-562460.1976493092
17500.0,7305.9,119.000151848774,-591064.0890031223
17000.0,100.5,210.000001603602,-518934.62879532785
17000.0,3581.7,168.0000254355948,-516028.4250091423
17500.0,4229.7,168.0000582971004,-516067.79751119524
18000.0,2415.2999999999997,170.0000654022908,-516065.2573259635
16500.0,3581.7,163.0000494156124,-544669.1486797766
18000.0,3824.7000000000003,166.0001040367636,-565329.5691186736
17500.0,3595.2,168.0000255096072,-516028.4250091423
18000.0,4243.2,168.0000583711128,-516067.79751119524
18500.0,2428.7999999999997,170.0000654763032,-516065.2573259635
17000.0,3595.2,163.0000494896248,-544669.1486797766
18500.0,3838.2000000000003,166.000104110776,-565329.5691186736
18000.0,7724.4,126.0000822031056,-513161.5937250097
18500.0,5910.0,128.000089308296,-513159.053539778
17000.0,7076.4,121.0000733216176,-541762.9448935911
18500.0,7319.4,124.0001279427688,-562423.365332488
19000.0,6558.0,128.0001221698016,-513198.4260418309
17500.0,7724.4,121.0001061831232,-541802.317395644
19000.0,7967.4,124.0001608042744,-562462.7378345409
18000.0,5910.0,123.0001132883136,-541799.7772104123
19500.0,6153.0,126.0001679094648,-562460.1976493092
18000.0,7319.4,119.0001519227864,-591064.0890031223
17500.0,3581.7,188.0000254355948,-518501.1750091423
18000.0,4229.7,188.0000582971004,-518540.54751119524
18500.0,2415.2999999999997,190.0000654022908,-518538.0073259635
17000.0,3581.7,183.0000494156124,-547141.8986797766
18500.0,3824.7000000000003,186.0001040367636,-567802.3191186736
18000.0,7710.9,146.0000821290932,-515634.3437250097
18500.0,5896.5,148.0000892342836,-515631.803539778
17000.0,7062.9,141.0000732476052,-544235.6948935911
18500.0,7305.9,144.0001278687564,-564896.115332488
19000.0,6544.5,148.0001220957892,-515671.1760418309
17500.0,7710.9,141.0001061091108,-544275.067395644
19000.0,7953.9,144.000160730262,-564935.4878345409
18000.0,5896.5,143.0001132143012,-544272.5272104123
19500.0,6139.5,146.0001678354524,-564932.9476493092
18000.0,7305.9,139.000151848774,-593536.8390031223
18500.0,7724.4,146.0000822031056,-515634.3437250097
19000.0,5910.0,148.000089308296,-515631.803539778
17500.0,7076.4,141.0000733216176,-544235.6948935911
19000.0,7319.4,144.0001279427688,-564896.115332488
19500.0,6558.0,148.0001221698016,-515671.1760418309
18000.0,7724.4,141.0001061831232,-544275.067395644
19500.0,7967.4,144.0001608042744,-564935.4878345409
18500.0,5910.0,143.0001132883136,-544272.5272104123
20000.0,6153.0,146.0001679094648,-564932.9476493092
18500.0,7319.4,139.0001519227864,-593536.8390031223
19500.0,10039.199999999999,106.0001460017944,-512764.9722556454
18000.0,11205.599999999999,99.000130015116,-541368.8636094584
19500.0,11448.6,102.0001846362672,-562029.2840483554
18500.0,9391.2,101.0001371203064,-541366.3234242267
20000.0,9634.2,104.0001917414576,-562026.7438631237
18500.0,10800.6,97.0001757547792,-590630.6352169368
19000.0,10039.2,101.000169981812,-541405.6959262796
20500.0,10282.2,104.0002246029632,-562066.1163651766
19000.0,11448.6,97.0002086162848,-590670.0077189897
19500.0,9634.2,99.0002157214752,-590667.467533758
33500.0,241.20000000000002,260.0000052578409,-885268.8222987555
33500.0,227.70000000000002,280.0000051838285,-887741.5722987555
34000.0,241.20000000000002,280.0000052578409,-887741.5722987555
34000.0,3722.3999999999996,238.0000290898337,-884835.36851257
34500.0,4370.4,238.0000619513393,-884874.7410146229
35000.0,2555.9999999999995,240.0000690565297,-884872.2008293913
33500.0,3722.3999999999996,233.0000530698513,-913476.0921832043
35000.0,3965.4,236.00010769100248,-934136.5126221012
34000.0,241.20000000000002,280.0000052578409,-887741.5722987555
34500.0,254.70000000000002,280.0000053318533,-887741.5722987555
34500.0,3735.8999999999996,238.0000291638461,-884835.36851257
35000.0,4383.9,238.0000620253517,-884874.7410146229
35500.0,2569.4999999999995,240.0000691305421,-884872.2008293913
34000.0,3735.8999999999996,233.0000531438637,-913476.0921832043
35500.0,3978.9,236.0001077650149,-934136.5126221012
34500.0,241.20000000000002,300.0000052578409,-890214.3222987555
34500.0,3722.3999999999996,258.0000290898337,-887308.11851257
35000.0,4370.4,258.0000619513393,-887347.4910146229
35500.0,2555.9999999999995,260.0000690565297,-887344.9508293913
34000.0,3722.3999999999996,253.0000530698513,-915948.8421832043
35500.0,3965.4,256.0001076910025,-936609.2626221012
35000.0,3735.8999999999996,258.0000291638461,-887308.11851257
35500.0,4383.9,258.0000620253517,-887347.4910146229
36000.0,2569.4999999999995,260.0000691305421,-887344.9508293913
34500.0,3735.8999999999996,253.0000531438637,-915948.8421832043
36000.0,3978.9,256.0001077650149,-936609.2626221012
35500.0,7865.099999999999,216.0000858573445,-884441.2872284374
36000.0,6050.699999999999,218.0000929625349,-884438.7470432058
34500.0,7217.099999999999,211.0000769758565,-913042.6383970188
36000.0,7460.1,214.0001315970077,-933703.0588359158
36500.0,6698.699999999999,218.0001258240405,-884478.1195452586
35000.0,7865.099999999999,211.0001098373621,-913082.0108990716
36500.0,8108.1,214.0001644585133,-933742.4313379686
35500.0,6050.699999999999,213.0001169425525,-913079.47071384
37000.0,6293.7,216.0001715637037,-933739.891152737
35500.0,7460.1,209.00015557702528,-962343.78250655
19000.0,105.732,210.0000024542512,-888212.5722987555
19500.0,119.232,210.0000025282636,-888212.5722987555
19500.0,3600.432,168.00002636025638,-885306.36851257
20000.0,4248.432,168.00005922176197,-885345.7410146229
20500.0,2434.0319999999997,170.00006632695238,-885343.2008293913
19000.0,3600.432,163.000050340274,-913947.0921832043
20500.0,3843.4320000000002,166.0001049614252,-934607.5126221012
19500.0,105.732,230.0000024542512,-890685.3222987555
19500.0,3586.932,188.00002628624398,-887779.11851257
20000.0,4234.932,188.0000591477496,-887818.4910146229
20500.0,2420.5319999999997,190.00006625293997,-887815.9508293913
19000.0,3586.932,183.00005026626158,-916419.8421832043
20500.0,3829.9320000000002,186.0001048874128,-937080.2626221012
20000.0,3600.432,188.00002636025638,-887779.11851257
20500.0,4248.432,188.00005922176197,-887818.4910146229
21000.0,2434.0319999999997,190.00006632695238,-887815.9508293913
19500.0,3600.432,183.000050340274,-916419.8421832043
21000.0,3843.4320000000002,186.0001049614252,-937080.2626221012
20500.0,7729.632,146.0000830537548,-884912.2872284374
21000.0,5915.232,148.00009015894517,-884909.7470432058
19500.0,7081.632,141.00007417226678,-913513.6383970188
21000.0,7324.632,144.00012879341799,-934174.0588359158
21500.0,6563.232,148.0001230204508,-884949.1195452586
20000.0,7729.632,141.0001070337724,-913553.0108990716
21500.0,7972.632,144.00016165492357,-934213.4313379686
20500.0,5915.232,143.00011413896277,-913550.47071384
22000.0,6158.232,146.00016876011398,-934210.891152737
20500.0,7324.632,139.0001527734356,-962814.78250655
20000.0,119.232,230.0000025282636,-890685.3222987555
20000.0,3600.432,188.00002636025638,-887779.11851257
20500.0,4248.432,188.00005922176197,-887818.4910146229
21000.0,2434.0319999999997,190.00006632695238,-887815.9508293913
19500.0,3600.432,183.000050340274,-916419.8421832043
21000.0,3843.4320000000002,186.0001049614252,-937080.2626221012
20500.0,3613.932,188.0000264342688,-887779.11851257
21000.0,4261.932,188.00005929577438,-887818.4910146229
21500.0,2447.5319999999997,190.00006640096478,-887815.9508293913
20000.0,3613.932,183.0000504142864,-916419.8421832043
21500.0,3856.9320000000002,186.00010503543757,-937080.2626221012
21000.0,7743.132,146.0000831277672,-884912.2872284374
21500.0,5928.732,148.00009023295758,-884909.7470432058
20000.0,7095.132,141.00007424627918,-913513.6383970188
21500.0,7338.132,144.0001288674304,-934174.0588359158
22000.0,6576.732,148.0001230944632,-884949.1195452586
20500.0,7743.132,141.00010710778477,-913553.0108990716
22000.0,7986.132,144.00016172893598,-934213.4313379686
21000.0,5928.732,143.00011421297518,-913550.47071384
22500.0,6171.732,146.00016883412638,-934210.891152737
21000.0,7338.132,139.000152847448,-962814.78250655
20500.0,3600.432,208.00002636025638,-890251.86851257
21000.0,4248.432,208.00005922176197,-890291.2410146229
21500.0,2434.0319999999997,210.00006632695238,-890288.7008293913
20000.0,3600.432,203.000050340274,-918892.5921832043
21500.0,3843.4320000000002,206.0001049614252,-939553.0126221012
21000.0,7729.632,166.0000830537548,-887385.0372284374
21500.0,5915.232,168.00009015894517,-887382.4970432058
20000.0,7081.632,161.00007417226678,-915986.3883970188
21500.0,7324.632,164.00012879341799,-936646.8088359158
22000.0,6563.232,168.0001230204508,-887421.8695452586
20500.0,7729.632,161.0001070337724,-916025.7608990716
22000.0,7972.632,164.00016165492357,-936686.1813379686
21000.0,5915.232,163.00011413896277,-916023.22071384
22500.0,6158.232,166.00016876011398,-936683.641152737
21000.0,7324.632,159.0001527734356,-965287.53250655
21500.0,7743.132,166.0000831277672,-887385.0372284374
22000.0,5928.732,168.00009023295758,-887382.4970432058
20500.0,7095.132,161.00007424627918,-915986.3883970188
22000.0,7338.132,164.0001288674304,-936646.8088359158
22500.0,6576.732,168.0001230944632,-887421.8695452586
21000.0,7743.132,161.00010710778477,-916025.7608990716
22500.0,7986.132,164.00016172893598,-936686.1813379686
21500.0,5928.732,163.00011421297518,-916023.22071384
23000.0,6171.732,166.00016883412638,-936683.641152737
21500.0,7338.132,159.000152847448,-965287.53250655
22500.0,10057.931999999999,126.00014692645598,-884515.6657590731
21000.0,11224.331999999999,119.00013093977758,-913119.5571128861
22500.0,11467.332,122.00018556092878,-933779.9775517831
21500.0,9409.932,121.00013804496798,-913117.0169276545
23000.0,9652.932,124.00019266611919,-933777.4373665515
21500.0,10819.332,117.00017667944078,-962381.3287203645
22000.0,10057.932,121.00017090647358,-913156.3894297073
23500.0,10300.932,124.00022552762478,-933816.8098686043
22000.0,11467.332,117.00020954094639,-962420.7012224173
22500.0,9652.932,119.00021664613678,-962418.1610371857
20000.0,166.96800000000002,210.00000317365172,-888212.5722987555
20500.0,180.46800000000002,210.00000324766413,-888212.5722987555
20500.0,3661.6679999999997,168.00002707965692,-885306.36851257
21000.0,4309.668,168.0000599411625,-885345.7410146229
21500.0,2495.2679999999996,170.0000670463529,-885343.2008293913
20000.0,3661.6679999999997,163.00005105967452,-913947.0921832043
21500.0,3904.668,166.00010568082573,-934607.5126221012
20500.0,166.96800000000002,230.00000317365172,-890685.3222987555
20500.0,3648.1679999999997,188.0000270056445,-887779.11851257
21000.0,4296.168,188.0000598671501,-887818.4910146229
21500.0,2481.7679999999996,190.0000669723405,-887815.9508293913
20000.0,3648.1679999999997,183.0000509856621,-916419.8421832043
21500.0,3891.168,186.00010560681332,-937080.2626221012
21000.0,3661.6679999999997,188.00002707965692,-887779.11851257
21500.0,4309.668,188.0000599411625,-887818.4910146229
22000.0,2495.2679999999996,190.0000670463529,-887815.9508293913
20500.0,3661.6679999999997,183.00005105967452,-916419.8421832043
22000.0,3904.668,186.00010568082573,-937080.2626221012
21500.0,7790.8679999999995,146.00008377315532,-884912.2872284374
22000.0,5976.467999999999,148.0000908783457,-884909.7470432058
20500.0,7142.8679999999995,141.0000748916673,-913513.6383970188
22000.0,7385.868,144.00012951281852,-934174.0588359158
22500.0,6624.467999999999,148.00012373985132,-884949.1195452586
21000.0,7790.8679999999995,141.0001077531729,-913553.0108990716
22500.0,8033.868,144.0001623743241,-934213.4313379686
21500.0,5976.467999999999,143.0001148583633,-913550.47071384
23000.0,6219.468,146.0001694795145,-934210.891152737
21500.0,7385.868,139.00015349283612,-962814.78250655
21000.0,180.46800000000002,230.00000324766413,-890685.3222987555
21000.0,3661.6679999999997,188.00002707965692,-887779.11851257
21500.0,4309.668,188.0000599411625,-887818.4910146229
22000.0,2495.2679999999996,190.0000670463529,-887815.9508293913
20500.0,3661.6679999999997,183.00005105967452,-916419.8421832043
22000.0,3904.668,186.00010568082573,-937080.2626221012
21500.0,3675.1679999999997,188.00002715366932,-887779.11851257
22000.0,4323.168,188.0000600151749,-887818.4910146229
22500.0,2508.7679999999996,190.00006712036532,-887815.9508293913
21000.0,3675.1679999999997,183.00005113368692,-916419.8421832043
22500.0,3918.168,186.0001057548381,-937080.2626221012
22000.0,7804.3679999999995,146.0000838471677,-884912.2872284374
22500.0,5989.967999999999,148.0000909523581,-884909.7470432058
21000.0,7156.3679999999995,141.00007496567972,-913513.6383970188
22500.0,7399.368,144.00012958683092,-934174.0588359158
23000.0,6637.967999999999,148.00012381386372,-884949.1195452586
21500.0,7804.3679999999995,141.0001078271853,-913553.0108990716
23000.0,8047.368,144.0001624483365,-934213.4313379686
22000.0,5989.967999999999,143.0001149323757,-913550.47071384
23500.0,6232.968,146.00016955352692,-934210.891152737
22000.0,7399.368,139.00015356684852,-962814.78250655
21500.0,3661.6679999999997,208.00002707965692,-890251.86851257
22000.0,4309.668,208.0000599411625,-890291.2410146229
22500.0,2495.2679999999996,210.0000670463529,-890288.7008293913
21000.0,3661.6679999999997,203.00005105967452,-918892.5921832043
22500.0,3904.668,206.00010568082573,-939553.0126221012
22000.0,7790.8679999999995,166.00008377315532,-887385.0372284374
22500.0,5976.467999999999,168.0000908783457,-887382.4970432058
21000.0,7142.8679999999995,161.0000748916673,-915986.3883970188
22500.0,7385.868,164.00012951281852,-936646.8088359158
23000.0,6624.467999999999,168.00012373985132,-887421.8695452586
21500.0,7790.8679999999995,161.0001077531729,-916025.7608990716
23000.0,8033.868,164.0001623743241,-936686.1813379686
22000.0,5976.467999999999,163.0001148583633,-916023.22071384
23500.0,6219.468,166.0001694795145,-936683.641152737
22000.0,7385.868,159.00015349283612,-965287.53250655
22500.0,7804.3679999999995,166.0000838471677,-887385.0372284374
23000.0,5989.967999999999,168.0000909523581,-887382.4970432058
21500.0,7156.3679999999995,161.00007496567972,-915986.3883970188
23000.0,7399.368,164.00012958683092,-936646.8088359158
23500.0,6637.967999999999,168.00012381386372,-887421.8695452586
22000.0,7804.3679999999995,161.0001078271853,-916025.7608990716
23500.0,8047.368,164.0001624483365,-936686.1813379686
22500.0,5989.967999999999,163.0001149323757,-916023.22071384
24000.0,6232.968,166.00016955352692,-936683.641152737
22500.0,7399.368,159.00015356684852,-965287.53250655
23500.0,10119.168,126.00014764585652,-884515.6657590731
22000.0,11285.568,119.00013165917811,-913119.5571128861
23500.0,11528.568,122.00018628032932,-933779.9775517831
22500.0,9471.167999999998,121.00013876436851,-913117.0169276545
24000.0,9714.168,124.00019338551971,-933777.4373665515
22500.0,10880.568,117.00017739884132,-962381.3287203645
23000.0,10119.167999999998,121.00017162587412,-913156.3894297073
24500.0,10362.168,124.00022624702531,-933816.8098686043
23000.0,11528.568,117.00021026034692,-962420.7012224173
23500.0,9714.168,119.00021736553731,-962418.1610371857
6000.0,45.0,160.0000004440744,-7300.5
6000.0,3526.2,118.0000242760672,-4394.296213814484
6500.0,4174.2,118.0000571375728,-4433.668715867371
7000.0,2359.7999999999997,120.0000642427632,-4431.128530635694
5500.0,3526.2,113.0000482560848,-33035.01988444874
7000.0,3769.2000000000003,116.000102877236,-53695.44032334568
6500.0,3539.7,118.0000243500796,-4394.296213814484
7000.0,4187.7,118.0000572115852,-4433.668715867371
7500.0,2373.2999999999997,120.0000643167756,-4431.128530635694
6000.0,3539.7,113.0000483300972,-33035.01988444874
7500.0,3782.7000000000003,116.0001029512484,-53695.44032334568
7000.0,7668.9,76.000081043578,-1527.4649296818545
7500.0,5854.5,78.0000881487684,-1524.924744450177
6000.0,7020.9,71.00007216209,-30128.81609826322
7500.0,7263.9,74.0001267832412,-50789.23653716017
8000.0,6502.5,78.000121010274,-1564.2972465030646
6500.0,7668.9,71.0001050235956,-30168.18860031611
8000.0,7911.9,74.0001596447468,-50828.60903921306
7000.0,5854.5,73.000112128786,-30165.648415084434
8500.0,6097.5,76.0001667499372,-50826.06885398138
7000.0,7263.9,69.0001507632588,-79429.96020779441
6500.0,3526.2,138.0000242760672,-6867.046213814484
7000.0,4174.2,138.0000571375728,-6906.418715867371
7500.0,2359.7999999999997,140.0000642427632,-6903.878530635694
6000.0,3526.2,133.0000482560848,-35507.76988444874
7500.0,3769.2000000000003,136.000102877236,-56168.19032334568
7000.0,7655.4,96.0000809695656,-4000.2149296818548
7500.0,5841.0,98.000088074756,-3997.674744450177
6000.0,7007.4,91.0000720880776,-32601.56609826322
7500.0,7250.4,94.0001267092288,-53261.98653716017
8000.0,6489.0,98.0001209362616,-4037.047246503065
6500.0,7655.4,91.0001049495832,-32640.93860031611
8000.0,7898.4,94.0001595707344,-53301.35903921306
7000.0,5841.0,93.0001120547736,-32638.398415084434
8500.0,6084.0,96.0001666759248,-53298.81885398138
7000.0,7250.4,89.0001506892464,-81902.71020779441
7500.0,7668.9,96.000081043578,-4000.2149296818548
8000.0,5854.5,98.0000881487684,-3997.674744450177
6500.0,7020.9,91.00007216209,-32601.56609826322
8000.0,7263.9,94.0001267832412,-53261.98653716017
8500.0,6502.5,98.000121010274,-4037.047246503065
7000.0,7668.9,91.0001050235956,-32640.93860031611
8500.0,7911.9,94.0001596447468,-53301.35903921306
7500.0,5854.5,93.000112128786,-32638.398415084434
9000.0,6097.5,96.0001667499372,-53298.81885398138
7500.0,7263.9,89.0001507632588,-81902.71020779441
8500.0,9983.699999999999,56.0001448422668,-1130.843460317548
7000.0,11150.099999999999,49.0001288555884,-29734.734814130592
8500.0,11393.1,52.0001834767396,-50395.15525302754
7500.0,9335.7,51.0001359607788,-29732.194628898917
9000.0,9578.7,54.00019058193,-50392.61506779586
7500.0,10745.1,47.0001745952516,-78996.50642160891
8000.0,9983.7,51.0001688222844,-29771.567130951804
9500.0,10226.7,54.0002234434356,-50431.987569848745
8000.0,11393.1,47.0002074567572,-79035.87892366179
8500.0,9578.7,49.0002145619476,-79033.33873843012
7000.0,3539.7,138.0000243500796,-6867.046213814484
7500.0,4187.7,138.0000572115852,-6906.418715867371
8000.0,2373.2999999999997,140.0000643167756,-6903.878530635694
6500.0,3539.7,133.0000483300972,-35507.76988444874
8000.0,3782.7000000000003,136.0001029512484,-56168.19032334568
7500.0,7668.9,96.000081043578,-4000.2149296818548
8000.0,5854.5,98.0000881487684,-3997.674744450177
6500.0,7020.9,91.00007216209,-32601.56609826322
8000.0,7263.9,94.0001267832412,-53261.98653716017
8500.0,6502.5,98.000121010274,-4037.047246503065
7000.0,7668.9,91.0001050235956,-32640.93860031611
8500.0,7911.9,94.0001596447468,-53301.35903921306
7500.0,5854.5,93.000112128786,-32638.398415084434
9000.0,6097.5,96.0001667499372,-53298.81885398138
7500.0,7263.9,89.0001507632588,-81902.71020779441
8000.0,7682.4,96.0000811175904,-4000.2149296818548
8500.0,5868.0,98.0000882227808,-3997.674744450177
7000.0,7034.4,91.0000722361024,-32601.56609826322
8500.0,7277.4,94.0001268572536,-53261.98653716017
9000.0,6516.0,98.0001210842864,-4037.047246503065
7500.0,7682.4,91.000105097608,-32640.93860031611
9000.0,7925.4,94.0001597187592,-53301.35903921306
8000.0,5868.0,93.0001122027984,-32638.398415084434
9500.0,6111.0,96.0001668239496,-53298.81885398138
8000.0,7277.4,89.0001508372712,-81902.71020779441
9000.0,9997.199999999999,56.0001449162792,-1130.843460317548
7500.0,11163.599999999999,49.0001289296008,-29734.734814130592
9000.0,11406.6,52.000183550752,-50395.15525302754
8000.0,9349.2,51.0001360347912,-29732.194628898917
9500.0,9592.2,54.0001906559424,-50392.61506779586
8000.0,10758.6,47.000174669264,-78996.50642160891
8500.0,9997.2,51.0001688962968,-29771.567130951804
10000.0,10240.2,54.000223517448,-50431.987569848745
8500.0,11406.6,47.0002075307696,-79035.87892366179
9000.0,9592.2,49.00021463596,-79033.33873843012
8000.0,7668.9,116.000081043578,-8945.714929681853
8500.0,5854.5,118.0000881487684,-8943.174744450176
7000.0,7020.9,111.00007216209,-37547.066098263225
8500.0,7263.9,114.0001267832412,-58207.48653716016
9000.0,6502.5,118.000121010274,-8982.547246503063
7500.0,7668.9,111.0001050235956,-37586.438600316105
9000.0,7911.9,114.0001596447468,-58246.85903921306
8000.0,5854.5,113.000112128786,-37583.89841508443
9500.0,6097.5,116.0001667499372,-58244.31885398138
8000.0,7263.9,109.0001507632588,-86848.21020779441
9000.0,9983.699999999999,76.0001448422668,-6076.343460317549
7500.0,11150.099999999999,69.0001288555884,-34680.23481413059
9000.0,11393.1,72.0001834767396,-55340.65525302754
8000.0,9335.7,71.0001359607788,-34677.69462889891
9500.0,9578.7,74.00019058193,-55338.115067795865
8000.0,10745.1,67.0001745952516,-83942.00642160891
8500.0,9983.7,71.0001688222844,-34717.06713095181
10000.0,10226.7,74.0002234434356,-55377.487569848745
8500.0,11393.1,67.0002074567572,-83981.3789236618
9000.0,9578.7,69.0002145619476,-83978.83873843012
9500.0,9997.199999999999,76.0001449162792,-6076.343460317549
8000.0,11163.599999999999,69.0001289296008,-34680.23481413059
9500.0,11406.6,72.000183550752,-55340.65525302754
8500.0,9349.2,71.0001360347912,-34677.69462889891
10000.0,9592.2,74.0001906559424,-55338.115067795865
8500.0,10758.6,67.000174669264,-83942.00642160891
9000.0,9997.2,71.0001688962968,-34717.06713095181
10500.0,10240.2,74.000223517448,-55377.487569848745
9000.0,11406.6,67.0002075307696,-83981.3789236618
9500.0,9592.2,69.00021463596,-83978.83873843012
9000.0,13478.399999999998,29.0001927282896,-28904.65955858077
10500.0,13721.4,32.0002473494408,-49565.07999747772
9000.0,14887.8,25.0002313627624,-78168.97135129076
9500.0,13073.400000000001,27.0002384679528,-78166.43116605908
10000.0,13721.400000000001,27.0002713294584,-78245.17617016486
54000.0,316.95000000000005,390.00000726851107,-884797.8222987555
54500.0,330.45000000000005,390.0000073425235,-884797.8222987555
54500.0,316.95000000000005,410.00000726851107,-887270.5722987555
55000.0,330.45000000000005,410.0000073425235,-887270.5722987555
55000.0,3811.6499999999996,368.0000311745163,-884364.36851257
55500.0,4459.65,368.0000640360219,-884403.7410146229
56000.0,2645.25,370.0000711412123,-884401.2008293913
54500.0,3811.6499999999996,363.00005515453387,-913005.0921832043
56000.0,4054.6500000000005,366.0001097756851,-933665.5126221012
39500.0,194.982,320.0000045389338,-885268.8222987555
39500.0,181.482,340.0000044649214,-887741.5722987555
40000.0,194.982,340.0000045389338,-887741.5722987555
40000.0,3676.182,298.0000283709266,-884835.36851257
40500.0,4324.182,298.0000612324322,-884874.7410146229
41000.0,2509.7819999999997,300.00006833762257,-884872.2008293913
39500.0,3676.182,293.0000523509442,-913476.0921832043
41000.0,3919.1820000000002,296.0001069720954,-934136.5126221012
40000.0,194.982,340.0000045389338,-887741.5722987555
40500.0,208.482,340.00000461294616,-887741.5722987555
40500.0,3689.682,298.000028444939,-884835.36851257
41000.0,4337.682,298.0000613064446,-884874.7410146229
41500.0,2523.2819999999997,300.00006841163497,-884872.2008293913
40000.0,3689.682,293.0000524249566,-913476.0921832043
41500.0,3932.6820000000002,296.00010704610776,-934136.5126221012
40500.0,194.982,360.0000045389338,-890214.3222987555
40500.0,3676.182,318.0000283709266,-887308.11851257
41000.0,4324.182,318.0000612324322,-887347.4910146229
41500.0,2509.7819999999997,320.00006833762257,-887344.9508293913
40000.0,3676.182,313.0000523509442,-915948.8421832043
41500.0,3919.1820000000002,316.0001069720954,-936609.2626221012
41000.0,3689.682,318.000028444939,-887308.11851257
41500.0,4337.682,318.0000613064446,-887347.4910146229
42000.0,2523.2819999999997,320.00006841163497,-887344.9508293913
40500.0,3689.682,313.0000524249566,-915948.8421832043
42000.0,3932.6820000000002,316.00010704610776,-936609.2626221012
41500.0,7818.882,276.0000851384374,-884441.2872284374
42000.0,6004.482,278.00009224362776,-884438.7470432058
40500.0,7170.882,271.0000762569494,-913042.6383970188
42000.0,7413.882,274.0001308781006,-933703.0588359158
42500.0,6652.482,278.0001251051334,-884478.1195452586
41000.0,7818.882,271.000109118455,-913082.0108990716
42500.0,8061.882,274.0001637396062,-933742.4313379686
41500.0,6004.482,273.00011622364536,-913079.47071384
43000.0,6247.482,276.00017084479657,-933739.891152737
41500.0,7413.882,269.0001548581182,-962343.78250655
40500.0,256.218,320.00000525833434,-885268.8222987555
40500.0,242.71800000000002,340.00000518432194,-887741.5722987555
41000.0,256.218,340.00000525833434,-887741.5722987555
41000.0,3737.4179999999997,298.00002909032713,-884835.36851257
41500.0,4385.418,298.0000619518327,-884874.7410146229
42000.0,2571.0179999999996,300.0000690570231,-884872.2008293913
40500.0,3737.4179999999997,293.00005307034473,-913476.0921832043
42000.0,3980.418,296.0001076914959,-934136.5126221012
41000.0,256.218,340.00000525833434,-887741.5722987555
41500.0,269.718,340.0000053323467,-887741.5722987555
41500.0,3750.9179999999997,298.00002916433954,-884835.36851257
42000.0,4398.918,298.0000620258451,-884874.7410146229
42500.0,2584.5179999999996,300.0000691310355,-884872.2008293913
41000.0,3750.9179999999997,293.00005314435714,-913476.0921832043
42500.0,3993.918,296.0001077655083,-934136.5126221012
41500.0,256.218,360.00000525833434,-890214.3222987555
41500.0,3737.4179999999997,318.00002909032713,-887308.11851257
42000.0,4385.418,318.0000619518327,-887347.4910146229
42500.0,2571.0179999999996,320.0000690570231,-887344.9508293913
41000.0,3737.4179999999997,313.00005307034473,-915948.8421832043
42500.0,3980.418,316.0001076914959,-936609.2626221012
42000.0,3750.9179999999997,318.00002916433954,-887308.11851257
42500.0,4398.918,318.0000620258451,-887347.4910146229
43000.0,2584.5179999999996,320.0000691310355,-887344.9508293913
41500.0,3750.9179999999997,313.00005314435714,-915948.8421832043
43000.0,3993.918,316.0001077655083,-936609.2626221012
42500.0,7880.1179999999995,276.0000858578379,-884441.2872284374
43000.0,6065.717999999999,278.0000929630283,-884438.7470432058
41500.0,7232.1179999999995,271.00007697634993,-913042.6383970188
43000.0,7475.118,274.00013159750114,-933703.0588359158
43500.0,6713.717999999999,278.00012582453394,-884478.1195452586
42000.0,7880.1179999999995,271.0001098378555,-913082.0108990716
43500.0,8123.118,274.0001644590067,-933742.4313379686
42500.0,6065.717999999999,273.0001169430459,-913079.47071384
44000.0,6308.718,276.0001715641971,-933739.891152737
42500.0,7475.118,269.00015557751874,-962343.78250655
26000.0,120.75,270.0000024547446,-516461.87879532785
26500.0,134.25,270.000002528757,-516461.87879532785
26500.0,3615.45,228.0000263607498,-513555.6750091423
27000.0,4263.45,228.0000592222554,-513595.04751119524
27500.0,2449.0499999999997,230.0000663274458,-513592.5073259635
26000.0,3615.45,223.0000503407674,-542196.3986797766
27500.0,3858.4500000000003,226.0001049619186,-562856.8191186736
26500.0,120.75,290.0000024547446,-518934.62879532785
26500.0,3601.95,248.0000262867374,-516028.4250091423
27000.0,4249.95,248.000059148243,-516067.79751119524
27500.0,2435.5499999999997,250.0000662534334,-516065.2573259635
26000.0,3601.95,243.000050266755,-544669.1486797766
27500.0,3844.9500000000003,246.0001048879062,-565329.5691186736
27000.0,3615.45,248.0000263607498,-516028.4250091423
27500.0,4263.45,248.0000592222554,-516067.79751119524
28000.0,2449.0499999999997,250.0000663274458,-516065.2573259635
26500.0,3615.45,243.0000503407674,-544669.1486797766
28000.0,3858.4500000000003,246.0001049619186,-565329.5691186736
27500.0,7744.65,206.0000830542482,-513161.5937250097
28000.0,5930.25,208.0000901594386,-513159.053539778
26500.0,7096.65,201.0000741727602,-541762.9448935911
28000.0,7339.65,204.0001287939114,-562423.365332488
28500.0,6578.25,208.0001230209442,-513198.4260418309
27000.0,7744.65,201.0001070342658,-541802.317395644
28500.0,7987.65,204.000161655417,-562462.7378345409
27500.0,5930.25,203.0001141394562,-541799.7772104123
29000.0,6173.25,206.0001687606074,-562460.1976493092
27500.0,7339.65,199.000152773929,-591064.0890031223
27000.0,134.25,290.000002528757,-518934.62879532785
27000.0,3615.45,248.0000263607498,-516028.4250091423
27500.0,4263.45,248.0000592222554,-516067.79751119524
28000.0,2449.0499999999997,250.0000663274458,-516065.2573259635
26500.0,3615.45,243.0000503407674,-544669.1486797766
28000.0,3858.4500000000003,246.0001049619186,-565329.5691186736
27500.0,3628.95,248.0000264347622,-516028.4250091423
28000.0,4276.95,248.0000592962678,-516067.79751119524
28500.0,2462.5499999999997,250.0000664014582,-516065.2573259635
27000.0,3628.95,243.0000504147798,-544669.1486797766
28500.0,3871.9500000000003,246.000105035931,-565329.5691186736
28000.0,7758.15,206.0000831282606,-513161.5937250097
28500.0,5943.75,208.000090233451,-513159.053539778
27000.0,7110.15,201.0000742467726,-541762.9448935911
28500.0,7353.15,204.0001288679238,-562423.365332488
29000.0,6591.75,208.0001230949566,-513198.4260418309
27500.0,7758.15,201.0001071082782,-541802.317395644
29000.0,8001.15,204.0001617294294,-562462.7378345409
28000.0,5943.75,203.0001142134686,-541799.7772104123
29500.0,6186.75,206.0001688346198,-562460.1976493092
28000.0,7353.15,199.0001528479414,-591064.0890031223
27500.0,3615.45,268.0000263607498,-518501.1750091423
28000.0,4263.45,268.0000592222554,-518540.54751119524
28500.0,2449.0499999999997,270.0000663274458,-518538.0073259635
27000.0,3615.45,263.0000503407674,-547141.8986797766
28500.0,3858.4500000000003,266.0001049619186,-567802.3191186736
28000.0,7744.65,226.0000830542482,-515634.3437250097
28500.0,5930.25,228.0000901594386,-515631.803539778
27000.0,7096.65,221.0000741727602,-544235.6948935911
28500.0,7339.65,224.0001287939114,-564896.115332488
29000.0,6578.25,228.0001230209442,-515671.1760418309
27500.0,7744.65,221.0001070342658,-544275.067395644
29000.0,7987.65,224.000161655417,-564935.4878345409
28000.0,5930.25,223.0001141394562,-544272.5272104123
29500.0,6173.25,226.0001687606074,-564932.9476493092
28000.0,7339.65,219.000152773929,-593536.8390031223
28500.0,7758.15,226.0000831282606,-515634.3437250097
29000.0,5943.75,228.000090233451,-515631.803539778
27500.0,7110.15,221.0000742467726,-544235.6948935911
29000.0,7353.15,224.0001288679238,-564896.115332488
29500.0,6591.75,228.0001230949566,-515671.1760418309
28000.0,7758.15,221.0001071082782,-544275.067395644
29500.0,8001.15,224.0001617294294,-564935.4878345409
28500.0,5943.75,223.0001142134686,-544272.5272104123
30000.0,6186.75,226.0001688346198,-564932.9476493092
28500.0,7353.15,219.0001528479414,-593536.8390031223
29500.0,10072.949999999999,186.0001469269494,-512764.9722556454
28000.0,11239.349999999999,179.000130940271,-541368.8636094584
29500.0,11482.35,182.0001855614222,-562029.2840483554
28500.0,9424.95,181.0001380454614,-541366.3234242267
30000.0,9667.95,184.0001926666126,-562026.7438631237
28500.0,10834.35,177.0001766799342,-590630.6352169368
29000.0,10072.95,181.000170906967,-541405.6959262796
30500.0,10315.95,184.0002255281182,-562066.1163651766
29000.0,11482.35,177.0002095414398,-590670.0077189897
29500.0,9667.95,179.0002166466302,-590667.467533758
43500.0,274.95000000000005,340.0000061829959,-885268.8222987555
43500.0,261.45000000000005,360.0000061089835,-887741.5722987555
44000.0,274.95000000000005,360.0000061829959,-887741.5722987555
44000.0,3756.1499999999996,318.0000300149887,-884835.36851257
44500.0,4404.15,318.00006287649427,-884874.7410146229
45000.0,2589.75,320.0000699816847,-884872.2008293913
43500.0,3756.1499999999996,313.0000539950063,-913476.0921832043
45000.0,3999.1500000000005,316.0001086161575,-934136.5126221012
44000.0,274.95000000000005,360.0000061829959,-887741.5722987555
44500.0,288.45000000000005,360.0000062570083,-887741.5722987555
44500.0,3769.6499999999996,318.0000300890011,-884835.36851257
45000.0,4417.65,318.0000629505067,-884874.7410146229
45500.0,2603.25,320.0000700556971,-884872.2008293913
44000.0,3769.6499999999996,313.0000540690187,-913476.0921832043
45500.0,4012.6500000000005,316.0001086901699,-934136.5126221012
44500.0,274.95000000000005,380.0000061829959,-890214.3222987555
44500.0,3756.1499999999996,338.0000300149887,-887308.11851257
45000.0,4404.15,338.00006287649427,-887347.4910146229
45500.0,2589.75,340.0000699816847,-887344.9508293913
44000.0,3756.1499999999996,333.0000539950063,-915948.8421832043
45500.0,3999.1500000000005,336.0001086161575,-936609.2626221012
45000.0,3769.6499999999996,338.0000300890011,-887308.11851257
45500.0,4417.65,338.0000629505067,-887347.4910146229
46000.0,2603.25,340.0000700556971,-887344.9508293913
44500.0,3769.6499999999996,333.0000540690187,-915948.8421832043
46000.0,4012.6500000000005,336.0001086901699,-936609.2626221012
45500.0,7898.849999999999,296.0000867824995,-884441.2872284374
46000.0,6084.449999999999,298.0000938876899,-884438.7470432058
44500.0,7250.849999999999,291.0000779010115,-913042.6383970188
46000.0,7493.85,294.0001325221627,-933703.0588359158
46500.0,6732.449999999999,298.0001267491955,-884478.1195452586
45000.0,7898.849999999999,291.0001107625171,-913082.0108990716
46500.0,8141.85,294.0001653836683,-933742.4313379686
45500.0,6084.449999999999,293.0001178677075,-913079.47071384
47000.0,6327.45,296.0001724888587,-933739.891152737
45500.0,7493.85,289.0001565021803,-962343.78250655
29000.0,139.482,290.00000337940617,-888212.5722987555
29500.0,152.982,290.00000345341857,-888212.5722987555
29500.0,3634.182,248.0000272854114,-885306.36851257
30000.0,4282.182,248.00006014691698,-885345.7410146229
30500.0,2467.7819999999997,250.00006725210739,-885343.2008293913
29000.0,3634.182,243.000051265429,-913947.0921832043
30500.0,3877.1820000000002,246.00010588658017,-934607.5126221012
29500.0,139.482,310.00000337940617,-890685.3222987555
29500.0,3620.682,268.00002721139896,-887779.11851257
30000.0,4268.682,268.0000600729046,-887818.4910146229
30500.0,2454.2819999999997,270.000067178095,-887815.9508293913
29000.0,3620.682,263.00005119141656,-916419.8421832043
30500.0,3863.6820000000002,266.00010581256777,-937080.2626221012
30000.0,3634.182,268.00002728541136,-887779.11851257
30500.0,4282.182,268.000060146917,-887818.4910146229
31000.0,2467.7819999999997,270.0000672521074,-887815.9508293913
29500.0,3634.182,263.00005126542897,-916419.8421832043
31000.0,3877.1820000000002,266.0001058865802,-937080.2626221012
30500.0,7763.382,226.00008397890977,-884912.2872284374
31000.0,5948.982,228.00009108410018,-884909.7470432058
29500.0,7115.382,221.00007509742179,-913513.6383970188
31000.0,7358.382,224.000129718573,-934174.0588359158
31500.0,6596.982,228.0001239456058,-884949.1195452586
30000.0,7763.382,221.00010795892737,-913553.0108990716
31500.0,8006.382,224.00016258007858,-934213.4313379686
30500.0,5948.982,223.00011506411778,-913550.47071384
32000.0,6191.982,226.000169685269,-934210.891152737
30500.0,7358.382,219.0001536985906,-962814.78250655
30000.0,152.982,310.00000345341857,-890685.3222987555
30000.0,3634.182,268.00002728541136,-887779.11851257
30500.0,4282.182,268.000060146917,-887818.4910146229
31000.0,2467.7819999999997,270.0000672521074,-887815.9508293913
29500.0,3634.182,263.00005126542897,-916419.8421832043
31000.0,3877.1820000000002,266.0001058865802,-937080.2626221012
30500.0,3647.682,268.00002735942377,-887779.11851257
31000.0,4295.682,268.00006022092936,-887818.4910146229
31500.0,2481.2819999999997,270.0000673261198,-887815.9508293913
30000.0,3647.682,263.00005133944137,-916419.8421832043
31500.0,3890.6820000000002,266.0001059605926,-937080.2626221012
31000.0,7776.882,226.00008405292218,-884912.2872284374
31500.0,5962.482,228.00009115811258,-884909.7470432058
30000.0,7128.882,221.0000751714342,-913513.6383970188
31500.0,7371.882,224.0001297925854,-934174.0588359158
32000.0,6610.482,228.0001240196182,-884949.1195452586
30500.0,7776.882,221.00010803293978,-913553.0108990716
32000.0,8019.882,224.00016265409099,-934213.4313379686
31000.0,5962.482,223.00011513813018,-913550.47071384
32500.0,6205.482,226.0001697592814,-934210.891152737
31000.0,7371.882,219.00015377260297,-962814.78250655
30500.0,3634.182,288.00002728541136,-890251.86851257
31000.0,4282.182,288.000060146917,-890291.2410146229
31500.0,2467.7819999999997,290.0000672521074,-890288.7008293913
30000.0,3634.182,283.00005126542897,-918892.5921832043
31500.0,3877.1820000000002,286.0001058865802,-939553.0126221012
31000.0,7763.382,246.00008397890977,-887385.0372284374
31500.0,5948.982,248.00009108410018,-887382.4970432058
30000.0,7115.382,241.00007509742179,-915986.3883970188
31500.0,7358.382,244.000129718573,-936646.8088359158
32000.0,6596.982,248.0001239456058,-887421.8695452586
30500.0,7763.382,241.00010795892737,-916025.7608990716
32000.0,8006.382,244.00016258007858,-936686.1813379686
31000.0,5948.982,243.00011506411778,-916023.22071384
32500.0,6191.982,246.000169685269,-936683.641152737
31000.0,7358.382,239.0001536985906,-965287.53250655
31500.0,7776.882,246.00008405292218,-887385.0372284374
32000.0,5962.482,248.00009115811258,-887382.4970432058
30500.0,7128.882,241.0000751714342,-915986.3883970188
32000.0,7371.882,244.0001297925854,-936646.8088359158
32500.0,6610.482,248.0001240196182,-887421.8695452586
31000.0,7776.882,241.00010803293978,-916025.7608990716
32500.0,8019.882,244.00016265409099,-936686.1813379686
31500.0,5962.482,243.00011513813018,-916023.22071384
33000.0,6205.482,246.0001697592814,-936683.641152737
31500.0,7371.882,239.00015377260297,-965287.53250655
32500.0,10091.681999999999,206.000147851611,-884515.6657590731
31000.0,11258.081999999999,199.0001318649326,-913119.5571128861
32500.0,11501.082,202.00018648608378,-933779.9775517831
31500.0,9443.682,201.00013897012298,-913117.0169276545
33000.0,9686.682,204.00019359127418,-933777.4373665515
31500.0,10853.082,197.0001776045958,-962381.3287203645
32000.0,10091.682,201.0001718316286,-913156.3894297073
33500.0,10334.682,204.00022645277977,-933816.8098686043
32000.0,11501.082,197.00021046610138,-962420.7012224173
32500.0,9686.682,199.00021757129178,-962418.1610371857
30000.0,200.71800000000002,290.0000040988067,-888212.5722987555
30500.0,214.21800000000002,290.0000041728191,-888212.5722987555
30500.0,3695.4179999999997,248.00002800481192,-885306.36851257
31000.0,4343.418,248.0000608663175,-885345.7410146229
31500.0,2529.0179999999996,250.00006797150792,-885343.2008293913
30000.0,3695.4179999999997,243.00005198482953,-913947.0921832043
31500.0,3938.418,246.0001066059807,-934607.5126221012
30500.0,200.71800000000002,310.0000040988067,-890685.3222987555
30500.0,3681.9179999999997,268.0000279307995,-887779.11851257
31000.0,4329.918,268.00006079230513,-887818.4910146229
31500.0,2515.5179999999996,270.0000678974955,-887815.9508293913
30000.0,3681.9179999999997,263.0000519108171,-916419.8421832043
31500.0,3924.918,266.0001065319683,-937080.2626221012
31000.0,3695.4179999999997,268.0000280048119,-887779.11851257
31500.0,4343.418,268.00006086631754,-887818.4910146229
32000.0,2529.0179999999996,270.0000679715079,-887815.9508293913
30500.0,3695.4179999999997,263.0000519848295,-916419.8421832043
32000.0,3938.418,266.0001066059807,-937080.2626221012
31500.0,7824.6179999999995,226.0000846983103,-884912.2872284374
32000.0,6010.217999999999,228.0000918035007,-884909.7470432058
30500.0,7176.6179999999995,221.00007581682232,-913513.6383970188
32000.0,7419.618,224.00013043797352,-934174.0588359158
32500.0,6658.217999999999,228.00012466500633,-884949.1195452586
31000.0,7824.6179999999995,221.0001086783279,-913553.0108990716
32500.0,8067.618,224.0001632994791,-934213.4313379686
31500.0,6010.217999999999,223.0001157835183,-913550.47071384
33000.0,6253.218,226.00017040466952,-934210.891152737
31500.0,7419.618,219.0001544179911,-962814.78250655
31000.0,214.21800000000002,310.0000041728191,-890685.3222987555
31000.0,3695.4179999999997,268.0000280048119,-887779.11851257
31500.0,4343.418,268.00006086631754,-887818.4910146229
32000.0,2529.0179999999996,270.0000679715079,-887815.9508293913
30500.0,3695.4179999999997,263.0000519848295,-916419.8421832043
32000.0,3938.418,266.0001066059807,-937080.2626221012
31500.0,3708.9179999999997,268.0000280788243,-887779.11851257
32000.0,4356.918,268.0000609403299,-887818.4910146229
32500.0,2542.5179999999996,270.0000680455203,-887815.9508293913
31000.0,3708.9179999999997,263.0000520588419,-916419.8421832043
32500.0,3951.918,266.0001066799931,-937080.2626221012
32000.0,7838.1179999999995,226.0000847723227,-884912.2872284374
32500.0,6023.717999999999,228.0000918775131,-884909.7470432058
31000.0,7190.1179999999995,221.00007589083472,-913513.6383970188
32500.0,7433.118,224.0001305119859,-934174.0588359158
33000.0,6671.717999999999,228.0001247390187,-884949.1195452586
31500.0,7838.1179999999995,221.0001087523403,-913553.0108990716
33000.0,8081.118,224.00016337349152,-934213.4313379686
32000.0,6023.717999999999,223.00011585753072,-913550.47071384
33500.0,6266.718,226.00017047868192,-934210.891152737
32000.0,7433.118,219.0001544920035,-962814.78250655
31500.0,3695.4179999999997,288.0000280048119,-890251.86851257
32000.0,4343.418,288.00006086631754,-890291.2410146229
32500.0,2529.0179999999996,290.0000679715079,-890288.7008293913
31000.0,3695.4179999999997,283.0000519848295,-918892.5921832043
32500.0,3938.418,286.0001066059807,-939553.0126221012
32000.0,7824.6179999999995,246.0000846983103,-887385.0372284374
32500.0,6010.217999999999,248.0000918035007,-887382.4970432058
31000.0,7176.6179999999995,241.00007581682232,-915986.3883970188
32500.0,7419.618,244.00013043797352,-936646.8088359158
33000.0,6658.217999999999,248.00012466500633,-887421.8695452586
31500.0,7824.6179999999995,241.0001086783279,-916025.7608990716
33000.0,8067.618,244.0001632994791,-936686.1813379686
32000.0,6010.217999999999,243.0001157835183,-916023.22071384
33500.0,6253.218,246.00017040466952,-936683.641152737
32000.0,7419.618,239.0001544179911,-965287.53250655
32500.0,7838.1179999999995,246.0000847723227,-887385.0372284374
33000.0,6023.717999999999,248.0000918775131,-887382.4970432058
31500.0,7190.1179999999995,241.00007589083472,-915986.3883970188
33000.0,7433.118,244.0001305119859,-936646.8088359158
33500.0,6671.717999999999,248.0001247390187,-887421.8695452586
32000.0,7838.1179999999995,241.0001087523403,-916025.7608990716
33500.0,8081.118,244.00016337349152,-936686.1813379686
32500.0,6023.717999999999,243.00011585753072,-916023.22071384
34000.0,6266.718,246.00017047868192,-936683.641152737
32500.0,7433.118,239.0001544920035,-965287.53250655
33500.0,10152.918,206.00014857101152,-884515.6657590731
32000.0,11319.318,199.0001325843331,-913119.5571128861
33500.0,11562.318,202.0001872054843,-933779.9775517831
32500.0,9504.917999999998,201.0001396895235,-913117.0169276545
34000.0,9747.918,204.00019431067471,-933777.4373665515
32500.0,10914.318,197.00017832399632,-962381.3287203645
33000.0,10152.917999999998,201.00017255102912,-913156.3894297073
34500.0,10395.918,204.0002271721803,-933816.8098686043
33000.0,11562.318,197.0002111855019,-962420.7012224173
33500.0,9747.918,199.00021829069232,-962418.1610371857
16000.0,78.75,240.0000013692294,-519405.62879532785
16000.0,3559.95,198.0000252012222,-516499.4250091423
16500.0,4207.95,198.0000580627278,-516538.79751119524
17000.0,2393.5499999999997,200.0000651679182,-516536.2573259635
15500.0,3559.95,193.0000491812398,-545140.1486797766
17000.0,3802.9500000000003,196.000103802391,-565800.5691186736
16500.0,3573.45,198.0000252752346,-516499.4250091423
17000.0,4221.45,198.0000581367402,-516538.79751119524
17500.0,2407.0499999999997,200.0000652419306,-516536.2573259635
16000.0,3573.45,193.0000492552522,-545140.1486797766
17500.0,3816.4500000000003,196.0001038764034,-565800.5691186736
17000.0,7702.65,156.000081968733,-513632.5937250097
17500.0,5888.25,158.0000890739234,-513630.053539778
16000.0,7054.65,151.000073087245,-542233.9448935911
17500.0,7297.65,154.0001277083962,-562894.365332488
18000.0,6536.25,158.000121935429,-513669.4260418309
16500.0,7702.65,151.0001059487506,-542273.317395644
18000.0,7945.65,154.0001605699018,-562933.7378345409
17000.0,5888.25,153.000113053941,-542270.7772104123
18500.0,6131.25,156.0001676750922,-562931.1976493092
17000.0,7297.65,149.0001516884138,-591535.0890031223
16500.0,3559.95,218.0000252012222,-518972.1750091423
17000.0,4207.95,218.0000580627278,-519011.54751119524
17500.0,2393.5499999999997,220.0000651679182,-519009.0073259635
16000.0,3559.95,213.0000491812398,-547612.8986797766
17500.0,3802.9500000000003,216.000103802391,-568273.3191186736
17000.0,7689.15,176.0000818947206,-516105.3437250097
17500.0,5874.75,178.000088999911,-516102.803539778
16000.0,7041.15,171.0000730132326,-544706.6948935911
17500.0,7284.15,174.0001276343838,-565367.115332488
18000.0,6522.75,178.0001218614166,-516142.1760418309
16500.0,7689.15,171.0001058747382,-544746.067395644
18000.0,7932.15,174.0001604958894,-565406.4878345409
17000.0,5874.75,173.0001129799286,-544743.5272104123
18500.0,6117.75,176.0001676010798,-565403.9476493092
17000.0,7284.15,169.0001516144014,-594007.8390031223
17500.0,7702.65,176.000081968733,-516105.3437250097
18000.0,5888.25,178.0000890739234,-516102.803539778
16500.0,7054.65,171.000073087245,-544706.6948935911
18000.0,7297.65,174.0001277083962,-565367.115332488
18500.0,6536.25,178.000121935429,-516142.1760418309
17000.0,7702.65,171.0001059487506,-544746.067395644
18500.0,7945.65,174.0001605699018,-565406.4878345409
17500.0,5888.25,173.000113053941,-544743.5272104123
19000.0,6131.25,176.0001676750922,-565403.9476493092
17500.0,7297.65,169.0001516884138,-594007.8390031223
18500.0,10017.449999999999,136.0001457674218,-513235.9722556454
17000.0,11183.849999999999,129.0001297807434,-541839.8636094584
18500.0,11426.85,132.0001844018946,-562500.2840483554
17500.0,9369.45,131.0001368859338,-541837.3234242267
19000.0,9612.45,134.000191507085,-562497.7438631237
17500.0,10778.85,127.0001755204066,-591101.6352169368
18000.0,10017.45,131.0001697474394,-541876.6959262796
19500.0,10260.45,134.0002243685906,-562537.1163651766
18000.0,11426.85,127.0002083819122,-591141.0077189897
18500.0,9612.45,129.0002154871026,-591138.467533758
17000.0,3573.45,218.0000252752346,-518972.1750091423
17500.0,4221.45,218.0000581367402,-519011.54751119524
18000.0,2407.0499999999997,220.0000652419306,-519009.0073259635
16500.0,3573.45,213.0000492552522,-547612.8986797766
18000.0,3816.4500000000003,216.0001038764034,-568273.3191186736
17500.0,7702.65,176.000081968733,-516105.3437250097
18000.0,5888.25,178.0000890739234,-516102.803539778
16500.0,7054.65,171.000073087245,-544706.6948935911
18000.0,7297.65,174.0001277083962,-565367.115332488
18500.0,6536.25,178.000121935429,-516142.1760418309
17000.0,7702.65,171.0001059487506,-544746.067395644
18500.0,7945.65,174.0001605699018,-565406.4878345409
17500.0,5888.25,173.000113053941,-544743.5272104123
19000.0,6131.25,176.0001676750922,-565403.9476493092
17500.0,7297.65,169.0001516884138,-594007.8390031223
18000.0,7716.15,176.0000820427454,-516105.3437250097
18500.0,5901.75,178.0000891479358,-516102.803539778
17000.0,7068.15,171.0000731612574,-544706.6948935911
18500.0,7311.15,174.0001277824086,-565367.115332488
19000.0,6549.75,178.0001220094414,-516142.1760418309
17500.0,7716.15,171.000106022763,-544746.067395644
19000.0,7959.15,174.0001606439142,-565406.4878345409
18000.0,5901.75,173.0001131279534,-544743.5272104123
19500.0,6144.75,176.0001677491046,-565403.9476493092
18000.0,7311.15,169.0001517624262,-594007.8390031223
19000.0,10030.949999999999,136.0001458414342,-513235.9722556454
17500.0,11197.349999999999,129.0001298547558,-541839.8636094584
19000.0,11440.35,132.000184475907,-562500.2840483554
18000.0,9382.95,131.0001369599462,-541837.3234242267
19500.0,9625.95,134.0001915810974,-562497.7438631237
18000.0,10792.35,127.000175594419,-591101.6352169368
18500.0,10030.95,131.0001698214518,-541876.6959262796
20000.0,10273.95,134.000224442603,-562537.1163651766
18500.0,11440.35,127.0002084559246,-591141.0077189897
19000.0,9625.95,129.000215561115,-591138.467533758
18000.0,7702.65,196.000081968733,-518578.0937250097
18500.0,5888.25,198.0000890739234,-518575.553539778
17000.0,7054.65,191.000073087245,-547179.4448935911
18500.0,7297.65,194.0001277083962,-567839.865332488
19000.0,6536.25,198.000121935429,-518614.9260418309
17500.0,7702.65,191.0001059487506,-547218.817395644
19000.0,7945.65,194.0001605699018,-567879.2378345409
18000.0,5888.25,193.000113053941,-547216.2772104123
19500.0,6131.25,196.0001676750922,-567876.6976493092
18000.0,7297.65,189.0001516884138,-596480.5890031223
19000.0,10017.449999999999,156.0001457674218,-515708.7222556454
17500.0,11183.849999999999,149.0001297807434,-544312.6136094584
19000.0,11426.85,152.0001844018946,-564973.0340483554
18000.0,9369.45,151.0001368859338,-544310.0734242267
19500.0,9612.45,154.000191507085,-564970.4938631237
18000.0,10778.85,147.0001755204066,-593574.3852169368
18500.0,10017.45,151.0001697474394,-544349.4459262796
20000.0,10260.45,154.0002243685906,-565009.8663651766
18500.0,11426.85,147.0002083819122,-593613.7577189897
19000.0,9612.45,149.0002154871026,-593611.217533758
19500.0,10030.949999999999,156.0001458414342,-515708.7222556454
18000.0,11197.349999999999,149.0001298547558,-544312.6136094584
19500.0,11440.35,152.000184475907,-564973.0340483554
18500.0,9382.95,151.0001369599462,-544310.0734242267
20000.0,9625.95,154.0001915810974,-564970.4938631237
18500.0,10792.35,147.000175594419,-593574.3852169368
19000.0,10030.95,151.0001698214518,-544349.4459262796
20500.0,10273.95,154.000224442603,-565009.8663651766
19000.0,11440.35,147.0002084559246,-593613.7577189897
19500.0,9625.95,149.000215561115,-593611.217533758
19000.0,13512.149999999998,109.0001936534446,-541443.2421400942
20500.0,13755.15,112.0002482745958,-562103.662578991
19000.0,14921.55,105.0002322879174,-590707.5539328041
19500.0,13107.150000000001,107.0002393931078,-590705.0137475724
20000.0,13755.150000000001,107.0002722546134,-590744.3862496254
45500.0,301.20000000000005,340.0000064913809,-885268.8222987555
45500.0,287.70000000000005,360.00000641736847,-887741.5722987555
46000.0,301.20000000000005,360.0000064913809,-887741.5722987555
46000.0,3782.3999999999996,318.0000303233737,-884835.36851257
46500.0,4430.4,318.0000631848793,-884874.7410146229
47000.0,2616.0,320.0000702900697,-884872.2008293913
45500.0,3782.3999999999996,313.0000543033913,-913476.0921832043
47000.0,4025.4000000000005,316.0001089245425,-934136.5126221012
46000.0,301.20000000000005,360.0000064913809,-887741.5722987555
46500.0,314.70000000000005,360.0000065653933,-887741.5722987555
46500.0,3795.8999999999996,318.00003039738607,-884835.36851257
47000.0,4443.9,318.0000632588917,-884874.7410146229
47500.0,2629.5,320.0000703640821,-884872.2008293913
46000.0,3795.8999999999996,313.00005437740367,-913476.0921832043
47500.0,4038.9000000000005,316.0001089985549,-934136.5126221012
46500.0,301.20000000000005,380.0000064913809,-890214.3222987555
46500.0,3782.3999999999996,338.0000303233737,-887308.11851257
47000.0,4430.4,338.0000631848793,-887347.4910146229
47500.0,2616.0,340.0000702900697,-887344.9508293913
46000.0,3782.3999999999996,333.0000543033913,-915948.8421832043
47500.0,4025.4000000000005,336.0001089245425,-936609.2626221012
47000.0,3795.8999999999996,338.00003039738607,-887308.11851257
47500.0,4443.9,338.0000632588917,-887347.4910146229
48000.0,2629.5,340.0000703640821,-887344.9508293913
46500.0,3795.8999999999996,333.00005437740367,-915948.8421832043
48000.0,4038.9000000000005,336.0001089985549,-936609.2626221012
47500.0,7925.099999999999,296.0000870908845,-884441.2872284374
48000.0,6110.699999999999,298.0000941960749,-884438.7470432058
46500.0,7277.099999999999,291.0000782093965,-913042.6383970188
48000.0,7520.1,294.00013283054767,-933703.0588359158
48500.0,6758.699999999999,298.00012705758047,-884478.1195452586
47000.0,7925.099999999999,291.0001110709021,-913082.0108990716
48500.0,8168.1,294.0001656920533,-933742.4313379686
47500.0,6110.7,293.0001181760925,-913079.47071384
49000.0,6353.700000000001,296.0001727972437,-933739.891152737
47500.0,7520.1,289.0001568105653,-962343.78250655
31000.0,165.732,290.0000036877912,-888212.5722987555
31500.0,179.232,290.0000037618036,-888212.5722987555
31500.0,3660.432,248.00002759379637,-885306.36851257
32000.0,4308.432,248.000060455302,-885345.7410146229
32500.0,2494.0319999999997,250.0000675604924,-885343.2008293913
31000.0,3660.432,243.00005157381398,-913947.0921832043
32500.0,3903.4320000000002,246.00010619496518,-934607.5126221012
31500.0,165.732,310.0000036877912,-890685.3222987555
31500.0,3646.932,268.000027519784,-887779.11851257
32000.0,4294.932,268.0000603812896,-887818.4910146229
32500.0,2480.5319999999997,270.00006748647996,-887815.9508293913
31000.0,3646.932,263.0000514998016,-916419.8421832043
32500.0,3889.9320000000002,266.0001061209528,-937080.2626221012
32000.0,3660.432,268.0000275937964,-887779.11851257
32500.0,4308.432,268.000060455302,-887818.4910146229
33000.0,2494.0319999999997,270.00006756049237,-887815.9508293913
31500.0,3660.432,263.000051573814,-916419.8421832043
33000.0,3903.4320000000002,266.00010619496516,-937080.2626221012
32500.0,7789.632,226.00008428729478,-884912.2872284374
33000.0,5975.232,228.0000913924852,-884909.7470432058
31500.0,7141.632,221.0000754058068,-913513.6383970188
33000.0,7384.632,224.00013002695798,-934174.0588359158
33500.0,6623.232,228.00012425399078,-884949.1195452586
32000.0,7789.632,221.00010826731238,-913553.0108990716
33500.0,8032.632,224.0001628884636,-934213.4313379686
32500.0,5975.232,223.0001153725028,-913550.47071384
34000.0,6218.232,226.000169993654,-934210.891152737
32500.0,7384.632,219.00015400697558,-962814.78250655
32000.0,179.232,310.0000037618036,-890685.3222987555
32000.0,3660.432,268.0000275937964,-887779.11851257
32500.0,4308.432,268.000060455302,-887818.4910146229
33000.0,2494.0319999999997,270.00006756049237,-887815.9508293913
31500.0,3660.432,263.000051573814,-916419.8421832043
33000.0,3903.4320000000002,266.00010619496516,-937080.2626221012
32500.0,3673.932,268.0000276678088,-887779.11851257
33000.0,4321.932,268.0000605293144,-887818.4910146229
33500.0,2507.5319999999997,270.0000676345048,-887815.9508293913
32000.0,3673.932,263.0000516478264,-916419.8421832043
33500.0,3916.9320000000002,266.00010626897756,-937080.2626221012
33000.0,7803.132,226.0000843613072,-884912.2872284374
33500.0,5988.732,228.0000914664976,-884909.7470432058
32000.0,7155.132,221.00007547981917,-913513.6383970188
33500.0,7398.132,224.00013010097038,-934174.0588359158
34000.0,6636.732,228.00012432800318,-884949.1195452586
32500.0,7803.132,221.0001083413248,-913553.0108990716
34000.0,8046.132,224.000162962476,-934213.4313379686
33000.0,5988.732,223.0001154465152,-913550.47071384
34500.0,6231.732,226.00017006766637,-934210.891152737
33000.0,7398.132,219.00015408098798,-962814.78250655
32500.0,3660.432,288.0000275937964,-890251.86851257
33000.0,4308.432,288.000060455302,-890291.2410146229
33500.0,2494.0319999999997,290.00006756049237,-890288.7008293913
32000.0,3660.432,283.000051573814,-918892.5921832043
33500.0,3903.4320000000002,286.00010619496516,-939553.0126221012
33000.0,7789.632,246.00008428729478,-887385.0372284374
33500.0,5975.232,248.0000913924852,-887382.4970432058
32000.0,7141.632,241.0000754058068,-915986.3883970188
33500.0,7384.632,244.00013002695798,-936646.8088359158
34000.0,6623.232,248.00012425399078,-887421.8695452586
32500.0,7789.632,241.00010826731238,-916025.7608990716
34000.0,8032.632,244.0001628884636,-936686.1813379686
33000.0,5975.232,243.0001153725028,-916023.22071384
34500.0,6218.232,246.000169993654,-936683.641152737
33000.0,7384.632,239.00015400697558,-965287.53250655
33500.0,7803.132,246.0000843613072,-887385.0372284374
34000.0,5988.732,248.0000914664976,-887382.4970432058
32500.0,7155.132,241.00007547981917,-915986.3883970188
34000.0,7398.132,244.00013010097038,-936646.8088359158
34500.0,6636.732,248.00012432800318,-887421.8695452586
33000.0,7803.132,241.0001083413248,-916025.7608990716
34500.0,8046.132,244.000162962476,-936686.1813379686
33500.0,5988.732,243.0001154465152,-916023.22071384
35000.0,6231.732,246.00017006766637,-936683.641152737
33500.0,7398.132,239.00015408098798,-965287.53250655
34500.0,10117.931999999999,206.00014815999597,-884515.6657590731
33000.0,11284.331999999999,199.00013217331758,-913119.5571128861
34500.0,11527.332,202.0001867944688,-933779.9775517831
33500.0,9469.932,201.000139278508,-913117.0169276545
35000.0,9712.932,204.0001938996592,-933777.4373665515
33500.0,10879.332,197.00017791298077,-962381.3287203645
34000.0,10117.932,201.00017214001358,-913156.3894297073
35500.0,10360.932,204.00022676116478,-933816.8098686043
34000.0,11527.332,197.0002107744864,-962420.7012224173
34500.0,9712.932,199.0002178796768,-962418.1610371857
32000.0,226.96800000000002,290.00000440719174,-888212.5722987555
32500.0,240.46800000000002,290.0000044812041,-888212.5722987555
32500.0,3721.6679999999997,248.0000283131969,-885306.36851257
33000.0,4369.668,248.00006117470252,-885345.7410146229
33500.0,2555.2679999999996,250.0000682798929,-885343.2008293913
32000.0,3721.6679999999997,243.0000522932145,-913947.0921832043
33500.0,3964.668,246.00010691436572,-934607.5126221012
32500.0,226.96800000000002,310.00000440719174,-890685.3222987555
32500.0,3708.1679999999997,268.00002823918453,-887779.11851257
33000.0,4356.168,268.0000611006901,-887818.4910146229
33500.0,2541.7679999999996,270.0000682058805,-887815.9508293913
32000.0,3708.1679999999997,263.00005221920213,-916419.8421832043
33500.0,3951.168,266.00010684035334,-937080.2626221012
33000.0,3721.6679999999997,268.00002831319694,-887779.11851257
33500.0,4369.668,268.0000611747025,-887818.4910146229
34000.0,2555.2679999999996,270.0000682798929,-887815.9508293913
32500.0,3721.6679999999997,263.00005229321454,-916419.8421832043
34000.0,3964.668,266.0001069143657,-937080.2626221012
33500.0,7850.8679999999995,226.00008500669531,-884912.2872284374
34000.0,6036.467999999999,228.00009211188572,-884909.7470432058
32500.0,7202.8679999999995,221.0000761252073,-913513.6383970188
34000.0,7445.868,224.0001307463585,-934174.0588359158
34500.0,6684.467999999999,228.0001249733913,-884949.1195452586
33000.0,7850.8679999999995,221.00010898671292,-913553.0108990716
34500.0,8093.868,224.00016360786412,-934213.4313379686
33500.0,6036.467999999999,223.00011609190332,-913550.47071384
35000.0,6279.468,226.0001707130545,-934210.891152737
33500.0,7445.868,219.0001547263761,-962814.78250655
33000.0,240.46800000000002,310.0000044812041,-890685.3222987555
33000.0,3721.6679999999997,268.00002831319694,-887779.11851257
33500.0,4369.668,268.0000611747025,-887818.4910146229
34000.0,2555.2679999999996,270.0000682798929,-887815.9508293913
32500.0,3721.6679999999997,263.00005229321454,-916419.8421832043
34000.0,3964.668,266.0001069143657,-937080.2626221012
33500.0,3735.1679999999997,268.0000283872093,-887779.11851257
34000.0,4383.168,268.0000612487149,-887818.4910146229
34500.0,2568.7679999999996,270.0000683539053,-887815.9508293913
33000.0,3735.1679999999997,263.0000523672269,-916419.8421832043
34500.0,3978.168,266.0001069883781,-937080.2626221012
34000.0,7864.3679999999995,226.00008508070772,-884912.2872284374
34500.0,6049.967999999999,228.00009218589813,-884909.7470432058
33000.0,7216.3679999999995,221.0000761992197,-913513.6383970188
34500.0,7459.368,224.0001308203709,-934174.0588359158
35000.0,6697.967999999999,228.0001250474037,-884949.1195452586
33500.0,7864.3679999999995,221.00010906072532,-913553.0108990716
35000.0,8107.368,224.0001636818765,-934213.4313379686
34000.0,6049.967999999999,223.0001161659157,-913550.47071384
35500.0,6292.968,226.0001707870669,-934210.891152737
34000.0,7459.368,219.00015480038851,-962814.78250655
33500.0,3721.6679999999997,288.00002831319694,-890251.86851257
34000.0,4369.668,288.0000611747025,-890291.2410146229
34500.0,2555.2679999999996,290.0000682798929,-890288.7008293913
33000.0,3721.6679999999997,283.00005229321454,-918892.5921832043
34500.0,3964.668,286.0001069143657,-939553.0126221012
34000.0,7850.8679999999995,246.00008500669531,-887385.0372284374
34500.0,6036.467999999999,248.00009211188572,-887382.4970432058
33000.0,7202.8679999999995,241.0000761252073,-915986.3883970188
34500.0,7445.868,244.0001307463585,-936646.8088359158
35000.0,6684.467999999999,248.0001249733913,-887421.8695452586
33500.0,7850.8679999999995,241.00010898671292,-916025.7608990716
35000.0,8093.868,244.00016360786412,-936686.1813379686
34000.0,6036.467999999999,243.00011609190332,-916023.22071384
35500.0,6279.468,246.0001707130545,-936683.641152737
34000.0,7445.868,239.0001547263761,-965287.53250655
34500.0,7864.3679999999995,246.00008508070772,-887385.0372284374
35000.0,6049.967999999999,248.00009218589813,-887382.4970432058
33500.0,7216.3679999999995,241.0000761992197,-915986.3883970188
35000.0,7459.368,244.0001308203709,-936646.8088359158
35500.0,6697.967999999999,248.0001250474037,-887421.8695452586
34000.0,7864.3679999999995,241.00010906072532,-916025.7608990716
35500.0,8107.368,244.0001636818765,-936686.1813379686
34500.0,6049.967999999999,243.0001161659157,-916023.22071384
36000.0,6292.968,246.0001707870669,-936683.641152737
34500.0,7459.368,239.00015480038851,-965287.53250655
35500.0,10179.168,206.0001488793965,-884515.6657590731
34000.0,11345.568,199.0001328927181,-913119.5571128861
35500.0,11588.568,202.00018751386932,-933779.9775517831
34500.0,9531.167999999998,201.00013999790852,-913117.0169276545
36000.0,9774.168,204.0001946190597,-933777.4373665515
34500.0,10940.568,197.0001786323813,-962381.3287203645
35000.0,10179.167999999998,201.0001728594141,-913156.3894297073
36500.0,10422.168,204.00022748056531,-933816.8098686043
35000.0,11588.568,197.00021149388692,-962420.7012224173
35500.0,9774.168,199.0002185990773,-962418.1610371857
18000.0,105.0,240.0000016776144,-519405.62879532785
18000.0,3586.2,198.0000255096072,-516499.4250091423
18500.0,4234.2,198.0000583711128,-516538.79751119524
19000.0,2419.7999999999997,200.0000654763032,-516536.2573259635
17500.0,3586.2,193.0000494896248,-545140.1486797766
19000.0,3829.2000000000003,196.000104110776,-565800.5691186736
18500.0,3599.7,198.0000255836196,-516499.4250091423
19000.0,4247.7,198.0000584451252,-516538.79751119524
19500.0,2433.2999999999997,200.0000655503156,-516536.2573259635
18000.0,3599.7,193.0000495636372,-545140.1486797766
19500.0,3842.7000000000003,196.0001041847884,-565800.5691186736
19000.0,7728.9,156.000082277118,-513632.5937250097
19500.0,5914.5,158.0000893823084,-513630.053539778
18000.0,7080.9,151.00007339563,-542233.9448935911
19500.0,7323.9,154.0001280167812,-562894.365332488
20000.0,6562.5,158.000122243814,-513669.4260418309
18500.0,7728.9,151.0001062571356,-542273.317395644
20000.0,7971.9,154.0001608782868,-562933.7378345409
19000.0,5914.5,153.000113362326,-542270.7772104123
20500.0,6157.5,156.0001679834772,-562931.1976493092
19000.0,7323.9,149.0001519967988,-591535.0890031223
18500.0,3586.2,218.0000255096072,-518972.1750091423
19000.0,4234.2,218.0000583711128,-519011.54751119524
19500.0,2419.7999999999997,220.0000654763032,-519009.0073259635
18000.0,3586.2,213.0000494896248,-547612.8986797766
19500.0,3829.2000000000003,216.000104110776,-568273.3191186736
19000.0,7715.4,176.0000822031056,-516105.3437250097
19500.0,5901.0,178.000089308296,-516102.803539778
18000.0,7067.4,171.0000733216176,-544706.6948935911
19500.0,7310.4,174.0001279427688,-565367.115332488
20000.0,6549.0,178.0001221698016,-516142.1760418309
18500.0,7715.4,171.0001061831232,-544746.067395644
20000.0,7958.4,174.0001608042744,-565406.4878345409
19000.0,5901.0,173.0001132883136,-544743.5272104123
20500.0,6144.0,176.0001679094648,-565403.9476493092
19000.0,7310.4,169.0001519227864,-594007.8390031223
19500.0,7728.9,176.000082277118,-516105.3437250097
20000.0,5914.5,178.0000893823084,-516102.803539778
18500.0,7080.9,171.00007339563,-544706.6948935911
20000.0,7323.9,174.0001280167812,-565367.115332488
20500.0,6562.5,178.000122243814,-516142.1760418309
19000.0,7728.9,171.0001062571356,-544746.067395644
20500.0,7971.9,174.0001608782868,-565406.4878345409
19500.0,5914.5,173.000113362326,-544743.5272104123
21000.0,6157.5,176.0001679834772,-565403.9476493092
19500.0,7323.9,169.0001519967988,-594007.8390031223
20500.0,10043.699999999999,136.0001460758068,-513235.9722556454
19000.0,11210.099999999999,129.0001300891284,-541839.8636094584
20500.0,11453.1,132.0001847102796,-562500.2840483554
19500.0,9395.7,131.0001371943188,-541837.3234242267
21000.0,9638.7,134.00019181547,-562497.7438631237
19500.0,10805.1,127.0001758287916,-591101.6352169368
20000.0,10043.7,131.0001700558244,-541876.6959262796
21500.0,10286.7,134.0002246769756,-562537.1163651766
20000.0,11453.1,127.0002086902972,-591141.0077189897
20500.0,9638.7,129.0002157954876,-591138.467533758
19000.0,3599.7,218.0000255836196,-518972.1750091423
19500.0,4247.7,218.0000584451252,-519011.54751119524
20000.0,2433.2999999999997,220.0000655503156,-519009.0073259635
18500.0,3599.7,213.0000495636372,-547612.8986797766
20000.0,3842.7000000000003,216.0001041847884,-568273.3191186736
19500.0,7728.9,176.000082277118,-516105.3437250097
20000.0,5914.5,178.0000893823084,-516102.803539778
18500.0,7080.9,171.00007339563,-544706.6948935911
20000.0,7323.9,174.0001280167812,-565367.115332488
20500.0,6562.5,178.000122243814,-516142.1760418309
19000.0,7728.9,171.0001062571356,-544746.067395644
20500.0,7971.9,174.0001608782868,-565406.4878345409
19500.0,5914.5,173.000113362326,-544743.5272104123
21000.0,6157.5,176.0001679834772,-565403.9476493092
19500.0,7323.9,169.0001519967988,-594007.8390031223
20000.0,7742.4,176.0000823511304,-516105.3437250097
20500.0,5928.0,178.0000894563208,-516102.803539778
19000.0,7094.4,171.0000734696424,-544706.6948935911
20500.0,7337.4,174.0001280907936,-565367.115332488
21000.0,6576.0,178.0001223178264,-516142.1760418309
19500.0,7742.4,171.000106331148,-544746.067395644
21000.0,7985.4,174.0001609522992,-565406.4878345409
20000.0,5928.0,173.0001134363384,-544743.5272104123
21500.0,6171.0,176.0001680574896,-565403.9476493092
20000.0,7337.4,169.0001520708112,-594007.8390031223
21000.0,10057.199999999999,136.0001461498192,-513235.9722556454
19500.0,11223.599999999999,129.0001301631408,-541839.8636094584
21000.0,11466.6,132.000184784292,-562500.2840483554
20000.0,9409.2,131.0001372683312,-541837.3234242267
21500.0,9652.2,134.0001918894824,-562497.7438631237
20000.0,10818.6,127.000175902804,-591101.6352169368
20500.0,10057.2,131.0001701298368,-541876.6959262796
22000.0,10300.2,134.000224750988,-562537.1163651766
20500.0,11466.6,127.0002087643096,-591141.0077189897
21000.0,9652.2,129.0002158695,-591138.467533758
20000.0,7728.9,196.000082277118,-518578.0937250097
20500.0,5914.5,198.0000893823084,-518575.553539778
19000.0,7080.9,191.00007339563,-547179.4448935911
20500.0,7323.9,194.0001280167812,-567839.865332488
21000.0,6562.5,198.000122243814,-518614.9260418309
19500.0,7728.9,191.0001062571356,-547218.817395644
21000.0,7971.9,194.0001608782868,-567879.2378345409
20000.0,5914.5,193.000113362326,-547216.2772104123
21500.0,6157.5,196.0001679834772,-567876.6976493092
20000.0,7323.9,189.0001519967988,-596480.5890031223
21000.0,10043.699999999999,156.0001460758068,-515708.7222556454
19500.0,11210.099999999999,149.0001300891284,-544312.6136094584
21000.0,11453.1,152.0001847102796,-564973.0340483554
20000.0,9395.7,151.0001371943188,-544310.0734242267
21500.0,9638.7,154.00019181547,-564970.4938631237
20000.0,10805.1,147.0001758287916,-593574.3852169368
20500.0,10043.7,151.0001700558244,-544349.4459262796
22000.0,10286.7,154.0002246769756,-565009.8663651766
20500.0,11453.1,147.0002086902972,-593613.7577189897
21000.0,9638.7,149.0002157954876,-593611.217533758
21500.0,10057.199999999999,156.0001461498192,-515708.7222556454
20000.0,11223.599999999999,149.0001301631408,-544312.6136094584
21500.0,11466.6,152.000184784292,-564973.0340483554
20500.0,9409.2,151.0001372683312,-544310.0734242267
22000.0,9652.2,154.0001918894824,-564970.4938631237
20500.0,10818.6,147.000175902804,-593574.3852169368
21000.0,10057.2,151.0001701298368,-544349.4459262796
22500.0,10300.2,154.000224750988,-565009.8663651766
21000.0,11466.6,147.0002087643096,-593613.7577189897
21500.0,9652.2,149.0002158695,-593611.217533758
21000.0,13538.399999999998,109.0001939618296,-541443.2421400942
22500.0,13781.4,112.0002485829808,-562103.662578991
21000.0,14947.8,105.0002325963024,-590707.5539328041
21500.0,13133.400000000001,107.0002397014928,-590705.0137475724
22000.0,13781.400000000001,107.0002725629984,-590744.3862496254
35000.0,245.70000000000002,310.0000053318533,-888212.5722987555
35500.0,259.20000000000005,310.0000054058657,-888212.5722987555
35500.0,3740.3999999999996,268.0000292378585,-885306.36851257
36000.0,4388.4,268.0000620993641,-885345.7410146229
36500.0,2573.9999999999995,270.0000692045545,-885343.2008293913
35000.0,3740.3999999999996,263.0000532178761,-913947.0921832043
36500.0,3983.4,266.0001078390273,-934607.5126221012
35500.0,245.70000000000002,330.0000053318533,-890685.3222987555
35500.0,3726.8999999999996,288.0000291638461,-887779.11851257
36000.0,4374.9,288.0000620253517,-887818.4910146229
36500.0,2560.4999999999995,290.0000691305421,-887815.9508293913
35000.0,3726.8999999999996,283.0000531438637,-916419.8421832043
36500.0,3969.9,286.0001077650149,-937080.2626221012
36000.0,3740.3999999999996,288.0000292378585,-887779.11851257
36500.0,4388.4,288.0000620993641,-887818.4910146229
37000.0,2573.9999999999995,290.0000692045545,-887815.9508293913
35500.0,3740.3999999999996,283.0000532178761,-916419.8421832043
37000.0,3983.4,286.0001078390273,-937080.2626221012
36500.0,7869.599999999999,246.0000859313569,-884912.2872284374
37000.0,6055.199999999999,248.0000930365473,-884909.7470432058
35500.0,7221.599999999999,241.0000770498689,-913513.6383970188
37000.0,7464.6,244.00013167102009,-934174.0588359158
37500.0,6703.199999999999,248.0001258980529,-884949.1195452586
36000.0,7869.599999999999,241.0001099113745,-913553.0108990716
37500.0,8112.6,244.0001645325257,-934213.4313379686
36500.0,6055.199999999999,243.0001170165649,-913550.47071384
38000.0,6298.2,246.0001716377161,-934210.891152737
36500.0,7464.6,239.0001556510377,-962814.78250655
36000.0,259.20000000000005,330.0000054058657,-890685.3222987555
36000.0,3740.3999999999996,288.0000292378585,-887779.11851257
36500.0,4388.4,288.0000620993641,-887818.4910146229
37000.0,2573.9999999999995,290.0000692045545,-887815.9508293913
35500.0,3740.3999999999996,283.0000532178761,-916419.8421832043
37000.0,3983.4,286.0001078390273,-937080.2626221012
36500.0,3753.8999999999996,288.0000293118709,-887779.11851257
37000.0,4401.9,288.0000621733765,-887818.4910146229
37500.0,2587.4999999999995,290.0000692785669,-887815.9508293913
36000.0,3753.8999999999996,283.0000532918885,-916419.8421832043
37500.0,3996.9,286.0001079130397,-937080.2626221012
37000.0,7883.099999999999,246.0000860053693,-884912.2872284374
37500.0,6068.699999999999,248.0000931105597,-884909.7470432058
36000.0,7235.099999999999,241.00007712388128,-913513.6383970188
37500.0,7478.1,244.0001317450325,-934174.0588359158
38000.0,6716.699999999999,248.0001259720653,-884949.1195452586
36500.0,7883.099999999999,241.0001099853869,-913553.0108990716
38000.0,8126.1,244.0001646065381,-934213.4313379686
37000.0,6068.699999999999,243.0001170905773,-913550.47071384
38500.0,6311.7,246.00017171172848,-934210.891152737
37000.0,7478.1,239.0001557250501,-962814.78250655
36500.0,3740.3999999999996,308.0000292378585,-890251.86851257
37000.0,4388.4,308.0000620993641,-890291.2410146229
37500.0,2573.9999999999995,310.0000692045545,-890288.7008293913
36000.0,3740.3999999999996,303.0000532178761,-918892.5921832043
37500.0,3983.4,306.0001078390273,-939553.0126221012
37000.0,7869.599999999999,266.0000859313569,-887385.0372284374
37500.0,6055.199999999999,268.0000930365473,-887382.4970432058
36000.0,7221.599999999999,261.0000770498689,-915986.3883970188
37500.0,7464.6,264.0001316710201,-936646.8088359158
38000.0,6703.199999999999,268.0001258980529,-887421.8695452586
36500.0,7869.599999999999,261.0001099113745,-916025.7608990716
38000.0,8112.6,264.0001645325257,-936686.1813379686
37000.0,6055.199999999999,263.0001170165649,-916023.22071384
38500.0,6298.2,266.0001716377161,-936683.641152737
37000.0,7464.6,259.0001556510377,-965287.53250655
37500.0,7883.099999999999,266.00008600536927,-887385.0372284374
38000.0,6068.699999999999,268.0000931105597,-887382.4970432058
36500.0,7235.099999999999,261.0000771238813,-915986.3883970188
38000.0,7478.1,264.0001317450325,-936646.8088359158
38500.0,6716.699999999999,268.0001259720653,-887421.8695452586
37000.0,7883.099999999999,261.00010998538687,-916025.7608990716
38500.0,8126.1,264.0001646065381,-936686.1813379686
37500.0,6068.699999999999,263.0001170905773,-916023.22071384
39000.0,6311.7,266.0001717117285,-936683.641152737
37500.0,7478.1,259.0001557250501,-965287.53250655
38500.0,10197.9,226.00014980405808,-884515.6657590731
37000.0,11364.3,219.0001338173797,-913119.5571128861
38500.0,11607.3,222.0001884385309,-933779.9775517831
37500.0,9549.899999999998,221.0001409225701,-913117.0169276545
39000.0,9792.9,224.0001955437213,-933777.4373665515
37500.0,10959.3,217.00017955704288,-962381.3287203645
38000.0,10197.899999999998,221.00017378407568,-913156.3894297073
39500.0,10440.9,224.0002284052269,-933816.8098686043
38000.0,11607.3,217.0002124185485,-962420.7012224173
38500.0,9792.9,219.0002195237389,-962418.1610371857
21000.0,123.732,260.00000260227597,-891156.3222987555
21000.0,3604.932,218.0000264342688,-888250.11851257
21500.0,4252.932,218.00005929577438,-888289.4910146229
22000.0,2438.5319999999997,220.00006640096478,-888286.9508293913
20500.0,3604.932,213.0000504142864,-916890.8421832043
22000.0,3847.9320000000002,216.00010503543757,-937551.2626221012
21500.0,3618.432,218.0000265082812,-888250.11851257
22000.0,4266.432,218.00005936978678,-888289.4910146229
22500.0,2452.0319999999997,220.0000664749772,-888286.9508293913
21000.0,3618.432,213.0000504882988,-916890.8421832043
22500.0,3861.4320000000002,216.00010510944998,-937551.2626221012
22000.0,7747.632,176.00008320177957,-885383.2872284374
22500.0,5933.232,178.00009030696998,-885380.7470432058
21000.0,7099.632,171.0000743202916,-913984.6383970188
22500.0,7342.632,174.0001289414428,-934645.0588359158
23000.0,6581.232,178.0001231684756,-885420.1195452586
21500.0,7747.632,171.00010718179718,-914024.0108990716
23000.0,7990.632,174.00016180294838,-934684.4313379686
22000.0,5933.232,173.00011428698758,-914021.47071384
23500.0,6176.232,176.0001689081388,-934681.891152737
22000.0,7342.632,169.0001529214604,-963285.78250655
21500.0,3604.932,238.0000264342688,-890722.86851257
22000.0,4252.932,238.00005929577438,-890762.2410146229
22500.0,2438.5319999999997,240.00006640096478,-890759.7008293913
21000.0,3604.932,233.0000504142864,-919363.5921832043
22500.0,3847.9320000000002,236.00010503543757,-940024.0126221012
22000.0,7734.132,196.0000831277672,-887856.0372284374
22500.0,5919.732,198.00009023295758,-887853.4970432058
21000.0,7086.132,191.00007424627918,-916457.3883970188
22500.0,7329.132,194.0001288674304,-937117.8088359158
23000.0,6567.732,198.0001230944632,-887892.8695452586
21500.0,7734.132,191.00010710778477,-916496.7608990716
23000.0,7977.132,194.00016172893598,-937157.1813379686
22000.0,5919.732,193.00011421297518,-916494.22071384
23500.0,6162.732,196.00016883412638,-937154.641152737
22000.0,7329.132,189.000152847448,-965758.53250655
22500.0,7747.632,196.00008320177957,-887856.0372284374
23000.0,5933.232,198.00009030696998,-887853.4970432058
21500.0,7099.632,191.0000743202916,-916457.3883970188
23000.0,7342.632,194.0001289414428,-937117.8088359158
23500.0,6581.232,198.0001231684756,-887892.8695452586
22000.0,7747.632,191.00010718179718,-916496.7608990716
23500.0,7990.632,194.00016180294838,-937157.1813379686
22500.0,5933.232,193.00011428698758,-916494.22071384
24000.0,6176.232,196.0001689081388,-937154.641152737
22500.0,7342.632,189.0001529214604,-965758.53250655
23500.0,10062.431999999999,156.0001470004684,-884986.6657590731
22000.0,11228.831999999999,149.00013101379,-913590.5571128861
23500.0,11471.832,152.00018563494118,-934250.9775517831
22500.0,9414.432,151.00013811898037,-913588.0169276545
24000.0,9657.432,154.00019274013158,-934248.4373665515
22500.0,10823.832,147.0001767534532,-962852.3287203645
23000.0,10062.432,151.000170980486,-913627.3894297073
24500.0,10305.432,154.0002256016372,-934287.8098686043
23000.0,11471.832,147.00020961495878,-962891.7012224173
23500.0,9657.432,149.00021672014918,-962889.1610371857
22000.0,3618.432,238.0000265082812,-890722.86851257
22500.0,4266.432,238.00005936978678,-890762.2410146229
23000.0,2452.0319999999997,240.0000664749772,-890759.7008293913
21500.0,3618.432,233.0000504882988,-919363.5921832043
23000.0,3861.4320000000002,236.00010510944998,-940024.0126221012
22500.0,7747.632,196.00008320177957,-887856.0372284374
23000.0,5933.232,198.00009030696998,-887853.4970432058
21500.0,7099.632,191.0000743202916,-916457.3883970188
23000.0,7342.632,194.0001289414428,-937117.8088359158
23500.0,6581.232,198.0001231684756,-887892.8695452586
22000.0,7747.632,191.00010718179718,-916496.7608990716
23500.0,7990.632,194.00016180294838,-937157.1813379686
22500.0,5933.232,193.00011428698758,-916494.22071384
24000.0,6176.232,196.0001689081388,-937154.641152737
22500.0,7342.632,189.0001529214604,-965758.53250655
23000.0,7761.132,196.00008327579198,-887856.0372284374
23500.0,5946.732,198.00009038098239,-887853.4970432058
22000.0,7113.132,191.000074394304,-916457.3883970188
23500.0,7356.132,194.00012901545517,-937117.8088359158
24000.0,6594.732,198.00012324248797,-887892.8695452586
22500.0,7761.132,191.00010725580958,-916496.7608990716
24000.0,8004.132,194.0001618769608,-937157.1813379686
23000.0,5946.732,193.000114361,-916494.22071384
24500.0,6189.732,196.0001689821512,-937154.641152737
23000.0,7356.132,189.00015299547277,-965758.53250655
24000.0,10075.931999999999,156.0001470744808,-884986.6657590731
22500.0,11242.331999999999,149.00013108780237,-913590.5571128861
24000.0,11485.332,152.00018570895358,-934250.9775517831
23000.0,9427.932,151.00013819299278,-913588.0169276545
24500.0,9670.932,154.000192814144,-934248.4373665515
23000.0,10837.332,147.0001768274656,-962852.3287203645
23500.0,10075.932,151.0001710544984,-913627.3894297073
25000.0,10318.932,154.00022567564957,-934287.8098686043
23500.0,11485.332,147.00020968897118,-962891.7012224173
24000.0,9670.932,149.0002167941616,-962889.1610371857
23000.0,7747.632,216.00008320177957,-890328.7872284374
23500.0,5933.232,218.00009030696998,-890326.2470432058
22000.0,7099.632,211.0000743202916,-918930.1383970188
23500.0,7342.632,214.0001289414428,-939590.5588359158
24000.0,6581.232,218.0001231684756,-890365.6195452586
22500.0,7747.632,211.00010718179718,-918969.5108990716
24000.0,7990.632,214.00016180294838,-939629.9313379686
23000.0,5933.232,213.00011428698758,-918966.97071384
24500.0,6176.232,216.0001689081388,-939627.391152737
23000.0,7342.632,209.0001529214604,-968231.28250655
24000.0,10062.431999999999,176.0001470004684,-887459.4157590731
22500.0,11228.831999999999,169.00013101379,-916063.3071128861
24000.0,11471.832,172.00018563494118,-936723.7275517831
23000.0,9414.432,171.00013811898037,-916060.7669276545
24500.0,9657.432,174.00019274013158,-936721.1873665515
23000.0,10823.832,167.0001767534532,-965325.0787203645
23500.0,10062.432,171.000170980486,-916100.1394297073
25000.0,10305.432,174.0002256016372,-936760.5598686043
23500.0,11471.832,167.00020961495878,-965364.4512224173
24000.0,9657.432,169.00021672014918,-965361.9110371857
24500.0,10075.931999999999,176.0001470744808,-887459.4157590731
23000.0,11242.331999999999,169.00013108780237,-916063.3071128861
24500.0,11485.332,172.00018570895358,-936723.7275517831
23500.0,9427.932,171.00013819299278,-916060.7669276545
25000.0,9670.932,174.000192814144,-936721.1873665515
23500.0,10837.332,167.0001768274656,-965325.0787203645
24000.0,10075.932,171.0001710544984,-916100.1394297073
25500.0,10318.932,174.00022567564957,-936760.5598686043
24000.0,11485.332,167.00020968897118,-965364.4512224173
24500.0,9670.932,169.0002167941616,-965361.9110371857
24000.0,13557.131999999998,129.0001948864912,-913193.9356435218
25500.0,13800.132,132.0002495076424,-933854.3560824188
24000.0,14966.532,125.00023352096399,-962458.2474362318
24500.0,13152.132000000001,127.00024062615438,-962455.7072510002
25000.0,13800.132000000001,127.00027348765998,-962495.079753053
22000.0,184.96800000000002,260.0000033216765,-891156.3222987555
22000.0,3666.1679999999997,218.00002715366932,-888250.11851257
22500.0,4314.168,218.0000600151749,-888289.4910146229
23000.0,2499.7679999999996,220.00006712036532,-888286.9508293913
21500.0,3666.1679999999997,213.00005113368692,-916890.8421832043
23000.0,3909.168,216.0001057548381,-937551.2626221012
22500.0,3679.6679999999997,218.0000272276817,-888250.11851257
23000.0,4327.668,218.00006008918731,-888289.4910146229
23500.0,2513.2679999999996,220.00006719437772,-888286.9508293913
22000.0,3679.6679999999997,213.0000512076993,-916890.8421832043
23500.0,3922.668,216.0001058288505,-937551.2626221012
23000.0,7808.8679999999995,176.0000839211801,-885383.2872284374
23500.0,5994.467999999999,178.0000910263705,-885380.7470432058
22000.0,7160.8679999999995,171.00007503969212,-913984.6383970188
23500.0,7403.868,174.0001296608433,-934645.0588359158
24000.0,6642.467999999999,178.0001238878761,-885420.1195452586
22500.0,7808.8679999999995,171.0001079011977,-914024.0108990716
24000.0,8051.868,174.00016252234892,-934684.4313379686
23000.0,5994.467999999999,173.0001150063881,-914021.47071384
24500.0,6237.468,176.00016962753932,-934681.891152737
23000.0,7403.868,169.0001536408609,-963285.78250655
22500.0,3666.1679999999997,238.00002715366932,-890722.86851257
23000.0,4314.168,238.0000600151749,-890762.2410146229
23500.0,2499.7679999999996,240.00006712036532,-890759.7008293913
22000.0,3666.1679999999997,233.00005113368692,-919363.5921832043
23500.0,3909.168,236.0001057548381,-940024.0126221012
23000.0,7795.3679999999995,196.0000838471677,-887856.0372284374
23500.0,5980.967999999999,198.0000909523581,-887853.4970432058
22000.0,7147.3679999999995,191.00007496567972,-916457.3883970188
23500.0,7390.368,194.00012958683092,-937117.8088359158
24000.0,6628.967999999999,198.00012381386372,-887892.8695452586
22500.0,7795.3679999999995,191.0001078271853,-916496.7608990716
24000.0,8038.368,194.0001624483365,-937157.1813379686
23000.0,5980.967999999999,193.0001149323757,-916494.22071384
24500.0,6223.968,196.00016955352692,-937154.641152737
23000.0,7390.368,189.00015356684852,-965758.53250655
23500.0,7808.8679999999995,196.0000839211801,-887856.0372284374
24000.0,5994.467999999999,198.0000910263705,-887853.4970432058
22500.0,7160.8679999999995,191.00007503969212,-916457.3883970188
24000.0,7403.868,194.0001296608433,-937117.8088359158
24500.0,6642.467999999999,198.0001238878761,-887892.8695452586
23000.0,7808.8679999999995,191.0001079011977,-916496.7608990716
24500.0,8051.868,194.00016252234892,-937157.1813379686
23500.0,5994.467999999999,193.0001150063881,-916494.22071384
25000.0,6237.468,196.00016962753932,-937154.641152737
23500.0,7403.868,189.0001536408609,-965758.53250655
24500.0,10123.668,156.00014771986892,-884986.6657590731
23000.0,11290.068,149.0001317331905,-913590.5571128861
24500.0,11533.068,152.0001863543417,-934250.9775517831
23500.0,9475.667999999998,151.0001388383809,-913588.0169276545
25000.0,9718.668,154.0001934595321,-934248.4373665515
23500.0,10885.068,147.00017747285372,-962852.3287203645
24000.0,10123.667999999998,151.00017169988652,-913627.3894297073
25500.0,10366.668,154.0002263210377,-934287.8098686043
24000.0,11533.068,147.0002103343593,-962891.7012224173
24500.0,9718.668,149.00021743954971,-962889.1610371857
23000.0,3679.6679999999997,238.0000272276817,-890722.86851257
23500.0,4327.668,238.00006008918731,-890762.2410146229
24000.0,2513.2679999999996,240.00006719437772,-890759.7008293913
22500.0,3679.6679999999997,233.0000512076993,-919363.5921832043
24000.0,3922.668,236.0001058288505,-940024.0126221012
23500.0,7808.8679999999995,196.0000839211801,-887856.0372284374
24000.0,5994.467999999999,198.0000910263705,-887853.4970432058
22500.0,7160.8679999999995,191.00007503969212,-916457.3883970188
24000.0,7403.868,194.0001296608433,-937117.8088359158
24500.0,6642.467999999999,198.0001238878761,-887892.8695452586
23000.0,7808.8679999999995,191.0001079011977,-916496.7608990716
24500.0,8051.868,194.00016252234892,-937157.1813379686
23500.0,5994.467999999999,193.0001150063881,-916494.22071384
25000.0,6237.468,196.00016962753932,-937154.641152737
23500.0,7403.868,189.0001536408609,-965758.53250655
24000.0,7822.3679999999995,196.0000839951925,-887856.0372284374
24500.0,6007.967999999999,198.00009110038292,-887853.4970432058
23000.0,7174.3679999999995,191.00007511370453,-916457.3883970188
24500.0,7417.368,194.0001297348557,-937117.8088359158
25000.0,6655.967999999999,198.0001239618885,-887892.8695452586
23500.0,7822.3679999999995,191.0001079752101,-916496.7608990716
25000.0,8065.368,194.00016259636132,-937157.1813379686
24000.0,6007.967999999999,193.00011508040052,-916494.22071384
25500.0,6250.968,196.0001697015517,-937154.641152737
24000.0,7417.368,189.0001537148733,-965758.53250655
25000.0,10137.168,156.00014779388133,-884986.6657590731
23500.0,11303.568,149.0001318072029,-913590.5571128861
25000.0,11546.568,152.0001864283541,-934250.9775517831
24000.0,9489.167999999998,151.0001389123933,-913588.0169276545
25500.0,9732.168,154.00019353354452,-934248.4373665515
24000.0,10898.568,147.0001775468661,-962852.3287203645
24500.0,10137.167999999998,151.0001717738989,-913627.3894297073
26000.0,10380.168,154.0002263950501,-934287.8098686043
24500.0,11546.568,147.00021040837171,-962891.7012224173
25000.0,9732.168,149.00021751356212,-962889.1610371857
24000.0,7808.8679999999995,216.0000839211801,-890328.7872284374
24500.0,5994.467999999999,218.0000910263705,-890326.2470432058
23000.0,7160.8679999999995,211.00007503969212,-918930.1383970188
24500.0,7403.868,214.0001296608433,-939590.5588359158
25000.0,6642.467999999999,218.0001238878761,-890365.6195452586
23500.0,7808.8679999999995,211.0001079011977,-918969.5108990716
25000.0,8051.868,214.00016252234892,-939629.9313379686
24000.0,5994.467999999999,213.0001150063881,-918966.97071384
25500.0,6237.468,216.00016962753932,-939627.391152737
24000.0,7403.868,209.0001536408609,-968231.28250655
25000.0,10123.668,176.00014771986892,-887459.4157590731
23500.0,11290.068,169.0001317331905,-916063.3071128861
25000.0,11533.068,172.0001863543417,-936723.7275517831
24000.0,9475.667999999998,171.0001388383809,-916060.7669276545
25500.0,9718.668,174.0001934595321,-936721.1873665515
24000.0,10885.068,167.00017747285372,-965325.0787203645
24500.0,10123.667999999998,171.00017169988652,-916100.1394297073
26000.0,10366.668,174.0002263210377,-936760.5598686043
24500.0,11533.068,167.0002103343593,-965364.4512224173
25000.0,9718.668,169.00021743954971,-965361.9110371857
25500.0,10137.168,176.00014779388133,-887459.4157590731
24000.0,11303.568,169.0001318072029,-916063.3071128861
25500.0,11546.568,172.0001864283541,-936723.7275517831
24500.0,9489.167999999998,171.0001389123933,-916060.7669276545
26000.0,9732.168,174.00019353354452,-936721.1873665515
24500.0,10898.568,167.0001775468661,-965325.0787203645
25000.0,10137.167999999998,171.0001717738989,-916100.1394297073
26500.0,10380.168,174.0002263950501,-936760.5598686043
25000.0,11546.568,167.00021040837171,-965364.4512224173
25500.0,9732.168,169.00021751356212,-965361.9110371857
25000.0,13618.367999999999,129.00019560589172,-913193.9356435218
26500.0,13861.368,132.00025022704293,-933854.3560824188
25000.0,15027.768,125.0002342403645,-962458.2474362318
25500.0,13213.367999999999,127.00024134555491,-962455.7072510002
26000.0,13861.367999999999,127.00027420706051,-962495.079753053
8000.0,3544.2,168.000024424092,-7338.046213814484
8500.0,4192.2,168.0000572855976,-7377.418715867371
9000.0,2377.7999999999997,170.000064390788,-7374.878530635694
7500.0,3544.2,163.0000484041096,-35978.76988444874
9000.0,3787.2000000000003,166.0001030252608,-56639.19032334568
8500.0,7673.4,126.0000811175904,-4471.214929681855
9000.0,5859.0,128.0000882227808,-4468.674744450178
7500.0,7025.4,121.0000722361024,-33072.566098263225
9000.0,7268.4,124.0001268572536,-53732.98653716017
9500.0,6507.0,128.0001210842864,-4508.047246503065
8000.0,7673.4,121.000105097608,-33111.93860031611
9500.0,7916.4,124.0001597187592,-53772.35903921306
8500.0,5859.0,123.0001122027984,-33109.39841508443
10000.0,6102.0,126.0001668239496,-53769.81885398138
8500.0,7268.4,119.0001508372712,-82373.71020779441
9000.0,7686.9,126.0000811916028,-4471.214929681855
9500.0,5872.5,128.0000882967932,-4468.674744450178
8000.0,7038.9,121.0000723101148,-33072.566098263225
9500.0,7281.9,124.000126931266,-53732.98653716017
10000.0,6520.5,128.0001211582988,-4508.047246503065
8500.0,7686.9,121.0001051716204,-33111.93860031611
10000.0,7929.9,124.0001597927716,-53772.35903921306
9000.0,5872.5,123.0001122768108,-33109.39841508443
10500.0,6115.5,126.000166897962,-53769.81885398138
9000.0,7281.9,119.0001509112836,-82373.71020779441
10000.0,10001.699999999999,86.0001449902916,-1601.843460317548
8500.0,11168.099999999999,79.0001290036132,-30205.734814130592
10000.0,11411.1,82.0001836247644,-50866.15525302754
9000.0,9353.7,81.0001361088036,-30203.194628898917
10500.0,9596.7,84.0001907299548,-50863.61506779586
9000.0,10763.1,77.0001747432764,-79467.50642160891
9500.0,10001.7,81.0001689703092,-30242.567130951804
11000.0,10244.7,84.0002235914604,-50902.987569848745
9500.0,11411.1,77.000207604782,-79506.87892366179
10000.0,9596.7,79.0002147099724,-79504.33873843012
9000.0,7673.4,146.0000811175904,-6943.964929681855
9500.0,5859.0,148.0000882227808,-6941.424744450178
8000.0,7025.4,141.0000722361024,-35545.316098263225
9500.0,7268.4,144.0001268572536,-56205.73653716017
10000.0,6507.0,148.0001210842864,-6980.797246503065
8500.0,7673.4,141.000105097608,-35584.68860031611
10000.0,7916.4,144.0001597187592,-56245.10903921306
9000.0,5859.0,143.0001122027984,-35582.14841508443
10500.0,6102.0,146.0001668239496,-56242.56885398138
9000.0,7268.4,139.0001508372712,-84846.46020779441
10000.0,9988.199999999999,106.0001449162792,-4074.5934603175483
8500.0,11154.599999999999,99.0001289296008,-32678.484814130592
10000.0,11397.6,102.000183550752,-53338.90525302754
9000.0,9340.2,101.0001360347912,-32675.944628898917
10500.0,9583.2,104.0001906559424,-53336.36506779586
9000.0,10749.6,97.000174669264,-81940.25642160891
9500.0,9988.2,101.0001688962968,-32715.317130951804
11000.0,10231.2,104.000223517448,-53375.737569848745
9500.0,11397.6,97.0002075307696,-81979.62892366179
10000.0,9583.2,99.00021463596,-81977.08873843012
10500.0,10001.699999999999,106.0001449902916,-4074.5934603175483
9000.0,11168.099999999999,99.0001290036132,-32678.484814130592
10500.0,11411.1,102.0001836247644,-53338.90525302754
9500.0,9353.7,101.0001361088036,-32675.944628898917
11000.0,9596.7,104.0001907299548,-53336.36506779586
9500.0,10763.1,97.0001747432764,-81940.25642160891
10000.0,10001.7,101.0001689703092,-32715.317130951804
11500.0,10244.7,104.0002235914604,-53375.737569848745
10000.0,11411.1,97.000207604782,-81979.62892366179
10500.0,9596.7,99.0002147099724,-81977.08873843012
10000.0,13482.899999999998,59.000192802302,-29809.113344766287
11500.0,13725.9,62.0002474234532,-50469.53378366323
10000.0,14892.3,55.0002314367748,-79073.42513747627
10500.0,13077.900000000001,57.0002385419652,-79070.8849522446
11000.0,13725.900000000001,57.0002714034708,-79110.25745429749
9500.0,7686.9,146.0000811916028,-6943.964929681855
10000.0,5872.5,148.0000882967932,-6941.424744450178
8500.0,7038.9,141.0000723101148,-35545.316098263225
10000.0,7281.9,144.000126931266,-56205.73653716017
10500.0,6520.5,148.0001211582988,-6980.797246503065
9000.0,7686.9,141.0001051716204,-35584.68860031611
10500.0,7929.9,144.0001597927716,-56245.10903921306
9500.0,5872.5,143.0001122768108,-35582.14841508443
11000.0,6115.5,146.000166897962,-56242.56885398138
9500.0,7281.9,139.0001509112836,-84846.46020779441
10500.0,10001.699999999999,106.0001449902916,-4074.5934603175483
9000.0,11168.099999999999,99.0001290036132,-32678.484814130592
10500.0,11411.1,102.0001836247644,-53338.90525302754
9500.0,9353.7,101.0001361088036,-32675.944628898917
11000.0,9596.7,104.0001907299548,-53336.36506779586
9500.0,10763.1,97.0001747432764,-81940.25642160891
10000.0,10001.7,101.0001689703092,-32715.317130951804
11500.0,10244.7,104.0002235914604,-53375.737569848745
10000.0,11411.1,97.000207604782,-81979.62892366179
10500.0,9596.7,99.0002147099724,-81977.08873843012
11000.0,10015.199999999999,106.000145064304,-4074.5934603175483
9500.0,11181.599999999999,99.0001290776256,-32678.484814130592
11000.0,11424.6,102.0001836987768,-53338.90525302754
10000.0,9367.2,101.000136182816,-32675.944628898917
11500.0,9610.2,104.0001908039672,-53336.36506779586
10000.0,10776.6,97.0001748172888,-81940.25642160891
10500.0,10015.2,101.0001690443216,-32715.317130951804
12000.0,10258.2,104.0002236654728,-53375.737569848745
10500.0,11424.6,97.0002076787944,-81979.62892366179
11000.0,9610.2,99.0002147839848,-81977.08873843012
10500.0,13496.399999999998,59.0001928763144,-29809.113344766287
12000.0,13739.4,62.0002474974656,-50469.53378366323
10500.0,14905.8,55.0002315107872,-79073.42513747627
11000.0,13091.400000000001,57.0002386159776,-79070.8849522446
11500.0,13739.400000000001,57.0002714774832,-79110.25745429749
11000.0,10001.699999999999,126.0001449902916,-9020.093460317546
9500.0,11168.099999999999,119.0001290036132,-37623.98481413059
11000.0,11411.1,122.0001836247644,-58284.40525302754
10000.0,9353.7,121.0001361088036,-37621.44462889891
11500.0,9596.7,124.0001907299548,-58281.86506779586
10000.0,10763.1,117.0001747432764,-86885.75642160891
10500.0,10001.7,121.0001689703092,-37660.8171309518
12000.0,10244.7,124.0002235914604,-58321.237569848745
10500.0,11411.1,117.000207604782,-86925.12892366179
11000.0,9596.7,119.0002147099724,-86922.58873843012
10500.0,13482.899999999998,79.000192802302,-34754.61334476629
12000.0,13725.9,82.0002474234532,-55415.03378366323
10500.0,14892.3,75.0002314367748,-84018.92513747627
11000.0,13077.900000000001,77.0002385419652,-84016.3849522446
11500.0,13725.900000000001,77.0002714034708,-84055.75745429749
11000.0,13496.399999999998,79.0001928763144,-34754.61334476629
12500.0,13739.4,82.0002474974656,-55415.03378366323
11000.0,14905.8,75.0002315107872,-84018.92513747627
11500.0,13091.400000000001,77.0002386159776,-84016.3849522446
12000.0,13739.400000000001,77.0002714774832,-84055.75745429749
12000.0,17220.6,35.000295309476,-78243.34988192645
55500.0,334.95000000000005,420.0000074165359,-885268.8222987555
55500.0,321.45000000000005,440.0000073425235,-887741.5722987555
56000.0,334.95000000000005,440.0000074165359,-887741.5722987555
56000.0,3816.1499999999996,398.00003124852867,-884835.36851257
56500.0,4464.15,398.0000641100343,-884874.7410146229
57000.0,2649.75,400.0000712152247,-884872.2008293913
55500.0,3816.1499999999996,393.0000552285463,-913476.0921832043
57000.0,4059.1500000000005,396.0001098496975,-934136.5126221012
56000.0,334.95000000000005,440.0000074165359,-887741.5722987555
56500.0,348.45000000000005,440.0000074905483,-887741.5722987555
56500.0,3829.6499999999996,398.0000313225411,-884835.36851257
57000.0,4477.65,398.0000641840467,-884874.7410146229
57500.0,2663.25,400.0000712892371,-884872.2008293913
56000.0,3829.6499999999996,393.0000553025587,-913476.0921832043
57500.0,4072.6500000000005,396.0001099237099,-934136.5126221012
56500.0,334.95000000000005,460.0000074165359,-890214.3222987555
56500.0,3816.1499999999996,418.00003124852867,-887308.11851257
57000.0,4464.15,418.0000641100343,-887347.4910146229
57500.0,2649.75,420.0000712152247,-887344.9508293913
56000.0,3816.1499999999996,413.0000552285463,-915948.8421832043
57500.0,4059.1500000000005,416.0001098496975,-936609.2626221012
57000.0,3829.6499999999996,418.0000313225411,-887308.11851257
57500.0,4477.65,418.0000641840467,-887347.4910146229
58000.0,2663.25,420.0000712892371,-887344.9508293913
56500.0,3829.6499999999996,413.0000553025587,-915948.8421832043
58000.0,4072.6500000000005,416.0001099237099,-936609.2626221012
57500.0,7958.849999999999,376.0000880160395,-884441.2872284374
58000.0,6144.449999999999,378.0000951212299,-884438.7470432058
56500.0,7310.849999999999,371.00007913455147,-913042.6383970188
58000.0,7553.85,374.0001337557027,-933703.0588359158
58500.0,6792.449999999999,378.0001279827355,-884478.1195452586
57000.0,7958.849999999999,371.0001119960571,-913082.0108990716
58500.0,8201.85,374.0001666172083,-933742.4313379686
57500.0,6144.45,373.0001191012475,-913079.47071384
59000.0,6387.450000000001,376.0001737223987,-933739.891152737
57500.0,7553.85,369.0001577357203,-962343.78250655
41000.0,199.482,370.00000461294616,-888212.5722987555
41500.0,212.982,370.00000468695856,-888212.5722987555
41500.0,3694.182,328.0000285189514,-885306.36851257
42000.0,4342.182,328.000061380457,-885345.7410146229
42500.0,2527.7819999999997,330.0000684856474,-885343.2008293913
41000.0,3694.182,323.000052498969,-913947.0921832043
42500.0,3937.1820000000002,326.00010712012016,-934607.5126221012
41500.0,199.482,390.00000461294616,-890685.3222987555
41500.0,3680.682,348.000028444939,-887779.11851257
42000.0,4328.682,348.0000613064446,-887818.4910146229
42500.0,2514.2819999999997,350.00006841163497,-887815.9508293913
41000.0,3680.682,343.0000524249566,-916419.8421832043
42500.0,3923.6820000000002,346.00010704610776,-937080.2626221012
42000.0,3694.182,348.0000285189514,-887779.11851257
42500.0,4342.182,348.000061380457,-887818.4910146229
43000.0,2527.7819999999997,350.0000684856474,-887815.9508293913
41500.0,3694.182,343.000052498969,-916419.8421832043
43000.0,3937.1820000000002,346.00010712012016,-937080.2626221012
42500.0,7823.382,306.0000852124498,-884912.2872284374
43000.0,6008.982,308.00009231764017,-884909.7470432058
41500.0,7175.382,301.0000763309618,-913513.6383970188
43000.0,7418.382,304.000130952113,-934174.0588359158
43500.0,6656.982,308.0001251791458,-884949.1195452586
42000.0,7823.382,301.0001091924674,-913553.0108990716
43500.0,8066.382,304.0001638136186,-934213.4313379686
42500.0,6008.982,303.00011629765777,-913550.47071384
44000.0,6251.982,306.000170918809,-934210.891152737
42500.0,7418.382,299.00015493213056,-962814.78250655
42000.0,212.982,390.00000468695856,-890685.3222987555
42000.0,3694.182,348.0000285189514,-887779.11851257
42500.0,4342.182,348.000061380457,-887818.4910146229
43000.0,2527.7819999999997,350.0000684856474,-887815.9508293913
41500.0,3694.182,343.000052498969,-916419.8421832043
43000.0,3937.1820000000002,346.00010712012016,-937080.2626221012
42500.0,3707.682,348.00002859296376,-887779.11851257
43000.0,4355.682,348.0000614544694,-887818.4910146229
43500.0,2541.2819999999997,350.0000685596598,-887815.9508293913
42000.0,3707.682,343.00005257298136,-916419.8421832043
43500.0,3950.6820000000002,346.00010719413257,-937080.2626221012
43000.0,7836.882,306.0000852864622,-884912.2872284374
43500.0,6022.482,308.0000923916526,-884909.7470432058
42000.0,7188.882,301.0000764049742,-913513.6383970188
43500.0,7431.882,304.00013102612536,-934174.0588359158
44000.0,6670.482,308.00012525315816,-884949.1195452586
42500.0,7836.882,301.0001092664798,-913553.0108990716
44000.0,8079.882,304.000163887631,-934213.4313379686
43000.0,6022.482,303.0001163716702,-913550.47071384
44500.0,6265.482,306.0001709928214,-934210.891152737
43000.0,7431.882,299.00015500614296,-962814.78250655
42500.0,3694.182,368.0000285189514,-890251.86851257
43000.0,4342.182,368.000061380457,-890291.2410146229
43500.0,2527.7819999999997,370.0000684856474,-890288.7008293913
42000.0,3694.182,363.000052498969,-918892.5921832043
43500.0,3937.1820000000002,366.00010712012016,-939553.0126221012
43000.0,7823.382,326.0000852124498,-887385.0372284374
43500.0,6008.982,328.00009231764017,-887382.4970432058
42000.0,7175.382,321.0000763309618,-915986.3883970188
43500.0,7418.382,324.000130952113,-936646.8088359158
44000.0,6656.982,328.0001251791458,-887421.8695452586
42500.0,7823.382,321.0001091924674,-916025.7608990716
44000.0,8066.382,324.0001638136186,-936686.1813379686
43000.0,6008.982,323.00011629765777,-916023.22071384
44500.0,6251.982,326.000170918809,-936683.641152737
43000.0,7418.382,319.00015493213056,-965287.53250655
43500.0,7836.882,326.0000852864622,-887385.0372284374
44000.0,6022.482,328.0000923916526,-887382.4970432058
42500.0,7188.882,321.0000764049742,-915986.3883970188
44000.0,7431.882,324.00013102612536,-936646.8088359158
44500.0,6670.482,328.00012525315816,-887421.8695452586
43000.0,7836.882,321.0001092664798,-916025.7608990716
44500.0,8079.882,324.000163887631,-936686.1813379686
43500.0,6022.482,323.0001163716702,-916023.22071384
45000.0,6265.482,326.0001709928214,-936683.641152737
43500.0,7431.882,319.00015500614296,-965287.53250655
44500.0,10151.681999999999,286.000149085151,-884515.6657590731
43000.0,11318.081999999999,279.0001330984726,-913119.5571128861
44500.0,11561.082,282.0001877196238,-933779.9775517831
43500.0,9503.682,281.00014020366297,-913117.0169276545
45000.0,9746.682,284.0001948248142,-933777.4373665515
43500.0,10913.082,277.0001788381358,-962381.3287203645
44000.0,10151.682,281.0001730651686,-913156.3894297073
45500.0,10394.682,284.00022768631976,-933816.8098686043
44000.0,11561.082,277.0002116996414,-962420.7012224173
44500.0,9746.682,279.0002188048318,-962418.1610371857
42000.0,260.718,370.0000053323467,-888212.5722987555
42500.0,274.218,370.0000054063591,-888212.5722987555
42500.0,3755.4179999999997,328.0000292383519,-885306.36851257
43000.0,4403.418,328.00006209985753,-885345.7410146229
43500.0,2589.0179999999996,330.0000692050479,-885343.2008293913
42000.0,3755.4179999999997,323.0000532183695,-913947.0921832043
43500.0,3998.418,326.0001078395207,-934607.5126221012
42500.0,260.718,390.0000053323467,-890685.3222987555
42500.0,3741.9179999999997,348.00002916433954,-887779.11851257
43000.0,4389.918,348.0000620258451,-887818.4910146229
43500.0,2575.5179999999996,350.0000691310355,-887815.9508293913
42000.0,3741.9179999999997,343.00005314435714,-916419.8421832043
43500.0,3984.918,346.0001077655083,-937080.2626221012
43000.0,3755.4179999999997,348.0000292383519,-887779.11851257
43500.0,4403.418,348.00006209985753,-887818.4910146229
44000.0,2589.0179999999996,350.0000692050479,-887815.9508293913
42500.0,3755.4179999999997,343.0000532183695,-916419.8421832043
44000.0,3998.418,346.0001078395207,-937080.2626221012
43500.0,7884.6179999999995,306.0000859318503,-884912.2872284374
44000.0,6070.217999999999,308.0000930370407,-884909.7470432058
42500.0,7236.6179999999995,301.00007705036234,-913513.6383970188
44000.0,7479.618,304.0001316715135,-934174.0588359158
44500.0,6718.217999999999,308.0001258985463,-884949.1195452586
43000.0,7884.6179999999995,301.0001099118679,-913553.0108990716
44500.0,8127.618,304.00016453301913,-934213.4313379686
43500.0,6070.217999999999,303.0001170170583,-913550.47071384
45000.0,6313.218,306.0001716382095,-934210.891152737
43500.0,7479.618,299.0001556515311,-962814.78250655
43000.0,274.218,390.0000054063591,-890685.3222987555
43000.0,3755.4179999999997,348.0000292383519,-887779.11851257
43500.0,4403.418,348.00006209985753,-887818.4910146229
44000.0,2589.0179999999996,350.0000692050479,-887815.9508293913
42500.0,3755.4179999999997,343.0000532183695,-916419.8421832043
44000.0,3998.418,346.0001078395207,-937080.2626221012
43500.0,3768.9179999999997,348.0000293123643,-887779.11851257
44000.0,4416.918,348.00006217386994,-887818.4910146229
44500.0,2602.5179999999996,350.0000692790603,-887815.9508293913
43000.0,3768.9179999999997,343.0000532923819,-916419.8421832043
44500.0,4011.918,346.0001079135331,-937080.2626221012
44000.0,7898.1179999999995,306.0000860058627,-884912.2872284374
44500.0,6083.717999999999,308.0000931110531,-884909.7470432058
43000.0,7250.1179999999995,301.0000771243747,-913513.6383970188
44500.0,7493.118,304.0001317455259,-934174.0588359158
45000.0,6731.717999999999,308.0001259725587,-884949.1195452586
43500.0,7898.1179999999995,301.00010998588033,-913553.0108990716
45000.0,8141.118,304.00016460703154,-934213.4313379686
44000.0,6083.717999999999,303.0001170910707,-913550.47071384
45500.0,6326.718,306.0001717122219,-934210.891152737
44000.0,7493.118,299.0001557255435,-962814.78250655
43500.0,3755.4179999999997,368.0000292383519,-890251.86851257
44000.0,4403.418,368.00006209985753,-890291.2410146229
44500.0,2589.0179999999996,370.0000692050479,-890288.7008293913
43000.0,3755.4179999999997,363.0000532183695,-918892.5921832043
44500.0,3998.418,366.0001078395207,-939553.0126221012
44000.0,7884.6179999999995,326.0000859318503,-887385.0372284374
44500.0,6070.217999999999,328.0000930370407,-887382.4970432058
43000.0,7236.6179999999995,321.00007705036234,-915986.3883970188
44500.0,7479.618,324.0001316715135,-936646.8088359158
45000.0,6718.217999999999,328.0001258985463,-887421.8695452586
43500.0,7884.6179999999995,321.0001099118679,-916025.7608990716
45000.0,8127.618,324.00016453301913,-936686.1813379686
44000.0,6070.217999999999,323.0001170170583,-916023.22071384
45500.0,6313.218,326.0001716382095,-936683.641152737
44000.0,7479.618,319.0001556515311,-965287.53250655
44500.0,7898.1179999999995,326.0000860058627,-887385.0372284374
45000.0,6083.717999999999,328.0000931110531,-887382.4970432058
43500.0,7250.1179999999995,321.0000771243747,-915986.3883970188
45000.0,7493.118,324.0001317455259,-936646.8088359158
45500.0,6731.717999999999,328.0001259725587,-887421.8695452586
44000.0,7898.1179999999995,321.00010998588033,-916025.7608990716
45500.0,8141.118,324.00016460703154,-936686.1813379686
44500.0,6083.717999999999,323.0001170910707,-916023.22071384
46000.0,6326.718,326.0001717122219,-936683.641152737
44500.0,7493.118,319.0001557255435,-965287.53250655
45500.0,10212.918,286.0001498045515,-884515.6657590731
44000.0,11379.318,279.0001338178731,-913119.5571128861
45500.0,11622.318,282.0001884390243,-933779.9775517831
44500.0,9564.917999999998,281.0001409230635,-913117.0169276545
46000.0,9807.918,284.0001955442147,-933777.4373665515
44500.0,10974.318,277.0001795575363,-962381.3287203645
45000.0,10212.917999999998,281.0001737845691,-913156.3894297073
46500.0,10455.918,284.0002284057203,-933816.8098686043
45000.0,11622.318,277.00021241904193,-962420.7012224173
45500.0,9807.918,279.0002195242323,-962418.1610371857
28000.0,138.75,320.0000026027694,-519405.62879532785
28000.0,3619.95,278.0000264347622,-516499.4250091423
28500.0,4267.95,278.0000592962678,-516538.79751119524
29000.0,2453.5499999999997,280.0000664014582,-516536.2573259635
27500.0,3619.95,273.0000504147798,-545140.1486797766
29000.0,3862.9500000000003,276.000105035931,-565800.5691186736
28500.0,3633.45,278.0000265087746,-516499.4250091423
29000.0,4281.45,278.0000593702802,-516538.79751119524
29500.0,2467.0499999999997,280.0000664754706,-516536.2573259635
28000.0,3633.45,273.0000504887922,-545140.1486797766
29500.0,3876.4500000000003,276.0001051099434,-565800.5691186736
29000.0,7762.65,236.000083202273,-513632.5937250097
29500.0,5948.25,238.0000903074634,-513630.053539778
28000.0,7114.65,231.000074320785,-542233.9448935911
29500.0,7357.65,234.0001289419362,-562894.365332488
30000.0,6596.25,238.000123168969,-513669.4260418309
28500.0,7762.65,231.0001071822906,-542273.317395644
30000.0,8005.65,234.0001618034418,-562933.7378345409
29000.0,5948.25,233.000114287481,-542270.7772104123
30500.0,6191.25,236.0001689086322,-562931.1976493092
29000.0,7357.65,229.0001529219538,-591535.0890031223
28500.0,3619.95,298.0000264347622,-518972.1750091423
29000.0,4267.95,298.0000592962678,-519011.54751119524
29500.0,2453.5499999999997,300.0000664014582,-519009.0073259635
28000.0,3619.95,293.0000504147798,-547612.8986797766
29500.0,3862.9500000000003,296.000105035931,-568273.3191186736
29000.0,7749.15,256.0000831282606,-516105.3437250097
29500.0,5934.75,258.000090233451,-516102.803539778
28000.0,7101.15,251.0000742467726,-544706.6948935911
29500.0,7344.15,254.0001288679238,-565367.115332488
30000.0,6582.75,258.0001230949566,-516142.1760418309
28500.0,7749.15,251.0001071082782,-544746.067395644
30000.0,7992.15,254.0001617294294,-565406.4878345409
29000.0,5934.75,253.0001142134686,-544743.5272104123
30500.0,6177.75,256.0001688346198,-565403.9476493092
29000.0,7344.15,249.0001528479414,-594007.8390031223
29500.0,7762.65,256.000083202273,-516105.3437250097
30000.0,5948.25,258.0000903074634,-516102.803539778
28500.0,7114.65,251.000074320785,-544706.6948935911
30000.0,7357.65,254.0001289419362,-565367.115332488
30500.0,6596.25,258.000123168969,-516142.1760418309
29000.0,7762.65,251.0001071822906,-544746.067395644
30500.0,8005.65,254.0001618034418,-565406.4878345409
29500.0,5948.25,253.000114287481,-544743.5272104123
31000.0,6191.25,256.0001689086322,-565403.9476493092
29500.0,7357.65,249.0001529219538,-594007.8390031223
30500.0,10077.449999999999,216.0001470009618,-513235.9722556454
29000.0,11243.849999999999,209.0001310142834,-541839.8636094584
30500.0,11486.85,212.0001856354346,-562500.2840483554
29500.0,9429.45,211.0001381194738,-541837.3234242267
31000.0,9672.45,214.000192740625,-562497.7438631237
29500.0,10838.85,207.0001767539466,-591101.6352169368
30000.0,10077.45,211.0001709809794,-541876.6959262796
31500.0,10320.45,214.0002256021306,-562537.1163651766
30000.0,11486.85,207.0002096154522,-591141.0077189897
30500.0,9672.45,209.0002167206426,-591138.467533758
29000.0,3633.45,298.0000265087746,-518972.1750091423
29500.0,4281.45,298.0000593702802,-519011.54751119524
30000.0,2467.0499999999997,300.0000664754706,-519009.0073259635
28500.0,3633.45,293.0000504887922,-547612.8986797766
30000.0,3876.4500000000003,296.0001051099434,-568273.3191186736
29500.0,7762.65,256.000083202273,-516105.3437250097
30000.0,5948.25,258.0000903074634,-516102.803539778
28500.0,7114.65,251.000074320785,-544706.6948935911
30000.0,7357.65,254.0001289419362,-565367.115332488
30500.0,6596.25,258.000123168969,-516142.1760418309
29000.0,7762.65,251.0001071822906,-544746.067395644
30500.0,8005.65,254.0001618034418,-565406.4878345409
29500.0,5948.25,253.000114287481,-544743.5272104123
31000.0,6191.25,256.0001689086322,-565403.9476493092
29500.0,7357.65,249.0001529219538,-594007.8390031223
30000.0,7776.15,256.0000832762854,-516105.3437250097
30500.0,5961.75,258.0000903814758,-516102.803539778
29000.0,7128.15,251.0000743947974,-544706.6948935911
30500.0,7371.15,254.0001290159486,-565367.115332488
31000.0,6609.75,258.0001232429814,-516142.1760418309
29500.0,7776.15,251.000107256303,-544746.067395644
31000.0,8019.15,254.0001618774542,-565406.4878345409
30000.0,5961.75,253.0001143614934,-544743.5272104123
31500.0,6204.75,256.0001689826446,-565403.9476493092
30000.0,7371.15,249.0001529959662,-594007.8390031223
31000.0,10090.949999999999,216.0001470749742,-513235.9722556454
29500.0,11257.349999999999,209.0001310882958,-541839.8636094584
31000.0,11500.35,212.000185709447,-562500.2840483554
30000.0,9442.95,211.0001381934862,-541837.3234242267
31500.0,9685.95,214.0001928146374,-562497.7438631237
30000.0,10852.35,207.000176827959,-591101.6352169368
30500.0,10090.95,211.0001710549918,-541876.6959262796
32000.0,10333.95,214.000225676143,-562537.1163651766
30500.0,11500.35,207.0002096894646,-591141.0077189897
31000.0,9685.95,209.000216794655,-591138.467533758
30000.0,7762.65,276.000083202273,-518578.0937250097
30500.0,5948.25,278.0000903074634,-518575.553539778
29000.0,7114.65,271.000074320785,-547179.4448935911
30500.0,7357.65,274.0001289419362,-567839.865332488
31000.0,6596.25,278.000123168969,-518614.9260418309
29500.0,7762.65,271.0001071822906,-547218.817395644
31000.0,8005.65,274.0001618034418,-567879.2378345409
30000.0,5948.25,273.000114287481,-547216.2772104123
31500.0,6191.25,276.0001689086322,-567876.6976493092
30000.0,7357.65,269.0001529219538,-596480.5890031223
31000.0,10077.449999999999,236.0001470009618,-515708.7222556454
29500.0,11243.849999999999,229.0001310142834,-544312.6136094584
31000.0,11486.85,232.0001856354346,-564973.0340483554
30000.0,9429.45,231.0001381194738,-544310.0734242267
31500.0,9672.45,234.000192740625,-564970.4938631237
30000.0,10838.85,227.0001767539466,-593574.3852169368
30500.0,10077.45,231.0001709809794,-544349.4459262796
32000.0,10320.45,234.0002256021306,-565009.8663651766
30500.0,11486.85,227.0002096154522,-593613.7577189897
31000.0,9672.45,229.0002167206426,-593611.217533758
31500.0,10090.949999999999,236.0001470749742,-515708.7222556454
30000.0,11257.349999999999,229.0001310882958,-544312.6136094584
31500.0,11500.35,232.000185709447,-564973.0340483554
30500.0,9442.95,231.0001381934862,-544310.0734242267
32000.0,9685.95,234.0001928146374,-564970.4938631237
30500.0,10852.35,227.000176827959,-593574.3852169368
31000.0,10090.95,231.0001710549918,-544349.4459262796
32500.0,10333.95,234.000225676143,-565009.8663651766
31000.0,11500.35,227.0002096894646,-593613.7577189897
31500.0,9685.95,229.000216794655,-593611.217533758
31000.0,13572.149999999998,189.0001948869846,-541443.2421400942
32500.0,13815.15,192.0002495081358,-562103.662578991
31000.0,14981.55,185.0002335214574,-590707.5539328041
31500.0,13167.150000000001,187.0002406266478,-590705.0137475724
32000.0,13815.150000000001,187.0002734881534,-590744.3862496254
45000.0,279.45000000000005,390.0000062570083,-888212.5722987555
45500.0,292.95000000000005,390.0000063310207,-888212.5722987555
45500.0,3774.1499999999996,348.0000301630135,-885306.36851257
46000.0,4422.15,348.0000630245191,-885345.7410146229
46500.0,2607.75,350.0000701297095,-885343.2008293913
45000.0,3774.1499999999996,343.0000541430311,-913947.0921832043
46500.0,4017.1500000000005,346.0001087641823,-934607.5126221012
45500.0,279.45000000000005,410.0000062570083,-890685.3222987555
45500.0,3760.6499999999996,368.0000300890011,-887779.11851257
46000.0,4408.65,368.0000629505067,-887818.4910146229
46500.0,2594.25,370.0000700556971,-887815.9508293913
45000.0,3760.6499999999996,363.0000540690187,-916419.8421832043
46500.0,4003.6500000000005,366.0001086901699,-937080.2626221012
46000.0,3774.1499999999996,368.0000301630135,-887779.11851257
46500.0,4422.15,368.0000630245191,-887818.4910146229
47000.0,2607.75,370.0000701297095,-887815.9508293913
45500.0,3774.1499999999996,363.0000541430311,-916419.8421832043
47000.0,4017.1500000000005,366.0001087641823,-937080.2626221012
46500.0,7903.349999999999,326.00008685651187,-884912.2872284374
47000.0,6088.949999999999,328.0000939617023,-884909.7470432058
45500.0,7255.349999999999,321.0000779750239,-913513.6383970188
47000.0,7498.35,324.0001325961751,-934174.0588359158
47500.0,6736.949999999999,328.0001268232079,-884949.1195452586
46000.0,7903.349999999999,321.0001108365295,-913553.0108990716
47500.0,8146.35,324.0001654576807,-934213.4313379686
46500.0,6088.95,323.0001179417199,-913550.47071384
48000.0,6331.950000000001,326.0001725628711,-934210.891152737
46500.0,7498.35,319.0001565761927,-962814.78250655
46000.0,292.95000000000005,410.0000063310207,-890685.3222987555
46000.0,3774.1499999999996,368.0000301630135,-887779.11851257
46500.0,4422.15,368.0000630245191,-887818.4910146229
47000.0,2607.75,370.0000701297095,-887815.9508293913
45500.0,3774.1499999999996,363.0000541430311,-916419.8421832043
47000.0,4017.1500000000005,366.0001087641823,-937080.2626221012
46500.0,3787.6499999999996,368.0000302370259,-887779.11851257
47000.0,4435.65,368.0000630985315,-887818.4910146229
47500.0,2621.25,370.0000702037219,-887815.9508293913
46000.0,3787.6499999999996,363.0000542170435,-916419.8421832043
47500.0,4030.6500000000005,366.0001088381947,-937080.2626221012
47000.0,7916.849999999999,326.0000869305243,-884912.2872284374
47500.0,6102.449999999999,328.0000940357147,-884909.7470432058
46000.0,7268.849999999999,321.0000780490363,-913513.6383970188
47500.0,7511.85,324.0001326701875,-934174.0588359158
48000.0,6750.449999999999,328.0001268972203,-884949.1195452586
46500.0,7916.849999999999,321.0001109105419,-913553.0108990716
48000.0,8159.85,324.0001655316931,-934213.4313379686
47000.0,6102.45,323.0001180157323,-913550.47071384
48500.0,6345.450000000001,326.0001726368835,-934210.891152737
47000.0,7511.85,319.0001566502051,-962814.78250655
46500.0,3774.1499999999996,388.0000301630135,-890251.86851257
47000.0,4422.15,388.0000630245191,-890291.2410146229
47500.0,2607.75,390.0000701297095,-890288.7008293913
46000.0,3774.1499999999996,383.0000541430311,-918892.5921832043
47500.0,4017.1500000000005,386.0001087641823,-939553.0126221012
47000.0,7903.349999999999,346.00008685651187,-887385.0372284374
47500.0,6088.949999999999,348.0000939617023,-887382.4970432058
46000.0,7255.349999999999,341.0000779750239,-915986.3883970188
47500.0,7498.35,344.0001325961751,-936646.8088359158
48000.0,6736.949999999999,348.0001268232079,-887421.8695452586
46500.0,7903.349999999999,341.0001108365295,-916025.7608990716
48000.0,8146.35,344.0001654576807,-936686.1813379686
47000.0,6088.95,343.0001179417199,-916023.22071384
48500.0,6331.950000000001,346.0001725628711,-936683.641152737
47000.0,7498.35,339.0001565761927,-965287.53250655
47500.0,7916.849999999999,346.0000869305243,-887385.0372284374
48000.0,6102.449999999999,348.0000940357147,-887382.4970432058
46500.0,7268.849999999999,341.0000780490363,-915986.3883970188
48000.0,7511.85,344.0001326701875,-936646.8088359158
48500.0,6750.449999999999,348.0001268972203,-887421.8695452586
47000.0,7916.849999999999,341.0001109105419,-916025.7608990716
48500.0,8159.85,344.0001655316931,-936686.1813379686
47500.0,6102.45,343.0001180157323,-916023.22071384
49000.0,6345.450000000001,346.0001726368835,-936683.641152737
47500.0,7511.85,339.0001566502051,-965287.53250655
48500.0,10231.65,306.0001507292131,-884515.6657590731
47000.0,11398.05,299.00013474253467,-913119.5571128861
48500.0,11641.05,302.0001893636859,-933779.9775517831
47500.0,9583.649999999998,301.0001418477251,-913117.0169276545
49000.0,9826.65,304.0001964688763,-933777.4373665515
47500.0,10993.05,297.0001804821979,-962381.3287203645
48000.0,10231.649999999998,301.0001747092307,-913156.3894297073
49500.0,10474.65,304.0002293303819,-933816.8098686043
48000.0,11641.05,297.0002133437035,-962420.7012224173
48500.0,9826.65,299.0002204488939,-962418.1610371857
31000.0,157.482,340.000003527431,-891156.3222987555
31000.0,3638.682,298.00002735942377,-888250.11851257
31500.0,4286.682,298.00006022092936,-888289.4910146229
32000.0,2472.2819999999997,300.0000673261198,-888286.9508293913
30500.0,3638.682,293.00005133944137,-916890.8421832043
32000.0,3881.6820000000002,296.0001059605926,-937551.2626221012
31500.0,3652.182,298.0000274334362,-888250.11851257
32000.0,4300.182,298.00006029494176,-888289.4910146229
32500.0,2485.7819999999997,300.0000674001322,-888286.9508293913
31000.0,3652.182,293.0000514134538,-916890.8421832043
32500.0,3895.1820000000002,296.000106034605,-937551.2626221012
32000.0,7781.382,256.0000841269346,-885383.2872284374
32500.0,5966.982,258.000091232125,-885380.7470432058
31000.0,7133.382,251.0000752454466,-913984.6383970188
32500.0,7376.382,254.00012986659777,-934645.0588359158
33000.0,6614.982,258.0001240936306,-885420.1195452586
31500.0,7781.382,251.00010810695218,-914024.0108990716
33000.0,8024.382,254.0001627281034,-934684.4313379686
32000.0,5966.982,253.0001152121426,-914021.47071384
33500.0,6209.982,256.0001698332938,-934681.891152737
32000.0,7376.382,249.00015384661538,-963285.78250655
31500.0,3638.682,318.00002735942377,-890722.86851257
32000.0,4286.682,318.00006022092936,-890762.2410146229
32500.0,2472.2819999999997,320.0000673261198,-890759.7008293913
31000.0,3638.682,313.00005133944137,-919363.5921832043
32500.0,3881.6820000000002,316.0001059605926,-940024.0126221012
32000.0,7767.882,276.0000840529222,-887856.0372284374
32500.0,5953.482,278.0000911581126,-887853.4970432058
31000.0,7119.882,271.00007517143416,-916457.3883970188
32500.0,7362.882,274.00012979258537,-937117.8088359158
33000.0,6601.482,278.00012401961817,-887892.8695452586
31500.0,7767.882,271.0001080329398,-916496.7608990716
33000.0,8010.882,274.00016265409096,-937157.1813379686
32000.0,5953.482,273.0001151381302,-916494.22071384
33500.0,6196.482,276.0001697592814,-937154.641152737
32000.0,7362.882,269.00015377260297,-965758.53250655
32500.0,7781.382,276.0000841269346,-887856.0372284374
33000.0,5966.982,278.000091232125,-887853.4970432058
31500.0,7133.382,271.00007524544657,-916457.3883970188
33000.0,7376.382,274.0001298665978,-937117.8088359158
33500.0,6614.982,278.0001240936306,-887892.8695452586
32000.0,7781.382,271.0001081069522,-916496.7608990716
33500.0,8024.382,274.00016272810336,-937157.1813379686
32500.0,5966.982,273.0001152121426,-916494.22071384
34000.0,6209.982,276.0001698332938,-937154.641152737
32500.0,7376.382,269.0001538466154,-965758.53250655
33500.0,10096.181999999999,236.0001479256234,-884986.6657590731
32000.0,11262.581999999999,229.00013193894497,-913590.5571128861
33500.0,11505.582,232.00018656009618,-934250.9775517831
32500.0,9448.182,231.00013904413538,-913588.0169276545
34000.0,9691.182,234.0001936652866,-934248.4373665515
32500.0,10857.582,227.0001776786082,-962852.3287203645
33000.0,10096.182,231.000171905641,-913627.3894297073
34500.0,10339.182,234.00022652679218,-934287.8098686043
33000.0,11505.582,227.00021054011378,-962891.7012224173
33500.0,9691.182,229.0002176453042,-962889.1610371857
32000.0,3652.182,318.0000274334362,-890722.86851257
32500.0,4300.182,318.00006029494176,-890762.2410146229
33000.0,2485.7819999999997,320.0000674001322,-890759.7008293913
31500.0,3652.182,313.0000514134538,-919363.5921832043
33000.0,3895.1820000000002,316.000106034605,-940024.0126221012
32500.0,7781.382,276.0000841269346,-887856.0372284374
33000.0,5966.982,278.000091232125,-887853.4970432058
31500.0,7133.382,271.00007524544657,-916457.3883970188
33000.0,7376.382,274.0001298665978,-937117.8088359158
33500.0,6614.982,278.0001240936306,-887892.8695452586
32000.0,7781.382,271.0001081069522,-916496.7608990716
33500.0,8024.382,274.00016272810336,-937157.1813379686
32500.0,5966.982,273.0001152121426,-916494.22071384
34000.0,6209.982,276.0001698332938,-937154.641152737
32500.0,7376.382,269.0001538466154,-965758.53250655
33000.0,7794.882,276.00008420094696,-887856.0372284374
33500.0,5980.482,278.0000913061374,-887853.4970432058
32000.0,7146.882,271.000075319459,-916457.3883970188
33500.0,7389.882,274.0001299406102,-937117.8088359158
34000.0,6628.482,278.000124167643,-887892.8695452586
32500.0,7794.882,271.00010818096456,-916496.7608990716
34000.0,8037.882,274.00016280211577,-937157.1813379686
33000.0,5980.482,273.000115286155,-916494.22071384
34500.0,6223.482,276.0001699073062,-937154.641152737
33000.0,7389.882,269.0001539206278,-965758.53250655
34000.0,10109.681999999999,236.00014799963577,-884986.6657590731
32500.0,11276.081999999999,229.00013201295738,-913590.5571128861
34000.0,11519.082,232.0001866341086,-934250.9775517831
33000.0,9461.682,231.00013911814779,-913588.0169276545
34500.0,9704.682,234.000193739299,-934248.4373665515
33000.0,10871.082,227.00017775262057,-962852.3287203645
33500.0,10109.682,231.00017197965337,-913627.3894297073
35000.0,10352.682,234.00022660080458,-934287.8098686043
33500.0,11519.082,227.0002106141262,-962891.7012224173
34000.0,9704.682,229.0002177193166,-962889.1610371857
33000.0,7781.382,296.0000841269346,-890328.7872284374
33500.0,5966.982,298.000091232125,-890326.2470432058
32000.0,7133.382,291.00007524544657,-918930.1383970188
33500.0,7376.382,294.0001298665978,-939590.5588359158
34000.0,6614.982,298.0001240936306,-890365.6195452586
32500.0,7781.382,291.0001081069522,-918969.5108990716
34000.0,8024.382,294.00016272810336,-939629.9313379686
33000.0,5966.982,293.0001152121426,-918966.97071384
34500.0,6209.982,296.0001698332938,-939627.391152737
33000.0,7376.382,289.0001538466154,-968231.28250655
34000.0,10096.181999999999,256.00014792562337,-887459.4157590731
32500.0,11262.581999999999,249.00013193894497,-916063.3071128861
34000.0,11505.582,252.00018656009618,-936723.7275517831
33000.0,9448.182,251.00013904413538,-916060.7669276545
34500.0,9691.182,254.0001936652866,-936721.1873665515
33000.0,10857.582,247.0001776786082,-965325.0787203645
33500.0,10096.182,251.000171905641,-916100.1394297073
35000.0,10339.182,254.00022652679218,-936760.5598686043
33500.0,11505.582,247.00021054011378,-965364.4512224173
34000.0,9691.182,249.0002176453042,-965361.9110371857
34500.0,10109.681999999999,256.0001479996358,-887459.4157590731
33000.0,11276.081999999999,249.00013201295738,-916063.3071128861
34500.0,11519.082,252.0001866341086,-936723.7275517831
33500.0,9461.682,251.00013911814779,-916060.7669276545
35000.0,9704.682,254.000193739299,-936721.1873665515
33500.0,10871.082,247.00017775262057,-965325.0787203645
34000.0,10109.682,251.00017197965337,-916100.1394297073
35500.0,10352.682,254.00022660080458,-936760.5598686043
34000.0,11519.082,247.0002106141262,-965364.4512224173
34500.0,9704.682,249.0002177193166,-965361.9110371857
34000.0,13590.881999999998,209.0001958116462,-913193.9356435218
35500.0,13833.882,212.00025043279737,-933854.3560824188
34000.0,15000.282,205.00023444611898,-962458.2474362318
34500.0,13185.882000000001,207.0002415513094,-962455.7072510002
35000.0,13833.882000000001,207.00027441281497,-962495.079753053
32000.0,218.71800000000002,340.0000042468315,-891156.3222987555
32000.0,3699.9179999999997,298.0000280788243,-888250.11851257
32500.0,4347.918,298.0000609403299,-888289.4910146229
33000.0,2533.5179999999996,300.0000680455203,-888286.9508293913
31500.0,3699.9179999999997,293.0000520588419,-916890.8421832043
33000.0,3942.918,296.0001066799931,-937551.2626221012
32500.0,3713.4179999999997,298.0000281528367,-888250.11851257
33000.0,4361.418,298.0000610143423,-888289.4910146229
33500.0,2547.0179999999996,300.0000681195327,-888286.9508293913
32000.0,3713.4179999999997,293.0000521328543,-916890.8421832043
33500.0,3956.418,296.0001067540055,-937551.2626221012
33000.0,7842.6179999999995,256.0000848463351,-885383.2872284374
33500.0,6028.217999999999,258.0000919515255,-885380.7470432058
32000.0,7194.6179999999995,251.0000759648471,-913984.6383970188
33500.0,7437.618,254.0001305859983,-934645.0588359158
34000.0,6676.217999999999,258.0001248130311,-885420.1195452586
32500.0,7842.6179999999995,251.00010882635272,-914024.0108990716
34000.0,8085.618,254.00016344750392,-934684.4313379686
33000.0,6028.217999999999,253.00011593154312,-914021.47071384
34500.0,6271.218,256.0001705526943,-934681.891152737
33000.0,7437.618,249.0001545660159,-963285.78250655
32500.0,3699.9179999999997,318.0000280788243,-890722.86851257
33000.0,4347.918,318.0000609403299,-890762.2410146229
33500.0,2533.5179999999996,320.0000680455203,-890759.7008293913
32000.0,3699.9179999999997,313.0000520588419,-919363.5921832043
33500.0,3942.918,316.0001066799931,-940024.0126221012
33000.0,7829.1179999999995,276.00008477232274,-887856.0372284374
33500.0,6014.717999999999,278.0000918775131,-887853.4970432058
32000.0,7181.1179999999995,271.0000758908347,-916457.3883970188
33500.0,7424.118,274.0001305119859,-937117.8088359158
34000.0,6662.717999999999,278.0001247390187,-887892.8695452586
32500.0,7829.1179999999995,271.00010875234034,-916496.7608990716
34000.0,8072.118,274.0001633734915,-937157.1813379686
33000.0,6014.717999999999,273.0001158575307,-916494.22071384
34500.0,6257.718,276.0001704786819,-937154.641152737
33000.0,7424.118,269.0001544920035,-965758.53250655
33500.0,7842.6179999999995,276.0000848463351,-887856.0372284374
34000.0,6028.217999999999,278.0000919515255,-887853.4970432058
32500.0,7194.6179999999995,271.0000759648471,-916457.3883970188
34000.0,7437.618,274.0001305859983,-937117.8088359158
34500.0,6676.217999999999,278.0001248130311,-887892.8695452586
33000.0,7842.6179999999995,271.0001088263527,-916496.7608990716
34500.0,8085.618,274.0001634475039,-937157.1813379686
33500.0,6028.217999999999,273.0001159315431,-916494.22071384
35000.0,6271.218,276.0001705526943,-937154.641152737
33500.0,7437.618,269.0001545660159,-965758.53250655
34500.0,10157.418,236.0001486450239,-884986.6657590731
33000.0,11323.818,229.0001326583455,-913590.5571128861
34500.0,11566.818,232.0001872794967,-934250.9775517831
33500.0,9509.417999999998,231.0001397635359,-913588.0169276545
35000.0,9752.418,234.00019438468712,-934248.4373665515
33500.0,10918.818,227.0001783980087,-962852.3287203645
34000.0,10157.417999999998,231.0001726250415,-913627.3894297073
35500.0,10400.418,234.0002272461927,-934287.8098686043
34000.0,11566.818,227.00021125951432,-962891.7012224173
34500.0,9752.418,229.00021836470472,-962889.1610371857
33000.0,3713.4179999999997,318.0000281528367,-890722.86851257
33500.0,4361.418,318.0000610143423,-890762.2410146229
34000.0,2547.0179999999996,320.0000681195327,-890759.7008293913
32500.0,3713.4179999999997,313.0000521328543,-919363.5921832043
34000.0,3956.418,316.0001067540055,-940024.0126221012
33500.0,7842.6179999999995,276.0000848463351,-887856.0372284374
34000.0,6028.217999999999,278.0000919515255,-887853.4970432058
32500.0,7194.6179999999995,271.0000759648471,-916457.3883970188
34000.0,7437.618,274.0001305859983,-937117.8088359158
34500.0,6676.217999999999,278.0001248130311,-887892.8695452586
33000.0,7842.6179999999995,271.0001088263527,-916496.7608990716
34500.0,8085.618,274.0001634475039,-937157.1813379686
33500.0,6028.217999999999,273.0001159315431,-916494.22071384
35000.0,6271.218,276.0001705526943,-937154.641152737
33500.0,7437.618,269.0001545660159,-965758.53250655
34000.0,7856.1179999999995,276.0000849203475,-887856.0372284374
34500.0,6041.717999999999,278.0000920255379,-887853.4970432058
33000.0,7208.1179999999995,271.0000760388595,-916457.3883970188
34500.0,7451.118,274.0001306600107,-937117.8088359158
35000.0,6689.717999999999,278.0001248870435,-887892.8695452586
33500.0,7856.1179999999995,271.0001089003651,-916496.7608990716
35000.0,8099.118,274.0001635215163,-937157.1813379686
34000.0,6041.717999999999,273.0001160055555,-916494.22071384
35500.0,6284.718,276.00017062670673,-937154.641152737
34000.0,7451.118,269.0001546400283,-965758.53250655
35000.0,10170.918,236.0001487190363,-884986.6657590731
33500.0,11337.318,229.0001327323579,-913590.5571128861
35000.0,11580.318,232.00018735350912,-934250.9775517831
34000.0,9522.917999999998,231.00013983754832,-913588.0169276545
35500.0,9765.918,234.00019445869953,-934248.4373665515
34000.0,10932.318,227.0001784720211,-962852.3287203645
34500.0,10170.917999999998,231.0001726990539,-913627.3894297073
36000.0,10413.918,234.0002273202051,-934287.8098686043
34500.0,11580.318,227.00021133352672,-962891.7012224173
35000.0,9765.918,229.0002184387171,-962889.1610371857
34000.0,7842.6179999999995,296.0000848463351,-890328.7872284374
34500.0,6028.217999999999,298.0000919515255,-890326.2470432058
33000.0,7194.6179999999995,291.0000759648471,-918930.1383970188
34500.0,7437.618,294.0001305859983,-939590.5588359158
35000.0,6676.217999999999,298.0001248130311,-890365.6195452586
33500.0,7842.6179999999995,291.0001088263527,-918969.5108990716
35000.0,8085.618,294.0001634475039,-939629.9313379686
34000.0,6028.217999999999,293.0001159315431,-918966.97071384
35500.0,6271.218,296.0001705526943,-939627.391152737
34000.0,7437.618,289.0001545660159,-968231.28250655
35000.0,10157.418,256.0001486450239,-887459.4157590731
33500.0,11323.818,249.0001326583455,-916063.3071128861
35000.0,11566.818,252.0001872794967,-936723.7275517831
34000.0,9509.417999999998,251.0001397635359,-916060.7669276545
35500.0,9752.418,254.00019438468712,-936721.1873665515
34000.0,10918.818,247.0001783980087,-965325.0787203645
34500.0,10157.417999999998,251.0001726250415,-916100.1394297073
36000.0,10400.418,254.0002272461927,-936760.5598686043
34500.0,11566.818,247.00021125951432,-965364.4512224173
35000.0,9752.418,249.00021836470472,-965361.9110371857
35500.0,10170.918,256.0001487190363,-887459.4157590731
34000.0,11337.318,249.0001327323579,-916063.3071128861
35500.0,11580.318,252.00018735350912,-936723.7275517831
34500.0,9522.917999999998,251.00013983754832,-916060.7669276545
36000.0,9765.918,254.00019445869953,-936721.1873665515
34500.0,10932.318,247.0001784720211,-965325.0787203645
35000.0,10170.917999999998,251.0001726990539,-916100.1394297073
36500.0,10413.918,254.0002273202051,-936760.5598686043
35000.0,11580.318,247.00021133352672,-965364.4512224173
35500.0,9765.918,249.0002184387171,-965361.9110371857
35000.0,13652.117999999999,209.00019653104673,-913193.9356435218
36500.0,13895.118,212.0002511521979,-933854.3560824188
35000.0,15061.518,205.0002351655195,-962458.2474362318
35500.0,13247.117999999999,207.00024227070992,-962455.7072510002
36000.0,13895.117999999999,207.0002751322155,-962495.079753053
18000.0,3577.95,248.000025349247,-519443.1750091423
18500.0,4225.95,248.0000582107526,-519482.54751119524
19000.0,2411.5499999999997,250.000065315943,-519480.0073259635
17500.0,3577.95,243.0000493292646,-548083.8986797766
19000.0,3820.9500000000003,246.0001039504158,-568744.3191186736
18500.0,7707.15,206.0000820427454,-516576.3437250097
19000.0,5892.75,208.0000891479358,-516573.803539778
17500.0,7059.15,201.0000731612574,-545177.6948935911
19000.0,7302.15,204.0001277824086,-565838.115332488
19500.0,6540.75,208.0001220094414,-516613.1760418309
18000.0,7707.15,201.000106022763,-545217.067395644
19500.0,7950.15,204.0001606439142,-565877.4878345409
18500.0,5892.75,203.0001131279534,-545214.5272104123
20000.0,6135.75,206.0001677491046,-565874.9476493092
18500.0,7302.15,199.0001517624262,-594478.8390031223
19000.0,7720.65,206.0000821167578,-516576.3437250097
19500.0,5906.25,208.0000892219482,-516573.803539778
18000.0,7072.65,201.0000732352698,-545177.6948935911
19500.0,7315.65,204.000127856421,-565838.115332488
20000.0,6554.25,208.0001220834538,-516613.1760418309
18500.0,7720.65,201.0001060967754,-545217.067395644
20000.0,7963.65,204.0001607179266,-565877.4878345409
19000.0,5906.25,203.0001132019658,-545214.5272104123
20500.0,6149.25,206.000167823117,-565874.9476493092
19000.0,7315.65,199.0001518364386,-594478.8390031223
20000.0,10035.449999999999,166.0001459154466,-513706.9722556454
18500.0,11201.849999999999,159.0001299287682,-542310.8636094584
20000.0,11444.85,162.0001845499194,-562971.2840483554
19000.0,9387.45,161.0001370339586,-542308.3234242267
20500.0,9630.45,164.0001916551098,-562968.7438631237
19000.0,10796.85,157.0001756684314,-591572.6352169368
19500.0,10035.45,161.0001698954642,-542347.6959262796
21000.0,10278.45,164.0002245166154,-563008.1163651766
19500.0,11444.85,157.000208529937,-591612.0077189897
20000.0,9630.45,159.0002156351274,-591609.467533758
19000.0,7707.15,226.0000820427454,-519049.0937250097
19500.0,5892.75,228.0000891479358,-519046.553539778
18000.0,7059.15,221.0000731612574,-547650.4448935911
19500.0,7302.15,224.0001277824086,-568310.865332488
20000.0,6540.75,228.0001220094414,-519085.9260418309
18500.0,7707.15,221.000106022763,-547689.817395644
20000.0,7950.15,224.0001606439142,-568350.2378345409
19000.0,5892.75,223.0001131279534,-547687.2772104123
20500.0,6135.75,226.0001677491046,-568347.6976493092
19000.0,7302.15,219.0001517624262,-596951.5890031223
20000.0,10021.949999999999,186.0001458414342,-516179.7222556454
18500.0,11188.349999999999,179.0001298547558,-544783.6136094584
20000.0,11431.35,182.000184475907,-565444.0340483554
19000.0,9373.95,181.0001369599462,-544781.0734242267
20500.0,9616.95,184.0001915810974,-565441.4938631237
19000.0,10783.35,177.000175594419,-594045.3852169368
19500.0,10021.95,181.0001698214518,-544820.4459262796
21000.0,10264.95,184.000224442603,-565480.8663651766
19500.0,11431.35,177.0002084559246,-594084.7577189897
20000.0,9616.95,179.000215561115,-594082.217533758
20500.0,10035.449999999999,186.0001459154466,-516179.7222556454
19000.0,11201.849999999999,179.0001299287682,-544783.6136094584
20500.0,11444.85,182.0001845499194,-565444.0340483554
19500.0,9387.45,181.0001370339586,-544781.0734242267
21000.0,9630.45,184.0001916551098,-565441.4938631237
19500.0,10796.85,177.0001756684314,-594045.3852169368
20000.0,10035.45,181.0001698954642,-544820.4459262796
21500.0,10278.45,184.0002245166154,-565480.8663651766
20000.0,11444.85,177.000208529937,-594084.7577189897
20500.0,9630.45,179.0002156351274,-594082.217533758
20000.0,13516.649999999998,139.000193727457,-541914.2421400942
21500.0,13759.65,142.0002483486082,-562574.662578991
20000.0,14926.05,135.0002323619298,-591178.5539328041
20500.0,13111.650000000001,137.0002394671202,-591176.0137475724
21000.0,13759.650000000001,137.0002723286258,-591215.3862496254
19500.0,7720.65,226.0000821167578,-519049.0937250097
20000.0,5906.25,228.0000892219482,-519046.553539778
18500.0,7072.65,221.0000732352698,-547650.4448935911
20000.0,7315.65,224.000127856421,-568310.865332488
20500.0,6554.25,228.0001220834538,-519085.9260418309
19000.0,7720.65,221.0001060967754,-547689.817395644
20500.0,7963.65,224.0001607179266,-568350.2378345409
19500.0,5906.25,223.0001132019658,-547687.2772104123
21000.0,6149.25,226.000167823117,-568347.6976493092
19500.0,7315.65,219.0001518364386,-596951.5890031223
20500.0,10035.449999999999,186.0001459154466,-516179.7222556454
19000.0,11201.849999999999,179.0001299287682,-544783.6136094584
20500.0,11444.85,182.0001845499194,-565444.0340483554
19500.0,9387.45,181.0001370339586,-544781.0734242267
21000.0,9630.45,184.0001916551098,-565441.4938631237
19500.0,10796.85,177.0001756684314,-594045.3852169368
20000.0,10035.45,181.0001698954642,-544820.4459262796
21500.0,10278.45,184.0002245166154,-565480.8663651766
20000.0,11444.85,177.000208529937,-594084.7577189897
20500.0,9630.45,179.0002156351274,-594082.217533758
21000.0,10048.949999999999,186.000145989459,-516179.7222556454
19500.0,11215.349999999999,179.0001300027806,-544783.6136094584
21000.0,11458.35,182.0001846239318,-565444.0340483554
20000.0,9400.95,181.000137107971,-544781.0734242267
21500.0,9643.95,184.0001917291222,-565441.4938631237
20000.0,10810.35,177.0001757424438,-594045.3852169368
20500.0,10048.95,181.0001699694766,-544820.4459262796
22000.0,10291.95,184.0002245906278,-565480.8663651766
20500.0,11458.35,177.0002086039494,-594084.7577189897
21000.0,9643.95,179.0002157091398,-594082.217533758
20500.0,13530.149999999998,139.0001938014694,-541914.2421400942
22000.0,13773.15,142.0002484226206,-562574.662578991
20500.0,14939.55,135.0002324359422,-591178.5539328041
21000.0,13125.150000000001,137.0002395411326,-591176.0137475724
21500.0,13773.150000000001,137.0002724026382,-591215.3862496254
21000.0,10035.449999999999,206.0001459154466,-518652.4722556454
19500.0,11201.849999999999,199.0001299287682,-547256.3636094584
21000.0,11444.85,202.0001845499194,-567916.7840483554
20000.0,9387.45,201.0001370339586,-547253.8234242267
21500.0,9630.45,204.0001916551098,-567914.2438631237
20000.0,10796.85,197.0001756684314,-596518.1352169368
20500.0,10035.45,201.0001698954642,-547293.1959262796
22000.0,10278.45,204.0002245166154,-567953.6163651766
20500.0,11444.85,197.000208529937,-596557.5077189897
21000.0,9630.45,199.0002156351274,-596554.967533758
20500.0,13516.649999999998,159.000193727457,-544386.9921400942
22000.0,13759.65,162.0002483486082,-565047.412578991
20500.0,14926.05,155.0002323619298,-593651.3039328041
21000.0,13111.650000000001,157.0002394671202,-593648.7637475724
21500.0,13759.650000000001,157.0002723286258,-593688.1362496254
21000.0,13530.149999999998,159.0001938014694,-544386.9921400942
22500.0,13773.15,162.0002484226206,-565047.412578991
21000.0,14939.55,155.0002324359422,-593651.3039328041
21500.0,13125.150000000001,157.0002395411326,-593648.7637475724
22000.0,13773.150000000001,157.0002724026382,-593688.1362496254
22000.0,17254.35,115.000296234631,-590781.9324634399
47000.0,305.70000000000005,390.0000065653933,-888212.5722987555
47500.0,319.20000000000005,390.0000066394057,-888212.5722987555
47500.0,3800.3999999999996,348.0000304713985,-885306.36851257
48000.0,4448.4,348.0000633329041,-885345.7410146229
48500.0,2634.0,350.0000704380945,-885343.2008293913
47000.0,3800.3999999999996,343.0000544514161,-913947.0921832043
48500.0,4043.4000000000005,346.0001090725673,-934607.5126221012
47500.0,305.70000000000005,410.0000065653933,-890685.3222987555
47500.0,3786.8999999999996,368.00003039738607,-887779.11851257
48000.0,4434.9,368.0000632588917,-887818.4910146229
48500.0,2620.5,370.0000703640821,-887815.9508293913
47000.0,3786.8999999999996,363.00005437740367,-916419.8421832043
48500.0,4029.9000000000005,366.0001089985549,-937080.2626221012
48000.0,3800.3999999999996,368.0000304713985,-887779.11851257
48500.0,4448.4,368.0000633329041,-887818.4910146229
49000.0,2634.0,370.0000704380945,-887815.9508293913
47500.0,3800.3999999999996,363.0000544514161,-916419.8421832043
49000.0,4043.4000000000005,366.0001090725673,-937080.2626221012
48500.0,7929.599999999999,326.0000871648969,-884912.2872284374
49000.0,6115.199999999999,328.0000942700873,-884909.7470432058
47500.0,7281.599999999999,321.00007828340887,-913513.6383970188
49000.0,7524.6,324.0001329045601,-934174.0588359158
49500.0,6763.199999999999,328.0001271315929,-884949.1195452586
48000.0,7929.599999999999,321.0001111449145,-913553.0108990716
49500.0,8172.6,324.0001657660657,-934213.4313379686
48500.0,6115.2,323.0001182501049,-913550.47071384
50000.0,6358.200000000001,326.0001728712561,-934210.891152737
48500.0,7524.6,319.0001568845777,-962814.78250655
48000.0,319.20000000000005,410.0000066394057,-890685.3222987555
48000.0,3800.3999999999996,368.0000304713985,-887779.11851257
48500.0,4448.4,368.0000633329041,-887818.4910146229
49000.0,2634.0,370.0000704380945,-887815.9508293913
47500.0,3800.3999999999996,363.0000544514161,-916419.8421832043
49000.0,4043.4000000000005,366.0001090725673,-937080.2626221012
48500.0,3813.8999999999996,368.0000305454109,-887779.11851257
49000.0,4461.9,368.0000634069165,-887818.4910146229
49500.0,2647.5,370.0000705121069,-887815.9508293913
48000.0,3813.8999999999996,363.0000545254285,-916419.8421832043
49500.0,4056.9000000000005,366.0001091465797,-937080.2626221012
49000.0,7943.099999999999,326.0000872389093,-884912.2872284374
49500.0,6128.699999999999,328.0000943440997,-884909.7470432058
48000.0,7295.099999999999,321.0000783574213,-913513.6383970188
49500.0,7538.1,324.0001329785725,-934174.0588359158
50000.0,6776.699999999999,328.0001272056053,-884949.1195452586
48500.0,7943.099999999999,321.0001112189269,-913553.0108990716
50000.0,8186.1,324.00016584007807,-934213.4313379686
49000.0,6128.7,323.0001183241173,-913550.47071384
50500.0,6371.700000000001,326.0001729452685,-934210.891152737
49000.0,7538.1,319.0001569585901,-962814.78250655
48500.0,3800.3999999999996,388.0000304713985,-890251.86851257
49000.0,4448.4,388.0000633329041,-890291.2410146229
49500.0,2634.0,390.0000704380945,-890288.7008293913
48000.0,3800.3999999999996,383.0000544514161,-918892.5921832043
49500.0,4043.4000000000005,386.0001090725673,-939553.0126221012
49000.0,7929.599999999999,346.0000871648969,-887385.0372284374
49500.0,6115.199999999999,348.0000942700873,-887382.4970432058
48000.0,7281.599999999999,341.00007828340887,-915986.3883970188
49500.0,7524.6,344.0001329045601,-936646.8088359158
50000.0,6763.199999999999,348.0001271315929,-887421.8695452586
48500.0,7929.599999999999,341.0001111449145,-916025.7608990716
50000.0,8172.6,344.0001657660657,-936686.1813379686
49000.0,6115.2,343.0001182501049,-916023.22071384
50500.0,6358.200000000001,346.0001728712561,-936683.641152737
49000.0,7524.6,339.0001568845777,-965287.53250655
49500.0,7943.099999999999,346.0000872389093,-887385.0372284374
50000.0,6128.699999999999,348.0000943440997,-887382.4970432058
48500.0,7295.099999999999,341.0000783574213,-915986.3883970188
50000.0,7538.1,344.0001329785725,-936646.8088359158
50500.0,6776.699999999999,348.0001272056053,-887421.8695452586
49000.0,7943.099999999999,341.0001112189269,-916025.7608990716
50500.0,8186.1,344.00016584007807,-936686.1813379686
49500.0,6128.7,343.0001183241173,-916023.22071384
51000.0,6371.700000000001,346.0001729452685,-936683.641152737
49500.0,7538.1,339.0001569585901,-965287.53250655
50500.0,10257.9,306.0001510375981,-884515.6657590731
49000.0,11424.3,299.0001350509197,-913119.5571128861
50500.0,11667.3,302.0001896720709,-933779.9775517831
49500.0,9609.899999999998,301.0001421561101,-913117.0169276545
51000.0,9852.9,304.0001967772613,-933777.4373665515
49500.0,11019.3,297.0001807905829,-962381.3287203645
50000.0,10257.899999999998,301.0001750176157,-913156.3894297073
51500.0,10500.9,304.0002296387669,-933816.8098686043
50000.0,11667.3,297.0002136520885,-962420.7012224173
50500.0,9852.9,299.0002207572789,-962418.1610371857
33000.0,183.732,340.00000383581596,-891156.3222987555
33000.0,3664.932,298.0000276678088,-888250.11851257
33500.0,4312.932,298.0000605293144,-888289.4910146229
34000.0,2498.5319999999997,300.0000676345048,-888286.9508293913
32500.0,3664.932,293.0000516478264,-916890.8421832043
34000.0,3907.9320000000002,296.00010626897756,-937551.2626221012
33500.0,3678.432,298.00002774182116,-888250.11851257
34000.0,4326.432,298.0000606033268,-888289.4910146229
34500.0,2512.0319999999997,300.0000677085172,-888286.9508293913
33000.0,3678.432,293.00005172183876,-916890.8421832043
34500.0,3921.4320000000002,296.00010634298997,-937551.2626221012
34000.0,7807.632,256.0000844353196,-885383.2872284374
34500.0,5993.232,258.00009154050997,-885380.7470432058
33000.0,7159.632,251.00007555383158,-913984.6383970188
34500.0,7402.632,254.0001301749828,-934645.0588359158
35000.0,6641.232,258.00012440201556,-885420.1195452586
33500.0,7807.632,251.0001084153372,-914024.0108990716
35000.0,8050.632,254.00016303648837,-934684.4313379686
34000.0,5993.232,253.00011552052757,-914021.47071384
35500.0,6236.232,256.0001701416788,-934681.891152737
34000.0,7402.632,249.0001541550004,-963285.78250655
33500.0,3664.932,318.0000276678088,-890722.86851257
34000.0,4312.932,318.0000605293144,-890762.2410146229
34500.0,2498.5319999999997,320.0000676345048,-890759.7008293913
33000.0,3664.932,313.0000516478264,-919363.5921832043
34500.0,3907.9320000000002,316.00010626897756,-940024.0126221012
34000.0,7794.132,276.0000843613072,-887856.0372284374
34500.0,5979.732,278.00009146649757,-887853.4970432058
33000.0,7146.132,271.0000754798192,-916457.3883970188
34500.0,7389.132,274.0001301009704,-937117.8088359158
35000.0,6627.732,278.0001243280032,-887892.8695452586
33500.0,7794.132,271.0001083413248,-916496.7608990716
35000.0,8037.132,274.000162962476,-937157.1813379686
34000.0,5979.732,273.00011544651517,-916494.22071384
35500.0,6222.732,276.0001700676664,-937154.641152737
34000.0,7389.132,269.000154080988,-965758.53250655
34500.0,7807.632,276.0000844353196,-887856.0372284374
35000.0,5993.232,278.00009154050997,-887853.4970432058
33500.0,7159.632,271.0000755538316,-916457.3883970188
35000.0,7402.632,274.00013017498276,-937117.8088359158
35500.0,6641.232,278.00012440201556,-887892.8695452586
34000.0,7807.632,271.0001084153372,-916496.7608990716
35500.0,8050.632,274.0001630364884,-937157.1813379686
34500.0,5993.232,273.0001155205276,-916494.22071384
36000.0,6236.232,276.0001701416788,-937154.641152737
34500.0,7402.632,269.00015415500036,-965758.53250655
35500.0,10122.431999999999,236.00014823400838,-884986.6657590731
34000.0,11288.831999999999,229.00013224733,-913590.5571128861
35500.0,11531.832,232.0001868684812,-934250.9775517831
34500.0,9474.432,231.0001393525204,-913588.0169276545
36000.0,9717.432,234.00019397367157,-934248.4373665515
34500.0,10883.832,227.00017798699318,-962852.3287203645
35000.0,10122.432,231.00017221402598,-913627.3894297073
36500.0,10365.432,234.0002268351772,-934287.8098686043
35000.0,11531.832,227.0002108484988,-962891.7012224173
35500.0,9717.432,229.00021795368917,-962889.1610371857
34000.0,3678.432,318.00002774182116,-890722.86851257
34500.0,4326.432,318.0000606033268,-890762.2410146229
35000.0,2512.0319999999997,320.0000677085172,-890759.7008293913
33500.0,3678.432,313.00005172183876,-919363.5921832043
35000.0,3921.4320000000002,316.00010634298997,-940024.0126221012
34500.0,7807.632,276.0000844353196,-887856.0372284374
35000.0,5993.232,278.00009154050997,-887853.4970432058
33500.0,7159.632,271.0000755538316,-916457.3883970188
35000.0,7402.632,274.00013017498276,-937117.8088359158
35500.0,6641.232,278.00012440201556,-887892.8695452586
34000.0,7807.632,271.0001084153372,-916496.7608990716
35500.0,8050.632,274.0001630364884,-937157.1813379686
34500.0,5993.232,273.0001155205276,-916494.22071384
36000.0,6236.232,276.0001701416788,-937154.641152737
34500.0,7402.632,269.00015415500036,-965758.53250655
35000.0,7821.132,276.000084509332,-887856.0372284374
35500.0,6006.732,278.0000916145224,-887853.4970432058
34000.0,7173.132,271.000075627844,-916457.3883970188
35500.0,7416.132,274.00013024899516,-937117.8088359158
36000.0,6654.732,278.00012447602796,-887892.8695452586
34500.0,7821.132,271.0001084893496,-916496.7608990716
36000.0,8064.132,274.0001631105008,-937157.1813379686
35000.0,6006.732,273.00011559454,-916494.22071384
36500.0,6249.732,276.0001702156912,-937154.641152737
35000.0,7416.132,269.00015422901276,-965758.53250655
36000.0,10135.931999999999,236.00014830802078,-884986.6657590731
34500.0,11302.331999999999,229.0001323213424,-913590.5571128861
36000.0,11545.332,232.00018694249357,-934250.9775517831
35000.0,9487.932,231.0001394265328,-913588.0169276545
36500.0,9730.932,234.00019404768398,-934248.4373665515
35000.0,10897.332,227.00017806100558,-962852.3287203645
35500.0,10135.932,231.00017228803839,-913627.3894297073
37000.0,10378.932,234.0002269091896,-934287.8098686043
35500.0,11545.332,227.00021092251117,-962891.7012224173
36000.0,9730.932,229.00021802770158,-962889.1610371857
35000.0,7807.632,296.0000844353196,-890328.7872284374
35500.0,5993.232,298.00009154050997,-890326.2470432058
34000.0,7159.632,291.0000755538316,-918930.1383970188
35500.0,7402.632,294.00013017498276,-939590.5588359158
36000.0,6641.232,298.00012440201556,-890365.6195452586
34500.0,7807.632,291.0001084153372,-918969.5108990716
36000.0,8050.632,294.0001630364884,-939629.9313379686
35000.0,5993.232,293.0001155205276,-918966.97071384
36500.0,6236.232,296.0001701416788,-939627.391152737
35000.0,7402.632,289.00015415500036,-968231.28250655
36000.0,10122.431999999999,256.0001482340084,-887459.4157590731
34500.0,11288.831999999999,249.00013224733,-916063.3071128861
36000.0,11531.832,252.0001868684812,-936723.7275517831
35000.0,9474.432,251.0001393525204,-916060.7669276545
36500.0,9717.432,254.00019397367157,-936721.1873665515
35000.0,10883.832,247.00017798699318,-965325.0787203645
35500.0,10122.432,251.00017221402598,-916100.1394297073
37000.0,10365.432,254.0002268351772,-936760.5598686043
35500.0,11531.832,247.0002108484988,-965364.4512224173
36000.0,9717.432,249.00021795368917,-965361.9110371857
36500.0,10135.931999999999,256.0001483080208,-887459.4157590731
35000.0,11302.331999999999,249.0001323213424,-916063.3071128861
36500.0,11545.332,252.00018694249357,-936723.7275517831
35500.0,9487.932,251.0001394265328,-916060.7669276545
37000.0,9730.932,254.00019404768398,-936721.1873665515
35500.0,10897.332,247.00017806100558,-965325.0787203645
36000.0,10135.932,251.00017228803839,-916100.1394297073
37500.0,10378.932,254.0002269091896,-936760.5598686043
36000.0,11545.332,247.00021092251117,-965364.4512224173
36500.0,9730.932,249.00021802770158,-965361.9110371857
36000.0,13617.131999999998,209.00019612003118,-913193.9356435218
37500.0,13860.132,212.00025074118238,-933854.3560824188
36000.0,15026.532,205.000234754504,-962458.2474362318
36500.0,13212.132000000001,207.00024185969437,-962455.7072510002
37000.0,13860.132000000001,207.0002747212,-962495.079753053
34000.0,244.96800000000002,340.0000045552165,-891156.3222987555
34000.0,3726.1679999999997,298.0000283872093,-888250.11851257
34500.0,4374.168,298.0000612487149,-888289.4910146229
35000.0,2559.7679999999996,300.0000683539053,-888286.9508293913
33500.0,3726.1679999999997,293.0000523672269,-916890.8421832043
35000.0,3969.168,296.0001069883781,-937551.2626221012
34500.0,3739.6679999999997,298.0000284612217,-888250.11851257
35000.0,4387.668,298.00006132272733,-888289.4910146229
35500.0,2573.2679999999996,300.0000684279177,-888286.9508293913
34000.0,3739.6679999999997,293.0000524412393,-916890.8421832043
35500.0,3982.668,296.0001070623905,-937551.2626221012
35000.0,7868.8679999999995,256.0000851547201,-885383.2872284374
35500.0,6054.467999999999,258.0000922599105,-885380.7470432058
34000.0,7220.8679999999995,251.0000762732321,-913984.6383970188
35500.0,7463.868,254.00013089438332,-934645.0588359158
36000.0,6702.467999999999,258.0001251214161,-885420.1195452586
34500.0,7868.8679999999995,251.0001091347377,-914024.0108990716
36000.0,8111.868,254.0001637558889,-934684.4313379686
35000.0,6054.467999999999,253.0001162399281,-914021.47071384
36500.0,6297.468,256.0001708610793,-934681.891152737
35000.0,7463.868,249.00015487440092,-963285.78250655
34500.0,3726.1679999999997,318.0000283872093,-890722.86851257
35000.0,4374.168,318.0000612487149,-890762.2410146229
35500.0,2559.7679999999996,320.0000683539053,-890759.7008293913
34000.0,3726.1679999999997,313.0000523672269,-919363.5921832043
35500.0,3969.168,316.0001069883781,-940024.0126221012
35000.0,7855.3679999999995,276.0000850807077,-887856.0372284374
35500.0,6040.967999999999,278.0000921858981,-887853.4970432058
34000.0,7207.3679999999995,271.00007619921973,-916457.3883970188
35500.0,7450.368,274.0001308203709,-937117.8088359158
36000.0,6688.967999999999,278.0001250474037,-887892.8695452586
34500.0,7855.3679999999995,271.0001090607253,-916496.7608990716
36000.0,8098.368,274.00016368187653,-937157.1813379686
35000.0,6040.967999999999,273.0001161659157,-916494.22071384
36500.0,6283.968,276.0001707870669,-937154.641152737
35000.0,7450.368,269.0001548003885,-965758.53250655
35500.0,7868.8679999999995,276.0000851547201,-887856.0372284374
36000.0,6054.467999999999,278.0000922599105,-887853.4970432058
34500.0,7220.8679999999995,271.00007627323214,-916457.3883970188
36000.0,7463.868,274.0001308943833,-937117.8088359158
36500.0,6702.467999999999,278.0001251214161,-887892.8695452586
35000.0,7868.8679999999995,271.0001091347377,-916496.7608990716
36500.0,8111.868,274.00016375588893,-937157.1813379686
35500.0,6054.467999999999,273.0001162399281,-916494.22071384
37000.0,6297.468,276.0001708610793,-937154.641152737
35500.0,7463.868,269.0001548744009,-965758.53250655
36500.0,10183.668,236.0001489534089,-884986.6657590731
35000.0,11350.068,229.00013296673052,-913590.5571128861
36500.0,11593.068,232.00018758788173,-934250.9775517831
35500.0,9535.667999999998,231.00014007192092,-913588.0169276545
37000.0,9778.668,234.0001946930721,-934248.4373665515
35500.0,10945.068,227.0001787063937,-962852.3287203645
36000.0,10183.667999999998,231.0001729334265,-913627.3894297073
37500.0,10426.668,234.00022755457772,-934287.8098686043
36000.0,11593.068,227.0002115678993,-962891.7012224173
36500.0,9778.668,229.0002186730897,-962889.1610371857
35000.0,3739.6679999999997,318.0000284612217,-890722.86851257
35500.0,4387.668,318.00006132272733,-890762.2410146229
36000.0,2573.2679999999996,320.0000684279177,-890759.7008293913
34500.0,3739.6679999999997,313.0000524412393,-919363.5921832043
36000.0,3982.668,316.0001070623905,-940024.0126221012
35500.0,7868.8679999999995,276.0000851547201,-887856.0372284374
36000.0,6054.467999999999,278.0000922599105,-887853.4970432058
34500.0,7220.8679999999995,271.00007627323214,-916457.3883970188
36000.0,7463.868,274.0001308943833,-937117.8088359158
36500.0,6702.467999999999,278.0001251214161,-887892.8695452586
35000.0,7868.8679999999995,271.0001091347377,-916496.7608990716
36500.0,8111.868,274.00016375588893,-937157.1813379686
35500.0,6054.467999999999,273.0001162399281,-916494.22071384
37000.0,6297.468,276.0001708610793,-937154.641152737
35500.0,7463.868,269.0001548744009,-965758.53250655
36000.0,7882.3679999999995,276.00008522873253,-887856.0372284374
36500.0,6067.967999999999,278.0000923339229,-887853.4970432058
35000.0,7234.3679999999995,271.0000763472445,-916457.3883970188
36500.0,7477.368,274.0001309683957,-937117.8088359158
37000.0,6715.967999999999,278.0001251954285,-887892.8695452586
35500.0,7882.3679999999995,271.00010920875013,-916496.7608990716
37000.0,8125.368,274.00016382990134,-937157.1813379686
36000.0,6067.967999999999,273.0001163139405,-916494.22071384
37500.0,6310.968,276.0001709350917,-937154.641152737
36000.0,7477.368,269.0001549484133,-965758.53250655
37000.0,10197.168,236.00014902742132,-884986.6657590731
35500.0,11363.568,229.00013304074292,-913590.5571128861
37000.0,11606.568,232.0001876618941,-934250.9775517831
36000.0,9549.167999999998,231.0001401459333,-913588.0169276545
37500.0,9792.168,234.0001947670845,-934248.4373665515
36000.0,10958.568,227.00017878040612,-962852.3287203645
36500.0,10197.167999999998,231.00017300743892,-913627.3894297073
38000.0,10440.168,234.00022762859012,-934287.8098686043
36500.0,11606.568,227.0002116419117,-962891.7012224173
37000.0,9792.168,229.0002187471021,-962889.1610371857
36000.0,7868.8679999999995,296.0000851547201,-890328.7872284374
36500.0,6054.467999999999,298.0000922599105,-890326.2470432058
35000.0,7220.8679999999995,291.00007627323214,-918930.1383970188
36500.0,7463.868,294.0001308943833,-939590.5588359158
37000.0,6702.467999999999,298.0001251214161,-890365.6195452586
35500.0,7868.8679999999995,291.0001091347377,-918969.5108990716
37000.0,8111.868,294.00016375588893,-939629.9313379686
36000.0,6054.467999999999,293.0001162399281,-918966.97071384
37500.0,6297.468,296.0001708610793,-939627.391152737
36000.0,7463.868,289.0001548744009,-968231.28250655
37000.0,10183.668,256.00014895340894,-887459.4157590731
35500.0,11350.068,249.00013296673052,-916063.3071128861
37000.0,11593.068,252.00018758788173,-936723.7275517831
36000.0,9535.667999999998,251.00014007192092,-916060.7669276545
37500.0,9778.668,254.0001946930721,-936721.1873665515
36000.0,10945.068,247.0001787063937,-965325.0787203645
36500.0,10183.667999999998,251.0001729334265,-916100.1394297073
38000.0,10426.668,254.00022755457772,-936760.5598686043
36500.0,11593.068,247.0002115678993,-965364.4512224173
37000.0,9778.668,249.0002186730897,-965361.9110371857
37500.0,10197.168,256.0001490274213,-887459.4157590731
36000.0,11363.568,249.00013304074292,-916063.3071128861
37500.0,11606.568,252.0001876618941,-936723.7275517831
36500.0,9549.167999999998,251.0001401459333,-916060.7669276545
38000.0,9792.168,254.0001947670845,-936721.1873665515
36500.0,10958.568,247.00017878040612,-965325.0787203645
37000.0,10197.167999999998,251.00017300743892,-916100.1394297073
38500.0,10440.168,254.00022762859012,-936760.5598686043
37000.0,11606.568,247.0002116419117,-965364.4512224173
37500.0,9792.168,249.0002187471021,-965361.9110371857
37000.0,13678.367999999999,209.0001968394317,-913193.9356435218
38500.0,13921.368,212.00025146058292,-933854.3560824188
37000.0,15087.768,205.00023547390452,-962458.2474362318
37500.0,13273.367999999999,207.0002425790949,-962455.7072510002
38000.0,13921.367999999999,207.00027544060052,-962495.079753053
20000.0,3604.2,248.000025657632,-519443.1750091423
20500.0,4252.2,248.0000585191376,-519482.54751119524
21000.0,2437.7999999999997,250.000065624328,-519480.0073259635
19500.0,3604.2,243.0000496376496,-548083.8986797766
21000.0,3847.2000000000003,246.0001042588008,-568744.3191186736
20500.0,7733.4,206.0000823511304,-516576.3437250097
21000.0,5919.0,208.0000894563208,-516573.803539778
19500.0,7085.4,201.0000734696424,-545177.6948935911
21000.0,7328.4,204.0001280907936,-565838.115332488
21500.0,6567.0,208.0001223178264,-516613.1760418309
20000.0,7733.4,201.000106331148,-545217.067395644
21500.0,7976.4,204.0001609522992,-565877.4878345409
20500.0,5919.0,203.0001134363384,-545214.5272104123
22000.0,6162.0,206.0001680574896,-565874.9476493092
20500.0,7328.4,199.0001520708112,-594478.8390031223
21000.0,7746.9,206.0000824251428,-516576.3437250097
21500.0,5932.5,208.0000895303332,-516573.803539778
20000.0,7098.9,201.0000735436548,-545177.6948935911
21500.0,7341.9,204.000128164806,-565838.115332488
22000.0,6580.5,208.0001223918388,-516613.1760418309
20500.0,7746.9,201.0001064051604,-545217.067395644
22000.0,7989.9,204.0001610263116,-565877.4878345409
21000.0,5932.5,203.0001135103508,-545214.5272104123
22500.0,6175.5,206.000168131502,-565874.9476493092
21000.0,7341.9,199.0001521448236,-594478.8390031223
22000.0,10061.699999999999,166.0001462238316,-513706.9722556454
20500.0,11228.099999999999,159.0001302371532,-542310.8636094584
22000.0,11471.1,162.0001848583044,-562971.2840483554
21000.0,9413.7,161.0001373423436,-542308.3234242267
22500.0,9656.7,164.0001919634948,-562968.7438631237
21000.0,10823.1,157.0001759768164,-591572.6352169368
21500.0,10061.7,161.0001702038492,-542347.6959262796
23000.0,10304.7,164.0002248250004,-563008.1163651766
21500.0,11471.1,157.000208838322,-591612.0077189897
22000.0,9656.7,159.0002159435124,-591609.467533758
21000.0,7733.4,226.0000823511304,-519049.0937250097
21500.0,5919.0,228.0000894563208,-519046.553539778
20000.0,7085.4,221.0000734696424,-547650.4448935911
21500.0,7328.4,224.0001280907936,-568310.865332488
22000.0,6567.0,228.0001223178264,-519085.9260418309
20500.0,7733.4,221.000106331148,-547689.817395644
22000.0,7976.4,224.0001609522992,-568350.2378345409
21000.0,5919.0,223.0001134363384,-547687.2772104123
22500.0,6162.0,226.0001680574896,-568347.6976493092
21000.0,7328.4,219.0001520708112,-596951.5890031223
22000.0,10048.199999999999,186.0001461498192,-516179.7222556454
20500.0,11214.599999999999,179.0001301631408,-544783.6136094584
22000.0,11457.6,182.000184784292,-565444.0340483554
21000.0,9400.2,181.0001372683312,-544781.0734242267
22500.0,9643.2,184.0001918894824,-565441.4938631237
21000.0,10809.6,177.000175902804,-594045.3852169368
21500.0,10048.2,181.0001701298368,-544820.4459262796
23000.0,10291.2,184.000224750988,-565480.8663651766
21500.0,11457.6,177.0002087643096,-594084.7577189897
22000.0,9643.2,179.0002158695,-594082.217533758
22500.0,10061.699999999999,186.0001462238316,-516179.7222556454
21000.0,11228.099999999999,179.0001302371532,-544783.6136094584
22500.0,11471.1,182.0001848583044,-565444.0340483554
21500.0,9413.7,181.0001373423436,-544781.0734242267
23000.0,9656.7,184.0001919634948,-565441.4938631237
21500.0,10823.1,177.0001759768164,-594045.3852169368
22000.0,10061.7,181.0001702038492,-544820.4459262796
23500.0,10304.7,184.0002248250004,-565480.8663651766
22000.0,11471.1,177.000208838322,-594084.7577189897
22500.0,9656.7,179.0002159435124,-594082.217533758
22000.0,13542.899999999998,139.000194035842,-541914.2421400942
23500.0,13785.9,142.0002486569932,-562574.662578991
22000.0,14952.3,135.0002326703148,-591178.5539328041
22500.0,13137.900000000001,137.0002397755052,-591176.0137475724
23000.0,13785.900000000001,137.0002726370108,-591215.3862496254
21500.0,7746.9,226.0000824251428,-519049.0937250097
22000.0,5932.5,228.0000895303332,-519046.553539778
20500.0,7098.9,221.0000735436548,-547650.4448935911
22000.0,7341.9,224.000128164806,-568310.865332488
22500.0,6580.5,228.0001223918388,-519085.9260418309
21000.0,7746.9,221.0001064051604,-547689.817395644
22500.0,7989.9,224.0001610263116,-568350.2378345409
21500.0,5932.5,223.0001135103508,-547687.2772104123
23000.0,6175.5,226.000168131502,-568347.6976493092
21500.0,7341.9,219.0001521448236,-596951.5890031223
22500.0,10061.699999999999,186.0001462238316,-516179.7222556454
21000.0,11228.099999999999,179.0001302371532,-544783.6136094584
22500.0,11471.1,182.0001848583044,-565444.0340483554
21500.0,9413.7,181.0001373423436,-544781.0734242267
23000.0,9656.7,184.0001919634948,-565441.4938631237
21500.0,10823.1,177.0001759768164,-594045.3852169368
22000.0,10061.7,181.0001702038492,-544820.4459262796
23500.0,10304.7,184.0002248250004,-565480.8663651766
22000.0,11471.1,177.000208838322,-594084.7577189897
22500.0,9656.7,179.0002159435124,-594082.217533758
23000.0,10075.199999999999,186.000146297844,-516179.7222556454
21500.0,11241.599999999999,179.0001303111656,-544783.6136094584
23000.0,11484.6,182.0001849323168,-565444.0340483554
22000.0,9427.2,181.000137416356,-544781.0734242267
23500.0,9670.2,184.0001920375072,-565441.4938631237
22000.0,10836.6,177.0001760508288,-594045.3852169368
22500.0,10075.2,181.0001702778616,-544820.4459262796
24000.0,10318.2,184.0002248990128,-565480.8663651766
22500.0,11484.6,177.0002089123344,-594084.7577189897
23000.0,9670.2,179.0002160175248,-594082.217533758
22500.0,13556.399999999998,139.0001941098544,-541914.2421400942
24000.0,13799.4,142.0002487310056,-562574.662578991
22500.0,14965.8,135.0002327443272,-591178.5539328041
23000.0,13151.400000000001,137.0002398495176,-591176.0137475724
23500.0,13799.400000000001,137.0002727110232,-591215.3862496254
23000.0,10061.699999999999,206.0001462238316,-518652.4722556454
21500.0,11228.099999999999,199.0001302371532,-547256.3636094584
23000.0,11471.1,202.0001848583044,-567916.7840483554
22000.0,9413.7,201.0001373423436,-547253.8234242267
23500.0,9656.7,204.0001919634948,-567914.2438631237
22000.0,10823.1,197.0001759768164,-596518.1352169368
22500.0,10061.7,201.0001702038492,-547293.1959262796
24000.0,10304.7,204.0002248250004,-567953.6163651766
22500.0,11471.1,197.000208838322,-596557.5077189897
23000.0,9656.7,199.0002159435124,-596554.967533758
22500.0,13542.899999999998,159.000194035842,-544386.9921400942
24000.0,13785.9,162.0002486569932,-565047.412578991
22500.0,14952.3,155.0002326703148,-593651.3039328041
23000.0,13137.900000000001,157.0002397755052,-593648.7637475724
23500.0,13785.900000000001,157.0002726370108,-593688.1362496254
23000.0,13556.399999999998,159.0001941098544,-544386.9921400942
24500.0,13799.4,162.0002487310056,-565047.412578991
23000.0,14965.8,155.0002327443272,-593651.3039328041
23500.0,13151.400000000001,157.0002398495176,-593648.7637475724
24000.0,13799.400000000001,157.0002727110232,-593688.1362496254
24000.0,17280.6,115.000296543016,-590781.9324634399
37000.0,263.70000000000005,360.0000054798781,-891156.3222987555
37000.0,3744.8999999999996,318.0000293118709,-888250.11851257
37500.0,4392.9,318.0000621733765,-888289.4910146229
38000.0,2578.4999999999995,320.0000692785669,-888286.9508293913
36500.0,3744.8999999999996,313.0000532918885,-916890.8421832043
38000.0,3987.9,316.0001079130397,-937551.2626221012
37500.0,3758.3999999999996,318.0000293858833,-888250.11851257
38000.0,4406.4,318.0000622473889,-888289.4910146229
38500.0,2592.0,320.0000693525793,-888286.9508293913
37000.0,3758.3999999999996,313.0000533659009,-916890.8421832043
38500.0,4001.4000000000005,316.0001079870521,-937551.2626221012
38000.0,7887.599999999999,276.0000860793817,-885383.2872284374
38500.0,6073.199999999999,278.0000931845721,-885380.7470432058
37000.0,7239.599999999999,271.0000771978937,-913984.6383970188
38500.0,7482.6,274.0001318190449,-934645.0588359158
39000.0,6721.199999999999,278.0001260460777,-885420.1195452586
37500.0,7887.599999999999,271.0001100593993,-914024.0108990716
39000.0,8130.6,274.0001646805505,-934684.4313379686
38000.0,6073.199999999999,273.0001171645897,-914021.47071384
39500.0,6316.2,276.0001717857409,-934681.891152737
38000.0,7482.6,269.0001557990625,-963285.78250655
37500.0,3744.8999999999996,338.0000293118709,-890722.86851257
38000.0,4392.9,338.0000621733765,-890762.2410146229
38500.0,2578.4999999999995,340.0000692785669,-890759.7008293913
37000.0,3744.8999999999996,333.0000532918885,-919363.5921832043
38500.0,3987.9,336.0001079130397,-940024.0126221012
38000.0,7874.099999999999,296.00008600536927,-887856.0372284374
38500.0,6059.699999999999,298.0000931105597,-887853.4970432058
37000.0,7226.099999999999,291.0000771238813,-916457.3883970188
38500.0,7469.1,294.0001317450325,-937117.8088359158
39000.0,6707.699999999999,298.0001259720653,-887892.8695452586
37500.0,7874.099999999999,291.00010998538687,-916496.7608990716
39000.0,8117.1,294.0001646065381,-937157.1813379686
38000.0,6059.699999999999,293.0001170905773,-916494.22071384
39500.0,6302.7,296.0001717117285,-937154.641152737
38000.0,7469.1,289.0001557250501,-965758.53250655
38500.0,7887.599999999999,296.0000860793817,-887856.0372284374
39000.0,6073.199999999999,298.0000931845721,-887853.4970432058
37500.0,7239.599999999999,291.0000771978937,-916457.3883970188
39000.0,7482.6,294.0001318190449,-937117.8088359158
39500.0,6721.199999999999,298.0001260460777,-887892.8695452586
38000.0,7887.599999999999,291.0001100593993,-916496.7608990716
39500.0,8130.6,294.0001646805505,-937157.1813379686
38500.0,6073.199999999999,293.0001171645897,-916494.22071384
40000.0,6316.2,296.0001717857409,-937154.641152737
38500.0,7482.6,289.0001557990625,-965758.53250655
39500.0,10202.4,256.0001498780705,-884986.6657590731
38000.0,11368.8,249.0001338913921,-913590.5571128861
39500.0,11611.8,252.0001885125433,-934250.9775517831
38500.0,9554.399999999998,251.0001409965825,-913588.0169276545
40000.0,9797.4,254.0001956177337,-934248.4373665515
38500.0,10963.8,247.0001796310553,-962852.3287203645
39000.0,10202.399999999998,251.0001738580881,-913627.3894297073
40500.0,10445.4,254.0002284792393,-934287.8098686043
39000.0,11611.8,247.0002124925609,-962891.7012224173
39500.0,9797.4,249.00021959775128,-962889.1610371857
38000.0,3758.3999999999996,338.0000293858833,-890722.86851257
38500.0,4406.4,338.0000622473889,-890762.2410146229
39000.0,2592.0,340.0000693525793,-890759.7008293913
37500.0,3758.3999999999996,333.0000533659009,-919363.5921832043
39000.0,4001.4000000000005,336.0001079870521,-940024.0126221012
38500.0,7887.599999999999,296.0000860793817,-887856.0372284374
39000.0,6073.199999999999,298.0000931845721,-887853.4970432058
37500.0,7239.599999999999,291.0000771978937,-916457.3883970188
39000.0,7482.6,294.0001318190449,-937117.8088359158
39500.0,6721.199999999999,298.0001260460777,-887892.8695452586
38000.0,7887.599999999999,291.0001100593993,-916496.7608990716
39500.0,8130.6,294.0001646805505,-937157.1813379686
38500.0,6073.199999999999,293.0001171645897,-916494.22071384
40000.0,6316.2,296.0001717857409,-937154.641152737
38500.0,7482.6,289.0001557990625,-965758.53250655
39000.0,7901.099999999999,296.0000861533941,-887856.0372284374
39500.0,6086.699999999999,298.0000932585845,-887853.4970432058
38000.0,7253.099999999999,291.0000772719061,-916457.3883970188
39500.0,7496.1,294.0001318930573,-937117.8088359158
40000.0,6734.699999999999,298.0001261200901,-887892.8695452586
38500.0,7901.099999999999,291.0001101334117,-916496.7608990716
40000.0,8144.1,294.0001647545629,-937157.1813379686
39000.0,6086.699999999999,293.0001172386021,-916494.22071384
40500.0,6329.7,296.0001718597533,-937154.641152737
39000.0,7496.1,289.0001558730749,-965758.53250655
40000.0,10215.9,256.0001499520829,-884986.6657590731
38500.0,11382.3,249.0001339654045,-913590.5571128861
40000.0,11625.3,252.0001885865557,-934250.9775517831
39000.0,9567.899999999998,251.0001410705949,-913588.0169276545
40500.0,9810.9,254.0001956917461,-934248.4373665515
39000.0,10977.3,247.0001797050677,-962852.3287203645
39500.0,10215.899999999998,251.0001739321005,-913627.3894297073
41000.0,10458.9,254.0002285532517,-934287.8098686043
39500.0,11625.3,247.00021256657328,-962891.7012224173
40000.0,9810.9,249.0002196717637,-962889.1610371857
39000.0,7887.599999999999,316.0000860793817,-890328.7872284374
39500.0,6073.199999999999,318.0000931845721,-890326.2470432058
38000.0,7239.599999999999,311.0000771978937,-918930.1383970188
39500.0,7482.6,314.0001318190449,-939590.5588359158
40000.0,6721.199999999999,318.0001260460777,-890365.6195452586
38500.0,7887.599999999999,311.0001100593993,-918969.5108990716
40000.0,8130.6,314.0001646805505,-939629.9313379686
39000.0,6073.199999999999,313.0001171645897,-918966.97071384
40500.0,6316.2,316.0001717857409,-939627.391152737
39000.0,7482.6,309.0001557990625,-968231.28250655
40000.0,10202.4,276.0001498780705,-887459.4157590731
38500.0,11368.8,269.00013389139207,-916063.3071128861
40000.0,11611.8,272.0001885125433,-936723.7275517831
39000.0,9554.399999999998,271.0001409965825,-916060.7669276545
40500.0,9797.4,274.0001956177337,-936721.1873665515
39000.0,10963.8,267.0001796310553,-965325.0787203645
39500.0,10202.399999999998,271.0001738580881,-916100.1394297073
41000.0,10445.4,274.0002284792393,-936760.5598686043
39500.0,11611.8,267.0002124925609,-965364.4512224173
40000.0,9797.4,269.0002195977513,-965361.9110371857
40500.0,10215.9,276.0001499520829,-887459.4157590731
39000.0,11382.3,269.0001339654045,-916063.3071128861
40500.0,11625.3,272.0001885865557,-936723.7275517831
39500.0,9567.899999999998,271.0001410705949,-916060.7669276545
41000.0,9810.9,274.0001956917461,-936721.1873665515
39500.0,10977.3,267.0001797050677,-965325.0787203645
40000.0,10215.899999999998,271.0001739321005,-916100.1394297073
41500.0,10458.9,274.0002285532517,-936760.5598686043
40000.0,11625.3,267.0002125665733,-965364.4512224173
40500.0,9810.9,269.0002196717637,-965361.9110371857
40000.0,13697.099999999999,229.0001977640933,-913193.9356435218
41500.0,13940.1,232.0002523852445,-933854.3560824188
40000.0,15106.5,225.0002363985661,-962458.2474362318
40500.0,13292.099999999999,227.0002435037565,-962455.7072510002
41000.0,13940.099999999999,227.0002763652621,-962495.079753053
23000.0,3622.932,268.0000265822936,-891193.86851257
23500.0,4270.932,268.00005944379916,-891233.2410146229
24000.0,2456.5319999999997,270.0000665489896,-891230.7008293913
22500.0,3622.932,263.0000505623112,-919834.5921832043
24000.0,3865.9320000000002,266.0001051834624,-940495.0126221012
23500.0,7752.132,226.00008327579198,-888327.0372284374
24000.0,5937.732,228.00009038098239,-888324.4970432058
22500.0,7104.132,221.000074394304,-916928.3883970188
24000.0,7347.132,224.00012901545517,-937588.8088359158
24500.0,6585.732,228.00012324248797,-888363.8695452586
23000.0,7752.132,221.00010725580958,-916967.7608990716
24500.0,7995.132,224.0001618769608,-937628.1813379686
23500.0,5937.732,223.000114361,-916965.22071384
25000.0,6180.732,226.0001689821512,-937625.641152737
23500.0,7347.132,219.00015299547277,-966229.53250655
24000.0,7765.632,226.00008334980438,-888327.0372284374
24500.0,5951.232,228.0000904549948,-888324.4970432058
23000.0,7117.632,221.00007446831637,-916928.3883970188
24500.0,7360.632,224.00012908946758,-937588.8088359158
25000.0,6599.232,228.00012331650038,-888363.8695452586
23500.0,7765.632,221.000107329822,-916967.7608990716
25000.0,8008.632,224.0001619509732,-937628.1813379686
24000.0,5951.232,223.0001144350124,-916965.22071384
25500.0,6194.232,226.00016905616357,-937625.641152737
24000.0,7360.632,219.00015306948518,-966229.53250655
25000.0,10080.431999999999,186.00014714849317,-885457.6657590731
23500.0,11246.831999999999,179.00013116181478,-914061.5571128861
25000.0,11489.832,182.00018578296599,-934721.9775517831
24000.0,9432.432,181.00013826700518,-914059.0169276545
25500.0,9675.432,184.0001928881564,-934719.4373665515
24000.0,10841.832,177.00017690147797,-963323.3287203645
24500.0,10080.432,181.00017112851077,-914098.3894297073
26000.0,10323.432,184.00022574966198,-934758.8098686043
24500.0,11489.832,177.0002097629836,-963362.7012224173
25000.0,9675.432,179.000216868174,-963360.1610371857
24000.0,7752.132,246.00008327579198,-890799.7872284374
24500.0,5937.732,248.00009038098239,-890797.2470432058
23000.0,7104.132,241.000074394304,-919401.1383970188
24500.0,7347.132,244.00012901545517,-940061.5588359158
25000.0,6585.732,248.00012324248797,-890836.6195452586
23500.0,7752.132,241.00010725580958,-919440.5108990716
25000.0,7995.132,244.0001618769608,-940100.9313379686
24000.0,5937.732,243.000114361,-919437.97071384
25500.0,6180.732,246.0001689821512,-940098.391152737
24000.0,7347.132,239.00015299547277,-968702.28250655
25000.0,10066.931999999999,206.0001470744808,-887930.4157590731
23500.0,11233.331999999999,199.00013108780237,-916534.3071128861
25000.0,11476.332,202.00018570895358,-937194.7275517831
24000.0,9418.932,201.00013819299278,-916531.7669276545
25500.0,9661.932,204.000192814144,-937192.1873665515
24000.0,10828.332,197.0001768274656,-965796.0787203645
24500.0,10066.932,201.0001710544984,-916571.1394297073
26000.0,10309.932,204.00022567564957,-937231.5598686043
24500.0,11476.332,197.00020968897118,-965835.4512224173
25000.0,9661.932,199.0002167941616,-965832.9110371857
25500.0,10080.431999999999,206.00014714849317,-887930.4157590731
24000.0,11246.831999999999,199.00013116181478,-916534.3071128861
25500.0,11489.832,202.00018578296599,-937194.7275517831
24500.0,9432.432,201.00013826700518,-916531.7669276545
26000.0,9675.432,204.0001928881564,-937192.1873665515
24500.0,10841.832,197.00017690147797,-965796.0787203645
25000.0,10080.432,201.00017112851077,-916571.1394297073
26500.0,10323.432,204.00022574966198,-937231.5598686043
25000.0,11489.832,197.0002097629836,-965835.4512224173
25500.0,9675.432,199.000216868174,-965832.9110371857
25000.0,13561.631999999998,159.0001949605036,-913664.9356435218
26500.0,13804.632,162.00024958165477,-934325.3560824188
25000.0,14971.032,155.00023359497638,-962929.2474362318
25500.0,13156.632000000001,157.00024070016678,-962926.7072510002
26000.0,13804.632000000001,157.00027356167237,-962966.079753053
24500.0,7765.632,246.00008334980438,-890799.7872284374
25000.0,5951.232,248.0000904549948,-890797.2470432058
23500.0,7117.632,241.00007446831637,-919401.1383970188
25000.0,7360.632,244.00012908946758,-940061.5588359158
25500.0,6599.232,248.00012331650038,-890836.6195452586
24000.0,7765.632,241.000107329822,-919440.5108990716
25500.0,8008.632,244.0001619509732,-940100.9313379686
24500.0,5951.232,243.0001144350124,-919437.97071384
26000.0,6194.232,246.00016905616357,-940098.391152737
24500.0,7360.632,239.00015306948518,-968702.28250655
25500.0,10080.431999999999,206.00014714849317,-887930.4157590731
24000.0,11246.831999999999,199.00013116181478,-916534.3071128861
25500.0,11489.832,202.00018578296599,-937194.7275517831
24500.0,9432.432,201.00013826700518,-916531.7669276545
26000.0,9675.432,204.0001928881564,-937192.1873665515
24500.0,10841.832,197.00017690147797,-965796.0787203645
25000.0,10080.432,201.00017112851077,-916571.1394297073
26500.0,10323.432,204.00022574966198,-937231.5598686043
25000.0,11489.832,197.0002097629836,-965835.4512224173
25500.0,9675.432,199.000216868174,-965832.9110371857
26000.0,10093.931999999999,206.00014722250557,-887930.4157590731
24500.0,11260.331999999999,199.00013123582718,-916534.3071128861
26000.0,11503.332,202.0001858569784,-937194.7275517831
25000.0,9445.932,201.0001383410176,-916531.7669276545
26500.0,9688.932,204.0001929621688,-937192.1873665515
25000.0,10855.332,197.00017697549038,-965796.0787203645
25500.0,10093.932,201.00017120252318,-916571.1394297073
27000.0,10336.932,204.00022582367438,-937231.5598686043
25500.0,11503.332,197.000209836996,-965835.4512224173
26000.0,9688.932,199.00021694218637,-965832.9110371857
25500.0,13575.131999999998,159.000195034516,-913664.9356435218
27000.0,13818.132,162.00024965566718,-934325.3560824188
25500.0,14984.532,155.00023366898878,-962929.2474362318
26000.0,13170.132000000001,157.0002407741792,-962926.7072510002
26500.0,13818.132000000001,157.00027363568478,-962966.079753053
26000.0,10080.431999999999,226.00014714849317,-890403.1657590731
24500.0,11246.831999999999,219.00013116181478,-919007.0571128861
26000.0,11489.832,222.00018578296599,-939667.4775517831
25000.0,9432.432,221.00013826700518,-919004.5169276545
26500.0,9675.432,224.0001928881564,-939664.9373665515
25000.0,10841.832,217.00017690147797,-968268.8287203645
25500.0,10080.432,221.00017112851077,-919043.8894297073
27000.0,10323.432,224.00022574966198,-939704.3098686043
25500.0,11489.832,217.0002097629836,-968308.2012224173
26000.0,9675.432,219.000216868174,-968305.6610371857
25500.0,13561.631999999998,179.0001949605036,-916137.6856435218
27000.0,13804.632,182.00024958165477,-936798.1060824188
25500.0,14971.032,175.00023359497638,-965401.9974362318
26000.0,13156.632000000001,177.00024070016678,-965399.4572510002
26500.0,13804.632000000001,177.00027356167237,-965438.829753053
26000.0,13575.131999999998,179.000195034516,-916137.6856435218
27500.0,13818.132,182.00024965566718,-936798.1060824188
26000.0,14984.532,175.00023366898878,-965401.9974362318
26500.0,13170.132000000001,177.0002407741792,-965399.4572510002
27000.0,13818.132000000001,177.00027363568478,-965438.829753053
27000.0,17299.332,135.0002974676776,-962532.6259668675
24000.0,3684.1679999999997,268.0000273016941,-891193.86851257
24500.0,4332.168,268.0000601631997,-891233.2410146229
25000.0,2517.7679999999996,270.0000672683901,-891230.7008293913
23500.0,3684.1679999999997,263.0000512817117,-919834.5921832043
25000.0,3927.168,266.0001059028629,-940495.0126221012
24500.0,7813.3679999999995,226.0000839951925,-888327.0372284374
25000.0,5998.967999999999,228.00009110038292,-888324.4970432058
23500.0,7165.3679999999995,221.00007511370453,-916928.3883970188
25000.0,7408.368,224.0001297348557,-937588.8088359158
25500.0,6646.967999999999,228.0001239618885,-888363.8695452586
24000.0,7813.3679999999995,221.0001079752101,-916967.7608990716
25500.0,8056.368,224.00016259636132,-937628.1813379686
24500.0,5998.967999999999,223.00011508040052,-916965.22071384
26000.0,6241.968,226.0001697015517,-937625.641152737
24500.0,7408.368,219.0001537148733,-966229.53250655
25000.0,7826.8679999999995,226.00008406920492,-888327.0372284374
25500.0,6012.467999999999,228.00009117439532,-888324.4970432058
24000.0,7178.8679999999995,221.0000751877169,-916928.3883970188
25500.0,7421.868,224.0001298088681,-937588.8088359158
26000.0,6660.467999999999,228.0001240359009,-888363.8695452586
24500.0,7826.8679999999995,221.00010804922252,-916967.7608990716
26000.0,8069.868,224.00016267037373,-937628.1813379686
25000.0,6012.467999999999,223.00011515441292,-916965.22071384
26500.0,6255.468,226.0001697755641,-937625.641152737
25000.0,7421.868,219.0001537888857,-966229.53250655
26000.0,10141.668,186.0001478678937,-885457.6657590731
24500.0,11308.068,179.0001318812153,-914061.5571128861
26000.0,11551.068,182.00018650236652,-934721.9775517831
25000.0,9493.667999999998,181.00013898640572,-914059.0169276545
26500.0,9736.668,184.00019360755692,-934719.4373665515
25000.0,10903.068,177.0001776208785,-963323.3287203645
25500.0,10141.667999999998,181.0001718479113,-914098.3894297073
27000.0,10384.668,184.0002264690625,-934758.8098686043
25500.0,11551.068,177.00021048238412,-963362.7012224173
26000.0,9736.668,179.00021758757453,-963360.1610371857
25000.0,7813.3679999999995,246.0000839951925,-890799.7872284374
25500.0,5998.967999999999,248.00009110038292,-890797.2470432058
24000.0,7165.3679999999995,241.00007511370453,-919401.1383970188
25500.0,7408.368,244.0001297348557,-940061.5588359158
26000.0,6646.967999999999,248.0001239618885,-890836.6195452586
24500.0,7813.3679999999995,241.0001079752101,-919440.5108990716
26000.0,8056.368,244.00016259636132,-940100.9313379686
25000.0,5998.967999999999,243.00011508040052,-919437.97071384
26500.0,6241.968,246.0001697015517,-940098.391152737
25000.0,7408.368,239.0001537148733,-968702.28250655
26000.0,10128.168,206.00014779388133,-887930.4157590731
24500.0,11294.568,199.0001318072029,-916534.3071128861
26000.0,11537.568,202.0001864283541,-937194.7275517831
25000.0,9480.167999999998,201.0001389123933,-916531.7669276545
26500.0,9723.168,204.00019353354452,-937192.1873665515
25000.0,10889.568,197.0001775468661,-965796.0787203645
25500.0,10128.167999999998,201.0001717738989,-916571.1394297073
27000.0,10371.168,204.0002263950501,-937231.5598686043
25500.0,11537.568,197.00021040837171,-965835.4512224173
26000.0,9723.168,199.00021751356212,-965832.9110371857
26500.0,10141.668,206.0001478678937,-887930.4157590731
25000.0,11308.068,199.0001318812153,-916534.3071128861
26500.0,11551.068,202.00018650236652,-937194.7275517831
25500.0,9493.667999999998,201.00013898640572,-916531.7669276545
27000.0,9736.668,204.00019360755692,-937192.1873665515
25500.0,10903.068,197.0001776208785,-965796.0787203645
26000.0,10141.667999999998,201.0001718479113,-916571.1394297073
27500.0,10384.668,204.0002264690625,-937231.5598686043
26000.0,11551.068,197.00021048238412,-965835.4512224173
26500.0,9736.668,199.00021758757453,-965832.9110371857
26000.0,13622.867999999999,159.00019567990412,-913664.9356435218
27500.0,13865.868,162.0002503010553,-934325.3560824188
26000.0,15032.268,155.0002343143769,-962929.2474362318
26500.0,13217.867999999999,157.00024141956732,-962926.7072510002
27000.0,13865.867999999999,157.0002742810729,-962966.079753053
25500.0,7826.8679999999995,246.00008406920492,-890799.7872284374
26000.0,6012.467999999999,248.00009117439532,-890797.2470432058
24500.0,7178.8679999999995,241.0000751877169,-919401.1383970188
26000.0,7421.868,244.0001298088681,-940061.5588359158
26500.0,6660.467999999999,248.0001240359009,-890836.6195452586
25000.0,7826.8679999999995,241.00010804922252,-919440.5108990716
26500.0,8069.868,244.00016267037373,-940100.9313379686
25500.0,6012.467999999999,243.00011515441292,-919437.97071384
27000.0,6255.468,246.0001697755641,-940098.391152737
25500.0,7421.868,239.0001537888857,-968702.28250655
26500.0,10141.668,206.0001478678937,-887930.4157590731
25000.0,11308.068,199.0001318812153,-916534.3071128861
26500.0,11551.068,202.00018650236652,-937194.7275517831
25500.0,9493.667999999998,201.00013898640572,-916531.7669276545
27000.0,9736.668,204.00019360755692,-937192.1873665515
25500.0,10903.068,197.0001776208785,-965796.0787203645
26000.0,10141.667999999998,201.0001718479113,-916571.1394297073
27500.0,10384.668,204.0002264690625,-937231.5598686043
26000.0,11551.068,197.00021048238412,-965835.4512224173
26500.0,9736.668,199.00021758757453,-965832.9110371857
27000.0,10155.168,206.0001479419061,-887930.4157590731
25500.0,11321.568,199.00013195522772,-916534.3071128861
27000.0,11564.568,202.00018657637892,-937194.7275517831
26000.0,9507.167999999998,201.00013906041812,-916531.7669276545
27500.0,9750.168,204.0001936815693,-937192.1873665515
26000.0,10916.568,197.0001776948909,-965796.0787203645
26500.0,10155.167999999998,201.0001719219237,-916571.1394297073
28000.0,10398.168,204.00022654307492,-937231.5598686043
26500.0,11564.568,197.00021055639652,-965835.4512224173
27000.0,9750.168,199.0002176615869,-965832.9110371857
26500.0,13636.367999999999,159.0001957539165,-913664.9356435218
28000.0,13879.368,162.0002503750677,-934325.3560824188
26500.0,15045.768,155.00023438838932,-962929.2474362318
27000.0,13231.367999999999,157.00024149357972,-962926.7072510002
27500.0,13879.367999999999,157.0002743550853,-962966.079753053
27000.0,10141.668,226.0001478678937,-890403.1657590731
25500.0,11308.068,219.0001318812153,-919007.0571128861
27000.0,11551.068,222.00018650236652,-939667.4775517831
26000.0,9493.667999999998,221.00013898640572,-919004.5169276545
27500.0,9736.668,224.00019360755692,-939664.9373665515
26000.0,10903.068,217.0001776208785,-968268.8287203645
26500.0,10141.667999999998,221.0001718479113,-919043.8894297073
28000.0,10384.668,224.0002264690625,-939704.3098686043
26500.0,11551.068,217.00021048238412,-968308.2012224173
27000.0,9736.668,219.00021758757453,-968305.6610371857
26500.0,13622.867999999999,179.00019567990412,-916137.6856435218
28000.0,13865.868,182.0002503010553,-936798.1060824188
26500.0,15032.268,175.0002343143769,-965401.9974362318
27000.0,13217.867999999999,177.00024141956732,-965399.4572510002
27500.0,13865.867999999999,177.0002742810729,-965438.829753053
27000.0,13636.367999999999,179.0001957539165,-916137.6856435218
28500.0,13879.368,182.0002503750677,-936798.1060824188
27000.0,15045.768,175.00023438838932,-965401.9974362318
27500.0,13231.367999999999,177.00024149357972,-965399.4572510002
28000.0,13879.367999999999,177.0002743550853,-965438.829753053
28000.0,17360.568,135.0002981870781,-962532.6259668675
10500.0,7691.4,176.0000812656152,-7414.964929681855
11000.0,5877.0,178.0000883708056,-7412.424744450178
9500.0,7043.4,171.0000723841272,-36016.316098263225
11000.0,7286.4,174.0001270052784,-56676.73653716017
11500.0,6525.0,178.0001212323112,-7451.797246503065
10000.0,7691.4,171.0001052456328,-36055.68860031611
11500.0,7934.4,174.000159866784,-56716.10903921306
10500.0,5877.0,173.0001123508232,-36053.14841508443
12000.0,6120.0,176.0001669719744,-56713.56885398138
10500.0,7286.4,169.000150985296,-85317.46020779441
11500.0,10006.199999999999,136.000145064304,-4545.593460317549
10000.0,11172.599999999999,129.0001290776256,-33149.48481413059
11500.0,11415.6,132.0001836987768,-53809.90525302754
10500.0,9358.2,131.000136182816,-33146.94462889891
12000.0,9601.2,134.0001908039672,-53807.365067795865
10500.0,10767.6,127.0001748172888,-82411.25642160891
11000.0,10006.2,131.0001690443216,-33186.31713095181
12500.0,10249.2,134.0002236654728,-53846.737569848745
11000.0,11415.6,127.0002076787944,-82450.6289236618
11500.0,9601.2,129.0002147839848,-82448.08873843012
12000.0,10019.699999999999,136.0001451383164,-4545.593460317549
10500.0,11186.099999999999,129.000129151638,-33149.48481413059
12000.0,11429.1,132.0001837727892,-53809.90525302754
11000.0,9371.7,131.0001362568284,-33146.94462889891
12500.0,9614.7,134.0001908779796,-53807.365067795865
11000.0,10781.1,127.0001748913012,-82411.25642160891
11500.0,10019.7,131.000169118334,-33186.31713095181
13000.0,10262.7,134.0002237394852,-53846.737569848745
11500.0,11429.1,127.0002077528068,-82450.6289236618
12000.0,9614.7,129.0002148579972,-82448.08873843012
11500.0,13500.899999999998,89.0001929503268,-30280.113344766287
13000.0,13743.9,92.000247571478,-50940.53378366323
11500.0,14910.3,85.0002315847996,-79544.42513747627
12000.0,13095.900000000001,87.00023868999,-79541.8849522446
12500.0,13743.900000000001,87.0002715514956,-79581.25745429749
12000.0,10006.199999999999,156.000145064304,-7018.343460317549
10500.0,11172.599999999999,149.0001290776256,-35622.23481413059
12000.0,11415.6,152.0001836987768,-56282.65525302754
11000.0,9358.2,151.000136182816,-35619.69462889891
12500.0,9601.2,154.0001908039672,-56280.115067795865
11000.0,10767.6,147.0001748172888,-84884.00642160891
11500.0,10006.2,151.0001690443216,-35659.06713095181
13000.0,10249.2,154.0002236654728,-56319.487569848745
11500.0,11415.6,147.0002076787944,-84923.3789236618
12000.0,9601.2,149.0002147839848,-84920.83873843012
11500.0,13487.399999999998,109.0001928763144,-32752.863344766287
13000.0,13730.4,112.0002474974656,-53413.28378366323
11500.0,14896.8,105.0002315107872,-82017.17513747627
12000.0,13082.400000000001,107.0002386159776,-82014.6349522446
12500.0,13730.400000000001,107.0002714774832,-82054.00745429749
12000.0,13500.899999999998,109.0001929503268,-32752.863344766287
13500.0,13743.9,112.000247571478,-53413.28378366323
12000.0,14910.3,105.0002315847996,-82017.17513747627
12500.0,13095.900000000001,107.00023868999,-82014.6349522446
13000.0,13743.900000000001,107.0002715514956,-82054.00745429749
13000.0,17225.1,65.0002953834884,-79147.80366811197
12500.0,10019.699999999999,156.0001451383164,-7018.343460317549
11000.0,11186.099999999999,149.000129151638,-35622.23481413059
12500.0,11429.1,152.0001837727892,-56282.65525302754
11500.0,9371.7,151.0001362568284,-35619.69462889891
13000.0,9614.7,154.0001908779796,-56280.115067795865
11500.0,10781.1,147.0001748913012,-84884.00642160891
12000.0,10019.7,151.000169118334,-35659.06713095181
13500.0,10262.7,154.0002237394852,-56319.487569848745
12000.0,11429.1,147.0002077528068,-84923.3789236618
12500.0,9614.7,149.0002148579972,-84920.83873843012
12000.0,13500.899999999998,109.0001929503268,-32752.863344766287
13500.0,13743.9,112.000247571478,-53413.28378366323
12000.0,14910.3,105.0002315847996,-82017.17513747627
12500.0,13095.900000000001,107.00023868999,-82014.6349522446
13000.0,13743.900000000001,107.0002715514956,-82054.00745429749
12500.0,13514.399999999998,109.0001930243392,-32752.863344766287
14000.0,13757.4,112.0002476454904,-53413.28378366323
12500.0,14923.8,105.000231658812,-82017.17513747627
13000.0,13109.400000000001,107.0002387640024,-82014.6349522446
13500.0,13757.400000000001,107.000271625508,-82054.00745429749
13500.0,17238.6,65.0002954575008,-79147.80366811197
12500.0,13500.899999999998,129.0001929503268,-37698.36334476629
14000.0,13743.9,132.000247571478,-58358.78378366323
12500.0,14910.3,125.0002315847996,-86962.67513747627
13000.0,13095.900000000001,127.00023868999,-86960.1349522446
13500.0,13743.900000000001,127.0002715514956,-86999.50745429748
13500.0,17225.1,85.0002953834884,-84093.30366811197
14000.0,17238.6,85.0002954575008,-84093.30366811197
57000.0,339.45000000000005,470.0000074905483,-888212.5722987555
57500.0,352.95000000000005,470.0000075645607,-888212.5722987555
57500.0,3834.1499999999996,428.0000313965535,-885306.36851257
58000.0,4482.15,428.00006425805907,-885345.7410146229
58500.0,2667.75,430.0000713632495,-885343.2008293913
57000.0,3834.1499999999996,423.0000553765711,-913947.0921832043
58500.0,4077.1500000000005,426.0001099977223,-934607.5126221012
57500.0,339.45000000000005,490.0000074905483,-890685.3222987555
57500.0,3820.6499999999996,448.0000313225411,-887779.11851257
58000.0,4468.65,448.0000641840467,-887818.4910146229
58500.0,2654.25,450.0000712892371,-887815.9508293913
57000.0,3820.6499999999996,443.0000553025587,-916419.8421832043
58500.0,4063.6500000000005,446.0001099237099,-937080.2626221012
58000.0,3834.1499999999996,448.0000313965535,-887779.11851257
58500.0,4482.15,448.00006425805907,-887818.4910146229
59000.0,2667.75,450.0000713632495,-887815.9508293913
57500.0,3834.1499999999996,443.0000553765711,-916419.8421832043
59000.0,4077.1500000000005,446.0001099977223,-937080.2626221012
58500.0,7963.349999999999,406.0000880900519,-884912.2872284374
59000.0,6148.949999999999,408.0000951952423,-884909.7470432058
57500.0,7315.349999999999,401.0000792085639,-913513.6383970188
59000.0,7558.35,404.0001338297151,-934174.0588359158
59500.0,6796.949999999999,408.0001280567479,-884949.1195452586
58000.0,7963.349999999999,401.0001120700695,-913553.0108990716
59500.0,8206.35,404.00016669122067,-934213.4313379686
58500.0,6148.95,403.0001191752599,-913550.47071384
60000.0,6391.950000000001,406.0001737964111,-934210.891152737
58500.0,7558.35,399.0001578097327,-962814.78250655
58000.0,352.95000000000005,490.0000075645607,-890685.3222987555
58000.0,3834.1499999999996,448.0000313965535,-887779.11851257
58500.0,4482.15,448.00006425805907,-887818.4910146229
59000.0,2667.75,450.0000713632495,-887815.9508293913
57500.0,3834.1499999999996,443.0000553765711,-916419.8421832043
59000.0,4077.1500000000005,446.0001099977223,-937080.2626221012
58500.0,3847.6499999999996,448.0000314705659,-887779.11851257
59000.0,4495.65,448.0000643320715,-887818.4910146229
59500.0,2681.25,450.0000714372619,-887815.9508293913
58000.0,3847.6499999999996,443.0000554505835,-916419.8421832043
59500.0,4090.6500000000005,446.0001100717347,-937080.2626221012
59000.0,7976.849999999999,406.0000881640643,-884912.2872284374
59500.0,6162.449999999999,408.0000952692547,-884909.7470432058
58000.0,7328.849999999999,401.0000792825763,-913513.6383970188
59500.0,7571.85,404.0001339037275,-934174.0588359158
60000.0,6810.449999999999,408.0001281307603,-884949.1195452586
58500.0,7976.849999999999,401.00011214408187,-913553.0108990716
60000.0,8219.85,404.0001667652331,-934213.4313379686
59000.0,6162.45,403.0001192492723,-913550.47071384
60500.0,6405.450000000001,406.0001738704235,-934210.891152737
59000.0,7571.85,399.0001578837451,-962814.78250655
58500.0,3834.1499999999996,468.0000313965535,-890251.86851257
59000.0,4482.15,468.00006425805907,-890291.2410146229
59500.0,2667.75,470.0000713632495,-890288.7008293913
58000.0,3834.1499999999996,463.0000553765711,-918892.5921832043
59500.0,4077.1500000000005,466.0001099977223,-939553.0126221012
59000.0,7963.349999999999,426.0000880900519,-887385.0372284374
59500.0,6148.949999999999,428.0000951952423,-887382.4970432058
58000.0,7315.349999999999,421.0000792085639,-915986.3883970188
59500.0,7558.35,424.0001338297151,-936646.8088359158
60000.0,6796.949999999999,428.0001280567479,-887421.8695452586
58500.0,7963.349999999999,421.0001120700695,-916025.7608990716
60000.0,8206.35,424.00016669122067,-936686.1813379686
59000.0,6148.95,423.0001191752599,-916023.22071384
60500.0,6391.950000000001,426.0001737964111,-936683.641152737
59000.0,7558.35,419.0001578097327,-965287.53250655
59500.0,7976.849999999999,426.0000881640643,-887385.0372284374
60000.0,6162.449999999999,428.0000952692547,-887382.4970432058
58500.0,7328.849999999999,421.0000792825763,-915986.3883970188
60000.0,7571.85,424.0001339037275,-936646.8088359158
60500.0,6810.449999999999,428.0001281307603,-887421.8695452586
59000.0,7976.849999999999,421.00011214408187,-916025.7608990716
60500.0,8219.85,424.0001667652331,-936686.1813379686
59500.0,6162.45,423.0001192492723,-916023.22071384
61000.0,6405.450000000001,426.0001738704235,-936683.641152737
59500.0,7571.85,419.0001578837451,-965287.53250655
60500.0,10291.65,386.0001519627531,-884515.6657590731
59000.0,11458.05,379.0001359760747,-913119.5571128861
60500.0,11701.05,382.0001905972259,-933779.9775517831
59500.0,9643.649999999998,381.0001430812651,-913117.0169276545
61000.0,9886.65,384.0001977024163,-933777.4373665515
59500.0,11053.05,377.0001817157379,-962381.3287203645
60000.0,10291.649999999998,381.0001759427707,-913156.3894297073
61500.0,10534.65,384.0002305639219,-933816.8098686043
60000.0,11701.05,377.00021457724347,-962420.7012224173
60500.0,9886.65,379.0002216824339,-962418.1610371857
43000.0,217.482,420.00000476097097,-891156.3222987555
43000.0,3698.682,378.00002859296376,-888250.11851257
43500.0,4346.682,378.0000614544694,-888289.4910146229
44000.0,2532.2819999999997,380.0000685596598,-888286.9508293913
42500.0,3698.682,373.00005257298136,-916890.8421832043
44000.0,3941.6820000000002,376.00010719413257,-937551.2626221012
43500.0,3712.182,378.00002866697616,-888250.11851257
44000.0,4360.182,378.0000615284818,-888289.4910146229
44500.0,2545.7819999999997,380.0000686336722,-888286.9508293913
43000.0,3712.182,373.00005264699377,-916890.8421832043
44500.0,3955.1820000000002,376.000107268145,-937551.2626221012
44000.0,7841.382,336.0000853604746,-885383.2872284374
44500.0,6026.982,338.000092465665,-885380.7470432058
43000.0,7193.382,331.00007647898656,-913984.6383970188
44500.0,7436.382,334.00013110013776,-934645.0588359158
45000.0,6674.982,338.00012532717057,-885420.1195452586
43500.0,7841.382,331.0001093404922,-914024.0108990716
45000.0,8084.382,334.0001639616434,-934684.4313379686
44000.0,6026.982,333.0001164456826,-914021.47071384
45500.0,6269.982,336.0001710668338,-934681.891152737
44000.0,7436.382,329.00015508015537,-963285.78250655
43500.0,3698.682,398.00002859296376,-890722.86851257
44000.0,4346.682,398.0000614544694,-890762.2410146229
44500.0,2532.2819999999997,400.0000685596598,-890759.7008293913
43000.0,3698.682,393.00005257298136,-919363.5921832043
44500.0,3941.6820000000002,396.00010719413257,-940024.0126221012
44000.0,7827.882,356.0000852864622,-887856.0372284374
44500.0,6013.482,358.0000923916526,-887853.4970432058
43000.0,7179.882,351.0000764049742,-916457.3883970188
44500.0,7422.882,354.00013102612536,-937117.8088359158
45000.0,6661.482,358.00012525315816,-887892.8695452586
43500.0,7827.882,351.0001092664798,-916496.7608990716
45000.0,8070.882,354.000163887631,-937157.1813379686
44000.0,6013.482,353.0001163716702,-916494.22071384
45500.0,6256.482,356.0001709928214,-937154.641152737
44000.0,7422.882,349.00015500614296,-965758.53250655
44500.0,7841.382,356.0000853604746,-887856.0372284374
45000.0,6026.982,358.000092465665,-887853.4970432058
43500.0,7193.382,351.00007647898656,-916457.3883970188
45000.0,7436.382,354.00013110013776,-937117.8088359158
45500.0,6674.982,358.00012532717057,-887892.8695452586
44000.0,7841.382,351.0001093404922,-916496.7608990716
45500.0,8084.382,354.0001639616434,-937157.1813379686
44500.0,6026.982,353.0001164456826,-916494.22071384
46000.0,6269.982,356.0001710668338,-937154.641152737
44500.0,7436.382,349.00015508015537,-965758.53250655
45500.0,10156.181999999999,316.00014915916336,-884986.6657590731
44000.0,11322.581999999999,309.000133172485,-913590.5571128861
45500.0,11565.582,312.0001877936362,-934250.9775517831
44500.0,9508.182,311.00014027767537,-913588.0169276545
46000.0,9751.182,314.0001948988266,-934248.4373665515
44500.0,10917.582,307.00017891214816,-962852.3287203645
45000.0,10156.182,311.00017313918096,-913627.3894297073
46500.0,10399.182,314.00022776033217,-934287.8098686043
45000.0,11565.582,307.0002117736538,-962891.7012224173
45500.0,9751.182,309.0002188788442,-962889.1610371857
44000.0,3712.182,398.00002866697616,-890722.86851257
44500.0,4360.182,398.0000615284818,-890762.2410146229
45000.0,2545.7819999999997,400.0000686336722,-890759.7008293913
43500.0,3712.182,393.00005264699377,-919363.5921832043
45000.0,3955.1820000000002,396.000107268145,-940024.0126221012
44500.0,7841.382,356.0000853604746,-887856.0372284374
45000.0,6026.982,358.000092465665,-887853.4970432058
43500.0,7193.382,351.00007647898656,-916457.3883970188
45000.0,7436.382,354.00013110013776,-937117.8088359158
45500.0,6674.982,358.00012532717057,-887892.8695452586
44000.0,7841.382,351.0001093404922,-916496.7608990716
45500.0,8084.382,354.0001639616434,-937157.1813379686
44500.0,6026.982,353.0001164456826,-916494.22071384
46000.0,6269.982,356.0001710668338,-937154.641152737
44500.0,7436.382,349.00015508015537,-965758.53250655
45000.0,7854.882,356.000085434487,-887856.0372284374
45500.0,6040.482,358.0000925396774,-887853.4970432058
44000.0,7206.882,351.00007655299896,-916457.3883970188
45500.0,7449.882,354.00013117415017,-937117.8088359158
46000.0,6688.482,358.00012540118297,-887892.8695452586
44500.0,7854.882,351.0001094145046,-916496.7608990716
46000.0,8097.882,354.00016403565576,-937157.1813379686
45000.0,6040.482,353.000116519695,-916494.22071384
46500.0,6283.482,356.0001711408462,-937154.641152737
45000.0,7449.882,349.00015515416777,-965758.53250655
46000.0,10169.681999999999,316.00014923317576,-884986.6657590731
44500.0,11336.081999999999,309.0001332464974,-913590.5571128861
46000.0,11579.082,312.0001878676486,-934250.9775517831
45000.0,9521.682,311.0001403516878,-913588.0169276545
46500.0,9764.682,314.000194972839,-934248.4373665515
45000.0,10931.082,307.00017898616056,-962852.3287203645
45500.0,10169.682,311.00017321319336,-913627.3894297073
47000.0,10412.682,314.00022783434457,-934287.8098686043
45500.0,11579.082,307.0002118476662,-962891.7012224173
46000.0,9764.682,309.0002189528566,-962889.1610371857
45000.0,7841.382,376.0000853604746,-890328.7872284374
45500.0,6026.982,378.000092465665,-890326.2470432058
44000.0,7193.382,371.00007647898656,-918930.1383970188
45500.0,7436.382,374.00013110013776,-939590.5588359158
46000.0,6674.982,378.00012532717057,-890365.6195452586
44500.0,7841.382,371.0001093404922,-918969.5108990716
46000.0,8084.382,374.0001639616434,-939629.9313379686
45000.0,6026.982,373.0001164456826,-918966.97071384
46500.0,6269.982,376.0001710668338,-939627.391152737
45000.0,7436.382,369.00015508015537,-968231.28250655
46000.0,10156.181999999999,336.00014915916336,-887459.4157590731
44500.0,11322.581999999999,329.000133172485,-916063.3071128861
46000.0,11565.582,332.0001877936362,-936723.7275517831
45000.0,9508.182,331.00014027767537,-916060.7669276545
46500.0,9751.182,334.0001948988266,-936721.1873665515
45000.0,10917.582,327.00017891214816,-965325.0787203645
45500.0,10156.182,331.00017313918096,-916100.1394297073
47000.0,10399.182,334.00022776033217,-936760.5598686043
45500.0,11565.582,327.0002117736538,-965364.4512224173
46000.0,9751.182,329.0002188788442,-965361.9110371857
46500.0,10169.681999999999,336.00014923317576,-887459.4157590731
45000.0,11336.081999999999,329.0001332464974,-916063.3071128861
46500.0,11579.082,332.0001878676486,-936723.7275517831
45500.0,9521.682,331.0001403516878,-916060.7669276545
47000.0,9764.682,334.000194972839,-936721.1873665515
45500.0,10931.082,327.00017898616056,-965325.0787203645
46000.0,10169.682,331.00017321319336,-916100.1394297073
47500.0,10412.682,334.00022783434457,-936760.5598686043
46000.0,11579.082,327.0002118476662,-965364.4512224173
46500.0,9764.682,329.0002189528566,-965361.9110371857
46000.0,13650.881999999998,289.0001970451862,-913193.9356435218
47500.0,13893.882,292.00025166633736,-933854.3560824188
46000.0,15060.282,285.000235679659,-962458.2474362318
46500.0,13245.882000000001,287.0002427848494,-962455.7072510002
47000.0,13893.882000000001,287.00027564635496,-962495.079753053
44000.0,278.718,420.0000054803715,-891156.3222987555
44000.0,3759.9179999999997,378.0000293123643,-888250.11851257
44500.0,4407.918,378.00006217386994,-888289.4910146229
45000.0,2593.5179999999996,380.0000692790603,-888286.9508293913
43500.0,3759.9179999999997,373.0000532923819,-916890.8421832043
45000.0,4002.918,376.0001079135331,-937551.2626221012
44500.0,3773.4179999999997,378.0000293863767,-888250.11851257
45000.0,4421.418,378.00006224788234,-888289.4910146229
45500.0,2607.0179999999996,380.0000693530727,-888286.9508293913
44000.0,3773.4179999999997,373.0000533663943,-916890.8421832043
45500.0,4016.418,376.0001079875455,-937551.2626221012
45000.0,7902.6179999999995,336.00008607987513,-885383.2872284374
45500.0,6088.217999999999,338.0000931850655,-885380.7470432058
44000.0,7254.6179999999995,331.0000771983871,-913984.6383970188
45500.0,7497.618,334.0001318195383,-934645.0588359158
46000.0,6736.217999999999,338.0001260465711,-885420.1195452586
44500.0,7902.6179999999995,331.00011005989273,-914024.0108990716
46000.0,8145.618,334.0001646810439,-934684.4313379686
45000.0,6088.217999999999,333.0001171650831,-914021.47071384
46500.0,6331.218,336.0001717862343,-934681.891152737
45000.0,7497.618,329.0001557995559,-963285.78250655
44500.0,3759.9179999999997,398.0000293123643,-890722.86851257
45000.0,4407.918,398.00006217386994,-890762.2410146229
45500.0,2593.5179999999996,400.0000692790603,-890759.7008293913
44000.0,3759.9179999999997,393.0000532923819,-919363.5921832043
45500.0,4002.918,396.0001079135331,-940024.0126221012
45000.0,7889.1179999999995,356.0000860058627,-887856.0372284374
45500.0,6074.717999999999,358.0000931110531,-887853.4970432058
44000.0,7241.1179999999995,351.0000771243747,-916457.3883970188
45500.0,7484.118,354.0001317455259,-937117.8088359158
46000.0,6722.717999999999,358.0001259725587,-887892.8695452586
44500.0,7889.1179999999995,351.00010998588033,-916496.7608990716
46000.0,8132.118,354.00016460703154,-937157.1813379686
45000.0,6074.717999999999,353.0001170910707,-916494.22071384
46500.0,6317.718,356.0001717122219,-937154.641152737
45000.0,7484.118,349.0001557255435,-965758.53250655
45500.0,7902.6179999999995,356.00008607987513,-887856.0372284374
46000.0,6088.217999999999,358.0000931850655,-887853.4970432058
44500.0,7254.6179999999995,351.0000771983871,-916457.3883970188
46000.0,7497.618,354.0001318195383,-937117.8088359158
46500.0,6736.217999999999,358.0001260465711,-887892.8695452586
45000.0,7902.6179999999995,351.00011005989273,-916496.7608990716
46500.0,8145.618,354.0001646810439,-937157.1813379686
45500.0,6088.217999999999,353.0001171650831,-916494.22071384
47000.0,6331.218,356.0001717862343,-937154.641152737
45500.0,7497.618,349.0001557995559,-965758.53250655
46500.0,10217.418,316.0001498785639,-884986.6657590731
45000.0,11383.818,309.0001338918855,-913590.5571128861
46500.0,11626.818,312.00018851303673,-934250.9775517831
45500.0,9569.417999999998,311.0001409970759,-913588.0169276545
47000.0,9812.418,314.0001956182271,-934248.4373665515
45500.0,10978.818,307.0001796315487,-962852.3287203645
46000.0,10217.417999999998,311.0001738585815,-913627.3894297073
47500.0,10460.418,314.0002284797327,-934287.8098686043
46000.0,11626.818,307.00021249305433,-962891.7012224173
46500.0,9812.418,309.0002195982447,-962889.1610371857
45000.0,3773.4179999999997,398.0000293863767,-890722.86851257
45500.0,4421.418,398.00006224788234,-890762.2410146229
46000.0,2607.0179999999996,400.0000693530727,-890759.7008293913
44500.0,3773.4179999999997,393.0000533663943,-919363.5921832043
46000.0,4016.418,396.0001079875455,-940024.0126221012
45500.0,7902.6179999999995,356.00008607987513,-887856.0372284374
46000.0,6088.217999999999,358.0000931850655,-887853.4970432058
44500.0,7254.6179999999995,351.0000771983871,-916457.3883970188
46000.0,7497.618,354.0001318195383,-937117.8088359158
46500.0,6736.217999999999,358.0001260465711,-887892.8695452586
45000.0,7902.6179999999995,351.00011005989273,-916496.7608990716
46500.0,8145.618,354.0001646810439,-937157.1813379686
45500.0,6088.217999999999,353.0001171650831,-916494.22071384
47000.0,6331.218,356.0001717862343,-937154.641152737
45500.0,7497.618,349.0001557995559,-965758.53250655
46000.0,7916.1179999999995,356.00008615388754,-887856.0372284374
46500.0,6101.717999999999,358.0000932590779,-887853.4970432058
45000.0,7268.1179999999995,351.0000772723995,-916457.3883970188
46500.0,7511.118,354.0001318935507,-937117.8088359158
47000.0,6749.717999999999,358.0001261205835,-887892.8695452586
45500.0,7916.1179999999995,351.00011013390514,-916496.7608990716
47000.0,8159.118,354.0001647550563,-937157.1813379686
46000.0,6101.717999999999,353.0001172390955,-916494.22071384
47500.0,6344.718,356.0001718602467,-937154.641152737
46000.0,7511.118,349.0001558735683,-965758.53250655
47000.0,10230.918,316.0001499525763,-884986.6657590731
45500.0,11397.318,309.00013396589793,-913590.5571128861
47000.0,11640.318,312.00018858704914,-934250.9775517831
46000.0,9582.917999999998,311.0001410710883,-913588.0169276545
47500.0,9825.918,314.0001956922395,-934248.4373665515
46000.0,10992.318,307.0001797055611,-962852.3287203645
46500.0,10230.917999999998,311.0001739325939,-913627.3894297073
48000.0,10473.918,314.0002285537451,-934287.8098686043
46500.0,11640.318,307.00021256706674,-962891.7012224173
47000.0,9825.918,309.0002196722571,-962889.1610371857
46000.0,7902.6179999999995,376.00008607987513,-890328.7872284374
46500.0,6088.217999999999,378.0000931850655,-890326.2470432058
45000.0,7254.6179999999995,371.0000771983871,-918930.1383970188
46500.0,7497.618,374.0001318195383,-939590.5588359158
47000.0,6736.217999999999,378.0001260465711,-890365.6195452586
45500.0,7902.6179999999995,371.00011005989273,-918969.5108990716
47000.0,8145.618,374.0001646810439,-939629.9313379686
46000.0,6088.217999999999,373.0001171650831,-918966.97071384
47500.0,6331.218,376.0001717862343,-939627.391152737
46000.0,7497.618,369.0001557995559,-968231.28250655
47000.0,10217.418,336.0001498785639,-887459.4157590731
45500.0,11383.818,329.0001338918855,-916063.3071128861
47000.0,11626.818,332.00018851303673,-936723.7275517831
46000.0,9569.417999999998,331.0001409970759,-916060.7669276545
47500.0,9812.418,334.0001956182271,-936721.1873665515
46000.0,10978.818,327.0001796315487,-965325.0787203645
46500.0,10217.417999999998,331.0001738585815,-916100.1394297073
48000.0,10460.418,334.0002284797327,-936760.5598686043
46500.0,11626.818,327.00021249305433,-965364.4512224173
47000.0,9812.418,329.0002195982447,-965361.9110371857
47500.0,10230.918,336.0001499525763,-887459.4157590731
46000.0,11397.318,329.00013396589793,-916063.3071128861
47500.0,11640.318,332.00018858704914,-936723.7275517831
46500.0,9582.917999999998,331.0001410710883,-916060.7669276545
48000.0,9825.918,334.0001956922395,-936721.1873665515
46500.0,10992.318,327.0001797055611,-965325.0787203645
47000.0,10230.917999999998,331.0001739325939,-916100.1394297073
48500.0,10473.918,334.0002285537451,-936760.5598686043
47000.0,11640.318,327.00021256706674,-965364.4512224173
47500.0,9825.918,329.0002196722571,-965361.9110371857
47000.0,13712.117999999999,289.0001977645867,-913193.9356435218
48500.0,13955.118,292.0002523857379,-933854.3560824188
47000.0,15121.518,285.00023639905953,-962458.2474362318
47500.0,13307.117999999999,287.0002435042499,-962455.7072510002
48000.0,13955.117999999999,287.0002763657555,-962495.079753053
30000.0,3637.95,328.000026582787,-519443.1750091423
30500.0,4285.95,328.0000594442926,-519482.54751119524
31000.0,2471.5499999999997,330.000066549483,-519480.0073259635
29500.0,3637.95,323.0000505628046,-548083.8986797766
31000.0,3880.9500000000003,326.0001051839558,-568744.3191186736
30500.0,7767.15,286.0000832762854,-516576.3437250097
31000.0,5952.75,288.0000903814758,-516573.803539778
29500.0,7119.15,281.0000743947974,-545177.6948935911
31000.0,7362.15,284.0001290159486,-565838.115332488
31500.0,6600.75,288.0001232429814,-516613.1760418309
30000.0,7767.15,281.000107256303,-545217.067395644
31500.0,8010.15,284.0001618774542,-565877.4878345409
30500.0,5952.75,283.0001143614934,-545214.5272104123
32000.0,6195.75,286.0001689826446,-565874.9476493092
30500.0,7362.15,279.0001529959662,-594478.8390031223
31000.0,7780.65,286.0000833502978,-516576.3437250097
31500.0,5966.25,288.0000904554882,-516573.803539778
30000.0,7132.65,281.0000744688098,-545177.6948935911
31500.0,7375.65,284.000129089961,-565838.115332488
32000.0,6614.25,288.0001233169938,-516613.1760418309
30500.0,7780.65,281.0001073303154,-545217.067395644
32000.0,8023.65,284.0001619514666,-565877.4878345409
31000.0,5966.25,283.0001144355058,-545214.5272104123
32500.0,6209.25,286.000169056657,-565874.9476493092
31000.0,7375.65,279.0001530699786,-594478.8390031223
32000.0,10095.449999999999,246.0001471489866,-513706.9722556454
30500.0,11261.849999999999,239.0001311623082,-542310.8636094584
32000.0,11504.85,242.0001857834594,-562971.2840483554
31000.0,9447.45,241.0001382674986,-542308.3234242267
32500.0,9690.45,244.0001928886498,-562968.7438631237
31000.0,10856.85,237.0001769019714,-591572.6352169368
31500.0,10095.45,241.0001711290042,-542347.6959262796
33000.0,10338.45,244.0002257501554,-563008.1163651766
31500.0,11504.85,237.000209763477,-591612.0077189897
32000.0,9690.45,239.0002168686674,-591609.467533758
31000.0,7767.15,306.0000832762854,-519049.0937250097
31500.0,5952.75,308.0000903814758,-519046.553539778
30000.0,7119.15,301.0000743947974,-547650.4448935911
31500.0,7362.15,304.0001290159486,-568310.865332488
32000.0,6600.75,308.0001232429814,-519085.9260418309
30500.0,7767.15,301.000107256303,-547689.817395644
32000.0,8010.15,304.0001618774542,-568350.2378345409
31000.0,5952.75,303.0001143614934,-547687.2772104123
32500.0,6195.75,306.0001689826446,-568347.6976493092
31000.0,7362.15,299.0001529959662,-596951.5890031223
32000.0,10081.949999999999,266.0001470749742,-516179.7222556454
30500.0,11248.349999999999,259.0001310882958,-544783.6136094584
32000.0,11491.35,262.000185709447,-565444.0340483554
31000.0,9433.95,261.0001381934862,-544781.0734242267
32500.0,9676.95,264.0001928146374,-565441.4938631237
31000.0,10843.35,257.000176827959,-594045.3852169368
31500.0,10081.95,261.0001710549918,-544820.4459262796
33000.0,10324.95,264.000225676143,-565480.8663651766
31500.0,11491.35,257.0002096894646,-594084.7577189897
32000.0,9676.95,259.000216794655,-594082.217533758
32500.0,10095.449999999999,266.0001471489866,-516179.7222556454
31000.0,11261.849999999999,259.0001311623082,-544783.6136094584
32500.0,11504.85,262.0001857834594,-565444.0340483554
31500.0,9447.45,261.0001382674986,-544781.0734242267
33000.0,9690.45,264.0001928886498,-565441.4938631237
31500.0,10856.85,257.0001769019714,-594045.3852169368
32000.0,10095.45,261.0001711290042,-544820.4459262796
33500.0,10338.45,264.0002257501554,-565480.8663651766
32000.0,11504.85,257.000209763477,-594084.7577189897
32500.0,9690.45,259.0002168686674,-594082.217533758
32000.0,13576.649999999998,219.000194960997,-541914.2421400942
33500.0,13819.65,222.0002495821482,-562574.662578991
32000.0,14986.05,215.0002335954698,-591178.5539328041
32500.0,13171.650000000001,217.0002407006602,-591176.0137475724
33000.0,13819.650000000001,217.0002735621658,-591215.3862496254
31500.0,7780.65,306.0000833502978,-519049.0937250097
32000.0,5966.25,308.0000904554882,-519046.553539778
30500.0,7132.65,301.0000744688098,-547650.4448935911
32000.0,7375.65,304.000129089961,-568310.865332488
32500.0,6614.25,308.0001233169938,-519085.9260418309
31000.0,7780.65,301.0001073303154,-547689.817395644
32500.0,8023.65,304.0001619514666,-568350.2378345409
31500.0,5966.25,303.0001144355058,-547687.2772104123
33000.0,6209.25,306.000169056657,-568347.6976493092
31500.0,7375.65,299.0001530699786,-596951.5890031223
32500.0,10095.449999999999,266.0001471489866,-516179.7222556454
31000.0,11261.849999999999,259.0001311623082,-544783.6136094584
32500.0,11504.85,262.0001857834594,-565444.0340483554
31500.0,9447.45,261.0001382674986,-544781.0734242267
33000.0,9690.45,264.0001928886498,-565441.4938631237
31500.0,10856.85,257.0001769019714,-594045.3852169368
32000.0,10095.45,261.0001711290042,-544820.4459262796
33500.0,10338.45,264.0002257501554,-565480.8663651766
32000.0,11504.85,257.000209763477,-594084.7577189897
32500.0,9690.45,259.0002168686674,-594082.217533758
33000.0,10108.949999999999,266.000147222999,-516179.7222556454
31500.0,11275.349999999999,259.0001312363206,-544783.6136094584
33000.0,11518.35,262.0001858574718,-565444.0340483554
32000.0,9460.95,261.000138341511,-544781.0734242267
33500.0,9703.95,264.0001929626622,-565441.4938631237
32000.0,10870.35,257.0001769759838,-594045.3852169368
32500.0,10108.95,261.0001712030166,-544820.4459262796
34000.0,10351.95,264.0002258241678,-565480.8663651766
32500.0,11518.35,257.0002098374894,-594084.7577189897
33000.0,9703.95,259.0002169426798,-594082.217533758
32500.0,13590.149999999998,219.0001950350094,-541914.2421400942
34000.0,13833.15,222.0002496561606,-562574.662578991
32500.0,14999.55,215.0002336694822,-591178.5539328041
33000.0,13185.150000000001,217.0002407746726,-591176.0137475724
33500.0,13833.150000000001,217.0002736361782,-591215.3862496254
33000.0,10095.449999999999,286.0001471489866,-518652.4722556454
31500.0,11261.849999999999,279.0001311623082,-547256.3636094584
33000.0,11504.85,282.0001857834594,-567916.7840483554
32000.0,9447.45,281.0001382674986,-547253.8234242267
33500.0,9690.45,284.0001928886498,-567914.2438631237
32000.0,10856.85,277.0001769019714,-596518.1352169368
32500.0,10095.45,281.0001711290042,-547293.1959262796
34000.0,10338.45,284.0002257501554,-567953.6163651766
32500.0,11504.85,277.000209763477,-596557.5077189897
33000.0,9690.45,279.0002168686674,-596554.967533758
32500.0,13576.649999999998,239.000194960997,-544386.9921400942
34000.0,13819.65,242.0002495821482,-565047.412578991
32500.0,14986.05,235.0002335954698,-593651.3039328041
33000.0,13171.650000000001,237.0002407006602,-593648.7637475724
33500.0,13819.650000000001,237.0002735621658,-593688.1362496254
33000.0,13590.149999999998,239.0001950350094,-544386.9921400942
34500.0,13833.15,242.0002496561606,-565047.412578991
33000.0,14999.55,235.0002336694822,-593651.3039328041
33500.0,13185.150000000001,237.0002407746726,-593648.7637475724
34000.0,13833.150000000001,237.0002736361782,-593688.1362496254
34000.0,17314.35,195.000297468171,-590781.9324634399
47000.0,297.45000000000005,440.0000064050331,-891156.3222987555
47000.0,3778.6499999999996,398.0000302370259,-888250.11851257
47500.0,4426.65,398.0000630985315,-888289.4910146229
48000.0,2612.25,400.0000702037219,-888286.9508293913
46500.0,3778.6499999999996,393.0000542170435,-916890.8421832043
48000.0,4021.6500000000005,396.0001088381947,-937551.2626221012
47500.0,3792.1499999999996,398.0000303110383,-888250.11851257
48000.0,4440.15,398.0000631725439,-888289.4910146229
48500.0,2625.75,400.0000702777343,-888286.9508293913
47000.0,3792.1499999999996,393.0000542910559,-916890.8421832043
48500.0,4035.1500000000005,396.0001089122071,-937551.2626221012
48000.0,7921.349999999999,356.0000870045367,-885383.2872284374
48500.0,6106.949999999999,358.0000941097271,-885380.7470432058
47000.0,7273.349999999999,351.0000781230487,-913984.6383970188
48500.0,7516.35,354.0001327441999,-934645.0588359158
49000.0,6754.949999999999,358.0001269712327,-885420.1195452586
47500.0,7921.349999999999,351.0001109845543,-914024.0108990716
49000.0,8164.35,354.0001656057055,-934684.4313379686
48000.0,6106.95,353.0001180897447,-914021.47071384
49500.0,6349.950000000001,356.0001727108959,-934681.891152737
48000.0,7516.35,349.0001567242175,-963285.78250655
47500.0,3778.6499999999996,418.0000302370259,-890722.86851257
48000.0,4426.65,418.0000630985315,-890762.2410146229
48500.0,2612.25,420.0000702037219,-890759.7008293913
47000.0,3778.6499999999996,413.0000542170435,-919363.5921832043
48500.0,4021.6500000000005,416.0001088381947,-940024.0126221012
48000.0,7907.849999999999,376.0000869305243,-887856.0372284374
48500.0,6093.449999999999,378.0000940357147,-887853.4970432058
47000.0,7259.849999999999,371.0000780490363,-916457.3883970188
48500.0,7502.85,374.0001326701875,-937117.8088359158
49000.0,6741.449999999999,378.0001268972203,-887892.8695452586
47500.0,7907.849999999999,371.0001109105419,-916496.7608990716
49000.0,8150.85,374.0001655316931,-937157.1813379686
48000.0,6093.45,373.0001180157323,-916494.22071384
49500.0,6336.450000000001,376.0001726368835,-937154.641152737
48000.0,7502.85,369.0001566502051,-965758.53250655
48500.0,7921.349999999999,376.0000870045367,-887856.0372284374
49000.0,6106.949999999999,378.0000941097271,-887853.4970432058
47500.0,7273.349999999999,371.0000781230487,-916457.3883970188
49000.0,7516.35,374.0001327441999,-937117.8088359158
49500.0,6754.949999999999,378.0001269712327,-887892.8695452586
48000.0,7921.349999999999,371.0001109845543,-916496.7608990716
49500.0,8164.35,374.0001656057055,-937157.1813379686
48500.0,6106.95,373.0001180897447,-916494.22071384
50000.0,6349.950000000001,376.0001727108959,-937154.641152737
48500.0,7516.35,369.0001567242175,-965758.53250655
49500.0,10236.15,336.0001508032255,-884986.6657590731
48000.0,11402.55,329.0001348165471,-913590.5571128861
49500.0,11645.55,332.0001894376983,-934250.9775517831
48500.0,9588.149999999998,331.0001419217375,-913588.0169276545
50000.0,9831.15,334.0001965428887,-934248.4373665515
48500.0,10997.55,327.0001805562103,-962852.3287203645
49000.0,10236.149999999998,331.0001747832431,-913627.3894297073
50500.0,10479.15,334.0002294043943,-934287.8098686043
49000.0,11645.55,327.0002134177159,-962891.7012224173
49500.0,9831.15,329.0002205229063,-962889.1610371857
48000.0,3792.1499999999996,418.0000303110383,-890722.86851257
48500.0,4440.15,418.0000631725439,-890762.2410146229
49000.0,2625.75,420.0000702777343,-890759.7008293913
47500.0,3792.1499999999996,413.0000542910559,-919363.5921832043
49000.0,4035.1500000000005,416.0001089122071,-940024.0126221012
48500.0,7921.349999999999,376.0000870045367,-887856.0372284374
49000.0,6106.949999999999,378.0000941097271,-887853.4970432058
47500.0,7273.349999999999,371.0000781230487,-916457.3883970188
49000.0,7516.35,374.0001327441999,-937117.8088359158
49500.0,6754.949999999999,378.0001269712327,-887892.8695452586
48000.0,7921.349999999999,371.0001109845543,-916496.7608990716
49500.0,8164.35,374.0001656057055,-937157.1813379686
48500.0,6106.95,373.0001180897447,-916494.22071384
50000.0,6349.950000000001,376.0001727108959,-937154.641152737
48500.0,7516.35,369.0001567242175,-965758.53250655
49000.0,7934.849999999999,376.0000870785491,-887856.0372284374
49500.0,6120.449999999999,378.0000941837395,-887853.4970432058
48000.0,7286.849999999999,371.0000781970611,-916457.3883970188
49500.0,7529.85,374.0001328182123,-937117.8088359158
50000.0,6768.449999999999,378.0001270452451,-887892.8695452586
48500.0,7934.849999999999,371.0001110585667,-916496.7608990716
50000.0,8177.85,374.0001656797179,-937157.1813379686
49000.0,6120.45,373.0001181637571,-916494.22071384
50500.0,6363.450000000001,376.0001727849083,-937154.641152737
49000.0,7529.85,369.0001567982299,-965758.53250655
50000.0,10249.65,336.0001508772379,-884986.6657590731
48500.0,11416.05,329.0001348905595,-913590.5571128861
50000.0,11659.05,332.0001895117107,-934250.9775517831
49000.0,9601.649999999998,331.0001419957499,-913588.0169276545
50500.0,9844.65,334.0001966169011,-934248.4373665515
49000.0,11011.05,327.0001806302227,-962852.3287203645
49500.0,10249.649999999998,331.0001748572555,-913627.3894297073
51000.0,10492.65,334.0002294784067,-934287.8098686043
49500.0,11659.05,327.0002134917283,-962891.7012224173
50000.0,9844.65,329.0002205969187,-962889.1610371857
49000.0,7921.349999999999,396.0000870045367,-890328.7872284374
49500.0,6106.949999999999,398.0000941097271,-890326.2470432058
48000.0,7273.349999999999,391.0000781230487,-918930.1383970188
49500.0,7516.35,394.0001327441999,-939590.5588359158
50000.0,6754.949999999999,398.0001269712327,-890365.6195452586
48500.0,7921.349999999999,391.0001109845543,-918969.5108990716
50000.0,8164.35,394.0001656057055,-939629.9313379686
49000.0,6106.95,393.0001180897447,-918966.97071384
50500.0,6349.950000000001,396.0001727108959,-939627.391152737
49000.0,7516.35,389.0001567242175,-968231.28250655
50000.0,10236.15,356.0001508032255,-887459.4157590731
48500.0,11402.55,349.0001348165471,-916063.3071128861
50000.0,11645.55,352.0001894376983,-936723.7275517831
49000.0,9588.149999999998,351.0001419217375,-916060.7669276545
50500.0,9831.15,354.0001965428887,-936721.1873665515
49000.0,10997.55,347.0001805562103,-965325.0787203645
49500.0,10236.149999999998,351.0001747832431,-916100.1394297073
51000.0,10479.15,354.0002294043943,-936760.5598686043
49500.0,11645.55,347.0002134177159,-965364.4512224173
50000.0,9831.15,349.0002205229063,-965361.9110371857
50500.0,10249.65,356.0001508772379,-887459.4157590731
49000.0,11416.05,349.0001348905595,-916063.3071128861
50500.0,11659.05,352.0001895117107,-936723.7275517831
49500.0,9601.649999999998,351.0001419957499,-916060.7669276545
51000.0,9844.65,354.0001966169011,-936721.1873665515
49500.0,11011.05,347.0001806302227,-965325.0787203645
50000.0,10249.649999999998,351.0001748572555,-916100.1394297073
51500.0,10492.65,354.0002294784067,-936760.5598686043
50000.0,11659.05,347.0002134917283,-965364.4512224173
50500.0,9844.65,349.0002205969187,-965361.9110371857
50000.0,13730.849999999999,309.0001986892483,-913193.9356435218
51500.0,13973.85,312.0002533103995,-933854.3560824188
50000.0,15140.25,305.0002373237211,-962458.2474362318
50500.0,13325.849999999999,307.0002444289115,-962455.7072510002
51000.0,13973.849999999999,307.0002772904171,-962495.079753053
33000.0,3656.682,348.0000275074486,-891193.86851257
33500.0,4304.682,348.00006036895417,-891233.2410146229
34000.0,2490.2819999999997,350.0000674741446,-891230.7008293913
32500.0,3656.682,343.0000514874662,-919834.5921832043
34000.0,3899.6820000000002,346.0001061086174,-940495.0126221012
33500.0,7785.882,306.00008420094696,-888327.0372284374
34000.0,5971.482,308.0000913061374,-888324.4970432058
32500.0,7137.882,301.000075319459,-916928.3883970188
34000.0,7380.882,304.0001299406102,-937588.8088359158
34500.0,6619.482,308.000124167643,-888363.8695452586
33000.0,7785.882,301.00010818096456,-916967.7608990716
34500.0,8028.882,304.00016280211577,-937628.1813379686
33500.0,5971.482,303.000115286155,-916965.22071384
35000.0,6214.482,306.0001699073062,-937625.641152737
33500.0,7380.882,299.0001539206278,-966229.53250655
34000.0,7799.382,306.00008427495936,-888327.0372284374
34500.0,5984.982,308.0000913801498,-888324.4970432058
33000.0,7151.382,301.0000753934714,-916928.3883970188
34500.0,7394.382,304.0001300146226,-937588.8088359158
35000.0,6632.982,308.0001242416554,-888363.8695452586
33500.0,7799.382,301.00010825497696,-916967.7608990716
35000.0,8042.382,304.0001628761282,-937628.1813379686
34000.0,5984.982,303.0001153601674,-916965.22071384
35500.0,6227.982,306.0001699813186,-937625.641152737
34000.0,7394.382,299.0001539946402,-966229.53250655
35000.0,10114.181999999999,266.0001480736482,-885457.6657590731
33500.0,11280.581999999999,259.00013208696976,-914061.5571128861
35000.0,11523.582,262.00018670812096,-934721.9775517831
34000.0,9466.182,261.0001391921602,-914059.0169276545
35500.0,9709.182,264.0001938133114,-934719.4373665515
34000.0,10875.582,257.000177826633,-963323.3287203645
34500.0,10114.182,261.0001720536658,-914098.3894297073
36000.0,10357.182,264.000226674817,-934758.8098686043
34500.0,11523.582,257.00021068813857,-963362.7012224173
35000.0,9709.182,259.000217793329,-963360.1610371857
34000.0,7785.882,326.00008420094696,-890799.7872284374
34500.0,5971.482,328.0000913061374,-890797.2470432058
33000.0,7137.882,321.000075319459,-919401.1383970188
34500.0,7380.882,324.0001299406102,-940061.5588359158
35000.0,6619.482,328.000124167643,-890836.6195452586
33500.0,7785.882,321.00010818096456,-919440.5108990716
35000.0,8028.882,324.00016280211577,-940100.9313379686
34000.0,5971.482,323.000115286155,-919437.97071384
35500.0,6214.482,326.0001699073062,-940098.391152737
34000.0,7380.882,319.0001539206278,-968702.28250655
35000.0,10100.681999999999,286.0001479996358,-887930.4157590731
33500.0,11267.081999999999,279.0001320129574,-916534.3071128861
35000.0,11510.082,282.00018663410856,-937194.7275517831
34000.0,9452.682,281.0001391181478,-916531.7669276545
35500.0,9695.682,284.000193739299,-937192.1873665515
34000.0,10862.082,277.0001777526206,-965796.0787203645
34500.0,10100.682,281.0001719796534,-916571.1394297073
36000.0,10343.682,284.0002266008046,-937231.5598686043
34500.0,11510.082,277.00021061412616,-965835.4512224173
35000.0,9695.682,279.0002177193166,-965832.9110371857
35500.0,10114.181999999999,286.0001480736482,-887930.4157590731
34000.0,11280.581999999999,279.00013208696976,-916534.3071128861
35500.0,11523.582,282.00018670812096,-937194.7275517831
34500.0,9466.182,281.0001391921602,-916531.7669276545
36000.0,9709.182,284.0001938133114,-937192.1873665515
34500.0,10875.582,277.000177826633,-965796.0787203645
35000.0,10114.182,281.0001720536658,-916571.1394297073
36500.0,10357.182,284.000226674817,-937231.5598686043
35000.0,11523.582,277.00021068813857,-965835.4512224173
35500.0,9709.182,279.000217793329,-965832.9110371857
35000.0,13595.381999999998,239.00019588565857,-913664.9356435218
36500.0,13838.382,242.00025050680978,-934325.3560824188
35000.0,15004.782,235.0002345201314,-962929.2474362318
35500.0,13190.382000000001,237.0002416253218,-962926.7072510002
36000.0,13838.382000000001,237.00027448682738,-962966.079753053
34500.0,7799.382,326.00008427495936,-890799.7872284374
35000.0,5984.982,328.0000913801498,-890797.2470432058
33500.0,7151.382,321.0000753934714,-919401.1383970188
35000.0,7394.382,324.0001300146226,-940061.5588359158
35500.0,6632.982,328.0001242416554,-890836.6195452586
34000.0,7799.382,321.00010825497696,-919440.5108990716
35500.0,8042.382,324.0001628761282,-940100.9313379686
34500.0,5984.982,323.0001153601674,-919437.97071384
36000.0,6227.982,326.0001699813186,-940098.391152737
34500.0,7394.382,319.0001539946402,-968702.28250655
35500.0,10114.181999999999,286.0001480736482,-887930.4157590731
34000.0,11280.581999999999,279.00013208696976,-916534.3071128861
35500.0,11523.582,282.00018670812096,-937194.7275517831
34500.0,9466.182,281.0001391921602,-916531.7669276545
36000.0,9709.182,284.0001938133114,-937192.1873665515
34500.0,10875.582,277.000177826633,-965796.0787203645
35000.0,10114.182,281.0001720536658,-916571.1394297073
36500.0,10357.182,284.000226674817,-937231.5598686043
35000.0,11523.582,277.00021068813857,-965835.4512224173
35500.0,9709.182,279.000217793329,-965832.9110371857
36000.0,10127.681999999999,286.0001481476606,-887930.4157590731
34500.0,11294.081999999999,279.00013216098216,-916534.3071128861
36000.0,11537.082,282.00018678213337,-937194.7275517831
35000.0,9479.682,281.0001392661726,-916531.7669276545
36500.0,9722.682,284.0001938873238,-937192.1873665515
35000.0,10889.082,277.0001779006454,-965796.0787203645
35500.0,10127.682,281.0001721276782,-916571.1394297073
37000.0,10370.682,284.0002267488294,-937231.5598686043
35500.0,11537.082,277.00021076215097,-965835.4512224173
36000.0,9722.682,279.0002178673414,-965832.9110371857
35500.0,13608.881999999998,239.00019595967098,-913664.9356435218
37000.0,13851.882,242.00025058082218,-934325.3560824188
35500.0,15018.282,235.0002345941438,-962929.2474362318
36000.0,13203.882000000001,237.0002416993342,-962926.7072510002
36500.0,13851.882000000001,237.00027456083978,-962966.079753053
36000.0,10114.181999999999,306.0001480736482,-890403.1657590731
34500.0,11280.581999999999,299.00013208696976,-919007.0571128861
36000.0,11523.582,302.00018670812096,-939667.4775517831
35000.0,9466.182,301.0001391921602,-919004.5169276545
36500.0,9709.182,304.0001938133114,-939664.9373665515
35000.0,10875.582,297.000177826633,-968268.8287203645
35500.0,10114.182,301.0001720536658,-919043.8894297073
37000.0,10357.182,304.000226674817,-939704.3098686043
35500.0,11523.582,297.00021068813857,-968308.2012224173
36000.0,9709.182,299.000217793329,-968305.6610371857
35500.0,13595.381999999998,259.00019588565857,-916137.6856435218
37000.0,13838.382,262.0002505068098,-936798.1060824188
35500.0,15004.782,255.0002345201314,-965401.9974362318
36000.0,13190.382000000001,257.0002416253218,-965399.4572510002
36500.0,13838.382000000001,257.0002744868274,-965438.829753053
36000.0,13608.881999999998,259.000195959671,-916137.6856435218
37500.0,13851.882,262.0002505808222,-936798.1060824188
36000.0,15018.282,255.0002345941438,-965401.9974362318
36500.0,13203.882000000001,257.0002416993342,-965399.4572510002
37000.0,13851.882000000001,257.0002745608398,-965438.829753053
37000.0,17333.082,215.00029839283258,-962532.6259668675
34000.0,3717.9179999999997,348.0000282268491,-891193.86851257
34500.0,4365.918,348.0000610883547,-891233.2410146229
35000.0,2551.5179999999996,350.00006819354513,-891230.7008293913
33500.0,3717.9179999999997,343.0000522068667,-919834.5921832043
35000.0,3960.918,346.0001068280179,-940495.0126221012
34500.0,7847.1179999999995,306.0000849203475,-888327.0372284374
35000.0,6032.717999999999,308.0000920255379,-888324.4970432058
33500.0,7199.1179999999995,301.0000760388595,-916928.3883970188
35000.0,7442.118,304.0001306600107,-937588.8088359158
35500.0,6680.717999999999,308.0001248870435,-888363.8695452586
34000.0,7847.1179999999995,301.0001089003651,-916967.7608990716
35500.0,8090.118,304.0001635215163,-937628.1813379686
34500.0,6032.717999999999,303.0001160055555,-916965.22071384
36000.0,6275.718,306.00017062670673,-937625.641152737
34500.0,7442.118,299.0001546400283,-966229.53250655
35000.0,7860.6179999999995,306.0000849943599,-888327.0372284374
35500.0,6046.217999999999,308.00009209955033,-888324.4970432058
34000.0,7212.6179999999995,301.0000761128719,-916928.3883970188
35500.0,7455.618,304.0001307340231,-937588.8088359158
36000.0,6694.217999999999,308.0001249610559,-888363.8695452586
34500.0,7860.6179999999995,301.0001089743775,-916967.7608990716
36000.0,8103.618,304.0001635955287,-937628.1813379686
35000.0,6046.217999999999,303.00011607956793,-916965.22071384
36500.0,6289.218,306.00017070071914,-937625.641152737
35000.0,7455.618,299.0001547140407,-966229.53250655
36000.0,10175.418,266.0001487930487,-885457.6657590731
34500.0,11341.818,259.0001328063703,-914061.5571128861
36000.0,11584.818,262.0001874275215,-934721.9775517831
35000.0,9527.417999999998,261.0001399115607,-914059.0169276545
36500.0,9770.418,264.00019453271193,-934719.4373665515
35000.0,10936.818,257.0001785460335,-963323.3287203645
35500.0,10175.417999999998,261.0001727730663,-914098.3894297073
37000.0,10418.418,264.0002273942175,-934758.8098686043
35500.0,11584.818,257.0002114075391,-963362.7012224173
36000.0,9770.418,259.00021851272953,-963360.1610371857
35000.0,7847.1179999999995,326.0000849203475,-890799.7872284374
35500.0,6032.717999999999,328.0000920255379,-890797.2470432058
34000.0,7199.1179999999995,321.0000760388595,-919401.1383970188
35500.0,7442.118,324.0001306600107,-940061.5588359158
36000.0,6680.717999999999,328.0001248870435,-890836.6195452586
34500.0,7847.1179999999995,321.0001089003651,-919440.5108990716
36000.0,8090.118,324.0001635215163,-940100.9313379686
35000.0,6032.717999999999,323.0001160055555,-919437.97071384
36500.0,6275.718,326.00017062670673,-940098.391152737
35000.0,7442.118,319.0001546400283,-968702.28250655
36000.0,10161.918,286.0001487190363,-887930.4157590731
34500.0,11328.318,279.00013273235794,-916534.3071128861
36000.0,11571.318,282.0001873535091,-937194.7275517831
35000.0,9513.917999999998,281.0001398375483,-916531.7669276545
36500.0,9756.918,284.0001944586995,-937192.1873665515
35000.0,10923.318,277.0001784720211,-965796.0787203645
35500.0,10161.917999999998,281.0001726990539,-916571.1394297073
37000.0,10404.918,284.0002273202051,-937231.5598686043
35500.0,11571.318,277.0002113335267,-965835.4512224173
36000.0,9756.918,279.0002184387171,-965832.9110371857
36500.0,10175.418,286.0001487930487,-887930.4157590731
35000.0,11341.818,279.0001328063703,-916534.3071128861
36500.0,11584.818,282.0001874275215,-937194.7275517831
35500.0,9527.417999999998,281.0001399115607,-916531.7669276545
37000.0,9770.418,284.00019453271193,-937192.1873665515
35500.0,10936.818,277.0001785460335,-965796.0787203645
36000.0,10175.417999999998,281.0001727730663,-916571.1394297073
37500.0,10418.418,284.0002273942175,-937231.5598686043
36000.0,11584.818,277.0002114075391,-965835.4512224173
36500.0,9770.418,279.00021851272953,-965832.9110371857
36000.0,13656.617999999999,239.0001966050591,-913664.9356435218
37500.0,13899.618,242.0002512262103,-934325.3560824188
36000.0,15066.018,235.00023523953192,-962929.2474362318
36500.0,13251.617999999999,237.00024234472232,-962926.7072510002
37000.0,13899.617999999999,237.0002752062279,-962966.079753053
35500.0,7860.6179999999995,326.0000849943599,-890799.7872284374
36000.0,6046.217999999999,328.00009209955033,-890797.2470432058
34500.0,7212.6179999999995,321.0000761128719,-919401.1383970188
36000.0,7455.618,324.0001307340231,-940061.5588359158
36500.0,6694.217999999999,328.0001249610559,-890836.6195452586
35000.0,7860.6179999999995,321.0001089743775,-919440.5108990716
36500.0,8103.618,324.0001635955287,-940100.9313379686
35500.0,6046.217999999999,323.00011607956793,-919437.97071384
37000.0,6289.218,326.00017070071914,-940098.391152737
35500.0,7455.618,319.0001547140407,-968702.28250655
36500.0,10175.418,286.0001487930487,-887930.4157590731
35000.0,11341.818,279.0001328063703,-916534.3071128861
36500.0,11584.818,282.0001874275215,-937194.7275517831
35500.0,9527.417999999998,281.0001399115607,-916531.7669276545
37000.0,9770.418,284.00019453271193,-937192.1873665515
35500.0,10936.818,277.0001785460335,-965796.0787203645
36000.0,10175.417999999998,281.0001727730663,-916571.1394297073
37500.0,10418.418,284.0002273942175,-937231.5598686043
36000.0,11584.818,277.0002114075391,-965835.4512224173
36500.0,9770.418,279.00021851272953,-965832.9110371857
37000.0,10188.918,286.0001488670611,-887930.4157590731
35500.0,11355.318,279.0001328803827,-916534.3071128861
37000.0,11598.318,282.0001875015339,-937194.7275517831
36000.0,9540.917999999998,281.0001399855731,-916531.7669276545
37500.0,9783.918,284.00019460672434,-937192.1873665515
36000.0,10950.318,277.0001786200459,-965796.0787203645
36500.0,10188.917999999998,281.0001728470787,-916571.1394297073
38000.0,10431.918,284.0002274682299,-937231.5598686043
36500.0,11598.318,277.0002114815515,-965835.4512224173
37000.0,9783.918,279.00021858674194,-965832.9110371857
36500.0,13670.117999999999,239.0001966790715,-913664.9356435218
38000.0,13913.118,242.00025130022271,-934325.3560824188
36500.0,15079.518,235.00023531354432,-962929.2474362318
37000.0,13265.117999999999,237.0002424187347,-962926.7072510002
37500.0,13913.117999999999,237.00027528024032,-962966.079753053
37000.0,10175.418,306.0001487930487,-890403.1657590731
35500.0,11341.818,299.0001328063703,-919007.0571128861
37000.0,11584.818,302.0001874275215,-939667.4775517831
36000.0,9527.417999999998,301.0001399115607,-919004.5169276545
37500.0,9770.418,304.00019453271193,-939664.9373665515
36000.0,10936.818,297.0001785460335,-968268.8287203645
36500.0,10175.417999999998,301.0001727730663,-919043.8894297073
38000.0,10418.418,304.0002273942175,-939704.3098686043
36500.0,11584.818,297.0002114075391,-968308.2012224173
37000.0,9770.418,299.00021851272953,-968305.6610371857
36500.0,13656.617999999999,259.0001966050591,-916137.6856435218
38000.0,13899.618,262.0002512262103,-936798.1060824188
36500.0,15066.018,255.00023523953192,-965401.9974362318
37000.0,13251.617999999999,257.0002423447223,-965399.4572510002
37500.0,13899.617999999999,257.0002752062279,-965438.829753053
37000.0,13670.117999999999,259.0001966790715,-916137.6856435218
38500.0,13913.118,262.0002513002227,-936798.1060824188
37000.0,15079.518,255.00023531354432,-965401.9974362318
37500.0,13265.117999999999,257.00024241873473,-965399.4572510002
38000.0,13913.117999999999,257.0002752802403,-965438.829753053
38000.0,17394.318,215.0002991122331,-962532.6259668675
20500.0,7725.15,256.0000821907702,-519520.0937250097
21000.0,5910.75,258.0000892959606,-519517.553539778
19500.0,7077.15,251.0000733092822,-548121.4448935911
21000.0,7320.15,254.0001279304334,-568781.865332488
21500.0,6558.75,258.0001221574662,-519556.9260418309
20000.0,7725.15,251.0001061707878,-548160.817395644
21500.0,7968.15,254.000160791939,-568821.2378345409
20500.0,5910.75,253.0001132759782,-548158.2772104123
22000.0,6153.75,256.0001678971294,-568818.6976493092
20500.0,7320.15,249.000151910451,-597422.5890031223
21500.0,10039.949999999999,216.000145989459,-516650.7222556454
20000.0,11206.349999999999,209.0001300027806,-545254.6136094584
21500.0,11449.35,212.0001846239318,-565915.0340483554
20500.0,9391.95,211.000137107971,-545252.0734242267
22000.0,9634.95,214.0001917291222,-565912.4938631237
20500.0,10801.35,207.0001757424438,-594516.3852169368
21000.0,10039.95,211.0001699694766,-545291.4459262796
22500.0,10282.95,214.0002245906278,-565951.8663651766
21000.0,11449.35,207.0002086039494,-594555.7577189897
21500.0,9634.95,209.0002157091398,-594553.217533758
22000.0,10053.449999999999,216.0001460634714,-516650.7222556454
20500.0,11219.849999999999,209.000130076793,-545254.6136094584
22000.0,11462.85,212.0001846979442,-565915.0340483554
21000.0,9405.45,211.0001371819834,-545252.0734242267
22500.0,9648.45,214.0001918031346,-565912.4938631237
21000.0,10814.85,207.0001758164562,-594516.3852169368
21500.0,10053.45,211.000170043489,-545291.4459262796
23000.0,10296.45,214.0002246646402,-565951.8663651766
21500.0,11462.85,207.0002086779618,-594555.7577189897
22000.0,9648.45,209.0002157831522,-594553.217533758
21500.0,13534.649999999998,169.0001938754818,-542385.2421400942
23000.0,13777.65,172.000248496633,-563045.662578991
21500.0,14944.05,165.0002325099546,-591649.5539328041
22000.0,13129.650000000001,167.000239615145,-591647.0137475724
22500.0,13777.650000000001,167.0002724766506,-591686.3862496254
22000.0,10039.949999999999,236.000145989459,-519123.4722556454
20500.0,11206.349999999999,229.0001300027806,-547727.3636094584
22000.0,11449.35,232.0001846239318,-568387.7840483554
21000.0,9391.95,231.000137107971,-547724.8234242267
22500.0,9634.95,234.0001917291222,-568385.2438631237
21000.0,10801.35,227.0001757424438,-596989.1352169368
21500.0,10039.95,231.0001699694766,-547764.1959262796
23000.0,10282.95,234.0002245906278,-568424.6163651766
21500.0,11449.35,227.0002086039494,-597028.5077189897
22000.0,9634.95,229.0002157091398,-597025.967533758
21500.0,13521.149999999998,189.0001938014694,-544857.9921400942
23000.0,13764.15,192.0002484226206,-565518.412578991
21500.0,14930.55,185.0002324359422,-594122.3039328041
22000.0,13116.150000000001,187.0002395411326,-594119.7637475724
22500.0,13764.150000000001,187.0002724026382,-594159.1362496254
22000.0,13534.649999999998,189.0001938754818,-544857.9921400942
23500.0,13777.65,192.000248496633,-565518.412578991
22000.0,14944.05,185.0002325099546,-594122.3039328041
22500.0,13129.650000000001,187.000239615145,-594119.7637475724
23000.0,13777.650000000001,187.0002724766506,-594159.1362496254
23000.0,17258.85,145.0002963086434,-591252.9324634399
22500.0,10053.449999999999,236.0001460634714,-519123.4722556454
21000.0,11219.849999999999,229.000130076793,-547727.3636094584
22500.0,11462.85,232.0001846979442,-568387.7840483554
21500.0,9405.45,231.0001371819834,-547724.8234242267
23000.0,9648.45,234.0001918031346,-568385.2438631237
21500.0,10814.85,227.0001758164562,-596989.1352169368
22000.0,10053.45,231.000170043489,-547764.1959262796
23500.0,10296.45,234.0002246646402,-568424.6163651766
22000.0,11462.85,227.0002086779618,-597028.5077189897
22500.0,9648.45,229.0002157831522,-597025.967533758
22000.0,13534.649999999998,189.0001938754818,-544857.9921400942
23500.0,13777.65,192.000248496633,-565518.412578991
22000.0,14944.05,185.0002325099546,-594122.3039328041
22500.0,13129.650000000001,187.000239615145,-594119.7637475724
23000.0,13777.650000000001,187.0002724766506,-594159.1362496254
22500.0,13548.149999999998,189.0001939494942,-544857.9921400942
24000.0,13791.15,192.0002485706454,-565518.412578991
22500.0,14957.55,185.000232583967,-594122.3039328041
23000.0,13143.150000000001,187.0002396891574,-594119.7637475724
23500.0,13791.150000000001,187.000272550663,-594159.1362496254
23500.0,17272.35,145.0002963826558,-591252.9324634399
22500.0,13534.649999999998,209.0001938754818,-547330.7421400942
24000.0,13777.65,212.000248496633,-567991.162578991
22500.0,14944.05,205.0002325099546,-596595.0539328041
23000.0,13129.650000000001,207.000239615145,-596592.5137475724
23500.0,13777.650000000001,207.0002724766506,-596631.8862496254
23500.0,17258.85,165.0002963086434,-593725.6824634399
24000.0,17272.35,165.0002963826558,-593725.6824634399
49000.0,323.70000000000005,440.0000067134181,-891156.3222987555
49000.0,3804.8999999999996,398.0000305454109,-888250.11851257
49500.0,4452.9,398.0000634069165,-888289.4910146229
50000.0,2638.5,400.0000705121069,-888286.9508293913
48500.0,3804.8999999999996,393.0000545254285,-916890.8421832043
50000.0,4047.9000000000005,396.0001091465797,-937551.2626221012
49500.0,3818.3999999999996,398.0000306194233,-888250.11851257
50000.0,4466.4,398.0000634809289,-888289.4910146229
50500.0,2652.0,400.0000705861193,-888286.9508293913
49000.0,3818.3999999999996,393.0000545994409,-916890.8421832043
50500.0,4061.4000000000005,396.0001092205921,-937551.2626221012
50000.0,7947.599999999999,356.0000873129217,-885383.2872284374
50500.0,6133.199999999999,358.0000944181121,-885380.7470432058
49000.0,7299.599999999999,351.0000784314337,-913984.6383970188
50500.0,7542.6,354.0001330525849,-934645.0588359158
51000.0,6781.199999999999,358.0001272796177,-885420.1195452586
49500.0,7947.599999999999,351.0001112929393,-914024.0108990716
51000.0,8190.6,354.0001659140905,-934684.4313379686
50000.0,6133.2,353.0001183981297,-914021.47071384
51500.0,6376.200000000001,356.0001730192809,-934681.891152737
50000.0,7542.6,349.0001570326025,-963285.78250655
49500.0,3804.8999999999996,418.0000305454109,-890722.86851257
50000.0,4452.9,418.0000634069165,-890762.2410146229
50500.0,2638.5,420.0000705121069,-890759.7008293913
49000.0,3804.8999999999996,413.0000545254285,-919363.5921832043
50500.0,4047.9000000000005,416.0001091465797,-940024.0126221012
50000.0,7934.099999999999,376.0000872389093,-887856.0372284374
50500.0,6119.699999999999,378.0000943440997,-887853.4970432058
49000.0,7286.099999999999,371.0000783574213,-916457.3883970188
50500.0,7529.1,374.0001329785725,-937117.8088359158
51000.0,6767.699999999999,378.0001272056053,-887892.8695452586
49500.0,7934.099999999999,371.0001112189269,-916496.7608990716
51000.0,8177.1,374.00016584007807,-937157.1813379686
50000.0,6119.7,373.0001183241173,-916494.22071384
51500.0,6362.700000000001,376.0001729452685,-937154.641152737
50000.0,7529.1,369.0001569585901,-965758.53250655
50500.0,7947.599999999999,376.0000873129217,-887856.0372284374
51000.0,6133.199999999999,378.0000944181121,-887853.4970432058
49500.0,7299.599999999999,371.0000784314337,-916457.3883970188
51000.0,7542.6,374.0001330525849,-937117.8088359158
51500.0,6781.199999999999,378.0001272796177,-887892.8695452586
50000.0,7947.599999999999,371.0001112929393,-916496.7608990716
51500.0,8190.6,374.0001659140905,-937157.1813379686
50500.0,6133.2,373.0001183981297,-916494.22071384
52000.0,6376.200000000001,376.0001730192809,-937154.641152737
50500.0,7542.6,369.0001570326025,-965758.53250655
51500.0,10262.4,336.0001511116105,-884986.6657590731
50000.0,11428.8,329.0001351249321,-913590.5571128861
51500.0,11671.8,332.0001897460833,-934250.9775517831
50500.0,9614.399999999998,331.0001422301225,-913588.0169276545
52000.0,9857.4,334.0001968512737,-934248.4373665515
50500.0,11023.8,327.0001808645953,-962852.3287203645
51000.0,10262.399999999998,331.0001750916281,-913627.3894297073
52500.0,10505.4,334.0002297127793,-934287.8098686043
51000.0,11671.8,327.0002137261009,-962891.7012224173
51500.0,9857.4,329.0002208312913,-962889.1610371857
50000.0,3818.3999999999996,418.0000306194233,-890722.86851257
50500.0,4466.4,418.0000634809289,-890762.2410146229
51000.0,2652.0,420.0000705861193,-890759.7008293913
49500.0,3818.3999999999996,413.0000545994409,-919363.5921832043
51000.0,4061.4000000000005,416.0001092205921,-940024.0126221012
50500.0,7947.599999999999,376.0000873129217,-887856.0372284374
51000.0,6133.199999999999,378.0000944181121,-887853.4970432058
49500.0,7299.599999999999,371.0000784314337,-916457.3883970188
51000.0,7542.6,374.0001330525849,-937117.8088359158
51500.0,6781.199999999999,378.0001272796177,-887892.8695452586
50000.0,7947.599999999999,371.0001112929393,-916496.7608990716
51500.0,8190.6,374.0001659140905,-937157.1813379686
50500.0,6133.2,373.0001183981297,-916494.22071384
52000.0,6376.200000000001,376.0001730192809,-937154.641152737
50500.0,7542.6,369.0001570326025,-965758.53250655
51000.0,7961.099999999999,376.00008738693407,-887856.0372284374
51500.0,6146.699999999999,378.0000944921245,-887853.4970432058
50000.0,7313.099999999999,371.0000785054461,-916457.3883970188
51500.0,7556.1,374.0001331265973,-937117.8088359158
52000.0,6794.699999999999,378.0001273536301,-887892.8695452586
50500.0,7961.099999999999,371.00011136695167,-916496.7608990716
52000.0,8204.1,374.0001659881029,-937157.1813379686
51000.0,6146.7,373.0001184721421,-916494.22071384
52500.0,6389.700000000001,376.0001730932933,-937154.641152737
51000.0,7556.1,369.0001571066149,-965758.53250655
52000.0,10275.9,336.0001511856229,-884986.6657590731
50500.0,11442.3,329.0001351989445,-913590.5571128861
52000.0,11685.3,332.00018982009567,-934250.9775517831
51000.0,9627.899999999998,331.0001423041349,-913588.0169276545
52500.0,9870.9,334.0001969252861,-934248.4373665515
51000.0,11037.3,327.0001809386077,-962852.3287203645
51500.0,10275.899999999998,331.0001751656405,-913627.3894297073
53000.0,10518.9,334.0002297867917,-934287.8098686043
51500.0,11685.3,327.0002138001133,-962891.7012224173
52000.0,9870.9,329.0002209053037,-962889.1610371857
51000.0,7947.599999999999,396.0000873129217,-890328.7872284374
51500.0,6133.199999999999,398.0000944181121,-890326.2470432058
50000.0,7299.599999999999,391.0000784314337,-918930.1383970188
51500.0,7542.6,394.0001330525849,-939590.5588359158
52000.0,6781.199999999999,398.0001272796177,-890365.6195452586
50500.0,7947.599999999999,391.0001112929393,-918969.5108990716
52000.0,8190.6,394.0001659140905,-939629.9313379686
51000.0,6133.2,393.0001183981297,-918966.97071384
52500.0,6376.200000000001,396.0001730192809,-939627.391152737
51000.0,7542.6,389.0001570326025,-968231.28250655
52000.0,10262.4,356.0001511116105,-887459.4157590731
50500.0,11428.8,349.0001351249321,-916063.3071128861
52000.0,11671.8,352.0001897460833,-936723.7275517831
51000.0,9614.399999999998,351.0001422301225,-916060.7669276545
52500.0,9857.4,354.0001968512737,-936721.1873665515
51000.0,11023.8,347.0001808645953,-965325.0787203645
51500.0,10262.399999999998,351.0001750916281,-916100.1394297073
53000.0,10505.4,354.0002297127793,-936760.5598686043
51500.0,11671.8,347.0002137261009,-965364.4512224173
52000.0,9857.4,349.0002208312913,-965361.9110371857
52500.0,10275.9,356.0001511856229,-887459.4157590731
51000.0,11442.3,349.0001351989445,-916063.3071128861
52500.0,11685.3,352.00018982009567,-936723.7275517831
51500.0,9627.899999999998,351.0001423041349,-916060.7669276545
53000.0,9870.9,354.0001969252861,-936721.1873665515
51500.0,11037.3,347.0001809386077,-965325.0787203645
52000.0,10275.899999999998,351.0001751656405,-916100.1394297073
53500.0,10518.9,354.0002297867917,-936760.5598686043
52000.0,11685.3,347.0002138001133,-965364.4512224173
52500.0,9870.9,349.0002209053037,-965361.9110371857
52000.0,13757.099999999999,309.0001989976333,-913193.9356435218
53500.0,14000.1,312.0002536187845,-933854.3560824188
52000.0,15166.5,305.0002376321061,-962458.2474362318
52500.0,13352.099999999999,307.0002447372965,-962455.7072510002
53000.0,14000.099999999999,307.0002775988021,-962495.079753053
35000.0,3682.932,348.00002781583356,-891193.86851257
35500.0,4330.932,348.0000606773392,-891233.2410146229
36000.0,2516.5319999999997,350.0000677825296,-891230.7008293913
34500.0,3682.932,343.00005179585116,-919834.5921832043
36000.0,3925.9320000000002,346.00010641700237,-940495.0126221012
35500.0,7812.132,306.000084509332,-888327.0372284374
36000.0,5997.732,308.0000916145224,-888324.4970432058
34500.0,7164.132,301.000075627844,-916928.3883970188
36000.0,7407.132,304.00013024899516,-937588.8088359158
36500.0,6645.732,308.00012447602796,-888363.8695452586
35000.0,7812.132,301.0001084893496,-916967.7608990716
36500.0,8055.132,304.0001631105008,-937628.1813379686
35500.0,5997.732,303.00011559454,-916965.22071384
37000.0,6240.732,306.0001702156912,-937625.641152737
35500.0,7407.132,299.00015422901276,-966229.53250655
36000.0,7825.632,306.0000845833444,-888327.0372284374
36500.0,6011.232,308.0000916885348,-888324.4970432058
35000.0,7177.632,301.00007570185636,-916928.3883970188
36500.0,7420.632,304.00013032300757,-937588.8088359158
37000.0,6659.232,308.00012455004037,-888363.8695452586
35500.0,7825.632,301.000108563362,-916967.7608990716
37000.0,8068.632,304.0001631845132,-937628.1813379686
36000.0,6011.232,303.0001156685524,-916965.22071384
37500.0,6254.232,306.0001702897036,-937625.641152737
36000.0,7420.632,299.00015430302517,-966229.53250655
37000.0,10140.431999999999,266.00014838203316,-885457.6657590731
35500.0,11306.831999999999,259.0001323953548,-914061.5571128861
37000.0,11549.832,262.000187016506,-934721.9775517831
36000.0,9492.432,261.0001395005452,-914059.0169276545
37500.0,9735.432,264.0001941216964,-934719.4373665515
36000.0,10901.832,257.00017813501796,-963323.3287203645
36500.0,10140.432,261.00017236205076,-914098.3894297073
38000.0,10383.432,264.00022698320197,-934758.8098686043
36500.0,11549.832,257.0002109965236,-963362.7012224173
37000.0,9735.432,259.000218101714,-963360.1610371857
36000.0,7812.132,326.000084509332,-890799.7872284374
36500.0,5997.732,328.0000916145224,-890797.2470432058
35000.0,7164.132,321.000075627844,-919401.1383970188
36500.0,7407.132,324.00013024899516,-940061.5588359158
37000.0,6645.732,328.00012447602796,-890836.6195452586
35500.0,7812.132,321.0001084893496,-919440.5108990716
37000.0,8055.132,324.0001631105008,-940100.9313379686
36000.0,5997.732,323.00011559454,-919437.97071384
37500.0,6240.732,326.0001702156912,-940098.391152737
36000.0,7407.132,319.00015422901276,-968702.28250655
37000.0,10126.931999999999,286.0001483080208,-887930.4157590731
35500.0,11293.331999999999,279.0001323213424,-916534.3071128861
37000.0,11536.332,282.0001869424936,-937194.7275517831
36000.0,9478.932,281.00013942653277,-916531.7669276545
37500.0,9721.932,284.000194047684,-937192.1873665515
36000.0,10888.332,277.00017806100556,-965796.0787203645
36500.0,10126.932,281.00017228803836,-916571.1394297073
38000.0,10369.932,284.00022690918956,-937231.5598686043
36500.0,11536.332,277.0002109225112,-965835.4512224173
37000.0,9721.932,279.0002180277016,-965832.9110371857
37500.0,10140.431999999999,286.00014838203316,-887930.4157590731
36000.0,11306.831999999999,279.0001323953548,-916534.3071128861
37500.0,11549.832,282.000187016506,-937194.7275517831
36500.0,9492.432,281.0001395005452,-916531.7669276545
38000.0,9735.432,284.0001941216964,-937192.1873665515
36500.0,10901.832,277.00017813501796,-965796.0787203645
37000.0,10140.432,281.00017236205076,-916571.1394297073
38500.0,10383.432,284.00022698320197,-937231.5598686043
37000.0,11549.832,277.0002109965236,-965835.4512224173
37500.0,9735.432,279.000218101714,-965832.9110371857
37000.0,13621.631999999998,239.00019619404358,-913664.9356435218
38500.0,13864.632,242.0002508151948,-934325.3560824188
37000.0,15031.032,235.0002348285164,-962929.2474362318
37500.0,13216.632000000001,237.00024193370677,-962926.7072510002
38000.0,13864.632000000001,237.0002747952124,-962966.079753053
36500.0,7825.632,326.0000845833444,-890799.7872284374
37000.0,6011.232,328.0000916885348,-890797.2470432058
35500.0,7177.632,321.00007570185636,-919401.1383970188
37000.0,7420.632,324.00013032300757,-940061.5588359158
37500.0,6659.232,328.00012455004037,-890836.6195452586
36000.0,7825.632,321.000108563362,-919440.5108990716
37500.0,8068.632,324.0001631845132,-940100.9313379686
36500.0,6011.232,323.0001156685524,-919437.97071384
38000.0,6254.232,326.0001702897036,-940098.391152737
36500.0,7420.632,319.00015430302517,-968702.28250655
37500.0,10140.431999999999,286.00014838203316,-887930.4157590731
36000.0,11306.831999999999,279.0001323953548,-916534.3071128861
37500.0,11549.832,282.000187016506,-937194.7275517831
36500.0,9492.432,281.0001395005452,-916531.7669276545
38000.0,9735.432,284.0001941216964,-937192.1873665515
36500.0,10901.832,277.00017813501796,-965796.0787203645
37000.0,10140.432,281.00017236205076,-916571.1394297073
38500.0,10383.432,284.00022698320197,-937231.5598686043
37000.0,11549.832,277.0002109965236,-965835.4512224173
37500.0,9735.432,279.000218101714,-965832.9110371857
38000.0,10153.931999999999,286.00014845604557,-887930.4157590731
36500.0,11320.331999999999,279.0001324693672,-916534.3071128861
38000.0,11563.332,282.0001870905184,-937194.7275517831
37000.0,9505.932,281.0001395745576,-916531.7669276545
38500.0,9748.932,284.0001941957088,-937192.1873665515
37000.0,10915.332,277.00017820903037,-965796.0787203645
37500.0,10153.932,281.00017243606317,-916571.1394297073
39000.0,10396.932,284.0002270572144,-937231.5598686043
37500.0,11563.332,277.000211070536,-965835.4512224173
38000.0,9748.932,279.0002181757264,-965832.9110371857
37500.0,13635.131999999998,239.000196268056,-913664.9356435218
39000.0,13878.132,242.0002508892072,-934325.3560824188
37500.0,15044.532,235.00023490252877,-962929.2474362318
38000.0,13230.132000000001,237.00024200771918,-962926.7072510002
38500.0,13878.132000000001,237.0002748692248,-962966.079753053
38000.0,10140.431999999999,306.00014838203316,-890403.1657590731
36500.0,11306.831999999999,299.0001323953548,-919007.0571128861
38000.0,11549.832,302.000187016506,-939667.4775517831
37000.0,9492.432,301.0001395005452,-919004.5169276545
38500.0,9735.432,304.0001941216964,-939664.9373665515
37000.0,10901.832,297.00017813501796,-968268.8287203645
37500.0,10140.432,301.00017236205076,-919043.8894297073
39000.0,10383.432,304.00022698320197,-939704.3098686043
37500.0,11549.832,297.0002109965236,-968308.2012224173
38000.0,9735.432,299.000218101714,-968305.6610371857
37500.0,13621.631999999998,259.0001961940436,-916137.6856435218
39000.0,13864.632,262.00025081519476,-936798.1060824188
37500.0,15031.032,255.0002348285164,-965401.9974362318
38000.0,13216.632000000001,257.0002419337068,-965399.4572510002
38500.0,13864.632000000001,257.00027479521236,-965438.829753053
38000.0,13635.131999999998,259.00019626805596,-916137.6856435218
39500.0,13878.132,262.00025088920717,-936798.1060824188
38000.0,15044.532,255.00023490252877,-965401.9974362318
38500.0,13230.132000000001,257.0002420077192,-965399.4572510002
39000.0,13878.132000000001,257.00027486922477,-965438.829753053
39000.0,17359.332,215.0002987012176,-962532.6259668675
36000.0,3744.1679999999997,348.0000285352341,-891193.86851257
36500.0,4392.168,348.00006139673974,-891233.2410146229
37000.0,2577.7679999999996,350.0000685019301,-891230.7008293913
35500.0,3744.1679999999997,343.0000525152517,-919834.5921832043
37000.0,3987.168,346.0001071364029,-940495.0126221012
36500.0,7873.3679999999995,306.00008522873253,-888327.0372284374
37000.0,6058.967999999999,308.0000923339229,-888324.4970432058
35500.0,7225.3679999999995,301.0000763472445,-916928.3883970188
37000.0,7468.368,304.0001309683957,-937588.8088359158
37500.0,6706.967999999999,308.0001251954285,-888363.8695452586
36000.0,7873.3679999999995,301.00010920875013,-916967.7608990716
37500.0,8116.368,304.00016382990134,-937628.1813379686
36500.0,6058.967999999999,303.0001163139405,-916965.22071384
38000.0,6301.968,306.0001709350917,-937625.641152737
36500.0,7468.368,299.0001549484133,-966229.53250655
37000.0,7886.8679999999995,306.00008530274494,-888327.0372284374
37500.0,6072.467999999999,308.0000924079353,-888324.4970432058
36000.0,7238.8679999999995,301.0000764212569,-916928.3883970188
37500.0,7481.868,304.0001310424081,-937588.8088359158
38000.0,6720.467999999999,308.0001252694409,-888363.8695452586
36500.0,7886.8679999999995,301.00010928276254,-916967.7608990716
38000.0,8129.868,304.0001639039137,-937628.1813379686
37000.0,6072.467999999999,303.0001163879529,-916965.22071384
38500.0,6315.468,306.0001710091041,-937625.641152737
37000.0,7481.868,299.0001550224257,-966229.53250655
38000.0,10201.668,266.0001491014337,-885457.6657590731
36500.0,11368.068,259.00013311475533,-914061.5571128861
38000.0,11611.068,262.00018773590654,-934721.9775517831
37000.0,9553.667999999998,261.0001402199457,-914059.0169276545
38500.0,9796.668,264.0001948410969,-934719.4373665515
37000.0,10963.068,257.0001788544185,-963323.3287203645
37500.0,10201.667999999998,261.0001730814513,-914098.3894297073
39000.0,10444.668,264.0002277026025,-934758.8098686043
37500.0,11611.068,257.00021171592414,-963362.7012224173
38000.0,9796.668,259.0002188211145,-963360.1610371857
37000.0,7873.3679999999995,326.00008522873253,-890799.7872284374
37500.0,6058.967999999999,328.0000923339229,-890797.2470432058
36000.0,7225.3679999999995,321.0000763472445,-919401.1383970188
37500.0,7468.368,324.0001309683957,-940061.5588359158
38000.0,6706.967999999999,328.0001251954285,-890836.6195452586
36500.0,7873.3679999999995,321.00010920875013,-919440.5108990716
38000.0,8116.368,324.00016382990134,-940100.9313379686
37000.0,6058.967999999999,323.0001163139405,-919437.97071384
38500.0,6301.968,326.0001709350917,-940098.391152737
37000.0,7468.368,319.0001549484133,-968702.28250655
38000.0,10188.168,286.0001490274213,-887930.4157590731
36500.0,11354.568,279.0001330407429,-916534.3071128861
38000.0,11597.568,282.00018766189413,-937194.7275517831
37000.0,9540.167999999998,281.0001401459333,-916531.7669276545
38500.0,9783.168,284.0001947670845,-937192.1873665515
37000.0,10949.568,277.0001787804061,-965796.0787203645
37500.0,10188.167999999998,281.0001730074389,-916571.1394297073
39000.0,10431.168,284.0002276285901,-937231.5598686043
37500.0,11597.568,277.00021164191173,-965835.4512224173
38000.0,9783.168,279.0002187471021,-965832.9110371857
38500.0,10201.668,286.0001491014337,-887930.4157590731
37000.0,11368.068,279.00013311475533,-916534.3071128861
38500.0,11611.068,282.00018773590654,-937194.7275517831
37500.0,9553.667999999998,281.0001402199457,-916531.7669276545
39000.0,9796.668,284.0001948410969,-937192.1873665515
37500.0,10963.068,277.0001788544185,-965796.0787203645
38000.0,10201.667999999998,281.0001730814513,-916571.1394297073
39500.0,10444.668,284.0002277026025,-937231.5598686043
38000.0,11611.068,277.00021171592414,-965835.4512224173
38500.0,9796.668,279.0002188211145,-965832.9110371857
38000.0,13682.867999999999,239.0001969134441,-913664.9356435218
39500.0,13925.868,242.00025153459532,-934325.3560824188
38000.0,15092.268,235.0002355479169,-962929.2474362318
38500.0,13277.867999999999,237.0002426531073,-962926.7072510002
39000.0,13925.867999999999,237.00027551461292,-962966.079753053
37500.0,7886.8679999999995,326.00008530274494,-890799.7872284374
38000.0,6072.467999999999,328.0000924079353,-890797.2470432058
36500.0,7238.8679999999995,321.0000764212569,-919401.1383970188
38000.0,7481.868,324.0001310424081,-940061.5588359158
38500.0,6720.467999999999,328.0001252694409,-890836.6195452586
37000.0,7886.8679999999995,321.00010928276254,-919440.5108990716
38500.0,8129.868,324.0001639039137,-940100.9313379686
37500.0,6072.467999999999,323.0001163879529,-919437.97071384
39000.0,6315.468,326.0001710091041,-940098.391152737
37500.0,7481.868,319.0001550224257,-968702.28250655
38500.0,10201.668,286.0001491014337,-887930.4157590731
37000.0,11368.068,279.00013311475533,-916534.3071128861
38500.0,11611.068,282.00018773590654,-937194.7275517831
37500.0,9553.667999999998,281.0001402199457,-916531.7669276545
39000.0,9796.668,284.0001948410969,-937192.1873665515
37500.0,10963.068,277.0001788544185,-965796.0787203645
38000.0,10201.667999999998,281.0001730814513,-916571.1394297073
39500.0,10444.668,284.0002277026025,-937231.5598686043
38000.0,11611.068,277.00021171592414,-965835.4512224173
38500.0,9796.668,279.0002188211145,-965832.9110371857
39000.0,10215.168,286.0001491754461,-887930.4157590731
37500.0,11381.568,279.00013318876773,-916534.3071128861
39000.0,11624.568,282.0001878099189,-937194.7275517831
38000.0,9567.167999999998,281.0001402939581,-916531.7669276545
39500.0,9810.168,284.0001949151093,-937192.1873665515
38000.0,10976.568,277.0001789284309,-965796.0787203645
38500.0,10215.167999999998,281.0001731554637,-916571.1394297073
40000.0,10458.168,284.0002277766149,-937231.5598686043
38500.0,11624.568,277.0002117899365,-965835.4512224173
39000.0,9810.168,279.0002188951269,-965832.9110371857
38500.0,13696.367999999999,239.00019698745652,-913664.9356435218
40000.0,13939.368,242.0002516086077,-934325.3560824188
38500.0,15105.768,235.0002356219293,-962929.2474362318
39000.0,13291.367999999999,237.0002427271197,-962926.7072510002
39500.0,13939.367999999999,237.0002755886253,-962966.079753053
39000.0,10201.668,306.0001491014337,-890403.1657590731
37500.0,11368.068,299.00013311475533,-919007.0571128861
39000.0,11611.068,302.00018773590654,-939667.4775517831
38000.0,9553.667999999998,301.0001402199457,-919004.5169276545
39500.0,9796.668,304.0001948410969,-939664.9373665515
38000.0,10963.068,297.0001788544185,-968268.8287203645
38500.0,10201.667999999998,301.0001730814513,-919043.8894297073
40000.0,10444.668,304.0002277026025,-939704.3098686043
38500.0,11611.068,297.00021171592414,-968308.2012224173
39000.0,9796.668,299.0002188211145,-968305.6610371857
38500.0,13682.867999999999,259.0001969134441,-916137.6856435218
40000.0,13925.868,262.0002515345953,-936798.1060824188
38500.0,15092.268,255.0002355479169,-965401.9974362318
39000.0,13277.867999999999,257.0002426531073,-965399.4572510002
39500.0,13925.867999999999,257.0002755146129,-965438.829753053
39000.0,13696.367999999999,259.0001969874565,-916137.6856435218
40500.0,13939.368,262.0002516086077,-936798.1060824188
39000.0,15105.768,255.0002356219293,-965401.9974362318
39500.0,13291.367999999999,257.0002427271197,-965399.4572510002
40000.0,13939.367999999999,257.0002755886253,-965438.829753053
40000.0,17420.568,215.00029942061812,-962532.6259668675
22500.0,7751.4,256.0000824991552,-519520.0937250097
23000.0,5937.0,258.0000896043456,-519517.553539778
21500.0,7103.4,251.0000736176672,-548121.4448935911
23000.0,7346.4,254.0001282388184,-568781.865332488
23500.0,6585.0,258.0001224658512,-519556.9260418309
22000.0,7751.4,251.0001064791728,-548160.817395644
23500.0,7994.4,254.000161100324,-568821.2378345409
22500.0,5937.0,253.0001135843632,-548158.2772104123
24000.0,6180.0,256.0001682055144,-568818.6976493092
22500.0,7346.4,249.000152218836,-597422.5890031223
23500.0,10066.199999999999,216.000146297844,-516650.7222556454
22000.0,11232.599999999999,209.0001303111656,-545254.6136094584
23500.0,11475.6,212.0001849323168,-565915.0340483554
22500.0,9418.2,211.000137416356,-545252.0734242267
24000.0,9661.2,214.0001920375072,-565912.4938631237
22500.0,10827.6,207.0001760508288,-594516.3852169368
23000.0,10066.2,211.0001702778616,-545291.4459262796
24500.0,10309.2,214.0002248990128,-565951.8663651766
23000.0,11475.6,207.0002089123344,-594555.7577189897
23500.0,9661.2,209.0002160175248,-594553.217533758
24000.0,10079.699999999999,216.0001463718564,-516650.7222556454
22500.0,11246.099999999999,209.000130385178,-545254.6136094584
24000.0,11489.1,212.0001850063292,-565915.0340483554
23000.0,9431.7,211.0001374903684,-545252.0734242267
24500.0,9674.7,214.0001921115196,-565912.4938631237
23000.0,10841.1,207.0001761248412,-594516.3852169368
23500.0,10079.7,211.000170351874,-545291.4459262796
25000.0,10322.7,214.0002249730252,-565951.8663651766
23500.0,11489.1,207.0002089863468,-594555.7577189897
24000.0,9674.7,209.0002160915372,-594553.217533758
23500.0,13560.899999999998,169.0001941838668,-542385.2421400942
25000.0,13803.9,172.000248805018,-563045.662578991
23500.0,14970.3,165.0002328183396,-591649.5539328041
24000.0,13155.900000000001,167.00023992353,-591647.0137475724
24500.0,13803.900000000001,167.0002727850356,-591686.3862496254
24000.0,10066.199999999999,236.000146297844,-519123.4722556454
22500.0,11232.599999999999,229.0001303111656,-547727.3636094584
24000.0,11475.6,232.0001849323168,-568387.7840483554
23000.0,9418.2,231.000137416356,-547724.8234242267
24500.0,9661.2,234.0001920375072,-568385.2438631237
23000.0,10827.6,227.0001760508288,-596989.1352169368
23500.0,10066.2,231.0001702778616,-547764.1959262796
25000.0,10309.2,234.0002248990128,-568424.6163651766
23500.0,11475.6,227.0002089123344,-597028.5077189897
24000.0,9661.2,229.0002160175248,-597025.967533758
23500.0,13547.399999999998,189.0001941098544,-544857.9921400942
25000.0,13790.4,192.0002487310056,-565518.412578991
23500.0,14956.8,185.0002327443272,-594122.3039328041
24000.0,13142.400000000001,187.0002398495176,-594119.7637475724
24500.0,13790.400000000001,187.0002727110232,-594159.1362496254
24000.0,13560.899999999998,189.0001941838668,-544857.9921400942
25500.0,13803.9,192.000248805018,-565518.412578991
24000.0,14970.3,185.0002328183396,-594122.3039328041
24500.0,13155.900000000001,187.00023992353,-594119.7637475724
25000.0,13803.900000000001,187.0002727850356,-594159.1362496254
25000.0,17285.1,145.0002966170284,-591252.9324634399
24500.0,10079.699999999999,236.0001463718564,-519123.4722556454
23000.0,11246.099999999999,229.000130385178,-547727.3636094584
24500.0,11489.1,232.0001850063292,-568387.7840483554
23500.0,9431.7,231.0001374903684,-547724.8234242267
25000.0,9674.7,234.0001921115196,-568385.2438631237
23500.0,10841.1,227.0001761248412,-596989.1352169368
24000.0,10079.7,231.000170351874,-547764.1959262796
25500.0,10322.7,234.0002249730252,-568424.6163651766
24000.0,11489.1,227.0002089863468,-597028.5077189897
24500.0,9674.7,229.0002160915372,-597025.967533758
24000.0,13560.899999999998,189.0001941838668,-544857.9921400942
25500.0,13803.9,192.000248805018,-565518.412578991
24000.0,14970.3,185.0002328183396,-594122.3039328041
24500.0,13155.900000000001,187.00023992353,-594119.7637475724
25000.0,13803.900000000001,187.0002727850356,-594159.1362496254
24500.0,13574.399999999998,189.0001942578792,-544857.9921400942
26000.0,13817.4,192.0002488790304,-565518.412578991
24500.0,14983.8,185.000232892352,-594122.3039328041
25000.0,13169.400000000001,187.0002399975424,-594119.7637475724
25500.0,13817.400000000001,187.000272859048,-594159.1362496254
25500.0,17298.6,145.0002966910408,-591252.9324634399
24500.0,13560.899999999998,209.0001941838668,-547330.7421400942
26000.0,13803.9,212.000248805018,-567991.162578991
24500.0,14970.3,205.0002328183396,-596595.0539328041
25000.0,13155.900000000001,207.00023992353,-596592.5137475724
25500.0,13803.900000000001,207.0002727850356,-596631.8862496254
25500.0,17285.1,165.0002966170284,-593725.6824634399
26000.0,17298.6,165.0002966910408,-593725.6824634399
39000.0,3762.8999999999996,368.0000294598957,-891193.86851257
39500.0,4410.9,368.0000623214013,-891233.2410146229
40000.0,2596.5,370.0000694265917,-891230.7008293913
38500.0,3762.8999999999996,363.0000534399133,-919834.5921832043
40000.0,4005.9000000000005,366.0001080610645,-940495.0126221012
39500.0,7892.099999999999,326.0000861533941,-888327.0372284374
40000.0,6077.699999999999,328.0000932585845,-888324.4970432058
38500.0,7244.099999999999,321.0000772719061,-916928.3883970188
40000.0,7487.1,324.0001318930573,-937588.8088359158
40500.0,6725.699999999999,328.0001261200901,-888363.8695452586
39000.0,7892.099999999999,321.0001101334117,-916967.7608990716
40500.0,8135.1,324.0001647545629,-937628.1813379686
39500.0,6077.699999999999,323.0001172386021,-916965.22071384
41000.0,6320.7,326.0001718597533,-937625.641152737
39500.0,7487.1,319.0001558730749,-966229.53250655
40000.0,7905.599999999999,326.0000862274065,-888327.0372284374
40500.0,6091.199999999999,328.0000933325969,-888324.4970432058
39000.0,7257.599999999999,321.0000773459185,-916928.3883970188
40500.0,7500.6,324.0001319670697,-937588.8088359158
41000.0,6739.199999999999,328.0001261941025,-888363.8695452586
39500.0,7905.599999999999,321.0001102074241,-916967.7608990716
41000.0,8148.6,324.0001648285753,-937628.1813379686
40000.0,6091.2,323.0001173126145,-916965.22071384
41500.0,6334.200000000001,326.00017193376567,-937625.641152737
40000.0,7500.6,319.0001559470873,-966229.53250655
41000.0,10220.4,286.0001500260953,-885457.6657590731
39500.0,11386.8,279.0001340394169,-914061.5571128861
41000.0,11629.8,282.0001886605681,-934721.9775517831
40000.0,9572.399999999998,281.0001411446073,-914059.0169276545
41500.0,9815.4,284.0001957657585,-934719.4373665515
40000.0,10981.8,277.0001797790801,-963323.3287203645
40500.0,10220.399999999998,281.0001740061129,-914098.3894297073
42000.0,10463.4,284.0002286272641,-934758.8098686043
40500.0,11629.8,277.0002126405857,-963362.7012224173
41000.0,9815.4,279.0002197457761,-963360.1610371857
40000.0,7892.099999999999,346.0000861533941,-890799.7872284374
40500.0,6077.699999999999,348.0000932585845,-890797.2470432058
39000.0,7244.099999999999,341.0000772719061,-919401.1383970188
40500.0,7487.1,344.0001318930573,-940061.5588359158
41000.0,6725.699999999999,348.0001261200901,-890836.6195452586
39500.0,7892.099999999999,341.0001101334117,-919440.5108990716
41000.0,8135.1,344.0001647545629,-940100.9313379686
40000.0,6077.699999999999,343.0001172386021,-919437.97071384
41500.0,6320.7,346.0001718597533,-940098.391152737
40000.0,7487.1,339.0001558730749,-968702.28250655
41000.0,10206.9,306.0001499520829,-887930.4157590731
39500.0,11373.3,299.0001339654045,-916534.3071128861
41000.0,11616.3,302.0001885865557,-937194.7275517831
40000.0,9558.899999999998,301.0001410705949,-916531.7669276545
41500.0,9801.9,304.0001956917461,-937192.1873665515
40000.0,10968.3,297.0001797050677,-965796.0787203645
40500.0,10206.899999999998,301.0001739321005,-916571.1394297073
42000.0,10449.9,304.0002285532517,-937231.5598686043
40500.0,11616.3,297.0002125665733,-965835.4512224173
41000.0,9801.9,299.0002196717637,-965832.9110371857
41500.0,10220.4,306.0001500260953,-887930.4157590731
40000.0,11386.8,299.0001340394169,-916534.3071128861
41500.0,11629.8,302.0001886605681,-937194.7275517831
40500.0,9572.399999999998,301.0001411446073,-916531.7669276545
42000.0,9815.4,304.0001957657585,-937192.1873665515
40500.0,10981.8,297.0001797790801,-965796.0787203645
41000.0,10220.399999999998,301.0001740061129,-916571.1394297073
42500.0,10463.4,304.0002286272641,-937231.5598686043
41000.0,11629.8,297.0002126405857,-965835.4512224173
41500.0,9815.4,299.0002197457761,-965832.9110371857
41000.0,13701.599999999999,259.0001978381057,-913664.9356435218
42500.0,13944.6,262.0002524592569,-934325.3560824188
41000.0,15111.0,255.0002364725785,-962929.2474362318
41500.0,13296.599999999999,257.0002435777689,-962926.7072510002
42000.0,13944.599999999999,257.0002764392745,-962966.079753053
40500.0,7905.599999999999,346.0000862274065,-890799.7872284374
41000.0,6091.199999999999,348.0000933325969,-890797.2470432058
39500.0,7257.599999999999,341.0000773459185,-919401.1383970188
41000.0,7500.6,344.0001319670697,-940061.5588359158
41500.0,6739.199999999999,348.0001261941025,-890836.6195452586
40000.0,7905.599999999999,341.0001102074241,-919440.5108990716
41500.0,8148.6,344.0001648285753,-940100.9313379686
40500.0,6091.2,343.0001173126145,-919437.97071384
42000.0,6334.200000000001,346.00017193376567,-940098.391152737
40500.0,7500.6,339.0001559470873,-968702.28250655
41500.0,10220.4,306.0001500260953,-887930.4157590731
40000.0,11386.8,299.0001340394169,-916534.3071128861
41500.0,11629.8,302.0001886605681,-937194.7275517831
40500.0,9572.399999999998,301.0001411446073,-916531.7669276545
42000.0,9815.4,304.0001957657585,-937192.1873665515
40500.0,10981.8,297.0001797790801,-965796.0787203645
41000.0,10220.399999999998,301.0001740061129,-916571.1394297073
42500.0,10463.4,304.0002286272641,-937231.5598686043
41000.0,11629.8,297.0002126405857,-965835.4512224173
41500.0,9815.4,299.0002197457761,-965832.9110371857
42000.0,10233.9,306.0001501001077,-887930.4157590731
40500.0,11400.3,299.0001341134293,-916534.3071128861
42000.0,11643.3,302.0001887345805,-937194.7275517831
41000.0,9585.899999999998,301.0001412186197,-916531.7669276545
42500.0,9828.9,304.00019583977087,-937192.1873665515
41000.0,10995.3,297.0001798530925,-965796.0787203645
41500.0,10233.899999999998,301.0001740801253,-916571.1394297073
43000.0,10476.9,304.0002287012765,-937231.5598686043
41500.0,11643.3,297.0002127145981,-965835.4512224173
42000.0,9828.9,299.00021981978847,-965832.9110371857
41500.0,13715.099999999999,259.0001979121181,-913664.9356435218
43000.0,13958.1,262.0002525332693,-934325.3560824188
41500.0,15124.5,255.00023654659088,-962929.2474362318
42000.0,13310.099999999999,257.0002436517813,-962926.7072510002
42500.0,13958.099999999999,257.0002765132869,-962966.079753053
42000.0,10220.4,326.0001500260953,-890403.1657590731
40500.0,11386.8,319.0001340394169,-919007.0571128861
42000.0,11629.8,322.0001886605681,-939667.4775517831
41000.0,9572.399999999998,321.0001411446073,-919004.5169276545
42500.0,9815.4,324.0001957657585,-939664.9373665515
41000.0,10981.8,317.0001797790801,-968268.8287203645
41500.0,10220.399999999998,321.0001740061129,-919043.8894297073
43000.0,10463.4,324.0002286272641,-939704.3098686043
41500.0,11629.8,317.0002126405857,-968308.2012224173
42000.0,9815.4,319.0002197457761,-968305.6610371857
41500.0,13701.599999999999,279.0001978381057,-916137.6856435218
43000.0,13944.6,282.0002524592569,-936798.1060824188
41500.0,15111.0,275.0002364725785,-965401.9974362318
42000.0,13296.599999999999,277.0002435777689,-965399.4572510002
42500.0,13944.599999999999,277.0002764392745,-965438.829753053
42000.0,13715.099999999999,279.0001979121181,-916137.6856435218
43500.0,13958.1,282.0002525332693,-936798.1060824188
42000.0,15124.5,275.0002365465909,-965401.9974362318
42500.0,13310.099999999999,277.0002436517813,-965399.4572510002
43000.0,13958.099999999999,277.0002765132869,-965438.829753053
43000.0,17439.3,235.0003003452797,-962532.6259668675
25500.0,7770.132,276.00008342381676,-891270.7872284374
26000.0,5955.732,278.0000905290072,-891268.2470432058
24500.0,7122.132,271.0000745423288,-919872.1383970188
26000.0,7365.132,274.00012916348,-940532.5588359158
26500.0,6603.732,278.0001233905128,-891307.6195452586
25000.0,7770.132,271.00010740383436,-919911.5108990716
26500.0,8013.132,274.00016202498557,-940571.9313379686
25500.0,5955.732,273.0001145090248,-919908.97071384
27000.0,6198.732,276.000169130176,-940569.391152737
25500.0,7365.132,269.0001531434976,-969173.28250655
26500.0,10084.931999999999,236.00014722250557,-888401.4157590731
25000.0,11251.331999999999,229.00013123582718,-917005.3071128861
26500.0,11494.332,232.0001858569784,-937665.7275517831
25500.0,9436.932,231.0001383410176,-917002.7669276545
27000.0,9679.932,234.0001929621688,-937663.1873665515
25500.0,10846.332,227.00017697549038,-966267.0787203645
26000.0,10084.932,231.00017120252318,-917042.1394297073
27500.0,10327.932,234.00022582367438,-937702.5598686043
26000.0,11494.332,227.000209836996,-966306.4512224173
26500.0,9679.932,229.00021694218637,-966303.9110371857
27000.0,10098.431999999999,236.00014729651798,-888401.4157590731
25500.0,11264.831999999999,229.0001313098396,-917005.3071128861
27000.0,11507.832,232.0001859309908,-937665.7275517831
26000.0,9450.432,231.00013841503,-917002.7669276545
27500.0,9693.432,234.00019303618117,-937663.1873665515
26000.0,10859.832,227.00017704950278,-966267.0787203645
26500.0,10098.432,231.00017127653558,-917042.1394297073
28000.0,10341.432,234.0002258976868,-937702.5598686043
26500.0,11507.832,227.0002099110084,-966306.4512224173
27000.0,9693.432,229.00021701619877,-966303.9110371857
26500.0,13579.631999999998,189.00019510852837,-914135.9356435218
28000.0,13822.632,192.00024972967958,-934796.3560824188
26500.0,14989.032,185.0002337430012,-963400.2474362318
27000.0,13174.632000000001,187.0002408481916,-963397.7072510002
27500.0,13822.632000000001,187.00027370969718,-963437.079753053
27000.0,10084.931999999999,256.0001472225056,-890874.1657590731
25500.0,11251.331999999999,249.00013123582718,-919478.0571128861
27000.0,11494.332,252.0001858569784,-940138.4775517831
26000.0,9436.932,251.0001383410176,-919475.5169276545
27500.0,9679.932,254.0001929621688,-940135.9373665515
26000.0,10846.332,247.00017697549038,-968739.8287203645
26500.0,10084.932,251.00017120252318,-919514.8894297073
28000.0,10327.932,254.00022582367438,-940175.3098686043
26500.0,11494.332,247.000209836996,-968779.2012224173
27000.0,9679.932,249.00021694218637,-968776.6610371857
26500.0,13566.131999999998,209.000195034516,-916608.6856435218
28000.0,13809.132,212.00024965566718,-937269.1060824188
26500.0,14975.532,205.00023366898878,-965872.9974362318
27000.0,13161.132000000001,207.0002407741792,-965870.4572510002
27500.0,13809.132000000001,207.00027363568478,-965909.829753053
27000.0,13579.631999999998,209.00019510852837,-916608.6856435218
28500.0,13822.632,212.00024972967958,-937269.1060824188
27000.0,14989.032,205.0002337430012,-965872.9974362318
27500.0,13174.632000000001,207.0002408481916,-965870.4572510002
28000.0,13822.632000000001,207.00027370969718,-965909.829753053
28000.0,17303.832,165.00029754168997,-963003.6259668675
27500.0,10098.431999999999,256.000147296518,-890874.1657590731
26000.0,11264.831999999999,249.0001313098396,-919478.0571128861
27500.0,11507.832,252.0001859309908,-940138.4775517831
26500.0,9450.432,251.00013841503,-919475.5169276545
28000.0,9693.432,254.00019303618117,-940135.9373665515
26500.0,10859.832,247.00017704950278,-968739.8287203645
27000.0,10098.432,251.00017127653558,-919514.8894297073
28500.0,10341.432,254.0002258976868,-940175.3098686043
27000.0,11507.832,247.0002099110084,-968779.2012224173
27500.0,9693.432,249.00021701619877,-968776.6610371857
27000.0,13579.631999999998,209.00019510852837,-916608.6856435218
28500.0,13822.632,212.00024972967958,-937269.1060824188
27000.0,14989.032,205.0002337430012,-965872.9974362318
27500.0,13174.632000000001,207.0002408481916,-965870.4572510002
28000.0,13822.632000000001,207.00027370969718,-965909.829753053
27500.0,13593.131999999998,209.00019518254078,-916608.6856435218
29000.0,13836.132,212.000249803692,-937269.1060824188
27500.0,15002.532,205.0002338170136,-965872.9974362318
28000.0,13188.132000000001,207.00024092220397,-965870.4572510002
28500.0,13836.132000000001,207.0002737837096,-965909.829753053
28500.0,17317.332,165.00029761570238,-963003.6259668675
27500.0,13579.631999999998,229.00019510852837,-919081.4356435218
29000.0,13822.632,232.00024972967958,-939741.8560824188
27500.0,14989.032,225.0002337430012,-968345.7474362318
28000.0,13174.632000000001,227.0002408481916,-968343.2072510002
28500.0,13822.632000000001,227.00027370969718,-968382.579753053
28500.0,17303.832,185.00029754168997,-965476.3759668675
29000.0,17317.332,185.00029761570238,-965476.3759668675
26500.0,7831.3679999999995,276.0000841432173,-891270.7872284374
27000.0,6016.967999999999,278.0000912484077,-891268.2470432058
25500.0,7183.3679999999995,271.0000752617293,-919872.1383970188
27000.0,7426.368,274.0001298828805,-940532.5588359158
27500.0,6664.967999999999,278.0001241099133,-891307.6195452586
26000.0,7831.3679999999995,271.0001081232349,-919911.5108990716
27500.0,8074.368,274.0001627443861,-940571.9313379686
26500.0,6016.967999999999,273.00011522842533,-919908.97071384
28000.0,6259.968,276.00016984957654,-940569.391152737
26500.0,7426.368,269.0001538628981,-969173.28250655
27500.0,10146.168,236.0001479419061,-888401.4157590731
26000.0,11312.568,229.00013195522772,-917005.3071128861
27500.0,11555.568,232.00018657637892,-937665.7275517831
26500.0,9498.167999999998,231.00013906041812,-917002.7669276545
28000.0,9741.168,234.0001936815693,-937663.1873665515
26500.0,10907.568,227.0001776948909,-966267.0787203645
27000.0,10146.167999999998,231.0001719219237,-917042.1394297073
28500.0,10389.168,234.00022654307492,-937702.5598686043
27000.0,11555.568,227.00021055639652,-966306.4512224173
27500.0,9741.168,229.0002176615869,-966303.9110371857
28000.0,10159.668,236.0001480159185,-888401.4157590731
26500.0,11326.068,229.00013202924012,-917005.3071128861
28000.0,11569.068,232.0001866503913,-937665.7275517831
27000.0,9511.667999999998,231.00013913443053,-917002.7669276545
28500.0,9754.668,234.0001937555817,-937663.1873665515
27000.0,10921.068,227.0001777689033,-966267.0787203645
27500.0,10159.667999999998,231.0001719959361,-917042.1394297073
29000.0,10402.668,234.00022661708732,-937702.5598686043
27500.0,11569.068,227.0002106304089,-966306.4512224173
28000.0,9754.668,229.0002177355993,-966303.9110371857
27500.0,13640.867999999999,189.0001958279289,-914135.9356435218
29000.0,13883.868,192.0002504490801,-934796.3560824188
27500.0,15050.268,185.00023446240172,-963400.2474362318
28000.0,13235.867999999999,187.0002415675921,-963397.7072510002
28500.0,13883.867999999999,187.00027442909771,-963437.079753053
28000.0,10146.168,256.0001479419061,-890874.1657590731
26500.0,11312.568,249.00013195522772,-919478.0571128861
28000.0,11555.568,252.00018657637892,-940138.4775517831
27000.0,9498.167999999998,251.00013906041812,-919475.5169276545
28500.0,9741.168,254.0001936815693,-940135.9373665515
27000.0,10907.568,247.0001776948909,-968739.8287203645
27500.0,10146.167999999998,251.0001719219237,-919514.8894297073
29000.0,10389.168,254.00022654307492,-940175.3098686043
27500.0,11555.568,247.00021055639652,-968779.2012224173
28000.0,9741.168,249.0002176615869,-968776.6610371857
27500.0,13627.367999999999,209.0001957539165,-916608.6856435218
29000.0,13870.368,212.0002503750677,-937269.1060824188
27500.0,15036.768,205.00023438838932,-965872.9974362318
28000.0,13222.367999999999,207.00024149357972,-965870.4572510002
28500.0,13870.367999999999,207.0002743550853,-965909.829753053
28000.0,13640.867999999999,209.0001958279289,-916608.6856435218
29500.0,13883.868,212.0002504490801,-937269.1060824188
28000.0,15050.268,205.00023446240172,-965872.9974362318
28500.0,13235.867999999999,207.0002415675921,-965870.4572510002
29000.0,13883.867999999999,207.00027442909771,-965909.829753053
29000.0,17365.068,165.0002982610905,-963003.6259668675
28500.0,10159.668,256.0001480159185,-890874.1657590731
27000.0,11326.068,249.00013202924012,-919478.0571128861
28500.0,11569.068,252.0001866503913,-940138.4775517831
27500.0,9511.667999999998,251.00013913443053,-919475.5169276545
29000.0,9754.668,254.0001937555817,-940135.9373665515
27500.0,10921.068,247.0001777689033,-968739.8287203645
28000.0,10159.667999999998,251.0001719959361,-919514.8894297073
29500.0,10402.668,254.00022661708732,-940175.3098686043
28000.0,11569.068,247.0002106304089,-968779.2012224173
28500.0,9754.668,249.0002177355993,-968776.6610371857
28000.0,13640.867999999999,209.0001958279289,-916608.6856435218
29500.0,13883.868,212.0002504490801,-937269.1060824188
28000.0,15050.268,205.00023446240172,-965872.9974362318
28500.0,13235.867999999999,207.0002415675921,-965870.4572510002
29000.0,13883.867999999999,207.00027442909771,-965909.829753053
28500.0,13654.367999999999,209.0001959019413,-916608.6856435218
30000.0,13897.368,212.00025052309252,-937269.1060824188
28500.0,15063.768,205.0002345364141,-965872.9974362318
29000.0,13249.367999999999,207.0002416416045,-965870.4572510002
29500.0,13897.367999999999,207.00027450311012,-965909.829753053
29500.0,17378.568,165.0002983351029,-963003.6259668675
28500.0,13640.867999999999,229.0001958279289,-919081.4356435218
30000.0,13883.868,232.0002504490801,-939741.8560824188
28500.0,15050.268,225.00023446240172,-968345.7474362318
29000.0,13235.867999999999,227.0002415675921,-968343.2072510002
29500.0,13883.867999999999,227.00027442909771,-968382.579753053
29500.0,17365.068,185.0002982610905,-965476.3759668675
30000.0,17378.568,185.0002983351029,-965476.3759668675
13500.0,10024.199999999999,186.0001452123288,-7489.343460317549
12000.0,11190.599999999999,179.0001292256504,-36093.23481413059
13500.0,11433.6,182.0001838468016,-56753.65525302754
12500.0,9376.2,181.0001363308408,-36090.69462889891
14000.0,9619.2,184.000190951992,-56751.115067795865
12500.0,10785.6,177.0001749653136,-85355.00642160891
13000.0,10024.2,181.0001691923464,-36130.06713095181
14500.0,10267.2,184.0002238134976,-56790.487569848745
13000.0,11433.6,177.0002078268192,-85394.3789236618
13500.0,9619.2,179.0002149320096,-85391.83873843012
13000.0,13505.399999999998,139.0001930243392,-33223.86334476629
14500.0,13748.4,142.0002476454904,-53884.28378366323
13000.0,14914.8,135.000231658812,-82488.17513747627
13500.0,13100.400000000001,137.0002387640024,-82485.6349522446
14000.0,13748.400000000001,137.000271625508,-82525.00745429749
13500.0,13518.899999999998,139.0001930983516,-33223.86334476629
15000.0,13761.9,142.0002477195028,-53884.28378366323
13500.0,14928.3,135.0002317328244,-82488.17513747627
14000.0,13113.900000000001,137.0002388380148,-82485.6349522446
14500.0,13761.900000000001,137.0002716995204,-82525.00745429749
14500.0,17243.1,95.0002955315132,-79618.80366811197
13500.0,13505.399999999998,159.0001930243392,-35696.61334476629
15000.0,13748.4,162.0002476454904,-56357.03378366323
13500.0,14914.8,155.000231658812,-84960.92513747627
14000.0,13100.400000000001,157.0002387640024,-84958.3849522446
14500.0,13748.400000000001,157.000271625508,-84997.75745429749
14500.0,17229.6,115.0002954575008,-82091.55366811197
15000.0,17243.1,115.0002955315132,-82091.55366811197
14000.0,13518.899999999998,159.0001930983516,-35696.61334476629
15500.0,13761.9,162.0002477195028,-56357.03378366323
14000.0,14928.3,155.0002317328244,-84960.92513747627
14500.0,13113.900000000001,157.0002388380148,-84958.3849522446
15000.0,13761.900000000001,157.0002716995204,-84997.75745429749
15000.0,17243.1,115.0002955315132,-82091.55366811197
15500.0,17256.6,115.0002956055256,-82091.55366811197
15500.0,17243.1,135.0002955315132,-87037.05366811197
59000.0,357.45000000000005,520.0000076385732,-891156.3222987555
59000.0,3838.6499999999996,478.0000314705659,-888250.11851257
59500.0,4486.65,478.0000643320715,-888289.4910146229
60000.0,2672.25,480.0000714372619,-888286.9508293913
58500.0,3838.6499999999996,473.0000554505835,-916890.8421832043
60000.0,4081.6500000000005,476.0001100717347,-937551.2626221012
59500.0,3852.1499999999996,478.0000315445783,-888250.11851257
60000.0,4500.15,478.0000644060839,-888289.4910146229
60500.0,2685.75,480.0000715112743,-888286.9508293913
59000.0,3852.1499999999996,473.0000555245959,-916890.8421832043
60500.0,4095.1500000000005,476.0001101457471,-937551.2626221012
60000.0,7981.349999999999,436.00008823807667,-885383.2872284374
60500.0,6166.949999999999,438.0000953432671,-885380.7470432058
59000.0,7333.349999999999,431.0000793565887,-913984.6383970188
60500.0,7576.35,434.0001339777399,-934645.0588359158
61000.0,6814.949999999999,438.0001282047727,-885420.1195452586
59500.0,7981.349999999999,431.0001122180943,-914024.0108990716
61000.0,8224.35,434.0001668392455,-934684.4313379686
60000.0,6166.95,433.0001193232847,-914021.47071384
61500.0,6409.950000000001,436.0001739444359,-934681.891152737
60000.0,7576.35,429.0001579577575,-963285.78250655
59500.0,3838.6499999999996,498.0000314705659,-890722.86851257
60000.0,4486.65,498.0000643320715,-890762.2410146229
60500.0,2672.25,500.0000714372619,-890759.7008293913
59000.0,3838.6499999999996,493.0000554505835,-919363.5921832043
60500.0,4081.6500000000005,496.0001100717347,-940024.0126221012
60000.0,7967.849999999999,456.0000881640643,-887856.0372284374
60500.0,6153.449999999999,458.0000952692547,-887853.4970432058
59000.0,7319.849999999999,451.0000792825763,-916457.3883970188
60500.0,7562.85,454.0001339037275,-937117.8088359158
61000.0,6801.449999999999,458.0001281307603,-887892.8695452586
59500.0,7967.849999999999,451.00011214408187,-916496.7608990716
61000.0,8210.85,454.0001667652331,-937157.1813379686
60000.0,6153.45,453.0001192492723,-916494.22071384
61500.0,6396.450000000001,456.0001738704235,-937154.641152737
60000.0,7562.85,449.0001578837451,-965758.53250655
60500.0,7981.349999999999,456.00008823807667,-887856.0372284374
61000.0,6166.949999999999,458.0000953432671,-887853.4970432058
59500.0,7333.349999999999,451.0000793565887,-916457.3883970188
61000.0,7576.35,454.0001339777399,-937117.8088359158
61500.0,6814.949999999999,458.0001282047727,-887892.8695452586
60000.0,7981.349999999999,451.0001122180943,-916496.7608990716
61500.0,8224.35,454.0001668392455,-937157.1813379686
60500.0,6166.95,453.0001193232847,-916494.22071384
62000.0,6409.950000000001,456.0001739444359,-937154.641152737
60500.0,7576.35,449.0001579577575,-965758.53250655
61500.0,10296.15,416.0001520367655,-884986.6657590731
60000.0,11462.55,409.0001360500871,-913590.5571128861
61500.0,11705.55,412.0001906712383,-934250.9775517831
60500.0,9648.149999999998,411.0001431552775,-913588.0169276545
62000.0,9891.15,414.0001977764287,-934248.4373665515
60500.0,11057.55,407.0001817897503,-962852.3287203645
61000.0,10296.149999999998,411.0001760167831,-913627.3894297073
62500.0,10539.15,414.0002306379343,-934287.8098686043
61000.0,11705.55,407.0002146512559,-962891.7012224173
61500.0,9891.15,409.0002217564463,-962889.1610371857
60000.0,3852.1499999999996,498.0000315445783,-890722.86851257
60500.0,4500.15,498.0000644060839,-890762.2410146229
61000.0,2685.75,500.0000715112743,-890759.7008293913
59500.0,3852.1499999999996,493.0000555245959,-919363.5921832043
61000.0,4095.1500000000005,496.0001101457471,-940024.0126221012
60500.0,7981.349999999999,456.00008823807667,-887856.0372284374
61000.0,6166.949999999999,458.0000953432671,-887853.4970432058
59500.0,7333.349999999999,451.0000793565887,-916457.3883970188
61000.0,7576.35,454.0001339777399,-937117.8088359158
61500.0,6814.949999999999,458.0001282047727,-887892.8695452586
60000.0,7981.349999999999,451.0001122180943,-916496.7608990716
61500.0,8224.35,454.0001668392455,-937157.1813379686
60500.0,6166.95,453.0001193232847,-916494.22071384
62000.0,6409.950000000001,456.0001739444359,-937154.641152737
60500.0,7576.35,449.0001579577575,-965758.53250655
61000.0,7994.849999999999,456.0000883120891,-887856.0372284374
61500.0,6180.449999999999,458.0000954172795,-887853.4970432058
60000.0,7346.849999999999,451.0000794306011,-916457.3883970188
61500.0,7589.85,454.0001340517523,-937117.8088359158
62000.0,6828.449999999999,458.0001282787851,-887892.8695452586
60500.0,7994.849999999999,451.0001122921067,-916496.7608990716
62000.0,8237.85,454.0001669132579,-937157.1813379686
61000.0,6180.45,453.0001193972971,-916494.22071384
62500.0,6423.450000000001,456.0001740184483,-937154.641152737
61000.0,7589.85,449.0001580317699,-965758.53250655
62000.0,10309.65,416.0001521107779,-884986.6657590731
60500.0,11476.05,409.00013612409947,-913590.5571128861
62000.0,11719.05,412.0001907452507,-934250.9775517831
61000.0,9661.649999999998,411.0001432292899,-913588.0169276545
62500.0,9904.65,414.0001978504411,-934248.4373665515
61000.0,11071.05,407.0001818637627,-962852.3287203645
61500.0,10309.649999999998,411.0001760907955,-913627.3894297073
63000.0,10552.65,414.0002307119467,-934287.8098686043
61500.0,11719.05,407.0002147252683,-962891.7012224173
62000.0,9904.65,409.0002218304587,-962889.1610371857
61000.0,7981.349999999999,476.00008823807667,-890328.7872284374
61500.0,6166.949999999999,478.0000953432671,-890326.2470432058
60000.0,7333.349999999999,471.0000793565887,-918930.1383970188
61500.0,7576.35,474.0001339777399,-939590.5588359158
62000.0,6814.949999999999,478.0001282047727,-890365.6195452586
60500.0,7981.349999999999,471.0001122180943,-918969.5108990716
62000.0,8224.35,474.0001668392455,-939629.9313379686
61000.0,6166.95,473.0001193232847,-918966.97071384
62500.0,6409.950000000001,476.0001739444359,-939627.391152737
61000.0,7576.35,469.0001579577575,-968231.28250655
62000.0,10296.15,436.0001520367655,-887459.4157590731
60500.0,11462.55,429.0001360500871,-916063.3071128861
62000.0,11705.55,432.0001906712383,-936723.7275517831
61000.0,9648.149999999998,431.0001431552775,-916060.7669276545
62500.0,9891.15,434.0001977764287,-936721.1873665515
61000.0,11057.55,427.0001817897503,-965325.0787203645
61500.0,10296.149999999998,431.0001760167831,-916100.1394297073
63000.0,10539.15,434.0002306379343,-936760.5598686043
61500.0,11705.55,427.0002146512559,-965364.4512224173
62000.0,9891.15,429.0002217564463,-965361.9110371857
62500.0,10309.65,436.0001521107779,-887459.4157590731
61000.0,11476.05,429.00013612409947,-916063.3071128861
62500.0,11719.05,432.0001907452507,-936723.7275517831
61500.0,9661.649999999998,431.0001432292899,-916060.7669276545
63000.0,9904.65,434.0001978504411,-936721.1873665515
61500.0,11071.05,427.0001818637627,-965325.0787203645
62000.0,10309.649999999998,431.0001760907955,-916100.1394297073
63500.0,10552.65,434.0002307119467,-936760.5598686043
62000.0,11719.05,427.0002147252683,-965364.4512224173
62500.0,9904.65,429.0002218304587,-965361.9110371857
62000.0,13790.849999999999,389.0001999227883,-913193.9356435218
63500.0,14033.85,392.0002545439395,-933854.3560824188
62000.0,15200.25,385.00023855726107,-962458.2474362318
62500.0,13385.849999999999,387.0002456624515,-962455.7072510002
63000.0,14033.849999999999,387.0002785239571,-962495.079753053
45000.0,3716.682,428.00002874098857,-891193.86851257
45500.0,4364.682,428.00006160249416,-891233.2410146229
46000.0,2550.2819999999997,430.0000687076846,-891230.7008293913
44500.0,3716.682,423.00005272100617,-919834.5921832043
46000.0,3959.6820000000002,426.0001073421574,-940495.0126221012
45500.0,7845.882,386.000085434487,-888327.0372284374
46000.0,6031.482,388.0000925396774,-888324.4970432058
44500.0,7197.882,381.00007655299896,-916928.3883970188
46000.0,7440.882,384.00013117415017,-937588.8088359158
46500.0,6679.482,388.00012540118297,-888363.8695452586
45000.0,7845.882,381.0001094145046,-916967.7608990716
46500.0,8088.882,384.00016403565576,-937628.1813379686
45500.0,6031.482,383.000116519695,-916965.22071384
47000.0,6274.482,386.0001711408462,-937625.641152737
45500.0,7440.882,379.00015515416777,-966229.53250655
46000.0,7859.382,386.0000855084994,-888327.0372284374
46500.0,6044.982,388.0000926136898,-888324.4970432058
45000.0,7211.382,381.00007662701137,-916928.3883970188
46500.0,7454.382,384.0001312481626,-937588.8088359158
47000.0,6692.982,388.0001254751954,-888363.8695452586
45500.0,7859.382,381.000109488517,-916967.7608990716
47000.0,8102.382,384.00016410966816,-937628.1813379686
46000.0,6044.982,383.0001165937074,-916965.22071384
47500.0,6287.982,386.0001712148586,-937625.641152737
46000.0,7454.382,379.0001552281802,-966229.53250655
47000.0,10174.181999999999,346.00014930718817,-885457.6657590731
45500.0,11340.581999999999,339.0001333205098,-914061.5571128861
47000.0,11583.582,342.000187941661,-934721.9775517831
46000.0,9526.182,341.0001404257002,-914059.0169276545
47500.0,9769.182,344.0001950468514,-934719.4373665515
46000.0,10935.582,337.00017906017297,-963323.3287203645
46500.0,10174.182,341.00017328720577,-914098.3894297073
48000.0,10417.182,344.000227908357,-934758.8098686043
46500.0,11583.582,337.00021192167856,-963362.7012224173
47000.0,9769.182,339.000219026869,-963360.1610371857
46000.0,7845.882,406.000085434487,-890799.7872284374
46500.0,6031.482,408.0000925396774,-890797.2470432058
45000.0,7197.882,401.00007655299896,-919401.1383970188
46500.0,7440.882,404.00013117415017,-940061.5588359158
47000.0,6679.482,408.00012540118297,-890836.6195452586
45500.0,7845.882,401.0001094145046,-919440.5108990716
47000.0,8088.882,404.00016403565576,-940100.9313379686
46000.0,6031.482,403.000116519695,-919437.97071384
47500.0,6274.482,406.0001711408462,-940098.391152737
46000.0,7440.882,399.00015515416777,-968702.28250655
47000.0,10160.681999999999,366.00014923317576,-887930.4157590731
45500.0,11327.081999999999,359.0001332464974,-916534.3071128861
47000.0,11570.082,362.0001878676486,-937194.7275517831
46000.0,9512.682,361.0001403516878,-916531.7669276545
47500.0,9755.682,364.000194972839,-937192.1873665515
46000.0,10922.082,357.00017898616056,-965796.0787203645
46500.0,10160.682,361.00017321319336,-916571.1394297073
48000.0,10403.682,364.00022783434457,-937231.5598686043
46500.0,11570.082,357.0002118476662,-965835.4512224173
47000.0,9755.682,359.0002189528566,-965832.9110371857
47500.0,10174.181999999999,366.00014930718817,-887930.4157590731
46000.0,11340.581999999999,359.0001333205098,-916534.3071128861
47500.0,11583.582,362.000187941661,-937194.7275517831
46500.0,9526.182,361.0001404257002,-916531.7669276545
48000.0,9769.182,364.0001950468514,-937192.1873665515
46500.0,10935.582,357.00017906017297,-965796.0787203645
47000.0,10174.182,361.00017328720577,-916571.1394297073
48500.0,10417.182,364.000227908357,-937231.5598686043
47000.0,11583.582,357.00021192167856,-965835.4512224173
47500.0,9769.182,359.000219026869,-965832.9110371857
47000.0,13655.381999999998,319.00019711919856,-913664.9356435218
48500.0,13898.382,322.00025174034977,-934325.3560824188
47000.0,15064.782,315.0002357536714,-962929.2474362318
47500.0,13250.382000000001,317.0002428588618,-962926.7072510002
48000.0,13898.382000000001,317.00027572036737,-962966.079753053
46500.0,7859.382,406.0000855084994,-890799.7872284374
47000.0,6044.982,408.0000926136898,-890797.2470432058
45500.0,7211.382,401.00007662701137,-919401.1383970188
47000.0,7454.382,404.0001312481626,-940061.5588359158
47500.0,6692.982,408.0001254751954,-890836.6195452586
46000.0,7859.382,401.000109488517,-919440.5108990716
47500.0,8102.382,404.00016410966816,-940100.9313379686
46500.0,6044.982,403.0001165937074,-919437.97071384
48000.0,6287.982,406.0001712148586,-940098.391152737
46500.0,7454.382,399.0001552281802,-968702.28250655
47500.0,10174.181999999999,366.00014930718817,-887930.4157590731
46000.0,11340.581999999999,359.0001333205098,-916534.3071128861
47500.0,11583.582,362.000187941661,-937194.7275517831
46500.0,9526.182,361.0001404257002,-916531.7669276545
48000.0,9769.182,364.0001950468514,-937192.1873665515
46500.0,10935.582,357.00017906017297,-965796.0787203645
47000.0,10174.182,361.00017328720577,-916571.1394297073
48500.0,10417.182,364.000227908357,-937231.5598686043
47000.0,11583.582,357.00021192167856,-965835.4512224173
47500.0,9769.182,359.000219026869,-965832.9110371857
48000.0,10187.681999999999,366.0001493812006,-887930.4157590731
46500.0,11354.081999999999,359.0001333945222,-916534.3071128861
48000.0,11597.082,362.00018801567336,-937194.7275517831
47000.0,9539.682,361.0001404997126,-916531.7669276545
48500.0,9782.682,364.0001951208638,-937192.1873665515
47000.0,10949.082,357.0001791341854,-965796.0787203645
47500.0,10187.682,361.0001733612182,-916571.1394297073
49000.0,10430.682,364.0002279823694,-937231.5598686043
47500.0,11597.082,357.00021199569096,-965835.4512224173
48000.0,9782.682,359.0002191008814,-965832.9110371857
47500.0,13668.881999999998,319.00019719321097,-913664.9356435218
49000.0,13911.882,322.0002518143622,-934325.3560824188
47500.0,15078.282,315.0002358276838,-962929.2474362318
48000.0,13263.882000000001,317.0002429328742,-962926.7072510002
48500.0,13911.882000000001,317.0002757943798,-962966.079753053
48000.0,10174.181999999999,386.00014930718817,-890403.1657590731
46500.0,11340.581999999999,379.0001333205098,-919007.0571128861
48000.0,11583.582,382.000187941661,-939667.4775517831
47000.0,9526.182,381.0001404257002,-919004.5169276545
48500.0,9769.182,384.0001950468514,-939664.9373665515
47000.0,10935.582,377.00017906017297,-968268.8287203645
47500.0,10174.182,381.00017328720577,-919043.8894297073
49000.0,10417.182,384.000227908357,-939704.3098686043
47500.0,11583.582,377.00021192167856,-968308.2012224173
48000.0,9769.182,379.000219026869,-968305.6610371857
47500.0,13655.381999999998,339.00019711919856,-916137.6856435218
49000.0,13898.382,342.00025174034977,-936798.1060824188
47500.0,15064.782,335.0002357536714,-965401.9974362318
48000.0,13250.382000000001,337.0002428588618,-965399.4572510002
48500.0,13898.382000000001,337.00027572036737,-965438.829753053
48000.0,13668.881999999998,339.00019719321097,-916137.6856435218
49500.0,13911.882,342.0002518143622,-936798.1060824188
48000.0,15078.282,335.0002358276838,-965401.9974362318
48500.0,13263.882000000001,337.0002429328742,-965399.4572510002
49000.0,13911.882000000001,337.0002757943798,-965438.829753053
49000.0,17393.082,295.00029962637257,-962532.6259668675
46000.0,3777.9179999999997,428.0000294603891,-891193.86851257
46500.0,4425.918,428.0000623218947,-891233.2410146229
47000.0,2611.5179999999996,430.0000694270851,-891230.7008293913
45500.0,3777.9179999999997,423.0000534404067,-919834.5921832043
47000.0,4020.918,426.0001080615579,-940495.0126221012
46500.0,7907.1179999999995,386.00008615388754,-888327.0372284374
47000.0,6092.717999999999,388.0000932590779,-888324.4970432058
45500.0,7259.1179999999995,381.0000772723995,-916928.3883970188
47000.0,7502.118,384.0001318935507,-937588.8088359158
47500.0,6740.717999999999,388.0001261205835,-888363.8695452586
46000.0,7907.1179999999995,381.00011013390514,-916967.7608990716
47500.0,8150.118,384.0001647550563,-937628.1813379686
46500.0,6092.717999999999,383.0001172390955,-916965.22071384
48000.0,6335.718,386.0001718602467,-937625.641152737
46500.0,7502.118,379.0001558735683,-966229.53250655
47000.0,7920.6179999999995,386.0000862278999,-888327.0372284374
47500.0,6106.217999999999,388.0000933330903,-888324.4970432058
46000.0,7272.6179999999995,381.0000773464119,-916928.3883970188
47500.0,7515.618,384.0001319675631,-937588.8088359158
48000.0,6754.217999999999,388.0001261945959,-888363.8695452586
46500.0,7920.6179999999995,381.0001102079175,-916967.7608990716
48000.0,8163.618,384.0001648290687,-937628.1813379686
47000.0,6106.217999999999,383.0001173131079,-916965.22071384
48500.0,6349.218,386.00017193425913,-937625.641152737
47000.0,7515.618,379.0001559475807,-966229.53250655
48000.0,10235.418,346.0001500265887,-885457.6657590731
46500.0,11401.818,339.00013403991034,-914061.5571128861
48000.0,11644.818,342.0001886610615,-934721.9775517831
47000.0,9587.417999999998,341.0001411451007,-914059.0169276545
48500.0,9830.418,344.0001957662519,-934719.4373665515
47000.0,10996.818,337.0001797795735,-963323.3287203645
47500.0,10235.417999999998,341.0001740066063,-914098.3894297073
49000.0,10478.418,344.0002286277575,-934758.8098686043
47500.0,11644.818,337.0002126410791,-963362.7012224173
48000.0,9830.418,339.0002197462695,-963360.1610371857
47000.0,7907.1179999999995,406.00008615388754,-890799.7872284374
47500.0,6092.717999999999,408.0000932590779,-890797.2470432058
46000.0,7259.1179999999995,401.0000772723995,-919401.1383970188
47500.0,7502.118,404.0001318935507,-940061.5588359158
48000.0,6740.717999999999,408.0001261205835,-890836.6195452586
46500.0,7907.1179999999995,401.00011013390514,-919440.5108990716
48000.0,8150.118,404.0001647550563,-940100.9313379686
47000.0,6092.717999999999,403.0001172390955,-919437.97071384
48500.0,6335.718,406.0001718602467,-940098.391152737
47000.0,7502.118,399.0001558735683,-968702.28250655
48000.0,10221.918,366.0001499525763,-887930.4157590731
46500.0,11388.318,359.00013396589793,-916534.3071128861
48000.0,11631.318,362.00018858704914,-937194.7275517831
47000.0,9573.917999999998,361.0001410710883,-916531.7669276545
48500.0,9816.918,364.0001956922395,-937192.1873665515
47000.0,10983.318,357.0001797055611,-965796.0787203645
47500.0,10221.917999999998,361.0001739325939,-916571.1394297073
49000.0,10464.918,364.0002285537451,-937231.5598686043
47500.0,11631.318,357.00021256706674,-965835.4512224173
48000.0,9816.918,359.0002196722571,-965832.9110371857
48500.0,10235.418,366.0001500265887,-887930.4157590731
47000.0,11401.818,359.00013403991034,-916534.3071128861
48500.0,11644.818,362.0001886610615,-937194.7275517831
47500.0,9587.417999999998,361.0001411451007,-916531.7669276545
49000.0,9830.418,364.0001957662519,-937192.1873665515
47500.0,10996.818,357.0001797795735,-965796.0787203645
48000.0,10235.417999999998,361.0001740066063,-916571.1394297073
49500.0,10478.418,364.0002286277575,-937231.5598686043
48000.0,11644.818,357.0002126410791,-965835.4512224173
48500.0,9830.418,359.0002197462695,-965832.9110371857
48000.0,13716.617999999999,319.0001978385991,-913664.9356435218
49500.0,13959.618,322.0002524597503,-934325.3560824188
48000.0,15126.018,315.00023647307194,-962929.2474362318
48500.0,13311.617999999999,317.0002435782623,-962926.7072510002
49000.0,13959.617999999999,317.0002764397679,-962966.079753053
47500.0,7920.6179999999995,406.0000862278999,-890799.7872284374
48000.0,6106.217999999999,408.0000933330903,-890797.2470432058
46500.0,7272.6179999999995,401.0000773464119,-919401.1383970188
48000.0,7515.618,404.0001319675631,-940061.5588359158
48500.0,6754.217999999999,408.0001261945959,-890836.6195452586
47000.0,7920.6179999999995,401.0001102079175,-919440.5108990716
48500.0,8163.618,404.0001648290687,-940100.9313379686
47500.0,6106.217999999999,403.0001173131079,-919437.97071384
49000.0,6349.218,406.00017193425913,-940098.391152737
47500.0,7515.618,399.0001559475807,-968702.28250655
48500.0,10235.418,366.0001500265887,-887930.4157590731
47000.0,11401.818,359.00013403991034,-916534.3071128861
48500.0,11644.818,362.0001886610615,-937194.7275517831
47500.0,9587.417999999998,361.0001411451007,-916531.7669276545
49000.0,9830.418,364.0001957662519,-937192.1873665515
47500.0,10996.818,357.0001797795735,-965796.0787203645
48000.0,10235.417999999998,361.0001740066063,-916571.1394297073
49500.0,10478.418,364.0002286277575,-937231.5598686043
48000.0,11644.818,357.0002126410791,-965835.4512224173
48500.0,9830.418,359.0002197462695,-965832.9110371857
49000.0,10248.918,366.0001501006011,-887930.4157590731
47500.0,11415.318,359.0001341139227,-916534.3071128861
49000.0,11658.318,362.0001887350739,-937194.7275517831
48000.0,9600.917999999998,361.0001412191131,-916531.7669276545
49500.0,9843.918,364.0001958402643,-937192.1873665515
48000.0,11010.318,357.0001798535859,-965796.0787203645
48500.0,10248.917999999998,361.0001740806187,-916571.1394297073
50000.0,10491.918,364.0002287017699,-937231.5598686043
48500.0,11658.318,357.0002127150915,-965835.4512224173
49000.0,9843.918,359.0002198202819,-965832.9110371857
48500.0,13730.117999999999,319.0001979126115,-913664.9356435218
50000.0,13973.118,322.0002525337627,-934325.3560824188
48500.0,15139.518,315.0002365470843,-962929.2474362318
49000.0,13325.117999999999,317.0002436522747,-962926.7072510002
49500.0,13973.117999999999,317.0002765137803,-962966.079753053
49000.0,10235.418,386.0001500265887,-890403.1657590731
47500.0,11401.818,379.00013403991034,-919007.0571128861
49000.0,11644.818,382.0001886610615,-939667.4775517831
48000.0,9587.417999999998,381.0001411451007,-919004.5169276545
49500.0,9830.418,384.0001957662519,-939664.9373665515
48000.0,10996.818,377.0001797795735,-968268.8287203645
48500.0,10235.417999999998,381.0001740066063,-919043.8894297073
50000.0,10478.418,384.0002286277575,-939704.3098686043
48500.0,11644.818,377.0002126410791,-968308.2012224173
49000.0,9830.418,379.0002197462695,-968305.6610371857
48500.0,13716.617999999999,339.0001978385991,-916137.6856435218
50000.0,13959.618,342.0002524597503,-936798.1060824188
48500.0,15126.018,335.00023647307194,-965401.9974362318
49000.0,13311.617999999999,337.0002435782623,-965399.4572510002
49500.0,13959.617999999999,337.0002764397679,-965438.829753053
49000.0,13730.117999999999,339.0001979126115,-916137.6856435218
50500.0,13973.118,342.0002525337627,-936798.1060824188
49000.0,15139.518,335.0002365470843,-965401.9974362318
49500.0,13325.117999999999,337.0002436522747,-965399.4572510002
50000.0,13973.117999999999,337.0002765137803,-965438.829753053
50000.0,17454.318,295.0003003457731,-962532.6259668675
32500.0,7785.15,336.0000834243102,-519520.0937250097
33000.0,5970.75,338.0000905295006,-519517.553539778
31500.0,7137.15,331.0000745428222,-548121.4448935911
33000.0,7380.15,334.0001291639734,-568781.865332488
33500.0,6618.75,338.0001233910062,-519556.9260418309
32000.0,7785.15,331.0001074043278,-548160.817395644
33500.0,8028.15,334.000162025479,-568821.2378345409
32500.0,5970.75,333.0001145095182,-548158.2772104123
34000.0,6213.75,336.0001691306694,-568818.6976493092
32500.0,7380.15,329.000153143991,-597422.5890031223
33500.0,10099.949999999999,296.000147222999,-516650.7222556454
32000.0,11266.349999999999,289.0001312363206,-545254.6136094584
33500.0,11509.35,292.0001858574718,-565915.0340483554
32500.0,9451.95,291.000138341511,-545252.0734242267
34000.0,9694.95,294.0001929626622,-565912.4938631237
32500.0,10861.35,287.0001769759838,-594516.3852169368
33000.0,10099.95,291.0001712030166,-545291.4459262796
34500.0,10342.95,294.0002258241678,-565951.8663651766
33000.0,11509.35,287.0002098374894,-594555.7577189897
33500.0,9694.95,289.0002169426798,-594553.217533758
34000.0,10113.449999999999,296.0001472970114,-516650.7222556454
32500.0,11279.849999999999,289.000131310333,-545254.6136094584
34000.0,11522.85,292.0001859314842,-565915.0340483554
33000.0,9465.45,291.0001384155234,-545252.0734242267
34500.0,9708.45,294.0001930366746,-565912.4938631237
33000.0,10874.85,287.0001770499962,-594516.3852169368
33500.0,10113.45,291.000171277029,-545291.4459262796
35000.0,10356.45,294.0002258981802,-565951.8663651766
33500.0,11522.85,287.0002099115018,-594555.7577189897
34000.0,9708.45,289.0002170166922,-594553.217533758
33500.0,13594.649999999998,249.0001951090218,-542385.2421400942
35000.0,13837.65,252.000249730173,-563045.662578991
33500.0,15004.05,245.0002337434946,-591649.5539328041
34000.0,13189.650000000001,247.000240848685,-591647.0137475724
34500.0,13837.650000000001,247.0002737101906,-591686.3862496254
34000.0,10099.949999999999,316.000147222999,-519123.4722556454
32500.0,11266.349999999999,309.0001312363206,-547727.3636094584
34000.0,11509.35,312.0001858574718,-568387.7840483554
33000.0,9451.95,311.000138341511,-547724.8234242267
34500.0,9694.95,314.0001929626622,-568385.2438631237
33000.0,10861.35,307.0001769759838,-596989.1352169368
33500.0,10099.95,311.0001712030166,-547764.1959262796
35000.0,10342.95,314.0002258241678,-568424.6163651766
33500.0,11509.35,307.0002098374894,-597028.5077189897
34000.0,9694.95,309.0002169426798,-597025.967533758
33500.0,13581.149999999998,269.0001950350094,-544857.9921400942
35000.0,13824.15,272.0002496561606,-565518.412578991
33500.0,14990.55,265.0002336694822,-594122.3039328041
34000.0,13176.150000000001,267.0002407746726,-594119.7637475724
34500.0,13824.150000000001,267.0002736361782,-594159.1362496254
34000.0,13594.649999999998,269.0001951090218,-544857.9921400942
35500.0,13837.65,272.000249730173,-565518.412578991
34000.0,15004.05,265.0002337434946,-594122.3039328041
34500.0,13189.650000000001,267.000240848685,-594119.7637475724
35000.0,13837.650000000001,267.0002737101906,-594159.1362496254
35000.0,17318.85,225.0002975421834,-591252.9324634399
34500.0,10113.449999999999,316.0001472970114,-519123.4722556454
33000.0,11279.849999999999,309.000131310333,-547727.3636094584
34500.0,11522.85,312.0001859314842,-568387.7840483554
33500.0,9465.45,311.0001384155234,-547724.8234242267
35000.0,9708.45,314.0001930366746,-568385.2438631237
33500.0,10874.85,307.0001770499962,-596989.1352169368
34000.0,10113.45,311.000171277029,-547764.1959262796
35500.0,10356.45,314.0002258981802,-568424.6163651766
34000.0,11522.85,307.0002099115018,-597028.5077189897
34500.0,9708.45,309.0002170166922,-597025.967533758
34000.0,13594.649999999998,269.0001951090218,-544857.9921400942
35500.0,13837.65,272.000249730173,-565518.412578991
34000.0,15004.05,265.0002337434946,-594122.3039328041
34500.0,13189.650000000001,267.000240848685,-594119.7637475724
35000.0,13837.650000000001,267.0002737101906,-594159.1362496254
34500.0,13608.149999999998,269.0001951830342,-544857.9921400942
36000.0,13851.15,272.0002498041854,-565518.412578991
34500.0,15017.55,265.000233817507,-594122.3039328041
35000.0,13203.150000000001,267.0002409226974,-594119.7637475724
35500.0,13851.150000000001,267.000273784203,-594159.1362496254
35500.0,17332.35,225.0002976161958,-591252.9324634399
34500.0,13594.649999999998,289.0001951090218,-547330.7421400942
36000.0,13837.65,292.000249730173,-567991.162578991
34500.0,15004.05,285.0002337434946,-596595.0539328041
35000.0,13189.650000000001,287.000240848685,-596592.5137475724
35500.0,13837.650000000001,287.0002737101906,-596631.8862496254
35500.0,17318.85,245.0002975421834,-593725.6824634399
36000.0,17332.35,245.0002976161958,-593725.6824634399
49000.0,3796.6499999999996,448.0000303850507,-891193.86851257
49500.0,4444.65,448.0000632465563,-891233.2410146229
50000.0,2630.25,450.0000703517467,-891230.7008293913
48500.0,3796.6499999999996,443.0000543650683,-919834.5921832043
50000.0,4039.6500000000005,446.0001089862195,-940495.0126221012
49500.0,7925.849999999999,406.0000870785491,-888327.0372284374
50000.0,6111.449999999999,408.0000941837395,-888324.4970432058
48500.0,7277.849999999999,401.0000781970611,-916928.3883970188
50000.0,7520.85,404.0001328182123,-937588.8088359158
50500.0,6759.449999999999,408.0001270452451,-888363.8695452586
49000.0,7925.849999999999,401.0001110585667,-916967.7608990716
50500.0,8168.85,404.0001656797179,-937628.1813379686
49500.0,6111.45,403.0001181637571,-916965.22071384
51000.0,6354.450000000001,406.0001727849083,-937625.641152737
49500.0,7520.85,399.0001567982299,-966229.53250655
50000.0,7939.349999999999,406.0000871525615,-888327.0372284374
50500.0,6124.949999999999,408.00009425775187,-888324.4970432058
49000.0,7291.349999999999,401.0000782710735,-916928.3883970188
50500.0,7534.35,404.0001328922247,-937588.8088359158
51000.0,6772.949999999999,408.0001271192575,-888363.8695452586
49500.0,7939.349999999999,401.0001111325791,-916967.7608990716
51000.0,8182.35,404.0001657537303,-937628.1813379686
50000.0,6124.95,403.00011823776947,-916965.22071384
51500.0,6367.950000000001,406.0001728589207,-937625.641152737
50000.0,7534.35,399.0001568722423,-966229.53250655
51000.0,10254.15,366.0001509512503,-885457.6657590731
49500.0,11420.55,359.0001349645719,-914061.5571128861
51000.0,11663.55,362.0001895857231,-934721.9775517831
50000.0,9606.149999999998,361.0001420697623,-914059.0169276545
51500.0,9849.15,364.00019669091347,-934719.4373665515
50000.0,11015.55,357.0001807042351,-963323.3287203645
50500.0,10254.149999999998,361.0001749312679,-914098.3894297073
52000.0,10497.15,364.0002295524191,-934758.8098686043
50500.0,11663.55,357.0002135657407,-963362.7012224173
51000.0,9849.15,359.00022067093107,-963360.1610371857
50000.0,7925.849999999999,426.0000870785491,-890799.7872284374
50500.0,6111.449999999999,428.0000941837395,-890797.2470432058
49000.0,7277.849999999999,421.0000781970611,-919401.1383970188
50500.0,7520.85,424.0001328182123,-940061.5588359158
51000.0,6759.449999999999,428.0001270452451,-890836.6195452586
49500.0,7925.849999999999,421.0001110585667,-919440.5108990716
51000.0,8168.85,424.0001656797179,-940100.9313379686
50000.0,6111.45,423.0001181637571,-919437.97071384
51500.0,6354.450000000001,426.0001727849083,-940098.391152737
50000.0,7520.85,419.0001567982299,-968702.28250655
51000.0,10240.65,386.0001508772379,-887930.4157590731
49500.0,11407.05,379.0001348905595,-916534.3071128861
51000.0,11650.05,382.0001895117107,-937194.7275517831
50000.0,9592.649999999998,381.0001419957499,-916531.7669276545
51500.0,9835.65,384.0001966169011,-937192.1873665515
50000.0,11002.05,377.0001806302227,-965796.0787203645
50500.0,10240.649999999998,381.0001748572555,-916571.1394297073
52000.0,10483.65,384.0002294784067,-937231.5598686043
50500.0,11650.05,377.0002134917283,-965835.4512224173
51000.0,9835.65,379.0002205969187,-965832.9110371857
51500.0,10254.15,386.0001509512503,-887930.4157590731
50000.0,11420.55,379.0001349645719,-916534.3071128861
51500.0,11663.55,382.0001895857231,-937194.7275517831
50500.0,9606.149999999998,381.0001420697623,-916531.7669276545
52000.0,9849.15,384.00019669091347,-937192.1873665515
50500.0,11015.55,377.0001807042351,-965796.0787203645
51000.0,10254.149999999998,381.0001749312679,-916571.1394297073
52500.0,10497.15,384.0002295524191,-937231.5598686043
51000.0,11663.55,377.0002135657407,-965835.4512224173
51500.0,9849.15,379.00022067093107,-965832.9110371857
51000.0,13735.349999999999,339.0001987632607,-913664.9356435218
52500.0,13978.35,342.0002533844119,-934325.3560824188
51000.0,15144.75,335.0002373977335,-962929.2474362318
51500.0,13330.349999999999,337.0002445029239,-962926.7072510002
52000.0,13978.349999999999,337.0002773644295,-962966.079753053
50500.0,7939.349999999999,426.0000871525615,-890799.7872284374
51000.0,6124.949999999999,428.00009425775187,-890797.2470432058
49500.0,7291.349999999999,421.0000782710735,-919401.1383970188
51000.0,7534.35,424.0001328922247,-940061.5588359158
51500.0,6772.949999999999,428.0001271192575,-890836.6195452586
50000.0,7939.349999999999,421.0001111325791,-919440.5108990716
51500.0,8182.35,424.0001657537303,-940100.9313379686
50500.0,6124.95,423.00011823776947,-919437.97071384
52000.0,6367.950000000001,426.0001728589207,-940098.391152737
50500.0,7534.35,419.0001568722423,-968702.28250655
51500.0,10254.15,386.0001509512503,-887930.4157590731
50000.0,11420.55,379.0001349645719,-916534.3071128861
51500.0,11663.55,382.0001895857231,-937194.7275517831
50500.0,9606.149999999998,381.0001420697623,-916531.7669276545
52000.0,9849.15,384.00019669091347,-937192.1873665515
50500.0,11015.55,377.0001807042351,-965796.0787203645
51000.0,10254.149999999998,381.0001749312679,-916571.1394297073
52500.0,10497.15,384.0002295524191,-937231.5598686043
51000.0,11663.55,377.0002135657407,-965835.4512224173
51500.0,9849.15,379.00022067093107,-965832.9110371857
52000.0,10267.65,386.0001510252627,-887930.4157590731
50500.0,11434.05,379.0001350385843,-916534.3071128861
52000.0,11677.05,382.0001896597355,-937194.7275517831
51000.0,9619.649999999998,381.0001421437747,-916531.7669276545
52500.0,9862.65,384.0001967649259,-937192.1873665515
51000.0,11029.05,377.0001807782475,-965796.0787203645
51500.0,10267.649999999998,381.0001750052803,-916571.1394297073
53000.0,10510.65,384.0002296264315,-937231.5598686043
51500.0,11677.05,377.0002136397531,-965835.4512224173
52000.0,9862.65,379.0002207449435,-965832.9110371857
51500.0,13748.849999999999,339.0001988372731,-913664.9356435218
53000.0,13991.85,342.0002534584243,-934325.3560824188
51500.0,15158.25,335.0002374717459,-962929.2474362318
52000.0,13343.849999999999,337.00024457693627,-962926.7072510002
52500.0,13991.849999999999,337.0002774384419,-962966.079753053
52000.0,10254.15,406.0001509512503,-890403.1657590731
50500.0,11420.55,399.0001349645719,-919007.0571128861
52000.0,11663.55,402.0001895857231,-939667.4775517831
51000.0,9606.149999999998,401.0001420697623,-919004.5169276545
52500.0,9849.15,404.00019669091347,-939664.9373665515
51000.0,11015.55,397.0001807042351,-968268.8287203645
51500.0,10254.149999999998,401.0001749312679,-919043.8894297073
53000.0,10497.15,404.0002295524191,-939704.3098686043
51500.0,11663.55,397.0002135657407,-968308.2012224173
52000.0,9849.15,399.00022067093107,-968305.6610371857
51500.0,13735.349999999999,359.0001987632607,-916137.6856435218
53000.0,13978.35,362.0002533844119,-936798.1060824188
51500.0,15144.75,355.0002373977335,-965401.9974362318
52000.0,13330.349999999999,357.0002445029239,-965399.4572510002
52500.0,13978.349999999999,357.0002773644295,-965438.829753053
52000.0,13748.849999999999,359.0001988372731,-916137.6856435218
53500.0,13991.85,362.0002534584243,-936798.1060824188
52000.0,15158.25,355.0002374717459,-965401.9974362318
52500.0,13343.849999999999,357.00024457693627,-965399.4572510002
53000.0,13991.849999999999,357.0002774384419,-965438.829753053
53000.0,17473.05,315.0003012704347,-962532.6259668675
35500.0,7803.882,356.00008434897177,-891270.7872284374
36000.0,5989.482,358.0000914541622,-891268.2470432058
34500.0,7155.882,351.0000754674838,-919872.1383970188
36000.0,7398.882,354.000130088635,-940532.5588359158
36500.0,6637.482,358.0001243156678,-891307.6195452586
35000.0,7803.882,351.00010832898937,-919911.5108990716
36500.0,8046.882,354.0001629501406,-940571.9313379686
35500.0,5989.482,353.0001154341798,-919908.97071384
37000.0,6232.482,356.000170055331,-940569.391152737
35500.0,7398.882,349.0001540686526,-969173.28250655
36500.0,10118.681999999999,316.0001481476606,-888401.4157590731
35000.0,11285.081999999999,309.00013216098216,-917005.3071128861
36500.0,11528.082,312.00018678213337,-937665.7275517831
35500.0,9470.682,311.0001392661726,-917002.7669276545
37000.0,9713.682,314.0001938873238,-937663.1873665515
35500.0,10880.082,307.0001779006454,-966267.0787203645
36000.0,10118.682,311.0001721276782,-917042.1394297073
37500.0,10361.682,314.0002267488294,-937702.5598686043
36000.0,11528.082,307.00021076215097,-966306.4512224173
36500.0,9713.682,309.0002178673414,-966303.9110371857
37000.0,10132.181999999999,316.000148221673,-888401.4157590731
35500.0,11298.581999999999,309.00013223499457,-917005.3071128861
37000.0,11541.582,312.0001868561458,-937665.7275517831
36000.0,9484.182,311.000139340185,-917002.7669276545
37500.0,9727.182,314.0001939613362,-937663.1873665515
36000.0,10893.582,307.0001779746578,-966267.0787203645
36500.0,10132.182,311.0001722016906,-917042.1394297073
38000.0,10375.182,314.0002268228418,-937702.5598686043
36500.0,11541.582,307.0002108361634,-966306.4512224173
37000.0,9727.182,309.0002179413538,-966303.9110371857
36500.0,13613.381999999998,269.0001960336834,-914135.9356435218
38000.0,13856.382,272.0002506548346,-934796.3560824188
36500.0,15022.782,265.00023466815617,-963400.2474362318
37000.0,13208.382000000001,267.0002417733466,-963397.7072510002
37500.0,13856.382000000001,267.0002746348522,-963437.079753053
37000.0,10118.681999999999,336.0001481476606,-890874.1657590731
35500.0,11285.081999999999,329.00013216098216,-919478.0571128861
37000.0,11528.082,332.00018678213337,-940138.4775517831
36000.0,9470.682,331.0001392661726,-919475.5169276545
37500.0,9713.682,334.0001938873238,-940135.9373665515
36000.0,10880.082,327.0001779006454,-968739.8287203645
36500.0,10118.682,331.0001721276782,-919514.8894297073
38000.0,10361.682,334.0002267488294,-940175.3098686043
36500.0,11528.082,327.00021076215097,-968779.2012224173
37000.0,9713.682,329.0002178673414,-968776.6610371857
36500.0,13599.881999999998,289.000195959671,-916608.6856435218
38000.0,13842.882,292.0002505808222,-937269.1060824188
36500.0,15009.282,285.00023459414376,-965872.9974362318
37000.0,13194.882000000001,287.0002416993342,-965870.4572510002
37500.0,13842.882000000001,287.0002745608398,-965909.829753053
37000.0,13613.381999999998,289.0001960336834,-916608.6856435218
38500.0,13856.382,292.0002506548346,-937269.1060824188
37000.0,15022.782,285.00023466815617,-965872.9974362318
37500.0,13208.382000000001,287.0002417733466,-965870.4572510002
38000.0,13856.382000000001,287.0002746348522,-965909.829753053
38000.0,17337.582,245.00029846684498,-963003.6259668675
37500.0,10132.181999999999,336.000148221673,-890874.1657590731
36000.0,11298.581999999999,329.00013223499457,-919478.0571128861
37500.0,11541.582,332.0001868561458,-940138.4775517831
36500.0,9484.182,331.000139340185,-919475.5169276545
38000.0,9727.182,334.0001939613362,-940135.9373665515
36500.0,10893.582,327.0001779746578,-968739.8287203645
37000.0,10132.182,331.0001722016906,-919514.8894297073
38500.0,10375.182,334.0002268228418,-940175.3098686043
37000.0,11541.582,327.0002108361634,-968779.2012224173
37500.0,9727.182,329.0002179413538,-968776.6610371857
37000.0,13613.381999999998,289.0001960336834,-916608.6856435218
38500.0,13856.382,292.0002506548346,-937269.1060824188
37000.0,15022.782,285.00023466815617,-965872.9974362318
37500.0,13208.382000000001,287.0002417733466,-965870.4572510002
38000.0,13856.382000000001,287.0002746348522,-965909.829753053
37500.0,13626.881999999998,289.0001961076958,-916608.6856435218
39000.0,13869.882,292.000250728847,-937269.1060824188
37500.0,15036.282,285.0002347421686,-965872.9974362318
38000.0,13221.882000000001,287.000241847359,-965870.4572510002
38500.0,13869.882000000001,287.0002747088646,-965909.829753053
38500.0,17351.082,245.0002985408574,-963003.6259668675
37500.0,13613.381999999998,309.0001960336834,-919081.4356435218
39000.0,13856.382,312.0002506548346,-939741.8560824188
37500.0,15022.782,305.00023466815617,-968345.7474362318
38000.0,13208.382000000001,307.0002417733466,-968343.2072510002
38500.0,13856.382000000001,307.0002746348522,-968382.579753053
38500.0,17337.582,265.000298466845,-965476.3759668675
39000.0,17351.082,265.0002985408574,-965476.3759668675
36500.0,7865.1179999999995,356.0000850683723,-891270.7872284374
37000.0,6050.717999999999,358.00009217356273,-891268.2470432058
35500.0,7217.1179999999995,351.0000761868843,-919872.1383970188
37000.0,7460.118,354.0001308080355,-940532.5588359158
37500.0,6698.717999999999,358.0001250350683,-891307.6195452586
36000.0,7865.1179999999995,351.0001090483899,-919911.5108990716
37500.0,8108.118,354.0001636695411,-940571.9313379686
36500.0,6050.717999999999,353.00011615358034,-919908.97071384
38000.0,6293.718,356.0001707747315,-940569.391152737
36500.0,7460.118,349.0001547880531,-969173.28250655
37500.0,10179.918,316.0001488670611,-888401.4157590731
36000.0,11346.318,309.0001328803827,-917005.3071128861
37500.0,11589.318,312.0001875015339,-937665.7275517831
36500.0,9531.917999999998,311.0001399855731,-917002.7669276545
38000.0,9774.918,314.00019460672434,-937663.1873665515
36500.0,10941.318,307.0001786200459,-966267.0787203645
37000.0,10179.917999999998,311.0001728470787,-917042.1394297073
38500.0,10422.918,314.0002274682299,-937702.5598686043
37000.0,11589.318,307.0002114815515,-966306.4512224173
37500.0,9774.918,309.00021858674194,-966303.9110371857
38000.0,10193.418,316.0001489410735,-888401.4157590731
36500.0,11359.818,309.0001329543951,-917005.3071128861
38000.0,11602.818,312.0001875755463,-937665.7275517831
37000.0,9545.417999999998,311.00014005958553,-917002.7669276545
38500.0,9788.418,314.00019468073674,-937663.1873665515
37000.0,10954.818,307.0001786940583,-966267.0787203645
37500.0,10193.417999999998,311.0001729210911,-917042.1394297073
39000.0,10436.418,314.0002275422423,-937702.5598686043
37500.0,11602.818,307.0002115555639,-966306.4512224173
38000.0,9788.418,309.0002186607543,-966303.9110371857
37500.0,13674.617999999999,269.0001967530839,-914135.9356435218
39000.0,13917.618,272.0002513742351,-934796.3560824188
37500.0,15084.018,265.0002353875567,-963400.2474362318
38000.0,13269.617999999999,267.00024249274713,-963397.7072510002
38500.0,13917.617999999999,267.0002753542527,-963437.079753053
38000.0,10179.918,336.0001488670611,-890874.1657590731
36500.0,11346.318,329.0001328803827,-919478.0571128861
38000.0,11589.318,332.0001875015339,-940138.4775517831
37000.0,9531.917999999998,331.0001399855731,-919475.5169276545
38500.0,9774.918,334.00019460672434,-940135.9373665515
37000.0,10941.318,327.0001786200459,-968739.8287203645
37500.0,10179.917999999998,331.0001728470787,-919514.8894297073
39000.0,10422.918,334.0002274682299,-940175.3098686043
37500.0,11589.318,327.0002114815515,-968779.2012224173
38000.0,9774.918,329.00021858674194,-968776.6610371857
37500.0,13661.117999999999,289.0001966790715,-916608.6856435218
39000.0,13904.118,292.0002513002227,-937269.1060824188
37500.0,15070.518,285.0002353135443,-965872.9974362318
38000.0,13256.117999999999,287.00024241873473,-965870.4572510002
38500.0,13904.117999999999,287.0002752802403,-965909.829753053
38000.0,13674.617999999999,289.0001967530839,-916608.6856435218
39500.0,13917.618,292.0002513742351,-937269.1060824188
38000.0,15084.018,285.0002353875567,-965872.9974362318
38500.0,13269.617999999999,287.00024249274713,-965870.4572510002
39000.0,13917.617999999999,287.0002753542527,-965909.829753053
39000.0,17398.818,245.0002991862455,-963003.6259668675
38500.0,10193.418,336.0001489410735,-890874.1657590731
37000.0,11359.818,329.0001329543951,-919478.0571128861
38500.0,11602.818,332.0001875755463,-940138.4775517831
37500.0,9545.417999999998,331.00014005958553,-919475.5169276545
39000.0,9788.418,334.00019468073674,-940135.9373665515
37500.0,10954.818,327.0001786940583,-968739.8287203645
38000.0,10193.417999999998,331.0001729210911,-919514.8894297073
39500.0,10436.418,334.0002275422423,-940175.3098686043
38000.0,11602.818,327.0002115555639,-968779.2012224173
38500.0,9788.418,329.0002186607543,-968776.6610371857
38000.0,13674.617999999999,289.0001967530839,-916608.6856435218
39500.0,13917.618,292.0002513742351,-937269.1060824188
38000.0,15084.018,285.0002353875567,-965872.9974362318
38500.0,13269.617999999999,287.00024249274713,-965870.4572510002
39000.0,13917.617999999999,287.0002753542527,-965909.829753053
38500.0,13688.117999999999,289.0001968270963,-916608.6856435218
40000.0,13931.118,292.0002514482475,-937269.1060824188
38500.0,15097.518,285.0002354615691,-965872.9974362318
39000.0,13283.117999999999,287.00024256675954,-965870.4572510002
39500.0,13931.117999999999,287.0002754282651,-965909.829753053
39500.0,17412.318,245.00029926025792,-963003.6259668675
38500.0,13674.617999999999,309.0001967530839,-919081.4356435218
40000.0,13917.618,312.0002513742351,-939741.8560824188
38500.0,15084.018,305.0002353875567,-968345.7474362318
39000.0,13269.617999999999,307.00024249274713,-968343.2072510002
39500.0,13917.617999999999,307.0002753542527,-968382.579753053
39500.0,17398.818,265.0002991862455,-965476.3759668675
40000.0,17412.318,265.0002992602579,-965476.3759668675
23500.0,10057.949999999999,266.0001461374838,-519594.4722556454
22000.0,11224.349999999999,259.0001301508054,-548198.3636094584
23500.0,11467.35,262.0001847719566,-568858.7840483554
22500.0,9409.95,261.0001372559958,-548195.8234242267
24000.0,9652.95,264.000191877147,-568856.2438631237
22500.0,10819.35,257.0001758904686,-597460.1352169368
23000.0,10057.95,261.0001701175014,-548235.1959262796
24500.0,10300.95,264.0002247386526,-568895.6163651766
23000.0,11467.35,257.0002087519742,-597499.5077189897
23500.0,9652.95,259.0002158571646,-597496.967533758
23000.0,13539.149999999998,219.0001939494942,-545328.9921400942
24500.0,13782.15,222.0002485706454,-565989.412578991
23000.0,14948.55,215.000232583967,-594593.3039328041
23500.0,13134.150000000001,217.0002396891574,-594590.7637475724
24000.0,13782.150000000001,217.000272550663,-594630.1362496254
23500.0,13552.649999999998,219.0001940235066,-545328.9921400942
25000.0,13795.65,222.0002486446578,-565989.412578991
23500.0,14962.05,215.0002326579794,-594593.3039328041
24000.0,13147.650000000001,217.0002397631698,-594590.7637475724
24500.0,13795.650000000001,217.0002726246754,-594630.1362496254
24500.0,17276.85,175.0002964566682,-591723.9324634399
23500.0,13539.149999999998,239.0001939494942,-547801.7421400942
25000.0,13782.15,242.0002485706454,-568462.162578991
23500.0,14948.55,235.000232583967,-597066.0539328041
24000.0,13134.150000000001,237.0002396891574,-597063.5137475724
24500.0,13782.150000000001,237.000272550663,-597102.8862496254
24500.0,17263.35,195.0002963826558,-594196.6824634399
25000.0,17276.85,195.0002964566682,-594196.6824634399
24000.0,13552.649999999998,239.0001940235066,-547801.7421400942
25500.0,13795.65,242.0002486446578,-568462.162578991
24000.0,14962.05,235.0002326579794,-597066.0539328041
24500.0,13147.650000000001,237.0002397631698,-597063.5137475724
25000.0,13795.650000000001,237.0002726246754,-597102.8862496254
25000.0,17276.85,195.0002964566682,-594196.6824634399
25500.0,17290.35,195.0002965306806,-594196.6824634399
25500.0,17276.85,215.0002964566682,-596669.4324634399
51000.0,3822.8999999999996,448.0000306934357,-891193.86851257
51500.0,4470.9,448.0000635549413,-891233.2410146229
52000.0,2656.5,450.0000706601317,-891230.7008293913
50500.0,3822.8999999999996,443.0000546734533,-919834.5921832043
52000.0,4065.9000000000005,446.0001092946045,-940495.0126221012
51500.0,7952.099999999999,406.00008738693407,-888327.0372284374
52000.0,6137.699999999999,408.0000944921245,-888324.4970432058
50500.0,7304.099999999999,401.0000785054461,-916928.3883970188
52000.0,7547.1,404.0001331265973,-937588.8088359158
52500.0,6785.699999999999,408.0001273536301,-888363.8695452586
51000.0,7952.099999999999,401.00011136695167,-916967.7608990716
52500.0,8195.1,404.0001659881029,-937628.1813379686
51500.0,6137.7,403.0001184721421,-916965.22071384
53000.0,6380.700000000001,406.0001730932933,-937625.641152737
51500.0,7547.1,399.0001571066149,-966229.53250655
52000.0,7965.599999999999,406.0000874609465,-888327.0372284374
52500.0,6151.199999999999,408.0000945661369,-888324.4970432058
51000.0,7317.599999999999,401.0000785794585,-916928.3883970188
52500.0,7560.6,404.0001332006097,-937588.8088359158
53000.0,6799.199999999999,408.0001274276425,-888363.8695452586
51500.0,7965.599999999999,401.0001114409641,-916967.7608990716
53000.0,8208.6,404.0001660621153,-937628.1813379686
52000.0,6151.2,403.0001185461545,-916965.22071384
53500.0,6394.200000000001,406.0001731673057,-937625.641152737
52000.0,7560.6,399.0001571806273,-966229.53250655
53000.0,10280.4,366.0001512596353,-885457.6657590731
51500.0,11446.8,359.00013527295687,-914061.5571128861
53000.0,11689.8,362.0001898941081,-934721.9775517831
52000.0,9632.399999999998,361.0001423781473,-914059.0169276545
53500.0,9875.4,364.0001969992985,-934719.4373665515
52000.0,11041.8,357.0001810126201,-963323.3287203645
52500.0,10280.399999999998,361.0001752396529,-914098.3894297073
54000.0,10523.4,364.0002298608041,-934758.8098686043
52500.0,11689.8,357.0002138741257,-963362.7012224173
53000.0,9875.4,359.0002209793161,-963360.1610371857
52000.0,7952.099999999999,426.00008738693407,-890799.7872284374
52500.0,6137.699999999999,428.0000944921245,-890797.2470432058
51000.0,7304.099999999999,421.0000785054461,-919401.1383970188
52500.0,7547.1,424.0001331265973,-940061.5588359158
53000.0,6785.699999999999,428.0001273536301,-890836.6195452586
51500.0,7952.099999999999,421.00011136695167,-919440.5108990716
53000.0,8195.1,424.0001659881029,-940100.9313379686
52000.0,6137.7,423.0001184721421,-919437.97071384
53500.0,6380.700000000001,426.0001730932933,-940098.391152737
52000.0,7547.1,419.0001571066149,-968702.28250655
53000.0,10266.9,386.0001511856229,-887930.4157590731
51500.0,11433.3,379.0001351989445,-916534.3071128861
53000.0,11676.3,382.00018982009567,-937194.7275517831
52000.0,9618.899999999998,381.0001423041349,-916531.7669276545
53500.0,9861.9,384.0001969252861,-937192.1873665515
52000.0,11028.3,377.0001809386077,-965796.0787203645
52500.0,10266.899999999998,381.0001751656405,-916571.1394297073
54000.0,10509.9,384.0002297867917,-937231.5598686043
52500.0,11676.3,377.0002138001133,-965835.4512224173
53000.0,9861.9,379.0002209053037,-965832.9110371857
53500.0,10280.4,386.0001512596353,-887930.4157590731
52000.0,11446.8,379.00013527295687,-916534.3071128861
53500.0,11689.8,382.0001898941081,-937194.7275517831
52500.0,9632.399999999998,381.0001423781473,-916531.7669276545
54000.0,9875.4,384.0001969992985,-937192.1873665515
52500.0,11041.8,377.0001810126201,-965796.0787203645
53000.0,10280.399999999998,381.0001752396529,-916571.1394297073
54500.0,10523.4,384.0002298608041,-937231.5598686043
53000.0,11689.8,377.0002138741257,-965835.4512224173
53500.0,9875.4,379.0002209793161,-965832.9110371857
53000.0,13761.599999999999,339.0001990716457,-913664.9356435218
54500.0,14004.6,342.0002536927969,-934325.3560824188
53000.0,15171.0,335.00023770611847,-962929.2474362318
53500.0,13356.599999999999,337.0002448113089,-962926.7072510002
54000.0,14004.599999999999,337.0002776728145,-962966.079753053
52500.0,7965.599999999999,426.0000874609465,-890799.7872284374
53000.0,6151.199999999999,428.0000945661369,-890797.2470432058
51500.0,7317.599999999999,421.0000785794585,-919401.1383970188
53000.0,7560.6,424.0001332006097,-940061.5588359158
53500.0,6799.199999999999,428.0001274276425,-890836.6195452586
52000.0,7965.599999999999,421.0001114409641,-919440.5108990716
53500.0,8208.6,424.0001660621153,-940100.9313379686
52500.0,6151.2,423.0001185461545,-919437.97071384
54000.0,6394.200000000001,426.0001731673057,-940098.391152737
52500.0,7560.6,419.0001571806273,-968702.28250655
53500.0,10280.4,386.0001512596353,-887930.4157590731
52000.0,11446.8,379.00013527295687,-916534.3071128861
53500.0,11689.8,382.0001898941081,-937194.7275517831
52500.0,9632.399999999998,381.0001423781473,-916531.7669276545
54000.0,9875.4,384.0001969992985,-937192.1873665515
52500.0,11041.8,377.0001810126201,-965796.0787203645
53000.0,10280.399999999998,381.0001752396529,-916571.1394297073
54500.0,10523.4,384.0002298608041,-937231.5598686043
53000.0,11689.8,377.0002138741257,-965835.4512224173
53500.0,9875.4,379.0002209793161,-965832.9110371857
54000.0,10293.9,386.0001513336477,-887930.4157590731
52500.0,11460.3,379.0001353469693,-916534.3071128861
54000.0,11703.3,382.0001899681205,-937194.7275517831
53000.0,9645.899999999998,381.0001424521597,-916531.7669276545
54500.0,9888.9,384.0001970733109,-937192.1873665515
53000.0,11055.3,377.0001810866325,-965796.0787203645
53500.0,10293.899999999998,381.0001753136653,-916571.1394297073
55000.0,10536.9,384.0002299348165,-937231.5598686043
53500.0,11703.3,377.0002139481381,-965835.4512224173
54000.0,9888.9,379.0002210533285,-965832.9110371857
53500.0,13775.099999999999,339.0001991456581,-913664.9356435218
55000.0,14018.1,342.0002537668093,-934325.3560824188
53500.0,15184.5,335.0002377801309,-962929.2474362318
54000.0,13370.099999999999,337.0002448853213,-962926.7072510002
54500.0,14018.099999999999,337.0002777468269,-962966.079753053
54000.0,10280.4,406.0001512596353,-890403.1657590731
52500.0,11446.8,399.00013527295687,-919007.0571128861
54000.0,11689.8,402.0001898941081,-939667.4775517831
53000.0,9632.399999999998,401.0001423781473,-919004.5169276545
54500.0,9875.4,404.0001969992985,-939664.9373665515
53000.0,11041.8,397.0001810126201,-968268.8287203645
53500.0,10280.399999999998,401.0001752396529,-919043.8894297073
55000.0,10523.4,404.0002298608041,-939704.3098686043
53500.0,11689.8,397.0002138741257,-968308.2012224173
54000.0,9875.4,399.0002209793161,-968305.6610371857
53500.0,13761.599999999999,359.0001990716457,-916137.6856435218
55000.0,14004.6,362.0002536927969,-936798.1060824188
53500.0,15171.0,355.00023770611847,-965401.9974362318
54000.0,13356.599999999999,357.0002448113089,-965399.4572510002
54500.0,14004.599999999999,357.0002776728145,-965438.829753053
54000.0,13775.099999999999,359.0001991456581,-916137.6856435218
55500.0,14018.1,362.0002537668093,-936798.1060824188
54000.0,15184.5,355.0002377801309,-965401.9974362318
54500.0,13370.099999999999,357.0002448853213,-965399.4572510002
55000.0,14018.099999999999,357.0002777468269,-965438.829753053
55000.0,17499.3,315.0003015788197,-962532.6259668675
37500.0,7830.132,356.0000846573568,-891270.7872284374
38000.0,6015.732,358.0000917625472,-891268.2470432058
36500.0,7182.132,351.00007577586877,-919872.1383970188
38000.0,7425.132,354.00013039702,-940532.5588359158
38500.0,6663.732,358.0001246240528,-891307.6195452586
37000.0,7830.132,351.0001086373744,-919911.5108990716
38500.0,8073.132,354.00016325852556,-940571.9313379686
37500.0,6015.732,353.0001157425648,-919908.97071384
39000.0,6258.732,356.000170363716,-940569.391152737
37500.0,7425.132,349.0001543770376,-969173.28250655
38500.0,10144.931999999999,316.00014845604557,-888401.4157590731
37000.0,11311.331999999999,309.0001324693672,-917005.3071128861
38500.0,11554.332,312.0001870905184,-937665.7275517831
37500.0,9496.932,311.0001395745576,-917002.7669276545
39000.0,9739.932,314.0001941957088,-937663.1873665515
37500.0,10906.332,307.00017820903037,-966267.0787203645
38000.0,10144.932,311.00017243606317,-917042.1394297073
39500.0,10387.932,314.0002270572144,-937702.5598686043
38000.0,11554.332,307.000211070536,-966306.4512224173
38500.0,9739.932,309.0002181757264,-966303.9110371857
39000.0,10158.431999999999,316.00014853005797,-888401.4157590731
37500.0,11324.831999999999,309.0001325433796,-917005.3071128861
39000.0,11567.832,312.00018716453076,-937665.7275517831
38000.0,9510.432,311.00013964857,-917002.7669276545
39500.0,9753.432,314.0001942697212,-937663.1873665515
38000.0,10919.832,307.00017828304277,-966267.0787203645
38500.0,10158.432,311.0001725100756,-917042.1394297073
40000.0,10401.432,314.0002271312268,-937702.5598686043
38500.0,11567.832,307.00021114454836,-966306.4512224173
39000.0,9753.432,309.0002182497388,-966303.9110371857
38500.0,13639.631999999998,269.00019634206836,-914135.9356435218
40000.0,13882.632,272.00025096321957,-934796.3560824188
38500.0,15049.032,265.0002349765412,-963400.2474362318
39000.0,13234.632000000001,267.0002420817316,-963397.7072510002
39500.0,13882.632000000001,267.0002749432372,-963437.079753053
39000.0,10144.931999999999,336.00014845604557,-890874.1657590731
37500.0,11311.331999999999,329.0001324693672,-919478.0571128861
39000.0,11554.332,332.0001870905184,-940138.4775517831
38000.0,9496.932,331.0001395745576,-919475.5169276545
39500.0,9739.932,334.0001941957088,-940135.9373665515
38000.0,10906.332,327.00017820903037,-968739.8287203645
38500.0,10144.932,331.00017243606317,-919514.8894297073
40000.0,10387.932,334.0002270572144,-940175.3098686043
38500.0,11554.332,327.000211070536,-968779.2012224173
39000.0,9739.932,329.0002181757264,-968776.6610371857
38500.0,13626.131999999998,289.00019626805596,-916608.6856435218
40000.0,13869.132,292.00025088920717,-937269.1060824188
38500.0,15035.532,285.0002349025288,-965872.9974362318
39000.0,13221.132000000001,287.0002420077192,-965870.4572510002
39500.0,13869.132000000001,287.00027486922477,-965909.829753053
39000.0,13639.631999999998,289.00019634206836,-916608.6856435218
40500.0,13882.632,292.00025096321957,-937269.1060824188
39000.0,15049.032,285.0002349765412,-965872.9974362318
39500.0,13234.632000000001,287.0002420817316,-965870.4572510002
40000.0,13882.632000000001,287.0002749432372,-965909.829753053
40000.0,17363.832,245.00029877523,-963003.6259668675
39500.0,10158.431999999999,336.00014853005797,-890874.1657590731
38000.0,11324.831999999999,329.0001325433796,-919478.0571128861
39500.0,11567.832,332.00018716453076,-940138.4775517831
38500.0,9510.432,331.00013964857,-919475.5169276545
40000.0,9753.432,334.0001942697212,-940135.9373665515
38500.0,10919.832,327.00017828304277,-968739.8287203645
39000.0,10158.432,331.0001725100756,-919514.8894297073
40500.0,10401.432,334.0002271312268,-940175.3098686043
39000.0,11567.832,327.00021114454836,-968779.2012224173
39500.0,9753.432,329.0002182497388,-968776.6610371857
39000.0,13639.631999999998,289.00019634206836,-916608.6856435218
40500.0,13882.632,292.00025096321957,-937269.1060824188
39000.0,15049.032,285.0002349765412,-965872.9974362318
39500.0,13234.632000000001,287.0002420817316,-965870.4572510002
40000.0,13882.632000000001,287.0002749432372,-965909.829753053
39500.0,13653.131999999998,289.00019641608077,-916608.6856435218
41000.0,13896.132,292.000251037232,-937269.1060824188
39500.0,15062.532,285.00023505055356,-965872.9974362318
40000.0,13248.132000000001,287.000242155744,-965870.4572510002
40500.0,13896.132000000001,287.0002750172496,-965909.829753053
40500.0,17377.332,245.0002988492424,-963003.6259668675
39500.0,13639.631999999998,309.00019634206836,-919081.4356435218
41000.0,13882.632,312.00025096321957,-939741.8560824188
39500.0,15049.032,305.0002349765412,-968345.7474362318
40000.0,13234.632000000001,307.0002420817316,-968343.2072510002
40500.0,13882.632000000001,307.0002749432372,-968382.579753053
40500.0,17363.832,265.00029877522996,-965476.3759668675
41000.0,17377.332,265.00029884924237,-965476.3759668675
38500.0,7891.3679999999995,356.00008537675734,-891270.7872284374
39000.0,6076.967999999999,358.0000924819477,-891268.2470432058
37500.0,7243.3679999999995,351.0000764952693,-919872.1383970188
39000.0,7486.368,354.0001311164205,-940532.5588359158
39500.0,6724.967999999999,358.0001253434533,-891307.6195452586
38000.0,7891.3679999999995,351.0001093567749,-919911.5108990716
39500.0,8134.368,354.0001639779261,-940571.9313379686
38500.0,6076.967999999999,353.0001164619653,-919908.97071384
40000.0,6319.968,356.0001710831165,-940569.391152737
38500.0,7486.368,349.0001550964381,-969173.28250655
39500.0,10206.168,316.0001491754461,-888401.4157590731
38000.0,11372.568,309.00013318876773,-917005.3071128861
39500.0,11615.568,312.0001878099189,-937665.7275517831
38500.0,9558.167999999998,311.0001402939581,-917002.7669276545
40000.0,9801.168,314.0001949151093,-937663.1873665515
38500.0,10967.568,307.0001789284309,-966267.0787203645
39000.0,10206.167999999998,311.0001731554637,-917042.1394297073
40500.0,10449.168,314.0002277766149,-937702.5598686043
39000.0,11615.568,307.0002117899365,-966306.4512224173
39500.0,9801.168,309.0002188951269,-966303.9110371857
40000.0,10219.668,316.0001492494585,-888401.4157590731
38500.0,11386.068,309.00013326278014,-917005.3071128861
40000.0,11629.068,312.0001878839313,-937665.7275517831
39000.0,9571.667999999998,311.0001403679705,-917002.7669276545
40500.0,9814.668,314.0001949891217,-937663.1873665515
39000.0,10981.068,307.0001790024433,-966267.0787203645
39500.0,10219.667999999998,311.0001732294761,-917042.1394297073
41000.0,10462.668,314.0002278506273,-937702.5598686043
39500.0,11629.068,307.0002118639489,-966306.4512224173
40000.0,9814.668,309.0002189691393,-966303.9110371857
39500.0,13700.867999999999,269.0001970614689,-914135.9356435218
41000.0,13943.868,272.0002516826201,-934796.3560824188
39500.0,15110.268,265.00023569594174,-963400.2474362318
40000.0,13295.867999999999,267.0002428011321,-963397.7072510002
40500.0,13943.867999999999,267.0002756626377,-963437.079753053
40000.0,10206.168,336.0001491754461,-890874.1657590731
38500.0,11372.568,329.00013318876773,-919478.0571128861
40000.0,11615.568,332.0001878099189,-940138.4775517831
39000.0,9558.167999999998,331.0001402939581,-919475.5169276545
40500.0,9801.168,334.0001949151093,-940135.9373665515
39000.0,10967.568,327.0001789284309,-968739.8287203645
39500.0,10206.167999999998,331.0001731554637,-919514.8894297073
41000.0,10449.168,334.0002277766149,-940175.3098686043
39500.0,11615.568,327.0002117899365,-968779.2012224173
40000.0,9801.168,329.0002188951269,-968776.6610371857
39500.0,13687.367999999999,289.0001969874565,-916608.6856435218
41000.0,13930.368,292.0002516086077,-937269.1060824188
39500.0,15096.768,285.00023562192933,-965872.9974362318
40000.0,13282.367999999999,287.0002427271197,-965870.4572510002
40500.0,13930.367999999999,287.0002755886253,-965909.829753053
40000.0,13700.867999999999,289.0001970614689,-916608.6856435218
41500.0,13943.868,292.0002516826201,-937269.1060824188
40000.0,15110.268,285.00023569594174,-965872.9974362318
40500.0,13295.867999999999,287.0002428011321,-965870.4572510002
41000.0,13943.867999999999,287.0002756626377,-965909.829753053
41000.0,17425.068,245.00029949463053,-963003.6259668675
40500.0,10219.668,336.0001492494585,-890874.1657590731
39000.0,11386.068,329.00013326278014,-919478.0571128861
40500.0,11629.068,332.0001878839313,-940138.4775517831
39500.0,9571.667999999998,331.0001403679705,-919475.5169276545
41000.0,9814.668,334.0001949891217,-940135.9373665515
39500.0,10981.068,327.0001790024433,-968739.8287203645
40000.0,10219.667999999998,331.0001732294761,-919514.8894297073
41500.0,10462.668,334.0002278506273,-940175.3098686043
40000.0,11629.068,327.0002118639489,-968779.2012224173
40500.0,9814.668,329.0002189691393,-968776.6610371857
40000.0,13700.867999999999,289.0001970614689,-916608.6856435218
41500.0,13943.868,292.0002516826201,-937269.1060824188
40000.0,15110.268,285.00023569594174,-965872.9974362318
40500.0,13295.867999999999,287.0002428011321,-965870.4572510002
41000.0,13943.867999999999,287.0002756626377,-965909.829753053
40500.0,13714.367999999999,289.0001971354813,-916608.6856435218
42000.0,13957.368,292.0002517566325,-937269.1060824188
40500.0,15123.768,285.0002357699541,-965872.9974362318
41000.0,13309.367999999999,287.0002428751445,-965870.4572510002
41500.0,13957.367999999999,287.0002757366501,-965909.829753053
41500.0,17438.568,245.0002995686429,-963003.6259668675
40500.0,13700.867999999999,309.0001970614689,-919081.4356435218
42000.0,13943.868,312.0002516826201,-939741.8560824188
40500.0,15110.268,305.00023569594174,-968345.7474362318
41000.0,13295.867999999999,307.0002428011321,-968343.2072510002
41500.0,13943.867999999999,307.0002756626377,-968382.579753053
41500.0,17425.068,265.0002994946305,-965476.3759668675
42000.0,17438.568,265.0002995686429,-965476.3759668675
25500.0,10084.199999999999,266.0001464458688,-519594.4722556454
24000.0,11250.599999999999,259.0001304591904,-548198.3636094584
25500.0,11493.6,262.0001850803416,-568858.7840483554
24500.0,9436.2,261.0001375643808,-548195.8234242267
26000.0,9679.2,264.000192185532,-568856.2438631237
24500.0,10845.6,257.0001761988536,-597460.1352169368
25000.0,10084.2,261.0001704258864,-548235.1959262796
26500.0,10327.2,264.0002250470376,-568895.6163651766
25000.0,11493.6,257.0002090603592,-597499.5077189897
25500.0,9679.2,259.0002161655496,-597496.967533758
25000.0,13565.399999999998,219.0001942578792,-545328.9921400942
26500.0,13808.4,222.0002488790304,-565989.412578991
25000.0,14974.8,215.000232892352,-594593.3039328041
25500.0,13160.400000000001,217.0002399975424,-594590.7637475724
26000.0,13808.400000000001,217.000272859048,-594630.1362496254
25500.0,13578.899999999998,219.0001943318916,-545328.9921400942
27000.0,13821.9,222.0002489530428,-565989.412578991
25500.0,14988.3,215.0002329663644,-594593.3039328041
26000.0,13173.900000000001,217.0002400715548,-594590.7637475724
26500.0,13821.900000000001,217.0002729330604,-594630.1362496254
26500.0,17303.1,175.0002967650532,-591723.9324634399
25500.0,13565.399999999998,239.0001942578792,-547801.7421400942
27000.0,13808.4,242.0002488790304,-568462.162578991
25500.0,14974.8,235.000232892352,-597066.0539328041
26000.0,13160.400000000001,237.0002399975424,-597063.5137475724
26500.0,13808.400000000001,237.000272859048,-597102.8862496254
26500.0,17289.6,195.0002966910408,-594196.6824634399
27000.0,17303.1,195.0002967650532,-594196.6824634399
26000.0,13578.899999999998,239.0001943318916,-547801.7421400942
27500.0,13821.9,242.0002489530428,-568462.162578991
26000.0,14988.3,235.0002329663644,-597066.0539328041
26500.0,13173.900000000001,237.0002400715548,-597063.5137475724
27000.0,13821.900000000001,237.0002729330604,-597102.8862496254
27000.0,17303.1,195.0002967650532,-594196.6824634399
27500.0,17316.6,195.0002968390656,-594196.6824634399
27500.0,17303.1,215.0002967650532,-596669.4324634399
41500.0,7910.099999999999,376.0000863014189,-891270.7872284374
42000.0,6095.699999999999,378.0000934066093,-891268.2470432058
40500.0,7262.099999999999,371.0000774199309,-919872.1383970188
42000.0,7505.1,374.0001320410821,-940532.5588359158
42500.0,6743.699999999999,378.0001262681149,-891307.6195452586
41000.0,7910.099999999999,371.0001102814365,-919911.5108990716
42500.0,8153.1,374.0001649025877,-940571.9313379686
41500.0,6095.7,373.00011738662687,-919908.97071384
43000.0,6338.700000000001,376.0001720077781,-940569.391152737
41500.0,7505.1,369.0001560210997,-969173.28250655
42500.0,10224.9,336.0001501001077,-888401.4157590731
41000.0,11391.3,329.0001341134293,-917005.3071128861
42500.0,11634.3,332.0001887345805,-937665.7275517831
41500.0,9576.899999999998,331.0001412186197,-917002.7669276545
43000.0,9819.9,334.00019583977087,-937663.1873665515
41500.0,10986.3,327.0001798530925,-966267.0787203645
42000.0,10224.899999999998,331.0001740801253,-917042.1394297073
43500.0,10467.9,334.0002287012765,-937702.5598686043
42000.0,11634.3,327.0002127145981,-966306.4512224173
42500.0,9819.9,329.00021981978847,-966303.9110371857
43000.0,10238.4,336.0001501741201,-888401.4157590731
41500.0,11404.8,329.0001341874417,-917005.3071128861
43000.0,11647.8,332.0001888085929,-937665.7275517831
42000.0,9590.399999999998,331.0001412926321,-917002.7669276545
43500.0,9833.4,334.0001959137833,-937663.1873665515
42000.0,10999.8,327.0001799271049,-966267.0787203645
42500.0,10238.399999999998,331.0001741541377,-917042.1394297073
44000.0,10481.4,334.0002287752889,-937702.5598686043
42500.0,11647.8,327.0002127886105,-966306.4512224173
43000.0,9833.4,329.0002198938009,-966303.9110371857
42500.0,13719.599999999999,289.0001979861305,-914135.9356435218
44000.0,13962.6,292.0002526072817,-934796.3560824188
42500.0,15129.0,285.0002366206033,-963400.2474362318
43000.0,13314.599999999999,287.0002437257937,-963397.7072510002
43500.0,13962.599999999999,287.0002765872993,-963437.079753053
43000.0,10224.9,356.0001501001077,-890874.1657590731
41500.0,11391.3,349.0001341134293,-919478.0571128861
43000.0,11634.3,352.0001887345805,-940138.4775517831
42000.0,9576.899999999998,351.0001412186197,-919475.5169276545
43500.0,9819.9,354.00019583977087,-940135.9373665515
42000.0,10986.3,347.0001798530925,-968739.8287203645
42500.0,10224.899999999998,351.0001740801253,-919514.8894297073
44000.0,10467.9,354.0002287012765,-940175.3098686043
42500.0,11634.3,347.0002127145981,-968779.2012224173
43000.0,9819.9,349.00021981978847,-968776.6610371857
42500.0,13706.099999999999,309.0001979121181,-916608.6856435218
44000.0,13949.1,312.0002525332693,-937269.1060824188
42500.0,15115.5,305.0002365465909,-965872.9974362318
43000.0,13301.099999999999,307.0002436517813,-965870.4572510002
43500.0,13949.099999999999,307.0002765132869,-965909.829753053
43000.0,13719.599999999999,309.0001979861305,-916608.6856435218
44500.0,13962.6,312.0002526072817,-937269.1060824188
43000.0,15129.0,305.0002366206033,-965872.9974362318
43500.0,13314.599999999999,307.0002437257937,-965870.4572510002
44000.0,13962.599999999999,307.0002765872993,-965909.829753053
44000.0,17443.8,265.0003004192921,-963003.6259668675
43500.0,10238.4,356.0001501741201,-890874.1657590731
42000.0,11404.8,349.0001341874417,-919478.0571128861
43500.0,11647.8,352.0001888085929,-940138.4775517831
42500.0,9590.399999999998,351.0001412926321,-919475.5169276545
44000.0,9833.4,354.0001959137833,-940135.9373665515
42500.0,10999.8,347.0001799271049,-968739.8287203645
43000.0,10238.399999999998,351.0001741541377,-919514.8894297073
44500.0,10481.4,354.0002287752889,-940175.3098686043
43000.0,11647.8,347.0002127886105,-968779.2012224173
43500.0,9833.4,349.0002198938009,-968776.6610371857
43000.0,13719.599999999999,309.0001979861305,-916608.6856435218
44500.0,13962.6,312.0002526072817,-937269.1060824188
43000.0,15129.0,305.0002366206033,-965872.9974362318
43500.0,13314.599999999999,307.0002437257937,-965870.4572510002
44000.0,13962.599999999999,307.0002765872993,-965909.829753053
43500.0,13733.099999999999,309.0001980601429,-916608.6856435218
45000.0,13976.1,312.0002526812941,-937269.1060824188
43500.0,15142.5,305.0002366946157,-965872.9974362318
44000.0,13328.099999999999,307.00024379980607,-965870.4572510002
44500.0,13976.099999999999,307.0002766613117,-965909.829753053
44500.0,17457.3,265.0003004933045,-963003.6259668675
43500.0,13719.599999999999,329.0001979861305,-919081.4356435218
45000.0,13962.6,332.0002526072817,-939741.8560824188
43500.0,15129.0,325.0002366206033,-968345.7474362318
44000.0,13314.599999999999,327.0002437257937,-968343.2072510002
44500.0,13962.599999999999,327.0002765872993,-968382.579753053
44500.0,17443.8,285.0003004192921,-965476.3759668675
45000.0,17457.3,285.0003004933045,-965476.3759668675
28500.0,10102.931999999999,286.0001473705304,-891345.1657590731
27000.0,11269.331999999999,279.00013138385196,-919949.0571128861
28500.0,11512.332,282.0001860050032,-940609.4775517831
27500.0,9454.932,281.0001384890424,-919946.5169276545
29000.0,9697.932,284.0001931101936,-940606.9373665515
27500.0,10864.332,277.0001771235152,-969210.8287203645
28000.0,10102.932,281.000171350548,-919985.8894297073
29500.0,10345.932,284.0002259716992,-940646.3098686043
28000.0,11512.332,277.0002099850208,-969250.2012224173
28500.0,9697.932,279.0002170902112,-969247.6610371857
28000.0,13584.131999999998,239.00019518254078,-917079.6856435218
29500.0,13827.132,242.000249803692,-937740.1060824188
28000.0,14993.532,235.0002338170136,-966343.9974362318
28500.0,13179.132000000001,237.00024092220397,-966341.4572510002
29000.0,13827.132000000001,237.0002737837096,-966380.829753053
28500.0,13597.631999999998,239.00019525655318,-917079.6856435218
30000.0,13840.632,242.0002498777044,-937740.1060824188
28500.0,15007.032,235.00023389102597,-966343.9974362318
29000.0,13192.632000000001,237.00024099621638,-966341.4572510002
29500.0,13840.632000000001,237.000273857722,-966380.829753053
29500.0,17321.832,195.00029768971478,-963474.6259668675
28500.0,13584.131999999998,259.0001951825408,-919552.4356435218
30000.0,13827.132,262.000249803692,-940212.8560824188
28500.0,14993.532,255.0002338170136,-968816.7474362318
29000.0,13179.132000000001,257.000240922204,-968814.2072510002
29500.0,13827.132000000001,257.0002737837096,-968853.579753053
29500.0,17308.332,215.00029761570238,-965947.3759668675
30000.0,17321.832,215.00029768971478,-965947.3759668675
29000.0,13597.631999999998,259.0001952565532,-919552.4356435218
30500.0,13840.632,262.0002498777044,-940212.8560824188
29000.0,15007.032,255.00023389102597,-968816.7474362318
29500.0,13192.632000000001,257.0002409962164,-968814.2072510002
30000.0,13840.632000000001,257.000273857722,-968853.579753053
30000.0,17321.832,215.00029768971478,-965947.3759668675
30500.0,17335.332,215.0002977637272,-965947.3759668675
30500.0,17321.832,235.00029768971478,-968420.1259668675
29500.0,10164.168,286.0001480899309,-891345.1657590731
28000.0,11330.568,279.0001321032525,-919949.0571128861
29500.0,11573.568,282.0001867244037,-940609.4775517831
28500.0,9516.167999999998,281.00013920844293,-919946.5169276545
30000.0,9759.168,284.00019382959414,-940606.9373665515
28500.0,10925.568,277.0001778429157,-969210.8287203645
29000.0,10164.167999999998,281.0001720699485,-919985.8894297073
30500.0,10407.168,284.0002266910997,-940646.3098686043
29000.0,11573.568,277.0002107044213,-969250.2012224173
29500.0,9759.168,279.0002178096117,-969247.6610371857
29000.0,13645.367999999999,239.0001959019413,-917079.6856435218
30500.0,13888.368,242.00025052309252,-937740.1060824188
29000.0,15054.768,235.0002345364141,-966343.9974362318
29500.0,13240.367999999999,237.0002416416045,-966341.4572510002
30000.0,13888.367999999999,237.00027450311012,-966380.829753053
29500.0,13658.867999999999,239.00019597595372,-917079.6856435218
31000.0,13901.868,242.00025059710492,-937740.1060824188
29500.0,15068.268,235.0002346104265,-966343.9974362318
30000.0,13253.867999999999,237.0002417156169,-966341.4572510002
30500.0,13901.867999999999,237.00027457712252,-966380.829753053
30500.0,17383.068,195.00029840911532,-963474.6259668675
29500.0,13645.367999999999,259.0001959019413,-919552.4356435218
31000.0,13888.368,262.0002505230925,-940212.8560824188
29500.0,15054.768,255.0002345364141,-968816.7474362318
30000.0,13240.367999999999,257.00024164160453,-968814.2072510002
30500.0,13888.367999999999,257.0002745031101,-968853.579753053
30500.0,17369.568,215.0002983351029,-965947.3759668675
31000.0,17383.068,215.00029840911532,-965947.3759668675
30000.0,13658.867999999999,259.0001959759537,-919552.4356435218
31500.0,13901.868,262.0002505971049,-940212.8560824188
30000.0,15068.268,255.0002346104265,-968816.7474362318
30500.0,13253.867999999999,257.00024171561694,-968814.2072510002
31000.0,13901.867999999999,257.0002745771225,-968853.579753053
31000.0,17383.068,215.00029840911532,-965947.3759668675
31500.0,17396.568,215.00029848312772,-965947.3759668675
31500.0,17383.068,235.00029840911532,-968420.1259668675
15000.0,13523.399999999998,189.000193172364,-36167.61334476629
16500.0,13766.4,192.0002477935152,-56828.03378366323
15000.0,14932.8,185.0002318068368,-85431.92513747627
15500.0,13118.400000000001,187.0002389120272,-85429.3849522446
16000.0,13766.400000000001,187.0002717735328,-85468.75745429749
16000.0,17247.6,145.0002956055256,-82562.55366811197
16500.0,17261.1,145.000295679538,-82562.55366811197
16500.0,17247.6,165.0002956055256,-85035.30366811197
17000.0,17261.1,165.000295679538,-85035.30366811197
61000.0,3856.6499999999996,528.0000316185907,-891193.86851257
61500.0,4504.65,528.0000644800963,-891233.2410146229
62000.0,2690.25,530.0000715852867,-891230.7008293913
60500.0,3856.6499999999996,523.0000555986082,-919834.5921832043
62000.0,4099.650000000001,526.0001102197594,-940495.0126221012
61500.0,7985.849999999999,486.0000883120891,-888327.0372284374
62000.0,6171.449999999999,488.0000954172795,-888324.4970432058
60500.0,7337.849999999999,481.0000794306011,-916928.3883970188
62000.0,7580.85,484.0001340517523,-937588.8088359158
62500.0,6819.449999999999,488.0001282787851,-888363.8695452586
61000.0,7985.849999999999,481.0001122921067,-916967.7608990716
62500.0,8228.85,484.0001669132579,-937628.1813379686
61500.0,6171.45,483.0001193972971,-916965.22071384
63000.0,6414.450000000001,486.0001740184483,-937625.641152737
61500.0,7580.85,479.0001580317699,-966229.53250655
62000.0,7999.349999999999,486.0000883861015,-888327.0372284374
62500.0,6184.949999999999,488.0000954912919,-888324.4970432058
61000.0,7351.349999999999,481.0000795046135,-916928.3883970188
62500.0,7594.35,484.0001341257647,-937588.8088359158
63000.0,6832.949999999999,488.0001283527975,-888363.8695452586
61500.0,7999.349999999999,481.0001123661191,-916967.7608990716
63000.0,8242.35,484.0001669872703,-937628.1813379686
62000.0,6184.95,483.0001194713095,-916965.22071384
63500.0,6427.950000000001,486.00017409246067,-937625.641152737
62000.0,7594.35,479.0001581057823,-966229.53250655
63000.0,10314.15,446.0001521847903,-885457.6657590731
61500.0,11480.55,439.0001361981119,-914061.5571128861
63000.0,11723.55,442.0001908192631,-934721.9775517831
62000.0,9666.149999999998,441.0001433033023,-914059.0169276545
63500.0,9909.15,444.0001979244535,-934719.4373665515
62000.0,11075.55,437.0001819377751,-963323.3287203645
62500.0,10314.149999999998,441.0001761648079,-914098.3894297073
64000.0,10557.15,444.0002307859591,-934758.8098686043
62500.0,11723.55,437.0002147992807,-963362.7012224173
63000.0,9909.15,439.0002219044711,-963360.1610371857
62000.0,7985.849999999999,506.0000883120891,-890799.7872284374
62500.0,6171.449999999999,508.0000954172795,-890797.2470432058
61000.0,7337.849999999999,501.0000794306011,-919401.1383970188
62500.0,7580.85,504.0001340517523,-940061.5588359158
63000.0,6819.449999999999,508.0001282787851,-890836.6195452586
61500.0,7985.849999999999,501.0001122921067,-919440.5108990716
63000.0,8228.85,504.0001669132579,-940100.9313379686
62000.0,6171.45,503.0001193972971,-919437.97071384
63500.0,6414.450000000001,506.0001740184483,-940098.391152737
62000.0,7580.85,499.0001580317699,-968702.28250655
63000.0,10300.65,466.0001521107779,-887930.4157590731
61500.0,11467.05,459.00013612409947,-916534.3071128861
63000.0,11710.05,462.0001907452507,-937194.7275517831
62000.0,9652.649999999998,461.0001432292899,-916531.7669276545
63500.0,9895.65,464.0001978504411,-937192.1873665515
62000.0,11062.05,457.0001818637627,-965796.0787203645
62500.0,10300.649999999998,461.0001760907955,-916571.1394297073
64000.0,10543.65,464.0002307119467,-937231.5598686043
62500.0,11710.05,457.0002147252683,-965835.4512224173
63000.0,9895.65,459.0002218304587,-965832.9110371857
63500.0,10314.15,466.0001521847903,-887930.4157590731
62000.0,11480.55,459.0001361981119,-916534.3071128861
63500.0,11723.55,462.0001908192631,-937194.7275517831
62500.0,9666.149999999998,461.0001433033023,-916531.7669276545
64000.0,9909.15,464.0001979244535,-937192.1873665515
62500.0,11075.55,457.0001819377751,-965796.0787203645
63000.0,10314.149999999998,461.0001761648079,-916571.1394297073
64500.0,10557.15,464.0002307859591,-937231.5598686043
63000.0,11723.55,457.0002147992807,-965835.4512224173
63500.0,9909.15,459.0002219044711,-965832.9110371857
63000.0,13795.349999999999,419.0001999968007,-913664.9356435218
64500.0,14038.35,422.0002546179519,-934325.3560824188
63000.0,15204.75,415.0002386312735,-962929.2474362318
63500.0,13390.349999999999,417.0002457364639,-962926.7072510002
64000.0,14038.349999999999,417.0002785979695,-962966.079753053
62500.0,7999.349999999999,506.0000883861015,-890799.7872284374
63000.0,6184.949999999999,508.0000954912919,-890797.2470432058
61500.0,7351.349999999999,501.0000795046135,-919401.1383970188
63000.0,7594.35,504.0001341257647,-940061.5588359158
63500.0,6832.949999999999,508.0001283527975,-890836.6195452586
62000.0,7999.349999999999,501.0001123661191,-919440.5108990716
63500.0,8242.35,504.0001669872703,-940100.9313379686
62500.0,6184.95,503.0001194713095,-919437.97071384
64000.0,6427.950000000001,506.00017409246067,-940098.391152737
62500.0,7594.35,499.0001581057823,-968702.28250655
63500.0,10314.15,466.0001521847903,-887930.4157590731
62000.0,11480.55,459.0001361981119,-916534.3071128861
63500.0,11723.55,462.0001908192631,-937194.7275517831
62500.0,9666.149999999998,461.0001433033023,-916531.7669276545
64000.0,9909.15,464.0001979244535,-937192.1873665515
62500.0,11075.55,457.0001819377751,-965796.0787203645
63000.0,10314.149999999998,461.0001761648079,-916571.1394297073
64500.0,10557.15,464.0002307859591,-937231.5598686043
63000.0,11723.55,457.0002147992807,-965835.4512224173
63500.0,9909.15,459.0002219044711,-965832.9110371857
64000.0,10327.65,466.0001522588027,-887930.4157590731
62500.0,11494.05,459.0001362721243,-916534.3071128861
64000.0,11737.05,462.0001908932755,-937194.7275517831
63000.0,9679.649999999998,461.0001433773147,-916531.7669276545
64500.0,9922.65,464.0001979984659,-937192.1873665515
63000.0,11089.05,457.0001820117875,-965796.0787203645
63500.0,10327.649999999998,461.0001762388203,-916571.1394297073
65000.0,10570.65,464.0002308599715,-937231.5598686043
63500.0,11737.05,457.0002148732931,-965835.4512224173
64000.0,9922.65,459.0002219784835,-965832.9110371857
63500.0,13808.849999999999,419.0002000708131,-913664.9356435218
65000.0,14051.85,422.0002546919643,-934325.3560824188
63500.0,15218.25,415.0002387052859,-962929.2474362318
64000.0,13403.849999999999,417.0002458104763,-962926.7072510002
64500.0,14051.849999999999,417.0002786719819,-962966.079753053
64000.0,10314.15,486.0001521847903,-890403.1657590731
62500.0,11480.55,479.0001361981119,-919007.0571128861
64000.0,11723.55,482.0001908192631,-939667.4775517831
63000.0,9666.149999999998,481.0001433033023,-919004.5169276545
64500.0,9909.15,484.0001979244535,-939664.9373665515
63000.0,11075.55,477.0001819377751,-968268.8287203645
63500.0,10314.149999999998,481.0001761648079,-919043.8894297073
65000.0,10557.15,484.0002307859591,-939704.3098686043
63500.0,11723.55,477.0002147992807,-968308.2012224173
64000.0,9909.15,479.0002219044711,-968305.6610371857
63500.0,13795.349999999999,439.0001999968007,-916137.6856435218
65000.0,14038.35,442.0002546179519,-936798.1060824188
63500.0,15204.75,435.0002386312735,-965401.9974362318
64000.0,13390.349999999999,437.0002457364639,-965399.4572510002
64500.0,14038.349999999999,437.0002785979695,-965438.829753053
64000.0,13808.849999999999,439.0002000708131,-916137.6856435218
65500.0,14051.85,442.0002546919643,-936798.1060824188
64000.0,15218.25,435.0002387052859,-965401.9974362318
64500.0,13403.849999999999,437.0002458104763,-965399.4572510002
65000.0,14051.849999999999,437.0002786719819,-965438.829753053
65000.0,17533.05,395.0003025039747,-962532.6259668675
47500.0,7863.882,436.00008558251176,-891270.7872284374
48000.0,6049.482,438.0000926877022,-891268.2470432058
46500.0,7215.882,431.0000767010238,-919872.1383970188
48000.0,7458.882,434.000131322175,-940532.5588359158
48500.0,6697.482,438.0001255492078,-891307.6195452586
47000.0,7863.882,431.00010956252936,-919911.5108990716
48500.0,8106.882,434.00016418368057,-940571.9313379686
47500.0,6049.482,433.0001166677198,-919908.97071384
49000.0,6292.482,436.000171288871,-940569.391152737
47500.0,7458.882,429.0001553021926,-969173.28250655
48500.0,10178.681999999999,396.0001493812006,-888401.4157590731
47000.0,11345.081999999999,389.0001333945222,-917005.3071128861
48500.0,11588.082,392.00018801567336,-937665.7275517831
47500.0,9530.682,391.0001404997126,-917002.7669276545
49000.0,9773.682,394.0001951208638,-937663.1873665515
47500.0,10940.082,387.0001791341854,-966267.0787203645
48000.0,10178.682,391.0001733612182,-917042.1394297073
49500.0,10421.682,394.0002279823694,-937702.5598686043
48000.0,11588.082,387.00021199569096,-966306.4512224173
48500.0,9773.682,389.0002191008814,-966303.9110371857
49000.0,10192.181999999999,396.000149455213,-888401.4157590731
47500.0,11358.581999999999,389.00013346853456,-917005.3071128861
49000.0,11601.582,392.00018808968576,-937665.7275517831
48000.0,9544.182,391.000140573725,-917002.7669276545
49500.0,9787.182,394.0001951948762,-937663.1873665515
48000.0,10953.582,387.0001792081978,-966267.0787203645
48500.0,10192.182,391.0001734352306,-917042.1394297073
50000.0,10435.182,394.0002280563818,-937702.5598686043
48500.0,11601.582,387.00021206970337,-966306.4512224173
49000.0,9787.182,389.0002191748938,-966303.9110371857
48500.0,13673.381999999998,349.00019726722337,-914135.9356435218
50000.0,13916.382,352.0002518883746,-934796.3560824188
48500.0,15082.782,345.00023590169616,-963400.2474362318
49000.0,13268.382000000001,347.0002430068866,-963397.7072510002
49500.0,13916.382000000001,347.0002758683922,-963437.079753053
49000.0,10178.681999999999,416.0001493812006,-890874.1657590731
47500.0,11345.081999999999,409.0001333945222,-919478.0571128861
49000.0,11588.082,412.00018801567336,-940138.4775517831
48000.0,9530.682,411.0001404997126,-919475.5169276545
49500.0,9773.682,414.0001951208638,-940135.9373665515
48000.0,10940.082,407.0001791341854,-968739.8287203645
48500.0,10178.682,411.0001733612182,-919514.8894297073
50000.0,10421.682,414.0002279823694,-940175.3098686043
48500.0,11588.082,407.00021199569096,-968779.2012224173
49000.0,9773.682,409.0002191008814,-968776.6610371857
48500.0,13659.881999999998,369.00019719321097,-916608.6856435218
50000.0,13902.882,372.0002518143622,-937269.1060824188
48500.0,15069.282,365.0002358276838,-965872.9974362318
49000.0,13254.882000000001,367.0002429328742,-965870.4572510002
49500.0,13902.882000000001,367.0002757943798,-965909.829753053
49000.0,13673.381999999998,369.00019726722337,-916608.6856435218
50500.0,13916.382,372.0002518883746,-937269.1060824188
49000.0,15082.782,365.00023590169616,-965872.9974362318
49500.0,13268.382000000001,367.0002430068866,-965870.4572510002
50000.0,13916.382000000001,367.0002758683922,-965909.829753053
50000.0,17397.582,325.00029970038497,-963003.6259668675
49500.0,10192.181999999999,416.000149455213,-890874.1657590731
48000.0,11358.581999999999,409.00013346853456,-919478.0571128861
49500.0,11601.582,412.00018808968576,-940138.4775517831
48500.0,9544.182,411.000140573725,-919475.5169276545
50000.0,9787.182,414.0001951948762,-940135.9373665515
48500.0,10953.582,407.0001792081978,-968739.8287203645
49000.0,10192.182,411.0001734352306,-919514.8894297073
50500.0,10435.182,414.0002280563818,-940175.3098686043
49000.0,11601.582,407.00021206970337,-968779.2012224173
49500.0,9787.182,409.0002191748938,-968776.6610371857
49000.0,13673.381999999998,369.00019726722337,-916608.6856435218
50500.0,13916.382,372.0002518883746,-937269.1060824188
49000.0,15082.782,365.00023590169616,-965872.9974362318
49500.0,13268.382000000001,367.0002430068866,-965870.4572510002
50000.0,13916.382000000001,367.0002758683922,-965909.829753053
49500.0,13686.881999999998,369.0001973412358,-916608.6856435218
51000.0,13929.882,372.000251962387,-937269.1060824188
49500.0,15096.282,365.00023597570856,-965872.9974362318
50000.0,13281.882000000001,367.000243080899,-965870.4572510002
50500.0,13929.882000000001,367.0002759424046,-965909.829753053
50500.0,17411.082,325.0002997743974,-963003.6259668675
49500.0,13673.381999999998,389.00019726722337,-919081.4356435218
51000.0,13916.382,392.0002518883746,-939741.8560824188
49500.0,15082.782,385.00023590169616,-968345.7474362318
50000.0,13268.382000000001,387.0002430068866,-968343.2072510002
50500.0,13916.382000000001,387.0002758683922,-968382.579753053
50500.0,17397.582,345.00029970038497,-965476.3759668675
51000.0,17411.082,345.0002997743974,-965476.3759668675
48500.0,7925.1179999999995,436.0000863019123,-891270.7872284374
49000.0,6110.717999999999,438.0000934071027,-891268.2470432058
47500.0,7277.1179999999995,431.0000774204243,-919872.1383970188
49000.0,7520.118,434.0001320415755,-940532.5588359158
49500.0,6758.717999999999,438.0001262686083,-891307.6195452586
48000.0,7925.1179999999995,431.0001102819299,-919911.5108990716
49500.0,8168.118,434.0001649030811,-940571.9313379686
48500.0,6110.717999999999,433.0001173871203,-919908.97071384
50000.0,6353.718,436.00017200827153,-940569.391152737
48500.0,7520.118,429.0001560215931,-969173.28250655
49500.0,10239.918,396.0001501006011,-888401.4157590731
48000.0,11406.318,389.0001341139227,-917005.3071128861
49500.0,11649.318,392.0001887350739,-937665.7275517831
48500.0,9591.917999999998,391.0001412191131,-917002.7669276545
50000.0,9834.918,394.0001958402643,-937663.1873665515
48500.0,11001.318,387.0001798535859,-966267.0787203645
49000.0,10239.917999999998,391.0001740806187,-917042.1394297073
50500.0,10482.918,394.0002287017699,-937702.5598686043
49000.0,11649.318,387.0002127150915,-966306.4512224173
49500.0,9834.918,389.0002198202819,-966303.9110371857
50000.0,10253.418,396.0001501746135,-888401.4157590731
48500.0,11419.818,389.0001341879351,-917005.3071128861
50000.0,11662.818,392.0001888090863,-937665.7275517831
49000.0,9605.417999999998,391.0001412931255,-917002.7669276545
50500.0,9848.418,394.00019591427673,-937663.1873665515
49000.0,11014.818,387.0001799275983,-966267.0787203645
49500.0,10253.417999999998,391.0001741546311,-917042.1394297073
51000.0,10496.418,394.0002287757823,-937702.5598686043
49500.0,11662.818,387.0002127891039,-966306.4512224173
50000.0,9848.418,389.00021989429433,-966303.9110371857
49500.0,13734.617999999999,349.0001979866239,-914135.9356435218
51000.0,13977.618,352.0002526077751,-934796.3560824188
49500.0,15144.018,345.0002366210967,-963400.2474362318
50000.0,13329.617999999999,347.0002437262871,-963397.7072510002
50500.0,13977.617999999999,347.0002765877927,-963437.079753053
50000.0,10239.918,416.0001501006011,-890874.1657590731
48500.0,11406.318,409.0001341139227,-919478.0571128861
50000.0,11649.318,412.0001887350739,-940138.4775517831
49000.0,9591.917999999998,411.0001412191131,-919475.5169276545
50500.0,9834.918,414.0001958402643,-940135.9373665515
49000.0,11001.318,407.0001798535859,-968739.8287203645
49500.0,10239.917999999998,411.0001740806187,-919514.8894297073
51000.0,10482.918,414.0002287017699,-940175.3098686043
49500.0,11649.318,407.0002127150915,-968779.2012224173
50000.0,9834.918,409.0002198202819,-968776.6610371857
49500.0,13721.117999999999,369.0001979126115,-916608.6856435218
51000.0,13964.118,372.0002525337627,-937269.1060824188
49500.0,15130.518,365.0002365470843,-965872.9974362318
50000.0,13316.117999999999,367.0002436522747,-965870.4572510002
50500.0,13964.117999999999,367.0002765137803,-965909.829753053
50000.0,13734.617999999999,369.0001979866239,-916608.6856435218
51500.0,13977.618,372.0002526077751,-937269.1060824188
50000.0,15144.018,365.0002366210967,-965872.9974362318
50500.0,13329.617999999999,367.0002437262871,-965870.4572510002
51000.0,13977.617999999999,367.0002765877927,-965909.829753053
51000.0,17458.818,325.0003004197855,-963003.6259668675
50500.0,10253.418,416.0001501746135,-890874.1657590731
49000.0,11419.818,409.0001341879351,-919478.0571128861
50500.0,11662.818,412.0001888090863,-940138.4775517831
49500.0,9605.417999999998,411.0001412931255,-919475.5169276545
51000.0,9848.418,414.00019591427673,-940135.9373665515
49500.0,11014.818,407.0001799275983,-968739.8287203645
50000.0,10253.417999999998,411.0001741546311,-919514.8894297073
51500.0,10496.418,414.0002287757823,-940175.3098686043
50000.0,11662.818,407.0002127891039,-968779.2012224173
50500.0,9848.418,409.00021989429433,-968776.6610371857
50000.0,13734.617999999999,369.0001979866239,-916608.6856435218
51500.0,13977.618,372.0002526077751,-937269.1060824188
50000.0,15144.018,365.0002366210967,-965872.9974362318
50500.0,13329.617999999999,367.0002437262871,-965870.4572510002
51000.0,13977.617999999999,367.0002765877927,-965909.829753053
50500.0,13748.117999999999,369.0001980606363,-916608.6856435218
52000.0,13991.118,372.0002526817875,-937269.1060824188
50500.0,15157.518,365.0002366951091,-965872.9974362318
51000.0,13343.117999999999,367.00024380029953,-965870.4572510002
51500.0,13991.117999999999,367.0002766618051,-965909.829753053
51500.0,17472.318,325.0003004937979,-963003.6259668675
50500.0,13734.617999999999,389.0001979866239,-919081.4356435218
52000.0,13977.618,392.0002526077751,-939741.8560824188
50500.0,15144.018,385.0002366210967,-968345.7474362318
51000.0,13329.617999999999,387.0002437262871,-968343.2072510002
51500.0,13977.617999999999,387.0002765877927,-968382.579753053
51500.0,17458.818,345.0003004197855,-965476.3759668675
52000.0,17472.318,345.0003004937979,-965476.3759668675
35500.0,10117.949999999999,346.0001473710238,-519594.4722556454
34000.0,11284.349999999999,339.0001313843454,-548198.3636094584
35500.0,11527.35,342.0001860054966,-568858.7840483554
34500.0,9469.95,341.0001384895358,-548195.8234242267
36000.0,9712.95,344.000193110687,-568856.2438631237
34500.0,10879.35,337.0001771240086,-597460.1352169368
35000.0,10117.95,341.0001713510414,-548235.1959262796
36500.0,10360.95,344.0002259721926,-568895.6163651766
35000.0,11527.35,337.0002099855142,-597499.5077189897
35500.0,9712.95,339.0002170907046,-597496.967533758
35000.0,13599.149999999998,299.0001951830342,-545328.9921400942
36500.0,13842.15,302.0002498041854,-565989.412578991
35000.0,15008.55,295.000233817507,-594593.3039328041
35500.0,13194.150000000001,297.0002409226974,-594590.7637475724
36000.0,13842.150000000001,297.000273784203,-594630.1362496254
35500.0,13612.649999999998,299.0001952570466,-545328.9921400942
37000.0,13855.65,302.0002498781978,-565989.412578991
35500.0,15022.05,295.0002338915194,-594593.3039328041
36000.0,13207.650000000001,297.0002409967098,-594590.7637475724
36500.0,13855.650000000001,297.0002738582154,-594630.1362496254
36500.0,17336.85,255.0002976902082,-591723.9324634399
35500.0,13599.149999999998,319.0001951830342,-547801.7421400942
37000.0,13842.15,322.0002498041854,-568462.162578991
35500.0,15008.55,315.000233817507,-597066.0539328041
36000.0,13194.150000000001,317.0002409226974,-597063.5137475724
36500.0,13842.150000000001,317.000273784203,-597102.8862496254
36500.0,17323.35,275.0002976161958,-594196.6824634399
37000.0,17336.85,275.0002976902082,-594196.6824634399
36000.0,13612.649999999998,319.0001952570466,-547801.7421400942
37500.0,13855.65,322.0002498781978,-568462.162578991
36000.0,15022.05,315.0002338915194,-597066.0539328041
36500.0,13207.650000000001,317.0002409967098,-597063.5137475724
37000.0,13855.650000000001,317.0002738582154,-597102.8862496254
37000.0,17336.85,275.0002976902082,-594196.6824634399
37500.0,17350.35,275.0002977642206,-594196.6824634399
37500.0,17336.85,295.0002976902082,-596669.4324634399
51500.0,7943.849999999999,456.0000872265739,-891270.7872284374
52000.0,6129.449999999999,458.0000943317643,-891268.2470432058
50500.0,7295.849999999999,451.0000783450859,-919872.1383970188
52000.0,7538.85,454.0001329662371,-940532.5588359158
52500.0,6777.449999999999,458.0001271932699,-891307.6195452586
51000.0,7943.849999999999,451.0001112065915,-919911.5108990716
52500.0,8186.85,454.0001658277427,-940571.9313379686
51500.0,6129.45,453.0001183117819,-919908.97071384
53000.0,6372.450000000001,456.0001729329331,-940569.391152737
51500.0,7538.85,449.0001569462547,-969173.28250655
52500.0,10258.65,416.0001510252627,-888401.4157590731
51000.0,11425.05,409.0001350385843,-917005.3071128861
52500.0,11668.05,412.0001896597355,-937665.7275517831
51500.0,9610.649999999998,411.0001421437747,-917002.7669276545
53000.0,9853.65,414.0001967649259,-937663.1873665515
51500.0,11020.05,407.0001807782475,-966267.0787203645
52000.0,10258.649999999998,411.0001750052803,-917042.1394297073
53500.0,10501.65,414.0002296264315,-937702.5598686043
52000.0,11668.05,407.0002136397531,-966306.4512224173
52500.0,9853.65,409.0002207449435,-966303.9110371857
53000.0,10272.15,416.0001510992751,-888401.4157590731
51500.0,11438.55,409.0001351125967,-917005.3071128861
53000.0,11681.55,412.0001897337479,-937665.7275517831
52000.0,9624.149999999998,411.0001422177871,-917002.7669276545
53500.0,9867.15,414.0001968389383,-937663.1873665515
52000.0,11033.55,407.0001808522599,-966267.0787203645
52500.0,10272.149999999998,411.0001750792927,-917042.1394297073
54000.0,10515.15,414.0002297004439,-937702.5598686043
52500.0,11681.55,407.0002137137655,-966306.4512224173
53000.0,9867.15,409.0002208189559,-966303.9110371857
52500.0,13753.349999999999,369.0001989112855,-914135.9356435218
54000.0,13996.35,372.0002535324367,-934796.3560824188
52500.0,15162.75,365.0002375457583,-963400.2474362318
53000.0,13348.349999999999,367.0002446509487,-963397.7072510002
53500.0,13996.349999999999,367.0002775124543,-963437.079753053
53000.0,10258.65,436.0001510252627,-890874.1657590731
51500.0,11425.05,429.0001350385843,-919478.0571128861
53000.0,11668.05,432.0001896597355,-940138.4775517831
52000.0,9610.649999999998,431.0001421437747,-919475.5169276545
53500.0,9853.65,434.0001967649259,-940135.9373665515
52000.0,11020.05,427.0001807782475,-968739.8287203645
52500.0,10258.649999999998,431.0001750052803,-919514.8894297073
54000.0,10501.65,434.0002296264315,-940175.3098686043
52500.0,11668.05,427.0002136397531,-968779.2012224173
53000.0,9853.65,429.0002207449435,-968776.6610371857
52500.0,13739.849999999999,389.0001988372731,-916608.6856435218
54000.0,13982.85,392.0002534584243,-937269.1060824188
52500.0,15149.25,385.0002374717459,-965872.9974362318
53000.0,13334.849999999999,387.00024457693627,-965870.4572510002
53500.0,13982.849999999999,387.0002774384419,-965909.829753053
53000.0,13753.349999999999,389.0001989112855,-916608.6856435218
54500.0,13996.35,392.0002535324367,-937269.1060824188
53000.0,15162.75,385.0002375457583,-965872.9974362318
53500.0,13348.349999999999,387.0002446509487,-965870.4572510002
54000.0,13996.349999999999,387.0002775124543,-965909.829753053
54000.0,17477.55,345.0003013444471,-963003.6259668675
53500.0,10272.15,436.0001510992751,-890874.1657590731
52000.0,11438.55,429.0001351125967,-919478.0571128861
53500.0,11681.55,432.0001897337479,-940138.4775517831
52500.0,9624.149999999998,431.0001422177871,-919475.5169276545
54000.0,9867.15,434.0001968389383,-940135.9373665515
52500.0,11033.55,427.0001808522599,-968739.8287203645
53000.0,10272.149999999998,431.0001750792927,-919514.8894297073
54500.0,10515.15,434.0002297004439,-940175.3098686043
53000.0,11681.55,427.0002137137655,-968779.2012224173
53500.0,9867.15,429.0002208189559,-968776.6610371857
53000.0,13753.349999999999,389.0001989112855,-916608.6856435218
54500.0,13996.35,392.0002535324367,-937269.1060824188
53000.0,15162.75,385.0002375457583,-965872.9974362318
53500.0,13348.349999999999,387.0002446509487,-965870.4572510002
54000.0,13996.349999999999,387.0002775124543,-965909.829753053
53500.0,13766.849999999999,389.0001989852979,-916608.6856435218
55000.0,14009.85,392.0002536064491,-937269.1060824188
53500.0,15176.25,385.0002376197707,-965872.9974362318
54000.0,13361.849999999999,387.0002447249611,-965870.4572510002
54500.0,14009.849999999999,387.0002775864667,-965909.829753053
54500.0,17491.05,345.0003014184595,-963003.6259668675
53500.0,13753.349999999999,409.0001989112855,-919081.4356435218
55000.0,13996.35,412.0002535324367,-939741.8560824188
53500.0,15162.75,405.0002375457583,-968345.7474362318
54000.0,13348.349999999999,407.0002446509487,-968343.2072510002
54500.0,13996.349999999999,407.0002775124543,-968382.579753053
54500.0,17477.55,365.0003013444471,-965476.3759668675
55000.0,17491.05,365.0003014184595,-965476.3759668675
38500.0,10136.681999999999,366.0001482956854,-891345.1657590731
37000.0,11303.081999999999,359.000132309007,-919949.0571128861
38500.0,11546.082,362.0001869301582,-940609.4775517831
37500.0,9488.682,361.0001394141974,-919946.5169276545
39000.0,9731.682,364.00019403534856,-940606.9373665515
37500.0,10898.082,357.0001780486702,-969210.8287203645
38000.0,10136.682,361.000172275703,-919985.8894297073
39500.0,10379.682,364.0002268968542,-940646.3098686043
38000.0,11546.082,357.0002109101758,-969250.2012224173
38500.0,9731.682,359.00021801536616,-969247.6610371857
38000.0,13617.881999999998,319.0001961076958,-917079.6856435218
39500.0,13860.882,322.000250728847,-937740.1060824188
38000.0,15027.282,315.0002347421686,-966343.9974362318
38500.0,13212.882000000001,317.000241847359,-966341.4572510002
39000.0,13860.882000000001,317.0002747088646,-966380.829753053
38500.0,13631.381999999998,319.0001961817082,-917079.6856435218
40000.0,13874.382,322.0002508028594,-937740.1060824188
38500.0,15040.782,315.000234816181,-966343.9974362318
39000.0,13226.382000000001,317.0002419213714,-966341.4572510002
39500.0,13874.382000000001,317.000274782877,-966380.829753053
39500.0,17355.582,275.0002986148698,-963474.6259668675
38500.0,13617.881999999998,339.0001961076958,-919552.4356435218
40000.0,13860.882,342.000250728847,-940212.8560824188
38500.0,15027.282,335.0002347421686,-968816.7474362318
39000.0,13212.882000000001,337.000241847359,-968814.2072510002
39500.0,13860.882000000001,337.0002747088646,-968853.579753053
39500.0,17342.082,295.0002985408574,-965947.3759668675
40000.0,17355.582,295.0002986148698,-965947.3759668675
39000.0,13631.381999999998,339.0001961817082,-919552.4356435218
40500.0,13874.382,342.0002508028594,-940212.8560824188
39000.0,15040.782,335.000234816181,-968816.7474362318
39500.0,13226.382000000001,337.0002419213714,-968814.2072510002
40000.0,13874.382000000001,337.000274782877,-968853.579753053
40000.0,17355.582,295.0002986148698,-965947.3759668675
40500.0,17369.082,295.0002986888822,-965947.3759668675
40500.0,17355.582,315.0002986148698,-968420.1259668675
39500.0,10197.918,366.0001490150859,-891345.1657590731
38000.0,11364.318,359.0001330284075,-919949.0571128861
39500.0,11607.318,362.0001876495587,-940609.4775517831
38500.0,9549.917999999998,361.00014013359794,-919946.5169276545
40000.0,9792.918,364.0001947547491,-940606.9373665515
38500.0,10959.318,357.0001787680707,-969210.8287203645
39000.0,10197.917999999998,361.0001729951035,-919985.8894297073
40500.0,10440.918,364.00022761625473,-940646.3098686043
39000.0,11607.318,357.0002116295763,-969250.2012224173
39500.0,9792.918,359.0002187347667,-969247.6610371857
39000.0,13679.117999999999,319.0001968270963,-917079.6856435218
40500.0,13922.118,322.0002514482475,-937740.1060824188
39000.0,15088.518,315.0002354615691,-966343.9974362318
39500.0,13274.117999999999,317.00024256675954,-966341.4572510002
40000.0,13922.117999999999,317.0002754282651,-966380.829753053
39500.0,13692.617999999999,319.0001969011087,-917079.6856435218
41000.0,13935.618,322.00025152225993,-937740.1060824188
39500.0,15102.018,315.0002355355815,-966343.9974362318
40000.0,13287.617999999999,317.0002426407719,-966341.4572510002
40500.0,13935.617999999999,317.00027550227753,-966380.829753053
40500.0,17416.818,275.0002993342703,-963474.6259668675
39500.0,13679.117999999999,339.0001968270963,-919552.4356435218
41000.0,13922.118,342.0002514482475,-940212.8560824188
39500.0,15088.518,335.0002354615691,-968816.7474362318
40000.0,13274.117999999999,337.00024256675954,-968814.2072510002
40500.0,13922.117999999999,337.0002754282651,-968853.579753053
40500.0,17403.318,295.0002992602579,-965947.3759668675
41000.0,17416.818,295.0002993342703,-965947.3759668675
40000.0,13692.617999999999,339.0001969011087,-919552.4356435218
41500.0,13935.618,342.00025152225993,-940212.8560824188
40000.0,15102.018,335.0002355355815,-968816.7474362318
40500.0,13287.617999999999,337.0002426407719,-968814.2072510002
41000.0,13935.617999999999,337.00027550227753,-968853.579753053
41000.0,17416.818,295.0002993342703,-965947.3759668675
41500.0,17430.318,295.00029940828273,-965947.3759668675
41500.0,17416.818,315.0002993342703,-968420.1259668675
25000.0,13557.149999999998,269.000194097519,-548272.7421400942
26500.0,13800.15,272.0002487186702,-568933.162578991
25000.0,14966.55,265.0002327319918,-597537.0539328041
25500.0,13152.150000000001,267.0002398371822,-597534.5137475724
26000.0,13800.150000000001,267.0002726986878,-597573.8862496254
26000.0,17281.35,225.0002965306806,-594667.6824634399
26500.0,17294.85,225.000296604693,-594667.6824634399
26500.0,17281.35,245.0002965306806,-597140.4324634399
27000.0,17294.85,245.000296604693,-597140.4324634399
53500.0,7970.099999999999,456.0000875349589,-891270.7872284374
54000.0,6155.699999999999,458.0000946401493,-891268.2470432058
52500.0,7322.099999999999,451.0000786534709,-919872.1383970188
54000.0,7565.1,454.0001332746221,-940532.5588359158
54500.0,6803.699999999999,458.0001275016549,-891307.6195452586
53000.0,7970.099999999999,451.0001115149765,-919911.5108990716
54500.0,8213.1,454.0001661361277,-940571.9313379686
53500.0,6155.7,453.0001186201669,-919908.97071384
55000.0,6398.700000000001,456.0001732413181,-940569.391152737
53500.0,7565.1,449.0001572546397,-969173.28250655
54500.0,10284.9,416.0001513336477,-888401.4157590731
53000.0,11451.3,409.0001353469693,-917005.3071128861
54500.0,11694.3,412.0001899681205,-937665.7275517831
53500.0,9636.899999999998,411.0001424521597,-917002.7669276545
55000.0,9879.9,414.0001970733109,-937663.1873665515
53500.0,11046.3,407.0001810866325,-966267.0787203645
54000.0,10284.899999999998,411.0001753136653,-917042.1394297073
55500.0,10527.9,414.0002299348165,-937702.5598686043
54000.0,11694.3,407.0002139481381,-966306.4512224173
54500.0,9879.9,409.0002210533285,-966303.9110371857
55000.0,10298.4,416.0001514076601,-888401.4157590731
53500.0,11464.8,409.0001354209817,-917005.3071128861
55000.0,11707.8,412.0001900421329,-937665.7275517831
54000.0,9650.399999999998,411.0001425261721,-917002.7669276545
55500.0,9893.4,414.0001971473233,-937663.1873665515
54000.0,11059.8,407.0001811606449,-966267.0787203645
54500.0,10298.399999999998,411.0001753876777,-917042.1394297073
56000.0,10541.4,414.0002300088289,-937702.5598686043
54500.0,11707.8,407.0002140221505,-966306.4512224173
55000.0,9893.4,409.0002211273409,-966303.9110371857
54500.0,13779.599999999999,369.0001992196705,-914135.9356435218
56000.0,14022.6,372.0002538408217,-934796.3560824188
54500.0,15189.0,365.0002378541433,-963400.2474362318
55000.0,13374.599999999999,367.0002449593337,-963397.7072510002
55500.0,14022.599999999999,367.0002778208393,-963437.079753053
55000.0,10284.9,436.0001513336477,-890874.1657590731
53500.0,11451.3,429.0001353469693,-919478.0571128861
55000.0,11694.3,432.0001899681205,-940138.4775517831
54000.0,9636.899999999998,431.0001424521597,-919475.5169276545
55500.0,9879.9,434.0001970733109,-940135.9373665515
54000.0,11046.3,427.0001810866325,-968739.8287203645
54500.0,10284.899999999998,431.0001753136653,-919514.8894297073
56000.0,10527.9,434.0002299348165,-940175.3098686043
54500.0,11694.3,427.0002139481381,-968779.2012224173
55000.0,9879.9,429.0002210533285,-968776.6610371857
54500.0,13766.099999999999,389.0001991456581,-916608.6856435218
56000.0,14009.1,392.0002537668093,-937269.1060824188
54500.0,15175.5,385.0002377801309,-965872.9974362318
55000.0,13361.099999999999,387.0002448853213,-965870.4572510002
55500.0,14009.099999999999,387.0002777468269,-965909.829753053
55000.0,13779.599999999999,389.0001992196705,-916608.6856435218
56500.0,14022.6,392.0002538408217,-937269.1060824188
55000.0,15189.0,385.0002378541433,-965872.9974362318
55500.0,13374.599999999999,387.0002449593337,-965870.4572510002
56000.0,14022.599999999999,387.0002778208393,-965909.829753053
56000.0,17503.8,345.0003016528321,-963003.6259668675
55500.0,10298.4,436.0001514076601,-890874.1657590731
54000.0,11464.8,429.0001354209817,-919478.0571128861
55500.0,11707.8,432.0001900421329,-940138.4775517831
54500.0,9650.399999999998,431.0001425261721,-919475.5169276545
56000.0,9893.4,434.0001971473233,-940135.9373665515
54500.0,11059.8,427.0001811606449,-968739.8287203645
55000.0,10298.399999999998,431.0001753876777,-919514.8894297073
56500.0,10541.4,434.0002300088289,-940175.3098686043
55000.0,11707.8,427.0002140221505,-968779.2012224173
55500.0,9893.4,429.0002211273409,-968776.6610371857
55000.0,13779.599999999999,389.0001992196705,-916608.6856435218
56500.0,14022.6,392.0002538408217,-937269.1060824188
55000.0,15189.0,385.0002378541433,-965872.9974362318
55500.0,13374.599999999999,387.0002449593337,-965870.4572510002
56000.0,14022.599999999999,387.0002778208393,-965909.829753053
55500.0,13793.099999999999,389.0001992936829,-916608.6856435218
57000.0,14036.1,392.0002539148341,-937269.1060824188
55500.0,15202.5,385.0002379281557,-965872.9974362318
56000.0,13388.099999999999,387.0002450333461,-965870.4572510002
56500.0,14036.099999999999,387.0002778948517,-965909.829753053
56500.0,17517.3,345.0003017268445,-963003.6259668675
55500.0,13779.599999999999,409.0001992196705,-919081.4356435218
57000.0,14022.6,412.0002538408217,-939741.8560824188
55500.0,15189.0,405.0002378541433,-968345.7474362318
56000.0,13374.599999999999,407.0002449593337,-968343.2072510002
56500.0,14022.599999999999,407.0002778208393,-968382.579753053
56500.0,17503.8,365.0003016528321,-965476.3759668675
57000.0,17517.3,365.0003017268445,-965476.3759668675
40500.0,10162.931999999999,366.0001486040704,-891345.1657590731
39000.0,11329.331999999999,359.000132617392,-919949.0571128861
40500.0,11572.332,362.00018723854316,-940609.4775517831
39500.0,9514.932,361.0001397225824,-919946.5169276545
41000.0,9757.932,364.0001943437336,-940606.9373665515
39500.0,10924.332,357.0001783570552,-969210.8287203645
40000.0,10162.932,361.000172584088,-919985.8894297073
41500.0,10405.932,364.0002272052392,-940646.3098686043
40000.0,11572.332,357.00021121856076,-969250.2012224173
40500.0,9757.932,359.0002183237512,-969247.6610371857
40000.0,13644.131999999998,319.00019641608077,-917079.6856435218
41500.0,13887.132,322.000251037232,-937740.1060824188
40000.0,15053.532,315.00023505055356,-966343.9974362318
40500.0,13239.132000000001,317.000242155744,-966341.4572510002
41000.0,13887.132000000001,317.0002750172496,-966380.829753053
40500.0,13657.631999999998,319.0001964900932,-917079.6856435218
42000.0,13900.632,322.0002511112444,-937740.1060824188
40500.0,15067.032,315.00023512456596,-966343.9974362318
41000.0,13252.632000000001,317.0002422297564,-966341.4572510002
41500.0,13900.632000000001,317.000275091262,-966380.829753053
41500.0,17381.832,275.0002989232548,-963474.6259668675
40500.0,13644.131999999998,339.00019641608077,-919552.4356435218
42000.0,13887.132,342.000251037232,-940212.8560824188
40500.0,15053.532,335.00023505055356,-968816.7474362318
41000.0,13239.132000000001,337.000242155744,-968814.2072510002
41500.0,13887.132000000001,337.0002750172496,-968853.579753053
41500.0,17368.332,295.00029884924237,-965947.3759668675
42000.0,17381.832,295.0002989232548,-965947.3759668675
41000.0,13657.631999999998,339.0001964900932,-919552.4356435218
42500.0,13900.632,342.0002511112444,-940212.8560824188
41000.0,15067.032,335.00023512456596,-968816.7474362318
41500.0,13252.632000000001,337.0002422297564,-968814.2072510002
42000.0,13900.632000000001,337.000275091262,-968853.579753053
42000.0,17381.832,295.0002989232548,-965947.3759668675
42500.0,17395.332,295.0002989972672,-965947.3759668675
42500.0,17381.832,315.0002989232548,-968420.1259668675
41500.0,10224.168,366.0001493234709,-891345.1657590731
40000.0,11390.568,359.0001333367925,-919949.0571128861
41500.0,11633.568,362.0001879579437,-940609.4775517831
40500.0,9576.167999999998,361.0001404419829,-919946.5169276545
42000.0,9819.168,364.00019506313413,-940606.9373665515
40500.0,10985.568,357.0001790764557,-969210.8287203645
41000.0,10224.167999999998,361.0001733034885,-919985.8894297073
42500.0,10467.168,364.0002279246397,-940646.3098686043
41000.0,11633.568,357.0002119379613,-969250.2012224173
41500.0,9819.168,359.00021904315173,-969247.6610371857
41000.0,13705.367999999999,319.0001971354813,-917079.6856435218
42500.0,13948.368,322.0002517566325,-937740.1060824188
41000.0,15114.768,315.0002357699541,-966343.9974362318
41500.0,13300.367999999999,317.0002428751445,-966341.4572510002
42000.0,13948.367999999999,317.0002757366501,-966380.829753053
41500.0,13718.867999999999,319.0001972094937,-917079.6856435218
43000.0,13961.868,322.0002518306449,-937740.1060824188
41500.0,15128.268,315.0002358439665,-966343.9974362318
42000.0,13313.867999999999,317.0002429491569,-966341.4572510002
42500.0,13961.867999999999,317.0002758106625,-966380.829753053
42500.0,17443.068,275.0002996426553,-963474.6259668675
41500.0,13705.367999999999,339.0001971354813,-919552.4356435218
43000.0,13948.368,342.0002517566325,-940212.8560824188
41500.0,15114.768,335.0002357699541,-968816.7474362318
42000.0,13300.367999999999,337.0002428751445,-968814.2072510002
42500.0,13948.367999999999,337.0002757366501,-968853.579753053
42500.0,17429.568,295.0002995686429,-965947.3759668675
43000.0,17443.068,295.0002996426553,-965947.3759668675
42000.0,13718.867999999999,339.0001972094937,-919552.4356435218
43500.0,13961.868,342.0002518306449,-940212.8560824188
42000.0,15128.268,335.0002358439665,-968816.7474362318
42500.0,13313.867999999999,337.0002429491569,-968814.2072510002
43000.0,13961.867999999999,337.0002758106625,-968853.579753053
43000.0,17443.068,295.0002996426553,-965947.3759668675
43500.0,17456.568,295.0002997166677,-965947.3759668675
43500.0,17443.068,315.0002996426553,-968420.1259668675
27000.0,13583.399999999998,269.000194405904,-548272.7421400942
28500.0,13826.4,272.0002490270552,-568933.162578991
27000.0,14992.8,265.0002330403768,-597537.0539328041
27500.0,13178.400000000001,267.0002401455672,-597534.5137475724
28000.0,13826.400000000001,267.0002730070728,-597573.8862496254
28000.0,17307.6,225.0002968390656,-594667.6824634399
28500.0,17321.1,225.000296913078,-594667.6824634399
28500.0,17307.6,245.0002968390656,-597140.4324634399
29000.0,17321.1,245.000296913078,-597140.4324634399
44500.0,10242.9,386.0001502481325,-891345.1657590731
43000.0,11409.3,379.0001342614541,-919949.0571128861
44500.0,11652.3,382.0001888826053,-940609.4775517831
43500.0,9594.899999999998,381.00014136664447,-919946.5169276545
45000.0,9837.9,384.0001959877957,-940606.9373665515
43500.0,11004.3,377.0001800011173,-969210.8287203645
44000.0,10242.899999999998,381.0001742281501,-919985.8894297073
45500.0,10485.9,384.0002288493013,-940646.3098686043
44000.0,11652.3,377.0002128626229,-969250.2012224173
44500.0,9837.9,379.0002199678133,-969247.6610371857
44000.0,13724.099999999999,339.0001980601429,-917079.6856435218
45500.0,13967.1,342.0002526812941,-937740.1060824188
44000.0,15133.5,335.0002366946157,-966343.9974362318
44500.0,13319.099999999999,337.00024379980607,-966341.4572510002
45000.0,13967.099999999999,337.0002766613117,-966380.829753053
44500.0,13737.599999999999,339.0001981341553,-917079.6856435218
46000.0,13980.6,342.0002527553065,-937740.1060824188
44500.0,15147.0,335.0002367686281,-966343.9974362318
45000.0,13332.599999999999,337.0002438738185,-966341.4572510002
45500.0,13980.599999999999,337.0002767353241,-966380.829753053
45500.0,17461.8,295.0003005673169,-963474.6259668675
44500.0,13724.099999999999,359.0001980601429,-919552.4356435218
46000.0,13967.1,362.0002526812941,-940212.8560824188
44500.0,15133.5,355.0002366946157,-968816.7474362318
45000.0,13319.099999999999,357.00024379980607,-968814.2072510002
45500.0,13967.099999999999,357.0002766613117,-968853.579753053
45500.0,17448.3,315.0003004933045,-965947.3759668675
46000.0,17461.8,315.0003005673169,-965947.3759668675
45000.0,13737.599999999999,359.0001981341553,-919552.4356435218
46500.0,13980.6,362.0002527553065,-940212.8560824188
45000.0,15147.0,355.0002367686281,-968816.7474362318
45500.0,13332.599999999999,357.0002438738185,-968814.2072510002
46000.0,13980.599999999999,357.0002767353241,-968853.579753053
46000.0,17461.8,315.0003005673169,-965947.3759668675
46500.0,17475.3,315.0003006413293,-965947.3759668675
46500.0,17461.8,335.0003005673169,-968420.1259668675
30000.0,13602.131999999998,289.0001953305656,-920023.4356435218
31500.0,13845.132,292.0002499517168,-940683.8560824188
30000.0,15011.532,285.0002339650384,-969287.7474362318
30500.0,13197.132000000001,287.0002410702288,-969285.2072510002
31000.0,13845.132000000001,287.0002739317344,-969324.579753053
31000.0,17326.332,245.0002977637272,-966418.3759668675
31500.0,17339.832,245.0002978377396,-966418.3759668675
31500.0,17326.332,265.0002977637272,-968891.1259668675
32000.0,17339.832,265.0002978377396,-968891.1259668675
31000.0,13663.367999999999,289.0001960499661,-920023.4356435218
32500.0,13906.368,292.0002506711173,-940683.8560824188
31000.0,15072.768,285.0002346844389,-969287.7474362318
31500.0,13258.367999999999,287.0002417896293,-969285.2072510002
32000.0,13906.367999999999,287.00027465113493,-969324.579753053
32000.0,17387.568,245.00029848312772,-966418.3759668675
32500.0,17401.068,245.0002985571401,-966418.3759668675
32500.0,17387.568,265.0002984831277,-968891.1259668675
33000.0,17401.068,265.0002985571401,-968891.1259668675
18000.0,17265.6,195.0002957535504,-85506.30366811197
63500.0,8003.849999999999,536.000088460114,-891270.7872284374
64000.0,6189.449999999999,538.0000955653043,-891268.2470432058
62500.0,7355.849999999999,531.0000795786259,-919872.1383970188
64000.0,7598.85,534.0001341997771,-940532.5588359158
64500.0,6837.449999999999,538.0001284268099,-891307.6195452586
63000.0,8003.849999999999,531.0001124401315,-919911.5108990716
64500.0,8246.85,534.0001670612827,-940571.9313379686
63500.0,6189.45,533.0001195453219,-919908.97071384
65000.0,6432.450000000001,536.0001741664731,-940569.391152737
63500.0,7598.85,529.0001581797947,-969173.28250655
64500.0,10318.65,496.0001522588027,-888401.4157590731
63000.0,11485.05,489.0001362721243,-917005.3071128861
64500.0,11728.05,492.0001908932755,-937665.7275517831
63500.0,9670.649999999998,491.0001433773147,-917002.7669276545
65000.0,9913.65,494.0001979984659,-937663.1873665515
63500.0,11080.05,487.0001820117875,-966267.0787203645
64000.0,10318.649999999998,491.0001762388203,-917042.1394297073
65500.0,10561.65,494.0002308599715,-937702.5598686043
64000.0,11728.05,487.0002148732931,-966306.4512224173
64500.0,9913.65,489.0002219784835,-966303.9110371857
65000.0,10332.15,496.0001523328151,-888401.4157590731
63500.0,11498.55,489.0001363461367,-917005.3071128861
65000.0,11741.55,492.0001909672879,-937665.7275517831
64000.0,9684.149999999998,491.0001434513271,-917002.7669276545
65500.0,9927.15,494.00019807247827,-937663.1873665515
64000.0,11093.55,487.0001820857999,-966267.0787203645
64500.0,10332.149999999998,491.0001763128327,-917042.1394297073
66000.0,10575.15,494.0002309339839,-937702.5598686043
64500.0,11741.55,487.0002149473055,-966306.4512224173
65000.0,9927.15,489.0002220524959,-966303.9110371857
64500.0,13813.349999999999,449.0002001448255,-914135.9356435218
66000.0,14056.35,452.0002547659767,-934796.3560824188
64500.0,15222.75,445.0002387792983,-963400.2474362318
65000.0,13408.349999999999,447.0002458844887,-963397.7072510002
65500.0,14056.349999999999,447.0002787459943,-963437.079753053
65000.0,10318.65,516.0001522588027,-890874.1657590731
63500.0,11485.05,509.0001362721243,-919478.0571128861
65000.0,11728.05,512.0001908932755,-940138.4775517831
64000.0,9670.649999999998,511.0001433773147,-919475.5169276545
65500.0,9913.65,514.0001979984659,-940135.9373665515
64000.0,11080.05,507.0001820117875,-968739.8287203645
64500.0,10318.649999999998,511.0001762388203,-919514.8894297073
66000.0,10561.65,514.0002308599715,-940175.3098686043
64500.0,11728.05,507.0002148732931,-968779.2012224173
65000.0,9913.65,509.0002219784835,-968776.6610371857
64500.0,13799.849999999999,469.0002000708131,-916608.6856435218
66000.0,14042.85,472.0002546919643,-937269.1060824188
64500.0,15209.25,465.0002387052859,-965872.9974362318
65000.0,13394.849999999999,467.0002458104763,-965870.4572510002
65500.0,14042.849999999999,467.0002786719819,-965909.829753053
65000.0,13813.349999999999,469.0002001448255,-916608.6856435218
66500.0,14056.35,472.0002547659767,-937269.1060824188
65000.0,15222.75,465.0002387792983,-965872.9974362318
65500.0,13408.349999999999,467.0002458844887,-965870.4572510002
66000.0,14056.349999999999,467.0002787459943,-965909.829753053
66000.0,17537.55,425.0003025779871,-963003.6259668675
65500.0,10332.15,516.0001523328151,-890874.1657590731
64000.0,11498.55,509.0001363461367,-919478.0571128861
65500.0,11741.55,512.000190967288,-940138.4775517831
64500.0,9684.149999999998,511.0001434513271,-919475.5169276545
66000.0,9927.15,514.0001980724783,-940135.9373665515
64500.0,11093.55,507.0001820857999,-968739.8287203645
65000.0,10332.149999999998,511.0001763128327,-919514.8894297073
66500.0,10575.15,514.0002309339839,-940175.3098686043
65000.0,11741.55,507.0002149473055,-968779.2012224173
65500.0,9927.15,509.0002220524959,-968776.6610371857
65000.0,13813.349999999999,469.0002001448255,-916608.6856435218
66500.0,14056.35,472.0002547659767,-937269.1060824188
65000.0,15222.75,465.0002387792983,-965872.9974362318
65500.0,13408.349999999999,467.0002458844887,-965870.4572510002
66000.0,14056.349999999999,467.0002787459943,-965909.829753053
65500.0,13826.849999999999,469.0002002188379,-916608.6856435218
67000.0,14069.85,472.0002548399891,-937269.1060824188
65500.0,15236.25,465.0002388533107,-965872.9974362318
66000.0,13421.849999999999,467.00024595850107,-965870.4572510002
66500.0,14069.849999999999,467.0002788200067,-965909.829753053
66500.0,17551.05,425.0003026519995,-963003.6259668675
65500.0,13813.349999999999,489.0002001448255,-919081.4356435218
67000.0,14056.35,492.0002547659767,-939741.8560824188
65500.0,15222.75,485.0002387792983,-968345.7474362318
66000.0,13408.349999999999,487.0002458844887,-968343.2072510002
66500.0,14056.349999999999,487.0002787459943,-968382.579753053
66500.0,17537.55,445.0003025779871,-965476.3759668675
67000.0,17551.05,445.0003026519995,-965476.3759668675
50500.0,10196.681999999999,446.0001495292254,-891345.1657590731
49000.0,11363.081999999999,439.00013354254696,-919949.0571128861
50500.0,11606.082,442.00018816369817,-940609.4775517831
49500.0,9548.682,441.0001406477374,-919946.5169276545
51000.0,9791.682,444.0001952688886,-940606.9373665515
49500.0,10958.082,437.0001792822102,-969210.8287203645
50000.0,10196.682,441.000173509243,-919985.8894297073
51500.0,10439.682,444.0002281303942,-940646.3098686043
50000.0,11606.082,437.00021214371577,-969250.2012224173
50500.0,9791.682,439.0002192489062,-969247.6610371857
50000.0,13677.881999999998,399.0001973412358,-917079.6856435218
51500.0,13920.882,402.000251962387,-937740.1060824188
50000.0,15087.282,395.00023597570856,-966343.9974362318
50500.0,13272.882000000001,397.000243080899,-966341.4572510002
51000.0,13920.882000000001,397.0002759424046,-966380.829753053
50500.0,13691.381999999998,399.0001974152482,-917079.6856435218
52000.0,13934.382,402.0002520363994,-937740.1060824188
50500.0,15100.782,395.00023604972097,-966343.9974362318
51000.0,13286.382000000001,397.0002431549114,-966341.4572510002
51500.0,13934.382000000001,397.000276016417,-966380.829753053
51500.0,17415.582,355.0002998484098,-963474.6259668675
50500.0,13677.881999999998,419.0001973412358,-919552.4356435218
52000.0,13920.882,422.000251962387,-940212.8560824188
50500.0,15087.282,415.00023597570856,-968816.7474362318
51000.0,13272.882000000001,417.000243080899,-968814.2072510002
51500.0,13920.882000000001,417.0002759424046,-968853.579753053
51500.0,17402.082,375.0002997743974,-965947.3759668675
52000.0,17415.582,375.0002998484098,-965947.3759668675
51000.0,13691.381999999998,419.0001974152482,-919552.4356435218
52500.0,13934.382,422.0002520363994,-940212.8560824188
51000.0,15100.782,415.00023604972097,-968816.7474362318
51500.0,13286.382000000001,417.0002431549114,-968814.2072510002
52000.0,13934.382000000001,417.000276016417,-968853.579753053
52000.0,17415.582,375.0002998484098,-965947.3759668675
52500.0,17429.082,375.0002999224222,-965947.3759668675
52500.0,17415.582,395.0002998484098,-968420.1259668675
51500.0,10257.918,446.0001502486259,-891345.1657590731
50000.0,11424.318,439.0001342619475,-919949.0571128861
51500.0,11667.318,442.0001888830987,-940609.4775517831
50500.0,9609.917999999998,441.0001413671379,-919946.5169276545
52000.0,9852.918,444.00019598828914,-940606.9373665515
50500.0,11019.318,437.0001800016107,-969210.8287203645
51000.0,10257.917999999998,441.0001742286435,-919985.8894297073
52500.0,10500.918,444.0002288497947,-940646.3098686043
51000.0,11667.318,437.0002128631163,-969250.2012224173
51500.0,9852.918,439.00021996830674,-969247.6610371857
51000.0,13739.117999999999,399.0001980606363,-917079.6856435218
52500.0,13982.118,402.0002526817875,-937740.1060824188
51000.0,15148.518,395.0002366951091,-966343.9974362318
51500.0,13334.117999999999,397.00024380029953,-966341.4572510002
52000.0,13982.117999999999,397.0002766618051,-966380.829753053
51500.0,13752.617999999999,399.0001981346487,-917079.6856435218
53000.0,13995.618,402.0002527557999,-937740.1060824188
51500.0,15162.018,395.0002367691215,-966343.9974362318
52000.0,13347.617999999999,397.00024387431193,-966341.4572510002
52500.0,13995.617999999999,397.0002767358175,-966380.829753053
52500.0,17476.818,355.0003005678103,-963474.6259668675
51500.0,13739.117999999999,419.0001980606363,-919552.4356435218
53000.0,13982.118,422.0002526817875,-940212.8560824188
51500.0,15148.518,415.0002366951091,-968816.7474362318
52000.0,13334.117999999999,417.00024380029953,-968814.2072510002
52500.0,13982.117999999999,417.0002766618051,-968853.579753053
52500.0,17463.318,375.0003004937979,-965947.3759668675
53000.0,17476.818,375.0003005678103,-965947.3759668675
52000.0,13752.617999999999,419.0001981346487,-919552.4356435218
53500.0,13995.618,422.0002527557999,-940212.8560824188
52000.0,15162.018,415.0002367691215,-968816.7474362318
52500.0,13347.617999999999,417.00024387431193,-968814.2072510002
53000.0,13995.617999999999,417.0002767358175,-968853.579753053
53000.0,17476.818,375.0003005678103,-965947.3759668675
53500.0,17490.318,375.0003006418227,-965947.3759668675
53500.0,17476.818,395.0003005678103,-968420.1259668675
37000.0,13617.149999999998,349.000195331059,-548272.7421400942
38500.0,13860.15,352.0002499522102,-568933.162578991
37000.0,15026.55,345.0002339655318,-597537.0539328041
37500.0,13212.150000000001,347.0002410707222,-597534.5137475724
38000.0,13860.150000000001,347.0002739322278,-597573.8862496254
38000.0,17341.35,305.0002977642206,-594667.6824634399
38500.0,17354.85,305.000297838233,-594667.6824634399
38500.0,17341.35,325.0002977642206,-597140.4324634399
39000.0,17354.85,325.000297838233,-597140.4324634399
54500.0,10276.65,466.0001511732875,-891345.1657590731
53000.0,11443.05,459.0001351866091,-919949.0571128861
54500.0,11686.05,462.0001898077603,-940609.4775517831
53500.0,9628.649999999998,461.0001422917995,-919946.5169276545
55000.0,9871.65,464.0001969129507,-940606.9373665515
53500.0,11038.05,457.0001809262723,-969210.8287203645
54000.0,10276.649999999998,461.0001751533051,-919985.8894297073
55500.0,10519.65,464.0002297744563,-940646.3098686043
54000.0,11686.05,457.0002137877779,-969250.2012224173
54500.0,9871.65,459.0002208929683,-969247.6610371857
54000.0,13757.849999999999,419.0001989852979,-917079.6856435218
55500.0,14000.85,422.0002536064491,-937740.1060824188
54000.0,15167.25,415.0002376197707,-966343.9974362318
54500.0,13352.849999999999,417.0002447249611,-966341.4572510002
55000.0,14000.849999999999,417.0002775864667,-966380.829753053
54500.0,13771.349999999999,419.0001990593103,-917079.6856435218
56000.0,14014.35,422.00025368046147,-937740.1060824188
54500.0,15180.75,415.0002376937831,-966343.9974362318
55000.0,13366.349999999999,417.0002447989735,-966341.4572510002
55500.0,14014.349999999999,417.00027766047907,-966380.829753053
55500.0,17495.55,375.0003014924719,-963474.6259668675
54500.0,13757.849999999999,439.0001989852979,-919552.4356435218
56000.0,14000.85,442.0002536064491,-940212.8560824188
54500.0,15167.25,435.0002376197707,-968816.7474362318
55000.0,13352.849999999999,437.0002447249611,-968814.2072510002
55500.0,14000.849999999999,437.0002775864667,-968853.579753053
55500.0,17482.05,395.0003014184595,-965947.3759668675
56000.0,17495.55,395.0003014924719,-965947.3759668675
55000.0,13771.349999999999,439.0001990593103,-919552.4356435218
56500.0,14014.35,442.00025368046147,-940212.8560824188
55000.0,15180.75,435.0002376937831,-968816.7474362318
55500.0,13366.349999999999,437.0002447989735,-968814.2072510002
56000.0,14014.349999999999,437.00027766047907,-968853.579753053
56000.0,17495.55,395.0003014924719,-965947.3759668675
56500.0,17509.05,395.00030156648427,-965947.3759668675
56500.0,17495.55,415.0003014924719,-968420.1259668675
40000.0,13635.881999999998,369.0001962557206,-920023.4356435218
41500.0,13878.882,372.0002508768718,-940683.8560824188
40000.0,15045.282,365.0002348901934,-969287.7474362318
40500.0,13230.882000000001,367.00024199538376,-969285.2072510002
41000.0,13878.882000000001,367.0002748568894,-969324.579753053
41000.0,17360.082,325.0002986888822,-966418.3759668675
41500.0,17373.582,325.0002987628946,-966418.3759668675
41500.0,17360.082,345.0002986888822,-968891.1259668675
42000.0,17373.582,345.0002987628946,-968891.1259668675
41000.0,13697.117999999999,369.0001969751211,-920023.4356435218
42500.0,13940.118,372.00025159627234,-940683.8560824188
41000.0,15106.518,365.0002356095939,-969287.7474362318
41500.0,13292.117999999999,367.0002427147843,-969285.2072510002
42000.0,13940.117999999999,367.00027557628994,-969324.579753053
42000.0,17421.318,325.00029940828273,-966418.3759668675
42500.0,17434.818,325.00029948229513,-966418.3759668675
42500.0,17421.318,345.00029940828273,-968891.1259668675
43000.0,17434.818,345.00029948229513,-968891.1259668675
28000.0,17299.35,275.0002966787054,-597611.4324634399
56500.0,10302.9,466.0001514816725,-891345.1657590731
55000.0,11469.3,459.0001354949941,-919949.0571128861
56500.0,11712.3,462.0001901161453,-940609.4775517831
55500.0,9654.899999999998,461.0001426001845,-919946.5169276545
57000.0,9897.9,464.00019722133567,-940606.9373665515
55500.0,11064.3,457.0001812346573,-969210.8287203645
56000.0,10302.899999999998,461.0001754616901,-919985.8894297073
57500.0,10545.9,464.0002300828413,-940646.3098686043
56000.0,11712.3,457.0002140961629,-969250.2012224173
56500.0,9897.9,459.00022120135327,-969247.6610371857
56000.0,13784.099999999999,419.0001992936829,-917079.6856435218
57500.0,14027.1,422.0002539148341,-937740.1060824188
56000.0,15193.5,415.0002379281557,-966343.9974362318
56500.0,13379.099999999999,417.0002450333461,-966341.4572510002
57000.0,14027.099999999999,417.0002778948517,-966380.829753053
56500.0,13797.599999999999,419.0001993676953,-917079.6856435218
58000.0,14040.6,422.0002539888465,-937740.1060824188
56500.0,15207.0,415.0002380021681,-966343.9974362318
57000.0,13392.599999999999,417.0002451073585,-966341.4572510002
57500.0,14040.599999999999,417.0002779688641,-966380.829753053
57500.0,17521.8,375.0003018008569,-963474.6259668675
56500.0,13784.099999999999,439.0001992936829,-919552.4356435218
58000.0,14027.1,442.0002539148341,-940212.8560824188
56500.0,15193.5,435.0002379281557,-968816.7474362318
57000.0,13379.099999999999,437.0002450333461,-968814.2072510002
57500.0,14027.099999999999,437.0002778948517,-968853.579753053
57500.0,17508.3,395.0003017268445,-965947.3759668675
58000.0,17521.8,395.0003018008569,-965947.3759668675
57000.0,13797.599999999999,439.0001993676953,-919552.4356435218
58500.0,14040.6,442.0002539888465,-940212.8560824188
57000.0,15207.0,435.0002380021681,-968816.7474362318
57500.0,13392.599999999999,437.0002451073585,-968814.2072510002
58000.0,14040.599999999999,437.0002779688641,-968853.579753053
58000.0,17521.8,395.0003018008569,-965947.3759668675
58500.0,17535.3,395.0003018748693,-965947.3759668675
58500.0,17521.8,415.0003018008569,-968420.1259668675
42000.0,13662.131999999998,369.0001965641056,-920023.4356435218
43500.0,13905.132,372.0002511852568,-940683.8560824188
42000.0,15071.532,365.00023519857837,-969287.7474362318
42500.0,13257.132000000001,367.0002423037688,-969285.2072510002
43000.0,13905.132000000001,367.0002751652744,-969324.579753053
43000.0,17386.332,325.0002989972672,-966418.3759668675
43500.0,17399.832,325.0002990712796,-966418.3759668675
43500.0,17386.332,345.0002989972672,-968891.1259668675
44000.0,17399.832,345.0002990712796,-968891.1259668675
43000.0,13723.367999999999,369.0001972835061,-920023.4356435218
44500.0,13966.368,372.0002519046573,-940683.8560824188
43000.0,15132.768,365.0002359179789,-969287.7474362318
43500.0,13318.367999999999,367.00024302316933,-969285.2072510002
44000.0,13966.367999999999,367.0002758846749,-969324.579753053
44000.0,17447.568,325.0002997166677,-966418.3759668675
44500.0,17461.068,325.0002997906801,-966418.3759668675
44500.0,17447.568,345.0002997166677,-968891.1259668675
45000.0,17461.068,345.0002997906801,-968891.1259668675
30000.0,17325.6,275.0002969870904,-597611.4324634399
46000.0,13742.099999999999,389.0001982081677,-920023.4356435218
47500.0,13985.1,392.0002528293189,-940683.8560824188
46000.0,15151.5,385.0002368426405,-969287.7474362318
46500.0,13337.099999999999,387.0002439478309,-969285.2072510002
47000.0,13985.099999999999,387.00027680933647,-969324.579753053
47000.0,17466.3,345.0003006413293,-966418.3759668675
47500.0,17479.8,345.0003007153417,-966418.3759668675
47500.0,17466.3,365.0003006413293,-968891.1259668675
48000.0,17479.8,365.0003007153417,-968891.1259668675
33000.0,17344.332,295.000297911752,-969362.1259668675
34000.0,17405.568,295.00029863115253,-969362.1259668675
66500.0,10336.65,546.0001524068275,-891345.1657590731
65000.0,11503.05,539.0001364201491,-919949.0571128861
66500.0,11746.05,542.0001910413002,-940609.4775517831
65500.0,9688.649999999998,541.0001435253395,-919946.5169276545
67000.0,9931.65,544.0001981464907,-940606.9373665515
65500.0,11098.05,537.0001821598123,-969210.8287203645
66000.0,10336.649999999998,541.000176386845,-919985.8894297073
67500.0,10579.65,544.0002310079963,-940646.3098686043
66000.0,11746.05,537.0002150213179,-969250.2012224173
66500.0,9931.65,539.0002221265083,-969247.6610371857
66000.0,13817.849999999999,499.0002002188379,-917079.6856435218
67500.0,14060.85,502.0002548399891,-937740.1060824188
66000.0,15227.25,495.0002388533107,-966343.9974362318
66500.0,13412.849999999999,497.00024595850107,-966341.4572510002
67000.0,14060.849999999999,497.0002788200067,-966380.829753053
66500.0,13831.349999999999,499.0002002928503,-917079.6856435218
68000.0,14074.35,502.0002549140015,-937740.1060824188
66500.0,15240.75,495.0002389273231,-966343.9974362318
67000.0,13426.349999999999,497.0002460325135,-966341.4572510002
67500.0,14074.349999999999,497.0002788940191,-966380.829753053
67500.0,17555.55,455.0003027260119,-963474.6259668675
66500.0,13817.849999999999,519.0002002188379,-919552.4356435218
68000.0,14060.85,522.0002548399891,-940212.8560824188
66500.0,15227.25,515.0002388533107,-968816.7474362318
67000.0,13412.849999999999,517.0002459585011,-968814.2072510002
67500.0,14060.849999999999,517.0002788200067,-968853.579753053
67500.0,17542.05,475.0003026519995,-965947.3759668675
68000.0,17555.55,475.0003027260119,-965947.3759668675
67000.0,13831.349999999999,519.0002002928503,-919552.4356435218
68500.0,14074.35,522.0002549140015,-940212.8560824188
67000.0,15240.75,515.000238927323,-968816.7474362318
67500.0,13426.349999999999,517.0002460325135,-968814.2072510002
68000.0,14074.349999999999,517.0002788940191,-968853.579753053
68000.0,17555.55,475.0003027260119,-965947.3759668675
68500.0,17569.05,475.0003028000243,-965947.3759668675
68500.0,17555.55,495.0003027260119,-968420.1259668675
52000.0,13695.881999999998,449.0001974892606,-920023.4356435218
53500.0,13938.882,452.0002521104118,-940683.8560824188
52000.0,15105.282,445.0002361237334,-969287.7474362318
52500.0,13290.882000000001,447.0002432289238,-969285.2072510002
53000.0,13938.882000000001,447.0002760904294,-969324.579753053
53000.0,17420.082,405.0002999224222,-966418.3759668675
53500.0,17433.582,405.0002999964346,-966418.3759668675
53500.0,17420.082,425.0002999224222,-968891.1259668675
54000.0,17433.582,425.0002999964346,-968891.1259668675
53000.0,13757.117999999999,449.0001982086611,-920023.4356435218
54500.0,14000.118,452.0002528298123,-940683.8560824188
53000.0,15166.518,445.0002368431339,-969287.7474362318
53500.0,13352.117999999999,447.00024394832434,-969285.2072510002
54000.0,14000.117999999999,447.0002768098299,-969324.579753053
54000.0,17481.318,405.0003006418227,-966418.3759668675
54500.0,17494.818,405.0003007158351,-966418.3759668675
54500.0,17481.318,425.0003006418227,-968891.1259668675
55000.0,17494.818,425.0003007158351,-968891.1259668675
40000.0,17359.35,355.0002979122454,-597611.4324634399
56000.0,13775.849999999999,469.0001991333227,-920023.4356435218
57500.0,14018.85,472.0002537544739,-940683.8560824188
56000.0,15185.25,465.0002377677955,-969287.7474362318
56500.0,13370.849999999999,467.0002448729859,-969285.2072510002
57000.0,14018.849999999999,467.0002777344915,-969324.579753053
57000.0,17500.05,425.00030156648427,-966418.3759668675
57500.0,17513.55,425.0003016404967,-966418.3759668675
57500.0,17500.05,445.00030156648427,-968891.1259668675
58000.0,17513.55,445.0003016404967,-968891.1259668675
43000.0,17378.082,375.000298836907,-969362.1259668675
44000.0,17439.318,375.00029955630754,-969362.1259668675
58000.0,13802.099999999999,469.0001994417077,-920023.4356435218
59500.0,14045.1,472.0002540628589,-940683.8560824188
58000.0,15211.5,465.0002380761805,-969287.7474362318
58500.0,13397.099999999999,467.0002451813709,-969285.2072510002
59000.0,14045.099999999999,467.0002780428765,-969324.579753053
59000.0,17526.3,425.0003018748693,-966418.3759668675
59500.0,17539.8,425.0003019488817,-966418.3759668675
59500.0,17526.3,445.0003018748693,-968891.1259668675
60000.0,17539.8,445.0003019488817,-968891.1259668675
45000.0,17404.332,375.000299145292,-969362.1259668675
46000.0,17465.568,375.0002998646925,-969362.1259668675
49000.0,17484.3,395.00030078935407,-969362.1259668675
68000.0,13835.849999999999,549.0002003668627,-920023.4356435218
69500.0,14078.85,552.0002549880139,-940683.8560824188
68000.0,15245.25,545.0002390013354,-969287.7474362318
68500.0,13430.849999999999,547.0002461065259,-969285.2072510002
69000.0,14078.849999999999,547.0002789680315,-969324.579753053
69000.0,17560.05,505.0003028000243,-966418.3759668675
69500.0,17573.55,505.0003028740367,-966418.3759668675
69500.0,17560.05,525.0003028000243,-968891.1259668675
70000.0,17573.55,525.0003028740367,-968891.1259668675
55000.0,17438.082,455.000300070447,-969362.1259668675
56000.0,17499.318,455.00030078984753,-969362.1259668675
59000.0,17518.05,475.0003017145091,-969362.1259668675
61000.0,17544.3,475.0003020228941,-969362.1259668675
71000.0,17578.05,555.0003029480491,-969362.1259668675
