10000.0,33.75,80.000000925155
12000.0,60.0,80.00000123354
15000.0,78.732,100.00000215820158
16000.0,139.96800000000002,100.00000287760211
1000.0,4.5,30.0000000740124
1500.0,18.0,30.0000001480248
1500.0,4.5,50.0000000740124
2000.0,18.0,50.0000001480248
2000.0,3499.2,8.0000239800176
2500.0,4147.2,8.0000568415232
3000.0,2332.7999999999997,10.0000639467136
1500.0,3499.2,3.0000479600352
3000.0,3742.2000000000003,6.0001025811864
22000.0,93.75,160.000002158695
25000.0,112.482,180.00000308335657
26000.0,173.71800000000002,180.0000038027571
11000.0,38.25,110.0000009991674
11500.0,51.75,110.0000010731798
11500.0,38.25,130.0000009991674
12000.0,51.75,130.0000010731798
12000.0,3532.95,88.0000249051726
12500.0,4180.95,88.0000577666782
13000.0,2366.5499999999997,90.0000648718686
11500.0,3532.95,83.0000488851902
13000.0,3775.9500000000003,86.0001035063414
27000.0,138.732,180.0000033917416
28000.0,199.96800000000002,180.00000411114212
13000.0,64.5,110.0000013075524
13500.0,78.0,110.0000013815648
13500.0,64.5,130.0000013075524
14000.0,78.0,130.0000013815648
14000.0,3559.2,88.0000252135576
14500.0,4207.2,88.0000580750632
15000.0,2392.7999999999997,90.0000651802536
13500.0,3559.2,83.0000491935752
15000.0,3802.2000000000003,86.0001038147264
31000.0,218.70000000000002,200.0000050358037
16000.0,83.232,130.00000223221397
16500.0,96.732,130.00000230622638
16500.0,83.232,150.00000223221397
17000.0,96.732,150.00000230622638
17000.0,3577.932,108.00002613821918
17500.0,4225.932,108.00005899972479
18000.0,2411.5319999999997,110.00006610491518
16500.0,3577.932,103.00005011823679
18000.0,3820.9320000000002,106.00010473938798
17000.0,144.46800000000002,130.0000029516145
17500.0,157.96800000000002,130.0000030256269
17500.0,144.46800000000002,150.0000029516145
18000.0,157.96800000000002,150.0000030256269
18000.0,3639.1679999999997,108.00002685761972
18500.0,4287.168,108.00005971912532
19000.0,2472.7679999999996,110.00006682431571
17500.0,3639.1679999999997,103.00005083763732
19000.0,3882.168,106.00010545878851
2500.0,22.5,60.0000002220372
2500.0,9.0,80.0000001480248
3000.0,22.5,80.0000002220372
3000.0,3503.7,38.00002405403
3500.0,4151.7,38.0000569155356
4000.0,2337.2999999999997,40.000064020726
2500.0,3503.7,33.0000480340476
4000.0,3746.7000000000003,36.0001026551988
3000.0,22.5,80.0000002220372
3500.0,36.0,80.0000002960496
3500.0,3517.2,38.0000241280424
4000.0,4165.2,38.000056989548
4500.0,2350.7999999999997,40.0000640947384
3000.0,3517.2,33.00004810806
4500.0,3760.2000000000003,36.0001027292112
3500.0,22.5,100.0000002220372
3500.0,3503.7,58.00002405403
4000.0,4151.7,58.0000569155356
4500.0,2337.2999999999997,60.000064020726
3000.0,3503.7,53.0000480340476
4500.0,3746.7000000000003,56.0001026551988
4000.0,3517.2,58.0000241280424
4500.0,4165.2,58.000056989548
5000.0,2350.7999999999997,60.0000640947384
3500.0,3517.2,53.00004810806
5000.0,3760.2000000000003,56.0001027292112
4500.0,7646.4,16.0000808215408
5000.0,5832.0,18.0000879267312
3500.0,6998.4,11.0000719400528
5000.0,7241.4,14.000126561204
5500.0,6480.0,18.0001207882368
4000.0,7646.4,11.0001048015584
5500.0,7889.4,14.0001594227096
4500.0,5832.0,13.0001119067488
6000.0,6075.0,16.0001665279
4500.0,7241.4,9.0001505412216
37000.0,172.482,260.0000043168966
38000.0,233.71800000000002,260.0000050362971
23000.0,98.25,190.0000022327074
23500.0,111.75,190.0000023067198
23500.0,98.25,210.0000022327074
24000.0,111.75,210.0000023067198
24000.0,3592.95,168.0000261387126
24500.0,4240.95,168.0000590002182
25000.0,2426.5499999999997,170.0000661054086
23500.0,3592.95,163.0000501187302
25000.0,3835.9500000000003,166.0001047398814
41000.0,252.45000000000002,280.0000059609587
26000.0,116.982,210.00000315736898
26500.0,130.482,210.00000323138138
26500.0,116.982,230.00000315736898
27000.0,130.482,230.00000323138138
27000.0,3611.682,188.00002706337418
27500.0,4259.682,188.0000599248798
28000.0,2445.2819999999997,190.00006703007017
26500.0,3611.682,183.00005104339178
28000.0,3854.6820000000002,186.00010566454299
27000.0,178.21800000000002,210.0000038767695
27500.0,191.71800000000002,210.00000395078192
27500.0,178.21800000000002,230.0000038767695
28000.0,191.71800000000002,230.00000395078192
28000.0,3672.9179999999997,188.0000277827747
28500.0,4320.918,188.00006064428032
29000.0,2506.5179999999996,190.0000677494707
27500.0,3672.9179999999997,183.0000517627923
29000.0,3915.918,186.00010638394352
12500.0,56.25,140.0000011471922
12500.0,42.75,160.0000010731798
13000.0,56.25,160.0000011471922
13000.0,3537.45,118.000024979185
13500.0,4185.45,118.0000578406906
14000.0,2371.0499999999997,120.000064945881
12500.0,3537.45,113.0000489592026
14000.0,3780.4500000000003,116.0001035803538
13000.0,56.25,160.0000011471922
13500.0,69.75,160.0000012212046
13500.0,3550.95,118.0000250531974
14000.0,4198.95,118.000057914703
14500.0,2384.5499999999997,120.0000650198934
13000.0,3550.95,113.000049033215
14500.0,3793.9500000000003,116.0001036543662
13500.0,56.25,180.0000011471922
13500.0,3537.45,138.000024979185
14000.0,4185.45,138.0000578406906
14500.0,2371.0499999999997,140.000064945881
13000.0,3537.45,133.0000489592026
14500.0,3780.4500000000003,136.0001035803538
14000.0,3550.95,138.0000250531974
14500.0,4198.95,138.000057914703
15000.0,2384.5499999999997,140.0000650198934
13500.0,3550.95,133.000049033215
15000.0,3793.9500000000003,136.0001036543662
14500.0,7680.15,96.0000817466958
15000.0,5865.75,98.0000888518862
13500.0,7032.15,91.0000728652078
15000.0,7275.15,94.000127486359
15500.0,6513.75,98.0001217133918
14000.0,7680.15,91.0001057267134
15500.0,7923.15,94.0001603478646
14500.0,5865.75,93.0001128319038
16000.0,6108.75,96.000167453055
14500.0,7275.15,89.0001514663766
43000.0,278.70000000000005,280.0000062693437
28000.0,143.232,210.000003465754
28500.0,156.732,210.0000035397664
28500.0,143.232,230.000003465754
29000.0,156.732,230.0000035397664
29000.0,3637.932,188.0000273717592
29500.0,4285.932,188.00006023326478
30000.0,2471.5319999999997,190.00006733845518
28500.0,3637.932,183.0000513517768
30000.0,3880.9320000000002,186.000105972928
29000.0,204.46800000000002,210.00000418515452
29500.0,217.96800000000002,210.0000042591669
29500.0,204.46800000000002,230.00000418515452
30000.0,217.96800000000002,230.0000042591669
30000.0,3699.1679999999997,188.00002809115972
30500.0,4347.168,188.0000609526653
31000.0,2532.7679999999996,190.0000680578557
29500.0,3699.1679999999997,183.00005207117732
31000.0,3942.168,186.0001066923285
14500.0,82.5,140.0000014555772
14500.0,69.0,160.0000013815648
15000.0,82.5,160.0000014555772
15000.0,3563.7,118.00002528757
15500.0,4211.7,118.0000581490756
16000.0,2397.2999999999997,120.000065254266
14500.0,3563.7,113.0000492675876
16000.0,3806.7000000000003,116.0001038887388
15000.0,82.5,160.0000014555772
15500.0,96.0,160.0000015295896
15500.0,3577.2,118.0000253615824
16000.0,4225.2,118.000058223088
16500.0,2410.7999999999997,120.0000653282784
15000.0,3577.2,113.0000493416
16500.0,3820.2000000000003,116.0001039627512
15500.0,82.5,180.0000014555772
15500.0,3563.7,138.00002528757
16000.0,4211.7,138.0000581490756
16500.0,2397.2999999999997,140.000065254266
15000.0,3563.7,133.0000492675876
16500.0,3806.7000000000003,136.0001038887388
16000.0,3577.2,138.0000253615824
16500.0,4225.2,138.000058223088
17000.0,2410.7999999999997,140.0000653282784
15500.0,3577.2,133.0000493416
17000.0,3820.2000000000003,136.0001039627512
16500.0,7706.4,96.0000820550808
17000.0,5892.0,98.0000891602712
15500.0,7058.4,91.0000731735928
17000.0,7301.4,94.000127794744
17500.0,6540.0,98.0001220217768
16000.0,7706.4,91.0001060350984
17500.0,7949.4,94.0001606562496
16500.0,5892.0,93.0001131402888
18000.0,6135.0,96.00016776144
16500.0,7301.4,89.0001517747616
32000.0,223.20000000000002,230.0000051098161
32500.0,236.70000000000002,230.0000051838285
32500.0,223.20000000000002,250.0000051098161
33000.0,236.70000000000002,250.0000051838285
33000.0,3717.8999999999996,208.0000290158213
33500.0,4365.9,208.00006187732689
34000.0,2551.4999999999995,210.0000689825173
32500.0,3717.8999999999996,203.0000529958389
34000.0,3960.9,206.0001076169901
17500.0,101.232,160.00000238023878
17500.0,87.732,180.00000230622638
18000.0,101.232,180.00000238023878
18000.0,3582.432,138.00002621223157
18500.0,4230.432,138.0000590737372
19000.0,2416.0319999999997,140.0000661789276
17500.0,3582.432,133.00005019224918
19000.0,3825.4320000000002,136.00010481340038
18000.0,101.232,180.00000238023878
18500.0,114.732,180.0000024542512
18500.0,3595.932,138.00002628624398
19000.0,4243.932,138.0000591477496
19500.0,2429.5319999999997,140.00006625293997
18000.0,3595.932,133.00005026626158
19500.0,3838.9320000000002,136.0001048874128
18500.0,101.232,200.00000238023878
18500.0,3582.432,158.00002621223157
19000.0,4230.432,158.0000590737372
19500.0,2416.0319999999997,160.0000661789276
18000.0,3582.432,153.00005019224918
19500.0,3825.4320000000002,156.00010481340038
19000.0,3595.932,158.00002628624398
19500.0,4243.932,158.0000591477496
20000.0,2429.5319999999997,160.00006625293997
18500.0,3595.932,153.00005026626158
20000.0,3838.9320000000002,156.0001048874128
19500.0,7725.132,116.00008297974239
20000.0,5910.732,118.00009008493278
18500.0,7077.132,111.00007409825439
20000.0,7320.132,114.00012871940558
20500.0,6558.732,118.00012294643838
19000.0,7725.132,111.00010695975999
20500.0,7968.132,114.00016158091118
19500.0,5910.732,113.00011406495038
21000.0,6153.732,116.00016868610159
19500.0,7320.132,109.00015269942318
18500.0,162.46800000000002,160.00000309963931
18500.0,148.96800000000002,180.0000030256269
19000.0,162.46800000000002,180.00000309963931
19000.0,3643.6679999999997,138.0000269316321
19500.0,4291.668,138.00005979313772
20000.0,2477.2679999999996,140.0000668983281
18500.0,3643.6679999999997,133.0000509116497
20000.0,3886.668,136.00010553280092
19000.0,162.46800000000002,180.00000309963931
19500.0,175.96800000000002,180.00000317365172
19500.0,3657.1679999999997,138.0000270056445
20000.0,4305.168,138.0000598671501
20500.0,2490.7679999999996,140.0000669723405
19000.0,3657.1679999999997,133.0000509856621
20500.0,3900.168,136.00010560681332
19500.0,162.46800000000002,200.00000309963931
19500.0,3643.6679999999997,158.0000269316321
20000.0,4291.668,158.00005979313772
20500.0,2477.2679999999996,160.0000668983281
19000.0,3643.6679999999997,153.0000509116497
20500.0,3886.668,156.00010553280092
20000.0,3657.1679999999997,158.0000270056445
20500.0,4305.168,158.0000598671501
21000.0,2490.7679999999996,160.0000669723405
19500.0,3657.1679999999997,153.0000509856621
21000.0,3900.168,156.00010560681332
20500.0,7786.3679999999995,116.0000836991429
21000.0,5971.967999999999,118.00009080433331
19500.0,7138.3679999999995,111.0000748176549
21000.0,7381.368,114.00012943880611
21500.0,6619.967999999999,118.00012366583891
20000.0,7786.3679999999995,111.00010767916051
21500.0,8029.368,114.00016230031171
20500.0,5971.967999999999,113.00011478435091
22000.0,6214.968,116.0001694055021
20500.0,7381.368,109.00015341882371
4000.0,27.0,110.0000002960496
4500.0,40.5,110.000000370062
4500.0,3521.7,68.0000242020548
5000.0,4169.7,68.0000570635604
5500.0,2355.2999999999997,70.0000641687508
4000.0,3521.7,63.0000481820724
5500.0,3764.7000000000003,66.0001028032236
4500.0,27.0,130.0000002960496
4500.0,3508.2,88.0000241280424
5000.0,4156.2,88.000056989548
5500.0,2341.7999999999997,90.0000640947384
4000.0,3508.2,83.00004810806
5500.0,3751.2000000000003,86.0001027292112
5000.0,3521.7,88.0000242020548
5500.0,4169.7,88.0000570635604
6000.0,2355.2999999999997,90.0000641687508
4500.0,3521.7,83.0000481820724
6000.0,3764.7000000000003,86.0001028032236
5500.0,7650.9,46.0000808955532
6000.0,5836.5,48.0000880007436
4500.0,7002.9,41.0000720140652
6000.0,7245.9,44.0001266352164
6500.0,6484.5,48.0001208622492
5000.0,7650.9,41.0001048755708
6500.0,7893.9,44.000159496722
5500.0,5836.5,43.0001119807612
7000.0,6079.5,46.0001666019124
5500.0,7245.9,39.000150615234
5000.0,40.5,130.000000370062
5000.0,3521.7,88.0000242020548
5500.0,4169.7,88.0000570635604
6000.0,2355.2999999999997,90.0000641687508
4500.0,3521.7,83.0000481820724
6000.0,3764.7000000000003,86.0001028032236
5500.0,3535.2,88.0000242760672
6000.0,4183.2,88.0000571375728
6500.0,2368.7999999999997,90.0000642427632
5000.0,3535.2,83.0000482560848
6500.0,3778.2000000000003,86.000102877236
6000.0,7664.4,46.0000809695656
6500.0,5850.0,48.000088074756
5000.0,7016.4,41.0000720880776
6500.0,7259.4,44.0001267092288
7000.0,6498.0,48.0001209362616
5500.0,7664.4,41.0001049495832
7000.0,7907.4,44.0001595707344
6000.0,5850.0,43.0001120547736
7500.0,6093.0,46.0001666759248
6000.0,7259.4,39.0001506892464
5500.0,3521.7,108.0000242020548
6000.0,4169.7,108.0000570635604
6500.0,2355.2999999999997,110.0000641687508
5000.0,3521.7,103.0000481820724
6500.0,3764.7000000000003,106.0001028032236
6000.0,7650.9,66.0000808955532
6500.0,5836.5,68.0000880007436
5000.0,7002.9,61.0000720140652
6500.0,7245.9,64.0001266352164
7000.0,6484.5,68.0001208622492
5500.0,7650.9,61.0001048755708
7000.0,7893.9,64.000159496722
6000.0,5836.5,63.0001119807612
7500.0,6079.5,66.0001666019124
6000.0,7245.9,59.000150615234
6500.0,7664.4,66.0000809695656
7000.0,5850.0,68.000088074756
5500.0,7016.4,61.0000720880776
7000.0,7259.4,64.0001267092288
7500.0,6498.0,68.0001209362616
6000.0,7664.4,61.0001049495832
7500.0,7907.4,64.0001595707344
6500.0,5850.0,63.0001120547736
8000.0,6093.0,66.0001666759248
6500.0,7259.4,59.0001506892464
7500.0,9979.199999999999,26.0001447682544
6000.0,11145.599999999999,19.000128781576
7500.0,11388.6,22.0001834027272
6500.0,9331.2,21.0001358867664
8000.0,9574.2,24.0001905079176
6500.0,10740.6,17.0001745212392
7000.0,9979.2,21.000168748272
8500.0,10222.2,24.0002233694232
7000.0,11388.6,17.0002073827448
7500.0,9574.2,19.0002144879352
53000.0,312.45000000000005,360.0000071944987
38000.0,176.982,290.000004390909
38500.0,190.482,290.0000044649214
38500.0,176.982,310.000004390909
39000.0,190.482,310.0000044649214
39000.0,3671.682,268.0000282969142
39500.0,4319.682,268.0000611584198
40000.0,2505.2819999999997,270.00006826361016
38500.0,3671.682,263.0000522769318
40000.0,3914.6820000000002,266.000106898083
39000.0,238.21800000000002,290.00000511030953
39500.0,251.71800000000002,290.00000518432194
39500.0,238.21800000000002,310.00000511030953
40000.0,251.71800000000002,310.00000518432194
40000.0,3732.9179999999997,268.0000290163147
40500.0,4380.918,268.0000618778203
41000.0,2566.5179999999996,270.0000689830107
39500.0,3732.9179999999997,263.00005299633233
41000.0,3975.918,266.00010761748354
24500.0,116.25,220.0000023807322
24500.0,102.75,240.0000023067198
25000.0,116.25,240.0000023807322
25000.0,3597.45,198.000026212725
25500.0,4245.45,198.0000590742306
26000.0,2431.0499999999997,200.000066179421
24500.0,3597.45,193.0000501927426
26000.0,3840.4500000000003,196.0001048138938
25000.0,116.25,240.0000023807322
25500.0,129.75,240.0000024547446
25500.0,3610.95,198.0000262867374
26000.0,4258.95,198.000059148243
26500.0,2444.5499999999997,200.0000662534334
25000.0,3610.95,193.000050266755
26500.0,3853.9500000000003,196.0001048879062
25500.0,116.25,260.0000023807322
25500.0,3597.45,218.000026212725
26000.0,4245.45,218.0000590742306
26500.0,2431.0499999999997,220.000066179421
25000.0,3597.45,213.0000501927426
26500.0,3840.4500000000003,216.0001048138938
26000.0,3610.95,218.0000262867374
26500.0,4258.95,218.000059148243
27000.0,2444.5499999999997,220.0000662534334
25500.0,3610.95,213.000050266755
27000.0,3853.9500000000003,216.0001048879062
26500.0,7740.15,176.0000829802358
27000.0,5925.75,178.0000900854262
25500.0,7092.15,171.0000740987478
27000.0,7335.15,174.000128719899
27500.0,6573.75,178.0001229469318
26000.0,7740.15,171.0001069602534
27500.0,7983.15,174.0001615814046
26500.0,5925.75,173.0001140654438
28000.0,6168.75,176.000168686595
26500.0,7335.15,169.0001526999166
42000.0,256.95000000000005,310.0000060349711
42500.0,270.45000000000005,310.0000061089835
42500.0,256.95000000000005,330.0000060349711
43000.0,270.45000000000005,330.0000061089835
43000.0,3751.6499999999996,288.0000299409763
43500.0,4399.65,288.0000628024819
44000.0,2585.2499999999995,290.0000699076723
42500.0,3751.6499999999996,283.0000539209939
44000.0,3994.65,286.0001085421451
27500.0,134.982,240.0000033053938
27500.0,121.482,260.00000323138136
28000.0,134.982,260.00000330539376
28000.0,3616.182,218.00002713738658
28500.0,4264.182,218.0000599988922
29000.0,2449.7819999999997,220.00006710408258
27500.0,3616.182,213.00005111740418
29000.0,3859.1820000000002,216.0001057385554
28000.0,134.982,260.00000330539376
28500.0,148.482,260.00000337940617
28500.0,3629.682,218.000027211399
29000.0,4277.682,218.00006007290457
29500.0,2463.2819999999997,220.00006717809498
28000.0,3629.682,213.0000511914166
29500.0,3872.6820000000002,216.0001058125678
28500.0,134.982,280.00000330539376
28500.0,3616.182,238.00002713738658
29000.0,4264.182,238.0000599988922
29500.0,2449.7819999999997,240.00006710408258
28000.0,3616.182,233.00005111740418
29500.0,3859.1820000000002,236.0001057385554
29000.0,3629.682,238.000027211399
29500.0,4277.682,238.00006007290457
30000.0,2463.2819999999997,240.00006717809498
28500.0,3629.682,233.0000511914166
30000.0,3872.6820000000002,236.0001058125678
29500.0,7758.882,196.0000839048974
30000.0,5944.482,198.00009101008777
28500.0,7110.882,191.00007502340938
30000.0,7353.882,194.0001296445606
30500.0,6592.482,198.0001238715934
29000.0,7758.882,191.000107884915
30500.0,8001.882,194.00016250606618
29500.0,5944.482,193.00011499010537
31000.0,6187.482,196.00016961125658
29500.0,7353.882,189.0001536245782
28500.0,196.21800000000002,240.00000402479432
28500.0,182.71800000000002,260.0000039507819
29000.0,196.21800000000002,260.0000040247943
29000.0,3677.4179999999997,218.0000278567871
29500.0,4325.418,218.0000607182927
30000.0,2511.0179999999996,220.0000678234831
28500.0,3677.4179999999997,213.00005183680472
30000.0,3920.418,216.00010645795592
29000.0,196.21800000000002,260.0000040247943
29500.0,209.71800000000002,260.0000040988067
29500.0,3690.9179999999997,218.00002793079952
30000.0,4338.918,218.0000607923051
30500.0,2524.5179999999996,220.0000678974955
29000.0,3690.9179999999997,213.00005191081712
30500.0,3933.918,216.0001065319683
29500.0,196.21800000000002,280.0000040247943
29500.0,3677.4179999999997,238.0000278567871
30000.0,4325.418,238.0000607182927
30500.0,2511.0179999999996,240.0000678234831
29000.0,3677.4179999999997,233.00005183680472
30500.0,3920.418,236.00010645795592
30000.0,3690.9179999999997,238.00002793079952
30500.0,4338.918,238.0000607923051
31000.0,2524.5179999999996,240.0000678974955
29500.0,3690.9179999999997,233.00005191081712
31000.0,3933.918,236.0001065319683
30500.0,7820.1179999999995,196.0000846242979
31000.0,6005.717999999999,198.0000917294883
29500.0,7172.1179999999995,191.0000757428099
31000.0,7415.118,194.00013036396112
31500.0,6653.717999999999,198.00012459099392
30000.0,7820.1179999999995,191.0001086043155
31500.0,8063.118,194.0001632254667
30500.0,6005.717999999999,193.0001157095059
32000.0,6248.718,196.0001703306571
30500.0,7415.118,189.00015434397872
14000.0,60.75,190.0000012212046
14500.0,74.25,190.000001295217
14500.0,3555.45,148.0000251272098
15000.0,4203.45,148.0000579887154
15500.0,2389.0499999999997,150.0000650939058
14000.0,3555.45,143.0000491072274
15500.0,3798.4500000000003,146.0001037283786
14500.0,60.75,210.0000012212046
14500.0,3541.95,168.0000250531974
15000.0,4189.95,168.000057914703
15500.0,2375.5499999999997,170.0000650198934
14000.0,3541.95,163.000049033215
15500.0,3784.9500000000003,166.0001036543662
15000.0,3555.45,168.0000251272098
15500.0,4203.45,168.0000579887154
16000.0,2389.0499999999997,170.0000650939058
14500.0,3555.45,163.0000491072274
16000.0,3798.4500000000003,166.0001037283786
15500.0,7684.65,126.0000818207082
16000.0,5870.25,128.0000889258986
14500.0,7036.65,121.0000729392202
16000.0,7279.65,124.0001275603714
16500.0,6518.25,128.0001217874042
15000.0,7684.65,121.0001058007258
16500.0,7927.65,124.000160421877
15500.0,5870.25,123.0001129059162
17000.0,6113.25,126.0001675270674
15500.0,7279.65,119.000151540389
15000.0,74.25,210.000001295217
15000.0,3555.45,168.0000251272098
15500.0,4203.45,168.0000579887154
16000.0,2389.0499999999997,170.0000650939058
14500.0,3555.45,163.0000491072274
16000.0,3798.4500000000003,166.0001037283786
15500.0,3568.95,168.0000252012222
16000.0,4216.95,168.0000580627278
16500.0,2402.5499999999997,170.0000651679182
15000.0,3568.95,163.0000491812398
16500.0,3811.9500000000003,166.000103802391
16000.0,7698.15,126.0000818947206
16500.0,5883.75,128.000088999911
15000.0,7050.15,121.0000730132326
16500.0,7293.15,124.0001276343838
17000.0,6531.75,128.0001218614166
15500.0,7698.15,121.0001058747382
17000.0,7941.15,124.0001604958894
16000.0,5883.75,123.0001129799286
17500.0,6126.75,126.0001676010798
16000.0,7293.15,119.0001516144014
15500.0,3555.45,188.0000251272098
16000.0,4203.45,188.0000579887154
16500.0,2389.0499999999997,190.0000650939058
15000.0,3555.45,183.0000491072274
16500.0,3798.4500000000003,186.0001037283786
16000.0,7684.65,146.0000818207082
16500.0,5870.25,148.0000889258986
15000.0,7036.65,141.0000729392202
16500.0,7279.65,144.0001275603714
17000.0,6518.25,148.0001217874042
15500.0,7684.65,141.0001058007258
17000.0,7927.65,144.000160421877
16000.0,5870.25,143.0001129059162
17500.0,6113.25,146.0001675270674
16000.0,7279.65,139.000151540389
16500.0,7698.15,146.0000818947206
17000.0,5883.75,148.000088999911
15500.0,7050.15,141.0000730132326
17000.0,7293.15,144.0001276343838
17500.0,6531.75,148.0001218614166
16000.0,7698.15,141.0001058747382
17500.0,7941.15,144.0001604958894
16500.0,5883.75,143.0001129799286
18000.0,6126.75,146.0001676010798
16500.0,7293.15,139.0001516144014
17500.0,10012.949999999999,106.0001456934094
16000.0,11179.349999999999,99.000129706731
17500.0,11422.35,102.0001843278822
16500.0,9364.95,101.0001368119214
18000.0,9607.95,104.0001914330726
16500.0,10774.35,97.0001754463942
17000.0,10012.95,101.000169673427
18500.0,10255.95,104.0002242945782
17000.0,11422.35,97.0002083078998
17500.0,9607.95,99.0002154130902
44000.0,283.20000000000005,310.0000063433561
44500.0,296.70000000000005,310.00000641736847
44500.0,283.20000000000005,330.0000063433561
45000.0,296.70000000000005,330.00000641736847
45000.0,3777.8999999999996,288.0000302493613
45500.0,4425.9,288.0000631108669
46000.0,2611.5,290.0000702160573
44500.0,3777.8999999999996,283.0000542293789
46000.0,4020.9000000000005,286.00010885053007
29500.0,161.232,240.00000361377877
29500.0,147.732,260.0000035397664
30000.0,161.232,260.0000036137788
30000.0,3642.432,218.0000274457716
30500.0,4290.432,218.00006030727718
31000.0,2476.0319999999997,220.0000674124676
29500.0,3642.432,213.0000514257892
31000.0,3885.4320000000002,216.00010604694037
30000.0,161.232,260.0000036137788
30500.0,174.732,260.0000036877912
30500.0,3655.932,218.00002751978397
31000.0,4303.932,218.0000603812896
31500.0,2489.5319999999997,220.00006748648
30000.0,3655.932,213.00005149980157
31500.0,3898.9320000000002,216.00010612095278
30500.0,161.232,280.0000036137788
30500.0,3642.432,238.0000274457716
31000.0,4290.432,238.00006030727718
31500.0,2476.0319999999997,240.0000674124676
30000.0,3642.432,233.0000514257892
31500.0,3885.4320000000002,236.00010604694037
31000.0,3655.932,238.00002751978397
31500.0,4303.932,238.0000603812896
32000.0,2489.5319999999997,240.00006748648
30500.0,3655.932,233.00005149980157
32000.0,3898.9320000000002,236.00010612095278
31500.0,7785.132,196.00008421328238
32000.0,5970.732,198.00009131847278
30500.0,7137.132,191.0000753317944
32000.0,7380.132,194.00012995294557
32500.0,6618.732,198.00012417997837
31000.0,7785.132,191.00010819329998
32500.0,8028.132,194.0001628144512
31500.0,5970.732,193.00011529849039
33000.0,6213.732,196.0001699196416
31500.0,7380.132,189.00015393296317
30500.0,222.46800000000002,240.0000043331793
30500.0,208.96800000000002,260.00000425916693
31000.0,222.46800000000002,260.00000433317933
31000.0,3703.6679999999997,218.00002816517213
31500.0,4351.668,218.0000610266777
32000.0,2537.2679999999996,220.00006813186812
30500.0,3703.6679999999997,213.0000521451897
32000.0,3946.668,216.0001067663409
31000.0,222.46800000000002,260.00000433317933
31500.0,235.96800000000002,260.00000440719174
31500.0,3717.1679999999997,218.0000282391845
32000.0,4365.168,218.00006110069012
32500.0,2550.7679999999996,220.00006820588052
31000.0,3717.1679999999997,213.0000522192021
32500.0,3960.168,216.0001068403533
31500.0,222.46800000000002,280.00000433317933
31500.0,3703.6679999999997,238.00002816517213
32000.0,4351.668,238.0000610266777
32500.0,2537.2679999999996,240.00006813186812
31000.0,3703.6679999999997,233.0000521451897
32500.0,3946.668,236.0001067663409
32000.0,3717.1679999999997,238.0000282391845
32500.0,4365.168,238.00006110069012
33000.0,2550.7679999999996,240.00006820588052
31500.0,3717.1679999999997,233.0000522192021
33000.0,3960.168,236.0001068403533
32500.0,7846.3679999999995,196.0000849326829
33000.0,6031.967999999999,198.00009203787332
31500.0,7198.3679999999995,191.00007605119492
33000.0,7441.368,194.0001306723461
33500.0,6679.967999999999,198.0001248993789
32000.0,7846.3679999999995,191.0001089127005
33500.0,8089.368,194.00016353385172
32500.0,6031.967999999999,193.00011601789092
34000.0,6274.968,196.00017063904212
32500.0,7441.368,189.0001546523637
16000.0,87.0,190.0000015295896
16500.0,100.5,190.000001603602
16500.0,3581.7,148.0000254355948
17000.0,4229.7,148.0000582971004
17500.0,2415.2999999999997,150.0000654022908
16000.0,3581.7,143.0000494156124
17500.0,3824.7000000000003,146.0001040367636
16500.0,87.0,210.0000015295896
16500.0,3568.2,168.0000253615824
17000.0,4216.2,168.000058223088
17500.0,2401.7999999999997,170.0000653282784
16000.0,3568.2,163.0000493416
17500.0,3811.2000000000003,166.0001039627512
17000.0,3581.7,168.0000254355948
17500.0,4229.7,168.0000582971004
18000.0,2415.2999999999997,170.0000654022908
16500.0,3581.7,163.0000494156124
18000.0,3824.7000000000003,166.0001040367636
17500.0,7710.9,126.0000821290932
18000.0,5896.5,128.0000892342836
16500.0,7062.9,121.0000732476052
18000.0,7305.9,124.0001278687564
18500.0,6544.5,128.0001220957892
17000.0,7710.9,121.0001061091108
18500.0,7953.9,124.000160730262
17500.0,5896.5,123.0001132143012
19000.0,6139.5,126.0001678354524
17500.0,7305.9,119.000151848774
17000.0,100.5,210.000001603602
17000.0,3581.7,168.0000254355948
17500.0,4229.7,168.0000582971004
18000.0,2415.2999999999997,170.0000654022908
16500.0,3581.7,163.0000494156124
18000.0,3824.7000000000003,166.0001040367636
17500.0,3595.2,168.0000255096072
18000.0,4243.2,168.0000583711128
18500.0,2428.7999999999997,170.0000654763032
17000.0,3595.2,163.0000494896248
18500.0,3838.2000000000003,166.000104110776
18000.0,7724.4,126.0000822031056
18500.0,5910.0,128.000089308296
17000.0,7076.4,121.0000733216176
18500.0,7319.4,124.0001279427688
19000.0,6558.0,128.0001221698016
17500.0,7724.4,121.0001061831232
19000.0,7967.4,124.0001608042744
18000.0,5910.0,123.0001132883136
19500.0,6153.0,126.0001679094648
18000.0,7319.4,119.0001519227864
17500.0,3581.7,188.0000254355948
18000.0,4229.7,188.0000582971004
18500.0,2415.2999999999997,190.0000654022908
17000.0,3581.7,183.0000494156124
18500.0,3824.7000000000003,186.0001040367636
18000.0,7710.9,146.0000821290932
18500.0,5896.5,148.0000892342836
17000.0,7062.9,141.0000732476052
18500.0,7305.9,144.0001278687564
19000.0,6544.5,148.0001220957892
17500.0,7710.9,141.0001061091108
19000.0,7953.9,144.000160730262
18000.0,5896.5,143.0001132143012
19500.0,6139.5,146.0001678354524
18000.0,7305.9,139.000151848774
18500.0,7724.4,146.0000822031056
19000.0,5910.0,148.000089308296
17500.0,7076.4,141.0000733216176
19000.0,7319.4,144.0001279427688
19500.0,6558.0,148.0001221698016
18000.0,7724.4,141.0001061831232
19500.0,7967.4,144.0001608042744
18500.0,5910.0,143.0001132883136
20000.0,6153.0,146.0001679094648
18500.0,7319.4,139.0001519227864
19500.0,10039.199999999999,106.0001460017944
18000.0,11205.599999999999,99.000130015116
19500.0,11448.6,102.0001846362672
18500.0,9391.2,101.0001371203064
20000.0,9634.2,104.0001917414576
18500.0,10800.6,97.0001757547792
19000.0,10039.2,101.000169981812
20500.0,10282.2,104.0002246029632
19000.0,11448.6,97.0002086162848
19500.0,9634.2,99.0002157214752
33500.0,241.20000000000002,260.0000052578409
33500.0,227.70000000000002,280.0000051838285
34000.0,241.20000000000002,280.0000052578409
34000.0,3722.3999999999996,238.0000290898337
34500.0,4370.4,238.0000619513393
35000.0,2555.9999999999995,240.0000690565297
33500.0,3722.3999999999996,233.0000530698513
35000.0,3965.4,236.00010769100248
34000.0,241.20000000000002,280.0000052578409
34500.0,254.70000000000002,280.0000053318533
34500.0,3735.8999999999996,238.0000291638461
35000.0,4383.9,238.0000620253517
35500.0,2569.4999999999995,240.0000691305421
34000.0,3735.8999999999996,233.0000531438637
35500.0,3978.9,236.0001077650149
34500.0,241.20000000000002,300.0000052578409
34500.0,3722.3999999999996,258.0000290898337
35000.0,4370.4,258.0000619513393
35500.0,2555.9999999999995,260.0000690565297
34000.0,3722.3999999999996,253.0000530698513
35500.0,3965.4,256.0001076910025
35000.0,3735.8999999999996,258.0000291638461
35500.0,4383.9,258.0000620253517
36000.0,2569.4999999999995,260.0000691305421
34500.0,3735.8999999999996,253.0000531438637
36000.0,3978.9,256.0001077650149
35500.0,7865.099999999999,216.0000858573445
36000.0,6050.699999999999,218.0000929625349
34500.0,7217.099999999999,211.0000769758565
36000.0,7460.1,214.0001315970077
36500.0,6698.699999999999,218.0001258240405
35000.0,7865.099999999999,211.0001098373621
36500.0,8108.1,214.0001644585133
35500.0,6050.699999999999,213.0001169425525
37000.0,6293.7,216.0001715637037
35500.0,7460.1,209.00015557702528
19000.0,105.732,210.0000024542512
19500.0,119.232,210.0000025282636
19500.0,3600.432,168.00002636025638
20000.0,4248.432,168.00005922176197
20500.0,2434.0319999999997,170.00006632695238
19000.0,3600.432,163.000050340274
20500.0,3843.4320000000002,166.0001049614252
19500.0,105.732,230.0000024542512
19500.0,3586.932,188.00002628624398
20000.0,4234.932,188.0000591477496
20500.0,2420.5319999999997,190.00006625293997
19000.0,3586.932,183.00005026626158
20500.0,3829.9320000000002,186.0001048874128
20000.0,3600.432,188.00002636025638
20500.0,4248.432,188.00005922176197
21000.0,2434.0319999999997,190.00006632695238
19500.0,3600.432,183.000050340274
21000.0,3843.4320000000002,186.0001049614252
20500.0,7729.632,146.0000830537548
21000.0,5915.232,148.00009015894517
19500.0,7081.632,141.00007417226678
21000.0,7324.632,144.00012879341799
21500.0,6563.232,148.0001230204508
20000.0,7729.632,141.0001070337724
21500.0,7972.632,144.00016165492357
20500.0,5915.232,143.00011413896277
22000.0,6158.232,146.00016876011398
20500.0,7324.632,139.0001527734356
20000.0,119.232,230.0000025282636
20000.0,3600.432,188.00002636025638
20500.0,4248.432,188.00005922176197
21000.0,2434.0319999999997,190.00006632695238
19500.0,3600.432,183.000050340274
21000.0,3843.4320000000002,186.0001049614252
20500.0,3613.932,188.0000264342688
21000.0,4261.932,188.00005929577438
21500.0,2447.5319999999997,190.00006640096478
20000.0,3613.932,183.0000504142864
21500.0,3856.9320000000002,186.00010503543757
21000.0,7743.132,146.0000831277672
21500.0,5928.732,148.00009023295758
20000.0,7095.132,141.00007424627918
21500.0,7338.132,144.0001288674304
22000.0,6576.732,148.0001230944632
20500.0,7743.132,141.00010710778477
22000.0,7986.132,144.00016172893598
21000.0,5928.732,143.00011421297518
22500.0,6171.732,146.00016883412638
21000.0,7338.132,139.000152847448
20500.0,3600.432,208.00002636025638
21000.0,4248.432,208.00005922176197
21500.0,2434.0319999999997,210.00006632695238
20000.0,3600.432,203.000050340274
21500.0,3843.4320000000002,206.0001049614252
21000.0,7729.632,166.0000830537548
21500.0,5915.232,168.00009015894517
20000.0,7081.632,161.00007417226678
21500.0,7324.632,164.00012879341799
22000.0,6563.232,168.0001230204508
20500.0,7729.632,161.0001070337724
22000.0,7972.632,164.00016165492357
21000.0,5915.232,163.00011413896277
22500.0,6158.232,166.00016876011398
21000.0,7324.632,159.0001527734356
21500.0,7743.132,166.0000831277672
22000.0,5928.732,168.00009023295758
20500.0,7095.132,161.00007424627918
22000.0,7338.132,164.0001288674304
22500.0,6576.732,168.0001230944632
21000.0,7743.132,161.00010710778477
22500.0,7986.132,164.00016172893598
21500.0,5928.732,163.00011421297518
23000.0,6171.732,166.00016883412638
21500.0,7338.132,159.000152847448
22500.0,10057.931999999999,126.00014692645598
21000.0,11224.331999999999,119.00013093977758
22500.0,11467.332,122.00018556092878
21500.0,9409.932,121.00013804496798
23000.0,9652.932,124.00019266611919
21500.0,10819.332,117.00017667944078
22000.0,10057.932,121.00017090647358
23500.0,10300.932,124.00022552762478
22000.0,11467.332,117.00020954094639
22500.0,9652.932,119.00021664613678
20000.0,166.96800000000002,210.00000317365172
20500.0,180.46800000000002,210.00000324766413
20500.0,3661.6679999999997,168.00002707965692
21000.0,4309.668,168.0000599411625
21500.0,2495.2679999999996,170.0000670463529
20000.0,3661.6679999999997,163.00005105967452
21500.0,3904.668,166.00010568082573
20500.0,166.96800000000002,230.00000317365172
20500.0,3648.1679999999997,188.0000270056445
21000.0,4296.168,188.0000598671501
21500.0,2481.7679999999996,190.0000669723405
20000.0,3648.1679999999997,183.0000509856621
21500.0,3891.168,186.00010560681332
21000.0,3661.6679999999997,188.00002707965692
21500.0,4309.668,188.0000599411625
22000.0,2495.2679999999996,190.0000670463529
20500.0,3661.6679999999997,183.00005105967452
22000.0,3904.668,186.00010568082573
21500.0,7790.8679999999995,146.00008377315532
22000.0,5976.467999999999,148.0000908783457
20500.0,7142.8679999999995,141.0000748916673
22000.0,7385.868,144.00012951281852
22500.0,6624.467999999999,148.00012373985132
21000.0,7790.8679999999995,141.0001077531729
22500.0,8033.868,144.0001623743241
21500.0,5976.467999999999,143.0001148583633
23000.0,6219.468,146.0001694795145
21500.0,7385.868,139.00015349283612
21000.0,180.46800000000002,230.00000324766413
21000.0,3661.6679999999997,188.00002707965692
21500.0,4309.668,188.0000599411625
22000.0,2495.2679999999996,190.0000670463529
20500.0,3661.6679999999997,183.00005105967452
22000.0,3904.668,186.00010568082573
21500.0,3675.1679999999997,188.00002715366932
22000.0,4323.168,188.0000600151749
22500.0,2508.7679999999996,190.00006712036532
21000.0,3675.1679999999997,183.00005113368692
22500.0,3918.168,186.0001057548381
22000.0,7804.3679999999995,146.0000838471677
22500.0,5989.967999999999,148.0000909523581
21000.0,7156.3679999999995,141.00007496567972
22500.0,7399.368,144.00012958683092
23000.0,6637.967999999999,148.00012381386372
21500.0,7804.3679999999995,141.0001078271853
23000.0,8047.368,144.0001624483365
22000.0,5989.967999999999,143.0001149323757
23500.0,6232.968,146.00016955352692
22000.0,7399.368,139.00015356684852
21500.0,3661.6679999999997,208.00002707965692
22000.0,4309.668,208.0000599411625
22500.0,2495.2679999999996,210.0000670463529
21000.0,3661.6679999999997,203.00005105967452
22500.0,3904.668,206.00010568082573
22000.0,7790.8679999999995,166.00008377315532
22500.0,5976.467999999999,168.0000908783457
21000.0,7142.8679999999995,161.0000748916673
22500.0,7385.868,164.00012951281852
23000.0,6624.467999999999,168.00012373985132
21500.0,7790.8679999999995,161.0001077531729
23000.0,8033.868,164.0001623743241
22000.0,5976.467999999999,163.0001148583633
23500.0,6219.468,166.0001694795145
22000.0,7385.868,159.00015349283612
22500.0,7804.3679999999995,166.0000838471677
23000.0,5989.967999999999,168.0000909523581
21500.0,7156.3679999999995,161.00007496567972
23000.0,7399.368,164.00012958683092
23500.0,6637.967999999999,168.00012381386372
22000.0,7804.3679999999995,161.0001078271853
23500.0,8047.368,164.0001624483365
22500.0,5989.967999999999,163.0001149323757
24000.0,6232.968,166.00016955352692
22500.0,7399.368,159.00015356684852
23500.0,10119.168,126.00014764585652
22000.0,11285.568,119.00013165917811
23500.0,11528.568,122.00018628032932
22500.0,9471.167999999998,121.00013876436851
24000.0,9714.168,124.00019338551971
22500.0,10880.568,117.00017739884132
23000.0,10119.167999999998,121.00017162587412
24500.0,10362.168,124.00022624702531
23000.0,11528.568,117.00021026034692
23500.0,9714.168,119.00021736553731
6000.0,45.0,160.0000004440744
6000.0,3526.2,118.0000242760672
6500.0,4174.2,118.0000571375728
7000.0,2359.7999999999997,120.0000642427632
5500.0,3526.2,113.0000482560848
7000.0,3769.2000000000003,116.000102877236
6500.0,3539.7,118.0000243500796
7000.0,4187.7,118.0000572115852
7500.0,2373.2999999999997,120.0000643167756
6000.0,3539.7,113.0000483300972
7500.0,3782.7000000000003,116.0001029512484
7000.0,7668.9,76.000081043578
7500.0,5854.5,78.0000881487684
6000.0,7020.9,71.00007216209
7500.0,7263.9,74.0001267832412
8000.0,6502.5,78.000121010274
6500.0,7668.9,71.0001050235956
8000.0,7911.9,74.0001596447468
7000.0,5854.5,73.000112128786
8500.0,6097.5,76.0001667499372
7000.0,7263.9,69.0001507632588
6500.0,3526.2,138.0000242760672
7000.0,4174.2,138.0000571375728
7500.0,2359.7999999999997,140.0000642427632
6000.0,3526.2,133.0000482560848
7500.0,3769.2000000000003,136.000102877236
7000.0,7655.4,96.0000809695656
7500.0,5841.0,98.000088074756
6000.0,7007.4,91.0000720880776
7500.0,7250.4,94.0001267092288
8000.0,6489.0,98.0001209362616
6500.0,7655.4,91.0001049495832
8000.0,7898.4,94.0001595707344
7000.0,5841.0,93.0001120547736
8500.0,6084.0,96.0001666759248
7000.0,7250.4,89.0001506892464
7500.0,7668.9,96.000081043578
8000.0,5854.5,98.0000881487684
6500.0,7020.9,91.00007216209
8000.0,7263.9,94.0001267832412
8500.0,6502.5,98.000121010274
7000.0,7668.9,91.0001050235956
8500.0,7911.9,94.0001596447468
7500.0,5854.5,93.000112128786
9000.0,6097.5,96.0001667499372
7500.0,7263.9,89.0001507632588
8500.0,9983.699999999999,56.0001448422668
7000.0,11150.099999999999,49.0001288555884
8500.0,11393.1,52.0001834767396
7500.0,9335.7,51.0001359607788
9000.0,9578.7,54.00019058193
7500.0,10745.1,47.0001745952516
8000.0,9983.7,51.0001688222844
9500.0,10226.7,54.0002234434356
8000.0,11393.1,47.0002074567572
8500.0,9578.7,49.0002145619476
7000.0,3539.7,138.0000243500796
7500.0,4187.7,138.0000572115852
8000.0,2373.2999999999997,140.0000643167756
6500.0,3539.7,133.0000483300972
8000.0,3782.7000000000003,136.0001029512484
7500.0,7668.9,96.000081043578
8000.0,5854.5,98.0000881487684
6500.0,7020.9,91.00007216209
8000.0,7263.9,94.0001267832412
8500.0,6502.5,98.000121010274
7000.0,7668.9,91.0001050235956
8500.0,7911.9,94.0001596447468
7500.0,5854.5,93.000112128786
9000.0,6097.5,96.0001667499372
7500.0,7263.9,89.0001507632588
8000.0,7682.4,96.0000811175904
8500.0,5868.0,98.0000882227808
7000.0,7034.4,91.0000722361024
8500.0,7277.4,94.0001268572536
9000.0,6516.0,98.0001210842864
7500.0,7682.4,91.000105097608
9000.0,7925.4,94.0001597187592
8000.0,5868.0,93.0001122027984
9500.0,6111.0,96.0001668239496
8000.0,7277.4,89.0001508372712
9000.0,9997.199999999999,56.0001449162792
7500.0,11163.599999999999,49.0001289296008
9000.0,11406.6,52.000183550752
8000.0,9349.2,51.0001360347912
9500.0,9592.2,54.0001906559424
8000.0,10758.6,47.000174669264
8500.0,9997.2,51.0001688962968
10000.0,10240.2,54.000223517448
8500.0,11406.6,47.0002075307696
9000.0,9592.2,49.00021463596
8000.0,7668.9,116.000081043578
8500.0,5854.5,118.0000881487684
7000.0,7020.9,111.00007216209
8500.0,7263.9,114.0001267832412
9000.0,6502.5,118.000121010274
7500.0,7668.9,111.0001050235956
9000.0,7911.9,114.0001596447468
8000.0,5854.5,113.000112128786
9500.0,6097.5,116.0001667499372
8000.0,7263.9,109.0001507632588
9000.0,9983.699999999999,76.0001448422668
7500.0,11150.099999999999,69.0001288555884
9000.0,11393.1,72.0001834767396
8000.0,9335.7,71.0001359607788
9500.0,9578.7,74.00019058193
8000.0,10745.1,67.0001745952516
8500.0,9983.7,71.0001688222844
10000.0,10226.7,74.0002234434356
8500.0,11393.1,67.0002074567572
9000.0,9578.7,69.0002145619476
9500.0,9997.199999999999,76.0001449162792
8000.0,11163.599999999999,69.0001289296008
9500.0,11406.6,72.000183550752
8500.0,9349.2,71.0001360347912
10000.0,9592.2,74.0001906559424
8500.0,10758.6,67.000174669264
9000.0,9997.2,71.0001688962968
10500.0,10240.2,74.000223517448
9000.0,11406.6,67.0002075307696
9500.0,9592.2,69.00021463596
9000.0,13478.399999999998,29.0001927282896
10500.0,13721.4,32.0002473494408
9000.0,14887.8,25.0002313627624
9500.0,13073.400000000001,27.0002384679528
10000.0,13721.400000000001,27.0002713294584
54000.0,316.95000000000005,390.00000726851107
54500.0,330.45000000000005,390.0000073425235
54500.0,316.95000000000005,410.00000726851107
55000.0,330.45000000000005,410.0000073425235
55000.0,3811.6499999999996,368.0000311745163
55500.0,4459.65,368.0000640360219
56000.0,2645.25,370.0000711412123
54500.0,3811.6499999999996,363.00005515453387
56000.0,4054.6500000000005,366.0001097756851
39500.0,194.982,320.0000045389338
39500.0,181.482,340.0000044649214
40000.0,194.982,340.0000045389338
40000.0,3676.182,298.0000283709266
40500.0,4324.182,298.0000612324322
41000.0,2509.7819999999997,300.00006833762257
39500.0,3676.182,293.0000523509442
41000.0,3919.1820000000002,296.0001069720954
40000.0,194.982,340.0000045389338
40500.0,208.482,340.00000461294616
40500.0,3689.682,298.000028444939
41000.0,4337.682,298.0000613064446
41500.0,2523.2819999999997,300.00006841163497
40000.0,3689.682,293.0000524249566
41500.0,3932.6820000000002,296.00010704610776
40500.0,194.982,360.0000045389338
40500.0,3676.182,318.0000283709266
41000.0,4324.182,318.0000612324322
41500.0,2509.7819999999997,320.00006833762257
40000.0,3676.182,313.0000523509442
41500.0,3919.1820000000002,316.0001069720954
41000.0,3689.682,318.000028444939
41500.0,4337.682,318.0000613064446
42000.0,2523.2819999999997,320.00006841163497
40500.0,3689.682,313.0000524249566
42000.0,3932.6820000000002,316.00010704610776
41500.0,7818.882,276.0000851384374
42000.0,6004.482,278.00009224362776
40500.0,7170.882,271.0000762569494
42000.0,7413.882,274.0001308781006
42500.0,6652.482,278.0001251051334
41000.0,7818.882,271.000109118455
42500.0,8061.882,274.0001637396062
41500.0,6004.482,273.00011622364536
43000.0,6247.482,276.00017084479657
41500.0,7413.882,269.0001548581182
40500.0,256.218,320.00000525833434
40500.0,242.71800000000002,340.00000518432194
41000.0,256.218,340.00000525833434
41000.0,3737.4179999999997,298.00002909032713
41500.0,4385.418,298.0000619518327
42000.0,2571.0179999999996,300.0000690570231
40500.0,3737.4179999999997,293.00005307034473
42000.0,3980.418,296.0001076914959
41000.0,256.218,340.00000525833434
41500.0,269.718,340.0000053323467
41500.0,3750.9179999999997,298.00002916433954
42000.0,4398.918,298.0000620258451
42500.0,2584.5179999999996,300.0000691310355
41000.0,3750.9179999999997,293.00005314435714
42500.0,3993.918,296.0001077655083
41500.0,256.218,360.00000525833434
41500.0,3737.4179999999997,318.00002909032713
42000.0,4385.418,318.0000619518327
42500.0,2571.0179999999996,320.0000690570231
41000.0,3737.4179999999997,313.00005307034473
42500.0,3980.418,316.0001076914959
42000.0,3750.9179999999997,318.00002916433954
42500.0,4398.918,318.0000620258451
43000.0,2584.5179999999996,320.0000691310355
41500.0,3750.9179999999997,313.00005314435714
43000.0,3993.918,316.0001077655083
42500.0,7880.1179999999995,276.0000858578379
43000.0,6065.717999999999,278.0000929630283
41500.0,7232.1179999999995,271.00007697634993
43000.0,7475.118,274.00013159750114
43500.0,6713.717999999999,278.00012582453394
42000.0,7880.1179999999995,271.0001098378555
43500.0,8123.118,274.0001644590067
42500.0,6065.717999999999,273.0001169430459
44000.0,6308.718,276.0001715641971
42500.0,7475.118,269.00015557751874
26000.0,120.75,270.0000024547446
26500.0,134.25,270.000002528757
26500.0,3615.45,228.0000263607498
27000.0,4263.45,228.0000592222554
27500.0,2449.0499999999997,230.0000663274458
26000.0,3615.45,223.0000503407674
27500.0,3858.4500000000003,226.0001049619186
26500.0,120.75,290.0000024547446
26500.0,3601.95,248.0000262867374
27000.0,4249.95,248.000059148243
27500.0,2435.5499999999997,250.0000662534334
26000.0,3601.95,243.000050266755
27500.0,3844.9500000000003,246.0001048879062
27000.0,3615.45,248.0000263607498
27500.0,4263.45,248.0000592222554
28000.0,2449.0499999999997,250.0000663274458
26500.0,3615.45,243.0000503407674
28000.0,3858.4500000000003,246.0001049619186
27500.0,7744.65,206.0000830542482
28000.0,5930.25,208.0000901594386
26500.0,7096.65,201.0000741727602
28000.0,7339.65,204.0001287939114
28500.0,6578.25,208.0001230209442
27000.0,7744.65,201.0001070342658
28500.0,7987.65,204.000161655417
27500.0,5930.25,203.0001141394562
29000.0,6173.25,206.0001687606074
27500.0,7339.65,199.000152773929
27000.0,134.25,290.000002528757
27000.0,3615.45,248.0000263607498
27500.0,4263.45,248.0000592222554
28000.0,2449.0499999999997,250.0000663274458
26500.0,3615.45,243.0000503407674
28000.0,3858.4500000000003,246.0001049619186
27500.0,3628.95,248.0000264347622
28000.0,4276.95,248.0000592962678
28500.0,2462.5499999999997,250.0000664014582
27000.0,3628.95,243.0000504147798
28500.0,3871.9500000000003,246.000105035931
28000.0,7758.15,206.0000831282606
28500.0,5943.75,208.000090233451
27000.0,7110.15,201.0000742467726
28500.0,7353.15,204.0001288679238
29000.0,6591.75,208.0001230949566
27500.0,7758.15,201.0001071082782
29000.0,8001.15,204.0001617294294
28000.0,5943.75,203.0001142134686
29500.0,6186.75,206.0001688346198
28000.0,7353.15,199.0001528479414
27500.0,3615.45,268.0000263607498
28000.0,4263.45,268.0000592222554
28500.0,2449.0499999999997,270.0000663274458
27000.0,3615.45,263.0000503407674
28500.0,3858.4500000000003,266.0001049619186
28000.0,7744.65,226.0000830542482
28500.0,5930.25,228.0000901594386
27000.0,7096.65,221.0000741727602
28500.0,7339.65,224.0001287939114
29000.0,6578.25,228.0001230209442
27500.0,7744.65,221.0001070342658
29000.0,7987.65,224.000161655417
28000.0,5930.25,223.0001141394562
29500.0,6173.25,226.0001687606074
28000.0,7339.65,219.000152773929
28500.0,7758.15,226.0000831282606
29000.0,5943.75,228.000090233451
27500.0,7110.15,221.0000742467726
29000.0,7353.15,224.0001288679238
29500.0,6591.75,228.0001230949566
28000.0,7758.15,221.0001071082782
29500.0,8001.15,224.0001617294294
28500.0,5943.75,223.0001142134686
30000.0,6186.75,226.0001688346198
28500.0,7353.15,219.0001528479414
29500.0,10072.949999999999,186.0001469269494
28000.0,11239.349999999999,179.000130940271
29500.0,11482.35,182.0001855614222
28500.0,9424.95,181.0001380454614
30000.0,9667.95,184.0001926666126
28500.0,10834.35,177.0001766799342
29000.0,10072.95,181.000170906967
30500.0,10315.95,184.0002255281182
29000.0,11482.35,177.0002095414398
29500.0,9667.95,179.0002166466302
43500.0,274.95000000000005,340.0000061829959
43500.0,261.45000000000005,360.0000061089835
44000.0,274.95000000000005,360.0000061829959
44000.0,3756.1499999999996,318.0000300149887
44500.0,4404.15,318.00006287649427
45000.0,2589.75,320.0000699816847
43500.0,3756.1499999999996,313.0000539950063
45000.0,3999.1500000000005,316.0001086161575
44000.0,274.95000000000005,360.0000061829959
44500.0,288.45000000000005,360.0000062570083
44500.0,3769.6499999999996,318.0000300890011
45000.0,4417.65,318.0000629505067
45500.0,2603.25,320.0000700556971
44000.0,3769.6499999999996,313.0000540690187
45500.0,4012.6500000000005,316.0001086901699
44500.0,274.95000000000005,380.0000061829959
44500.0,3756.1499999999996,338.0000300149887
45000.0,4404.15,338.00006287649427
45500.0,2589.75,340.0000699816847
44000.0,3756.1499999999996,333.0000539950063
45500.0,3999.1500000000005,336.0001086161575
45000.0,3769.6499999999996,338.0000300890011
45500.0,4417.65,338.0000629505067
46000.0,2603.25,340.0000700556971
44500.0,3769.6499999999996,333.0000540690187
46000.0,4012.6500000000005,336.0001086901699
45500.0,7898.849999999999,296.0000867824995
46000.0,6084.449999999999,298.0000938876899
44500.0,7250.849999999999,291.0000779010115
46000.0,7493.85,294.0001325221627
46500.0,6732.449999999999,298.0001267491955
45000.0,7898.849999999999,291.0001107625171
46500.0,8141.85,294.0001653836683
45500.0,6084.449999999999,293.0001178677075
47000.0,6327.45,296.0001724888587
45500.0,7493.85,289.0001565021803
29000.0,139.482,290.00000337940617
29500.0,152.982,290.00000345341857
29500.0,3634.182,248.0000272854114
30000.0,4282.182,248.00006014691698
30500.0,2467.7819999999997,250.00006725210739
29000.0,3634.182,243.000051265429
30500.0,3877.1820000000002,246.00010588658017
29500.0,139.482,310.00000337940617
29500.0,3620.682,268.00002721139896
30000.0,4268.682,268.0000600729046
30500.0,2454.2819999999997,270.000067178095
29000.0,3620.682,263.00005119141656
30500.0,3863.6820000000002,266.00010581256777
30000.0,3634.182,268.00002728541136
30500.0,4282.182,268.000060146917
31000.0,2467.7819999999997,270.0000672521074
29500.0,3634.182,263.00005126542897
31000.0,3877.1820000000002,266.0001058865802
30500.0,7763.382,226.00008397890977
31000.0,5948.982,228.00009108410018
29500.0,7115.382,221.00007509742179
31000.0,7358.382,224.000129718573
31500.0,6596.982,228.0001239456058
30000.0,7763.382,221.00010795892737
31500.0,8006.382,224.00016258007858
30500.0,5948.982,223.00011506411778
32000.0,6191.982,226.000169685269
30500.0,7358.382,219.0001536985906
30000.0,152.982,310.00000345341857
30000.0,3634.182,268.00002728541136
30500.0,4282.182,268.000060146917
31000.0,2467.7819999999997,270.0000672521074
29500.0,3634.182,263.00005126542897
31000.0,3877.1820000000002,266.0001058865802
30500.0,3647.682,268.00002735942377
31000.0,4295.682,268.00006022092936
31500.0,2481.2819999999997,270.0000673261198
30000.0,3647.682,263.00005133944137
31500.0,3890.6820000000002,266.0001059605926
31000.0,7776.882,226.00008405292218
31500.0,5962.482,228.00009115811258
30000.0,7128.882,221.0000751714342
31500.0,7371.882,224.0001297925854
32000.0,6610.482,228.0001240196182
30500.0,7776.882,221.00010803293978
32000.0,8019.882,224.00016265409099
31000.0,5962.482,223.00011513813018
32500.0,6205.482,226.0001697592814
31000.0,7371.882,219.00015377260297
30500.0,3634.182,288.00002728541136
31000.0,4282.182,288.000060146917
31500.0,2467.7819999999997,290.0000672521074
30000.0,3634.182,283.00005126542897
31500.0,3877.1820000000002,286.0001058865802
31000.0,7763.382,246.00008397890977
31500.0,5948.982,248.00009108410018
30000.0,7115.382,241.00007509742179
31500.0,7358.382,244.000129718573
32000.0,6596.982,248.0001239456058
30500.0,7763.382,241.00010795892737
32000.0,8006.382,244.00016258007858
31000.0,5948.982,243.00011506411778
32500.0,6191.982,246.000169685269
31000.0,7358.382,239.0001536985906
31500.0,7776.882,246.00008405292218
32000.0,5962.482,248.00009115811258
30500.0,7128.882,241.0000751714342
32000.0,7371.882,244.0001297925854
32500.0,6610.482,248.0001240196182
31000.0,7776.882,241.00010803293978
32500.0,8019.882,244.00016265409099
31500.0,5962.482,243.00011513813018
33000.0,6205.482,246.0001697592814
31500.0,7371.882,239.00015377260297
32500.0,10091.681999999999,206.000147851611
31000.0,11258.081999999999,199.0001318649326
32500.0,11501.082,202.00018648608378
31500.0,9443.682,201.00013897012298
33000.0,9686.682,204.00019359127418
31500.0,10853.082,197.0001776045958
32000.0,10091.682,201.0001718316286
33500.0,10334.682,204.00022645277977
32000.0,11501.082,197.00021046610138
32500.0,9686.682,199.00021757129178
30000.0,200.71800000000002,290.0000040988067
30500.0,214.21800000000002,290.0000041728191
30500.0,3695.4179999999997,248.00002800481192
31000.0,4343.418,248.0000608663175
31500.0,2529.0179999999996,250.00006797150792
30000.0,3695.4179999999997,243.00005198482953
31500.0,3938.418,246.0001066059807
30500.0,200.71800000000002,310.0000040988067
30500.0,3681.9179999999997,268.0000279307995
31000.0,4329.918,268.00006079230513
31500.0,2515.5179999999996,270.0000678974955
30000.0,3681.9179999999997,263.0000519108171
31500.0,3924.918,266.0001065319683
31000.0,3695.4179999999997,268.0000280048119
31500.0,4343.418,268.00006086631754
32000.0,2529.0179999999996,270.0000679715079
30500.0,3695.4179999999997,263.0000519848295
32000.0,3938.418,266.0001066059807
31500.0,7824.6179999999995,226.0000846983103
32000.0,6010.217999999999,228.0000918035007
30500.0,7176.6179999999995,221.00007581682232
32000.0,7419.618,224.00013043797352
32500.0,6658.217999999999,228.00012466500633
31000.0,7824.6179999999995,221.0001086783279
32500.0,8067.618,224.0001632994791
31500.0,6010.217999999999,223.0001157835183
33000.0,6253.218,226.00017040466952
31500.0,7419.618,219.0001544179911
31000.0,214.21800000000002,310.0000041728191
31000.0,3695.4179999999997,268.0000280048119
31500.0,4343.418,268.00006086631754
32000.0,2529.0179999999996,270.0000679715079
30500.0,3695.4179999999997,263.0000519848295
32000.0,3938.418,266.0001066059807
31500.0,3708.9179999999997,268.0000280788243
32000.0,4356.918,268.0000609403299
32500.0,2542.5179999999996,270.0000680455203
31000.0,3708.9179999999997,263.0000520588419
32500.0,3951.918,266.0001066799931
32000.0,7838.1179999999995,226.0000847723227
32500.0,6023.717999999999,228.0000918775131
31000.0,7190.1179999999995,221.00007589083472
32500.0,7433.118,224.0001305119859
33000.0,6671.717999999999,228.0001247390187
31500.0,7838.1179999999995,221.0001087523403
33000.0,8081.118,224.00016337349152
32000.0,6023.717999999999,223.00011585753072
33500.0,6266.718,226.00017047868192
32000.0,7433.118,219.0001544920035
31500.0,3695.4179999999997,288.0000280048119
32000.0,4343.418,288.00006086631754
32500.0,2529.0179999999996,290.0000679715079
31000.0,3695.4179999999997,283.0000519848295
32500.0,3938.418,286.0001066059807
32000.0,7824.6179999999995,246.0000846983103
32500.0,6010.217999999999,248.0000918035007
31000.0,7176.6179999999995,241.00007581682232
32500.0,7419.618,244.00013043797352
33000.0,6658.217999999999,248.00012466500633
31500.0,7824.6179999999995,241.0001086783279
33000.0,8067.618,244.0001632994791
32000.0,6010.217999999999,243.0001157835183
33500.0,6253.218,246.00017040466952
32000.0,7419.618,239.0001544179911
32500.0,7838.1179999999995,246.0000847723227
33000.0,6023.717999999999,248.0000918775131
31500.0,7190.1179999999995,241.00007589083472
33000.0,7433.118,244.0001305119859
33500.0,6671.717999999999,248.0001247390187
32000.0,7838.1179999999995,241.0001087523403
33500.0,8081.118,244.00016337349152
32500.0,6023.717999999999,243.00011585753072
34000.0,6266.718,246.00017047868192
32500.0,7433.118,239.0001544920035
33500.0,10152.918,206.00014857101152
32000.0,11319.318,199.0001325843331
33500.0,11562.318,202.0001872054843
32500.0,9504.917999999998,201.0001396895235
34000.0,9747.918,204.00019431067471
32500.0,10914.318,197.00017832399632
33000.0,10152.917999999998,201.00017255102912
34500.0,10395.918,204.0002271721803
33000.0,11562.318,197.0002111855019
33500.0,9747.918,199.00021829069232
16000.0,78.75,240.0000013692294
16000.0,3559.95,198.0000252012222
16500.0,4207.95,198.0000580627278
17000.0,2393.5499999999997,200.0000651679182
15500.0,3559.95,193.0000491812398
17000.0,3802.9500000000003,196.000103802391
16500.0,3573.45,198.0000252752346
17000.0,4221.45,198.0000581367402
17500.0,2407.0499999999997,200.0000652419306
16000.0,3573.45,193.0000492552522
17500.0,3816.4500000000003,196.0001038764034
17000.0,7702.65,156.000081968733
17500.0,5888.25,158.0000890739234
16000.0,7054.65,151.000073087245
17500.0,7297.65,154.0001277083962
18000.0,6536.25,158.000121935429
16500.0,7702.65,151.0001059487506
18000.0,7945.65,154.0001605699018
17000.0,5888.25,153.000113053941
18500.0,6131.25,156.0001676750922
17000.0,7297.65,149.0001516884138
16500.0,3559.95,218.0000252012222
17000.0,4207.95,218.0000580627278
17500.0,2393.5499999999997,220.0000651679182
16000.0,3559.95,213.0000491812398
17500.0,3802.9500000000003,216.000103802391
17000.0,7689.15,176.0000818947206
17500.0,5874.75,178.000088999911
16000.0,7041.15,171.0000730132326
17500.0,7284.15,174.0001276343838
18000.0,6522.75,178.0001218614166
16500.0,7689.15,171.0001058747382
18000.0,7932.15,174.0001604958894
17000.0,5874.75,173.0001129799286
18500.0,6117.75,176.0001676010798
17000.0,7284.15,169.0001516144014
17500.0,7702.65,176.000081968733
18000.0,5888.25,178.0000890739234
16500.0,7054.65,171.000073087245
18000.0,7297.65,174.0001277083962
18500.0,6536.25,178.000121935429
17000.0,7702.65,171.0001059487506
18500.0,7945.65,174.0001605699018
17500.0,5888.25,173.000113053941
19000.0,6131.25,176.0001676750922
17500.0,7297.65,169.0001516884138
18500.0,10017.449999999999,136.0001457674218
17000.0,11183.849999999999,129.0001297807434
18500.0,11426.85,132.0001844018946
17500.0,9369.45,131.0001368859338
19000.0,9612.45,134.000191507085
17500.0,10778.85,127.0001755204066
18000.0,10017.45,131.0001697474394
19500.0,10260.45,134.0002243685906
18000.0,11426.85,127.0002083819122
18500.0,9612.45,129.0002154871026
17000.0,3573.45,218.0000252752346
17500.0,4221.45,218.0000581367402
18000.0,2407.0499999999997,220.0000652419306
16500.0,3573.45,213.0000492552522
18000.0,3816.4500000000003,216.0001038764034
17500.0,7702.65,176.000081968733
18000.0,5888.25,178.0000890739234
16500.0,7054.65,171.000073087245
18000.0,7297.65,174.0001277083962
18500.0,6536.25,178.000121935429
17000.0,7702.65,171.0001059487506
18500.0,7945.65,174.0001605699018
17500.0,5888.25,173.000113053941
19000.0,6131.25,176.0001676750922
17500.0,7297.65,169.0001516884138
18000.0,7716.15,176.0000820427454
18500.0,5901.75,178.0000891479358
17000.0,7068.15,171.0000731612574
18500.0,7311.15,174.0001277824086
19000.0,6549.75,178.0001220094414
17500.0,7716.15,171.000106022763
19000.0,7959.15,174.0001606439142
18000.0,5901.75,173.0001131279534
19500.0,6144.75,176.0001677491046
18000.0,7311.15,169.0001517624262
19000.0,10030.949999999999,136.0001458414342
17500.0,11197.349999999999,129.0001298547558
19000.0,11440.35,132.000184475907
18000.0,9382.95,131.0001369599462
19500.0,9625.95,134.0001915810974
18000.0,10792.35,127.000175594419
18500.0,10030.95,131.0001698214518
20000.0,10273.95,134.000224442603
18500.0,11440.35,127.0002084559246
19000.0,9625.95,129.000215561115
18000.0,7702.65,196.000081968733
18500.0,5888.25,198.0000890739234
17000.0,7054.65,191.000073087245
18500.0,7297.65,194.0001277083962
19000.0,6536.25,198.000121935429
17500.0,7702.65,191.0001059487506
19000.0,7945.65,194.0001605699018
18000.0,5888.25,193.000113053941
19500.0,6131.25,196.0001676750922
18000.0,7297.65,189.0001516884138
19000.0,10017.449999999999,156.0001457674218
17500.0,11183.849999999999,149.0001297807434
19000.0,11426.85,152.0001844018946
18000.0,9369.45,151.0001368859338
19500.0,9612.45,154.000191507085
18000.0,10778.85,147.0001755204066
18500.0,10017.45,151.0001697474394
20000.0,10260.45,154.0002243685906
18500.0,11426.85,147.0002083819122
19000.0,9612.45,149.0002154871026
19500.0,10030.949999999999,156.0001458414342
18000.0,11197.349999999999,149.0001298547558
19500.0,11440.35,152.000184475907
18500.0,9382.95,151.0001369599462
20000.0,9625.95,154.0001915810974
18500.0,10792.35,147.000175594419
19000.0,10030.95,151.0001698214518
20500.0,10273.95,154.000224442603
19000.0,11440.35,147.0002084559246
19500.0,9625.95,149.000215561115
19000.0,13512.149999999998,109.0001936534446
20500.0,13755.15,112.0002482745958
19000.0,14921.55,105.0002322879174
19500.0,13107.150000000001,107.0002393931078
20000.0,13755.150000000001,107.0002722546134
45500.0,301.20000000000005,340.0000064913809
45500.0,287.70000000000005,360.00000641736847
46000.0,301.20000000000005,360.0000064913809
46000.0,3782.3999999999996,318.0000303233737
46500.0,4430.4,318.0000631848793
47000.0,2616.0,320.0000702900697
45500.0,3782.3999999999996,313.0000543033913
47000.0,4025.4000000000005,316.0001089245425
46000.0,301.20000000000005,360.0000064913809
46500.0,314.70000000000005,360.0000065653933
46500.0,3795.8999999999996,318.00003039738607
47000.0,4443.9,318.0000632588917
47500.0,2629.5,320.0000703640821
46000.0,3795.8999999999996,313.00005437740367
47500.0,4038.9000000000005,316.0001089985549
46500.0,301.20000000000005,380.0000064913809
46500.0,3782.3999999999996,338.0000303233737
47000.0,4430.4,338.0000631848793
47500.0,2616.0,340.0000702900697
46000.0,3782.3999999999996,333.0000543033913
47500.0,4025.4000000000005,336.0001089245425
47000.0,3795.8999999999996,338.00003039738607
47500.0,4443.9,338.0000632588917
48000.0,2629.5,340.0000703640821
46500.0,3795.8999999999996,333.00005437740367
48000.0,4038.9000000000005,336.0001089985549
47500.0,7925.099999999999,296.0000870908845
48000.0,6110.699999999999,298.0000941960749
46500.0,7277.099999999999,291.0000782093965
48000.0,7520.1,294.00013283054767
48500.0,6758.699999999999,298.00012705758047
47000.0,7925.099999999999,291.0001110709021
48500.0,8168.1,294.0001656920533
47500.0,6110.7,293.0001181760925
49000.0,6353.700000000001,296.0001727972437
47500.0,7520.1,289.0001568105653
31000.0,165.732,290.0000036877912
31500.0,179.232,290.0000037618036
31500.0,3660.432,248.00002759379637
32000.0,4308.432,248.000060455302
32500.0,2494.0319999999997,250.0000675604924
31000.0,3660.432,243.00005157381398
32500.0,3903.4320000000002,246.00010619496518
31500.0,165.732,310.0000036877912
31500.0,3646.932,268.000027519784
32000.0,4294.932,268.0000603812896
32500.0,2480.5319999999997,270.00006748647996
31000.0,3646.932,263.0000514998016
32500.0,3889.9320000000002,266.0001061209528
32000.0,3660.432,268.0000275937964
32500.0,4308.432,268.000060455302
33000.0,2494.0319999999997,270.00006756049237
31500.0,3660.432,263.000051573814
33000.0,3903.4320000000002,266.00010619496516
32500.0,7789.632,226.00008428729478
33000.0,5975.232,228.0000913924852
31500.0,7141.632,221.0000754058068
33000.0,7384.632,224.00013002695798
33500.0,6623.232,228.00012425399078
32000.0,7789.632,221.00010826731238
33500.0,8032.632,224.0001628884636
32500.0,5975.232,223.0001153725028
34000.0,6218.232,226.000169993654
32500.0,7384.632,219.00015400697558
32000.0,179.232,310.0000037618036
32000.0,3660.432,268.0000275937964
32500.0,4308.432,268.000060455302
33000.0,2494.0319999999997,270.00006756049237
31500.0,3660.432,263.000051573814
33000.0,3903.4320000000002,266.00010619496516
32500.0,3673.932,268.0000276678088
33000.0,4321.932,268.0000605293144
33500.0,2507.5319999999997,270.0000676345048
32000.0,3673.932,263.0000516478264
33500.0,3916.9320000000002,266.00010626897756
33000.0,7803.132,226.0000843613072
33500.0,5988.732,228.0000914664976
32000.0,7155.132,221.00007547981917
33500.0,7398.132,224.00013010097038
34000.0,6636.732,228.00012432800318
32500.0,7803.132,221.0001083413248
34000.0,8046.132,224.000162962476
33000.0,5988.732,223.0001154465152
34500.0,6231.732,226.00017006766637
33000.0,7398.132,219.00015408098798
32500.0,3660.432,288.0000275937964
33000.0,4308.432,288.000060455302
33500.0,2494.0319999999997,290.00006756049237
32000.0,3660.432,283.000051573814
33500.0,3903.4320000000002,286.00010619496516
33000.0,7789.632,246.00008428729478
33500.0,5975.232,248.0000913924852
32000.0,7141.632,241.0000754058068
33500.0,7384.632,244.00013002695798
34000.0,6623.232,248.00012425399078
32500.0,7789.632,241.00010826731238
34000.0,8032.632,244.0001628884636
33000.0,5975.232,243.0001153725028
34500.0,6218.232,246.000169993654
33000.0,7384.632,239.00015400697558
33500.0,7803.132,246.0000843613072
34000.0,5988.732,248.0000914664976
32500.0,7155.132,241.00007547981917
34000.0,7398.132,244.00013010097038
34500.0,6636.732,248.00012432800318
33000.0,7803.132,241.0001083413248
34500.0,8046.132,244.000162962476
33500.0,5988.732,243.0001154465152
35000.0,6231.732,246.00017006766637
33500.0,7398.132,239.00015408098798
34500.0,10117.931999999999,206.00014815999597
33000.0,11284.331999999999,199.00013217331758
34500.0,11527.332,202.0001867944688
33500.0,9469.932,201.000139278508
35000.0,9712.932,204.0001938996592
33500.0,10879.332,197.00017791298077
34000.0,10117.932,201.00017214001358
35500.0,10360.932,204.00022676116478
34000.0,11527.332,197.0002107744864
34500.0,9712.932,199.0002178796768
32000.0,226.96800000000002,290.00000440719174
32500.0,240.46800000000002,290.0000044812041
32500.0,3721.6679999999997,248.0000283131969
33000.0,4369.668,248.00006117470252
33500.0,2555.2679999999996,250.0000682798929
32000.0,3721.6679999999997,243.0000522932145
33500.0,3964.668,246.00010691436572
32500.0,226.96800000000002,310.00000440719174
32500.0,3708.1679999999997,268.00002823918453
33000.0,4356.168,268.0000611006901
33500.0,2541.7679999999996,270.0000682058805
32000.0,3708.1679999999997,263.00005221920213
33500.0,3951.168,266.00010684035334
33000.0,3721.6679999999997,268.00002831319694
33500.0,4369.668,268.0000611747025
34000.0,2555.2679999999996,270.0000682798929
32500.0,3721.6679999999997,263.00005229321454
34000.0,3964.668,266.0001069143657
33500.0,7850.8679999999995,226.00008500669531
34000.0,6036.467999999999,228.00009211188572
32500.0,7202.8679999999995,221.0000761252073
34000.0,7445.868,224.0001307463585
34500.0,6684.467999999999,228.0001249733913
33000.0,7850.8679999999995,221.00010898671292
34500.0,8093.868,224.00016360786412
33500.0,6036.467999999999,223.00011609190332
35000.0,6279.468,226.0001707130545
33500.0,7445.868,219.0001547263761
33000.0,240.46800000000002,310.0000044812041
33000.0,3721.6679999999997,268.00002831319694
33500.0,4369.668,268.0000611747025
34000.0,2555.2679999999996,270.0000682798929
32500.0,3721.6679999999997,263.00005229321454
34000.0,3964.668,266.0001069143657
33500.0,3735.1679999999997,268.0000283872093
34000.0,4383.168,268.0000612487149
34500.0,2568.7679999999996,270.0000683539053
33000.0,3735.1679999999997,263.0000523672269
34500.0,3978.168,266.0001069883781
34000.0,7864.3679999999995,226.00008508070772
34500.0,6049.967999999999,228.00009218589813
33000.0,7216.3679999999995,221.0000761992197
34500.0,7459.368,224.0001308203709
35000.0,6697.967999999999,228.0001250474037
33500.0,7864.3679999999995,221.00010906072532
35000.0,8107.368,224.0001636818765
34000.0,6049.967999999999,223.0001161659157
35500.0,6292.968,226.0001707870669
34000.0,7459.368,219.00015480038851
33500.0,3721.6679999999997,288.00002831319694
34000.0,4369.668,288.0000611747025
34500.0,2555.2679999999996,290.0000682798929
33000.0,3721.6679999999997,283.00005229321454
34500.0,3964.668,286.0001069143657
34000.0,7850.8679999999995,246.00008500669531
34500.0,6036.467999999999,248.00009211188572
33000.0,7202.8679999999995,241.0000761252073
34500.0,7445.868,244.0001307463585
35000.0,6684.467999999999,248.0001249733913
33500.0,7850.8679999999995,241.00010898671292
35000.0,8093.868,244.00016360786412
34000.0,6036.467999999999,243.00011609190332
35500.0,6279.468,246.0001707130545
34000.0,7445.868,239.0001547263761
34500.0,7864.3679999999995,246.00008508070772
35000.0,6049.967999999999,248.00009218589813
33500.0,7216.3679999999995,241.0000761992197
35000.0,7459.368,244.0001308203709
35500.0,6697.967999999999,248.0001250474037
34000.0,7864.3679999999995,241.00010906072532
35500.0,8107.368,244.0001636818765
34500.0,6049.967999999999,243.0001161659157
36000.0,6292.968,246.0001707870669
34500.0,7459.368,239.00015480038851
35500.0,10179.168,206.0001488793965
34000.0,11345.568,199.0001328927181
35500.0,11588.568,202.00018751386932
34500.0,9531.167999999998,201.00013999790852
36000.0,9774.168,204.0001946190597
34500.0,10940.568,197.0001786323813
35000.0,10179.167999999998,201.0001728594141
36500.0,10422.168,204.00022748056531
35000.0,11588.568,197.00021149388692
35500.0,9774.168,199.0002185990773
18000.0,105.0,240.0000016776144
18000.0,3586.2,198.0000255096072
18500.0,4234.2,198.0000583711128
19000.0,2419.7999999999997,200.0000654763032
17500.0,3586.2,193.0000494896248
19000.0,3829.2000000000003,196.000104110776
18500.0,3599.7,198.0000255836196
19000.0,4247.7,198.0000584451252
19500.0,2433.2999999999997,200.0000655503156
18000.0,3599.7,193.0000495636372
19500.0,3842.7000000000003,196.0001041847884
19000.0,7728.9,156.000082277118
19500.0,5914.5,158.0000893823084
18000.0,7080.9,151.00007339563
19500.0,7323.9,154.0001280167812
20000.0,6562.5,158.000122243814
18500.0,7728.9,151.0001062571356
20000.0,7971.9,154.0001608782868
19000.0,5914.5,153.000113362326
20500.0,6157.5,156.0001679834772
19000.0,7323.9,149.0001519967988
18500.0,3586.2,218.0000255096072
19000.0,4234.2,218.0000583711128
19500.0,2419.7999999999997,220.0000654763032
18000.0,3586.2,213.0000494896248
19500.0,3829.2000000000003,216.000104110776
19000.0,7715.4,176.0000822031056
19500.0,5901.0,178.000089308296
18000.0,7067.4,171.0000733216176
19500.0,7310.4,174.0001279427688
20000.0,6549.0,178.0001221698016
18500.0,7715.4,171.0001061831232
20000.0,7958.4,174.0001608042744
19000.0,5901.0,173.0001132883136
20500.0,6144.0,176.0001679094648
19000.0,7310.4,169.0001519227864
19500.0,7728.9,176.000082277118
20000.0,5914.5,178.0000893823084
18500.0,7080.9,171.00007339563
20000.0,7323.9,174.0001280167812
20500.0,6562.5,178.000122243814
19000.0,7728.9,171.0001062571356
20500.0,7971.9,174.0001608782868
19500.0,5914.5,173.000113362326
21000.0,6157.5,176.0001679834772
19500.0,7323.9,169.0001519967988
20500.0,10043.699999999999,136.0001460758068
19000.0,11210.099999999999,129.0001300891284
20500.0,11453.1,132.0001847102796
19500.0,9395.7,131.0001371943188
21000.0,9638.7,134.00019181547
19500.0,10805.1,127.0001758287916
20000.0,10043.7,131.0001700558244
21500.0,10286.7,134.0002246769756
20000.0,11453.1,127.0002086902972
20500.0,9638.7,129.0002157954876
19000.0,3599.7,218.0000255836196
19500.0,4247.7,218.0000584451252
20000.0,2433.2999999999997,220.0000655503156
18500.0,3599.7,213.0000495636372
20000.0,3842.7000000000003,216.0001041847884
19500.0,7728.9,176.000082277118
20000.0,5914.5,178.0000893823084
18500.0,7080.9,171.00007339563
20000.0,7323.9,174.0001280167812
20500.0,6562.5,178.000122243814
19000.0,7728.9,171.0001062571356
20500.0,7971.9,174.0001608782868
19500.0,5914.5,173.000113362326
21000.0,6157.5,176.0001679834772
19500.0,7323.9,169.0001519967988
20000.0,7742.4,176.0000823511304
20500.0,5928.0,178.0000894563208
19000.0,7094.4,171.0000734696424
20500.0,7337.4,174.0001280907936
21000.0,6576.0,178.0001223178264
19500.0,7742.4,171.000106331148
21000.0,7985.4,174.0001609522992
20000.0,5928.0,173.0001134363384
21500.0,6171.0,176.0001680574896
20000.0,7337.4,169.0001520708112
21000.0,10057.199999999999,136.0001461498192
19500.0,11223.599999999999,129.0001301631408
21000.0,11466.6,132.000184784292
20000.0,9409.2,131.0001372683312
21500.0,9652.2,134.0001918894824
20000.0,10818.6,127.000175902804
20500.0,10057.2,131.0001701298368
22000.0,10300.2,134.000224750988
20500.0,11466.6,127.0002087643096
21000.0,9652.2,129.0002158695
20000.0,7728.9,196.000082277118
20500.0,5914.5,198.0000893823084
19000.0,7080.9,191.00007339563
20500.0,7323.9,194.0001280167812
21000.0,6562.5,198.000122243814
19500.0,7728.9,191.0001062571356
21000.0,7971.9,194.0001608782868
20000.0,5914.5,193.000113362326
21500.0,6157.5,196.0001679834772
20000.0,7323.9,189.0001519967988
21000.0,10043.699999999999,156.0001460758068
19500.0,11210.099999999999,149.0001300891284
21000.0,11453.1,152.0001847102796
20000.0,9395.7,151.0001371943188
21500.0,9638.7,154.00019181547
20000.0,10805.1,147.0001758287916
20500.0,10043.7,151.0001700558244
22000.0,10286.7,154.0002246769756
20500.0,11453.1,147.0002086902972
21000.0,9638.7,149.0002157954876
21500.0,10057.199999999999,156.0001461498192
20000.0,11223.599999999999,149.0001301631408
21500.0,11466.6,152.000184784292
20500.0,9409.2,151.0001372683312
22000.0,9652.2,154.0001918894824
20500.0,10818.6,147.000175902804
21000.0,10057.2,151.0001701298368
22500.0,10300.2,154.000224750988
21000.0,11466.6,147.0002087643096
21500.0,9652.2,149.0002158695
21000.0,13538.399999999998,109.0001939618296
22500.0,13781.4,112.0002485829808
21000.0,14947.8,105.0002325963024
21500.0,13133.400000000001,107.0002397014928
22000.0,13781.400000000001,107.0002725629984
35000.0,245.70000000000002,310.0000053318533
35500.0,259.20000000000005,310.0000054058657
35500.0,3740.3999999999996,268.0000292378585
36000.0,4388.4,268.0000620993641
36500.0,2573.9999999999995,270.0000692045545
35000.0,3740.3999999999996,263.0000532178761
36500.0,3983.4,266.0001078390273
35500.0,245.70000000000002,330.0000053318533
35500.0,3726.8999999999996,288.0000291638461
36000.0,4374.9,288.0000620253517
36500.0,2560.4999999999995,290.0000691305421
35000.0,3726.8999999999996,283.0000531438637
36500.0,3969.9,286.0001077650149
36000.0,3740.3999999999996,288.0000292378585
36500.0,4388.4,288.0000620993641
37000.0,2573.9999999999995,290.0000692045545
35500.0,3740.3999999999996,283.0000532178761
37000.0,3983.4,286.0001078390273
36500.0,7869.599999999999,246.0000859313569
37000.0,6055.199999999999,248.0000930365473
35500.0,7221.599999999999,241.0000770498689
37000.0,7464.6,244.00013167102009
37500.0,6703.199999999999,248.0001258980529
36000.0,7869.599999999999,241.0001099113745
37500.0,8112.6,244.0001645325257
36500.0,6055.199999999999,243.0001170165649
38000.0,6298.2,246.0001716377161
36500.0,7464.6,239.0001556510377
36000.0,259.20000000000005,330.0000054058657
36000.0,3740.3999999999996,288.0000292378585
36500.0,4388.4,288.0000620993641
37000.0,2573.9999999999995,290.0000692045545
35500.0,3740.3999999999996,283.0000532178761
37000.0,3983.4,286.0001078390273
36500.0,3753.8999999999996,288.0000293118709
37000.0,4401.9,288.0000621733765
37500.0,2587.4999999999995,290.0000692785669
36000.0,3753.8999999999996,283.0000532918885
37500.0,3996.9,286.0001079130397
37000.0,7883.099999999999,246.0000860053693
37500.0,6068.699999999999,248.0000931105597
36000.0,7235.099999999999,241.00007712388128
37500.0,7478.1,244.0001317450325
38000.0,6716.699999999999,248.0001259720653
36500.0,7883.099999999999,241.0001099853869
38000.0,8126.1,244.0001646065381
37000.0,6068.699999999999,243.0001170905773
38500.0,6311.7,246.00017171172848
37000.0,7478.1,239.0001557250501
36500.0,3740.3999999999996,308.0000292378585
37000.0,4388.4,308.0000620993641
37500.0,2573.9999999999995,310.0000692045545
36000.0,3740.3999999999996,303.0000532178761
37500.0,3983.4,306.0001078390273
37000.0,7869.599999999999,266.0000859313569
37500.0,6055.199999999999,268.0000930365473
36000.0,7221.599999999999,261.0000770498689
37500.0,7464.6,264.0001316710201
38000.0,6703.199999999999,268.0001258980529
36500.0,7869.599999999999,261.0001099113745
38000.0,8112.6,264.0001645325257
37000.0,6055.199999999999,263.0001170165649
38500.0,6298.2,266.0001716377161
37000.0,7464.6,259.0001556510377
37500.0,7883.099999999999,266.00008600536927
38000.0,6068.699999999999,268.0000931105597
36500.0,7235.099999999999,261.0000771238813
38000.0,7478.1,264.0001317450325
38500.0,6716.699999999999,268.0001259720653
37000.0,7883.099999999999,261.00010998538687
38500.0,8126.1,264.0001646065381
37500.0,6068.699999999999,263.0001170905773
39000.0,6311.7,266.0001717117285
37500.0,7478.1,259.0001557250501
38500.0,10197.9,226.00014980405808
37000.0,11364.3,219.0001338173797
38500.0,11607.3,222.0001884385309
37500.0,9549.899999999998,221.0001409225701
39000.0,9792.9,224.0001955437213
37500.0,10959.3,217.00017955704288
38000.0,10197.899999999998,221.00017378407568
39500.0,10440.9,224.0002284052269
38000.0,11607.3,217.0002124185485
38500.0,9792.9,219.0002195237389
21000.0,123.732,260.00000260227597
21000.0,3604.932,218.0000264342688
21500.0,4252.932,218.00005929577438
22000.0,2438.5319999999997,220.00006640096478
20500.0,3604.932,213.0000504142864
22000.0,3847.9320000000002,216.00010503543757
21500.0,3618.432,218.0000265082812
22000.0,4266.432,218.00005936978678
22500.0,2452.0319999999997,220.0000664749772
21000.0,3618.432,213.0000504882988
22500.0,3861.4320000000002,216.00010510944998
22000.0,7747.632,176.00008320177957
22500.0,5933.232,178.00009030696998
21000.0,7099.632,171.0000743202916
22500.0,7342.632,174.0001289414428
23000.0,6581.232,178.0001231684756
21500.0,7747.632,171.00010718179718
23000.0,7990.632,174.00016180294838
22000.0,5933.232,173.00011428698758
23500.0,6176.232,176.0001689081388
22000.0,7342.632,169.0001529214604
21500.0,3604.932,238.0000264342688
22000.0,4252.932,238.00005929577438
22500.0,2438.5319999999997,240.00006640096478
21000.0,3604.932,233.0000504142864
22500.0,3847.9320000000002,236.00010503543757
22000.0,7734.132,196.0000831277672
22500.0,5919.732,198.00009023295758
21000.0,7086.132,191.00007424627918
22500.0,7329.132,194.0001288674304
23000.0,6567.732,198.0001230944632
21500.0,7734.132,191.00010710778477
23000.0,7977.132,194.00016172893598
22000.0,5919.732,193.00011421297518
23500.0,6162.732,196.00016883412638
22000.0,7329.132,189.000152847448
22500.0,7747.632,196.00008320177957
23000.0,5933.232,198.00009030696998
21500.0,7099.632,191.0000743202916
23000.0,7342.632,194.0001289414428
23500.0,6581.232,198.0001231684756
22000.0,7747.632,191.00010718179718
23500.0,7990.632,194.00016180294838
22500.0,5933.232,193.00011428698758
24000.0,6176.232,196.0001689081388
22500.0,7342.632,189.0001529214604
23500.0,10062.431999999999,156.0001470004684
22000.0,11228.831999999999,149.00013101379
23500.0,11471.832,152.00018563494118
22500.0,9414.432,151.00013811898037
24000.0,9657.432,154.00019274013158
22500.0,10823.832,147.0001767534532
23000.0,10062.432,151.000170980486
24500.0,10305.432,154.0002256016372
23000.0,11471.832,147.00020961495878
23500.0,9657.432,149.00021672014918
22000.0,3618.432,238.0000265082812
22500.0,4266.432,238.00005936978678
23000.0,2452.0319999999997,240.0000664749772
21500.0,3618.432,233.0000504882988
23000.0,3861.4320000000002,236.00010510944998
22500.0,7747.632,196.00008320177957
23000.0,5933.232,198.00009030696998
21500.0,7099.632,191.0000743202916
23000.0,7342.632,194.0001289414428
23500.0,6581.232,198.0001231684756
22000.0,7747.632,191.00010718179718
23500.0,7990.632,194.00016180294838
22500.0,5933.232,193.00011428698758
24000.0,6176.232,196.0001689081388
22500.0,7342.632,189.0001529214604
23000.0,7761.132,196.00008327579198
23500.0,5946.732,198.00009038098239
22000.0,7113.132,191.000074394304
23500.0,7356.132,194.00012901545517
24000.0,6594.732,198.00012324248797
22500.0,7761.132,191.00010725580958
24000.0,8004.132,194.0001618769608
23000.0,5946.732,193.000114361
24500.0,6189.732,196.0001689821512
23000.0,7356.132,189.00015299547277
24000.0,10075.931999999999,156.0001470744808
22500.0,11242.331999999999,149.00013108780237
24000.0,11485.332,152.00018570895358
23000.0,9427.932,151.00013819299278
24500.0,9670.932,154.000192814144
23000.0,10837.332,147.0001768274656
23500.0,10075.932,151.0001710544984
25000.0,10318.932,154.00022567564957
23500.0,11485.332,147.00020968897118
24000.0,9670.932,149.0002167941616
23000.0,7747.632,216.00008320177957
23500.0,5933.232,218.00009030696998
22000.0,7099.632,211.0000743202916
23500.0,7342.632,214.0001289414428
24000.0,6581.232,218.0001231684756
22500.0,7747.632,211.00010718179718
24000.0,7990.632,214.00016180294838
23000.0,5933.232,213.00011428698758
24500.0,6176.232,216.0001689081388
23000.0,7342.632,209.0001529214604
24000.0,10062.431999999999,176.0001470004684
22500.0,11228.831999999999,169.00013101379
24000.0,11471.832,172.00018563494118
23000.0,9414.432,171.00013811898037
24500.0,9657.432,174.00019274013158
23000.0,10823.832,167.0001767534532
23500.0,10062.432,171.000170980486
25000.0,10305.432,174.0002256016372
23500.0,11471.832,167.00020961495878
24000.0,9657.432,169.00021672014918
24500.0,10075.931999999999,176.0001470744808
23000.0,11242.331999999999,169.00013108780237
24500.0,11485.332,172.00018570895358
23500.0,9427.932,171.00013819299278
25000.0,9670.932,174.000192814144
23500.0,10837.332,167.0001768274656
24000.0,10075.932,171.0001710544984
25500.0,10318.932,174.00022567564957
24000.0,11485.332,167.00020968897118
24500.0,9670.932,169.0002167941616
24000.0,13557.131999999998,129.0001948864912
25500.0,13800.132,132.0002495076424
24000.0,14966.532,125.00023352096399
24500.0,13152.132000000001,127.00024062615438
25000.0,13800.132000000001,127.00027348765998
22000.0,184.96800000000002,260.0000033216765
22000.0,3666.1679999999997,218.00002715366932
22500.0,4314.168,218.0000600151749
23000.0,2499.7679999999996,220.00006712036532
21500.0,3666.1679999999997,213.00005113368692
23000.0,3909.168,216.0001057548381
22500.0,3679.6679999999997,218.0000272276817
23000.0,4327.668,218.00006008918731
23500.0,2513.2679999999996,220.00006719437772
22000.0,3679.6679999999997,213.0000512076993
23500.0,3922.668,216.0001058288505
23000.0,7808.8679999999995,176.0000839211801
23500.0,5994.467999999999,178.0000910263705
22000.0,7160.8679999999995,171.00007503969212
23500.0,7403.868,174.0001296608433
24000.0,6642.467999999999,178.0001238878761
22500.0,7808.8679999999995,171.0001079011977
24000.0,8051.868,174.00016252234892
23000.0,5994.467999999999,173.0001150063881
24500.0,6237.468,176.00016962753932
23000.0,7403.868,169.0001536408609
22500.0,3666.1679999999997,238.00002715366932
23000.0,4314.168,238.0000600151749
23500.0,2499.7679999999996,240.00006712036532
22000.0,3666.1679999999997,233.00005113368692
23500.0,3909.168,236.0001057548381
23000.0,7795.3679999999995,196.0000838471677
23500.0,5980.967999999999,198.0000909523581
22000.0,7147.3679999999995,191.00007496567972
23500.0,7390.368,194.00012958683092
24000.0,6628.967999999999,198.00012381386372
22500.0,7795.3679999999995,191.0001078271853
24000.0,8038.368,194.0001624483365
23000.0,5980.967999999999,193.0001149323757
24500.0,6223.968,196.00016955352692
23000.0,7390.368,189.00015356684852
23500.0,7808.8679999999995,196.0000839211801
24000.0,5994.467999999999,198.0000910263705
22500.0,7160.8679999999995,191.00007503969212
24000.0,7403.868,194.0001296608433
24500.0,6642.467999999999,198.0001238878761
23000.0,7808.8679999999995,191.0001079011977
24500.0,8051.868,194.00016252234892
23500.0,5994.467999999999,193.0001150063881
25000.0,6237.468,196.00016962753932
23500.0,7403.868,189.0001536408609
24500.0,10123.668,156.00014771986892
23000.0,11290.068,149.0001317331905
24500.0,11533.068,152.0001863543417
23500.0,9475.667999999998,151.0001388383809
25000.0,9718.668,154.0001934595321
23500.0,10885.068,147.00017747285372
24000.0,10123.667999999998,151.00017169988652
25500.0,10366.668,154.0002263210377
24000.0,11533.068,147.0002103343593
24500.0,9718.668,149.00021743954971
23000.0,3679.6679999999997,238.0000272276817
23500.0,4327.668,238.00006008918731
24000.0,2513.2679999999996,240.00006719437772
22500.0,3679.6679999999997,233.0000512076993
24000.0,3922.668,236.0001058288505
23500.0,7808.8679999999995,196.0000839211801
24000.0,5994.467999999999,198.0000910263705
22500.0,7160.8679999999995,191.00007503969212
24000.0,7403.868,194.0001296608433
24500.0,6642.467999999999,198.0001238878761
23000.0,7808.8679999999995,191.0001079011977
24500.0,8051.868,194.00016252234892
23500.0,5994.467999999999,193.0001150063881
25000.0,6237.468,196.00016962753932
23500.0,7403.868,189.0001536408609
24000.0,7822.3679999999995,196.0000839951925
24500.0,6007.967999999999,198.00009110038292
23000.0,7174.3679999999995,191.00007511370453
24500.0,7417.368,194.0001297348557
25000.0,6655.967999999999,198.0001239618885
23500.0,7822.3679999999995,191.0001079752101
25000.0,8065.368,194.00016259636132
24000.0,6007.967999999999,193.00011508040052
25500.0,6250.968,196.0001697015517
24000.0,7417.368,189.0001537148733
25000.0,10137.168,156.00014779388133
23500.0,11303.568,149.0001318072029
25000.0,11546.568,152.0001864283541
24000.0,9489.167999999998,151.0001389123933
25500.0,9732.168,154.00019353354452
24000.0,10898.568,147.0001775468661
24500.0,10137.167999999998,151.0001717738989
26000.0,10380.168,154.0002263950501
24500.0,11546.568,147.00021040837171
25000.0,9732.168,149.00021751356212
24000.0,7808.8679999999995,216.0000839211801
24500.0,5994.467999999999,218.0000910263705
23000.0,7160.8679999999995,211.00007503969212
24500.0,7403.868,214.0001296608433
25000.0,6642.467999999999,218.0001238878761
23500.0,7808.8679999999995,211.0001079011977
25000.0,8051.868,214.00016252234892
24000.0,5994.467999999999,213.0001150063881
25500.0,6237.468,216.00016962753932
24000.0,7403.868,209.0001536408609
25000.0,10123.668,176.00014771986892
23500.0,11290.068,169.0001317331905
25000.0,11533.068,172.0001863543417
24000.0,9475.667999999998,171.0001388383809
25500.0,9718.668,174.0001934595321
24000.0,10885.068,167.00017747285372
24500.0,10123.667999999998,171.00017169988652
26000.0,10366.668,174.0002263210377
24500.0,11533.068,167.0002103343593
25000.0,9718.668,169.00021743954971
25500.0,10137.168,176.00014779388133
24000.0,11303.568,169.0001318072029
25500.0,11546.568,172.0001864283541
24500.0,9489.167999999998,171.0001389123933
26000.0,9732.168,174.00019353354452
24500.0,10898.568,167.0001775468661
25000.0,10137.167999999998,171.0001717738989
26500.0,10380.168,174.0002263950501
25000.0,11546.568,167.00021040837171
25500.0,9732.168,169.00021751356212
25000.0,13618.367999999999,129.00019560589172
26500.0,13861.368,132.00025022704293
25000.0,15027.768,125.0002342403645
25500.0,13213.367999999999,127.00024134555491
26000.0,13861.367999999999,127.00027420706051
8000.0,3544.2,168.000024424092
8500.0,4192.2,168.0000572855976
9000.0,2377.7999999999997,170.000064390788
7500.0,3544.2,163.0000484041096
9000.0,3787.2000000000003,166.0001030252608
8500.0,7673.4,126.0000811175904
9000.0,5859.0,128.0000882227808
7500.0,7025.4,121.0000722361024
9000.0,7268.4,124.0001268572536
9500.0,6507.0,128.0001210842864
8000.0,7673.4,121.000105097608
9500.0,7916.4,124.0001597187592
8500.0,5859.0,123.0001122027984
10000.0,6102.0,126.0001668239496
8500.0,7268.4,119.0001508372712
9000.0,7686.9,126.0000811916028
9500.0,5872.5,128.0000882967932
8000.0,7038.9,121.0000723101148
9500.0,7281.9,124.000126931266
10000.0,6520.5,128.0001211582988
8500.0,7686.9,121.0001051716204
10000.0,7929.9,124.0001597927716
9000.0,5872.5,123.0001122768108
10500.0,6115.5,126.000166897962
9000.0,7281.9,119.0001509112836
10000.0,10001.699999999999,86.0001449902916
8500.0,11168.099999999999,79.0001290036132
10000.0,11411.1,82.0001836247644
9000.0,9353.7,81.0001361088036
10500.0,9596.7,84.0001907299548
9000.0,10763.1,77.0001747432764
9500.0,10001.7,81.0001689703092
11000.0,10244.7,84.0002235914604
9500.0,11411.1,77.000207604782
10000.0,9596.7,79.0002147099724
9000.0,7673.4,146.0000811175904
9500.0,5859.0,148.0000882227808
8000.0,7025.4,141.0000722361024
9500.0,7268.4,144.0001268572536
10000.0,6507.0,148.0001210842864
8500.0,7673.4,141.000105097608
10000.0,7916.4,144.0001597187592
9000.0,5859.0,143.0001122027984
10500.0,6102.0,146.0001668239496
9000.0,7268.4,139.0001508372712
10000.0,9988.199999999999,106.0001449162792
8500.0,11154.599999999999,99.0001289296008
10000.0,11397.6,102.000183550752
9000.0,9340.2,101.0001360347912
10500.0,9583.2,104.0001906559424
9000.0,10749.6,97.000174669264
9500.0,9988.2,101.0001688962968
11000.0,10231.2,104.000223517448
9500.0,11397.6,97.0002075307696
10000.0,9583.2,99.00021463596
10500.0,10001.699999999999,106.0001449902916
9000.0,11168.099999999999,99.0001290036132
10500.0,11411.1,102.0001836247644
9500.0,9353.7,101.0001361088036
11000.0,9596.7,104.0001907299548
9500.0,10763.1,97.0001747432764
10000.0,10001.7,101.0001689703092
11500.0,10244.7,104.0002235914604
10000.0,11411.1,97.000207604782
10500.0,9596.7,99.0002147099724
10000.0,13482.899999999998,59.000192802302
11500.0,13725.9,62.0002474234532
10000.0,14892.3,55.0002314367748
10500.0,13077.900000000001,57.0002385419652
11000.0,13725.900000000001,57.0002714034708
9500.0,7686.9,146.0000811916028
10000.0,5872.5,148.0000882967932
8500.0,7038.9,141.0000723101148
10000.0,7281.9,144.000126931266
10500.0,6520.5,148.0001211582988
9000.0,7686.9,141.0001051716204
10500.0,7929.9,144.0001597927716
9500.0,5872.5,143.0001122768108
11000.0,6115.5,146.000166897962
9500.0,7281.9,139.0001509112836
10500.0,10001.699999999999,106.0001449902916
9000.0,11168.099999999999,99.0001290036132
10500.0,11411.1,102.0001836247644
9500.0,9353.7,101.0001361088036
11000.0,9596.7,104.0001907299548
9500.0,10763.1,97.0001747432764
10000.0,10001.7,101.0001689703092
11500.0,10244.7,104.0002235914604
10000.0,11411.1,97.000207604782
10500.0,9596.7,99.0002147099724
11000.0,10015.199999999999,106.000145064304
9500.0,11181.599999999999,99.0001290776256
11000.0,11424.6,102.0001836987768
10000.0,9367.2,101.000136182816
11500.0,9610.2,104.0001908039672
10000.0,10776.6,97.0001748172888
10500.0,10015.2,101.0001690443216
12000.0,10258.2,104.0002236654728
10500.0,11424.6,97.0002076787944
11000.0,9610.2,99.0002147839848
10500.0,13496.399999999998,59.0001928763144
12000.0,13739.4,62.0002474974656
10500.0,14905.8,55.0002315107872
11000.0,13091.400000000001,57.0002386159776
11500.0,13739.400000000001,57.0002714774832
11000.0,10001.699999999999,126.0001449902916
9500.0,11168.099999999999,119.0001290036132
11000.0,11411.1,122.0001836247644
10000.0,9353.7,121.0001361088036
11500.0,9596.7,124.0001907299548
10000.0,10763.1,117.0001747432764
10500.0,10001.7,121.0001689703092
12000.0,10244.7,124.0002235914604
10500.0,11411.1,117.000207604782
11000.0,9596.7,119.0002147099724
10500.0,13482.899999999998,79.000192802302
12000.0,13725.9,82.0002474234532
10500.0,14892.3,75.0002314367748
11000.0,13077.900000000001,77.0002385419652
11500.0,13725.900000000001,77.0002714034708
11000.0,13496.399999999998,79.0001928763144
12500.0,13739.4,82.0002474974656
11000.0,14905.8,75.0002315107872
11500.0,13091.400000000001,77.0002386159776
12000.0,13739.400000000001,77.0002714774832
12000.0,17220.6,35.000295309476
55500.0,334.95000000000005,420.0000074165359
55500.0,321.45000000000005,440.0000073425235
56000.0,334.95000000000005,440.0000074165359
56000.0,3816.1499999999996,398.00003124852867
56500.0,4464.15,398.0000641100343
57000.0,2649.75,400.0000712152247
55500.0,3816.1499999999996,393.0000552285463
57000.0,4059.1500000000005,396.0001098496975
56000.0,334.95000000000005,440.0000074165359
56500.0,348.45000000000005,440.0000074905483
56500.0,3829.6499999999996,398.0000313225411
57000.0,4477.65,398.0000641840467
57500.0,2663.25,400.0000712892371
56000.0,3829.6499999999996,393.0000553025587
57500.0,4072.6500000000005,396.0001099237099
56500.0,334.95000000000005,460.0000074165359
56500.0,3816.1499999999996,418.00003124852867
57000.0,4464.15,418.0000641100343
57500.0,2649.75,420.0000712152247
56000.0,3816.1499999999996,413.0000552285463
57500.0,4059.1500000000005,416.0001098496975
57000.0,3829.6499999999996,418.0000313225411
57500.0,4477.65,418.0000641840467
58000.0,2663.25,420.0000712892371
56500.0,3829.6499999999996,413.0000553025587
58000.0,4072.6500000000005,416.0001099237099
57500.0,7958.849999999999,376.0000880160395
58000.0,6144.449999999999,378.0000951212299
56500.0,7310.849999999999,371.00007913455147
58000.0,7553.85,374.0001337557027
58500.0,6792.449999999999,378.0001279827355
57000.0,7958.849999999999,371.0001119960571
58500.0,8201.85,374.0001666172083
57500.0,6144.45,373.0001191012475
59000.0,6387.450000000001,376.0001737223987
57500.0,7553.85,369.0001577357203
41000.0,199.482,370.00000461294616
41500.0,212.982,370.00000468695856
41500.0,3694.182,328.0000285189514
42000.0,4342.182,328.000061380457
42500.0,2527.7819999999997,330.0000684856474
41000.0,3694.182,323.000052498969
42500.0,3937.1820000000002,326.00010712012016
41500.0,199.482,390.00000461294616
41500.0,3680.682,348.000028444939
42000.0,4328.682,348.0000613064446
42500.0,2514.2819999999997,350.00006841163497
41000.0,3680.682,343.0000524249566
42500.0,3923.6820000000002,346.00010704610776
42000.0,3694.182,348.0000285189514
42500.0,4342.182,348.000061380457
43000.0,2527.7819999999997,350.0000684856474
41500.0,3694.182,343.000052498969
43000.0,3937.1820000000002,346.00010712012016
42500.0,7823.382,306.0000852124498
43000.0,6008.982,308.00009231764017
41500.0,7175.382,301.0000763309618
43000.0,7418.382,304.000130952113
43500.0,6656.982,308.0001251791458
42000.0,7823.382,301.0001091924674
43500.0,8066.382,304.0001638136186
42500.0,6008.982,303.00011629765777
44000.0,6251.982,306.000170918809
42500.0,7418.382,299.00015493213056
42000.0,212.982,390.00000468695856
42000.0,3694.182,348.0000285189514
42500.0,4342.182,348.000061380457
43000.0,2527.7819999999997,350.0000684856474
41500.0,3694.182,343.000052498969
43000.0,3937.1820000000002,346.00010712012016
42500.0,3707.682,348.00002859296376
43000.0,4355.682,348.0000614544694
43500.0,2541.2819999999997,350.0000685596598
42000.0,3707.682,343.00005257298136
43500.0,3950.6820000000002,346.00010719413257
43000.0,7836.882,306.0000852864622
43500.0,6022.482,308.0000923916526
42000.0,7188.882,301.0000764049742
43500.0,7431.882,304.00013102612536
44000.0,6670.482,308.00012525315816
42500.0,7836.882,301.0001092664798
44000.0,8079.882,304.000163887631
43000.0,6022.482,303.0001163716702
44500.0,6265.482,306.0001709928214
43000.0,7431.882,299.00015500614296
42500.0,3694.182,368.0000285189514
43000.0,4342.182,368.000061380457
43500.0,2527.7819999999997,370.0000684856474
42000.0,3694.182,363.000052498969
43500.0,3937.1820000000002,366.00010712012016
43000.0,7823.382,326.0000852124498
43500.0,6008.982,328.00009231764017
42000.0,7175.382,321.0000763309618
43500.0,7418.382,324.000130952113
44000.0,6656.982,328.0001251791458
42500.0,7823.382,321.0001091924674
44000.0,8066.382,324.0001638136186
43000.0,6008.982,323.00011629765777
44500.0,6251.982,326.000170918809
43000.0,7418.382,319.00015493213056
43500.0,7836.882,326.0000852864622
44000.0,6022.482,328.0000923916526
42500.0,7188.882,321.0000764049742
44000.0,7431.882,324.00013102612536
44500.0,6670.482,328.00012525315816
43000.0,7836.882,321.0001092664798
44500.0,8079.882,324.000163887631
43500.0,6022.482,323.0001163716702
45000.0,6265.482,326.0001709928214
43500.0,7431.882,319.00015500614296
44500.0,10151.681999999999,286.000149085151
43000.0,11318.081999999999,279.0001330984726
44500.0,11561.082,282.0001877196238
43500.0,9503.682,281.00014020366297
45000.0,9746.682,284.0001948248142
43500.0,10913.082,277.0001788381358
44000.0,10151.682,281.0001730651686
45500.0,10394.682,284.00022768631976
44000.0,11561.082,277.0002116996414
44500.0,9746.682,279.0002188048318
42000.0,260.718,370.0000053323467
42500.0,274.218,370.0000054063591
42500.0,3755.4179999999997,328.0000292383519
43000.0,4403.418,328.00006209985753
43500.0,2589.0179999999996,330.0000692050479
42000.0,3755.4179999999997,323.0000532183695
43500.0,3998.418,326.0001078395207
42500.0,260.718,390.0000053323467
42500.0,3741.9179999999997,348.00002916433954
43000.0,4389.918,348.0000620258451
43500.0,2575.5179999999996,350.0000691310355
42000.0,3741.9179999999997,343.00005314435714
43500.0,3984.918,346.0001077655083
43000.0,3755.4179999999997,348.0000292383519
43500.0,4403.418,348.00006209985753
44000.0,2589.0179999999996,350.0000692050479
42500.0,3755.4179999999997,343.0000532183695
44000.0,3998.418,346.0001078395207
43500.0,7884.6179999999995,306.0000859318503
44000.0,6070.217999999999,308.0000930370407
42500.0,7236.6179999999995,301.00007705036234
44000.0,7479.618,304.0001316715135
44500.0,6718.217999999999,308.0001258985463
43000.0,7884.6179999999995,301.0001099118679
44500.0,8127.618,304.00016453301913
43500.0,6070.217999999999,303.0001170170583
45000.0,6313.218,306.0001716382095
43500.0,7479.618,299.0001556515311
43000.0,274.218,390.0000054063591
43000.0,3755.4179999999997,348.0000292383519
43500.0,4403.418,348.00006209985753
44000.0,2589.0179999999996,350.0000692050479
42500.0,3755.4179999999997,343.0000532183695
44000.0,3998.418,346.0001078395207
43500.0,3768.9179999999997,348.0000293123643
44000.0,4416.918,348.00006217386994
44500.0,2602.5179999999996,350.0000692790603
43000.0,3768.9179999999997,343.0000532923819
44500.0,4011.918,346.0001079135331
44000.0,7898.1179999999995,306.0000860058627
44500.0,6083.717999999999,308.0000931110531
43000.0,7250.1179999999995,301.0000771243747
44500.0,7493.118,304.0001317455259
45000.0,6731.717999999999,308.0001259725587
43500.0,7898.1179999999995,301.00010998588033
45000.0,8141.118,304.00016460703154
44000.0,6083.717999999999,303.0001170910707
45500.0,6326.718,306.0001717122219
44000.0,7493.118,299.0001557255435
43500.0,3755.4179999999997,368.0000292383519
44000.0,4403.418,368.00006209985753
44500.0,2589.0179999999996,370.0000692050479
43000.0,3755.4179999999997,363.0000532183695
44500.0,3998.418,366.0001078395207
44000.0,7884.6179999999995,326.0000859318503
44500.0,6070.217999999999,328.0000930370407
43000.0,7236.6179999999995,321.00007705036234
44500.0,7479.618,324.0001316715135
45000.0,6718.217999999999,328.0001258985463
43500.0,7884.6179999999995,321.0001099118679
45000.0,8127.618,324.00016453301913
44000.0,6070.217999999999,323.0001170170583
45500.0,6313.218,326.0001716382095
44000.0,7479.618,319.0001556515311
44500.0,7898.1179999999995,326.0000860058627
45000.0,6083.717999999999,328.0000931110531
43500.0,7250.1179999999995,321.0000771243747
45000.0,7493.118,324.0001317455259
45500.0,6731.717999999999,328.0001259725587
44000.0,7898.1179999999995,321.00010998588033
45500.0,8141.118,324.00016460703154
44500.0,6083.717999999999,323.0001170910707
46000.0,6326.718,326.0001717122219
44500.0,7493.118,319.0001557255435
45500.0,10212.918,286.0001498045515
44000.0,11379.318,279.0001338178731
45500.0,11622.318,282.0001884390243
44500.0,9564.917999999998,281.0001409230635
46000.0,9807.918,284.0001955442147
44500.0,10974.318,277.0001795575363
45000.0,10212.917999999998,281.0001737845691
46500.0,10455.918,284.0002284057203
45000.0,11622.318,277.00021241904193
45500.0,9807.918,279.0002195242323
28000.0,138.75,320.0000026027694
28000.0,3619.95,278.0000264347622
28500.0,4267.95,278.0000592962678
29000.0,2453.5499999999997,280.0000664014582
27500.0,3619.95,273.0000504147798
29000.0,3862.9500000000003,276.000105035931
28500.0,3633.45,278.0000265087746
29000.0,4281.45,278.0000593702802
29500.0,2467.0499999999997,280.0000664754706
28000.0,3633.45,273.0000504887922
29500.0,3876.4500000000003,276.0001051099434
29000.0,7762.65,236.000083202273
29500.0,5948.25,238.0000903074634
28000.0,7114.65,231.000074320785
29500.0,7357.65,234.0001289419362
30000.0,6596.25,238.000123168969
28500.0,7762.65,231.0001071822906
30000.0,8005.65,234.0001618034418
29000.0,5948.25,233.000114287481
30500.0,6191.25,236.0001689086322
29000.0,7357.65,229.0001529219538
28500.0,3619.95,298.0000264347622
29000.0,4267.95,298.0000592962678
29500.0,2453.5499999999997,300.0000664014582
28000.0,3619.95,293.0000504147798
29500.0,3862.9500000000003,296.000105035931
29000.0,7749.15,256.0000831282606
29500.0,5934.75,258.000090233451
28000.0,7101.15,251.0000742467726
29500.0,7344.15,254.0001288679238
30000.0,6582.75,258.0001230949566
28500.0,7749.15,251.0001071082782
30000.0,7992.15,254.0001617294294
29000.0,5934.75,253.0001142134686
30500.0,6177.75,256.0001688346198
29000.0,7344.15,249.0001528479414
29500.0,7762.65,256.000083202273
30000.0,5948.25,258.0000903074634
28500.0,7114.65,251.000074320785
30000.0,7357.65,254.0001289419362
30500.0,6596.25,258.000123168969
29000.0,7762.65,251.0001071822906
30500.0,8005.65,254.0001618034418
29500.0,5948.25,253.000114287481
31000.0,6191.25,256.0001689086322
29500.0,7357.65,249.0001529219538
30500.0,10077.449999999999,216.0001470009618
29000.0,11243.849999999999,209.0001310142834
30500.0,11486.85,212.0001856354346
29500.0,9429.45,211.0001381194738
31000.0,9672.45,214.000192740625
29500.0,10838.85,207.0001767539466
30000.0,10077.45,211.0001709809794
31500.0,10320.45,214.0002256021306
30000.0,11486.85,207.0002096154522
30500.0,9672.45,209.0002167206426
29000.0,3633.45,298.0000265087746
29500.0,4281.45,298.0000593702802
30000.0,2467.0499999999997,300.0000664754706
28500.0,3633.45,293.0000504887922
30000.0,3876.4500000000003,296.0001051099434
29500.0,7762.65,256.000083202273
30000.0,5948.25,258.0000903074634
28500.0,7114.65,251.000074320785
30000.0,7357.65,254.0001289419362
30500.0,6596.25,258.000123168969
29000.0,7762.65,251.0001071822906
30500.0,8005.65,254.0001618034418
29500.0,5948.25,253.000114287481
31000.0,6191.25,256.0001689086322
29500.0,7357.65,249.0001529219538
30000.0,7776.15,256.0000832762854
30500.0,5961.75,258.0000903814758
29000.0,7128.15,251.0000743947974
30500.0,7371.15,254.0001290159486
31000.0,6609.75,258.0001232429814
29500.0,7776.15,251.000107256303
31000.0,8019.15,254.0001618774542
30000.0,5961.75,253.0001143614934
31500.0,6204.75,256.0001689826446
30000.0,7371.15,249.0001529959662
31000.0,10090.949999999999,216.0001470749742
29500.0,11257.349999999999,209.0001310882958
31000.0,11500.35,212.000185709447
30000.0,9442.95,211.0001381934862
31500.0,9685.95,214.0001928146374
30000.0,10852.35,207.000176827959
30500.0,10090.95,211.0001710549918
32000.0,10333.95,214.000225676143
30500.0,11500.35,207.0002096894646
31000.0,9685.95,209.000216794655
30000.0,7762.65,276.000083202273
30500.0,5948.25,278.0000903074634
29000.0,7114.65,271.000074320785
30500.0,7357.65,274.0001289419362
31000.0,6596.25,278.000123168969
29500.0,7762.65,271.0001071822906
31000.0,8005.65,274.0001618034418
30000.0,5948.25,273.000114287481
31500.0,6191.25,276.0001689086322
30000.0,7357.65,269.0001529219538
31000.0,10077.449999999999,236.0001470009618
29500.0,11243.849999999999,229.0001310142834
31000.0,11486.85,232.0001856354346
30000.0,9429.45,231.0001381194738
31500.0,9672.45,234.000192740625
30000.0,10838.85,227.0001767539466
30500.0,10077.45,231.0001709809794
32000.0,10320.45,234.0002256021306
30500.0,11486.85,227.0002096154522
31000.0,9672.45,229.0002167206426
31500.0,10090.949999999999,236.0001470749742
30000.0,11257.349999999999,229.0001310882958
31500.0,11500.35,232.000185709447
30500.0,9442.95,231.0001381934862
32000.0,9685.95,234.0001928146374
30500.0,10852.35,227.000176827959
31000.0,10090.95,231.0001710549918
32500.0,10333.95,234.000225676143
31000.0,11500.35,227.0002096894646
31500.0,9685.95,229.000216794655
31000.0,13572.149999999998,189.0001948869846
32500.0,13815.15,192.0002495081358
31000.0,14981.55,185.0002335214574
31500.0,13167.150000000001,187.0002406266478
32000.0,13815.150000000001,187.0002734881534
45000.0,279.45000000000005,390.0000062570083
45500.0,292.95000000000005,390.0000063310207
45500.0,3774.1499999999996,348.0000301630135
46000.0,4422.15,348.0000630245191
46500.0,2607.75,350.0000701297095
45000.0,3774.1499999999996,343.0000541430311
46500.0,4017.1500000000005,346.0001087641823
45500.0,279.45000000000005,410.0000062570083
45500.0,3760.6499999999996,368.0000300890011
46000.0,4408.65,368.0000629505067
46500.0,2594.25,370.0000700556971
45000.0,3760.6499999999996,363.0000540690187
46500.0,4003.6500000000005,366.0001086901699
46000.0,3774.1499999999996,368.0000301630135
46500.0,4422.15,368.0000630245191
47000.0,2607.75,370.0000701297095
45500.0,3774.1499999999996,363.0000541430311
47000.0,4017.1500000000005,366.0001087641823
46500.0,7903.349999999999,326.00008685651187
47000.0,6088.949999999999,328.0000939617023
45500.0,7255.349999999999,321.0000779750239
47000.0,7498.35,324.0001325961751
47500.0,6736.949999999999,328.0001268232079
46000.0,7903.349999999999,321.0001108365295
47500.0,8146.35,324.0001654576807
46500.0,6088.95,323.0001179417199
48000.0,6331.950000000001,326.0001725628711
46500.0,7498.35,319.0001565761927
46000.0,292.95000000000005,410.0000063310207
46000.0,3774.1499999999996,368.0000301630135
46500.0,4422.15,368.0000630245191
47000.0,2607.75,370.0000701297095
45500.0,3774.1499999999996,363.0000541430311
47000.0,4017.1500000000005,366.0001087641823
46500.0,3787.6499999999996,368.0000302370259
47000.0,4435.65,368.0000630985315
47500.0,2621.25,370.0000702037219
46000.0,3787.6499999999996,363.0000542170435
47500.0,4030.6500000000005,366.0001088381947
47000.0,7916.849999999999,326.0000869305243
47500.0,6102.449999999999,328.0000940357147
46000.0,7268.849999999999,321.0000780490363
47500.0,7511.85,324.0001326701875
48000.0,6750.449999999999,328.0001268972203
46500.0,7916.849999999999,321.0001109105419
48000.0,8159.85,324.0001655316931
47000.0,6102.45,323.0001180157323
48500.0,6345.450000000001,326.0001726368835
47000.0,7511.85,319.0001566502051
46500.0,3774.1499999999996,388.0000301630135
47000.0,4422.15,388.0000630245191
47500.0,2607.75,390.0000701297095
46000.0,3774.1499999999996,383.0000541430311
47500.0,4017.1500000000005,386.0001087641823
47000.0,7903.349999999999,346.00008685651187
47500.0,6088.949999999999,348.0000939617023
46000.0,7255.349999999999,341.0000779750239
47500.0,7498.35,344.0001325961751
48000.0,6736.949999999999,348.0001268232079
46500.0,7903.349999999999,341.0001108365295
48000.0,8146.35,344.0001654576807
47000.0,6088.95,343.0001179417199
48500.0,6331.950000000001,346.0001725628711
47000.0,7498.35,339.0001565761927
47500.0,7916.849999999999,346.0000869305243
48000.0,6102.449999999999,348.0000940357147
46500.0,7268.849999999999,341.0000780490363
48000.0,7511.85,344.0001326701875
48500.0,6750.449999999999,348.0001268972203
47000.0,7916.849999999999,341.0001109105419
48500.0,8159.85,344.0001655316931
47500.0,6102.45,343.0001180157323
49000.0,6345.450000000001,346.0001726368835
47500.0,7511.85,339.0001566502051
48500.0,10231.65,306.0001507292131
47000.0,11398.05,299.00013474253467
48500.0,11641.05,302.0001893636859
47500.0,9583.649999999998,301.0001418477251
49000.0,9826.65,304.0001964688763
47500.0,10993.05,297.0001804821979
48000.0,10231.649999999998,301.0001747092307
49500.0,10474.65,304.0002293303819
48000.0,11641.05,297.0002133437035
48500.0,9826.65,299.0002204488939
31000.0,157.482,340.000003527431
31000.0,3638.682,298.00002735942377
31500.0,4286.682,298.00006022092936
32000.0,2472.2819999999997,300.0000673261198
30500.0,3638.682,293.00005133944137
32000.0,3881.6820000000002,296.0001059605926
31500.0,3652.182,298.0000274334362
32000.0,4300.182,298.00006029494176
32500.0,2485.7819999999997,300.0000674001322
31000.0,3652.182,293.0000514134538
32500.0,3895.1820000000002,296.000106034605
32000.0,7781.382,256.0000841269346
32500.0,5966.982,258.000091232125
31000.0,7133.382,251.0000752454466
32500.0,7376.382,254.00012986659777
33000.0,6614.982,258.0001240936306
31500.0,7781.382,251.00010810695218
33000.0,8024.382,254.0001627281034
32000.0,5966.982,253.0001152121426
33500.0,6209.982,256.0001698332938
32000.0,7376.382,249.00015384661538
31500.0,3638.682,318.00002735942377
32000.0,4286.682,318.00006022092936
32500.0,2472.2819999999997,320.0000673261198
31000.0,3638.682,313.00005133944137
32500.0,3881.6820000000002,316.0001059605926
32000.0,7767.882,276.0000840529222
32500.0,5953.482,278.0000911581126
31000.0,7119.882,271.00007517143416
32500.0,7362.882,274.00012979258537
33000.0,6601.482,278.00012401961817
31500.0,7767.882,271.0001080329398
33000.0,8010.882,274.00016265409096
32000.0,5953.482,273.0001151381302
33500.0,6196.482,276.0001697592814
32000.0,7362.882,269.00015377260297
32500.0,7781.382,276.0000841269346
33000.0,5966.982,278.000091232125
31500.0,7133.382,271.00007524544657
33000.0,7376.382,274.0001298665978
33500.0,6614.982,278.0001240936306
32000.0,7781.382,271.0001081069522
33500.0,8024.382,274.00016272810336
32500.0,5966.982,273.0001152121426
34000.0,6209.982,276.0001698332938
32500.0,7376.382,269.0001538466154
33500.0,10096.181999999999,236.0001479256234
32000.0,11262.581999999999,229.00013193894497
33500.0,11505.582,232.00018656009618
32500.0,9448.182,231.00013904413538
34000.0,9691.182,234.0001936652866
32500.0,10857.582,227.0001776786082
33000.0,10096.182,231.000171905641
34500.0,10339.182,234.00022652679218
33000.0,11505.582,227.00021054011378
33500.0,9691.182,229.0002176453042
32000.0,3652.182,318.0000274334362
32500.0,4300.182,318.00006029494176
33000.0,2485.7819999999997,320.0000674001322
31500.0,3652.182,313.0000514134538
33000.0,3895.1820000000002,316.000106034605
32500.0,7781.382,276.0000841269346
33000.0,5966.982,278.000091232125
31500.0,7133.382,271.00007524544657
33000.0,7376.382,274.0001298665978
33500.0,6614.982,278.0001240936306
32000.0,7781.382,271.0001081069522
33500.0,8024.382,274.00016272810336
32500.0,5966.982,273.0001152121426
34000.0,6209.982,276.0001698332938
32500.0,7376.382,269.0001538466154
33000.0,7794.882,276.00008420094696
33500.0,5980.482,278.0000913061374
32000.0,7146.882,271.000075319459
33500.0,7389.882,274.0001299406102
34000.0,6628.482,278.000124167643
32500.0,7794.882,271.00010818096456
34000.0,8037.882,274.00016280211577
33000.0,5980.482,273.000115286155
34500.0,6223.482,276.0001699073062
33000.0,7389.882,269.0001539206278
34000.0,10109.681999999999,236.00014799963577
32500.0,11276.081999999999,229.00013201295738
34000.0,11519.082,232.0001866341086
33000.0,9461.682,231.00013911814779
34500.0,9704.682,234.000193739299
33000.0,10871.082,227.00017775262057
33500.0,10109.682,231.00017197965337
35000.0,10352.682,234.00022660080458
33500.0,11519.082,227.0002106141262
34000.0,9704.682,229.0002177193166
33000.0,7781.382,296.0000841269346
33500.0,5966.982,298.000091232125
32000.0,7133.382,291.00007524544657
33500.0,7376.382,294.0001298665978
34000.0,6614.982,298.0001240936306
32500.0,7781.382,291.0001081069522
34000.0,8024.382,294.00016272810336
33000.0,5966.982,293.0001152121426
34500.0,6209.982,296.0001698332938
33000.0,7376.382,289.0001538466154
34000.0,10096.181999999999,256.00014792562337
32500.0,11262.581999999999,249.00013193894497
34000.0,11505.582,252.00018656009618
33000.0,9448.182,251.00013904413538
34500.0,9691.182,254.0001936652866
33000.0,10857.582,247.0001776786082
33500.0,10096.182,251.000171905641
35000.0,10339.182,254.00022652679218
33500.0,11505.582,247.00021054011378
34000.0,9691.182,249.0002176453042
34500.0,10109.681999999999,256.0001479996358
33000.0,11276.081999999999,249.00013201295738
34500.0,11519.082,252.0001866341086
33500.0,9461.682,251.00013911814779
35000.0,9704.682,254.000193739299
33500.0,10871.082,247.00017775262057
34000.0,10109.682,251.00017197965337
35500.0,10352.682,254.00022660080458
34000.0,11519.082,247.0002106141262
34500.0,9704.682,249.0002177193166
34000.0,13590.881999999998,209.0001958116462
35500.0,13833.882,212.00025043279737
34000.0,15000.282,205.00023444611898
34500.0,13185.882000000001,207.0002415513094
35000.0,13833.882000000001,207.00027441281497
32000.0,218.71800000000002,340.0000042468315
32000.0,3699.9179999999997,298.0000280788243
32500.0,4347.918,298.0000609403299
33000.0,2533.5179999999996,300.0000680455203
31500.0,3699.9179999999997,293.0000520588419
33000.0,3942.918,296.0001066799931
32500.0,3713.4179999999997,298.0000281528367
33000.0,4361.418,298.0000610143423
33500.0,2547.0179999999996,300.0000681195327
32000.0,3713.4179999999997,293.0000521328543
33500.0,3956.418,296.0001067540055
33000.0,7842.6179999999995,256.0000848463351
33500.0,6028.217999999999,258.0000919515255
32000.0,7194.6179999999995,251.0000759648471
33500.0,7437.618,254.0001305859983
34000.0,6676.217999999999,258.0001248130311
32500.0,7842.6179999999995,251.00010882635272
34000.0,8085.618,254.00016344750392
33000.0,6028.217999999999,253.00011593154312
34500.0,6271.218,256.0001705526943
33000.0,7437.618,249.0001545660159
32500.0,3699.9179999999997,318.0000280788243
33000.0,4347.918,318.0000609403299
33500.0,2533.5179999999996,320.0000680455203
32000.0,3699.9179999999997,313.0000520588419
33500.0,3942.918,316.0001066799931
33000.0,7829.1179999999995,276.00008477232274
33500.0,6014.717999999999,278.0000918775131
32000.0,7181.1179999999995,271.0000758908347
33500.0,7424.118,274.0001305119859
34000.0,6662.717999999999,278.0001247390187
32500.0,7829.1179999999995,271.00010875234034
34000.0,8072.118,274.0001633734915
33000.0,6014.717999999999,273.0001158575307
34500.0,6257.718,276.0001704786819
33000.0,7424.118,269.0001544920035
33500.0,7842.6179999999995,276.0000848463351
34000.0,6028.217999999999,278.0000919515255
32500.0,7194.6179999999995,271.0000759648471
34000.0,7437.618,274.0001305859983
34500.0,6676.217999999999,278.0001248130311
33000.0,7842.6179999999995,271.0001088263527
34500.0,8085.618,274.0001634475039
33500.0,6028.217999999999,273.0001159315431
35000.0,6271.218,276.0001705526943
33500.0,7437.618,269.0001545660159
34500.0,10157.418,236.0001486450239
33000.0,11323.818,229.0001326583455
34500.0,11566.818,232.0001872794967
33500.0,9509.417999999998,231.0001397635359
35000.0,9752.418,234.00019438468712
33500.0,10918.818,227.0001783980087
34000.0,10157.417999999998,231.0001726250415
35500.0,10400.418,234.0002272461927
34000.0,11566.818,227.00021125951432
34500.0,9752.418,229.00021836470472
33000.0,3713.4179999999997,318.0000281528367
33500.0,4361.418,318.0000610143423
34000.0,2547.0179999999996,320.0000681195327
32500.0,3713.4179999999997,313.0000521328543
34000.0,3956.418,316.0001067540055
33500.0,7842.6179999999995,276.0000848463351
34000.0,6028.217999999999,278.0000919515255
32500.0,7194.6179999999995,271.0000759648471
34000.0,7437.618,274.0001305859983
34500.0,6676.217999999999,278.0001248130311
33000.0,7842.6179999999995,271.0001088263527
34500.0,8085.618,274.0001634475039
33500.0,6028.217999999999,273.0001159315431
35000.0,6271.218,276.0001705526943
33500.0,7437.618,269.0001545660159
34000.0,7856.1179999999995,276.0000849203475
34500.0,6041.717999999999,278.0000920255379
33000.0,7208.1179999999995,271.0000760388595
34500.0,7451.118,274.0001306600107
35000.0,6689.717999999999,278.0001248870435
33500.0,7856.1179999999995,271.0001089003651
35000.0,8099.118,274.0001635215163
34000.0,6041.717999999999,273.0001160055555
35500.0,6284.718,276.00017062670673
34000.0,7451.118,269.0001546400283
35000.0,10170.918,236.0001487190363
33500.0,11337.318,229.0001327323579
35000.0,11580.318,232.00018735350912
34000.0,9522.917999999998,231.00013983754832
35500.0,9765.918,234.00019445869953
34000.0,10932.318,227.0001784720211
34500.0,10170.917999999998,231.0001726990539
36000.0,10413.918,234.0002273202051
34500.0,11580.318,227.00021133352672
35000.0,9765.918,229.0002184387171
34000.0,7842.6179999999995,296.0000848463351
34500.0,6028.217999999999,298.0000919515255
33000.0,7194.6179999999995,291.0000759648471
34500.0,7437.618,294.0001305859983
35000.0,6676.217999999999,298.0001248130311
33500.0,7842.6179999999995,291.0001088263527
35000.0,8085.618,294.0001634475039
34000.0,6028.217999999999,293.0001159315431
35500.0,6271.218,296.0001705526943
34000.0,7437.618,289.0001545660159
35000.0,10157.418,256.0001486450239
33500.0,11323.818,249.0001326583455
35000.0,11566.818,252.0001872794967
34000.0,9509.417999999998,251.0001397635359
35500.0,9752.418,254.00019438468712
34000.0,10918.818,247.0001783980087
34500.0,10157.417999999998,251.0001726250415
36000.0,10400.418,254.0002272461927
34500.0,11566.818,247.00021125951432
35000.0,9752.418,249.00021836470472
35500.0,10170.918,256.0001487190363
34000.0,11337.318,249.0001327323579
35500.0,11580.318,252.00018735350912
34500.0,9522.917999999998,251.00013983754832
36000.0,9765.918,254.00019445869953
34500.0,10932.318,247.0001784720211
35000.0,10170.917999999998,251.0001726990539
36500.0,10413.918,254.0002273202051
35000.0,11580.318,247.00021133352672
35500.0,9765.918,249.0002184387171
35000.0,13652.117999999999,209.00019653104673
36500.0,13895.118,212.0002511521979
35000.0,15061.518,205.0002351655195
35500.0,13247.117999999999,207.00024227070992
36000.0,13895.117999999999,207.0002751322155
18000.0,3577.95,248.000025349247
18500.0,4225.95,248.0000582107526
19000.0,2411.5499999999997,250.000065315943
17500.0,3577.95,243.0000493292646
19000.0,3820.9500000000003,246.0001039504158
18500.0,7707.15,206.0000820427454
19000.0,5892.75,208.0000891479358
17500.0,7059.15,201.0000731612574
19000.0,7302.15,204.0001277824086
19500.0,6540.75,208.0001220094414
18000.0,7707.15,201.000106022763
19500.0,7950.15,204.0001606439142
18500.0,5892.75,203.0001131279534
20000.0,6135.75,206.0001677491046
18500.0,7302.15,199.0001517624262
19000.0,7720.65,206.0000821167578
19500.0,5906.25,208.0000892219482
18000.0,7072.65,201.0000732352698
19500.0,7315.65,204.000127856421
20000.0,6554.25,208.0001220834538
18500.0,7720.65,201.0001060967754
20000.0,7963.65,204.0001607179266
19000.0,5906.25,203.0001132019658
20500.0,6149.25,206.000167823117
19000.0,7315.65,199.0001518364386
20000.0,10035.449999999999,166.0001459154466
18500.0,11201.849999999999,159.0001299287682
20000.0,11444.85,162.0001845499194
19000.0,9387.45,161.0001370339586
20500.0,9630.45,164.0001916551098
19000.0,10796.85,157.0001756684314
19500.0,10035.45,161.0001698954642
21000.0,10278.45,164.0002245166154
19500.0,11444.85,157.000208529937
20000.0,9630.45,159.0002156351274
19000.0,7707.15,226.0000820427454
19500.0,5892.75,228.0000891479358
18000.0,7059.15,221.0000731612574
19500.0,7302.15,224.0001277824086
20000.0,6540.75,228.0001220094414
18500.0,7707.15,221.000106022763
20000.0,7950.15,224.0001606439142
19000.0,5892.75,223.0001131279534
20500.0,6135.75,226.0001677491046
19000.0,7302.15,219.0001517624262
20000.0,10021.949999999999,186.0001458414342
18500.0,11188.349999999999,179.0001298547558
20000.0,11431.35,182.000184475907
19000.0,9373.95,181.0001369599462
20500.0,9616.95,184.0001915810974
19000.0,10783.35,177.000175594419
19500.0,10021.95,181.0001698214518
21000.0,10264.95,184.000224442603
19500.0,11431.35,177.0002084559246
20000.0,9616.95,179.000215561115
20500.0,10035.449999999999,186.0001459154466
19000.0,11201.849999999999,179.0001299287682
20500.0,11444.85,182.0001845499194
19500.0,9387.45,181.0001370339586
21000.0,9630.45,184.0001916551098
19500.0,10796.85,177.0001756684314
20000.0,10035.45,181.0001698954642
21500.0,10278.45,184.0002245166154
20000.0,11444.85,177.000208529937
20500.0,9630.45,179.0002156351274
20000.0,13516.649999999998,139.000193727457
21500.0,13759.65,142.0002483486082
20000.0,14926.05,135.0002323619298
20500.0,13111.650000000001,137.0002394671202
21000.0,13759.650000000001,137.0002723286258
19500.0,7720.65,226.0000821167578
20000.0,5906.25,228.0000892219482
18500.0,7072.65,221.0000732352698
20000.0,7315.65,224.000127856421
20500.0,6554.25,228.0001220834538
19000.0,7720.65,221.0001060967754
20500.0,7963.65,224.0001607179266
19500.0,5906.25,223.0001132019658
21000.0,6149.25,226.000167823117
19500.0,7315.65,219.0001518364386
20500.0,10035.449999999999,186.0001459154466
19000.0,11201.849999999999,179.0001299287682
20500.0,11444.85,182.0001845499194
19500.0,9387.45,181.0001370339586
21000.0,9630.45,184.0001916551098
19500.0,10796.85,177.0001756684314
20000.0,10035.45,181.0001698954642
21500.0,10278.45,184.0002245166154
20000.0,11444.85,177.000208529937
20500.0,9630.45,179.0002156351274
21000.0,10048.949999999999,186.000145989459
19500.0,11215.349999999999,179.0001300027806
21000.0,11458.35,182.0001846239318
20000.0,9400.95,181.000137107971
21500.0,9643.95,184.0001917291222
20000.0,10810.35,177.0001757424438
20500.0,10048.95,181.0001699694766
22000.0,10291.95,184.0002245906278
20500.0,11458.35,177.0002086039494
21000.0,9643.95,179.0002157091398
20500.0,13530.149999999998,139.0001938014694
22000.0,13773.15,142.0002484226206
20500.0,14939.55,135.0002324359422
21000.0,13125.150000000001,137.0002395411326
21500.0,13773.150000000001,137.0002724026382
21000.0,10035.449999999999,206.0001459154466
19500.0,11201.849999999999,199.0001299287682
21000.0,11444.85,202.0001845499194
20000.0,9387.45,201.0001370339586
21500.0,9630.45,204.0001916551098
20000.0,10796.85,197.0001756684314
20500.0,10035.45,201.0001698954642
22000.0,10278.45,204.0002245166154
20500.0,11444.85,197.000208529937
21000.0,9630.45,199.0002156351274
20500.0,13516.649999999998,159.000193727457
22000.0,13759.65,162.0002483486082
20500.0,14926.05,155.0002323619298
21000.0,13111.650000000001,157.0002394671202
21500.0,13759.650000000001,157.0002723286258
21000.0,13530.149999999998,159.0001938014694
22500.0,13773.15,162.0002484226206
21000.0,14939.55,155.0002324359422
21500.0,13125.150000000001,157.0002395411326
22000.0,13773.150000000001,157.0002724026382
22000.0,17254.35,115.000296234631
47000.0,305.70000000000005,390.0000065653933
47500.0,319.20000000000005,390.0000066394057
47500.0,3800.3999999999996,348.0000304713985
48000.0,4448.4,348.0000633329041
48500.0,2634.0,350.0000704380945
47000.0,3800.3999999999996,343.0000544514161
48500.0,4043.4000000000005,346.0001090725673
47500.0,305.70000000000005,410.0000065653933
47500.0,3786.8999999999996,368.00003039738607
48000.0,4434.9,368.0000632588917
48500.0,2620.5,370.0000703640821
47000.0,3786.8999999999996,363.00005437740367
48500.0,4029.9000000000005,366.0001089985549
48000.0,3800.3999999999996,368.0000304713985
48500.0,4448.4,368.0000633329041
49000.0,2634.0,370.0000704380945
47500.0,3800.3999999999996,363.0000544514161
49000.0,4043.4000000000005,366.0001090725673
48500.0,7929.599999999999,326.0000871648969
49000.0,6115.199999999999,328.0000942700873
47500.0,7281.599999999999,321.00007828340887
49000.0,7524.6,324.0001329045601
49500.0,6763.199999999999,328.0001271315929
48000.0,7929.599999999999,321.0001111449145
49500.0,8172.6,324.0001657660657
48500.0,6115.2,323.0001182501049
50000.0,6358.200000000001,326.0001728712561
48500.0,7524.6,319.0001568845777
48000.0,319.20000000000005,410.0000066394057
48000.0,3800.3999999999996,368.0000304713985
48500.0,4448.4,368.0000633329041
49000.0,2634.0,370.0000704380945
47500.0,3800.3999999999996,363.0000544514161
49000.0,4043.4000000000005,366.0001090725673
48500.0,3813.8999999999996,368.0000305454109
49000.0,4461.9,368.0000634069165
49500.0,2647.5,370.0000705121069
48000.0,3813.8999999999996,363.0000545254285
49500.0,4056.9000000000005,366.0001091465797
49000.0,7943.099999999999,326.0000872389093
49500.0,6128.699999999999,328.0000943440997
48000.0,7295.099999999999,321.0000783574213
49500.0,7538.1,324.0001329785725
50000.0,6776.699999999999,328.0001272056053
48500.0,7943.099999999999,321.0001112189269
50000.0,8186.1,324.00016584007807
49000.0,6128.7,323.0001183241173
50500.0,6371.700000000001,326.0001729452685
49000.0,7538.1,319.0001569585901
48500.0,3800.3999999999996,388.0000304713985
49000.0,4448.4,388.0000633329041
49500.0,2634.0,390.0000704380945
48000.0,3800.3999999999996,383.0000544514161
49500.0,4043.4000000000005,386.0001090725673
49000.0,7929.599999999999,346.0000871648969
49500.0,6115.199999999999,348.0000942700873
48000.0,7281.599999999999,341.00007828340887
49500.0,7524.6,344.0001329045601
50000.0,6763.199999999999,348.0001271315929
48500.0,7929.599999999999,341.0001111449145
50000.0,8172.6,344.0001657660657
49000.0,6115.2,343.0001182501049
50500.0,6358.200000000001,346.0001728712561
49000.0,7524.6,339.0001568845777
49500.0,7943.099999999999,346.0000872389093
50000.0,6128.699999999999,348.0000943440997
48500.0,7295.099999999999,341.0000783574213
50000.0,7538.1,344.0001329785725
50500.0,6776.699999999999,348.0001272056053
49000.0,7943.099999999999,341.0001112189269
50500.0,8186.1,344.00016584007807
49500.0,6128.7,343.0001183241173
51000.0,6371.700000000001,346.0001729452685
49500.0,7538.1,339.0001569585901
50500.0,10257.9,306.0001510375981
49000.0,11424.3,299.0001350509197
50500.0,11667.3,302.0001896720709
49500.0,9609.899999999998,301.0001421561101
51000.0,9852.9,304.0001967772613
49500.0,11019.3,297.0001807905829
50000.0,10257.899999999998,301.0001750176157
51500.0,10500.9,304.0002296387669
50000.0,11667.3,297.0002136520885
50500.0,9852.9,299.0002207572789
33000.0,183.732,340.00000383581596
33000.0,3664.932,298.0000276678088
33500.0,4312.932,298.0000605293144
34000.0,2498.5319999999997,300.0000676345048
32500.0,3664.932,293.0000516478264
34000.0,3907.9320000000002,296.00010626897756
33500.0,3678.432,298.00002774182116
34000.0,4326.432,298.0000606033268
34500.0,2512.0319999999997,300.0000677085172
33000.0,3678.432,293.00005172183876
34500.0,3921.4320000000002,296.00010634298997
34000.0,7807.632,256.0000844353196
34500.0,5993.232,258.00009154050997
33000.0,7159.632,251.00007555383158
34500.0,7402.632,254.0001301749828
35000.0,6641.232,258.00012440201556
33500.0,7807.632,251.0001084153372
35000.0,8050.632,254.00016303648837
34000.0,5993.232,253.00011552052757
35500.0,6236.232,256.0001701416788
34000.0,7402.632,249.0001541550004
33500.0,3664.932,318.0000276678088
34000.0,4312.932,318.0000605293144
34500.0,2498.5319999999997,320.0000676345048
33000.0,3664.932,313.0000516478264
34500.0,3907.9320000000002,316.00010626897756
34000.0,7794.132,276.0000843613072
34500.0,5979.732,278.00009146649757
33000.0,7146.132,271.0000754798192
34500.0,7389.132,274.0001301009704
35000.0,6627.732,278.0001243280032
33500.0,7794.132,271.0001083413248
35000.0,8037.132,274.000162962476
34000.0,5979.732,273.00011544651517
35500.0,6222.732,276.0001700676664
34000.0,7389.132,269.000154080988
34500.0,7807.632,276.0000844353196
35000.0,5993.232,278.00009154050997
33500.0,7159.632,271.0000755538316
35000.0,7402.632,274.00013017498276
35500.0,6641.232,278.00012440201556
34000.0,7807.632,271.0001084153372
35500.0,8050.632,274.0001630364884
34500.0,5993.232,273.0001155205276
36000.0,6236.232,276.0001701416788
34500.0,7402.632,269.00015415500036
35500.0,10122.431999999999,236.00014823400838
34000.0,11288.831999999999,229.00013224733
35500.0,11531.832,232.0001868684812
34500.0,9474.432,231.0001393525204
36000.0,9717.432,234.00019397367157
34500.0,10883.832,227.00017798699318
35000.0,10122.432,231.00017221402598
36500.0,10365.432,234.0002268351772
35000.0,11531.832,227.0002108484988
35500.0,9717.432,229.00021795368917
34000.0,3678.432,318.00002774182116
34500.0,4326.432,318.0000606033268
35000.0,2512.0319999999997,320.0000677085172
33500.0,3678.432,313.00005172183876
35000.0,3921.4320000000002,316.00010634298997
34500.0,7807.632,276.0000844353196
35000.0,5993.232,278.00009154050997
33500.0,7159.632,271.0000755538316
35000.0,7402.632,274.00013017498276
35500.0,6641.232,278.00012440201556
34000.0,7807.632,271.0001084153372
35500.0,8050.632,274.0001630364884
34500.0,5993.232,273.0001155205276
36000.0,6236.232,276.0001701416788
34500.0,7402.632,269.00015415500036
35000.0,7821.132,276.000084509332
35500.0,6006.732,278.0000916145224
34000.0,7173.132,271.000075627844
35500.0,7416.132,274.00013024899516
36000.0,6654.732,278.00012447602796
34500.0,7821.132,271.0001084893496
36000.0,8064.132,274.0001631105008
35000.0,6006.732,273.00011559454
36500.0,6249.732,276.0001702156912
35000.0,7416.132,269.00015422901276
36000.0,10135.931999999999,236.00014830802078
34500.0,11302.331999999999,229.0001323213424
36000.0,11545.332,232.00018694249357
35000.0,9487.932,231.0001394265328
36500.0,9730.932,234.00019404768398
35000.0,10897.332,227.00017806100558
35500.0,10135.932,231.00017228803839
37000.0,10378.932,234.0002269091896
35500.0,11545.332,227.00021092251117
36000.0,9730.932,229.00021802770158
35000.0,7807.632,296.0000844353196
35500.0,5993.232,298.00009154050997
34000.0,7159.632,291.0000755538316
35500.0,7402.632,294.00013017498276
36000.0,6641.232,298.00012440201556
34500.0,7807.632,291.0001084153372
36000.0,8050.632,294.0001630364884
35000.0,5993.232,293.0001155205276
36500.0,6236.232,296.0001701416788
35000.0,7402.632,289.00015415500036
36000.0,10122.431999999999,256.0001482340084
34500.0,11288.831999999999,249.00013224733
36000.0,11531.832,252.0001868684812
35000.0,9474.432,251.0001393525204
36500.0,9717.432,254.00019397367157
35000.0,10883.832,247.00017798699318
35500.0,10122.432,251.00017221402598
37000.0,10365.432,254.0002268351772
35500.0,11531.832,247.0002108484988
36000.0,9717.432,249.00021795368917
36500.0,10135.931999999999,256.0001483080208
35000.0,11302.331999999999,249.0001323213424
36500.0,11545.332,252.00018694249357
35500.0,9487.932,251.0001394265328
37000.0,9730.932,254.00019404768398
35500.0,10897.332,247.00017806100558
36000.0,10135.932,251.00017228803839
37500.0,10378.932,254.0002269091896
36000.0,11545.332,247.00021092251117
36500.0,9730.932,249.00021802770158
36000.0,13617.131999999998,209.00019612003118
37500.0,13860.132,212.00025074118238
36000.0,15026.532,205.000234754504
36500.0,13212.132000000001,207.00024185969437
37000.0,13860.132000000001,207.0002747212
34000.0,244.96800000000002,340.0000045552165
34000.0,3726.1679999999997,298.0000283872093
34500.0,4374.168,298.0000612487149
35000.0,2559.7679999999996,300.0000683539053
33500.0,3726.1679999999997,293.0000523672269
35000.0,3969.168,296.0001069883781
34500.0,3739.6679999999997,298.0000284612217
35000.0,4387.668,298.00006132272733
35500.0,2573.2679999999996,300.0000684279177
34000.0,3739.6679999999997,293.0000524412393
35500.0,3982.668,296.0001070623905
35000.0,7868.8679999999995,256.0000851547201
35500.0,6054.467999999999,258.0000922599105
34000.0,7220.8679999999995,251.0000762732321
35500.0,7463.868,254.00013089438332
36000.0,6702.467999999999,258.0001251214161
34500.0,7868.8679999999995,251.0001091347377
36000.0,8111.868,254.0001637558889
35000.0,6054.467999999999,253.0001162399281
36500.0,6297.468,256.0001708610793
35000.0,7463.868,249.00015487440092
34500.0,3726.1679999999997,318.0000283872093
35000.0,4374.168,318.0000612487149
35500.0,2559.7679999999996,320.0000683539053
34000.0,3726.1679999999997,313.0000523672269
35500.0,3969.168,316.0001069883781
35000.0,7855.3679999999995,276.0000850807077
35500.0,6040.967999999999,278.0000921858981
34000.0,7207.3679999999995,271.00007619921973
35500.0,7450.368,274.0001308203709
36000.0,6688.967999999999,278.0001250474037
34500.0,7855.3679999999995,271.0001090607253
36000.0,8098.368,274.00016368187653
35000.0,6040.967999999999,273.0001161659157
36500.0,6283.968,276.0001707870669
35000.0,7450.368,269.0001548003885
35500.0,7868.8679999999995,276.0000851547201
36000.0,6054.467999999999,278.0000922599105
34500.0,7220.8679999999995,271.00007627323214
36000.0,7463.868,274.0001308943833
36500.0,6702.467999999999,278.0001251214161
35000.0,7868.8679999999995,271.0001091347377
36500.0,8111.868,274.00016375588893
35500.0,6054.467999999999,273.0001162399281
37000.0,6297.468,276.0001708610793
35500.0,7463.868,269.0001548744009
36500.0,10183.668,236.0001489534089
35000.0,11350.068,229.00013296673052
36500.0,11593.068,232.00018758788173
35500.0,9535.667999999998,231.00014007192092
37000.0,9778.668,234.0001946930721
35500.0,10945.068,227.0001787063937
36000.0,10183.667999999998,231.0001729334265
37500.0,10426.668,234.00022755457772
36000.0,11593.068,227.0002115678993
36500.0,9778.668,229.0002186730897
35000.0,3739.6679999999997,318.0000284612217
35500.0,4387.668,318.00006132272733
36000.0,2573.2679999999996,320.0000684279177
34500.0,3739.6679999999997,313.0000524412393
36000.0,3982.668,316.0001070623905
35500.0,7868.8679999999995,276.0000851547201
36000.0,6054.467999999999,278.0000922599105
34500.0,7220.8679999999995,271.00007627323214
36000.0,7463.868,274.0001308943833
36500.0,6702.467999999999,278.0001251214161
35000.0,7868.8679999999995,271.0001091347377
36500.0,8111.868,274.00016375588893
35500.0,6054.467999999999,273.0001162399281
37000.0,6297.468,276.0001708610793
35500.0,7463.868,269.0001548744009
36000.0,7882.3679999999995,276.00008522873253
36500.0,6067.967999999999,278.0000923339229
35000.0,7234.3679999999995,271.0000763472445
36500.0,7477.368,274.0001309683957
37000.0,6715.967999999999,278.0001251954285
35500.0,7882.3679999999995,271.00010920875013
37000.0,8125.368,274.00016382990134
36000.0,6067.967999999999,273.0001163139405
37500.0,6310.968,276.0001709350917
36000.0,7477.368,269.0001549484133
37000.0,10197.168,236.00014902742132
35500.0,11363.568,229.00013304074292
37000.0,11606.568,232.0001876618941
36000.0,9549.167999999998,231.0001401459333
37500.0,9792.168,234.0001947670845
36000.0,10958.568,227.00017878040612
36500.0,10197.167999999998,231.00017300743892
38000.0,10440.168,234.00022762859012
36500.0,11606.568,227.0002116419117
37000.0,9792.168,229.0002187471021
36000.0,7868.8679999999995,296.0000851547201
36500.0,6054.467999999999,298.0000922599105
35000.0,7220.8679999999995,291.00007627323214
36500.0,7463.868,294.0001308943833
37000.0,6702.467999999999,298.0001251214161
35500.0,7868.8679999999995,291.0001091347377
37000.0,8111.868,294.00016375588893
36000.0,6054.467999999999,293.0001162399281
37500.0,6297.468,296.0001708610793
36000.0,7463.868,289.0001548744009
37000.0,10183.668,256.00014895340894
35500.0,11350.068,249.00013296673052
37000.0,11593.068,252.00018758788173
36000.0,9535.667999999998,251.00014007192092
37500.0,9778.668,254.0001946930721
36000.0,10945.068,247.0001787063937
36500.0,10183.667999999998,251.0001729334265
38000.0,10426.668,254.00022755457772
36500.0,11593.068,247.0002115678993
37000.0,9778.668,249.0002186730897
37500.0,10197.168,256.0001490274213
36000.0,11363.568,249.00013304074292
37500.0,11606.568,252.0001876618941
36500.0,9549.167999999998,251.0001401459333
38000.0,9792.168,254.0001947670845
36500.0,10958.568,247.00017878040612
37000.0,10197.167999999998,251.00017300743892
38500.0,10440.168,254.00022762859012
37000.0,11606.568,247.0002116419117
37500.0,9792.168,249.0002187471021
37000.0,13678.367999999999,209.0001968394317
38500.0,13921.368,212.00025146058292
37000.0,15087.768,205.00023547390452
37500.0,13273.367999999999,207.0002425790949
38000.0,13921.367999999999,207.00027544060052
20000.0,3604.2,248.000025657632
20500.0,4252.2,248.0000585191376
21000.0,2437.7999999999997,250.000065624328
19500.0,3604.2,243.0000496376496
21000.0,3847.2000000000003,246.0001042588008
20500.0,7733.4,206.0000823511304
21000.0,5919.0,208.0000894563208
19500.0,7085.4,201.0000734696424
21000.0,7328.4,204.0001280907936
21500.0,6567.0,208.0001223178264
20000.0,7733.4,201.000106331148
21500.0,7976.4,204.0001609522992
20500.0,5919.0,203.0001134363384
22000.0,6162.0,206.0001680574896
20500.0,7328.4,199.0001520708112
21000.0,7746.9,206.0000824251428
21500.0,5932.5,208.0000895303332
20000.0,7098.9,201.0000735436548
21500.0,7341.9,204.000128164806
22000.0,6580.5,208.0001223918388
20500.0,7746.9,201.0001064051604
22000.0,7989.9,204.0001610263116
21000.0,5932.5,203.0001135103508
22500.0,6175.5,206.000168131502
21000.0,7341.9,199.0001521448236
22000.0,10061.699999999999,166.0001462238316
20500.0,11228.099999999999,159.0001302371532
22000.0,11471.1,162.0001848583044
21000.0,9413.7,161.0001373423436
22500.0,9656.7,164.0001919634948
21000.0,10823.1,157.0001759768164
21500.0,10061.7,161.0001702038492
23000.0,10304.7,164.0002248250004
21500.0,11471.1,157.000208838322
22000.0,9656.7,159.0002159435124
21000.0,7733.4,226.0000823511304
21500.0,5919.0,228.0000894563208
20000.0,7085.4,221.0000734696424
21500.0,7328.4,224.0001280907936
22000.0,6567.0,228.0001223178264
20500.0,7733.4,221.000106331148
22000.0,7976.4,224.0001609522992
21000.0,5919.0,223.0001134363384
22500.0,6162.0,226.0001680574896
21000.0,7328.4,219.0001520708112
22000.0,10048.199999999999,186.0001461498192
20500.0,11214.599999999999,179.0001301631408
22000.0,11457.6,182.000184784292
21000.0,9400.2,181.0001372683312
22500.0,9643.2,184.0001918894824
21000.0,10809.6,177.000175902804
21500.0,10048.2,181.0001701298368
23000.0,10291.2,184.000224750988
21500.0,11457.6,177.0002087643096
22000.0,9643.2,179.0002158695
22500.0,10061.699999999999,186.0001462238316
21000.0,11228.099999999999,179.0001302371532
22500.0,11471.1,182.0001848583044
21500.0,9413.7,181.0001373423436
23000.0,9656.7,184.0001919634948
21500.0,10823.1,177.0001759768164
22000.0,10061.7,181.0001702038492
23500.0,10304.7,184.0002248250004
22000.0,11471.1,177.000208838322
22500.0,9656.7,179.0002159435124
22000.0,13542.899999999998,139.000194035842
23500.0,13785.9,142.0002486569932
22000.0,14952.3,135.0002326703148
22500.0,13137.900000000001,137.0002397755052
23000.0,13785.900000000001,137.0002726370108
21500.0,7746.9,226.0000824251428
22000.0,5932.5,228.0000895303332
20500.0,7098.9,221.0000735436548
22000.0,7341.9,224.000128164806
22500.0,6580.5,228.0001223918388
21000.0,7746.9,221.0001064051604
22500.0,7989.9,224.0001610263116
21500.0,5932.5,223.0001135103508
23000.0,6175.5,226.000168131502
21500.0,7341.9,219.0001521448236
22500.0,10061.699999999999,186.0001462238316
21000.0,11228.099999999999,179.0001302371532
22500.0,11471.1,182.0001848583044
21500.0,9413.7,181.0001373423436
23000.0,9656.7,184.0001919634948
21500.0,10823.1,177.0001759768164
22000.0,10061.7,181.0001702038492
23500.0,10304.7,184.0002248250004
22000.0,11471.1,177.000208838322
22500.0,9656.7,179.0002159435124
23000.0,10075.199999999999,186.000146297844
21500.0,11241.599999999999,179.0001303111656
23000.0,11484.6,182.0001849323168
22000.0,9427.2,181.000137416356
23500.0,9670.2,184.0001920375072
22000.0,10836.6,177.0001760508288
22500.0,10075.2,181.0001702778616
24000.0,10318.2,184.0002248990128
22500.0,11484.6,177.0002089123344
23000.0,9670.2,179.0002160175248
22500.0,13556.399999999998,139.0001941098544
24000.0,13799.4,142.0002487310056
22500.0,14965.8,135.0002327443272
23000.0,13151.400000000001,137.0002398495176
23500.0,13799.400000000001,137.0002727110232
23000.0,10061.699999999999,206.0001462238316
21500.0,11228.099999999999,199.0001302371532
23000.0,11471.1,202.0001848583044
22000.0,9413.7,201.0001373423436
23500.0,9656.7,204.0001919634948
22000.0,10823.1,197.0001759768164
22500.0,10061.7,201.0001702038492
24000.0,10304.7,204.0002248250004
22500.0,11471.1,197.000208838322
23000.0,9656.7,199.0002159435124
22500.0,13542.899999999998,159.000194035842
24000.0,13785.9,162.0002486569932
22500.0,14952.3,155.0002326703148
23000.0,13137.900000000001,157.0002397755052
23500.0,13785.900000000001,157.0002726370108
23000.0,13556.399999999998,159.0001941098544
24500.0,13799.4,162.0002487310056
23000.0,14965.8,155.0002327443272
23500.0,13151.400000000001,157.0002398495176
24000.0,13799.400000000001,157.0002727110232
24000.0,17280.6,115.000296543016
37000.0,263.70000000000005,360.0000054798781
37000.0,3744.8999999999996,318.0000293118709
37500.0,4392.9,318.0000621733765
38000.0,2578.4999999999995,320.0000692785669
36500.0,3744.8999999999996,313.0000532918885
38000.0,3987.9,316.0001079130397
37500.0,3758.3999999999996,318.0000293858833
38000.0,4406.4,318.0000622473889
38500.0,2592.0,320.0000693525793
37000.0,3758.3999999999996,313.0000533659009
38500.0,4001.4000000000005,316.0001079870521
38000.0,7887.599999999999,276.0000860793817
38500.0,6073.199999999999,278.0000931845721
37000.0,7239.599999999999,271.0000771978937
38500.0,7482.6,274.0001318190449
39000.0,6721.199999999999,278.0001260460777
37500.0,7887.599999999999,271.0001100593993
39000.0,8130.6,274.0001646805505
38000.0,6073.199999999999,273.0001171645897
39500.0,6316.2,276.0001717857409
38000.0,7482.6,269.0001557990625
37500.0,3744.8999999999996,338.0000293118709
38000.0,4392.9,338.0000621733765
38500.0,2578.4999999999995,340.0000692785669
37000.0,3744.8999999999996,333.0000532918885
38500.0,3987.9,336.0001079130397
38000.0,7874.099999999999,296.00008600536927
38500.0,6059.699999999999,298.0000931105597
37000.0,7226.099999999999,291.0000771238813
38500.0,7469.1,294.0001317450325
39000.0,6707.699999999999,298.0001259720653
37500.0,7874.099999999999,291.00010998538687
39000.0,8117.1,294.0001646065381
38000.0,6059.699999999999,293.0001170905773
39500.0,6302.7,296.0001717117285
38000.0,7469.1,289.0001557250501
38500.0,7887.599999999999,296.0000860793817
39000.0,6073.199999999999,298.0000931845721
37500.0,7239.599999999999,291.0000771978937
39000.0,7482.6,294.0001318190449
39500.0,6721.199999999999,298.0001260460777
38000.0,7887.599999999999,291.0001100593993
39500.0,8130.6,294.0001646805505
38500.0,6073.199999999999,293.0001171645897
40000.0,6316.2,296.0001717857409
38500.0,7482.6,289.0001557990625
39500.0,10202.4,256.0001498780705
38000.0,11368.8,249.0001338913921
39500.0,11611.8,252.0001885125433
38500.0,9554.399999999998,251.0001409965825
40000.0,9797.4,254.0001956177337
38500.0,10963.8,247.0001796310553
39000.0,10202.399999999998,251.0001738580881
40500.0,10445.4,254.0002284792393
39000.0,11611.8,247.0002124925609
39500.0,9797.4,249.00021959775128
38000.0,3758.3999999999996,338.0000293858833
38500.0,4406.4,338.0000622473889
39000.0,2592.0,340.0000693525793
37500.0,3758.3999999999996,333.0000533659009
39000.0,4001.4000000000005,336.0001079870521
38500.0,7887.599999999999,296.0000860793817
39000.0,6073.199999999999,298.0000931845721
37500.0,7239.599999999999,291.0000771978937
39000.0,7482.6,294.0001318190449
39500.0,6721.199999999999,298.0001260460777
38000.0,7887.599999999999,291.0001100593993
39500.0,8130.6,294.0001646805505
38500.0,6073.199999999999,293.0001171645897
40000.0,6316.2,296.0001717857409
38500.0,7482.6,289.0001557990625
39000.0,7901.099999999999,296.0000861533941
39500.0,6086.699999999999,298.0000932585845
38000.0,7253.099999999999,291.0000772719061
39500.0,7496.1,294.0001318930573
40000.0,6734.699999999999,298.0001261200901
38500.0,7901.099999999999,291.0001101334117
40000.0,8144.1,294.0001647545629
39000.0,6086.699999999999,293.0001172386021
40500.0,6329.7,296.0001718597533
39000.0,7496.1,289.0001558730749
40000.0,10215.9,256.0001499520829
38500.0,11382.3,249.0001339654045
40000.0,11625.3,252.0001885865557
39000.0,9567.899999999998,251.0001410705949
40500.0,9810.9,254.0001956917461
39000.0,10977.3,247.0001797050677
39500.0,10215.899999999998,251.0001739321005
41000.0,10458.9,254.0002285532517
39500.0,11625.3,247.00021256657328
40000.0,9810.9,249.0002196717637
39000.0,7887.599999999999,316.0000860793817
39500.0,6073.199999999999,318.0000931845721
38000.0,7239.599999999999,311.0000771978937
39500.0,7482.6,314.0001318190449
40000.0,6721.199999999999,318.0001260460777
38500.0,7887.599999999999,311.0001100593993
40000.0,8130.6,314.0001646805505
39000.0,6073.199999999999,313.0001171645897
40500.0,6316.2,316.0001717857409
39000.0,7482.6,309.0001557990625
40000.0,10202.4,276.0001498780705
38500.0,11368.8,269.00013389139207
40000.0,11611.8,272.0001885125433
39000.0,9554.399999999998,271.0001409965825
40500.0,9797.4,274.0001956177337
39000.0,10963.8,267.0001796310553
39500.0,10202.399999999998,271.0001738580881
41000.0,10445.4,274.0002284792393
39500.0,11611.8,267.0002124925609
40000.0,9797.4,269.0002195977513
40500.0,10215.9,276.0001499520829
39000.0,11382.3,269.0001339654045
40500.0,11625.3,272.0001885865557
39500.0,9567.899999999998,271.0001410705949
41000.0,9810.9,274.0001956917461
39500.0,10977.3,267.0001797050677
40000.0,10215.899999999998,271.0001739321005
41500.0,10458.9,274.0002285532517
40000.0,11625.3,267.0002125665733
40500.0,9810.9,269.0002196717637
40000.0,13697.099999999999,229.0001977640933
41500.0,13940.1,232.0002523852445
40000.0,15106.5,225.0002363985661
40500.0,13292.099999999999,227.0002435037565
41000.0,13940.099999999999,227.0002763652621
23000.0,3622.932,268.0000265822936
23500.0,4270.932,268.00005944379916
24000.0,2456.5319999999997,270.0000665489896
22500.0,3622.932,263.0000505623112
24000.0,3865.9320000000002,266.0001051834624
23500.0,7752.132,226.00008327579198
24000.0,5937.732,228.00009038098239
22500.0,7104.132,221.000074394304
24000.0,7347.132,224.00012901545517
24500.0,6585.732,228.00012324248797
23000.0,7752.132,221.00010725580958
24500.0,7995.132,224.0001618769608
23500.0,5937.732,223.000114361
25000.0,6180.732,226.0001689821512
23500.0,7347.132,219.00015299547277
24000.0,7765.632,226.00008334980438
24500.0,5951.232,228.0000904549948
23000.0,7117.632,221.00007446831637
24500.0,7360.632,224.00012908946758
25000.0,6599.232,228.00012331650038
23500.0,7765.632,221.000107329822
25000.0,8008.632,224.0001619509732
24000.0,5951.232,223.0001144350124
25500.0,6194.232,226.00016905616357
24000.0,7360.632,219.00015306948518
25000.0,10080.431999999999,186.00014714849317
23500.0,11246.831999999999,179.00013116181478
25000.0,11489.832,182.00018578296599
24000.0,9432.432,181.00013826700518
25500.0,9675.432,184.0001928881564
24000.0,10841.832,177.00017690147797
24500.0,10080.432,181.00017112851077
26000.0,10323.432,184.00022574966198
24500.0,11489.832,177.0002097629836
25000.0,9675.432,179.000216868174
24000.0,7752.132,246.00008327579198
24500.0,5937.732,248.00009038098239
23000.0,7104.132,241.000074394304
24500.0,7347.132,244.00012901545517
25000.0,6585.732,248.00012324248797
23500.0,7752.132,241.00010725580958
25000.0,7995.132,244.0001618769608
24000.0,5937.732,243.000114361
25500.0,6180.732,246.0001689821512
24000.0,7347.132,239.00015299547277
25000.0,10066.931999999999,206.0001470744808
23500.0,11233.331999999999,199.00013108780237
25000.0,11476.332,202.00018570895358
24000.0,9418.932,201.00013819299278
25500.0,9661.932,204.000192814144
24000.0,10828.332,197.0001768274656
24500.0,10066.932,201.0001710544984
26000.0,10309.932,204.00022567564957
24500.0,11476.332,197.00020968897118
25000.0,9661.932,199.0002167941616
25500.0,10080.431999999999,206.00014714849317
24000.0,11246.831999999999,199.00013116181478
25500.0,11489.832,202.00018578296599
24500.0,9432.432,201.00013826700518
26000.0,9675.432,204.0001928881564
24500.0,10841.832,197.00017690147797
25000.0,10080.432,201.00017112851077
26500.0,10323.432,204.00022574966198
25000.0,11489.832,197.0002097629836
25500.0,9675.432,199.000216868174
25000.0,13561.631999999998,159.0001949605036
26500.0,13804.632,162.00024958165477
25000.0,14971.032,155.00023359497638
25500.0,13156.632000000001,157.00024070016678
26000.0,13804.632000000001,157.00027356167237
24500.0,7765.632,246.00008334980438
25000.0,5951.232,248.0000904549948
23500.0,7117.632,241.00007446831637
25000.0,7360.632,244.00012908946758
25500.0,6599.232,248.00012331650038
24000.0,7765.632,241.000107329822
25500.0,8008.632,244.0001619509732
24500.0,5951.232,243.0001144350124
26000.0,6194.232,246.00016905616357
24500.0,7360.632,239.00015306948518
25500.0,10080.431999999999,206.00014714849317
24000.0,11246.831999999999,199.00013116181478
25500.0,11489.832,202.00018578296599
24500.0,9432.432,201.00013826700518
26000.0,9675.432,204.0001928881564
24500.0,10841.832,197.00017690147797
25000.0,10080.432,201.00017112851077
26500.0,10323.432,204.00022574966198
25000.0,11489.832,197.0002097629836
25500.0,9675.432,199.000216868174
26000.0,10093.931999999999,206.00014722250557
24500.0,11260.331999999999,199.00013123582718
26000.0,11503.332,202.0001858569784
25000.0,9445.932,201.0001383410176
26500.0,9688.932,204.0001929621688
25000.0,10855.332,197.00017697549038
25500.0,10093.932,201.00017120252318
27000.0,10336.932,204.00022582367438
25500.0,11503.332,197.000209836996
26000.0,9688.932,199.00021694218637
25500.0,13575.131999999998,159.000195034516
27000.0,13818.132,162.00024965566718
25500.0,14984.532,155.00023366898878
26000.0,13170.132000000001,157.0002407741792
26500.0,13818.132000000001,157.00027363568478
26000.0,10080.431999999999,226.00014714849317
24500.0,11246.831999999999,219.00013116181478
26000.0,11489.832,222.00018578296599
25000.0,9432.432,221.00013826700518
26500.0,9675.432,224.0001928881564
25000.0,10841.832,217.00017690147797
25500.0,10080.432,221.00017112851077
27000.0,10323.432,224.00022574966198
25500.0,11489.832,217.0002097629836
26000.0,9675.432,219.000216868174
25500.0,13561.631999999998,179.0001949605036
27000.0,13804.632,182.00024958165477
25500.0,14971.032,175.00023359497638
26000.0,13156.632000000001,177.00024070016678
26500.0,13804.632000000001,177.00027356167237
26000.0,13575.131999999998,179.000195034516
27500.0,13818.132,182.00024965566718
26000.0,14984.532,175.00023366898878
26500.0,13170.132000000001,177.0002407741792
27000.0,13818.132000000001,177.00027363568478
27000.0,17299.332,135.0002974676776
24000.0,3684.1679999999997,268.0000273016941
24500.0,4332.168,268.0000601631997
25000.0,2517.7679999999996,270.0000672683901
23500.0,3684.1679999999997,263.0000512817117
25000.0,3927.168,266.0001059028629
24500.0,7813.3679999999995,226.0000839951925
25000.0,5998.967999999999,228.00009110038292
23500.0,7165.3679999999995,221.00007511370453
25000.0,7408.368,224.0001297348557
25500.0,6646.967999999999,228.0001239618885
24000.0,7813.3679999999995,221.0001079752101
25500.0,8056.368,224.00016259636132
24500.0,5998.967999999999,223.00011508040052
26000.0,6241.968,226.0001697015517
24500.0,7408.368,219.0001537148733
25000.0,7826.8679999999995,226.00008406920492
25500.0,6012.467999999999,228.00009117439532
24000.0,7178.8679999999995,221.0000751877169
25500.0,7421.868,224.0001298088681
26000.0,6660.467999999999,228.0001240359009
24500.0,7826.8679999999995,221.00010804922252
26000.0,8069.868,224.00016267037373
25000.0,6012.467999999999,223.00011515441292
26500.0,6255.468,226.0001697755641
25000.0,7421.868,219.0001537888857
26000.0,10141.668,186.0001478678937
24500.0,11308.068,179.0001318812153
26000.0,11551.068,182.00018650236652
25000.0,9493.667999999998,181.00013898640572
26500.0,9736.668,184.00019360755692
25000.0,10903.068,177.0001776208785
25500.0,10141.667999999998,181.0001718479113
27000.0,10384.668,184.0002264690625
25500.0,11551.068,177.00021048238412
26000.0,9736.668,179.00021758757453
25000.0,7813.3679999999995,246.0000839951925
25500.0,5998.967999999999,248.00009110038292
24000.0,7165.3679999999995,241.00007511370453
25500.0,7408.368,244.0001297348557
26000.0,6646.967999999999,248.0001239618885
24500.0,7813.3679999999995,241.0001079752101
26000.0,8056.368,244.00016259636132
25000.0,5998.967999999999,243.00011508040052
26500.0,6241.968,246.0001697015517
25000.0,7408.368,239.0001537148733
26000.0,10128.168,206.00014779388133
24500.0,11294.568,199.0001318072029
26000.0,11537.568,202.0001864283541
25000.0,9480.167999999998,201.0001389123933
26500.0,9723.168,204.00019353354452
25000.0,10889.568,197.0001775468661
25500.0,10128.167999999998,201.0001717738989
27000.0,10371.168,204.0002263950501
25500.0,11537.568,197.00021040837171
26000.0,9723.168,199.00021751356212
26500.0,10141.668,206.0001478678937
25000.0,11308.068,199.0001318812153
26500.0,11551.068,202.00018650236652
25500.0,9493.667999999998,201.00013898640572
27000.0,9736.668,204.00019360755692
25500.0,10903.068,197.0001776208785
26000.0,10141.667999999998,201.0001718479113
27500.0,10384.668,204.0002264690625
26000.0,11551.068,197.00021048238412
26500.0,9736.668,199.00021758757453
26000.0,13622.867999999999,159.00019567990412
27500.0,13865.868,162.0002503010553
26000.0,15032.268,155.0002343143769
26500.0,13217.867999999999,157.00024141956732
27000.0,13865.867999999999,157.0002742810729
25500.0,7826.8679999999995,246.00008406920492
26000.0,6012.467999999999,248.00009117439532
24500.0,7178.8679999999995,241.0000751877169
26000.0,7421.868,244.0001298088681
26500.0,6660.467999999999,248.0001240359009
25000.0,7826.8679999999995,241.00010804922252
26500.0,8069.868,244.00016267037373
25500.0,6012.467999999999,243.00011515441292
27000.0,6255.468,246.0001697755641
25500.0,7421.868,239.0001537888857
26500.0,10141.668,206.0001478678937
25000.0,11308.068,199.0001318812153
26500.0,11551.068,202.00018650236652
25500.0,9493.667999999998,201.00013898640572
27000.0,9736.668,204.00019360755692
25500.0,10903.068,197.0001776208785
26000.0,10141.667999999998,201.0001718479113
27500.0,10384.668,204.0002264690625
26000.0,11551.068,197.00021048238412
26500.0,9736.668,199.00021758757453
27000.0,10155.168,206.0001479419061
25500.0,11321.568,199.00013195522772
27000.0,11564.568,202.00018657637892
26000.0,9507.167999999998,201.00013906041812
27500.0,9750.168,204.0001936815693
26000.0,10916.568,197.0001776948909
26500.0,10155.167999999998,201.0001719219237
28000.0,10398.168,204.00022654307492
26500.0,11564.568,197.00021055639652
27000.0,9750.168,199.0002176615869
26500.0,13636.367999999999,159.0001957539165
28000.0,13879.368,162.0002503750677
26500.0,15045.768,155.00023438838932
27000.0,13231.367999999999,157.00024149357972
27500.0,13879.367999999999,157.0002743550853
27000.0,10141.668,226.0001478678937
25500.0,11308.068,219.0001318812153
27000.0,11551.068,222.00018650236652
26000.0,9493.667999999998,221.00013898640572
27500.0,9736.668,224.00019360755692
26000.0,10903.068,217.0001776208785
26500.0,10141.667999999998,221.0001718479113
28000.0,10384.668,224.0002264690625
26500.0,11551.068,217.00021048238412
27000.0,9736.668,219.00021758757453
26500.0,13622.867999999999,179.00019567990412
28000.0,13865.868,182.0002503010553
26500.0,15032.268,175.0002343143769
27000.0,13217.867999999999,177.00024141956732
27500.0,13865.867999999999,177.0002742810729
27000.0,13636.367999999999,179.0001957539165
28500.0,13879.368,182.0002503750677
27000.0,15045.768,175.00023438838932
27500.0,13231.367999999999,177.00024149357972
28000.0,13879.367999999999,177.0002743550853
28000.0,17360.568,135.0002981870781
10500.0,7691.4,176.0000812656152
11000.0,5877.0,178.0000883708056
9500.0,7043.4,171.0000723841272
11000.0,7286.4,174.0001270052784
11500.0,6525.0,178.0001212323112
10000.0,7691.4,171.0001052456328
11500.0,7934.4,174.000159866784
10500.0,5877.0,173.0001123508232
12000.0,6120.0,176.0001669719744
10500.0,7286.4,169.000150985296
11500.0,10006.199999999999,136.000145064304
10000.0,11172.599999999999,129.0001290776256
11500.0,11415.6,132.0001836987768
10500.0,9358.2,131.000136182816
12000.0,9601.2,134.0001908039672
10500.0,10767.6,127.0001748172888
11000.0,10006.2,131.0001690443216
12500.0,10249.2,134.0002236654728
11000.0,11415.6,127.0002076787944
11500.0,9601.2,129.0002147839848
12000.0,10019.699999999999,136.0001451383164
10500.0,11186.099999999999,129.000129151638
12000.0,11429.1,132.0001837727892
11000.0,9371.7,131.0001362568284
12500.0,9614.7,134.0001908779796
11000.0,10781.1,127.0001748913012
11500.0,10019.7,131.000169118334
13000.0,10262.7,134.0002237394852
11500.0,11429.1,127.0002077528068
12000.0,9614.7,129.0002148579972
11500.0,13500.899999999998,89.0001929503268
13000.0,13743.9,92.000247571478
11500.0,14910.3,85.0002315847996
12000.0,13095.900000000001,87.00023868999
12500.0,13743.900000000001,87.0002715514956
12000.0,10006.199999999999,156.000145064304
10500.0,11172.599999999999,149.0001290776256
12000.0,11415.6,152.0001836987768
11000.0,9358.2,151.000136182816
12500.0,9601.2,154.0001908039672
11000.0,10767.6,147.0001748172888
11500.0,10006.2,151.0001690443216
13000.0,10249.2,154.0002236654728
11500.0,11415.6,147.0002076787944
12000.0,9601.2,149.0002147839848
11500.0,13487.399999999998,109.0001928763144
13000.0,13730.4,112.0002474974656
11500.0,14896.8,105.0002315107872
12000.0,13082.400000000001,107.0002386159776
12500.0,13730.400000000001,107.0002714774832
12000.0,13500.899999999998,109.0001929503268
13500.0,13743.9,112.000247571478
12000.0,14910.3,105.0002315847996
12500.0,13095.900000000001,107.00023868999
13000.0,13743.900000000001,107.0002715514956
13000.0,17225.1,65.0002953834884
12500.0,10019.699999999999,156.0001451383164
11000.0,11186.099999999999,149.000129151638
12500.0,11429.1,152.0001837727892
11500.0,9371.7,151.0001362568284
13000.0,9614.7,154.0001908779796
11500.0,10781.1,147.0001748913012
12000.0,10019.7,151.000169118334
13500.0,10262.7,154.0002237394852
12000.0,11429.1,147.0002077528068
12500.0,9614.7,149.0002148579972
12000.0,13500.899999999998,109.0001929503268
13500.0,13743.9,112.000247571478
12000.0,14910.3,105.0002315847996
12500.0,13095.900000000001,107.00023868999
13000.0,13743.900000000001,107.0002715514956
12500.0,13514.399999999998,109.0001930243392
14000.0,13757.4,112.0002476454904
12500.0,14923.8,105.000231658812
13000.0,13109.400000000001,107.0002387640024
13500.0,13757.400000000001,107.000271625508
13500.0,17238.6,65.0002954575008
12500.0,13500.899999999998,129.0001929503268
14000.0,13743.9,132.000247571478
12500.0,14910.3,125.0002315847996
13000.0,13095.900000000001,127.00023868999
13500.0,13743.900000000001,127.0002715514956
13500.0,17225.1,85.0002953834884
14000.0,17238.6,85.0002954575008
57000.0,339.45000000000005,470.0000074905483
57500.0,352.95000000000005,470.0000075645607
57500.0,3834.1499999999996,428.0000313965535
58000.0,4482.15,428.00006425805907
58500.0,2667.75,430.0000713632495
57000.0,3834.1499999999996,423.0000553765711
58500.0,4077.1500000000005,426.0001099977223
57500.0,339.45000000000005,490.0000074905483
57500.0,3820.6499999999996,448.0000313225411
58000.0,4468.65,448.0000641840467
58500.0,2654.25,450.0000712892371
57000.0,3820.6499999999996,443.0000553025587
58500.0,4063.6500000000005,446.0001099237099
58000.0,3834.1499999999996,448.0000313965535
58500.0,4482.15,448.00006425805907
59000.0,2667.75,450.0000713632495
57500.0,3834.1499999999996,443.0000553765711
59000.0,4077.1500000000005,446.0001099977223
58500.0,7963.349999999999,406.0000880900519
59000.0,6148.949999999999,408.0000951952423
57500.0,7315.349999999999,401.0000792085639
59000.0,7558.35,404.0001338297151
59500.0,6796.949999999999,408.0001280567479
58000.0,7963.349999999999,401.0001120700695
59500.0,8206.35,404.00016669122067
58500.0,6148.95,403.0001191752599
60000.0,6391.950000000001,406.0001737964111
58500.0,7558.35,399.0001578097327
58000.0,352.95000000000005,490.0000075645607
58000.0,3834.1499999999996,448.0000313965535
58500.0,4482.15,448.00006425805907
59000.0,2667.75,450.0000713632495
57500.0,3834.1499999999996,443.0000553765711
59000.0,4077.1500000000005,446.0001099977223
58500.0,3847.6499999999996,448.0000314705659
59000.0,4495.65,448.0000643320715
59500.0,2681.25,450.0000714372619
58000.0,3847.6499999999996,443.0000554505835
59500.0,4090.6500000000005,446.0001100717347
59000.0,7976.849999999999,406.0000881640643
59500.0,6162.449999999999,408.0000952692547
58000.0,7328.849999999999,401.0000792825763
59500.0,7571.85,404.0001339037275
60000.0,6810.449999999999,408.0001281307603
58500.0,7976.849999999999,401.00011214408187
60000.0,8219.85,404.0001667652331
59000.0,6162.45,403.0001192492723
60500.0,6405.450000000001,406.0001738704235
59000.0,7571.85,399.0001578837451
58500.0,3834.1499999999996,468.0000313965535
59000.0,4482.15,468.00006425805907
59500.0,2667.75,470.0000713632495
58000.0,3834.1499999999996,463.0000553765711
59500.0,4077.1500000000005,466.0001099977223
59000.0,7963.349999999999,426.0000880900519
59500.0,6148.949999999999,428.0000951952423
58000.0,7315.349999999999,421.0000792085639
59500.0,7558.35,424.0001338297151
60000.0,6796.949999999999,428.0001280567479
58500.0,7963.349999999999,421.0001120700695
60000.0,8206.35,424.00016669122067
59000.0,6148.95,423.0001191752599
60500.0,6391.950000000001,426.0001737964111
59000.0,7558.35,419.0001578097327
59500.0,7976.849999999999,426.0000881640643
60000.0,6162.449999999999,428.0000952692547
58500.0,7328.849999999999,421.0000792825763
60000.0,7571.85,424.0001339037275
60500.0,6810.449999999999,428.0001281307603
59000.0,7976.849999999999,421.00011214408187
60500.0,8219.85,424.0001667652331
59500.0,6162.45,423.0001192492723
61000.0,6405.450000000001,426.0001738704235
59500.0,7571.85,419.0001578837451
60500.0,10291.65,386.0001519627531
59000.0,11458.05,379.0001359760747
60500.0,11701.05,382.0001905972259
59500.0,9643.649999999998,381.0001430812651
61000.0,9886.65,384.0001977024163
59500.0,11053.05,377.0001817157379
60000.0,10291.649999999998,381.0001759427707
61500.0,10534.65,384.0002305639219
60000.0,11701.05,377.00021457724347
60500.0,9886.65,379.0002216824339
43000.0,217.482,420.00000476097097
43000.0,3698.682,378.00002859296376
43500.0,4346.682,378.0000614544694
44000.0,2532.2819999999997,380.0000685596598
42500.0,3698.682,373.00005257298136
44000.0,3941.6820000000002,376.00010719413257
43500.0,3712.182,378.00002866697616
44000.0,4360.182,378.0000615284818
44500.0,2545.7819999999997,380.0000686336722
43000.0,3712.182,373.00005264699377
44500.0,3955.1820000000002,376.000107268145
44000.0,7841.382,336.0000853604746
44500.0,6026.982,338.000092465665
43000.0,7193.382,331.00007647898656
44500.0,7436.382,334.00013110013776
45000.0,6674.982,338.00012532717057
43500.0,7841.382,331.0001093404922
45000.0,8084.382,334.0001639616434
44000.0,6026.982,333.0001164456826
45500.0,6269.982,336.0001710668338
44000.0,7436.382,329.00015508015537
43500.0,3698.682,398.00002859296376
44000.0,4346.682,398.0000614544694
44500.0,2532.2819999999997,400.0000685596598
43000.0,3698.682,393.00005257298136
44500.0,3941.6820000000002,396.00010719413257
44000.0,7827.882,356.0000852864622
44500.0,6013.482,358.0000923916526
43000.0,7179.882,351.0000764049742
44500.0,7422.882,354.00013102612536
45000.0,6661.482,358.00012525315816
43500.0,7827.882,351.0001092664798
45000.0,8070.882,354.000163887631
44000.0,6013.482,353.0001163716702
45500.0,6256.482,356.0001709928214
44000.0,7422.882,349.00015500614296
44500.0,7841.382,356.0000853604746
45000.0,6026.982,358.000092465665
43500.0,7193.382,351.00007647898656
45000.0,7436.382,354.00013110013776
45500.0,6674.982,358.00012532717057
44000.0,7841.382,351.0001093404922
45500.0,8084.382,354.0001639616434
44500.0,6026.982,353.0001164456826
46000.0,6269.982,356.0001710668338
44500.0,7436.382,349.00015508015537
45500.0,10156.181999999999,316.00014915916336
44000.0,11322.581999999999,309.000133172485
45500.0,11565.582,312.0001877936362
44500.0,9508.182,311.00014027767537
46000.0,9751.182,314.0001948988266
44500.0,10917.582,307.00017891214816
45000.0,10156.182,311.00017313918096
46500.0,10399.182,314.00022776033217
45000.0,11565.582,307.0002117736538
45500.0,9751.182,309.0002188788442
44000.0,3712.182,398.00002866697616
44500.0,4360.182,398.0000615284818
45000.0,2545.7819999999997,400.0000686336722
43500.0,3712.182,393.00005264699377
45000.0,3955.1820000000002,396.000107268145
44500.0,7841.382,356.0000853604746
45000.0,6026.982,358.000092465665
43500.0,7193.382,351.00007647898656
45000.0,7436.382,354.00013110013776
45500.0,6674.982,358.00012532717057
44000.0,7841.382,351.0001093404922
45500.0,8084.382,354.0001639616434
44500.0,6026.982,353.0001164456826
46000.0,6269.982,356.0001710668338
44500.0,7436.382,349.00015508015537
45000.0,7854.882,356.000085434487
45500.0,6040.482,358.0000925396774
44000.0,7206.882,351.00007655299896
45500.0,7449.882,354.00013117415017
46000.0,6688.482,358.00012540118297
44500.0,7854.882,351.0001094145046
46000.0,8097.882,354.00016403565576
45000.0,6040.482,353.000116519695
46500.0,6283.482,356.0001711408462
45000.0,7449.882,349.00015515416777
46000.0,10169.681999999999,316.00014923317576
44500.0,11336.081999999999,309.0001332464974
46000.0,11579.082,312.0001878676486
45000.0,9521.682,311.0001403516878
46500.0,9764.682,314.000194972839
45000.0,10931.082,307.00017898616056
45500.0,10169.682,311.00017321319336
47000.0,10412.682,314.00022783434457
45500.0,11579.082,307.0002118476662
46000.0,9764.682,309.0002189528566
45000.0,7841.382,376.0000853604746
45500.0,6026.982,378.000092465665
44000.0,7193.382,371.00007647898656
45500.0,7436.382,374.00013110013776
46000.0,6674.982,378.00012532717057
44500.0,7841.382,371.0001093404922
46000.0,8084.382,374.0001639616434
45000.0,6026.982,373.0001164456826
46500.0,6269.982,376.0001710668338
45000.0,7436.382,369.00015508015537
46000.0,10156.181999999999,336.00014915916336
44500.0,11322.581999999999,329.000133172485
46000.0,11565.582,332.0001877936362
45000.0,9508.182,331.00014027767537
46500.0,9751.182,334.0001948988266
45000.0,10917.582,327.00017891214816
45500.0,10156.182,331.00017313918096
47000.0,10399.182,334.00022776033217
45500.0,11565.582,327.0002117736538
46000.0,9751.182,329.0002188788442
46500.0,10169.681999999999,336.00014923317576
45000.0,11336.081999999999,329.0001332464974
46500.0,11579.082,332.0001878676486
45500.0,9521.682,331.0001403516878
47000.0,9764.682,334.000194972839
45500.0,10931.082,327.00017898616056
46000.0,10169.682,331.00017321319336
47500.0,10412.682,334.00022783434457
46000.0,11579.082,327.0002118476662
46500.0,9764.682,329.0002189528566
46000.0,13650.881999999998,289.0001970451862
47500.0,13893.882,292.00025166633736
46000.0,15060.282,285.000235679659
46500.0,13245.882000000001,287.0002427848494
47000.0,13893.882000000001,287.00027564635496
44000.0,278.718,420.0000054803715
44000.0,3759.9179999999997,378.0000293123643
44500.0,4407.918,378.00006217386994
45000.0,2593.5179999999996,380.0000692790603
43500.0,3759.9179999999997,373.0000532923819
45000.0,4002.918,376.0001079135331
44500.0,3773.4179999999997,378.0000293863767
45000.0,4421.418,378.00006224788234
45500.0,2607.0179999999996,380.0000693530727
44000.0,3773.4179999999997,373.0000533663943
45500.0,4016.418,376.0001079875455
45000.0,7902.6179999999995,336.00008607987513
45500.0,6088.217999999999,338.0000931850655
44000.0,7254.6179999999995,331.0000771983871
45500.0,7497.618,334.0001318195383
46000.0,6736.217999999999,338.0001260465711
44500.0,7902.6179999999995,331.00011005989273
46000.0,8145.618,334.0001646810439
45000.0,6088.217999999999,333.0001171650831
46500.0,6331.218,336.0001717862343
45000.0,7497.618,329.0001557995559
44500.0,3759.9179999999997,398.0000293123643
45000.0,4407.918,398.00006217386994
45500.0,2593.5179999999996,400.0000692790603
44000.0,3759.9179999999997,393.0000532923819
45500.0,4002.918,396.0001079135331
45000.0,7889.1179999999995,356.0000860058627
45500.0,6074.717999999999,358.0000931110531
44000.0,7241.1179999999995,351.0000771243747
45500.0,7484.118,354.0001317455259
46000.0,6722.717999999999,358.0001259725587
44500.0,7889.1179999999995,351.00010998588033
46000.0,8132.118,354.00016460703154
45000.0,6074.717999999999,353.0001170910707
46500.0,6317.718,356.0001717122219
45000.0,7484.118,349.0001557255435
45500.0,7902.6179999999995,356.00008607987513
46000.0,6088.217999999999,358.0000931850655
44500.0,7254.6179999999995,351.0000771983871
46000.0,7497.618,354.0001318195383
46500.0,6736.217999999999,358.0001260465711
45000.0,7902.6179999999995,351.00011005989273
46500.0,8145.618,354.0001646810439
45500.0,6088.217999999999,353.0001171650831
47000.0,6331.218,356.0001717862343
45500.0,7497.618,349.0001557995559
46500.0,10217.418,316.0001498785639
45000.0,11383.818,309.0001338918855
46500.0,11626.818,312.00018851303673
45500.0,9569.417999999998,311.0001409970759
47000.0,9812.418,314.0001956182271
45500.0,10978.818,307.0001796315487
46000.0,10217.417999999998,311.0001738585815
47500.0,10460.418,314.0002284797327
46000.0,11626.818,307.00021249305433
46500.0,9812.418,309.0002195982447
45000.0,3773.4179999999997,398.0000293863767
45500.0,4421.418,398.00006224788234
46000.0,2607.0179999999996,400.0000693530727
44500.0,3773.4179999999997,393.0000533663943
46000.0,4016.418,396.0001079875455
45500.0,7902.6179999999995,356.00008607987513
46000.0,6088.217999999999,358.0000931850655
44500.0,7254.6179999999995,351.0000771983871
46000.0,7497.618,354.0001318195383
46500.0,6736.217999999999,358.0001260465711
45000.0,7902.6179999999995,351.00011005989273
46500.0,8145.618,354.0001646810439
45500.0,6088.217999999999,353.0001171650831
47000.0,6331.218,356.0001717862343
45500.0,7497.618,349.0001557995559
46000.0,7916.1179999999995,356.00008615388754
46500.0,6101.717999999999,358.0000932590779
45000.0,7268.1179999999995,351.0000772723995
46500.0,7511.118,354.0001318935507
47000.0,6749.717999999999,358.0001261205835
45500.0,7916.1179999999995,351.00011013390514
47000.0,8159.118,354.0001647550563
46000.0,6101.717999999999,353.0001172390955
47500.0,6344.718,356.0001718602467
46000.0,7511.118,349.0001558735683
47000.0,10230.918,316.0001499525763
45500.0,11397.318,309.00013396589793
47000.0,11640.318,312.00018858704914
46000.0,9582.917999999998,311.0001410710883
47500.0,9825.918,314.0001956922395
46000.0,10992.318,307.0001797055611
46500.0,10230.917999999998,311.0001739325939
48000.0,10473.918,314.0002285537451
46500.0,11640.318,307.00021256706674
47000.0,9825.918,309.0002196722571
46000.0,7902.6179999999995,376.00008607987513
46500.0,6088.217999999999,378.0000931850655
45000.0,7254.6179999999995,371.0000771983871
46500.0,7497.618,374.0001318195383
47000.0,6736.217999999999,378.0001260465711
45500.0,7902.6179999999995,371.00011005989273
47000.0,8145.618,374.0001646810439
46000.0,6088.217999999999,373.0001171650831
47500.0,6331.218,376.0001717862343
46000.0,7497.618,369.0001557995559
47000.0,10217.418,336.0001498785639
45500.0,11383.818,329.0001338918855
47000.0,11626.818,332.00018851303673
46000.0,9569.417999999998,331.0001409970759
47500.0,9812.418,334.0001956182271
46000.0,10978.818,327.0001796315487
46500.0,10217.417999999998,331.0001738585815
48000.0,10460.418,334.0002284797327
46500.0,11626.818,327.00021249305433
47000.0,9812.418,329.0002195982447
47500.0,10230.918,336.0001499525763
46000.0,11397.318,329.00013396589793
47500.0,11640.318,332.00018858704914
46500.0,9582.917999999998,331.0001410710883
48000.0,9825.918,334.0001956922395
46500.0,10992.318,327.0001797055611
47000.0,10230.917999999998,331.0001739325939
48500.0,10473.918,334.0002285537451
47000.0,11640.318,327.00021256706674
47500.0,9825.918,329.0002196722571
47000.0,13712.117999999999,289.0001977645867
48500.0,13955.118,292.0002523857379
47000.0,15121.518,285.00023639905953
47500.0,13307.117999999999,287.0002435042499
48000.0,13955.117999999999,287.0002763657555
30000.0,3637.95,328.000026582787
30500.0,4285.95,328.0000594442926
31000.0,2471.5499999999997,330.000066549483
29500.0,3637.95,323.0000505628046
31000.0,3880.9500000000003,326.0001051839558
30500.0,7767.15,286.0000832762854
31000.0,5952.75,288.0000903814758
29500.0,7119.15,281.0000743947974
31000.0,7362.15,284.0001290159486
31500.0,6600.75,288.0001232429814
30000.0,7767.15,281.000107256303
31500.0,8010.15,284.0001618774542
30500.0,5952.75,283.0001143614934
32000.0,6195.75,286.0001689826446
30500.0,7362.15,279.0001529959662
31000.0,7780.65,286.0000833502978
31500.0,5966.25,288.0000904554882
30000.0,7132.65,281.0000744688098
31500.0,7375.65,284.000129089961
32000.0,6614.25,288.0001233169938
30500.0,7780.65,281.0001073303154
32000.0,8023.65,284.0001619514666
31000.0,5966.25,283.0001144355058
32500.0,6209.25,286.000169056657
31000.0,7375.65,279.0001530699786
32000.0,10095.449999999999,246.0001471489866
30500.0,11261.849999999999,239.0001311623082
32000.0,11504.85,242.0001857834594
31000.0,9447.45,241.0001382674986
32500.0,9690.45,244.0001928886498
31000.0,10856.85,237.0001769019714
31500.0,10095.45,241.0001711290042
33000.0,10338.45,244.0002257501554
31500.0,11504.85,237.000209763477
32000.0,9690.45,239.0002168686674
31000.0,7767.15,306.0000832762854
31500.0,5952.75,308.0000903814758
30000.0,7119.15,301.0000743947974
31500.0,7362.15,304.0001290159486
32000.0,6600.75,308.0001232429814
30500.0,7767.15,301.000107256303
32000.0,8010.15,304.0001618774542
31000.0,5952.75,303.0001143614934
32500.0,6195.75,306.0001689826446
31000.0,7362.15,299.0001529959662
32000.0,10081.949999999999,266.0001470749742
30500.0,11248.349999999999,259.0001310882958
32000.0,11491.35,262.000185709447
31000.0,9433.95,261.0001381934862
32500.0,9676.95,264.0001928146374
31000.0,10843.35,257.000176827959
31500.0,10081.95,261.0001710549918
33000.0,10324.95,264.000225676143
31500.0,11491.35,257.0002096894646
32000.0,9676.95,259.000216794655
32500.0,10095.449999999999,266.0001471489866
31000.0,11261.849999999999,259.0001311623082
32500.0,11504.85,262.0001857834594
31500.0,9447.45,261.0001382674986
33000.0,9690.45,264.0001928886498
31500.0,10856.85,257.0001769019714
32000.0,10095.45,261.0001711290042
33500.0,10338.45,264.0002257501554
32000.0,11504.85,257.000209763477
32500.0,9690.45,259.0002168686674
32000.0,13576.649999999998,219.000194960997
33500.0,13819.65,222.0002495821482
32000.0,14986.05,215.0002335954698
32500.0,13171.650000000001,217.0002407006602
33000.0,13819.650000000001,217.0002735621658
31500.0,7780.65,306.0000833502978
32000.0,5966.25,308.0000904554882
30500.0,7132.65,301.0000744688098
32000.0,7375.65,304.000129089961
32500.0,6614.25,308.0001233169938
31000.0,7780.65,301.0001073303154
32500.0,8023.65,304.0001619514666
31500.0,5966.25,303.0001144355058
33000.0,6209.25,306.000169056657
31500.0,7375.65,299.0001530699786
32500.0,10095.449999999999,266.0001471489866
31000.0,11261.849999999999,259.0001311623082
32500.0,11504.85,262.0001857834594
31500.0,9447.45,261.0001382674986
33000.0,9690.45,264.0001928886498
31500.0,10856.85,257.0001769019714
32000.0,10095.45,261.0001711290042
33500.0,10338.45,264.0002257501554
32000.0,11504.85,257.000209763477
32500.0,9690.45,259.0002168686674
33000.0,10108.949999999999,266.000147222999
31500.0,11275.349999999999,259.0001312363206
33000.0,11518.35,262.0001858574718
32000.0,9460.95,261.000138341511
33500.0,9703.95,264.0001929626622
32000.0,10870.35,257.0001769759838
32500.0,10108.95,261.0001712030166
34000.0,10351.95,264.0002258241678
32500.0,11518.35,257.0002098374894
33000.0,9703.95,259.0002169426798
32500.0,13590.149999999998,219.0001950350094
34000.0,13833.15,222.0002496561606
32500.0,14999.55,215.0002336694822
33000.0,13185.150000000001,217.0002407746726
33500.0,13833.150000000001,217.0002736361782
33000.0,10095.449999999999,286.0001471489866
31500.0,11261.849999999999,279.0001311623082
33000.0,11504.85,282.0001857834594
32000.0,9447.45,281.0001382674986
33500.0,9690.45,284.0001928886498
32000.0,10856.85,277.0001769019714
32500.0,10095.45,281.0001711290042
34000.0,10338.45,284.0002257501554
32500.0,11504.85,277.000209763477
33000.0,9690.45,279.0002168686674
32500.0,13576.649999999998,239.000194960997
34000.0,13819.65,242.0002495821482
32500.0,14986.05,235.0002335954698
33000.0,13171.650000000001,237.0002407006602
33500.0,13819.650000000001,237.0002735621658
33000.0,13590.149999999998,239.0001950350094
34500.0,13833.15,242.0002496561606
33000.0,14999.55,235.0002336694822
33500.0,13185.150000000001,237.0002407746726
34000.0,13833.150000000001,237.0002736361782
34000.0,17314.35,195.000297468171
47000.0,297.45000000000005,440.0000064050331
47000.0,3778.6499999999996,398.0000302370259
47500.0,4426.65,398.0000630985315
48000.0,2612.25,400.0000702037219
46500.0,3778.6499999999996,393.0000542170435
48000.0,4021.6500000000005,396.0001088381947
47500.0,3792.1499999999996,398.0000303110383
48000.0,4440.15,398.0000631725439
48500.0,2625.75,400.0000702777343
47000.0,3792.1499999999996,393.0000542910559
48500.0,4035.1500000000005,396.0001089122071
48000.0,7921.349999999999,356.0000870045367
48500.0,6106.949999999999,358.0000941097271
47000.0,7273.349999999999,351.0000781230487
48500.0,7516.35,354.0001327441999
49000.0,6754.949999999999,358.0001269712327
47500.0,7921.349999999999,351.0001109845543
49000.0,8164.35,354.0001656057055
48000.0,6106.95,353.0001180897447
49500.0,6349.950000000001,356.0001727108959
48000.0,7516.35,349.0001567242175
47500.0,3778.6499999999996,418.0000302370259
48000.0,4426.65,418.0000630985315
48500.0,2612.25,420.0000702037219
47000.0,3778.6499999999996,413.0000542170435
48500.0,4021.6500000000005,416.0001088381947
48000.0,7907.849999999999,376.0000869305243
48500.0,6093.449999999999,378.0000940357147
47000.0,7259.849999999999,371.0000780490363
48500.0,7502.85,374.0001326701875
49000.0,6741.449999999999,378.0001268972203
47500.0,7907.849999999999,371.0001109105419
49000.0,8150.85,374.0001655316931
48000.0,6093.45,373.0001180157323
49500.0,6336.450000000001,376.0001726368835
48000.0,7502.85,369.0001566502051
48500.0,7921.349999999999,376.0000870045367
49000.0,6106.949999999999,378.0000941097271
47500.0,7273.349999999999,371.0000781230487
49000.0,7516.35,374.0001327441999
49500.0,6754.949999999999,378.0001269712327
48000.0,7921.349999999999,371.0001109845543
49500.0,8164.35,374.0001656057055
48500.0,6106.95,373.0001180897447
50000.0,6349.950000000001,376.0001727108959
48500.0,7516.35,369.0001567242175
49500.0,10236.15,336.0001508032255
48000.0,11402.55,329.0001348165471
49500.0,11645.55,332.0001894376983
48500.0,9588.149999999998,331.0001419217375
50000.0,9831.15,334.0001965428887
48500.0,10997.55,327.0001805562103
49000.0,10236.149999999998,331.0001747832431
50500.0,10479.15,334.0002294043943
49000.0,11645.55,327.0002134177159
49500.0,9831.15,329.0002205229063
48000.0,3792.1499999999996,418.0000303110383
48500.0,4440.15,418.0000631725439
49000.0,2625.75,420.0000702777343
47500.0,3792.1499999999996,413.0000542910559
49000.0,4035.1500000000005,416.0001089122071
48500.0,7921.349999999999,376.0000870045367
49000.0,6106.949999999999,378.0000941097271
47500.0,7273.349999999999,371.0000781230487
49000.0,7516.35,374.0001327441999
49500.0,6754.949999999999,378.0001269712327
48000.0,7921.349999999999,371.0001109845543
49500.0,8164.35,374.0001656057055
48500.0,6106.95,373.0001180897447
50000.0,6349.950000000001,376.0001727108959
48500.0,7516.35,369.0001567242175
49000.0,7934.849999999999,376.0000870785491
49500.0,6120.449999999999,378.0000941837395
48000.0,7286.849999999999,371.0000781970611
49500.0,7529.85,374.0001328182123
50000.0,6768.449999999999,378.0001270452451
48500.0,7934.849999999999,371.0001110585667
50000.0,8177.85,374.0001656797179
49000.0,6120.45,373.0001181637571
50500.0,6363.450000000001,376.0001727849083
49000.0,7529.85,369.0001567982299
50000.0,10249.65,336.0001508772379
48500.0,11416.05,329.0001348905595
50000.0,11659.05,332.0001895117107
49000.0,9601.649999999998,331.0001419957499
50500.0,9844.65,334.0001966169011
49000.0,11011.05,327.0001806302227
49500.0,10249.649999999998,331.0001748572555
51000.0,10492.65,334.0002294784067
49500.0,11659.05,327.0002134917283
50000.0,9844.65,329.0002205969187
49000.0,7921.349999999999,396.0000870045367
49500.0,6106.949999999999,398.0000941097271
48000.0,7273.349999999999,391.0000781230487
49500.0,7516.35,394.0001327441999
50000.0,6754.949999999999,398.0001269712327
48500.0,7921.349999999999,391.0001109845543
50000.0,8164.35,394.0001656057055
49000.0,6106.95,393.0001180897447
50500.0,6349.950000000001,396.0001727108959
49000.0,7516.35,389.0001567242175
50000.0,10236.15,356.0001508032255
48500.0,11402.55,349.0001348165471
50000.0,11645.55,352.0001894376983
49000.0,9588.149999999998,351.0001419217375
50500.0,9831.15,354.0001965428887
49000.0,10997.55,347.0001805562103
49500.0,10236.149999999998,351.0001747832431
51000.0,10479.15,354.0002294043943
49500.0,11645.55,347.0002134177159
50000.0,9831.15,349.0002205229063
50500.0,10249.65,356.0001508772379
49000.0,11416.05,349.0001348905595
50500.0,11659.05,352.0001895117107
49500.0,9601.649999999998,351.0001419957499
51000.0,9844.65,354.0001966169011
49500.0,11011.05,347.0001806302227
50000.0,10249.649999999998,351.0001748572555
51500.0,10492.65,354.0002294784067
50000.0,11659.05,347.0002134917283
50500.0,9844.65,349.0002205969187
50000.0,13730.849999999999,309.0001986892483
51500.0,13973.85,312.0002533103995
50000.0,15140.25,305.0002373237211
50500.0,13325.849999999999,307.0002444289115
51000.0,13973.849999999999,307.0002772904171
33000.0,3656.682,348.0000275074486
33500.0,4304.682,348.00006036895417
34000.0,2490.2819999999997,350.0000674741446
32500.0,3656.682,343.0000514874662
34000.0,3899.6820000000002,346.0001061086174
33500.0,7785.882,306.00008420094696
34000.0,5971.482,308.0000913061374
32500.0,7137.882,301.000075319459
34000.0,7380.882,304.0001299406102
34500.0,6619.482,308.000124167643
33000.0,7785.882,301.00010818096456
34500.0,8028.882,304.00016280211577
33500.0,5971.482,303.000115286155
35000.0,6214.482,306.0001699073062
33500.0,7380.882,299.0001539206278
34000.0,7799.382,306.00008427495936
34500.0,5984.982,308.0000913801498
33000.0,7151.382,301.0000753934714
34500.0,7394.382,304.0001300146226
35000.0,6632.982,308.0001242416554
33500.0,7799.382,301.00010825497696
35000.0,8042.382,304.0001628761282
34000.0,5984.982,303.0001153601674
35500.0,6227.982,306.0001699813186
34000.0,7394.382,299.0001539946402
35000.0,10114.181999999999,266.0001480736482
33500.0,11280.581999999999,259.00013208696976
35000.0,11523.582,262.00018670812096
34000.0,9466.182,261.0001391921602
35500.0,9709.182,264.0001938133114
34000.0,10875.582,257.000177826633
34500.0,10114.182,261.0001720536658
36000.0,10357.182,264.000226674817
34500.0,11523.582,257.00021068813857
35000.0,9709.182,259.000217793329
34000.0,7785.882,326.00008420094696
34500.0,5971.482,328.0000913061374
33000.0,7137.882,321.000075319459
34500.0,7380.882,324.0001299406102
35000.0,6619.482,328.000124167643
33500.0,7785.882,321.00010818096456
35000.0,8028.882,324.00016280211577
34000.0,5971.482,323.000115286155
35500.0,6214.482,326.0001699073062
34000.0,7380.882,319.0001539206278
35000.0,10100.681999999999,286.0001479996358
33500.0,11267.081999999999,279.0001320129574
35000.0,11510.082,282.00018663410856
34000.0,9452.682,281.0001391181478
35500.0,9695.682,284.000193739299
34000.0,10862.082,277.0001777526206
34500.0,10100.682,281.0001719796534
36000.0,10343.682,284.0002266008046
34500.0,11510.082,277.00021061412616
35000.0,9695.682,279.0002177193166
35500.0,10114.181999999999,286.0001480736482
34000.0,11280.581999999999,279.00013208696976
35500.0,11523.582,282.00018670812096
34500.0,9466.182,281.0001391921602
36000.0,9709.182,284.0001938133114
34500.0,10875.582,277.000177826633
35000.0,10114.182,281.0001720536658
36500.0,10357.182,284.000226674817
35000.0,11523.582,277.00021068813857
35500.0,9709.182,279.000217793329
35000.0,13595.381999999998,239.00019588565857
36500.0,13838.382,242.00025050680978
35000.0,15004.782,235.0002345201314
35500.0,13190.382000000001,237.0002416253218
36000.0,13838.382000000001,237.00027448682738
34500.0,7799.382,326.00008427495936
35000.0,5984.982,328.0000913801498
33500.0,7151.382,321.0000753934714
35000.0,7394.382,324.0001300146226
35500.0,6632.982,328.0001242416554
34000.0,7799.382,321.00010825497696
35500.0,8042.382,324.0001628761282
34500.0,5984.982,323.0001153601674
36000.0,6227.982,326.0001699813186
34500.0,7394.382,319.0001539946402
35500.0,10114.181999999999,286.0001480736482
34000.0,11280.581999999999,279.00013208696976
35500.0,11523.582,282.00018670812096
34500.0,9466.182,281.0001391921602
36000.0,9709.182,284.0001938133114
34500.0,10875.582,277.000177826633
35000.0,10114.182,281.0001720536658
36500.0,10357.182,284.000226674817
35000.0,11523.582,277.00021068813857
35500.0,9709.182,279.000217793329
36000.0,10127.681999999999,286.0001481476606
34500.0,11294.081999999999,279.00013216098216
36000.0,11537.082,282.00018678213337
35000.0,9479.682,281.0001392661726
36500.0,9722.682,284.0001938873238
35000.0,10889.082,277.0001779006454
35500.0,10127.682,281.0001721276782
37000.0,10370.682,284.0002267488294
35500.0,11537.082,277.00021076215097
36000.0,9722.682,279.0002178673414
35500.0,13608.881999999998,239.00019595967098
37000.0,13851.882,242.00025058082218
35500.0,15018.282,235.0002345941438
36000.0,13203.882000000001,237.0002416993342
36500.0,13851.882000000001,237.00027456083978
36000.0,10114.181999999999,306.0001480736482
34500.0,11280.581999999999,299.00013208696976
36000.0,11523.582,302.00018670812096
35000.0,9466.182,301.0001391921602
36500.0,9709.182,304.0001938133114
35000.0,10875.582,297.000177826633
35500.0,10114.182,301.0001720536658
37000.0,10357.182,304.000226674817
35500.0,11523.582,297.00021068813857
36000.0,9709.182,299.000217793329
35500.0,13595.381999999998,259.00019588565857
37000.0,13838.382,262.0002505068098
35500.0,15004.782,255.0002345201314
36000.0,13190.382000000001,257.0002416253218
36500.0,13838.382000000001,257.0002744868274
36000.0,13608.881999999998,259.000195959671
37500.0,13851.882,262.0002505808222
36000.0,15018.282,255.0002345941438
36500.0,13203.882000000001,257.0002416993342
37000.0,13851.882000000001,257.0002745608398
37000.0,17333.082,215.00029839283258
34000.0,3717.9179999999997,348.0000282268491
34500.0,4365.918,348.0000610883547
35000.0,2551.5179999999996,350.00006819354513
33500.0,3717.9179999999997,343.0000522068667
35000.0,3960.918,346.0001068280179
34500.0,7847.1179999999995,306.0000849203475
35000.0,6032.717999999999,308.0000920255379
33500.0,7199.1179999999995,301.0000760388595
35000.0,7442.118,304.0001306600107
35500.0,6680.717999999999,308.0001248870435
34000.0,7847.1179999999995,301.0001089003651
35500.0,8090.118,304.0001635215163
34500.0,6032.717999999999,303.0001160055555
36000.0,6275.718,306.00017062670673
34500.0,7442.118,299.0001546400283
35000.0,7860.6179999999995,306.0000849943599
35500.0,6046.217999999999,308.00009209955033
34000.0,7212.6179999999995,301.0000761128719
35500.0,7455.618,304.0001307340231
36000.0,6694.217999999999,308.0001249610559
34500.0,7860.6179999999995,301.0001089743775
36000.0,8103.618,304.0001635955287
35000.0,6046.217999999999,303.00011607956793
36500.0,6289.218,306.00017070071914
35000.0,7455.618,299.0001547140407
36000.0,10175.418,266.0001487930487
34500.0,11341.818,259.0001328063703
36000.0,11584.818,262.0001874275215
35000.0,9527.417999999998,261.0001399115607
36500.0,9770.418,264.00019453271193
35000.0,10936.818,257.0001785460335
35500.0,10175.417999999998,261.0001727730663
37000.0,10418.418,264.0002273942175
35500.0,11584.818,257.0002114075391
36000.0,9770.418,259.00021851272953
35000.0,7847.1179999999995,326.0000849203475
35500.0,6032.717999999999,328.0000920255379
34000.0,7199.1179999999995,321.0000760388595
35500.0,7442.118,324.0001306600107
36000.0,6680.717999999999,328.0001248870435
34500.0,7847.1179999999995,321.0001089003651
36000.0,8090.118,324.0001635215163
35000.0,6032.717999999999,323.0001160055555
36500.0,6275.718,326.00017062670673
35000.0,7442.118,319.0001546400283
36000.0,10161.918,286.0001487190363
34500.0,11328.318,279.00013273235794
36000.0,11571.318,282.0001873535091
35000.0,9513.917999999998,281.0001398375483
36500.0,9756.918,284.0001944586995
35000.0,10923.318,277.0001784720211
35500.0,10161.917999999998,281.0001726990539
37000.0,10404.918,284.0002273202051
35500.0,11571.318,277.0002113335267
36000.0,9756.918,279.0002184387171
36500.0,10175.418,286.0001487930487
35000.0,11341.818,279.0001328063703
36500.0,11584.818,282.0001874275215
35500.0,9527.417999999998,281.0001399115607
37000.0,9770.418,284.00019453271193
35500.0,10936.818,277.0001785460335
36000.0,10175.417999999998,281.0001727730663
37500.0,10418.418,284.0002273942175
36000.0,11584.818,277.0002114075391
36500.0,9770.418,279.00021851272953
36000.0,13656.617999999999,239.0001966050591
37500.0,13899.618,242.0002512262103
36000.0,15066.018,235.00023523953192
36500.0,13251.617999999999,237.00024234472232
37000.0,13899.617999999999,237.0002752062279
35500.0,7860.6179999999995,326.0000849943599
36000.0,6046.217999999999,328.00009209955033
34500.0,7212.6179999999995,321.0000761128719
36000.0,7455.618,324.0001307340231
36500.0,6694.217999999999,328.0001249610559
35000.0,7860.6179999999995,321.0001089743775
36500.0,8103.618,324.0001635955287
35500.0,6046.217999999999,323.00011607956793
37000.0,6289.218,326.00017070071914
35500.0,7455.618,319.0001547140407
36500.0,10175.418,286.0001487930487
35000.0,11341.818,279.0001328063703
36500.0,11584.818,282.0001874275215
35500.0,9527.417999999998,281.0001399115607
37000.0,9770.418,284.00019453271193
35500.0,10936.818,277.0001785460335
36000.0,10175.417999999998,281.0001727730663
37500.0,10418.418,284.0002273942175
36000.0,11584.818,277.0002114075391
36500.0,9770.418,279.00021851272953
37000.0,10188.918,286.0001488670611
35500.0,11355.318,279.0001328803827
37000.0,11598.318,282.0001875015339
36000.0,9540.917999999998,281.0001399855731
37500.0,9783.918,284.00019460672434
36000.0,10950.318,277.0001786200459
36500.0,10188.917999999998,281.0001728470787
38000.0,10431.918,284.0002274682299
36500.0,11598.318,277.0002114815515
37000.0,9783.918,279.00021858674194
36500.0,13670.117999999999,239.0001966790715
38000.0,13913.118,242.00025130022271
36500.0,15079.518,235.00023531354432
37000.0,13265.117999999999,237.0002424187347
37500.0,13913.117999999999,237.00027528024032
37000.0,10175.418,306.0001487930487
35500.0,11341.818,299.0001328063703
37000.0,11584.818,302.0001874275215
36000.0,9527.417999999998,301.0001399115607
37500.0,9770.418,304.00019453271193
36000.0,10936.818,297.0001785460335
36500.0,10175.417999999998,301.0001727730663
38000.0,10418.418,304.0002273942175
36500.0,11584.818,297.0002114075391
37000.0,9770.418,299.00021851272953
36500.0,13656.617999999999,259.0001966050591
38000.0,13899.618,262.0002512262103
36500.0,15066.018,255.00023523953192
37000.0,13251.617999999999,257.0002423447223
37500.0,13899.617999999999,257.0002752062279
37000.0,13670.117999999999,259.0001966790715
38500.0,13913.118,262.0002513002227
37000.0,15079.518,255.00023531354432
37500.0,13265.117999999999,257.00024241873473
38000.0,13913.117999999999,257.0002752802403
38000.0,17394.318,215.0002991122331
20500.0,7725.15,256.0000821907702
21000.0,5910.75,258.0000892959606
19500.0,7077.15,251.0000733092822
21000.0,7320.15,254.0001279304334
21500.0,6558.75,258.0001221574662
20000.0,7725.15,251.0001061707878
21500.0,7968.15,254.000160791939
20500.0,5910.75,253.0001132759782
22000.0,6153.75,256.0001678971294
20500.0,7320.15,249.000151910451
21500.0,10039.949999999999,216.000145989459
20000.0,11206.349999999999,209.0001300027806
21500.0,11449.35,212.0001846239318
20500.0,9391.95,211.000137107971
22000.0,9634.95,214.0001917291222
20500.0,10801.35,207.0001757424438
21000.0,10039.95,211.0001699694766
22500.0,10282.95,214.0002245906278
21000.0,11449.35,207.0002086039494
21500.0,9634.95,209.0002157091398
22000.0,10053.449999999999,216.0001460634714
20500.0,11219.849999999999,209.000130076793
22000.0,11462.85,212.0001846979442
21000.0,9405.45,211.0001371819834
22500.0,9648.45,214.0001918031346
21000.0,10814.85,207.0001758164562
21500.0,10053.45,211.000170043489
23000.0,10296.45,214.0002246646402
21500.0,11462.85,207.0002086779618
22000.0,9648.45,209.0002157831522
21500.0,13534.649999999998,169.0001938754818
23000.0,13777.65,172.000248496633
21500.0,14944.05,165.0002325099546
22000.0,13129.650000000001,167.000239615145
22500.0,13777.650000000001,167.0002724766506
22000.0,10039.949999999999,236.000145989459
20500.0,11206.349999999999,229.0001300027806
22000.0,11449.35,232.0001846239318
21000.0,9391.95,231.000137107971
22500.0,9634.95,234.0001917291222
21000.0,10801.35,227.0001757424438
21500.0,10039.95,231.0001699694766
23000.0,10282.95,234.0002245906278
21500.0,11449.35,227.0002086039494
22000.0,9634.95,229.0002157091398
21500.0,13521.149999999998,189.0001938014694
23000.0,13764.15,192.0002484226206
21500.0,14930.55,185.0002324359422
22000.0,13116.150000000001,187.0002395411326
22500.0,13764.150000000001,187.0002724026382
22000.0,13534.649999999998,189.0001938754818
23500.0,13777.65,192.000248496633
22000.0,14944.05,185.0002325099546
22500.0,13129.650000000001,187.000239615145
23000.0,13777.650000000001,187.0002724766506
23000.0,17258.85,145.0002963086434
22500.0,10053.449999999999,236.0001460634714
21000.0,11219.849999999999,229.000130076793
22500.0,11462.85,232.0001846979442
21500.0,9405.45,231.0001371819834
23000.0,9648.45,234.0001918031346
21500.0,10814.85,227.0001758164562
22000.0,10053.45,231.000170043489
23500.0,10296.45,234.0002246646402
22000.0,11462.85,227.0002086779618
22500.0,9648.45,229.0002157831522
22000.0,13534.649999999998,189.0001938754818
23500.0,13777.65,192.000248496633
22000.0,14944.05,185.0002325099546
22500.0,13129.650000000001,187.000239615145
23000.0,13777.650000000001,187.0002724766506
22500.0,13548.149999999998,189.0001939494942
24000.0,13791.15,192.0002485706454
22500.0,14957.55,185.000232583967
23000.0,13143.150000000001,187.0002396891574
23500.0,13791.150000000001,187.000272550663
23500.0,17272.35,145.0002963826558
22500.0,13534.649999999998,209.0001938754818
24000.0,13777.65,212.000248496633
22500.0,14944.05,205.0002325099546
23000.0,13129.650000000001,207.000239615145
23500.0,13777.650000000001,207.0002724766506
23500.0,17258.85,165.0002963086434
24000.0,17272.35,165.0002963826558
49000.0,323.70000000000005,440.0000067134181
49000.0,3804.8999999999996,398.0000305454109
49500.0,4452.9,398.0000634069165
50000.0,2638.5,400.0000705121069
48500.0,3804.8999999999996,393.0000545254285
50000.0,4047.9000000000005,396.0001091465797
49500.0,3818.3999999999996,398.0000306194233
50000.0,4466.4,398.0000634809289
50500.0,2652.0,400.0000705861193
49000.0,3818.3999999999996,393.0000545994409
50500.0,4061.4000000000005,396.0001092205921
50000.0,7947.599999999999,356.0000873129217
50500.0,6133.199999999999,358.0000944181121
49000.0,7299.599999999999,351.0000784314337
50500.0,7542.6,354.0001330525849
51000.0,6781.199999999999,358.0001272796177
49500.0,7947.599999999999,351.0001112929393
51000.0,8190.6,354.0001659140905
50000.0,6133.2,353.0001183981297
51500.0,6376.200000000001,356.0001730192809
50000.0,7542.6,349.0001570326025
49500.0,3804.8999999999996,418.0000305454109
50000.0,4452.9,418.0000634069165
50500.0,2638.5,420.0000705121069
49000.0,3804.8999999999996,413.0000545254285
50500.0,4047.9000000000005,416.0001091465797
50000.0,7934.099999999999,376.0000872389093
50500.0,6119.699999999999,378.0000943440997
49000.0,7286.099999999999,371.0000783574213
50500.0,7529.1,374.0001329785725
51000.0,6767.699999999999,378.0001272056053
49500.0,7934.099999999999,371.0001112189269
51000.0,8177.1,374.00016584007807
50000.0,6119.7,373.0001183241173
51500.0,6362.700000000001,376.0001729452685
50000.0,7529.1,369.0001569585901
50500.0,7947.599999999999,376.0000873129217
51000.0,6133.199999999999,378.0000944181121
49500.0,7299.599999999999,371.0000784314337
51000.0,7542.6,374.0001330525849
51500.0,6781.199999999999,378.0001272796177
50000.0,7947.599999999999,371.0001112929393
51500.0,8190.6,374.0001659140905
50500.0,6133.2,373.0001183981297
52000.0,6376.200000000001,376.0001730192809
50500.0,7542.6,369.0001570326025
51500.0,10262.4,336.0001511116105
50000.0,11428.8,329.0001351249321
51500.0,11671.8,332.0001897460833
50500.0,9614.399999999998,331.0001422301225
52000.0,9857.4,334.0001968512737
50500.0,11023.8,327.0001808645953
51000.0,10262.399999999998,331.0001750916281
52500.0,10505.4,334.0002297127793
51000.0,11671.8,327.0002137261009
51500.0,9857.4,329.0002208312913
50000.0,3818.3999999999996,418.0000306194233
50500.0,4466.4,418.0000634809289
51000.0,2652.0,420.0000705861193
49500.0,3818.3999999999996,413.0000545994409
51000.0,4061.4000000000005,416.0001092205921
50500.0,7947.599999999999,376.0000873129217
51000.0,6133.199999999999,378.0000944181121
49500.0,7299.599999999999,371.0000784314337
51000.0,7542.6,374.0001330525849
51500.0,6781.199999999999,378.0001272796177
50000.0,7947.599999999999,371.0001112929393
51500.0,8190.6,374.0001659140905
50500.0,6133.2,373.0001183981297
52000.0,6376.200000000001,376.0001730192809
50500.0,7542.6,369.0001570326025
51000.0,7961.099999999999,376.00008738693407
51500.0,6146.699999999999,378.0000944921245
50000.0,7313.099999999999,371.0000785054461
51500.0,7556.1,374.0001331265973
52000.0,6794.699999999999,378.0001273536301
50500.0,7961.099999999999,371.00011136695167
52000.0,8204.1,374.0001659881029
51000.0,6146.7,373.0001184721421
52500.0,6389.700000000001,376.0001730932933
51000.0,7556.1,369.0001571066149
52000.0,10275.9,336.0001511856229
50500.0,11442.3,329.0001351989445
52000.0,11685.3,332.00018982009567
51000.0,9627.899999999998,331.0001423041349
52500.0,9870.9,334.0001969252861
51000.0,11037.3,327.0001809386077
51500.0,10275.899999999998,331.0001751656405
53000.0,10518.9,334.0002297867917
51500.0,11685.3,327.0002138001133
52000.0,9870.9,329.0002209053037
51000.0,7947.599999999999,396.0000873129217
51500.0,6133.199999999999,398.0000944181121
50000.0,7299.599999999999,391.0000784314337
51500.0,7542.6,394.0001330525849
52000.0,6781.199999999999,398.0001272796177
50500.0,7947.599999999999,391.0001112929393
52000.0,8190.6,394.0001659140905
51000.0,6133.2,393.0001183981297
52500.0,6376.200000000001,396.0001730192809
51000.0,7542.6,389.0001570326025
52000.0,10262.4,356.0001511116105
50500.0,11428.8,349.0001351249321
52000.0,11671.8,352.0001897460833
51000.0,9614.399999999998,351.0001422301225
52500.0,9857.4,354.0001968512737
51000.0,11023.8,347.0001808645953
51500.0,10262.399999999998,351.0001750916281
53000.0,10505.4,354.0002297127793
51500.0,11671.8,347.0002137261009
52000.0,9857.4,349.0002208312913
52500.0,10275.9,356.0001511856229
51000.0,11442.3,349.0001351989445
52500.0,11685.3,352.00018982009567
51500.0,9627.899999999998,351.0001423041349
53000.0,9870.9,354.0001969252861
51500.0,11037.3,347.0001809386077
52000.0,10275.899999999998,351.0001751656405
53500.0,10518.9,354.0002297867917
52000.0,11685.3,347.0002138001133
52500.0,9870.9,349.0002209053037
52000.0,13757.099999999999,309.0001989976333
53500.0,14000.1,312.0002536187845
52000.0,15166.5,305.0002376321061
52500.0,13352.099999999999,307.0002447372965
53000.0,14000.099999999999,307.0002775988021
35000.0,3682.932,348.00002781583356
35500.0,4330.932,348.0000606773392
36000.0,2516.5319999999997,350.0000677825296
34500.0,3682.932,343.00005179585116
36000.0,3925.9320000000002,346.00010641700237
35500.0,7812.132,306.000084509332
36000.0,5997.732,308.0000916145224
34500.0,7164.132,301.000075627844
36000.0,7407.132,304.00013024899516
36500.0,6645.732,308.00012447602796
35000.0,7812.132,301.0001084893496
36500.0,8055.132,304.0001631105008
35500.0,5997.732,303.00011559454
37000.0,6240.732,306.0001702156912
35500.0,7407.132,299.00015422901276
36000.0,7825.632,306.0000845833444
36500.0,6011.232,308.0000916885348
35000.0,7177.632,301.00007570185636
36500.0,7420.632,304.00013032300757
37000.0,6659.232,308.00012455004037
35500.0,7825.632,301.000108563362
37000.0,8068.632,304.0001631845132
36000.0,6011.232,303.0001156685524
37500.0,6254.232,306.0001702897036
36000.0,7420.632,299.00015430302517
37000.0,10140.431999999999,266.00014838203316
35500.0,11306.831999999999,259.0001323953548
37000.0,11549.832,262.000187016506
36000.0,9492.432,261.0001395005452
37500.0,9735.432,264.0001941216964
36000.0,10901.832,257.00017813501796
36500.0,10140.432,261.00017236205076
38000.0,10383.432,264.00022698320197
36500.0,11549.832,257.0002109965236
37000.0,9735.432,259.000218101714
36000.0,7812.132,326.000084509332
36500.0,5997.732,328.0000916145224
35000.0,7164.132,321.000075627844
36500.0,7407.132,324.00013024899516
37000.0,6645.732,328.00012447602796
35500.0,7812.132,321.0001084893496
37000.0,8055.132,324.0001631105008
36000.0,5997.732,323.00011559454
37500.0,6240.732,326.0001702156912
36000.0,7407.132,319.00015422901276
37000.0,10126.931999999999,286.0001483080208
35500.0,11293.331999999999,279.0001323213424
37000.0,11536.332,282.0001869424936
36000.0,9478.932,281.00013942653277
37500.0,9721.932,284.000194047684
36000.0,10888.332,277.00017806100556
36500.0,10126.932,281.00017228803836
38000.0,10369.932,284.00022690918956
36500.0,11536.332,277.0002109225112
37000.0,9721.932,279.0002180277016
37500.0,10140.431999999999,286.00014838203316
36000.0,11306.831999999999,279.0001323953548
37500.0,11549.832,282.000187016506
36500.0,9492.432,281.0001395005452
38000.0,9735.432,284.0001941216964
36500.0,10901.832,277.00017813501796
37000.0,10140.432,281.00017236205076
38500.0,10383.432,284.00022698320197
37000.0,11549.832,277.0002109965236
37500.0,9735.432,279.000218101714
37000.0,13621.631999999998,239.00019619404358
38500.0,13864.632,242.0002508151948
37000.0,15031.032,235.0002348285164
37500.0,13216.632000000001,237.00024193370677
38000.0,13864.632000000001,237.0002747952124
36500.0,7825.632,326.0000845833444
37000.0,6011.232,328.0000916885348
35500.0,7177.632,321.00007570185636
37000.0,7420.632,324.00013032300757
37500.0,6659.232,328.00012455004037
36000.0,7825.632,321.000108563362
37500.0,8068.632,324.0001631845132
36500.0,6011.232,323.0001156685524
38000.0,6254.232,326.0001702897036
36500.0,7420.632,319.00015430302517
37500.0,10140.431999999999,286.00014838203316
36000.0,11306.831999999999,279.0001323953548
37500.0,11549.832,282.000187016506
36500.0,9492.432,281.0001395005452
38000.0,9735.432,284.0001941216964
36500.0,10901.832,277.00017813501796
37000.0,10140.432,281.00017236205076
38500.0,10383.432,284.00022698320197
37000.0,11549.832,277.0002109965236
37500.0,9735.432,279.000218101714
38000.0,10153.931999999999,286.00014845604557
36500.0,11320.331999999999,279.0001324693672
38000.0,11563.332,282.0001870905184
37000.0,9505.932,281.0001395745576
38500.0,9748.932,284.0001941957088
37000.0,10915.332,277.00017820903037
37500.0,10153.932,281.00017243606317
39000.0,10396.932,284.0002270572144
37500.0,11563.332,277.000211070536
38000.0,9748.932,279.0002181757264
37500.0,13635.131999999998,239.000196268056
39000.0,13878.132,242.0002508892072
37500.0,15044.532,235.00023490252877
38000.0,13230.132000000001,237.00024200771918
38500.0,13878.132000000001,237.0002748692248
38000.0,10140.431999999999,306.00014838203316
36500.0,11306.831999999999,299.0001323953548
38000.0,11549.832,302.000187016506
37000.0,9492.432,301.0001395005452
38500.0,9735.432,304.0001941216964
37000.0,10901.832,297.00017813501796
37500.0,10140.432,301.00017236205076
39000.0,10383.432,304.00022698320197
37500.0,11549.832,297.0002109965236
38000.0,9735.432,299.000218101714
37500.0,13621.631999999998,259.0001961940436
39000.0,13864.632,262.00025081519476
37500.0,15031.032,255.0002348285164
38000.0,13216.632000000001,257.0002419337068
38500.0,13864.632000000001,257.00027479521236
38000.0,13635.131999999998,259.00019626805596
39500.0,13878.132,262.00025088920717
38000.0,15044.532,255.00023490252877
38500.0,13230.132000000001,257.0002420077192
39000.0,13878.132000000001,257.00027486922477
39000.0,17359.332,215.0002987012176
36000.0,3744.1679999999997,348.0000285352341
36500.0,4392.168,348.00006139673974
37000.0,2577.7679999999996,350.0000685019301
35500.0,3744.1679999999997,343.0000525152517
37000.0,3987.168,346.0001071364029
36500.0,7873.3679999999995,306.00008522873253
37000.0,6058.967999999999,308.0000923339229
35500.0,7225.3679999999995,301.0000763472445
37000.0,7468.368,304.0001309683957
37500.0,6706.967999999999,308.0001251954285
36000.0,7873.3679999999995,301.00010920875013
37500.0,8116.368,304.00016382990134
36500.0,6058.967999999999,303.0001163139405
38000.0,6301.968,306.0001709350917
36500.0,7468.368,299.0001549484133
37000.0,7886.8679999999995,306.00008530274494
37500.0,6072.467999999999,308.0000924079353
36000.0,7238.8679999999995,301.0000764212569
37500.0,7481.868,304.0001310424081
38000.0,6720.467999999999,308.0001252694409
36500.0,7886.8679999999995,301.00010928276254
38000.0,8129.868,304.0001639039137
37000.0,6072.467999999999,303.0001163879529
38500.0,6315.468,306.0001710091041
37000.0,7481.868,299.0001550224257
38000.0,10201.668,266.0001491014337
36500.0,11368.068,259.00013311475533
38000.0,11611.068,262.00018773590654
37000.0,9553.667999999998,261.0001402199457
38500.0,9796.668,264.0001948410969
37000.0,10963.068,257.0001788544185
37500.0,10201.667999999998,261.0001730814513
39000.0,10444.668,264.0002277026025
37500.0,11611.068,257.00021171592414
38000.0,9796.668,259.0002188211145
37000.0,7873.3679999999995,326.00008522873253
37500.0,6058.967999999999,328.0000923339229
36000.0,7225.3679999999995,321.0000763472445
37500.0,7468.368,324.0001309683957
38000.0,6706.967999999999,328.0001251954285
36500.0,7873.3679999999995,321.00010920875013
38000.0,8116.368,324.00016382990134
37000.0,6058.967999999999,323.0001163139405
38500.0,6301.968,326.0001709350917
37000.0,7468.368,319.0001549484133
38000.0,10188.168,286.0001490274213
36500.0,11354.568,279.0001330407429
38000.0,11597.568,282.00018766189413
37000.0,9540.167999999998,281.0001401459333
38500.0,9783.168,284.0001947670845
37000.0,10949.568,277.0001787804061
37500.0,10188.167999999998,281.0001730074389
39000.0,10431.168,284.0002276285901
37500.0,11597.568,277.00021164191173
38000.0,9783.168,279.0002187471021
38500.0,10201.668,286.0001491014337
37000.0,11368.068,279.00013311475533
38500.0,11611.068,282.00018773590654
37500.0,9553.667999999998,281.0001402199457
39000.0,9796.668,284.0001948410969
37500.0,10963.068,277.0001788544185
38000.0,10201.667999999998,281.0001730814513
39500.0,10444.668,284.0002277026025
38000.0,11611.068,277.00021171592414
38500.0,9796.668,279.0002188211145
38000.0,13682.867999999999,239.0001969134441
39500.0,13925.868,242.00025153459532
38000.0,15092.268,235.0002355479169
38500.0,13277.867999999999,237.0002426531073
39000.0,13925.867999999999,237.00027551461292
37500.0,7886.8679999999995,326.00008530274494
38000.0,6072.467999999999,328.0000924079353
36500.0,7238.8679999999995,321.0000764212569
38000.0,7481.868,324.0001310424081
38500.0,6720.467999999999,328.0001252694409
37000.0,7886.8679999999995,321.00010928276254
38500.0,8129.868,324.0001639039137
37500.0,6072.467999999999,323.0001163879529
39000.0,6315.468,326.0001710091041
37500.0,7481.868,319.0001550224257
38500.0,10201.668,286.0001491014337
37000.0,11368.068,279.00013311475533
38500.0,11611.068,282.00018773590654
37500.0,9553.667999999998,281.0001402199457
39000.0,9796.668,284.0001948410969
37500.0,10963.068,277.0001788544185
38000.0,10201.667999999998,281.0001730814513
39500.0,10444.668,284.0002277026025
38000.0,11611.068,277.00021171592414
38500.0,9796.668,279.0002188211145
39000.0,10215.168,286.0001491754461
37500.0,11381.568,279.00013318876773
39000.0,11624.568,282.0001878099189
38000.0,9567.167999999998,281.0001402939581
39500.0,9810.168,284.0001949151093
38000.0,10976.568,277.0001789284309
38500.0,10215.167999999998,281.0001731554637
40000.0,10458.168,284.0002277766149
38500.0,11624.568,277.0002117899365
39000.0,9810.168,279.0002188951269
38500.0,13696.367999999999,239.00019698745652
40000.0,13939.368,242.0002516086077
38500.0,15105.768,235.0002356219293
39000.0,13291.367999999999,237.0002427271197
39500.0,13939.367999999999,237.0002755886253
39000.0,10201.668,306.0001491014337
37500.0,11368.068,299.00013311475533
39000.0,11611.068,302.00018773590654
38000.0,9553.667999999998,301.0001402199457
39500.0,9796.668,304.0001948410969
38000.0,10963.068,297.0001788544185
38500.0,10201.667999999998,301.0001730814513
40000.0,10444.668,304.0002277026025
38500.0,11611.068,297.00021171592414
39000.0,9796.668,299.0002188211145
38500.0,13682.867999999999,259.0001969134441
40000.0,13925.868,262.0002515345953
38500.0,15092.268,255.0002355479169
39000.0,13277.867999999999,257.0002426531073
39500.0,13925.867999999999,257.0002755146129
39000.0,13696.367999999999,259.0001969874565
40500.0,13939.368,262.0002516086077
39000.0,15105.768,255.0002356219293
39500.0,13291.367999999999,257.0002427271197
40000.0,13939.367999999999,257.0002755886253
40000.0,17420.568,215.00029942061812
22500.0,7751.4,256.0000824991552
23000.0,5937.0,258.0000896043456
21500.0,7103.4,251.0000736176672
23000.0,7346.4,254.0001282388184
23500.0,6585.0,258.0001224658512
22000.0,7751.4,251.0001064791728
23500.0,7994.4,254.000161100324
22500.0,5937.0,253.0001135843632
24000.0,6180.0,256.0001682055144
22500.0,7346.4,249.000152218836
23500.0,10066.199999999999,216.000146297844
22000.0,11232.599999999999,209.0001303111656
23500.0,11475.6,212.0001849323168
22500.0,9418.2,211.000137416356
24000.0,9661.2,214.0001920375072
22500.0,10827.6,207.0001760508288
23000.0,10066.2,211.0001702778616
24500.0,10309.2,214.0002248990128
23000.0,11475.6,207.0002089123344
23500.0,9661.2,209.0002160175248
24000.0,10079.699999999999,216.0001463718564
22500.0,11246.099999999999,209.000130385178
24000.0,11489.1,212.0001850063292
23000.0,9431.7,211.0001374903684
24500.0,9674.7,214.0001921115196
23000.0,10841.1,207.0001761248412
23500.0,10079.7,211.000170351874
25000.0,10322.7,214.0002249730252
23500.0,11489.1,207.0002089863468
24000.0,9674.7,209.0002160915372
23500.0,13560.899999999998,169.0001941838668
25000.0,13803.9,172.000248805018
23500.0,14970.3,165.0002328183396
24000.0,13155.900000000001,167.00023992353
24500.0,13803.900000000001,167.0002727850356
24000.0,10066.199999999999,236.000146297844
22500.0,11232.599999999999,229.0001303111656
24000.0,11475.6,232.0001849323168
23000.0,9418.2,231.000137416356
24500.0,9661.2,234.0001920375072
23000.0,10827.6,227.0001760508288
23500.0,10066.2,231.0001702778616
25000.0,10309.2,234.0002248990128
23500.0,11475.6,227.0002089123344
24000.0,9661.2,229.0002160175248
23500.0,13547.399999999998,189.0001941098544
25000.0,13790.4,192.0002487310056
23500.0,14956.8,185.0002327443272
24000.0,13142.400000000001,187.0002398495176
24500.0,13790.400000000001,187.0002727110232
24000.0,13560.899999999998,189.0001941838668
25500.0,13803.9,192.000248805018
24000.0,14970.3,185.0002328183396
24500.0,13155.900000000001,187.00023992353
25000.0,13803.900000000001,187.0002727850356
25000.0,17285.1,145.0002966170284
24500.0,10079.699999999999,236.0001463718564
23000.0,11246.099999999999,229.000130385178
24500.0,11489.1,232.0001850063292
23500.0,9431.7,231.0001374903684
25000.0,9674.7,234.0001921115196
23500.0,10841.1,227.0001761248412
24000.0,10079.7,231.000170351874
25500.0,10322.7,234.0002249730252
24000.0,11489.1,227.0002089863468
24500.0,9674.7,229.0002160915372
24000.0,13560.899999999998,189.0001941838668
25500.0,13803.9,192.000248805018
24000.0,14970.3,185.0002328183396
24500.0,13155.900000000001,187.00023992353
25000.0,13803.900000000001,187.0002727850356
24500.0,13574.399999999998,189.0001942578792
26000.0,13817.4,192.0002488790304
24500.0,14983.8,185.000232892352
25000.0,13169.400000000001,187.0002399975424
25500.0,13817.400000000001,187.000272859048
25500.0,17298.6,145.0002966910408
24500.0,13560.899999999998,209.0001941838668
26000.0,13803.9,212.000248805018
24500.0,14970.3,205.0002328183396
25000.0,13155.900000000001,207.00023992353
25500.0,13803.900000000001,207.0002727850356
25500.0,17285.1,165.0002966170284
26000.0,17298.6,165.0002966910408
39000.0,3762.8999999999996,368.0000294598957
39500.0,4410.9,368.0000623214013
40000.0,2596.5,370.0000694265917
38500.0,3762.8999999999996,363.0000534399133
40000.0,4005.9000000000005,366.0001080610645
39500.0,7892.099999999999,326.0000861533941
40000.0,6077.699999999999,328.0000932585845
38500.0,7244.099999999999,321.0000772719061
40000.0,7487.1,324.0001318930573
40500.0,6725.699999999999,328.0001261200901
39000.0,7892.099999999999,321.0001101334117
40500.0,8135.1,324.0001647545629
39500.0,6077.699999999999,323.0001172386021
41000.0,6320.7,326.0001718597533
39500.0,7487.1,319.0001558730749
40000.0,7905.599999999999,326.0000862274065
40500.0,6091.199999999999,328.0000933325969
39000.0,7257.599999999999,321.0000773459185
40500.0,7500.6,324.0001319670697
41000.0,6739.199999999999,328.0001261941025
39500.0,7905.599999999999,321.0001102074241
41000.0,8148.6,324.0001648285753
40000.0,6091.2,323.0001173126145
41500.0,6334.200000000001,326.00017193376567
40000.0,7500.6,319.0001559470873
41000.0,10220.4,286.0001500260953
39500.0,11386.8,279.0001340394169
41000.0,11629.8,282.0001886605681
40000.0,9572.399999999998,281.0001411446073
41500.0,9815.4,284.0001957657585
40000.0,10981.8,277.0001797790801
40500.0,10220.399999999998,281.0001740061129
42000.0,10463.4,284.0002286272641
40500.0,11629.8,277.0002126405857
41000.0,9815.4,279.0002197457761
40000.0,7892.099999999999,346.0000861533941
40500.0,6077.699999999999,348.0000932585845
39000.0,7244.099999999999,341.0000772719061
40500.0,7487.1,344.0001318930573
41000.0,6725.699999999999,348.0001261200901
39500.0,7892.099999999999,341.0001101334117
41000.0,8135.1,344.0001647545629
40000.0,6077.699999999999,343.0001172386021
41500.0,6320.7,346.0001718597533
40000.0,7487.1,339.0001558730749
41000.0,10206.9,306.0001499520829
39500.0,11373.3,299.0001339654045
41000.0,11616.3,302.0001885865557
40000.0,9558.899999999998,301.0001410705949
41500.0,9801.9,304.0001956917461
40000.0,10968.3,297.0001797050677
40500.0,10206.899999999998,301.0001739321005
42000.0,10449.9,304.0002285532517
40500.0,11616.3,297.0002125665733
41000.0,9801.9,299.0002196717637
41500.0,10220.4,306.0001500260953
40000.0,11386.8,299.0001340394169
41500.0,11629.8,302.0001886605681
40500.0,9572.399999999998,301.0001411446073
42000.0,9815.4,304.0001957657585
40500.0,10981.8,297.0001797790801
41000.0,10220.399999999998,301.0001740061129
42500.0,10463.4,304.0002286272641
41000.0,11629.8,297.0002126405857
41500.0,9815.4,299.0002197457761
41000.0,13701.599999999999,259.0001978381057
42500.0,13944.6,262.0002524592569
41000.0,15111.0,255.0002364725785
41500.0,13296.599999999999,257.0002435777689
42000.0,13944.599999999999,257.0002764392745
40500.0,7905.599999999999,346.0000862274065
41000.0,6091.199999999999,348.0000933325969
39500.0,7257.599999999999,341.0000773459185
41000.0,7500.6,344.0001319670697
41500.0,6739.199999999999,348.0001261941025
40000.0,7905.599999999999,341.0001102074241
41500.0,8148.6,344.0001648285753
40500.0,6091.2,343.0001173126145
42000.0,6334.200000000001,346.00017193376567
40500.0,7500.6,339.0001559470873
41500.0,10220.4,306.0001500260953
40000.0,11386.8,299.0001340394169
41500.0,11629.8,302.0001886605681
40500.0,9572.399999999998,301.0001411446073
42000.0,9815.4,304.0001957657585
40500.0,10981.8,297.0001797790801
41000.0,10220.399999999998,301.0001740061129
42500.0,10463.4,304.0002286272641
41000.0,11629.8,297.0002126405857
41500.0,9815.4,299.0002197457761
42000.0,10233.9,306.0001501001077
40500.0,11400.3,299.0001341134293
42000.0,11643.3,302.0001887345805
41000.0,9585.899999999998,301.0001412186197
42500.0,9828.9,304.00019583977087
41000.0,10995.3,297.0001798530925
41500.0,10233.899999999998,301.0001740801253
43000.0,10476.9,304.0002287012765
41500.0,11643.3,297.0002127145981
42000.0,9828.9,299.00021981978847
41500.0,13715.099999999999,259.0001979121181
43000.0,13958.1,262.0002525332693
41500.0,15124.5,255.00023654659088
42000.0,13310.099999999999,257.0002436517813
42500.0,13958.099999999999,257.0002765132869
42000.0,10220.4,326.0001500260953
40500.0,11386.8,319.0001340394169
42000.0,11629.8,322.0001886605681
41000.0,9572.399999999998,321.0001411446073
42500.0,9815.4,324.0001957657585
41000.0,10981.8,317.0001797790801
41500.0,10220.399999999998,321.0001740061129
43000.0,10463.4,324.0002286272641
41500.0,11629.8,317.0002126405857
42000.0,9815.4,319.0002197457761
41500.0,13701.599999999999,279.0001978381057
43000.0,13944.6,282.0002524592569
41500.0,15111.0,275.0002364725785
42000.0,13296.599999999999,277.0002435777689
42500.0,13944.599999999999,277.0002764392745
42000.0,13715.099999999999,279.0001979121181
43500.0,13958.1,282.0002525332693
42000.0,15124.5,275.0002365465909
42500.0,13310.099999999999,277.0002436517813
43000.0,13958.099999999999,277.0002765132869
43000.0,17439.3,235.0003003452797
25500.0,7770.132,276.00008342381676
26000.0,5955.732,278.0000905290072
24500.0,7122.132,271.0000745423288
26000.0,7365.132,274.00012916348
26500.0,6603.732,278.0001233905128
25000.0,7770.132,271.00010740383436
26500.0,8013.132,274.00016202498557
25500.0,5955.732,273.0001145090248
27000.0,6198.732,276.000169130176
25500.0,7365.132,269.0001531434976
26500.0,10084.931999999999,236.00014722250557
25000.0,11251.331999999999,229.00013123582718
26500.0,11494.332,232.0001858569784
25500.0,9436.932,231.0001383410176
27000.0,9679.932,234.0001929621688
25500.0,10846.332,227.00017697549038
26000.0,10084.932,231.00017120252318
27500.0,10327.932,234.00022582367438
26000.0,11494.332,227.000209836996
26500.0,9679.932,229.00021694218637
27000.0,10098.431999999999,236.00014729651798
25500.0,11264.831999999999,229.0001313098396
27000.0,11507.832,232.0001859309908
26000.0,9450.432,231.00013841503
27500.0,9693.432,234.00019303618117
26000.0,10859.832,227.00017704950278
26500.0,10098.432,231.00017127653558
28000.0,10341.432,234.0002258976868
26500.0,11507.832,227.0002099110084
27000.0,9693.432,229.00021701619877
26500.0,13579.631999999998,189.00019510852837
28000.0,13822.632,192.00024972967958
26500.0,14989.032,185.0002337430012
27000.0,13174.632000000001,187.0002408481916
27500.0,13822.632000000001,187.00027370969718
27000.0,10084.931999999999,256.0001472225056
25500.0,11251.331999999999,249.00013123582718
27000.0,11494.332,252.0001858569784
26000.0,9436.932,251.0001383410176
27500.0,9679.932,254.0001929621688
26000.0,10846.332,247.00017697549038
26500.0,10084.932,251.00017120252318
28000.0,10327.932,254.00022582367438
26500.0,11494.332,247.000209836996
27000.0,9679.932,249.00021694218637
26500.0,13566.131999999998,209.000195034516
28000.0,13809.132,212.00024965566718
26500.0,14975.532,205.00023366898878
27000.0,13161.132000000001,207.0002407741792
27500.0,13809.132000000001,207.00027363568478
27000.0,13579.631999999998,209.00019510852837
28500.0,13822.632,212.00024972967958
27000.0,14989.032,205.0002337430012
27500.0,13174.632000000001,207.0002408481916
28000.0,13822.632000000001,207.00027370969718
28000.0,17303.832,165.00029754168997
27500.0,10098.431999999999,256.000147296518
26000.0,11264.831999999999,249.0001313098396
27500.0,11507.832,252.0001859309908
26500.0,9450.432,251.00013841503
28000.0,9693.432,254.00019303618117
26500.0,10859.832,247.00017704950278
27000.0,10098.432,251.00017127653558
28500.0,10341.432,254.0002258976868
27000.0,11507.832,247.0002099110084
27500.0,9693.432,249.00021701619877
27000.0,13579.631999999998,209.00019510852837
28500.0,13822.632,212.00024972967958
27000.0,14989.032,205.0002337430012
27500.0,13174.632000000001,207.0002408481916
28000.0,13822.632000000001,207.00027370969718
27500.0,13593.131999999998,209.00019518254078
29000.0,13836.132,212.000249803692
27500.0,15002.532,205.0002338170136
28000.0,13188.132000000001,207.00024092220397
28500.0,13836.132000000001,207.0002737837096
28500.0,17317.332,165.00029761570238
27500.0,13579.631999999998,229.00019510852837
29000.0,13822.632,232.00024972967958
27500.0,14989.032,225.0002337430012
28000.0,13174.632000000001,227.0002408481916
28500.0,13822.632000000001,227.00027370969718
28500.0,17303.832,185.00029754168997
29000.0,17317.332,185.00029761570238
26500.0,7831.3679999999995,276.0000841432173
27000.0,6016.967999999999,278.0000912484077
25500.0,7183.3679999999995,271.0000752617293
27000.0,7426.368,274.0001298828805
27500.0,6664.967999999999,278.0001241099133
26000.0,7831.3679999999995,271.0001081232349
27500.0,8074.368,274.0001627443861
26500.0,6016.967999999999,273.00011522842533
28000.0,6259.968,276.00016984957654
26500.0,7426.368,269.0001538628981
27500.0,10146.168,236.0001479419061
26000.0,11312.568,229.00013195522772
27500.0,11555.568,232.00018657637892
26500.0,9498.167999999998,231.00013906041812
28000.0,9741.168,234.0001936815693
26500.0,10907.568,227.0001776948909
27000.0,10146.167999999998,231.0001719219237
28500.0,10389.168,234.00022654307492
27000.0,11555.568,227.00021055639652
27500.0,9741.168,229.0002176615869
28000.0,10159.668,236.0001480159185
26500.0,11326.068,229.00013202924012
28000.0,11569.068,232.0001866503913
27000.0,9511.667999999998,231.00013913443053
28500.0,9754.668,234.0001937555817
27000.0,10921.068,227.0001777689033
27500.0,10159.667999999998,231.0001719959361
29000.0,10402.668,234.00022661708732
27500.0,11569.068,227.0002106304089
28000.0,9754.668,229.0002177355993
27500.0,13640.867999999999,189.0001958279289
29000.0,13883.868,192.0002504490801
27500.0,15050.268,185.00023446240172
28000.0,13235.867999999999,187.0002415675921
28500.0,13883.867999999999,187.00027442909771
28000.0,10146.168,256.0001479419061
26500.0,11312.568,249.00013195522772
28000.0,11555.568,252.00018657637892
27000.0,9498.167999999998,251.00013906041812
28500.0,9741.168,254.0001936815693
27000.0,10907.568,247.0001776948909
27500.0,10146.167999999998,251.0001719219237
29000.0,10389.168,254.00022654307492
27500.0,11555.568,247.00021055639652
28000.0,9741.168,249.0002176615869
27500.0,13627.367999999999,209.0001957539165
29000.0,13870.368,212.0002503750677
27500.0,15036.768,205.00023438838932
28000.0,13222.367999999999,207.00024149357972
28500.0,13870.367999999999,207.0002743550853
28000.0,13640.867999999999,209.0001958279289
29500.0,13883.868,212.0002504490801
28000.0,15050.268,205.00023446240172
28500.0,13235.867999999999,207.0002415675921
29000.0,13883.867999999999,207.00027442909771
29000.0,17365.068,165.0002982610905
28500.0,10159.668,256.0001480159185
27000.0,11326.068,249.00013202924012
28500.0,11569.068,252.0001866503913
27500.0,9511.667999999998,251.00013913443053
29000.0,9754.668,254.0001937555817
27500.0,10921.068,247.0001777689033
28000.0,10159.667999999998,251.0001719959361
29500.0,10402.668,254.00022661708732
28000.0,11569.068,247.0002106304089
28500.0,9754.668,249.0002177355993
28000.0,13640.867999999999,209.0001958279289
29500.0,13883.868,212.0002504490801
28000.0,15050.268,205.00023446240172
28500.0,13235.867999999999,207.0002415675921
29000.0,13883.867999999999,207.00027442909771
28500.0,13654.367999999999,209.0001959019413
30000.0,13897.368,212.00025052309252
28500.0,15063.768,205.0002345364141
29000.0,13249.367999999999,207.0002416416045
29500.0,13897.367999999999,207.00027450311012
29500.0,17378.568,165.0002983351029
28500.0,13640.867999999999,229.0001958279289
30000.0,13883.868,232.0002504490801
28500.0,15050.268,225.00023446240172
29000.0,13235.867999999999,227.0002415675921
29500.0,13883.867999999999,227.00027442909771
29500.0,17365.068,185.0002982610905
30000.0,17378.568,185.0002983351029
13500.0,10024.199999999999,186.0001452123288
12000.0,11190.599999999999,179.0001292256504
13500.0,11433.6,182.0001838468016
12500.0,9376.2,181.0001363308408
14000.0,9619.2,184.000190951992
12500.0,10785.6,177.0001749653136
13000.0,10024.2,181.0001691923464
14500.0,10267.2,184.0002238134976
13000.0,11433.6,177.0002078268192
13500.0,9619.2,179.0002149320096
13000.0,13505.399999999998,139.0001930243392
14500.0,13748.4,142.0002476454904
13000.0,14914.8,135.000231658812
13500.0,13100.400000000001,137.0002387640024
14000.0,13748.400000000001,137.000271625508
13500.0,13518.899999999998,139.0001930983516
15000.0,13761.9,142.0002477195028
13500.0,14928.3,135.0002317328244
14000.0,13113.900000000001,137.0002388380148
14500.0,13761.900000000001,137.0002716995204
14500.0,17243.1,95.0002955315132
13500.0,13505.399999999998,159.0001930243392
15000.0,13748.4,162.0002476454904
13500.0,14914.8,155.000231658812
14000.0,13100.400000000001,157.0002387640024
14500.0,13748.400000000001,157.000271625508
14500.0,17229.6,115.0002954575008
15000.0,17243.1,115.0002955315132
14000.0,13518.899999999998,159.0001930983516
15500.0,13761.9,162.0002477195028
14000.0,14928.3,155.0002317328244
14500.0,13113.900000000001,157.0002388380148
15000.0,13761.900000000001,157.0002716995204
15000.0,17243.1,115.0002955315132
15500.0,17256.6,115.0002956055256
15500.0,17243.1,135.0002955315132
59000.0,357.45000000000005,520.0000076385732
59000.0,3838.6499999999996,478.0000314705659
59500.0,4486.65,478.0000643320715
60000.0,2672.25,480.0000714372619
58500.0,3838.6499999999996,473.0000554505835
60000.0,4081.6500000000005,476.0001100717347
59500.0,3852.1499999999996,478.0000315445783
60000.0,4500.15,478.0000644060839
60500.0,2685.75,480.0000715112743
59000.0,3852.1499999999996,473.0000555245959
60500.0,4095.1500000000005,476.0001101457471
60000.0,7981.349999999999,436.00008823807667
60500.0,6166.949999999999,438.0000953432671
59000.0,7333.349999999999,431.0000793565887
60500.0,7576.35,434.0001339777399
61000.0,6814.949999999999,438.0001282047727
59500.0,7981.349999999999,431.0001122180943
61000.0,8224.35,434.0001668392455
60000.0,6166.95,433.0001193232847
61500.0,6409.950000000001,436.0001739444359
60000.0,7576.35,429.0001579577575
59500.0,3838.6499999999996,498.0000314705659
60000.0,4486.65,498.0000643320715
60500.0,2672.25,500.0000714372619
59000.0,3838.6499999999996,493.0000554505835
60500.0,4081.6500000000005,496.0001100717347
60000.0,7967.849999999999,456.0000881640643
60500.0,6153.449999999999,458.0000952692547
59000.0,7319.849999999999,451.0000792825763
60500.0,7562.85,454.0001339037275
61000.0,6801.449999999999,458.0001281307603
59500.0,7967.849999999999,451.00011214408187
61000.0,8210.85,454.0001667652331
60000.0,6153.45,453.0001192492723
61500.0,6396.450000000001,456.0001738704235
60000.0,7562.85,449.0001578837451
60500.0,7981.349999999999,456.00008823807667
61000.0,6166.949999999999,458.0000953432671
59500.0,7333.349999999999,451.0000793565887
61000.0,7576.35,454.0001339777399
61500.0,6814.949999999999,458.0001282047727
60000.0,7981.349999999999,451.0001122180943
61500.0,8224.35,454.0001668392455
60500.0,6166.95,453.0001193232847
62000.0,6409.950000000001,456.0001739444359
60500.0,7576.35,449.0001579577575
61500.0,10296.15,416.0001520367655
60000.0,11462.55,409.0001360500871
61500.0,11705.55,412.0001906712383
60500.0,9648.149999999998,411.0001431552775
62000.0,9891.15,414.0001977764287
60500.0,11057.55,407.0001817897503
61000.0,10296.149999999998,411.0001760167831
62500.0,10539.15,414.0002306379343
61000.0,11705.55,407.0002146512559
61500.0,9891.15,409.0002217564463
60000.0,3852.1499999999996,498.0000315445783
60500.0,4500.15,498.0000644060839
61000.0,2685.75,500.0000715112743
59500.0,3852.1499999999996,493.0000555245959
61000.0,4095.1500000000005,496.0001101457471
60500.0,7981.349999999999,456.00008823807667
61000.0,6166.949999999999,458.0000953432671
59500.0,7333.349999999999,451.0000793565887
61000.0,7576.35,454.0001339777399
61500.0,6814.949999999999,458.0001282047727
60000.0,7981.349999999999,451.0001122180943
61500.0,8224.35,454.0001668392455
60500.0,6166.95,453.0001193232847
62000.0,6409.950000000001,456.0001739444359
60500.0,7576.35,449.0001579577575
61000.0,7994.849999999999,456.0000883120891
61500.0,6180.449999999999,458.0000954172795
60000.0,7346.849999999999,451.0000794306011
61500.0,7589.85,454.0001340517523
62000.0,6828.449999999999,458.0001282787851
60500.0,7994.849999999999,451.0001122921067
62000.0,8237.85,454.0001669132579
61000.0,6180.45,453.0001193972971
62500.0,6423.450000000001,456.0001740184483
61000.0,7589.85,449.0001580317699
62000.0,10309.65,416.0001521107779
60500.0,11476.05,409.00013612409947
62000.0,11719.05,412.0001907452507
61000.0,9661.649999999998,411.0001432292899
62500.0,9904.65,414.0001978504411
61000.0,11071.05,407.0001818637627
61500.0,10309.649999999998,411.0001760907955
63000.0,10552.65,414.0002307119467
61500.0,11719.05,407.0002147252683
62000.0,9904.65,409.0002218304587
61000.0,7981.349999999999,476.00008823807667
61500.0,6166.949999999999,478.0000953432671
60000.0,7333.349999999999,471.0000793565887
61500.0,7576.35,474.0001339777399
62000.0,6814.949999999999,478.0001282047727
60500.0,7981.349999999999,471.0001122180943
62000.0,8224.35,474.0001668392455
61000.0,6166.95,473.0001193232847
62500.0,6409.950000000001,476.0001739444359
61000.0,7576.35,469.0001579577575
62000.0,10296.15,436.0001520367655
60500.0,11462.55,429.0001360500871
62000.0,11705.55,432.0001906712383
61000.0,9648.149999999998,431.0001431552775
62500.0,9891.15,434.0001977764287
61000.0,11057.55,427.0001817897503
61500.0,10296.149999999998,431.0001760167831
63000.0,10539.15,434.0002306379343
61500.0,11705.55,427.0002146512559
62000.0,9891.15,429.0002217564463
62500.0,10309.65,436.0001521107779
61000.0,11476.05,429.00013612409947
62500.0,11719.05,432.0001907452507
61500.0,9661.649999999998,431.0001432292899
63000.0,9904.65,434.0001978504411
61500.0,11071.05,427.0001818637627
62000.0,10309.649999999998,431.0001760907955
63500.0,10552.65,434.0002307119467
62000.0,11719.05,427.0002147252683
62500.0,9904.65,429.0002218304587
62000.0,13790.849999999999,389.0001999227883
63500.0,14033.85,392.0002545439395
62000.0,15200.25,385.00023855726107
62500.0,13385.849999999999,387.0002456624515
63000.0,14033.849999999999,387.0002785239571
45000.0,3716.682,428.00002874098857
45500.0,4364.682,428.00006160249416
46000.0,2550.2819999999997,430.0000687076846
44500.0,3716.682,423.00005272100617
46000.0,3959.6820000000002,426.0001073421574
45500.0,7845.882,386.000085434487
46000.0,6031.482,388.0000925396774
44500.0,7197.882,381.00007655299896
46000.0,7440.882,384.00013117415017
46500.0,6679.482,388.00012540118297
45000.0,7845.882,381.0001094145046
46500.0,8088.882,384.00016403565576
45500.0,6031.482,383.000116519695
47000.0,6274.482,386.0001711408462
45500.0,7440.882,379.00015515416777
46000.0,7859.382,386.0000855084994
46500.0,6044.982,388.0000926136898
45000.0,7211.382,381.00007662701137
46500.0,7454.382,384.0001312481626
47000.0,6692.982,388.0001254751954
45500.0,7859.382,381.000109488517
47000.0,8102.382,384.00016410966816
46000.0,6044.982,383.0001165937074
47500.0,6287.982,386.0001712148586
46000.0,7454.382,379.0001552281802
47000.0,10174.181999999999,346.00014930718817
45500.0,11340.581999999999,339.0001333205098
47000.0,11583.582,342.000187941661
46000.0,9526.182,341.0001404257002
47500.0,9769.182,344.0001950468514
46000.0,10935.582,337.00017906017297
46500.0,10174.182,341.00017328720577
48000.0,10417.182,344.000227908357
46500.0,11583.582,337.00021192167856
47000.0,9769.182,339.000219026869
46000.0,7845.882,406.000085434487
46500.0,6031.482,408.0000925396774
45000.0,7197.882,401.00007655299896
46500.0,7440.882,404.00013117415017
47000.0,6679.482,408.00012540118297
45500.0,7845.882,401.0001094145046
47000.0,8088.882,404.00016403565576
46000.0,6031.482,403.000116519695
47500.0,6274.482,406.0001711408462
46000.0,7440.882,399.00015515416777
47000.0,10160.681999999999,366.00014923317576
45500.0,11327.081999999999,359.0001332464974
47000.0,11570.082,362.0001878676486
46000.0,9512.682,361.0001403516878
47500.0,9755.682,364.000194972839
46000.0,10922.082,357.00017898616056
46500.0,10160.682,361.00017321319336
48000.0,10403.682,364.00022783434457
46500.0,11570.082,357.0002118476662
47000.0,9755.682,359.0002189528566
47500.0,10174.181999999999,366.00014930718817
46000.0,11340.581999999999,359.0001333205098
47500.0,11583.582,362.000187941661
46500.0,9526.182,361.0001404257002
48000.0,9769.182,364.0001950468514
46500.0,10935.582,357.00017906017297
47000.0,10174.182,361.00017328720577
48500.0,10417.182,364.000227908357
47000.0,11583.582,357.00021192167856
47500.0,9769.182,359.000219026869
47000.0,13655.381999999998,319.00019711919856
48500.0,13898.382,322.00025174034977
47000.0,15064.782,315.0002357536714
47500.0,13250.382000000001,317.0002428588618
48000.0,13898.382000000001,317.00027572036737
46500.0,7859.382,406.0000855084994
47000.0,6044.982,408.0000926136898
45500.0,7211.382,401.00007662701137
47000.0,7454.382,404.0001312481626
47500.0,6692.982,408.0001254751954
46000.0,7859.382,401.000109488517
47500.0,8102.382,404.00016410966816
46500.0,6044.982,403.0001165937074
48000.0,6287.982,406.0001712148586
46500.0,7454.382,399.0001552281802
47500.0,10174.181999999999,366.00014930718817
46000.0,11340.581999999999,359.0001333205098
47500.0,11583.582,362.000187941661
46500.0,9526.182,361.0001404257002
48000.0,9769.182,364.0001950468514
46500.0,10935.582,357.00017906017297
47000.0,10174.182,361.00017328720577
48500.0,10417.182,364.000227908357
47000.0,11583.582,357.00021192167856
47500.0,9769.182,359.000219026869
48000.0,10187.681999999999,366.0001493812006
46500.0,11354.081999999999,359.0001333945222
48000.0,11597.082,362.00018801567336
47000.0,9539.682,361.0001404997126
48500.0,9782.682,364.0001951208638
47000.0,10949.082,357.0001791341854
47500.0,10187.682,361.0001733612182
49000.0,10430.682,364.0002279823694
47500.0,11597.082,357.00021199569096
48000.0,9782.682,359.0002191008814
47500.0,13668.881999999998,319.00019719321097
49000.0,13911.882,322.0002518143622
47500.0,15078.282,315.0002358276838
48000.0,13263.882000000001,317.0002429328742
48500.0,13911.882000000001,317.0002757943798
48000.0,10174.181999999999,386.00014930718817
46500.0,11340.581999999999,379.0001333205098
48000.0,11583.582,382.000187941661
47000.0,9526.182,381.0001404257002
48500.0,9769.182,384.0001950468514
47000.0,10935.582,377.00017906017297
47500.0,10174.182,381.00017328720577
49000.0,10417.182,384.000227908357
47500.0,11583.582,377.00021192167856
48000.0,9769.182,379.000219026869
47500.0,13655.381999999998,339.00019711919856
49000.0,13898.382,342.00025174034977
47500.0,15064.782,335.0002357536714
48000.0,13250.382000000001,337.0002428588618
48500.0,13898.382000000001,337.00027572036737
48000.0,13668.881999999998,339.00019719321097
49500.0,13911.882,342.0002518143622
48000.0,15078.282,335.0002358276838
48500.0,13263.882000000001,337.0002429328742
49000.0,13911.882000000001,337.0002757943798
49000.0,17393.082,295.00029962637257
46000.0,3777.9179999999997,428.0000294603891
46500.0,4425.918,428.0000623218947
47000.0,2611.5179999999996,430.0000694270851
45500.0,3777.9179999999997,423.0000534404067
47000.0,4020.918,426.0001080615579
46500.0,7907.1179999999995,386.00008615388754
47000.0,6092.717999999999,388.0000932590779
45500.0,7259.1179999999995,381.0000772723995
47000.0,7502.118,384.0001318935507
47500.0,6740.717999999999,388.0001261205835
46000.0,7907.1179999999995,381.00011013390514
47500.0,8150.118,384.0001647550563
46500.0,6092.717999999999,383.0001172390955
48000.0,6335.718,386.0001718602467
46500.0,7502.118,379.0001558735683
47000.0,7920.6179999999995,386.0000862278999
47500.0,6106.217999999999,388.0000933330903
46000.0,7272.6179999999995,381.0000773464119
47500.0,7515.618,384.0001319675631
48000.0,6754.217999999999,388.0001261945959
46500.0,7920.6179999999995,381.0001102079175
48000.0,8163.618,384.0001648290687
47000.0,6106.217999999999,383.0001173131079
48500.0,6349.218,386.00017193425913
47000.0,7515.618,379.0001559475807
48000.0,10235.418,346.0001500265887
46500.0,11401.818,339.00013403991034
48000.0,11644.818,342.0001886610615
47000.0,9587.417999999998,341.0001411451007
48500.0,9830.418,344.0001957662519
47000.0,10996.818,337.0001797795735
47500.0,10235.417999999998,341.0001740066063
49000.0,10478.418,344.0002286277575
47500.0,11644.818,337.0002126410791
48000.0,9830.418,339.0002197462695
47000.0,7907.1179999999995,406.00008615388754
47500.0,6092.717999999999,408.0000932590779
46000.0,7259.1179999999995,401.0000772723995
47500.0,7502.118,404.0001318935507
48000.0,6740.717999999999,408.0001261205835
46500.0,7907.1179999999995,401.00011013390514
48000.0,8150.118,404.0001647550563
47000.0,6092.717999999999,403.0001172390955
48500.0,6335.718,406.0001718602467
47000.0,7502.118,399.0001558735683
48000.0,10221.918,366.0001499525763
46500.0,11388.318,359.00013396589793
48000.0,11631.318,362.00018858704914
47000.0,9573.917999999998,361.0001410710883
48500.0,9816.918,364.0001956922395
47000.0,10983.318,357.0001797055611
47500.0,10221.917999999998,361.0001739325939
49000.0,10464.918,364.0002285537451
47500.0,11631.318,357.00021256706674
48000.0,9816.918,359.0002196722571
48500.0,10235.418,366.0001500265887
47000.0,11401.818,359.00013403991034
48500.0,11644.818,362.0001886610615
47500.0,9587.417999999998,361.0001411451007
49000.0,9830.418,364.0001957662519
47500.0,10996.818,357.0001797795735
48000.0,10235.417999999998,361.0001740066063
49500.0,10478.418,364.0002286277575
48000.0,11644.818,357.0002126410791
48500.0,9830.418,359.0002197462695
48000.0,13716.617999999999,319.0001978385991
49500.0,13959.618,322.0002524597503
48000.0,15126.018,315.00023647307194
48500.0,13311.617999999999,317.0002435782623
49000.0,13959.617999999999,317.0002764397679
47500.0,7920.6179999999995,406.0000862278999
48000.0,6106.217999999999,408.0000933330903
46500.0,7272.6179999999995,401.0000773464119
48000.0,7515.618,404.0001319675631
48500.0,6754.217999999999,408.0001261945959
47000.0,7920.6179999999995,401.0001102079175
48500.0,8163.618,404.0001648290687
47500.0,6106.217999999999,403.0001173131079
49000.0,6349.218,406.00017193425913
47500.0,7515.618,399.0001559475807
48500.0,10235.418,366.0001500265887
47000.0,11401.818,359.00013403991034
48500.0,11644.818,362.0001886610615
47500.0,9587.417999999998,361.0001411451007
49000.0,9830.418,364.0001957662519
47500.0,10996.818,357.0001797795735
48000.0,10235.417999999998,361.0001740066063
49500.0,10478.418,364.0002286277575
48000.0,11644.818,357.0002126410791
48500.0,9830.418,359.0002197462695
49000.0,10248.918,366.0001501006011
47500.0,11415.318,359.0001341139227
49000.0,11658.318,362.0001887350739
48000.0,9600.917999999998,361.0001412191131
49500.0,9843.918,364.0001958402643
48000.0,11010.318,357.0001798535859
48500.0,10248.917999999998,361.0001740806187
50000.0,10491.918,364.0002287017699
48500.0,11658.318,357.0002127150915
49000.0,9843.918,359.0002198202819
48500.0,13730.117999999999,319.0001979126115
50000.0,13973.118,322.0002525337627
48500.0,15139.518,315.0002365470843
49000.0,13325.117999999999,317.0002436522747
49500.0,13973.117999999999,317.0002765137803
49000.0,10235.418,386.0001500265887
47500.0,11401.818,379.00013403991034
49000.0,11644.818,382.0001886610615
48000.0,9587.417999999998,381.0001411451007
49500.0,9830.418,384.0001957662519
48000.0,10996.818,377.0001797795735
48500.0,10235.417999999998,381.0001740066063
50000.0,10478.418,384.0002286277575
48500.0,11644.818,377.0002126410791
49000.0,9830.418,379.0002197462695
48500.0,13716.617999999999,339.0001978385991
50000.0,13959.618,342.0002524597503
48500.0,15126.018,335.00023647307194
49000.0,13311.617999999999,337.0002435782623
49500.0,13959.617999999999,337.0002764397679
49000.0,13730.117999999999,339.0001979126115
50500.0,13973.118,342.0002525337627
49000.0,15139.518,335.0002365470843
49500.0,13325.117999999999,337.0002436522747
50000.0,13973.117999999999,337.0002765137803
50000.0,17454.318,295.0003003457731
32500.0,7785.15,336.0000834243102
33000.0,5970.75,338.0000905295006
31500.0,7137.15,331.0000745428222
33000.0,7380.15,334.0001291639734
33500.0,6618.75,338.0001233910062
32000.0,7785.15,331.0001074043278
33500.0,8028.15,334.000162025479
32500.0,5970.75,333.0001145095182
34000.0,6213.75,336.0001691306694
32500.0,7380.15,329.000153143991
33500.0,10099.949999999999,296.000147222999
32000.0,11266.349999999999,289.0001312363206
33500.0,11509.35,292.0001858574718
32500.0,9451.95,291.000138341511
34000.0,9694.95,294.0001929626622
32500.0,10861.35,287.0001769759838
33000.0,10099.95,291.0001712030166
34500.0,10342.95,294.0002258241678
33000.0,11509.35,287.0002098374894
33500.0,9694.95,289.0002169426798
34000.0,10113.449999999999,296.0001472970114
32500.0,11279.849999999999,289.000131310333
34000.0,11522.85,292.0001859314842
33000.0,9465.45,291.0001384155234
34500.0,9708.45,294.0001930366746
33000.0,10874.85,287.0001770499962
33500.0,10113.45,291.000171277029
35000.0,10356.45,294.0002258981802
33500.0,11522.85,287.0002099115018
34000.0,9708.45,289.0002170166922
33500.0,13594.649999999998,249.0001951090218
35000.0,13837.65,252.000249730173
33500.0,15004.05,245.0002337434946
34000.0,13189.650000000001,247.000240848685
34500.0,13837.650000000001,247.0002737101906
34000.0,10099.949999999999,316.000147222999
32500.0,11266.349999999999,309.0001312363206
34000.0,11509.35,312.0001858574718
33000.0,9451.95,311.000138341511
34500.0,9694.95,314.0001929626622
33000.0,10861.35,307.0001769759838
33500.0,10099.95,311.0001712030166
35000.0,10342.95,314.0002258241678
33500.0,11509.35,307.0002098374894
34000.0,9694.95,309.0002169426798
33500.0,13581.149999999998,269.0001950350094
35000.0,13824.15,272.0002496561606
33500.0,14990.55,265.0002336694822
34000.0,13176.150000000001,267.0002407746726
34500.0,13824.150000000001,267.0002736361782
34000.0,13594.649999999998,269.0001951090218
35500.0,13837.65,272.000249730173
34000.0,15004.05,265.0002337434946
34500.0,13189.650000000001,267.000240848685
35000.0,13837.650000000001,267.0002737101906
35000.0,17318.85,225.0002975421834
34500.0,10113.449999999999,316.0001472970114
33000.0,11279.849999999999,309.000131310333
34500.0,11522.85,312.0001859314842
33500.0,9465.45,311.0001384155234
35000.0,9708.45,314.0001930366746
33500.0,10874.85,307.0001770499962
34000.0,10113.45,311.000171277029
35500.0,10356.45,314.0002258981802
34000.0,11522.85,307.0002099115018
34500.0,9708.45,309.0002170166922
34000.0,13594.649999999998,269.0001951090218
35500.0,13837.65,272.000249730173
34000.0,15004.05,265.0002337434946
34500.0,13189.650000000001,267.000240848685
35000.0,13837.650000000001,267.0002737101906
34500.0,13608.149999999998,269.0001951830342
36000.0,13851.15,272.0002498041854
34500.0,15017.55,265.000233817507
35000.0,13203.150000000001,267.0002409226974
35500.0,13851.150000000001,267.000273784203
35500.0,17332.35,225.0002976161958
34500.0,13594.649999999998,289.0001951090218
36000.0,13837.65,292.000249730173
34500.0,15004.05,285.0002337434946
35000.0,13189.650000000001,287.000240848685
35500.0,13837.650000000001,287.0002737101906
35500.0,17318.85,245.0002975421834
36000.0,17332.35,245.0002976161958
49000.0,3796.6499999999996,448.0000303850507
49500.0,4444.65,448.0000632465563
50000.0,2630.25,450.0000703517467
48500.0,3796.6499999999996,443.0000543650683
50000.0,4039.6500000000005,446.0001089862195
49500.0,7925.849999999999,406.0000870785491
50000.0,6111.449999999999,408.0000941837395
48500.0,7277.849999999999,401.0000781970611
50000.0,7520.85,404.0001328182123
50500.0,6759.449999999999,408.0001270452451
49000.0,7925.849999999999,401.0001110585667
50500.0,8168.85,404.0001656797179
49500.0,6111.45,403.0001181637571
51000.0,6354.450000000001,406.0001727849083
49500.0,7520.85,399.0001567982299
50000.0,7939.349999999999,406.0000871525615
50500.0,6124.949999999999,408.00009425775187
49000.0,7291.349999999999,401.0000782710735
50500.0,7534.35,404.0001328922247
51000.0,6772.949999999999,408.0001271192575
49500.0,7939.349999999999,401.0001111325791
51000.0,8182.35,404.0001657537303
50000.0,6124.95,403.00011823776947
51500.0,6367.950000000001,406.0001728589207
50000.0,7534.35,399.0001568722423
51000.0,10254.15,366.0001509512503
49500.0,11420.55,359.0001349645719
51000.0,11663.55,362.0001895857231
50000.0,9606.149999999998,361.0001420697623
51500.0,9849.15,364.00019669091347
50000.0,11015.55,357.0001807042351
50500.0,10254.149999999998,361.0001749312679
52000.0,10497.15,364.0002295524191
50500.0,11663.55,357.0002135657407
51000.0,9849.15,359.00022067093107
50000.0,7925.849999999999,426.0000870785491
50500.0,6111.449999999999,428.0000941837395
49000.0,7277.849999999999,421.0000781970611
50500.0,7520.85,424.0001328182123
51000.0,6759.449999999999,428.0001270452451
49500.0,7925.849999999999,421.0001110585667
51000.0,8168.85,424.0001656797179
50000.0,6111.45,423.0001181637571
51500.0,6354.450000000001,426.0001727849083
50000.0,7520.85,419.0001567982299
51000.0,10240.65,386.0001508772379
49500.0,11407.05,379.0001348905595
51000.0,11650.05,382.0001895117107
50000.0,9592.649999999998,381.0001419957499
51500.0,9835.65,384.0001966169011
50000.0,11002.05,377.0001806302227
50500.0,10240.649999999998,381.0001748572555
52000.0,10483.65,384.0002294784067
50500.0,11650.05,377.0002134917283
51000.0,9835.65,379.0002205969187
51500.0,10254.15,386.0001509512503
50000.0,11420.55,379.0001349645719
51500.0,11663.55,382.0001895857231
50500.0,9606.149999999998,381.0001420697623
52000.0,9849.15,384.00019669091347
50500.0,11015.55,377.0001807042351
51000.0,10254.149999999998,381.0001749312679
52500.0,10497.15,384.0002295524191
51000.0,11663.55,377.0002135657407
51500.0,9849.15,379.00022067093107
51000.0,13735.349999999999,339.0001987632607
52500.0,13978.35,342.0002533844119
51000.0,15144.75,335.0002373977335
51500.0,13330.349999999999,337.0002445029239
52000.0,13978.349999999999,337.0002773644295
50500.0,7939.349999999999,426.0000871525615
51000.0,6124.949999999999,428.00009425775187
49500.0,7291.349999999999,421.0000782710735
51000.0,7534.35,424.0001328922247
51500.0,6772.949999999999,428.0001271192575
50000.0,7939.349999999999,421.0001111325791
51500.0,8182.35,424.0001657537303
50500.0,6124.95,423.00011823776947
52000.0,6367.950000000001,426.0001728589207
50500.0,7534.35,419.0001568722423
51500.0,10254.15,386.0001509512503
50000.0,11420.55,379.0001349645719
51500.0,11663.55,382.0001895857231
50500.0,9606.149999999998,381.0001420697623
52000.0,9849.15,384.00019669091347
50500.0,11015.55,377.0001807042351
51000.0,10254.149999999998,381.0001749312679
52500.0,10497.15,384.0002295524191
51000.0,11663.55,377.0002135657407
51500.0,9849.15,379.00022067093107
52000.0,10267.65,386.0001510252627
50500.0,11434.05,379.0001350385843
52000.0,11677.05,382.0001896597355
51000.0,9619.649999999998,381.0001421437747
52500.0,9862.65,384.0001967649259
51000.0,11029.05,377.0001807782475
51500.0,10267.649999999998,381.0001750052803
53000.0,10510.65,384.0002296264315
51500.0,11677.05,377.0002136397531
52000.0,9862.65,379.0002207449435
51500.0,13748.849999999999,339.0001988372731
53000.0,13991.85,342.0002534584243
51500.0,15158.25,335.0002374717459
52000.0,13343.849999999999,337.00024457693627
52500.0,13991.849999999999,337.0002774384419
52000.0,10254.15,406.0001509512503
50500.0,11420.55,399.0001349645719
52000.0,11663.55,402.0001895857231
51000.0,9606.149999999998,401.0001420697623
52500.0,9849.15,404.00019669091347
51000.0,11015.55,397.0001807042351
51500.0,10254.149999999998,401.0001749312679
53000.0,10497.15,404.0002295524191
51500.0,11663.55,397.0002135657407
52000.0,9849.15,399.00022067093107
51500.0,13735.349999999999,359.0001987632607
53000.0,13978.35,362.0002533844119
51500.0,15144.75,355.0002373977335
52000.0,13330.349999999999,357.0002445029239
52500.0,13978.349999999999,357.0002773644295
52000.0,13748.849999999999,359.0001988372731
53500.0,13991.85,362.0002534584243
52000.0,15158.25,355.0002374717459
52500.0,13343.849999999999,357.00024457693627
53000.0,13991.849999999999,357.0002774384419
53000.0,17473.05,315.0003012704347
35500.0,7803.882,356.00008434897177
36000.0,5989.482,358.0000914541622
34500.0,7155.882,351.0000754674838
36000.0,7398.882,354.000130088635
36500.0,6637.482,358.0001243156678
35000.0,7803.882,351.00010832898937
36500.0,8046.882,354.0001629501406
35500.0,5989.482,353.0001154341798
37000.0,6232.482,356.000170055331
35500.0,7398.882,349.0001540686526
36500.0,10118.681999999999,316.0001481476606
35000.0,11285.081999999999,309.00013216098216
36500.0,11528.082,312.00018678213337
35500.0,9470.682,311.0001392661726
37000.0,9713.682,314.0001938873238
35500.0,10880.082,307.0001779006454
36000.0,10118.682,311.0001721276782
37500.0,10361.682,314.0002267488294
36000.0,11528.082,307.00021076215097
36500.0,9713.682,309.0002178673414
37000.0,10132.181999999999,316.000148221673
35500.0,11298.581999999999,309.00013223499457
37000.0,11541.582,312.0001868561458
36000.0,9484.182,311.000139340185
37500.0,9727.182,314.0001939613362
36000.0,10893.582,307.0001779746578
36500.0,10132.182,311.0001722016906
38000.0,10375.182,314.0002268228418
36500.0,11541.582,307.0002108361634
37000.0,9727.182,309.0002179413538
36500.0,13613.381999999998,269.0001960336834
38000.0,13856.382,272.0002506548346
36500.0,15022.782,265.00023466815617
37000.0,13208.382000000001,267.0002417733466
37500.0,13856.382000000001,267.0002746348522
37000.0,10118.681999999999,336.0001481476606
35500.0,11285.081999999999,329.00013216098216
37000.0,11528.082,332.00018678213337
36000.0,9470.682,331.0001392661726
37500.0,9713.682,334.0001938873238
36000.0,10880.082,327.0001779006454
36500.0,10118.682,331.0001721276782
38000.0,10361.682,334.0002267488294
36500.0,11528.082,327.00021076215097
37000.0,9713.682,329.0002178673414
36500.0,13599.881999999998,289.000195959671
38000.0,13842.882,292.0002505808222
36500.0,15009.282,285.00023459414376
37000.0,13194.882000000001,287.0002416993342
37500.0,13842.882000000001,287.0002745608398
37000.0,13613.381999999998,289.0001960336834
38500.0,13856.382,292.0002506548346
37000.0,15022.782,285.00023466815617
37500.0,13208.382000000001,287.0002417733466
38000.0,13856.382000000001,287.0002746348522
38000.0,17337.582,245.00029846684498
37500.0,10132.181999999999,336.000148221673
36000.0,11298.581999999999,329.00013223499457
37500.0,11541.582,332.0001868561458
36500.0,9484.182,331.000139340185
38000.0,9727.182,334.0001939613362
36500.0,10893.582,327.0001779746578
37000.0,10132.182,331.0001722016906
38500.0,10375.182,334.0002268228418
37000.0,11541.582,327.0002108361634
37500.0,9727.182,329.0002179413538
37000.0,13613.381999999998,289.0001960336834
38500.0,13856.382,292.0002506548346
37000.0,15022.782,285.00023466815617
37500.0,13208.382000000001,287.0002417733466
38000.0,13856.382000000001,287.0002746348522
37500.0,13626.881999999998,289.0001961076958
39000.0,13869.882,292.000250728847
37500.0,15036.282,285.0002347421686
38000.0,13221.882000000001,287.000241847359
38500.0,13869.882000000001,287.0002747088646
38500.0,17351.082,245.0002985408574
37500.0,13613.381999999998,309.0001960336834
39000.0,13856.382,312.0002506548346
37500.0,15022.782,305.00023466815617
38000.0,13208.382000000001,307.0002417733466
38500.0,13856.382000000001,307.0002746348522
38500.0,17337.582,265.000298466845
39000.0,17351.082,265.0002985408574
36500.0,7865.1179999999995,356.0000850683723
37000.0,6050.717999999999,358.00009217356273
35500.0,7217.1179999999995,351.0000761868843
37000.0,7460.118,354.0001308080355
37500.0,6698.717999999999,358.0001250350683
36000.0,7865.1179999999995,351.0001090483899
37500.0,8108.118,354.0001636695411
36500.0,6050.717999999999,353.00011615358034
38000.0,6293.718,356.0001707747315
36500.0,7460.118,349.0001547880531
37500.0,10179.918,316.0001488670611
36000.0,11346.318,309.0001328803827
37500.0,11589.318,312.0001875015339
36500.0,9531.917999999998,311.0001399855731
38000.0,9774.918,314.00019460672434
36500.0,10941.318,307.0001786200459
37000.0,10179.917999999998,311.0001728470787
38500.0,10422.918,314.0002274682299
37000.0,11589.318,307.0002114815515
37500.0,9774.918,309.00021858674194
38000.0,10193.418,316.0001489410735
36500.0,11359.818,309.0001329543951
38000.0,11602.818,312.0001875755463
37000.0,9545.417999999998,311.00014005958553
38500.0,9788.418,314.00019468073674
37000.0,10954.818,307.0001786940583
37500.0,10193.417999999998,311.0001729210911
39000.0,10436.418,314.0002275422423
37500.0,11602.818,307.0002115555639
38000.0,9788.418,309.0002186607543
37500.0,13674.617999999999,269.0001967530839
39000.0,13917.618,272.0002513742351
37500.0,15084.018,265.0002353875567
38000.0,13269.617999999999,267.00024249274713
38500.0,13917.617999999999,267.0002753542527
38000.0,10179.918,336.0001488670611
36500.0,11346.318,329.0001328803827
38000.0,11589.318,332.0001875015339
37000.0,9531.917999999998,331.0001399855731
38500.0,9774.918,334.00019460672434
37000.0,10941.318,327.0001786200459
37500.0,10179.917999999998,331.0001728470787
39000.0,10422.918,334.0002274682299
37500.0,11589.318,327.0002114815515
38000.0,9774.918,329.00021858674194
37500.0,13661.117999999999,289.0001966790715
39000.0,13904.118,292.0002513002227
37500.0,15070.518,285.0002353135443
38000.0,13256.117999999999,287.00024241873473
38500.0,13904.117999999999,287.0002752802403
38000.0,13674.617999999999,289.0001967530839
39500.0,13917.618,292.0002513742351
38000.0,15084.018,285.0002353875567
38500.0,13269.617999999999,287.00024249274713
39000.0,13917.617999999999,287.0002753542527
39000.0,17398.818,245.0002991862455
38500.0,10193.418,336.0001489410735
37000.0,11359.818,329.0001329543951
38500.0,11602.818,332.0001875755463
37500.0,9545.417999999998,331.00014005958553
39000.0,9788.418,334.00019468073674
37500.0,10954.818,327.0001786940583
38000.0,10193.417999999998,331.0001729210911
39500.0,10436.418,334.0002275422423
38000.0,11602.818,327.0002115555639
38500.0,9788.418,329.0002186607543
38000.0,13674.617999999999,289.0001967530839
39500.0,13917.618,292.0002513742351
38000.0,15084.018,285.0002353875567
38500.0,13269.617999999999,287.00024249274713
39000.0,13917.617999999999,287.0002753542527
38500.0,13688.117999999999,289.0001968270963
40000.0,13931.118,292.0002514482475
38500.0,15097.518,285.0002354615691
39000.0,13283.117999999999,287.00024256675954
39500.0,13931.117999999999,287.0002754282651
39500.0,17412.318,245.00029926025792
38500.0,13674.617999999999,309.0001967530839
40000.0,13917.618,312.0002513742351
38500.0,15084.018,305.0002353875567
39000.0,13269.617999999999,307.00024249274713
39500.0,13917.617999999999,307.0002753542527
39500.0,17398.818,265.0002991862455
40000.0,17412.318,265.0002992602579
23500.0,10057.949999999999,266.0001461374838
22000.0,11224.349999999999,259.0001301508054
23500.0,11467.35,262.0001847719566
22500.0,9409.95,261.0001372559958
24000.0,9652.95,264.000191877147
22500.0,10819.35,257.0001758904686
23000.0,10057.95,261.0001701175014
24500.0,10300.95,264.0002247386526
23000.0,11467.35,257.0002087519742
23500.0,9652.95,259.0002158571646
23000.0,13539.149999999998,219.0001939494942
24500.0,13782.15,222.0002485706454
23000.0,14948.55,215.000232583967
23500.0,13134.150000000001,217.0002396891574
24000.0,13782.150000000001,217.000272550663
23500.0,13552.649999999998,219.0001940235066
25000.0,13795.65,222.0002486446578
23500.0,14962.05,215.0002326579794
24000.0,13147.650000000001,217.0002397631698
24500.0,13795.650000000001,217.0002726246754
24500.0,17276.85,175.0002964566682
23500.0,13539.149999999998,239.0001939494942
25000.0,13782.15,242.0002485706454
23500.0,14948.55,235.000232583967
24000.0,13134.150000000001,237.0002396891574
24500.0,13782.150000000001,237.000272550663
24500.0,17263.35,195.0002963826558
25000.0,17276.85,195.0002964566682
24000.0,13552.649999999998,239.0001940235066
25500.0,13795.65,242.0002486446578
24000.0,14962.05,235.0002326579794
24500.0,13147.650000000001,237.0002397631698
25000.0,13795.650000000001,237.0002726246754
25000.0,17276.85,195.0002964566682
25500.0,17290.35,195.0002965306806
25500.0,17276.85,215.0002964566682
51000.0,3822.8999999999996,448.0000306934357
51500.0,4470.9,448.0000635549413
52000.0,2656.5,450.0000706601317
50500.0,3822.8999999999996,443.0000546734533
52000.0,4065.9000000000005,446.0001092946045
51500.0,7952.099999999999,406.00008738693407
52000.0,6137.699999999999,408.0000944921245
50500.0,7304.099999999999,401.0000785054461
52000.0,7547.1,404.0001331265973
52500.0,6785.699999999999,408.0001273536301
51000.0,7952.099999999999,401.00011136695167
52500.0,8195.1,404.0001659881029
51500.0,6137.7,403.0001184721421
53000.0,6380.700000000001,406.0001730932933
51500.0,7547.1,399.0001571066149
52000.0,7965.599999999999,406.0000874609465
52500.0,6151.199999999999,408.0000945661369
51000.0,7317.599999999999,401.0000785794585
52500.0,7560.6,404.0001332006097
53000.0,6799.199999999999,408.0001274276425
51500.0,7965.599999999999,401.0001114409641
53000.0,8208.6,404.0001660621153
52000.0,6151.2,403.0001185461545
53500.0,6394.200000000001,406.0001731673057
52000.0,7560.6,399.0001571806273
53000.0,10280.4,366.0001512596353
51500.0,11446.8,359.00013527295687
53000.0,11689.8,362.0001898941081
52000.0,9632.399999999998,361.0001423781473
53500.0,9875.4,364.0001969992985
52000.0,11041.8,357.0001810126201
52500.0,10280.399999999998,361.0001752396529
54000.0,10523.4,364.0002298608041
52500.0,11689.8,357.0002138741257
53000.0,9875.4,359.0002209793161
52000.0,7952.099999999999,426.00008738693407
52500.0,6137.699999999999,428.0000944921245
51000.0,7304.099999999999,421.0000785054461
52500.0,7547.1,424.0001331265973
53000.0,6785.699999999999,428.0001273536301
51500.0,7952.099999999999,421.00011136695167
53000.0,8195.1,424.0001659881029
52000.0,6137.7,423.0001184721421
53500.0,6380.700000000001,426.0001730932933
52000.0,7547.1,419.0001571066149
53000.0,10266.9,386.0001511856229
51500.0,11433.3,379.0001351989445
53000.0,11676.3,382.00018982009567
52000.0,9618.899999999998,381.0001423041349
53500.0,9861.9,384.0001969252861
52000.0,11028.3,377.0001809386077
52500.0,10266.899999999998,381.0001751656405
54000.0,10509.9,384.0002297867917
52500.0,11676.3,377.0002138001133
53000.0,9861.9,379.0002209053037
53500.0,10280.4,386.0001512596353
52000.0,11446.8,379.00013527295687
53500.0,11689.8,382.0001898941081
52500.0,9632.399999999998,381.0001423781473
54000.0,9875.4,384.0001969992985
52500.0,11041.8,377.0001810126201
53000.0,10280.399999999998,381.0001752396529
54500.0,10523.4,384.0002298608041
53000.0,11689.8,377.0002138741257
53500.0,9875.4,379.0002209793161
53000.0,13761.599999999999,339.0001990716457
54500.0,14004.6,342.0002536927969
53000.0,15171.0,335.00023770611847
53500.0,13356.599999999999,337.0002448113089
54000.0,14004.599999999999,337.0002776728145
52500.0,7965.599999999999,426.0000874609465
53000.0,6151.199999999999,428.0000945661369
51500.0,7317.599999999999,421.0000785794585
53000.0,7560.6,424.0001332006097
53500.0,6799.199999999999,428.0001274276425
52000.0,7965.599999999999,421.0001114409641
53500.0,8208.6,424.0001660621153
52500.0,6151.2,423.0001185461545
54000.0,6394.200000000001,426.0001731673057
52500.0,7560.6,419.0001571806273
53500.0,10280.4,386.0001512596353
52000.0,11446.8,379.00013527295687
53500.0,11689.8,382.0001898941081
52500.0,9632.399999999998,381.0001423781473
54000.0,9875.4,384.0001969992985
52500.0,11041.8,377.0001810126201
53000.0,10280.399999999998,381.0001752396529
54500.0,10523.4,384.0002298608041
53000.0,11689.8,377.0002138741257
53500.0,9875.4,379.0002209793161
54000.0,10293.9,386.0001513336477
52500.0,11460.3,379.0001353469693
54000.0,11703.3,382.0001899681205
53000.0,9645.899999999998,381.0001424521597
54500.0,9888.9,384.0001970733109
53000.0,11055.3,377.0001810866325
53500.0,10293.899999999998,381.0001753136653
55000.0,10536.9,384.0002299348165
53500.0,11703.3,377.0002139481381
54000.0,9888.9,379.0002210533285
53500.0,13775.099999999999,339.0001991456581
55000.0,14018.1,342.0002537668093
53500.0,15184.5,335.0002377801309
54000.0,13370.099999999999,337.0002448853213
54500.0,14018.099999999999,337.0002777468269
54000.0,10280.4,406.0001512596353
52500.0,11446.8,399.00013527295687
54000.0,11689.8,402.0001898941081
53000.0,9632.399999999998,401.0001423781473
54500.0,9875.4,404.0001969992985
53000.0,11041.8,397.0001810126201
53500.0,10280.399999999998,401.0001752396529
55000.0,10523.4,404.0002298608041
53500.0,11689.8,397.0002138741257
54000.0,9875.4,399.0002209793161
53500.0,13761.599999999999,359.0001990716457
55000.0,14004.6,362.0002536927969
53500.0,15171.0,355.00023770611847
54000.0,13356.599999999999,357.0002448113089
54500.0,14004.599999999999,357.0002776728145
54000.0,13775.099999999999,359.0001991456581
55500.0,14018.1,362.0002537668093
54000.0,15184.5,355.0002377801309
54500.0,13370.099999999999,357.0002448853213
55000.0,14018.099999999999,357.0002777468269
55000.0,17499.3,315.0003015788197
37500.0,7830.132,356.0000846573568
38000.0,6015.732,358.0000917625472
36500.0,7182.132,351.00007577586877
38000.0,7425.132,354.00013039702
38500.0,6663.732,358.0001246240528
37000.0,7830.132,351.0001086373744
38500.0,8073.132,354.00016325852556
37500.0,6015.732,353.0001157425648
39000.0,6258.732,356.000170363716
37500.0,7425.132,349.0001543770376
38500.0,10144.931999999999,316.00014845604557
37000.0,11311.331999999999,309.0001324693672
38500.0,11554.332,312.0001870905184
37500.0,9496.932,311.0001395745576
39000.0,9739.932,314.0001941957088
37500.0,10906.332,307.00017820903037
38000.0,10144.932,311.00017243606317
39500.0,10387.932,314.0002270572144
38000.0,11554.332,307.000211070536
38500.0,9739.932,309.0002181757264
39000.0,10158.431999999999,316.00014853005797
37500.0,11324.831999999999,309.0001325433796
39000.0,11567.832,312.00018716453076
38000.0,9510.432,311.00013964857
39500.0,9753.432,314.0001942697212
38000.0,10919.832,307.00017828304277
38500.0,10158.432,311.0001725100756
40000.0,10401.432,314.0002271312268
38500.0,11567.832,307.00021114454836
39000.0,9753.432,309.0002182497388
38500.0,13639.631999999998,269.00019634206836
40000.0,13882.632,272.00025096321957
38500.0,15049.032,265.0002349765412
39000.0,13234.632000000001,267.0002420817316
39500.0,13882.632000000001,267.0002749432372
39000.0,10144.931999999999,336.00014845604557
37500.0,11311.331999999999,329.0001324693672
39000.0,11554.332,332.0001870905184
38000.0,9496.932,331.0001395745576
39500.0,9739.932,334.0001941957088
38000.0,10906.332,327.00017820903037
38500.0,10144.932,331.00017243606317
40000.0,10387.932,334.0002270572144
38500.0,11554.332,327.000211070536
39000.0,9739.932,329.0002181757264
38500.0,13626.131999999998,289.00019626805596
40000.0,13869.132,292.00025088920717
38500.0,15035.532,285.0002349025288
39000.0,13221.132000000001,287.0002420077192
39500.0,13869.132000000001,287.00027486922477
39000.0,13639.631999999998,289.00019634206836
40500.0,13882.632,292.00025096321957
39000.0,15049.032,285.0002349765412
39500.0,13234.632000000001,287.0002420817316
40000.0,13882.632000000001,287.0002749432372
40000.0,17363.832,245.00029877523
39500.0,10158.431999999999,336.00014853005797
38000.0,11324.831999999999,329.0001325433796
39500.0,11567.832,332.00018716453076
38500.0,9510.432,331.00013964857
40000.0,9753.432,334.0001942697212
38500.0,10919.832,327.00017828304277
39000.0,10158.432,331.0001725100756
40500.0,10401.432,334.0002271312268
39000.0,11567.832,327.00021114454836
39500.0,9753.432,329.0002182497388
39000.0,13639.631999999998,289.00019634206836
40500.0,13882.632,292.00025096321957
39000.0,15049.032,285.0002349765412
39500.0,13234.632000000001,287.0002420817316
40000.0,13882.632000000001,287.0002749432372
39500.0,13653.131999999998,289.00019641608077
41000.0,13896.132,292.000251037232
39500.0,15062.532,285.00023505055356
40000.0,13248.132000000001,287.000242155744
40500.0,13896.132000000001,287.0002750172496
40500.0,17377.332,245.0002988492424
39500.0,13639.631999999998,309.00019634206836
41000.0,13882.632,312.00025096321957
39500.0,15049.032,305.0002349765412
40000.0,13234.632000000001,307.0002420817316
40500.0,13882.632000000001,307.0002749432372
40500.0,17363.832,265.00029877522996
41000.0,17377.332,265.00029884924237
38500.0,7891.3679999999995,356.00008537675734
39000.0,6076.967999999999,358.0000924819477
37500.0,7243.3679999999995,351.0000764952693
39000.0,7486.368,354.0001311164205
39500.0,6724.967999999999,358.0001253434533
38000.0,7891.3679999999995,351.0001093567749
39500.0,8134.368,354.0001639779261
38500.0,6076.967999999999,353.0001164619653
40000.0,6319.968,356.0001710831165
38500.0,7486.368,349.0001550964381
39500.0,10206.168,316.0001491754461
38000.0,11372.568,309.00013318876773
39500.0,11615.568,312.0001878099189
38500.0,9558.167999999998,311.0001402939581
40000.0,9801.168,314.0001949151093
38500.0,10967.568,307.0001789284309
39000.0,10206.167999999998,311.0001731554637
40500.0,10449.168,314.0002277766149
39000.0,11615.568,307.0002117899365
39500.0,9801.168,309.0002188951269
40000.0,10219.668,316.0001492494585
38500.0,11386.068,309.00013326278014
40000.0,11629.068,312.0001878839313
39000.0,9571.667999999998,311.0001403679705
40500.0,9814.668,314.0001949891217
39000.0,10981.068,307.0001790024433
39500.0,10219.667999999998,311.0001732294761
41000.0,10462.668,314.0002278506273
39500.0,11629.068,307.0002118639489
40000.0,9814.668,309.0002189691393
39500.0,13700.867999999999,269.0001970614689
41000.0,13943.868,272.0002516826201
39500.0,15110.268,265.00023569594174
40000.0,13295.867999999999,267.0002428011321
40500.0,13943.867999999999,267.0002756626377
40000.0,10206.168,336.0001491754461
38500.0,11372.568,329.00013318876773
40000.0,11615.568,332.0001878099189
39000.0,9558.167999999998,331.0001402939581
40500.0,9801.168,334.0001949151093
39000.0,10967.568,327.0001789284309
39500.0,10206.167999999998,331.0001731554637
41000.0,10449.168,334.0002277766149
39500.0,11615.568,327.0002117899365
40000.0,9801.168,329.0002188951269
39500.0,13687.367999999999,289.0001969874565
41000.0,13930.368,292.0002516086077
39500.0,15096.768,285.00023562192933
40000.0,13282.367999999999,287.0002427271197
40500.0,13930.367999999999,287.0002755886253
40000.0,13700.867999999999,289.0001970614689
41500.0,13943.868,292.0002516826201
40000.0,15110.268,285.00023569594174
40500.0,13295.867999999999,287.0002428011321
41000.0,13943.867999999999,287.0002756626377
41000.0,17425.068,245.00029949463053
40500.0,10219.668,336.0001492494585
39000.0,11386.068,329.00013326278014
40500.0,11629.068,332.0001878839313
39500.0,9571.667999999998,331.0001403679705
41000.0,9814.668,334.0001949891217
39500.0,10981.068,327.0001790024433
40000.0,10219.667999999998,331.0001732294761
41500.0,10462.668,334.0002278506273
40000.0,11629.068,327.0002118639489
40500.0,9814.668,329.0002189691393
40000.0,13700.867999999999,289.0001970614689
41500.0,13943.868,292.0002516826201
40000.0,15110.268,285.00023569594174
40500.0,13295.867999999999,287.0002428011321
41000.0,13943.867999999999,287.0002756626377
40500.0,13714.367999999999,289.0001971354813
42000.0,13957.368,292.0002517566325
40500.0,15123.768,285.0002357699541
41000.0,13309.367999999999,287.0002428751445
41500.0,13957.367999999999,287.0002757366501
41500.0,17438.568,245.0002995686429
40500.0,13700.867999999999,309.0001970614689
42000.0,13943.868,312.0002516826201
40500.0,15110.268,305.00023569594174
41000.0,13295.867999999999,307.0002428011321
41500.0,13943.867999999999,307.0002756626377
41500.0,17425.068,265.0002994946305
42000.0,17438.568,265.0002995686429
25500.0,10084.199999999999,266.0001464458688
24000.0,11250.599999999999,259.0001304591904
25500.0,11493.6,262.0001850803416
24500.0,9436.2,261.0001375643808
26000.0,9679.2,264.000192185532
24500.0,10845.6,257.0001761988536
25000.0,10084.2,261.0001704258864
26500.0,10327.2,264.0002250470376
25000.0,11493.6,257.0002090603592
25500.0,9679.2,259.0002161655496
25000.0,13565.399999999998,219.0001942578792
26500.0,13808.4,222.0002488790304
25000.0,14974.8,215.000232892352
25500.0,13160.400000000001,217.0002399975424
26000.0,13808.400000000001,217.000272859048
25500.0,13578.899999999998,219.0001943318916
27000.0,13821.9,222.0002489530428
25500.0,14988.3,215.0002329663644
26000.0,13173.900000000001,217.0002400715548
26500.0,13821.900000000001,217.0002729330604
26500.0,17303.1,175.0002967650532
25500.0,13565.399999999998,239.0001942578792
27000.0,13808.4,242.0002488790304
25500.0,14974.8,235.000232892352
26000.0,13160.400000000001,237.0002399975424
26500.0,13808.400000000001,237.000272859048
26500.0,17289.6,195.0002966910408
27000.0,17303.1,195.0002967650532
26000.0,13578.899999999998,239.0001943318916
27500.0,13821.9,242.0002489530428
26000.0,14988.3,235.0002329663644
26500.0,13173.900000000001,237.0002400715548
27000.0,13821.900000000001,237.0002729330604
27000.0,17303.1,195.0002967650532
27500.0,17316.6,195.0002968390656
27500.0,17303.1,215.0002967650532
41500.0,7910.099999999999,376.0000863014189
42000.0,6095.699999999999,378.0000934066093
40500.0,7262.099999999999,371.0000774199309
42000.0,7505.1,374.0001320410821
42500.0,6743.699999999999,378.0001262681149
41000.0,7910.099999999999,371.0001102814365
42500.0,8153.1,374.0001649025877
41500.0,6095.7,373.00011738662687
43000.0,6338.700000000001,376.0001720077781
41500.0,7505.1,369.0001560210997
42500.0,10224.9,336.0001501001077
41000.0,11391.3,329.0001341134293
42500.0,11634.3,332.0001887345805
41500.0,9576.899999999998,331.0001412186197
43000.0,9819.9,334.00019583977087
41500.0,10986.3,327.0001798530925
42000.0,10224.899999999998,331.0001740801253
43500.0,10467.9,334.0002287012765
42000.0,11634.3,327.0002127145981
42500.0,9819.9,329.00021981978847
43000.0,10238.4,336.0001501741201
41500.0,11404.8,329.0001341874417
43000.0,11647.8,332.0001888085929
42000.0,9590.399999999998,331.0001412926321
43500.0,9833.4,334.0001959137833
42000.0,10999.8,327.0001799271049
42500.0,10238.399999999998,331.0001741541377
44000.0,10481.4,334.0002287752889
42500.0,11647.8,327.0002127886105
43000.0,9833.4,329.0002198938009
42500.0,13719.599999999999,289.0001979861305
44000.0,13962.6,292.0002526072817
42500.0,15129.0,285.0002366206033
43000.0,13314.599999999999,287.0002437257937
43500.0,13962.599999999999,287.0002765872993
43000.0,10224.9,356.0001501001077
41500.0,11391.3,349.0001341134293
43000.0,11634.3,352.0001887345805
42000.0,9576.899999999998,351.0001412186197
43500.0,9819.9,354.00019583977087
42000.0,10986.3,347.0001798530925
42500.0,10224.899999999998,351.0001740801253
44000.0,10467.9,354.0002287012765
42500.0,11634.3,347.0002127145981
43000.0,9819.9,349.00021981978847
42500.0,13706.099999999999,309.0001979121181
44000.0,13949.1,312.0002525332693
42500.0,15115.5,305.0002365465909
43000.0,13301.099999999999,307.0002436517813
43500.0,13949.099999999999,307.0002765132869
43000.0,13719.599999999999,309.0001979861305
44500.0,13962.6,312.0002526072817
43000.0,15129.0,305.0002366206033
43500.0,13314.599999999999,307.0002437257937
44000.0,13962.599999999999,307.0002765872993
44000.0,17443.8,265.0003004192921
43500.0,10238.4,356.0001501741201
42000.0,11404.8,349.0001341874417
43500.0,11647.8,352.0001888085929
42500.0,9590.399999999998,351.0001412926321
44000.0,9833.4,354.0001959137833
42500.0,10999.8,347.0001799271049
43000.0,10238.399999999998,351.0001741541377
44500.0,10481.4,354.0002287752889
43000.0,11647.8,347.0002127886105
43500.0,9833.4,349.0002198938009
43000.0,13719.599999999999,309.0001979861305
44500.0,13962.6,312.0002526072817
43000.0,15129.0,305.0002366206033
43500.0,13314.599999999999,307.0002437257937
44000.0,13962.599999999999,307.0002765872993
43500.0,13733.099999999999,309.0001980601429
45000.0,13976.1,312.0002526812941
43500.0,15142.5,305.0002366946157
44000.0,13328.099999999999,307.00024379980607
44500.0,13976.099999999999,307.0002766613117
44500.0,17457.3,265.0003004933045
43500.0,13719.599999999999,329.0001979861305
45000.0,13962.6,332.0002526072817
43500.0,15129.0,325.0002366206033
44000.0,13314.599999999999,327.0002437257937
44500.0,13962.599999999999,327.0002765872993
44500.0,17443.8,285.0003004192921
45000.0,17457.3,285.0003004933045
28500.0,10102.931999999999,286.0001473705304
27000.0,11269.331999999999,279.00013138385196
28500.0,11512.332,282.0001860050032
27500.0,9454.932,281.0001384890424
29000.0,9697.932,284.0001931101936
27500.0,10864.332,277.0001771235152
28000.0,10102.932,281.000171350548
29500.0,10345.932,284.0002259716992
28000.0,11512.332,277.0002099850208
28500.0,9697.932,279.0002170902112
28000.0,13584.131999999998,239.00019518254078
29500.0,13827.132,242.000249803692
28000.0,14993.532,235.0002338170136
28500.0,13179.132000000001,237.00024092220397
29000.0,13827.132000000001,237.0002737837096
28500.0,13597.631999999998,239.00019525655318
30000.0,13840.632,242.0002498777044
28500.0,15007.032,235.00023389102597
29000.0,13192.632000000001,237.00024099621638
29500.0,13840.632000000001,237.000273857722
29500.0,17321.832,195.00029768971478
28500.0,13584.131999999998,259.0001951825408
30000.0,13827.132,262.000249803692
28500.0,14993.532,255.0002338170136
29000.0,13179.132000000001,257.000240922204
29500.0,13827.132000000001,257.0002737837096
29500.0,17308.332,215.00029761570238
30000.0,17321.832,215.00029768971478
29000.0,13597.631999999998,259.0001952565532
30500.0,13840.632,262.0002498777044
29000.0,15007.032,255.00023389102597
29500.0,13192.632000000001,257.0002409962164
30000.0,13840.632000000001,257.000273857722
30000.0,17321.832,215.00029768971478
30500.0,17335.332,215.0002977637272
30500.0,17321.832,235.00029768971478
29500.0,10164.168,286.0001480899309
28000.0,11330.568,279.0001321032525
29500.0,11573.568,282.0001867244037
28500.0,9516.167999999998,281.00013920844293
30000.0,9759.168,284.00019382959414
28500.0,10925.568,277.0001778429157
29000.0,10164.167999999998,281.0001720699485
30500.0,10407.168,284.0002266910997
29000.0,11573.568,277.0002107044213
29500.0,9759.168,279.0002178096117
29000.0,13645.367999999999,239.0001959019413
30500.0,13888.368,242.00025052309252
29000.0,15054.768,235.0002345364141
29500.0,13240.367999999999,237.0002416416045
30000.0,13888.367999999999,237.00027450311012
29500.0,13658.867999999999,239.00019597595372
31000.0,13901.868,242.00025059710492
29500.0,15068.268,235.0002346104265
30000.0,13253.867999999999,237.0002417156169
30500.0,13901.867999999999,237.00027457712252
30500.0,17383.068,195.00029840911532
29500.0,13645.367999999999,259.0001959019413
31000.0,13888.368,262.0002505230925
29500.0,15054.768,255.0002345364141
30000.0,13240.367999999999,257.00024164160453
30500.0,13888.367999999999,257.0002745031101
30500.0,17369.568,215.0002983351029
31000.0,17383.068,215.00029840911532
30000.0,13658.867999999999,259.0001959759537
31500.0,13901.868,262.0002505971049
30000.0,15068.268,255.0002346104265
30500.0,13253.867999999999,257.00024171561694
31000.0,13901.867999999999,257.0002745771225
31000.0,17383.068,215.00029840911532
31500.0,17396.568,215.00029848312772
31500.0,17383.068,235.00029840911532
15000.0,13523.399999999998,189.000193172364
16500.0,13766.4,192.0002477935152
15000.0,14932.8,185.0002318068368
15500.0,13118.400000000001,187.0002389120272
16000.0,13766.400000000001,187.0002717735328
16000.0,17247.6,145.0002956055256
16500.0,17261.1,145.000295679538
16500.0,17247.6,165.0002956055256
17000.0,17261.1,165.000295679538
61000.0,3856.6499999999996,528.0000316185907
61500.0,4504.65,528.0000644800963
62000.0,2690.25,530.0000715852867
60500.0,3856.6499999999996,523.0000555986082
62000.0,4099.650000000001,526.0001102197594
61500.0,7985.849999999999,486.0000883120891
62000.0,6171.449999999999,488.0000954172795
60500.0,7337.849999999999,481.0000794306011
62000.0,7580.85,484.0001340517523
62500.0,6819.449999999999,488.0001282787851
61000.0,7985.849999999999,481.0001122921067
62500.0,8228.85,484.0001669132579
61500.0,6171.45,483.0001193972971
63000.0,6414.450000000001,486.0001740184483
61500.0,7580.85,479.0001580317699
62000.0,7999.349999999999,486.0000883861015
62500.0,6184.949999999999,488.0000954912919
61000.0,7351.349999999999,481.0000795046135
62500.0,7594.35,484.0001341257647
63000.0,6832.949999999999,488.0001283527975
61500.0,7999.349999999999,481.0001123661191
63000.0,8242.35,484.0001669872703
62000.0,6184.95,483.0001194713095
63500.0,6427.950000000001,486.00017409246067
62000.0,7594.35,479.0001581057823
63000.0,10314.15,446.0001521847903
61500.0,11480.55,439.0001361981119
63000.0,11723.55,442.0001908192631
62000.0,9666.149999999998,441.0001433033023
63500.0,9909.15,444.0001979244535
62000.0,11075.55,437.0001819377751
62500.0,10314.149999999998,441.0001761648079
64000.0,10557.15,444.0002307859591
62500.0,11723.55,437.0002147992807
63000.0,9909.15,439.0002219044711
62000.0,7985.849999999999,506.0000883120891
62500.0,6171.449999999999,508.0000954172795
61000.0,7337.849999999999,501.0000794306011
62500.0,7580.85,504.0001340517523
63000.0,6819.449999999999,508.0001282787851
61500.0,7985.849999999999,501.0001122921067
63000.0,8228.85,504.0001669132579
62000.0,6171.45,503.0001193972971
63500.0,6414.450000000001,506.0001740184483
62000.0,7580.85,499.0001580317699
63000.0,10300.65,466.0001521107779
61500.0,11467.05,459.00013612409947
63000.0,11710.05,462.0001907452507
62000.0,9652.649999999998,461.0001432292899
63500.0,9895.65,464.0001978504411
62000.0,11062.05,457.0001818637627
62500.0,10300.649999999998,461.0001760907955
64000.0,10543.65,464.0002307119467
62500.0,11710.05,457.0002147252683
63000.0,9895.65,459.0002218304587
63500.0,10314.15,466.0001521847903
62000.0,11480.55,459.0001361981119
63500.0,11723.55,462.0001908192631
62500.0,9666.149999999998,461.0001433033023
64000.0,9909.15,464.0001979244535
62500.0,11075.55,457.0001819377751
63000.0,10314.149999999998,461.0001761648079
64500.0,10557.15,464.0002307859591
63000.0,11723.55,457.0002147992807
63500.0,9909.15,459.0002219044711
63000.0,13795.349999999999,419.0001999968007
64500.0,14038.35,422.0002546179519
63000.0,15204.75,415.0002386312735
63500.0,13390.349999999999,417.0002457364639
64000.0,14038.349999999999,417.0002785979695
62500.0,7999.349999999999,506.0000883861015
63000.0,6184.949999999999,508.0000954912919
61500.0,7351.349999999999,501.0000795046135
63000.0,7594.35,504.0001341257647
63500.0,6832.949999999999,508.0001283527975
62000.0,7999.349999999999,501.0001123661191
63500.0,8242.35,504.0001669872703
62500.0,6184.95,503.0001194713095
64000.0,6427.950000000001,506.00017409246067
62500.0,7594.35,499.0001581057823
63500.0,10314.15,466.0001521847903
62000.0,11480.55,459.0001361981119
63500.0,11723.55,462.0001908192631
62500.0,9666.149999999998,461.0001433033023
64000.0,9909.15,464.0001979244535
62500.0,11075.55,457.0001819377751
63000.0,10314.149999999998,461.0001761648079
64500.0,10557.15,464.0002307859591
63000.0,11723.55,457.0002147992807
63500.0,9909.15,459.0002219044711
64000.0,10327.65,466.0001522588027
62500.0,11494.05,459.0001362721243
64000.0,11737.05,462.0001908932755
63000.0,9679.649999999998,461.0001433773147
64500.0,9922.65,464.0001979984659
63000.0,11089.05,457.0001820117875
63500.0,10327.649999999998,461.0001762388203
65000.0,10570.65,464.0002308599715
63500.0,11737.05,457.0002148732931
64000.0,9922.65,459.0002219784835
63500.0,13808.849999999999,419.0002000708131
65000.0,14051.85,422.0002546919643
63500.0,15218.25,415.0002387052859
64000.0,13403.849999999999,417.0002458104763
64500.0,14051.849999999999,417.0002786719819
64000.0,10314.15,486.0001521847903
62500.0,11480.55,479.0001361981119
64000.0,11723.55,482.0001908192631
63000.0,9666.149999999998,481.0001433033023
64500.0,9909.15,484.0001979244535
63000.0,11075.55,477.0001819377751
63500.0,10314.149999999998,481.0001761648079
65000.0,10557.15,484.0002307859591
63500.0,11723.55,477.0002147992807
64000.0,9909.15,479.0002219044711
63500.0,13795.349999999999,439.0001999968007
65000.0,14038.35,442.0002546179519
63500.0,15204.75,435.0002386312735
64000.0,13390.349999999999,437.0002457364639
64500.0,14038.349999999999,437.0002785979695
64000.0,13808.849999999999,439.0002000708131
65500.0,14051.85,442.0002546919643
64000.0,15218.25,435.0002387052859
64500.0,13403.849999999999,437.0002458104763
65000.0,14051.849999999999,437.0002786719819
65000.0,17533.05,395.0003025039747
47500.0,7863.882,436.00008558251176
48000.0,6049.482,438.0000926877022
46500.0,7215.882,431.0000767010238
48000.0,7458.882,434.000131322175
48500.0,6697.482,438.0001255492078
47000.0,7863.882,431.00010956252936
48500.0,8106.882,434.00016418368057
47500.0,6049.482,433.0001166677198
49000.0,6292.482,436.000171288871
47500.0,7458.882,429.0001553021926
48500.0,10178.681999999999,396.0001493812006
47000.0,11345.081999999999,389.0001333945222
48500.0,11588.082,392.00018801567336
47500.0,9530.682,391.0001404997126
49000.0,9773.682,394.0001951208638
47500.0,10940.082,387.0001791341854
48000.0,10178.682,391.0001733612182
49500.0,10421.682,394.0002279823694
48000.0,11588.082,387.00021199569096
48500.0,9773.682,389.0002191008814
49000.0,10192.181999999999,396.000149455213
47500.0,11358.581999999999,389.00013346853456
49000.0,11601.582,392.00018808968576
48000.0,9544.182,391.000140573725
49500.0,9787.182,394.0001951948762
48000.0,10953.582,387.0001792081978
48500.0,10192.182,391.0001734352306
50000.0,10435.182,394.0002280563818
48500.0,11601.582,387.00021206970337
49000.0,9787.182,389.0002191748938
48500.0,13673.381999999998,349.00019726722337
50000.0,13916.382,352.0002518883746
48500.0,15082.782,345.00023590169616
49000.0,13268.382000000001,347.0002430068866
49500.0,13916.382000000001,347.0002758683922
49000.0,10178.681999999999,416.0001493812006
47500.0,11345.081999999999,409.0001333945222
49000.0,11588.082,412.00018801567336
48000.0,9530.682,411.0001404997126
49500.0,9773.682,414.0001951208638
48000.0,10940.082,407.0001791341854
48500.0,10178.682,411.0001733612182
50000.0,10421.682,414.0002279823694
48500.0,11588.082,407.00021199569096
49000.0,9773.682,409.0002191008814
48500.0,13659.881999999998,369.00019719321097
50000.0,13902.882,372.0002518143622
48500.0,15069.282,365.0002358276838
49000.0,13254.882000000001,367.0002429328742
49500.0,13902.882000000001,367.0002757943798
49000.0,13673.381999999998,369.00019726722337
50500.0,13916.382,372.0002518883746
49000.0,15082.782,365.00023590169616
49500.0,13268.382000000001,367.0002430068866
50000.0,13916.382000000001,367.0002758683922
50000.0,17397.582,325.00029970038497
49500.0,10192.181999999999,416.000149455213
48000.0,11358.581999999999,409.00013346853456
49500.0,11601.582,412.00018808968576
48500.0,9544.182,411.000140573725
50000.0,9787.182,414.0001951948762
48500.0,10953.582,407.0001792081978
49000.0,10192.182,411.0001734352306
50500.0,10435.182,414.0002280563818
49000.0,11601.582,407.00021206970337
49500.0,9787.182,409.0002191748938
49000.0,13673.381999999998,369.00019726722337
50500.0,13916.382,372.0002518883746
49000.0,15082.782,365.00023590169616
49500.0,13268.382000000001,367.0002430068866
50000.0,13916.382000000001,367.0002758683922
49500.0,13686.881999999998,369.0001973412358
51000.0,13929.882,372.000251962387
49500.0,15096.282,365.00023597570856
50000.0,13281.882000000001,367.000243080899
50500.0,13929.882000000001,367.0002759424046
50500.0,17411.082,325.0002997743974
49500.0,13673.381999999998,389.00019726722337
51000.0,13916.382,392.0002518883746
49500.0,15082.782,385.00023590169616
50000.0,13268.382000000001,387.0002430068866
50500.0,13916.382000000001,387.0002758683922
50500.0,17397.582,345.00029970038497
51000.0,17411.082,345.0002997743974
48500.0,7925.1179999999995,436.0000863019123
49000.0,6110.717999999999,438.0000934071027
47500.0,7277.1179999999995,431.0000774204243
49000.0,7520.118,434.0001320415755
49500.0,6758.717999999999,438.0001262686083
48000.0,7925.1179999999995,431.0001102819299
49500.0,8168.118,434.0001649030811
48500.0,6110.717999999999,433.0001173871203
50000.0,6353.718,436.00017200827153
48500.0,7520.118,429.0001560215931
49500.0,10239.918,396.0001501006011
48000.0,11406.318,389.0001341139227
49500.0,11649.318,392.0001887350739
48500.0,9591.917999999998,391.0001412191131
50000.0,9834.918,394.0001958402643
48500.0,11001.318,387.0001798535859
49000.0,10239.917999999998,391.0001740806187
50500.0,10482.918,394.0002287017699
49000.0,11649.318,387.0002127150915
49500.0,9834.918,389.0002198202819
50000.0,10253.418,396.0001501746135
48500.0,11419.818,389.0001341879351
50000.0,11662.818,392.0001888090863
49000.0,9605.417999999998,391.0001412931255
50500.0,9848.418,394.00019591427673
49000.0,11014.818,387.0001799275983
49500.0,10253.417999999998,391.0001741546311
51000.0,10496.418,394.0002287757823
49500.0,11662.818,387.0002127891039
50000.0,9848.418,389.00021989429433
49500.0,13734.617999999999,349.0001979866239
51000.0,13977.618,352.0002526077751
49500.0,15144.018,345.0002366210967
50000.0,13329.617999999999,347.0002437262871
50500.0,13977.617999999999,347.0002765877927
50000.0,10239.918,416.0001501006011
48500.0,11406.318,409.0001341139227
50000.0,11649.318,412.0001887350739
49000.0,9591.917999999998,411.0001412191131
50500.0,9834.918,414.0001958402643
49000.0,11001.318,407.0001798535859
49500.0,10239.917999999998,411.0001740806187
51000.0,10482.918,414.0002287017699
49500.0,11649.318,407.0002127150915
50000.0,9834.918,409.0002198202819
49500.0,13721.117999999999,369.0001979126115
51000.0,13964.118,372.0002525337627
49500.0,15130.518,365.0002365470843
50000.0,13316.117999999999,367.0002436522747
50500.0,13964.117999999999,367.0002765137803
50000.0,13734.617999999999,369.0001979866239
51500.0,13977.618,372.0002526077751
50000.0,15144.018,365.0002366210967
50500.0,13329.617999999999,367.0002437262871
51000.0,13977.617999999999,367.0002765877927
51000.0,17458.818,325.0003004197855
50500.0,10253.418,416.0001501746135
49000.0,11419.818,409.0001341879351
50500.0,11662.818,412.0001888090863
49500.0,9605.417999999998,411.0001412931255
51000.0,9848.418,414.00019591427673
49500.0,11014.818,407.0001799275983
50000.0,10253.417999999998,411.0001741546311
51500.0,10496.418,414.0002287757823
50000.0,11662.818,407.0002127891039
50500.0,9848.418,409.00021989429433
50000.0,13734.617999999999,369.0001979866239
51500.0,13977.618,372.0002526077751
50000.0,15144.018,365.0002366210967
50500.0,13329.617999999999,367.0002437262871
51000.0,13977.617999999999,367.0002765877927
50500.0,13748.117999999999,369.0001980606363
52000.0,13991.118,372.0002526817875
50500.0,15157.518,365.0002366951091
51000.0,13343.117999999999,367.00024380029953
51500.0,13991.117999999999,367.0002766618051
51500.0,17472.318,325.0003004937979
50500.0,13734.617999999999,389.0001979866239
52000.0,13977.618,392.0002526077751
50500.0,15144.018,385.0002366210967
51000.0,13329.617999999999,387.0002437262871
51500.0,13977.617999999999,387.0002765877927
51500.0,17458.818,345.0003004197855
52000.0,17472.318,345.0003004937979
35500.0,10117.949999999999,346.0001473710238
34000.0,11284.349999999999,339.0001313843454
35500.0,11527.35,342.0001860054966
34500.0,9469.95,341.0001384895358
36000.0,9712.95,344.000193110687
34500.0,10879.35,337.0001771240086
35000.0,10117.95,341.0001713510414
36500.0,10360.95,344.0002259721926
35000.0,11527.35,337.0002099855142
35500.0,9712.95,339.0002170907046
35000.0,13599.149999999998,299.0001951830342
36500.0,13842.15,302.0002498041854
35000.0,15008.55,295.000233817507
35500.0,13194.150000000001,297.0002409226974
36000.0,13842.150000000001,297.000273784203
35500.0,13612.649999999998,299.0001952570466
37000.0,13855.65,302.0002498781978
35500.0,15022.05,295.0002338915194
36000.0,13207.650000000001,297.0002409967098
36500.0,13855.650000000001,297.0002738582154
36500.0,17336.85,255.0002976902082
35500.0,13599.149999999998,319.0001951830342
37000.0,13842.15,322.0002498041854
35500.0,15008.55,315.000233817507
36000.0,13194.150000000001,317.0002409226974
36500.0,13842.150000000001,317.000273784203
36500.0,17323.35,275.0002976161958
37000.0,17336.85,275.0002976902082
36000.0,13612.649999999998,319.0001952570466
37500.0,13855.65,322.0002498781978
36000.0,15022.05,315.0002338915194
36500.0,13207.650000000001,317.0002409967098
37000.0,13855.650000000001,317.0002738582154
37000.0,17336.85,275.0002976902082
37500.0,17350.35,275.0002977642206
37500.0,17336.85,295.0002976902082
51500.0,7943.849999999999,456.0000872265739
52000.0,6129.449999999999,458.0000943317643
50500.0,7295.849999999999,451.0000783450859
52000.0,7538.85,454.0001329662371
52500.0,6777.449999999999,458.0001271932699
51000.0,7943.849999999999,451.0001112065915
52500.0,8186.85,454.0001658277427
51500.0,6129.45,453.0001183117819
53000.0,6372.450000000001,456.0001729329331
51500.0,7538.85,449.0001569462547
52500.0,10258.65,416.0001510252627
51000.0,11425.05,409.0001350385843
52500.0,11668.05,412.0001896597355
51500.0,9610.649999999998,411.0001421437747
53000.0,9853.65,414.0001967649259
51500.0,11020.05,407.0001807782475
52000.0,10258.649999999998,411.0001750052803
53500.0,10501.65,414.0002296264315
52000.0,11668.05,407.0002136397531
52500.0,9853.65,409.0002207449435
53000.0,10272.15,416.0001510992751
51500.0,11438.55,409.0001351125967
53000.0,11681.55,412.0001897337479
52000.0,9624.149999999998,411.0001422177871
53500.0,9867.15,414.0001968389383
52000.0,11033.55,407.0001808522599
52500.0,10272.149999999998,411.0001750792927
54000.0,10515.15,414.0002297004439
52500.0,11681.55,407.0002137137655
53000.0,9867.15,409.0002208189559
52500.0,13753.349999999999,369.0001989112855
54000.0,13996.35,372.0002535324367
52500.0,15162.75,365.0002375457583
53000.0,13348.349999999999,367.0002446509487
53500.0,13996.349999999999,367.0002775124543
53000.0,10258.65,436.0001510252627
51500.0,11425.05,429.0001350385843
53000.0,11668.05,432.0001896597355
52000.0,9610.649999999998,431.0001421437747
53500.0,9853.65,434.0001967649259
52000.0,11020.05,427.0001807782475
52500.0,10258.649999999998,431.0001750052803
54000.0,10501.65,434.0002296264315
52500.0,11668.05,427.0002136397531
53000.0,9853.65,429.0002207449435
52500.0,13739.849999999999,389.0001988372731
54000.0,13982.85,392.0002534584243
52500.0,15149.25,385.0002374717459
53000.0,13334.849999999999,387.00024457693627
53500.0,13982.849999999999,387.0002774384419
53000.0,13753.349999999999,389.0001989112855
54500.0,13996.35,392.0002535324367
53000.0,15162.75,385.0002375457583
53500.0,13348.349999999999,387.0002446509487
54000.0,13996.349999999999,387.0002775124543
54000.0,17477.55,345.0003013444471
53500.0,10272.15,436.0001510992751
52000.0,11438.55,429.0001351125967
53500.0,11681.55,432.0001897337479
52500.0,9624.149999999998,431.0001422177871
54000.0,9867.15,434.0001968389383
52500.0,11033.55,427.0001808522599
53000.0,10272.149999999998,431.0001750792927
54500.0,10515.15,434.0002297004439
53000.0,11681.55,427.0002137137655
53500.0,9867.15,429.0002208189559
53000.0,13753.349999999999,389.0001989112855
54500.0,13996.35,392.0002535324367
53000.0,15162.75,385.0002375457583
53500.0,13348.349999999999,387.0002446509487
54000.0,13996.349999999999,387.0002775124543
53500.0,13766.849999999999,389.0001989852979
55000.0,14009.85,392.0002536064491
53500.0,15176.25,385.0002376197707
54000.0,13361.849999999999,387.0002447249611
54500.0,14009.849999999999,387.0002775864667
54500.0,17491.05,345.0003014184595
53500.0,13753.349999999999,409.0001989112855
55000.0,13996.35,412.0002535324367
53500.0,15162.75,405.0002375457583
54000.0,13348.349999999999,407.0002446509487
54500.0,13996.349999999999,407.0002775124543
54500.0,17477.55,365.0003013444471
55000.0,17491.05,365.0003014184595
38500.0,10136.681999999999,366.0001482956854
37000.0,11303.081999999999,359.000132309007
38500.0,11546.082,362.0001869301582
37500.0,9488.682,361.0001394141974
39000.0,9731.682,364.00019403534856
37500.0,10898.082,357.0001780486702
38000.0,10136.682,361.000172275703
39500.0,10379.682,364.0002268968542
38000.0,11546.082,357.0002109101758
38500.0,9731.682,359.00021801536616
38000.0,13617.881999999998,319.0001961076958
39500.0,13860.882,322.000250728847
38000.0,15027.282,315.0002347421686
38500.0,13212.882000000001,317.000241847359
39000.0,13860.882000000001,317.0002747088646
38500.0,13631.381999999998,319.0001961817082
40000.0,13874.382,322.0002508028594
38500.0,15040.782,315.000234816181
39000.0,13226.382000000001,317.0002419213714
39500.0,13874.382000000001,317.000274782877
39500.0,17355.582,275.0002986148698
38500.0,13617.881999999998,339.0001961076958
40000.0,13860.882,342.000250728847
38500.0,15027.282,335.0002347421686
39000.0,13212.882000000001,337.000241847359
39500.0,13860.882000000001,337.0002747088646
39500.0,17342.082,295.0002985408574
40000.0,17355.582,295.0002986148698
39000.0,13631.381999999998,339.0001961817082
40500.0,13874.382,342.0002508028594
39000.0,15040.782,335.000234816181
39500.0,13226.382000000001,337.0002419213714
40000.0,13874.382000000001,337.000274782877
40000.0,17355.582,295.0002986148698
40500.0,17369.082,295.0002986888822
40500.0,17355.582,315.0002986148698
39500.0,10197.918,366.0001490150859
38000.0,11364.318,359.0001330284075
39500.0,11607.318,362.0001876495587
38500.0,9549.917999999998,361.00014013359794
40000.0,9792.918,364.0001947547491
38500.0,10959.318,357.0001787680707
39000.0,10197.917999999998,361.0001729951035
40500.0,10440.918,364.00022761625473
39000.0,11607.318,357.0002116295763
39500.0,9792.918,359.0002187347667
39000.0,13679.117999999999,319.0001968270963
40500.0,13922.118,322.0002514482475
39000.0,15088.518,315.0002354615691
39500.0,13274.117999999999,317.00024256675954
40000.0,13922.117999999999,317.0002754282651
39500.0,13692.617999999999,319.0001969011087
41000.0,13935.618,322.00025152225993
39500.0,15102.018,315.0002355355815
40000.0,13287.617999999999,317.0002426407719
40500.0,13935.617999999999,317.00027550227753
40500.0,17416.818,275.0002993342703
39500.0,13679.117999999999,339.0001968270963
41000.0,13922.118,342.0002514482475
39500.0,15088.518,335.0002354615691
40000.0,13274.117999999999,337.00024256675954
40500.0,13922.117999999999,337.0002754282651
40500.0,17403.318,295.0002992602579
41000.0,17416.818,295.0002993342703
40000.0,13692.617999999999,339.0001969011087
41500.0,13935.618,342.00025152225993
40000.0,15102.018,335.0002355355815
40500.0,13287.617999999999,337.0002426407719
41000.0,13935.617999999999,337.00027550227753
41000.0,17416.818,295.0002993342703
41500.0,17430.318,295.00029940828273
41500.0,17416.818,315.0002993342703
25000.0,13557.149999999998,269.000194097519
26500.0,13800.15,272.0002487186702
25000.0,14966.55,265.0002327319918
25500.0,13152.150000000001,267.0002398371822
26000.0,13800.150000000001,267.0002726986878
26000.0,17281.35,225.0002965306806
26500.0,17294.85,225.000296604693
26500.0,17281.35,245.0002965306806
27000.0,17294.85,245.000296604693
53500.0,7970.099999999999,456.0000875349589
54000.0,6155.699999999999,458.0000946401493
52500.0,7322.099999999999,451.0000786534709
54000.0,7565.1,454.0001332746221
54500.0,6803.699999999999,458.0001275016549
53000.0,7970.099999999999,451.0001115149765
54500.0,8213.1,454.0001661361277
53500.0,6155.7,453.0001186201669
55000.0,6398.700000000001,456.0001732413181
53500.0,7565.1,449.0001572546397
54500.0,10284.9,416.0001513336477
53000.0,11451.3,409.0001353469693
54500.0,11694.3,412.0001899681205
53500.0,9636.899999999998,411.0001424521597
55000.0,9879.9,414.0001970733109
53500.0,11046.3,407.0001810866325
54000.0,10284.899999999998,411.0001753136653
55500.0,10527.9,414.0002299348165
54000.0,11694.3,407.0002139481381
54500.0,9879.9,409.0002210533285
55000.0,10298.4,416.0001514076601
53500.0,11464.8,409.0001354209817
55000.0,11707.8,412.0001900421329
54000.0,9650.399999999998,411.0001425261721
55500.0,9893.4,414.0001971473233
54000.0,11059.8,407.0001811606449
54500.0,10298.399999999998,411.0001753876777
56000.0,10541.4,414.0002300088289
54500.0,11707.8,407.0002140221505
55000.0,9893.4,409.0002211273409
54500.0,13779.599999999999,369.0001992196705
56000.0,14022.6,372.0002538408217
54500.0,15189.0,365.0002378541433
55000.0,13374.599999999999,367.0002449593337
55500.0,14022.599999999999,367.0002778208393
55000.0,10284.9,436.0001513336477
53500.0,11451.3,429.0001353469693
55000.0,11694.3,432.0001899681205
54000.0,9636.899999999998,431.0001424521597
55500.0,9879.9,434.0001970733109
54000.0,11046.3,427.0001810866325
54500.0,10284.899999999998,431.0001753136653
56000.0,10527.9,434.0002299348165
54500.0,11694.3,427.0002139481381
55000.0,9879.9,429.0002210533285
54500.0,13766.099999999999,389.0001991456581
56000.0,14009.1,392.0002537668093
54500.0,15175.5,385.0002377801309
55000.0,13361.099999999999,387.0002448853213
55500.0,14009.099999999999,387.0002777468269
55000.0,13779.599999999999,389.0001992196705
56500.0,14022.6,392.0002538408217
55000.0,15189.0,385.0002378541433
55500.0,13374.599999999999,387.0002449593337
56000.0,14022.599999999999,387.0002778208393
56000.0,17503.8,345.0003016528321
55500.0,10298.4,436.0001514076601
54000.0,11464.8,429.0001354209817
55500.0,11707.8,432.0001900421329
54500.0,9650.399999999998,431.0001425261721
56000.0,9893.4,434.0001971473233
54500.0,11059.8,427.0001811606449
55000.0,10298.399999999998,431.0001753876777
56500.0,10541.4,434.0002300088289
55000.0,11707.8,427.0002140221505
55500.0,9893.4,429.0002211273409
55000.0,13779.599999999999,389.0001992196705
56500.0,14022.6,392.0002538408217
55000.0,15189.0,385.0002378541433
55500.0,13374.599999999999,387.0002449593337
56000.0,14022.599999999999,387.0002778208393
55500.0,13793.099999999999,389.0001992936829
57000.0,14036.1,392.0002539148341
55500.0,15202.5,385.0002379281557
56000.0,13388.099999999999,387.0002450333461
56500.0,14036.099999999999,387.0002778948517
56500.0,17517.3,345.0003017268445
55500.0,13779.599999999999,409.0001992196705
57000.0,14022.6,412.0002538408217
55500.0,15189.0,405.0002378541433
56000.0,13374.599999999999,407.0002449593337
56500.0,14022.599999999999,407.0002778208393
56500.0,17503.8,365.0003016528321
57000.0,17517.3,365.0003017268445
40500.0,10162.931999999999,366.0001486040704
39000.0,11329.331999999999,359.000132617392
40500.0,11572.332,362.00018723854316
39500.0,9514.932,361.0001397225824
41000.0,9757.932,364.0001943437336
39500.0,10924.332,357.0001783570552
40000.0,10162.932,361.000172584088
41500.0,10405.932,364.0002272052392
40000.0,11572.332,357.00021121856076
40500.0,9757.932,359.0002183237512
40000.0,13644.131999999998,319.00019641608077
41500.0,13887.132,322.000251037232
40000.0,15053.532,315.00023505055356
40500.0,13239.132000000001,317.000242155744
41000.0,13887.132000000001,317.0002750172496
40500.0,13657.631999999998,319.0001964900932
42000.0,13900.632,322.0002511112444
40500.0,15067.032,315.00023512456596
41000.0,13252.632000000001,317.0002422297564
41500.0,13900.632000000001,317.000275091262
41500.0,17381.832,275.0002989232548
40500.0,13644.131999999998,339.00019641608077
42000.0,13887.132,342.000251037232
40500.0,15053.532,335.00023505055356
41000.0,13239.132000000001,337.000242155744
41500.0,13887.132000000001,337.0002750172496
41500.0,17368.332,295.00029884924237
42000.0,17381.832,295.0002989232548
41000.0,13657.631999999998,339.0001964900932
42500.0,13900.632,342.0002511112444
41000.0,15067.032,335.00023512456596
41500.0,13252.632000000001,337.0002422297564
42000.0,13900.632000000001,337.000275091262
42000.0,17381.832,295.0002989232548
42500.0,17395.332,295.0002989972672
42500.0,17381.832,315.0002989232548
41500.0,10224.168,366.0001493234709
40000.0,11390.568,359.0001333367925
41500.0,11633.568,362.0001879579437
40500.0,9576.167999999998,361.0001404419829
42000.0,9819.168,364.00019506313413
40500.0,10985.568,357.0001790764557
41000.0,10224.167999999998,361.0001733034885
42500.0,10467.168,364.0002279246397
41000.0,11633.568,357.0002119379613
41500.0,9819.168,359.00021904315173
41000.0,13705.367999999999,319.0001971354813
42500.0,13948.368,322.0002517566325
41000.0,15114.768,315.0002357699541
41500.0,13300.367999999999,317.0002428751445
42000.0,13948.367999999999,317.0002757366501
41500.0,13718.867999999999,319.0001972094937
43000.0,13961.868,322.0002518306449
41500.0,15128.268,315.0002358439665
42000.0,13313.867999999999,317.0002429491569
42500.0,13961.867999999999,317.0002758106625
42500.0,17443.068,275.0002996426553
41500.0,13705.367999999999,339.0001971354813
43000.0,13948.368,342.0002517566325
41500.0,15114.768,335.0002357699541
42000.0,13300.367999999999,337.0002428751445
42500.0,13948.367999999999,337.0002757366501
42500.0,17429.568,295.0002995686429
43000.0,17443.068,295.0002996426553
42000.0,13718.867999999999,339.0001972094937
43500.0,13961.868,342.0002518306449
42000.0,15128.268,335.0002358439665
42500.0,13313.867999999999,337.0002429491569
43000.0,13961.867999999999,337.0002758106625
43000.0,17443.068,295.0002996426553
43500.0,17456.568,295.0002997166677
43500.0,17443.068,315.0002996426553
27000.0,13583.399999999998,269.000194405904
28500.0,13826.4,272.0002490270552
27000.0,14992.8,265.0002330403768
27500.0,13178.400000000001,267.0002401455672
28000.0,13826.400000000001,267.0002730070728
28000.0,17307.6,225.0002968390656
28500.0,17321.1,225.000296913078
28500.0,17307.6,245.0002968390656
29000.0,17321.1,245.000296913078
44500.0,10242.9,386.0001502481325
43000.0,11409.3,379.0001342614541
44500.0,11652.3,382.0001888826053
43500.0,9594.899999999998,381.00014136664447
45000.0,9837.9,384.0001959877957
43500.0,11004.3,377.0001800011173
44000.0,10242.899999999998,381.0001742281501
45500.0,10485.9,384.0002288493013
44000.0,11652.3,377.0002128626229
44500.0,9837.9,379.0002199678133
44000.0,13724.099999999999,339.0001980601429
45500.0,13967.1,342.0002526812941
44000.0,15133.5,335.0002366946157
44500.0,13319.099999999999,337.00024379980607
45000.0,13967.099999999999,337.0002766613117
44500.0,13737.599999999999,339.0001981341553
46000.0,13980.6,342.0002527553065
44500.0,15147.0,335.0002367686281
45000.0,13332.599999999999,337.0002438738185
45500.0,13980.599999999999,337.0002767353241
45500.0,17461.8,295.0003005673169
44500.0,13724.099999999999,359.0001980601429
46000.0,13967.1,362.0002526812941
44500.0,15133.5,355.0002366946157
45000.0,13319.099999999999,357.00024379980607
45500.0,13967.099999999999,357.0002766613117
45500.0,17448.3,315.0003004933045
46000.0,17461.8,315.0003005673169
45000.0,13737.599999999999,359.0001981341553
46500.0,13980.6,362.0002527553065
45000.0,15147.0,355.0002367686281
45500.0,13332.599999999999,357.0002438738185
46000.0,13980.599999999999,357.0002767353241
46000.0,17461.8,315.0003005673169
46500.0,17475.3,315.0003006413293
46500.0,17461.8,335.0003005673169
30000.0,13602.131999999998,289.0001953305656
31500.0,13845.132,292.0002499517168
30000.0,15011.532,285.0002339650384
30500.0,13197.132000000001,287.0002410702288
31000.0,13845.132000000001,287.0002739317344
31000.0,17326.332,245.0002977637272
31500.0,17339.832,245.0002978377396
31500.0,17326.332,265.0002977637272
32000.0,17339.832,265.0002978377396
31000.0,13663.367999999999,289.0001960499661
32500.0,13906.368,292.0002506711173
31000.0,15072.768,285.0002346844389
31500.0,13258.367999999999,287.0002417896293
32000.0,13906.367999999999,287.00027465113493
32000.0,17387.568,245.00029848312772
32500.0,17401.068,245.0002985571401
32500.0,17387.568,265.0002984831277
33000.0,17401.068,265.0002985571401
18000.0,17265.6,195.0002957535504
63500.0,8003.849999999999,536.000088460114
64000.0,6189.449999999999,538.0000955653043
62500.0,7355.849999999999,531.0000795786259
64000.0,7598.85,534.0001341997771
64500.0,6837.449999999999,538.0001284268099
63000.0,8003.849999999999,531.0001124401315
64500.0,8246.85,534.0001670612827
63500.0,6189.45,533.0001195453219
65000.0,6432.450000000001,536.0001741664731
63500.0,7598.85,529.0001581797947
64500.0,10318.65,496.0001522588027
63000.0,11485.05,489.0001362721243
64500.0,11728.05,492.0001908932755
63500.0,9670.649999999998,491.0001433773147
65000.0,9913.65,494.0001979984659
63500.0,11080.05,487.0001820117875
64000.0,10318.649999999998,491.0001762388203
65500.0,10561.65,494.0002308599715
64000.0,11728.05,487.0002148732931
64500.0,9913.65,489.0002219784835
65000.0,10332.15,496.0001523328151
63500.0,11498.55,489.0001363461367
65000.0,11741.55,492.0001909672879
64000.0,9684.149999999998,491.0001434513271
65500.0,9927.15,494.00019807247827
64000.0,11093.55,487.0001820857999
64500.0,10332.149999999998,491.0001763128327
66000.0,10575.15,494.0002309339839
64500.0,11741.55,487.0002149473055
65000.0,9927.15,489.0002220524959
64500.0,13813.349999999999,449.0002001448255
66000.0,14056.35,452.0002547659767
64500.0,15222.75,445.0002387792983
65000.0,13408.349999999999,447.0002458844887
65500.0,14056.349999999999,447.0002787459943
65000.0,10318.65,516.0001522588027
63500.0,11485.05,509.0001362721243
65000.0,11728.05,512.0001908932755
64000.0,9670.649999999998,511.0001433773147
65500.0,9913.65,514.0001979984659
64000.0,11080.05,507.0001820117875
64500.0,10318.649999999998,511.0001762388203
66000.0,10561.65,514.0002308599715
64500.0,11728.05,507.0002148732931
65000.0,9913.65,509.0002219784835
64500.0,13799.849999999999,469.0002000708131
66000.0,14042.85,472.0002546919643
64500.0,15209.25,465.0002387052859
65000.0,13394.849999999999,467.0002458104763
65500.0,14042.849999999999,467.0002786719819
65000.0,13813.349999999999,469.0002001448255
66500.0,14056.35,472.0002547659767
65000.0,15222.75,465.0002387792983
65500.0,13408.349999999999,467.0002458844887
66000.0,14056.349999999999,467.0002787459943
66000.0,17537.55,425.0003025779871
65500.0,10332.15,516.0001523328151
64000.0,11498.55,509.0001363461367
65500.0,11741.55,512.000190967288
64500.0,9684.149999999998,511.0001434513271
66000.0,9927.15,514.0001980724783
64500.0,11093.55,507.0001820857999
65000.0,10332.149999999998,511.0001763128327
66500.0,10575.15,514.0002309339839
65000.0,11741.55,507.0002149473055
65500.0,9927.15,509.0002220524959
65000.0,13813.349999999999,469.0002001448255
66500.0,14056.35,472.0002547659767
65000.0,15222.75,465.0002387792983
65500.0,13408.349999999999,467.0002458844887
66000.0,14056.349999999999,467.0002787459943
65500.0,13826.849999999999,469.0002002188379
67000.0,14069.85,472.0002548399891
65500.0,15236.25,465.0002388533107
66000.0,13421.849999999999,467.00024595850107
66500.0,14069.849999999999,467.0002788200067
66500.0,17551.05,425.0003026519995
65500.0,13813.349999999999,489.0002001448255
67000.0,14056.35,492.0002547659767
65500.0,15222.75,485.0002387792983
66000.0,13408.349999999999,487.0002458844887
66500.0,14056.349999999999,487.0002787459943
66500.0,17537.55,445.0003025779871
67000.0,17551.05,445.0003026519995
50500.0,10196.681999999999,446.0001495292254
49000.0,11363.081999999999,439.00013354254696
50500.0,11606.082,442.00018816369817
49500.0,9548.682,441.0001406477374
51000.0,9791.682,444.0001952688886
49500.0,10958.082,437.0001792822102
50000.0,10196.682,441.000173509243
51500.0,10439.682,444.0002281303942
50000.0,11606.082,437.00021214371577
50500.0,9791.682,439.0002192489062
50000.0,13677.881999999998,399.0001973412358
51500.0,13920.882,402.000251962387
50000.0,15087.282,395.00023597570856
50500.0,13272.882000000001,397.000243080899
51000.0,13920.882000000001,397.0002759424046
50500.0,13691.381999999998,399.0001974152482
52000.0,13934.382,402.0002520363994
50500.0,15100.782,395.00023604972097
51000.0,13286.382000000001,397.0002431549114
51500.0,13934.382000000001,397.000276016417
51500.0,17415.582,355.0002998484098
50500.0,13677.881999999998,419.0001973412358
52000.0,13920.882,422.000251962387
50500.0,15087.282,415.00023597570856
51000.0,13272.882000000001,417.000243080899
51500.0,13920.882000000001,417.0002759424046
51500.0,17402.082,375.0002997743974
52000.0,17415.582,375.0002998484098
51000.0,13691.381999999998,419.0001974152482
52500.0,13934.382,422.0002520363994
51000.0,15100.782,415.00023604972097
51500.0,13286.382000000001,417.0002431549114
52000.0,13934.382000000001,417.000276016417
52000.0,17415.582,375.0002998484098
52500.0,17429.082,375.0002999224222
52500.0,17415.582,395.0002998484098
51500.0,10257.918,446.0001502486259
50000.0,11424.318,439.0001342619475
51500.0,11667.318,442.0001888830987
50500.0,9609.917999999998,441.0001413671379
52000.0,9852.918,444.00019598828914
50500.0,11019.318,437.0001800016107
51000.0,10257.917999999998,441.0001742286435
52500.0,10500.918,444.0002288497947
51000.0,11667.318,437.0002128631163
51500.0,9852.918,439.00021996830674
51000.0,13739.117999999999,399.0001980606363
52500.0,13982.118,402.0002526817875
51000.0,15148.518,395.0002366951091
51500.0,13334.117999999999,397.00024380029953
52000.0,13982.117999999999,397.0002766618051
51500.0,13752.617999999999,399.0001981346487
53000.0,13995.618,402.0002527557999
51500.0,15162.018,395.0002367691215
52000.0,13347.617999999999,397.00024387431193
52500.0,13995.617999999999,397.0002767358175
52500.0,17476.818,355.0003005678103
51500.0,13739.117999999999,419.0001980606363
53000.0,13982.118,422.0002526817875
51500.0,15148.518,415.0002366951091
52000.0,13334.117999999999,417.00024380029953
52500.0,13982.117999999999,417.0002766618051
52500.0,17463.318,375.0003004937979
53000.0,17476.818,375.0003005678103
52000.0,13752.617999999999,419.0001981346487
53500.0,13995.618,422.0002527557999
52000.0,15162.018,415.0002367691215
52500.0,13347.617999999999,417.00024387431193
53000.0,13995.617999999999,417.0002767358175
53000.0,17476.818,375.0003005678103
53500.0,17490.318,375.0003006418227
53500.0,17476.818,395.0003005678103
37000.0,13617.149999999998,349.000195331059
38500.0,13860.15,352.0002499522102
37000.0,15026.55,345.0002339655318
37500.0,13212.150000000001,347.0002410707222
38000.0,13860.150000000001,347.0002739322278
38000.0,17341.35,305.0002977642206
38500.0,17354.85,305.000297838233
38500.0,17341.35,325.0002977642206
39000.0,17354.85,325.000297838233
54500.0,10276.65,466.0001511732875
53000.0,11443.05,459.0001351866091
54500.0,11686.05,462.0001898077603
53500.0,9628.649999999998,461.0001422917995
55000.0,9871.65,464.0001969129507
53500.0,11038.05,457.0001809262723
54000.0,10276.649999999998,461.0001751533051
55500.0,10519.65,464.0002297744563
54000.0,11686.05,457.0002137877779
54500.0,9871.65,459.0002208929683
54000.0,13757.849999999999,419.0001989852979
55500.0,14000.85,422.0002536064491
54000.0,15167.25,415.0002376197707
54500.0,13352.849999999999,417.0002447249611
55000.0,14000.849999999999,417.0002775864667
54500.0,13771.349999999999,419.0001990593103
56000.0,14014.35,422.00025368046147
54500.0,15180.75,415.0002376937831
55000.0,13366.349999999999,417.0002447989735
55500.0,14014.349999999999,417.00027766047907
55500.0,17495.55,375.0003014924719
54500.0,13757.849999999999,439.0001989852979
56000.0,14000.85,442.0002536064491
54500.0,15167.25,435.0002376197707
55000.0,13352.849999999999,437.0002447249611
55500.0,14000.849999999999,437.0002775864667
55500.0,17482.05,395.0003014184595
56000.0,17495.55,395.0003014924719
55000.0,13771.349999999999,439.0001990593103
56500.0,14014.35,442.00025368046147
55000.0,15180.75,435.0002376937831
55500.0,13366.349999999999,437.0002447989735
56000.0,14014.349999999999,437.00027766047907
56000.0,17495.55,395.0003014924719
56500.0,17509.05,395.00030156648427
56500.0,17495.55,415.0003014924719
40000.0,13635.881999999998,369.0001962557206
41500.0,13878.882,372.0002508768718
40000.0,15045.282,365.0002348901934
40500.0,13230.882000000001,367.00024199538376
41000.0,13878.882000000001,367.0002748568894
41000.0,17360.082,325.0002986888822
41500.0,17373.582,325.0002987628946
41500.0,17360.082,345.0002986888822
42000.0,17373.582,345.0002987628946
41000.0,13697.117999999999,369.0001969751211
42500.0,13940.118,372.00025159627234
41000.0,15106.518,365.0002356095939
41500.0,13292.117999999999,367.0002427147843
42000.0,13940.117999999999,367.00027557628994
42000.0,17421.318,325.00029940828273
42500.0,17434.818,325.00029948229513
42500.0,17421.318,345.00029940828273
43000.0,17434.818,345.00029948229513
28000.0,17299.35,275.0002966787054
56500.0,10302.9,466.0001514816725
55000.0,11469.3,459.0001354949941
56500.0,11712.3,462.0001901161453
55500.0,9654.899999999998,461.0001426001845
57000.0,9897.9,464.00019722133567
55500.0,11064.3,457.0001812346573
56000.0,10302.899999999998,461.0001754616901
57500.0,10545.9,464.0002300828413
56000.0,11712.3,457.0002140961629
56500.0,9897.9,459.00022120135327
56000.0,13784.099999999999,419.0001992936829
57500.0,14027.1,422.0002539148341
56000.0,15193.5,415.0002379281557
56500.0,13379.099999999999,417.0002450333461
57000.0,14027.099999999999,417.0002778948517
56500.0,13797.599999999999,419.0001993676953
58000.0,14040.6,422.0002539888465
56500.0,15207.0,415.0002380021681
57000.0,13392.599999999999,417.0002451073585
57500.0,14040.599999999999,417.0002779688641
57500.0,17521.8,375.0003018008569
56500.0,13784.099999999999,439.0001992936829
58000.0,14027.1,442.0002539148341
56500.0,15193.5,435.0002379281557
57000.0,13379.099999999999,437.0002450333461
57500.0,14027.099999999999,437.0002778948517
57500.0,17508.3,395.0003017268445
58000.0,17521.8,395.0003018008569
57000.0,13797.599999999999,439.0001993676953
58500.0,14040.6,442.0002539888465
57000.0,15207.0,435.0002380021681
57500.0,13392.599999999999,437.0002451073585
58000.0,14040.599999999999,437.0002779688641
58000.0,17521.8,395.0003018008569
58500.0,17535.3,395.0003018748693
58500.0,17521.8,415.0003018008569
42000.0,13662.131999999998,369.0001965641056
43500.0,13905.132,372.0002511852568
42000.0,15071.532,365.00023519857837
42500.0,13257.132000000001,367.0002423037688
43000.0,13905.132000000001,367.0002751652744
43000.0,17386.332,325.0002989972672
43500.0,17399.832,325.0002990712796
43500.0,17386.332,345.0002989972672
44000.0,17399.832,345.0002990712796
43000.0,13723.367999999999,369.0001972835061
44500.0,13966.368,372.0002519046573
43000.0,15132.768,365.0002359179789
43500.0,13318.367999999999,367.00024302316933
44000.0,13966.367999999999,367.0002758846749
44000.0,17447.568,325.0002997166677
44500.0,17461.068,325.0002997906801
44500.0,17447.568,345.0002997166677
45000.0,17461.068,345.0002997906801
30000.0,17325.6,275.0002969870904
46000.0,13742.099999999999,389.0001982081677
47500.0,13985.1,392.0002528293189
46000.0,15151.5,385.0002368426405
46500.0,13337.099999999999,387.0002439478309
47000.0,13985.099999999999,387.00027680933647
47000.0,17466.3,345.0003006413293
47500.0,17479.8,345.0003007153417
47500.0,17466.3,365.0003006413293
48000.0,17479.8,365.0003007153417
33000.0,17344.332,295.000297911752
34000.0,17405.568,295.00029863115253
66500.0,10336.65,546.0001524068275
65000.0,11503.05,539.0001364201491
66500.0,11746.05,542.0001910413002
65500.0,9688.649999999998,541.0001435253395
67000.0,9931.65,544.0001981464907
65500.0,11098.05,537.0001821598123
66000.0,10336.649999999998,541.000176386845
67500.0,10579.65,544.0002310079963
66000.0,11746.05,537.0002150213179
66500.0,9931.65,539.0002221265083
66000.0,13817.849999999999,499.0002002188379
67500.0,14060.85,502.0002548399891
66000.0,15227.25,495.0002388533107
66500.0,13412.849999999999,497.00024595850107
67000.0,14060.849999999999,497.0002788200067
66500.0,13831.349999999999,499.0002002928503
68000.0,14074.35,502.0002549140015
66500.0,15240.75,495.0002389273231
67000.0,13426.349999999999,497.0002460325135
67500.0,14074.349999999999,497.0002788940191
67500.0,17555.55,455.0003027260119
66500.0,13817.849999999999,519.0002002188379
68000.0,14060.85,522.0002548399891
66500.0,15227.25,515.0002388533107
67000.0,13412.849999999999,517.0002459585011
67500.0,14060.849999999999,517.0002788200067
67500.0,17542.05,475.0003026519995
68000.0,17555.55,475.0003027260119
67000.0,13831.349999999999,519.0002002928503
68500.0,14074.35,522.0002549140015
67000.0,15240.75,515.000238927323
67500.0,13426.349999999999,517.0002460325135
68000.0,14074.349999999999,517.0002788940191
68000.0,17555.55,475.0003027260119
68500.0,17569.05,475.0003028000243
68500.0,17555.55,495.0003027260119
52000.0,13695.881999999998,449.0001974892606
53500.0,13938.882,452.0002521104118
52000.0,15105.282,445.0002361237334
52500.0,13290.882000000001,447.0002432289238
53000.0,13938.882000000001,447.0002760904294
53000.0,17420.082,405.0002999224222
53500.0,17433.582,405.0002999964346
53500.0,17420.082,425.0002999224222
54000.0,17433.582,425.0002999964346
53000.0,13757.117999999999,449.0001982086611
54500.0,14000.118,452.0002528298123
53000.0,15166.518,445.0002368431339
53500.0,13352.117999999999,447.00024394832434
54000.0,14000.117999999999,447.0002768098299
54000.0,17481.318,405.0003006418227
54500.0,17494.818,405.0003007158351
54500.0,17481.318,425.0003006418227
55000.0,17494.818,425.0003007158351
40000.0,17359.35,355.0002979122454
56000.0,13775.849999999999,469.0001991333227
57500.0,14018.85,472.0002537544739
56000.0,15185.25,465.0002377677955
56500.0,13370.849999999999,467.0002448729859
57000.0,14018.849999999999,467.0002777344915
57000.0,17500.05,425.00030156648427
57500.0,17513.55,425.0003016404967
57500.0,17500.05,445.00030156648427
58000.0,17513.55,445.0003016404967
43000.0,17378.082,375.000298836907
44000.0,17439.318,375.00029955630754
58000.0,13802.099999999999,469.0001994417077
59500.0,14045.1,472.0002540628589
58000.0,15211.5,465.0002380761805
58500.0,13397.099999999999,467.0002451813709
59000.0,14045.099999999999,467.0002780428765
59000.0,17526.3,425.0003018748693
59500.0,17539.8,425.0003019488817
59500.0,17526.3,445.0003018748693
60000.0,17539.8,445.0003019488817
45000.0,17404.332,375.000299145292
46000.0,17465.568,375.0002998646925
49000.0,17484.3,395.00030078935407
68000.0,13835.849999999999,549.0002003668627
69500.0,14078.85,552.0002549880139
68000.0,15245.25,545.0002390013354
68500.0,13430.849999999999,547.0002461065259
69000.0,14078.849999999999,547.0002789680315
69000.0,17560.05,505.0003028000243
69500.0,17573.55,505.0003028740367
69500.0,17560.05,525.0003028000243
70000.0,17573.55,525.0003028740367
55000.0,17438.082,455.000300070447
56000.0,17499.318,455.00030078984753
59000.0,17518.05,475.0003017145091
61000.0,17544.3,475.0003020228941
71000.0,17578.05,555.0003029480491
