obstacle_density,max_slope_deg,friction_static,friction_dynamic,restitution,height_scale,rocks_per_m2,encounters_per_m,p_encounter,mean_free_path_m,progress_fraction,grade_mean_deg,grade_p90_deg,no_slip_margin,slip_share,relief,attitude,contestedness,traversability,RR.1,RR.2,RR.3,feasible,on_frontier
0.05,5.0,0.3,0.2,0.0,0.069563,0.014691,0.033055,0.448434,37.611737,0.794723,1.613854,3.939305,0.231138,0.0,0.080477,1.0,0.176304,0.794723,1,0,1,0,0
0.05,5.0,0.3,0.2,0.1,0.069563,0.014691,0.033055,0.448434,37.611737,0.794703,1.613854,3.939305,0.231138,0.0,0.080477,1.0,0.176304,0.794703,1,0,1,0,0
0.05,5.0,0.3,0.2,0.3,0.069563,0.014691,0.033055,0.448434,37.611737,0.794548,1.613854,3.939305,0.231138,0.0,0.080477,1.0,0.176304,0.794548,1,0,1,0,0
0.05,5.0,0.4,0.3,0.0,0.069563,0.014691,0.033055,0.448434,37.611737,0.794723,1.613854,3.939305,0.331138,0.0,0.080477,1.0,0.176304,0.794723,1,0,1,0,0
0.05,5.0,0.4,0.3,0.1,0.069563,0.014691,0.033055,0.448434,37.611737,0.79471,1.613854,3.939305,0.331138,0.0,0.080477,1.0,0.176304,0.79471,1,0,1,0,0
0.05,5.0,0.4,0.3,0.3,0.069563,0.014691,0.033055,0.448434,37.611737,0.794606,1.613854,3.939305,0.331138,0.0,0.080477,1.0,0.176304,0.794606,1,0,1,0,0
0.05,5.0,0.5,0.4,0.0,0.069563,0.014691,0.033055,0.448434,37.611737,0.794723,1.613854,3.939305,0.431138,0.0,0.080477,1.0,0.176304,0.794723,1,0,1,0,0
0.05,5.0,0.5,0.4,0.1,0.069563,0.014691,0.033055,0.448434,37.611737,0.794713,1.613854,3.939305,0.431138,0.0,0.080477,1.0,0.176304,0.794713,1,0,1,0,0
0.05,5.0,0.5,0.4,0.3,0.069563,0.014691,0.033055,0.448434,37.611737,0.794635,1.613854,3.939305,0.431138,0.0,0.080477,1.0,0.176304,0.794635,1,0,1,0,0
0.05,5.0,0.6,0.5,0.0,0.069563,0.014691,0.033055,0.448434,37.611737,0.794723,1.613854,3.939305,0.531138,0.0,0.080477,1.0,0.176304,0.794723,1,0,1,0,0
0.05,5.0,0.6,0.5,0.1,0.069563,0.014691,0.033055,0.448434,37.611737,0.794715,1.613854,3.939305,0.531138,0.0,0.080477,1.0,0.176304,0.794715,1,0,1,0,0
0.05,5.0,0.6,0.5,0.3,0.069563,0.014691,0.033055,0.448434,37.611737,0.794653,1.613854,3.939305,0.531138,0.0,0.080477,1.0,0.176304,0.794653,1,0,1,0,0
0.05,5.0,0.7,0.6,0.0,0.069563,0.014691,0.033055,0.448434,37.611737,0.794723,1.613854,3.939305,0.631138,0.0,0.080477,1.0,0.176304,0.794723,1,0,1,0,0
0.05,5.0,0.7,0.6,0.1,0.069563,0.014691,0.033055,0.448434,37.611737,0.794716,1.613854,3.939305,0.631138,0.0,0.080477,1.0,0.176304,0.794716,1,0,1,0,0
0.05,5.0,0.7,0.6,0.3,0.069563,0.014691,0.033055,0.448434,37.611737,0.794664,1.613854,3.939305,0.631138,0.0,0.080477,1.0,0.176304,0.794664,1,0,1,0,0
0.05,5.0,0.8,0.7,0.0,0.069563,0.014691,0.033055,0.448434,37.611737,0.794723,1.613854,3.939305,0.731138,0.0,0.080477,1.0,0.176304,0.794723,1,0,1,0,0
0.05,5.0,0.8,0.7,0.1,0.069563,0.014691,0.033055,0.448434,37.611737,0.794717,1.613854,3.939305,0.731138,0.0,0.080477,1.0,0.176304,0.794717,1,0,1,0,0
0.05,5.0,0.8,0.7,0.3,0.069563,0.014691,0.033055,0.448434,37.611737,0.794673,1.613854,3.939305,0.731138,0.0,0.080477,1.0,0.176304,0.794673,1,0,1,0,0
0.05,5.0,0.9,0.8,0.0,0.069563,0.014691,0.033055,0.448434,37.611737,0.794723,1.613854,3.939305,0.831138,0.0,0.080477,1.0,0.176304,0.794723,1,0,1,0,0
0.05,5.0,0.9,0.8,0.1,0.069563,0.014691,0.033055,0.448434,37.611737,0.794718,1.613854,3.939305,0.831138,0.0,0.080477,1.0,0.176304,0.794718,1,0,1,0,0
0.05,5.0,0.9,0.8,0.3,0.069563,0.014691,0.033055,0.448434,37.611737,0.794679,1.613854,3.939305,0.831138,0.0,0.080477,1.0,0.176304,0.794679,1,0,1,0,0
0.05,5.0,1.0,0.9,0.0,0.069563,0.014691,0.033055,0.448434,37.611737,0.794723,1.613854,3.939305,0.931138,0.0,0.080477,1.0,0.176304,0.794723,1,0,1,0,0
0.05,5.0,1.0,0.9,0.1,0.069563,0.014691,0.033055,0.448434,37.611737,0.794718,1.613854,3.939305,0.931138,0.0,0.080477,1.0,0.176304,0.794718,1,0,1,0,0
0.05,5.0,1.0,0.9,0.3,0.069563,0.014691,0.033055,0.448434,37.611737,0.794684,1.613854,3.939305,0.931138,0.0,0.080477,1.0,0.176304,0.794684,1,0,1,0,0
0.05,7.5,0.3,0.2,0.0,0.104678,0.014691,0.033055,0.448434,37.611737,0.794723,2.424156,5.916089,0.196376,0.0,0.120884,1.0,0.189773,0.794723,1,0,1,0,0
0.05,7.5,0.3,0.2,0.1,0.104678,0.014691,0.033055,0.448434,37.611737,0.794703,2.424156,5.916089,0.196376,0.0,0.120884,1.0,0.189773,0.794703,1,0,1,0,0
0.05,7.5,0.3,0.2,0.3,0.104678,0.014691,0.033055,0.448434,37.611737,0.794548,2.424156,5.916089,0.196376,0.0,0.120884,1.0,0.189773,0.794548,1,0,1,0,0
0.05,7.5,0.4,0.3,0.0,0.104678,0.014691,0.033055,0.448434,37.611737,0.794723,2.424156,5.916089,0.296376,0.0,0.120884,1.0,0.189773,0.794723,1,0,1,0,0
0.05,7.5,0.4,0.3,0.1,0.104678,0.014691,0.033055,0.448434,37.611737,0.79471,2.424156,5.916089,0.296376,0.0,0.120884,1.0,0.189773,0.79471,1,0,1,0,0
0.05,7.5,0.4,0.3,0.3,0.104678,0.014691,0.033055,0.448434,37.611737,0.794606,2.424156,5.916089,0.296376,0.0,0.120884,1.0,0.189773,0.794606,1,0,1,0,0
0.05,7.5,0.5,0.4,0.0,0.104678,0.014691,0.033055,0.448434,37.611737,0.794723,2.424156,5.916089,0.396376,0.0,0.120884,1.0,0.189773,0.794723,1,0,1,0,0
0.05,7.5,0.5,0.4,0.1,0.104678,0.014691,0.033055,0.448434,37.611737,0.794713,2.424156,5.916089,0.396376,0.0,0.120884,1.0,0.189773,0.794713,1,0,1,0,0
0.05,7.5,0.5,0.4,0.3,0.104678,0.014691,0.033055,0.448434,37.611737,0.794635,2.424156,5.916089,0.396376,0.0,0.120884,1.0,0.189773,0.794635,1,0,1,0,0
0.05,7.5,0.6,0.5,0.0,0.104678,0.014691,0.033055,0.448434,37.611737,0.794723,2.424156,5.916089,0.496376,0.0,0.120884,1.0,0.189773,0.794723,1,0,1,0,0
0.05,7.5,0.6,0.5,0.1,0.104678,0.014691,0.033055,0.448434,37.611737,0.794715,2.424156,5.916089,0.496376,0.0,0.120884,1.0,0.189773,0.794715,1,0,1,0,0
0.05,7.5,0.6,0.5,0.3,0.104678,0.014691,0.033055,0.448434,37.611737,0.794653,2.424156,5.916089,0.496376,0.0,0.120884,1.0,0.189773,0.794653,1,0,1,0,0
0.05,7.5,0.7,0.6,0.0,0.104678,0.014691,0.033055,0.448434,37.611737,0.794723,2.424156,5.916089,0.596376,0.0,0.120884,1.0,0.189773,0.794723,1,0,1,0,0
0.05,7.5,0.7,0.6,0.1,0.104678,0.014691,0.033055,0.448434,37.611737,0.794716,2.424156,5.916089,0.596376,0.0,0.120884,1.0,0.189773,0.794716,1,0,1,0,0
0.05,7.5,0.7,0.6,0.3,0.104678,0.014691,0.033055,0.448434,37.611737,0.794664,2.424156,5.916089,0.596376,0.0,0.120884,1.0,0.189773,0.794664,1,0,1,0,0
0.05,7.5,0.8,0.7,0.0,0.104678,0.014691,0.033055,0.448434,37.611737,0.794723,2.424156,5.916089,0.696376,0.0,0.120884,1.0,0.189773,0.794723,1,0,1,0,0
0.05,7.5,0.8,0.7,0.1,0.104678,0.014691,0.033055,0.448434,37.611737,0.794717,2.424156,5.916089,0.696376,0.0,0.120884,1.0,0.189773,0.794717,1,0,1,0,0
0.05,7.5,0.8,0.7,0.3,0.104678,0.014691,0.033055,0.448434,37.611737,0.794673,2.424156,5.916089,0.696376,0.0,0.120884,1.0,0.189773,0.794673,1,0,1,0,0
0.05,7.5,0.9,0.8,0.0,0.104678,0.014691,0.033055,0.448434,37.611737,0.794723,2.424156,5.916089,0.796376,0.0,0.120884,1.0,0.189773,0.794723,1,0,1,0,0
0.05,7.5,0.9,0.8,0.1,0.104678,0.014691,0.033055,0.448434,37.611737,0.794718,2.424156,5.916089,0.796376,0.0,0.120884,1.0,0.189773,0.794718,1,0,1,0,0
0.05,7.5,0.9,0.8,0.3,0.104678,0.014691,0.033055,0.448434,37.611737,0.794679,2.424156,5.916089,0.796376,0.0,0.120884,1.0,0.189773,0.794679,1,0,1,0,0
0.05,7.5,1.0,0.9,0.0,0.104678,0.014691,0.033055,0.448434,37.611737,0.794723,2.424156,5.916089,0.896376,0.0,0.120884,1.0,0.189773,0.794723,1,0,1,0,0
0.05,7.5,1.0,0.9,0.1,0.104678,0.014691,0.033055,0.448434,37.611737,0.794718,2.424156,5.916089,0.896376,0.0,0.120884,1.0,0.189773,0.794718,1,0,1,0,0
0.05,7.5,1.0,0.9,0.3,0.104678,0.014691,0.033055,0.448434,37.611737,0.794684,2.424156,5.916089,0.896376,0.0,0.120884,1.0,0.189773,0.794684,1,0,1,0,0
0.05,10.0,0.3,0.2,0.0,0.140199,0.014691,0.033055,0.448434,37.611737,0.794723,3.238603,7.90144,0.161213,0.0,0.161498,1.0,0.203311,0.794723,1,0,1,0,0
0.05,10.0,0.3,0.2,0.1,0.140199,0.014691,0.033055,0.448434,37.611737,0.794703,3.238603,7.90144,0.161213,0.0,0.161498,1.0,0.203311,0.794703,1,0,1,0,0
0.05,10.0,0.3,0.2,0.3,0.140199,0.014691,0.033055,0.448434,37.611737,0.794548,3.238603,7.90144,0.161213,0.0,0.161498,1.0,0.203311,0.794548,1,0,1,0,0
0.05,10.0,0.4,0.3,0.0,0.140199,0.014691,0.033055,0.448434,37.611737,0.794723,3.238603,7.90144,0.261213,0.0,0.161498,1.0,0.203311,0.794723,1,0,1,0,0
0.05,10.0,0.4,0.3,0.1,0.140199,0.014691,0.033055,0.448434,37.611737,0.79471,3.238603,7.90144,0.261213,0.0,0.161498,1.0,0.203311,0.79471,1,0,1,0,0
0.05,10.0,0.4,0.3,0.3,0.140199,0.014691,0.033055,0.448434,37.611737,0.794606,3.238603,7.90144,0.261213,0.0,0.161498,1.0,0.203311,0.794606,1,0,1,0,0
0.05,10.0,0.5,0.4,0.0,0.140199,0.014691,0.033055,0.448434,37.611737,0.794723,3.238603,7.90144,0.361213,0.0,0.161498,1.0,0.203311,0.794723,1,0,1,0,0
0.05,10.0,0.5,0.4,0.1,0.140199,0.014691,0.033055,0.448434,37.611737,0.794713,3.238603,7.90144,0.361213,0.0,0.161498,1.0,0.203311,0.794713,1,0,1,0,0
0.05,10.0,0.5,0.4,0.3,0.140199,0.014691,0.033055,0.448434,37.611737,0.794635,3.238603,7.90144,0.361213,0.0,0.161498,1.0,0.203311,0.794635,1,0,1,0,0
0.05,10.0,0.6,0.5,0.0,0.140199,0.014691,0.033055,0.448434,37.611737,0.794723,3.238603,7.90144,0.461213,0.0,0.161498,1.0,0.203311,0.794723,1,0,1,0,0
0.05,10.0,0.6,0.5,0.1,0.140199,0.014691,0.033055,0.448434,37.611737,0.794715,3.238603,7.90144,0.461213,0.0,0.161498,1.0,0.203311,0.794715,1,0,1,0,0
0.05,10.0,0.6,0.5,0.3,0.140199,0.014691,0.033055,0.448434,37.611737,0.794653,3.238603,7.90144,0.461213,0.0,0.161498,1.0,0.203311,0.794653,1,0,1,0,0
0.05,10.0,0.7,0.6,0.0,0.140199,0.014691,0.033055,0.448434,37.611737,0.794723,3.238603,7.90144,0.561213,0.0,0.161498,1.0,0.203311,0.794723,1,0,1,0,0
0.05,10.0,0.7,0.6,0.1,0.140199,0.014691,0.033055,0.448434,37.611737,0.794716,3.238603,7.90144,0.561213,0.0,0.161498,1.0,0.203311,0.794716,1,0,1,0,0
0.05,10.0,0.7,0.6,0.3,0.140199,0.014691,0.033055,0.448434,37.611737,0.794664,3.238603,7.90144,0.561213,0.0,0.161498,1.0,0.203311,0.794664,1,0,1,0,0
0.05,10.0,0.8,0.7,0.0,0.140199,0.014691,0.033055,0.448434,37.611737,0.794723,3.238603,7.90144,0.661213,0.0,0.161498,1.0,0.203311,0.794723,1,0,1,0,0
0.05,10.0,0.8,0.7,0.1,0.140199,0.014691,0.033055,0.448434,37.611737,0.794717,3.238603,7.90144,0.661213,0.0,0.161498,1.0,0.203311,0.794717,1,0,1,0,0
0.05,10.0,0.8,0.7,0.3,0.140199,0.014691,0.033055,0.448434,37.611737,0.794673,3.238603,7.90144,0.661213,0.0,0.161498,1.0,0.203311,0.794673,1,0,1,0,0
0.05,10.0,0.9,0.8,0.0,0.140199,0.014691,0.033055,0.448434,37.611737,0.794723,3.238603,7.90144,0.761213,0.0,0.161498,1.0,0.203311,0.794723,1,0,1,0,0
0.05,10.0,0.9,0.8,0.1,0.140199,0.014691,0.033055,0.448434,37.611737,0.794718,3.238603,7.90144,0.761213,0.0,0.161498,1.0,0.203311,0.794718,1,0,1,0,0
0.05,10.0,0.9,0.8,0.3,0.140199,0.014691,0.033055,0.448434,37.611737,0.794679,3.238603,7.90144,0.761213,0.0,0.161498,1.0,0.203311,0.794679,1,0,1,0,0
0.05,10.0,1.0,0.9,0.0,0.140199,0.014691,0.033055,0.448434,37.611737,0.794723,3.238603,7.90144,0.861213,0.0,0.161498,1.0,0.203311,0.794723,1,0,1,0,0
0.05,10.0,1.0,0.9,0.1,0.140199,0.014691,0.033055,0.448434,37.611737,0.794718,3.238603,7.90144,0.861213,0.0,0.161498,1.0,0.203311,0.794718,1,0,1,0,0
0.05,10.0,1.0,0.9,0.3,0.140199,0.014691,0.033055,0.448434,37.611737,0.794684,3.238603,7.90144,0.861213,0.0,0.161498,1.0,0.203311,0.794684,1,0,1,0,0
0.05,12.5,0.3,0.2,0.0,0.176271,0.014691,0.033055,0.448434,37.611737,0.794723,4.058731,9.898225,0.125504,0.007655,0.202395,1.0,0.219495,0.788639,1,0,1,0,0
0.05,12.5,0.3,0.2,0.1,0.176271,0.014691,0.033055,0.448434,37.611737,0.794703,4.058731,9.898225,0.125504,0.007655,0.202395,1.0,0.219495,0.788619,1,0,1,0,0
0.05,12.5,0.3,0.2,0.3,0.176271,0.014691,0.033055,0.448434,37.611737,0.794548,4.058731,9.898225,0.125504,0.007655,0.202395,1.0,0.219495,0.788466,1,0,1,0,0
0.05,12.5,0.4,0.3,0.0,0.176271,0.014691,0.033055,0.448434,37.611737,0.794723,4.058731,9.898225,0.225504,0.0,0.202395,1.0,0.216943,0.794723,1,0,1,0,0
0.05,12.5,0.4,0.3,0.1,0.176271,0.014691,0.033055,0.448434,37.611737,0.79471,4.058731,9.898225,0.225504,0.0,0.202395,1.0,0.216943,0.79471,1,0,1,0,0
0.05,12.5,0.4,0.3,0.3,0.176271,0.014691,0.033055,0.448434,37.611737,0.794606,4.058731,9.898225,0.225504,0.0,0.202395,1.0,0.216943,0.794606,1,0,1,0,0
0.05,12.5,0.5,0.4,0.0,0.176271,0.014691,0.033055,0.448434,37.611737,0.794723,4.058731,9.898225,0.325504,0.0,0.202395,1.0,0.216943,0.794723,1,0,1,0,0
0.05,12.5,0.5,0.4,0.1,0.176271,0.014691,0.033055,0.448434,37.611737,0.794713,4.058731,9.898225,0.325504,0.0,0.202395,1.0,0.216943,0.794713,1,0,1,0,0
0.05,12.5,0.5,0.4,0.3,0.176271,0.014691,0.033055,0.448434,37.611737,0.794635,4.058731,9.898225,0.325504,0.0,0.202395,1.0,0.216943,0.794635,1,0,1,0,0
0.05,12.5,0.6,0.5,0.0,0.176271,0.014691,0.033055,0.448434,37.611737,0.794723,4.058731,9.898225,0.425504,0.0,0.202395,1.0,0.216943,0.794723,1,0,1,0,0
0.05,12.5,0.6,0.5,0.1,0.176271,0.014691,0.033055,0.448434,37.611737,0.794715,4.058731,9.898225,0.425504,0.0,0.202395,1.0,0.216943,0.794715,1,0,1,0,0
0.05,12.5,0.6,0.5,0.3,0.176271,0.014691,0.033055,0.448434,37.611737,0.794653,4.058731,9.898225,0.425504,0.0,0.202395,1.0,0.216943,0.794653,1,0,1,0,0
0.05,12.5,0.7,0.6,0.0,0.176271,0.014691,0.033055,0.448434,37.611737,0.794723,4.058731,9.898225,0.525504,0.0,0.202395,1.0,0.216943,0.794723,1,0,1,0,0
0.05,12.5,0.7,0.6,0.1,0.176271,0.014691,0.033055,0.448434,37.611737,0.794716,4.058731,9.898225,0.525504,0.0,0.202395,1.0,0.216943,0.794716,1,0,1,0,0
0.05,12.5,0.7,0.6,0.3,0.176271,0.014691,0.033055,0.448434,37.611737,0.794664,4.058731,9.898225,0.525504,0.0,0.202395,1.0,0.216943,0.794664,1,0,1,0,0
0.05,12.5,0.8,0.7,0.0,0.176271,0.014691,0.033055,0.448434,37.611737,0.794723,4.058731,9.898225,0.625504,0.0,0.202395,1.0,0.216943,0.794723,1,0,1,0,0
0.05,12.5,0.8,0.7,0.1,0.176271,0.014691,0.033055,0.448434,37.611737,0.794717,4.058731,9.898225,0.625504,0.0,0.202395,1.0,0.216943,0.794717,1,0,1,0,0
0.05,12.5,0.8,0.7,0.3,0.176271,0.014691,0.033055,0.448434,37.611737,0.794673,4.058731,9.898225,0.625504,0.0,0.202395,1.0,0.216943,0.794673,1,0,1,0,0
0.05,12.5,0.9,0.8,0.0,0.176271,0.014691,0.033055,0.448434,37.611737,0.794723,4.058731,9.898225,0.725504,0.0,0.202395,1.0,0.216943,0.794723,1,0,1,0,0
0.05,12.5,0.9,0.8,0.1,0.176271,0.014691,0.033055,0.448434,37.611737,0.794718,4.058731,9.898225,0.725504,0.0,0.202395,1.0,0.216943,0.794718,1,0,1,0,0
0.05,12.5,0.9,0.8,0.3,0.176271,0.014691,0.033055,0.448434,37.611737,0.794679,4.058731,9.898225,0.725504,0.0,0.202395,1.0,0.216943,0.794679,1,0,1,0,0
0.05,12.5,1.0,0.9,0.0,0.176271,0.014691,0.033055,0.448434,37.611737,0.794723,4.058731,9.898225,0.825504,0.0,0.202395,1.0,0.216943,0.794723,1,0,1,0,0
0.05,12.5,1.0,0.9,0.1,0.176271,0.014691,0.033055,0.448434,37.611737,0.794718,4.058731,9.898225,0.825504,0.0,0.202395,1.0,0.216943,0.794718,1,0,1,0,0
0.05,12.5,1.0,0.9,0.3,0.176271,0.014691,0.033055,0.448434,37.611737,0.794684,4.058731,9.898225,0.825504,0.0,0.202395,1.0,0.216943,0.794684,1,0,1,0,0
0.05,15.0,0.3,0.2,0.0,0.213048,0.014691,0.033055,0.448434,37.611737,0.794723,4.886207,11.909322,0.089097,0.027111,0.242113,0.998454,0.23922,0.771982,1,0,1,0,0
0.05,15.0,0.3,0.2,0.1,0.213048,0.014691,0.033055,0.448434,37.611737,0.794703,4.886207,11.909322,0.089097,0.027111,0.242113,0.998454,0.23922,0.771963,1,0,1,0,0
0.05,15.0,0.3,0.2,0.3,0.213048,0.014691,0.033055,0.448434,37.611737,0.794548,4.886207,11.909322,0.089097,0.027111,0.242113,0.998454,0.23922,0.771812,1,0,1,0,0
0.05,15.0,0.4,0.3,0.0,0.213048,0.014691,0.033055,0.448434,37.611737,0.794723,4.886207,11.909322,0.189097,0.001881,0.242113,0.998454,0.230809,0.792002,1,0,1,0,0
0.05,15.0,0.4,0.3,0.1,0.213048,0.014691,0.033055,0.448434,37.611737,0.79471,4.886207,11.909322,0.189097,0.001881,0.242113,0.998454,0.230809,0.791989,1,0,1,0,0
0.05,15.0,0.4,0.3,0.3,0.213048,0.014691,0.033055,0.448434,37.611737,0.794606,4.886207,11.909322,0.189097,0.001881,0.242113,0.998454,0.230809,0.791886,1,0,1,0,0
0.05,15.0,0.5,0.4,0.0,0.213048,0.014691,0.033055,0.448434,37.611737,0.794723,4.886207,11.909322,0.289097,0.0,0.242113,0.998454,0.230182,0.793494,1,0,1,0,0
0.05,15.0,0.5,0.4,0.1,0.213048,0.014691,0.033055,0.448434,37.611737,0.794713,4.886207,11.909322,0.289097,0.0,0.242113,0.998454,0.230182,0.793485,1,0,1,0,0
0.05,15.0,0.5,0.4,0.3,0.213048,0.014691,0.033055,0.448434,37.611737,0.794635,4.886207,11.909322,0.289097,0.0,0.242113,0.998454,0.230182,0.793407,1,0,1,0,0
0.05,15.0,0.6,0.5,0.0,0.213048,0.014691,0.033055,0.448434,37.611737,0.794723,4.886207,11.909322,0.389097,0.0,0.242113,0.998454,0.230182,0.793494,1,0,1,0,0
0.05,15.0,0.6,0.5,0.1,0.213048,0.014691,0.033055,0.448434,37.611737,0.794715,4.886207,11.909322,0.389097,0.0,0.242113,0.998454,0.230182,0.793487,1,0,1,0,0
0.05,15.0,0.6,0.5,0.3,0.213048,0.014691,0.033055,0.448434,37.611737,0.794653,4.886207,11.909322,0.389097,0.0,0.242113,0.998454,0.230182,0.793425,1,0,1,0,0
0.05,15.0,0.7,0.6,0.0,0.213048,0.014691,0.033055,0.448434,37.611737,0.794723,4.886207,11.909322,0.489097,0.0,0.242113,0.998454,0.230182,0.793494,1,0,1,0,0
0.05,15.0,0.7,0.6,0.1,0.213048,0.014691,0.033055,0.448434,37.611737,0.794716,4.886207,11.909322,0.489097,0.0,0.242113,0.998454,0.230182,0.793488,1,0,1,0,0
0.05,15.0,0.7,0.6,0.3,0.213048,0.014691,0.033055,0.448434,37.611737,0.794664,4.886207,11.909322,0.489097,0.0,0.242113,0.998454,0.230182,0.793436,1,0,1,0,0
0.05,15.0,0.8,0.7,0.0,0.213048,0.014691,0.033055,0.448434,37.611737,0.794723,4.886207,11.909322,0.589097,0.0,0.242113,0.998454,0.230182,0.793494,1,0,1,0,0
0.05,15.0,0.8,0.7,0.1,0.213048,0.014691,0.033055,0.448434,37.611737,0.794717,4.886207,11.909322,0.589097,0.0,0.242113,0.998454,0.230182,0.793489,1,0,1,0,0
0.05,15.0,0.8,0.7,0.3,0.213048,0.014691,0.033055,0.448434,37.611737,0.794673,4.886207,11.909322,0.589097,0.0,0.242113,0.998454,0.230182,0.793445,1,0,1,0,0
0.05,15.0,0.9,0.8,0.0,0.213048,0.014691,0.033055,0.448434,37.611737,0.794723,4.886207,11.909322,0.689097,0.0,0.242113,0.998454,0.230182,0.793494,1,0,1,0,0
0.05,15.0,0.9,0.8,0.1,0.213048,0.014691,0.033055,0.448434,37.611737,0.794718,4.886207,11.909322,0.689097,0.0,0.242113,0.998454,0.230182,0.79349,1,0,1,0,0
0.05,15.0,0.9,0.8,0.3,0.213048,0.014691,0.033055,0.448434,37.611737,0.794679,4.886207,11.909322,0.689097,0.0,0.242113,0.998454,0.230182,0.793451,1,0,1,0,0
0.05,15.0,1.0,0.9,0.0,0.213048,0.014691,0.033055,0.448434,37.611737,0.794723,4.886207,11.909322,0.789097,0.0,0.242113,0.998454,0.230182,0.793494,1,0,1,0,0
0.05,15.0,1.0,0.9,0.1,0.213048,0.014691,0.033055,0.448434,37.611737,0.794718,4.886207,11.909322,0.789097,0.0,0.242113,0.998454,0.230182,0.79349,1,0,1,0,0
0.05,15.0,1.0,0.9,0.3,0.213048,0.014691,0.033055,0.448434,37.611737,0.794684,4.886207,11.909322,0.789097,0.0,0.242113,0.998454,0.230182,0.793456,1,0,1,0,0
0.05,17.5,0.3,0.2,0.0,0.250696,0.014691,0.033055,0.448434,37.611737,0.794723,5.722859,13.937619,0.051828,0.0513,0.279733,0.994354,0.259823,0.749696,1,0,1,0,0
0.05,17.5,0.3,0.2,0.1,0.250696,0.014691,0.033055,0.448434,37.611737,0.794703,5.722859,13.937619,0.051828,0.0513,0.279733,0.994354,0.259823,0.749678,1,0,1,0,0
0.05,17.5,0.3,0.2,0.3,0.250696,0.014691,0.033055,0.448434,37.611737,0.794548,5.722859,13.937619,0.051828,0.0513,0.279733,0.994354,0.259823,0.749531,1,0,1,0,0
0.05,17.5,0.4,0.3,0.0,0.250696,0.014691,0.033055,0.448434,37.611737,0.794723,5.722859,13.937619,0.151828,0.01211,0.279733,0.994354,0.246759,0.780666,1,0,1,0,0
0.05,17.5,0.4,0.3,0.1,0.250696,0.014691,0.033055,0.448434,37.611737,0.79471,5.722859,13.937619,0.151828,0.01211,0.279733,0.994354,0.246759,0.780653,1,0,1,0,0
0.05,17.5,0.4,0.3,0.3,0.250696,0.014691,0.033055,0.448434,37.611737,0.794606,5.722859,13.937619,0.151828,0.01211,0.279733,0.994354,0.246759,0.780552,1,0,1,0,0
0.05,17.5,0.5,0.4,0.0,0.250696,0.014691,0.033055,0.448434,37.611737,0.794723,5.722859,13.937619,0.251828,0.000371,0.279733,0.994354,0.242846,0.789942,1,0,1,0,0
0.05,17.5,0.5,0.4,0.1,0.250696,0.014691,0.033055,0.448434,37.611737,0.794713,5.722859,13.937619,0.251828,0.000371,0.279733,0.994354,0.242846,0.789933,1,0,1,0,0
0.05,17.5,0.5,0.4,0.3,0.250696,0.014691,0.033055,0.448434,37.611737,0.794635,5.722859,13.937619,0.251828,0.000371,0.279733,0.994354,0.242846,0.789856,1,0,1,0,0
0.05,17.5,0.6,0.5,0.0,0.250696,0.014691,0.033055,0.448434,37.611737,0.794723,5.722859,13.937619,0.351828,0.0,0.279733,0.994354,0.242722,0.790235,1,0,1,0,0
0.05,17.5,0.6,0.5,0.1,0.250696,0.014691,0.033055,0.448434,37.611737,0.794715,5.722859,13.937619,0.351828,0.0,0.279733,0.994354,0.242722,0.790228,1,0,1,0,0
0.05,17.5,0.6,0.5,0.3,0.250696,0.014691,0.033055,0.448434,37.611737,0.794653,5.722859,13.937619,0.351828,0.0,0.279733,0.994354,0.242722,0.790166,1,0,1,0,0
0.05,17.5,0.7,0.6,0.0,0.250696,0.014691,0.033055,0.448434,37.611737,0.794723,5.722859,13.937619,0.451828,0.0,0.279733,0.994354,0.242722,0.790235,1,0,1,0,0
0.05,17.5,0.7,0.6,0.1,0.250696,0.014691,0.033055,0.448434,37.611737,0.794716,5.722859,13.937619,0.451828,0.0,0.279733,0.994354,0.242722,0.790229,1,0,1,0,0
0.05,17.5,0.7,0.6,0.3,0.250696,0.014691,0.033055,0.448434,37.611737,0.794664,5.722859,13.937619,0.451828,0.0,0.279733,0.994354,0.242722,0.790178,1,0,1,0,0
0.05,17.5,0.8,0.7,0.0,0.250696,0.014691,0.033055,0.448434,37.611737,0.794723,5.722859,13.937619,0.551828,0.0,0.279733,0.994354,0.242722,0.790235,1,0,1,0,0
0.05,17.5,0.8,0.7,0.1,0.250696,0.014691,0.033055,0.448434,37.611737,0.794717,5.722859,13.937619,0.551828,0.0,0.279733,0.994354,0.242722,0.79023,1,0,1,0,0
0.05,17.5,0.8,0.7,0.3,0.250696,0.014691,0.033055,0.448434,37.611737,0.794673,5.722859,13.937619,0.551828,0.0,0.279733,0.994354,0.242722,0.790186,1,0,1,0,0
0.05,17.5,0.9,0.8,0.0,0.250696,0.014691,0.033055,0.448434,37.611737,0.794723,5.722859,13.937619,0.651828,0.0,0.279733,0.994354,0.242722,0.790235,1,0,1,0,0
0.05,17.5,0.9,0.8,0.1,0.250696,0.014691,0.033055,0.448434,37.611737,0.794718,5.722859,13.937619,0.651828,0.0,0.279733,0.994354,0.242722,0.790231,1,0,1,0,0
0.05,17.5,0.9,0.8,0.3,0.250696,0.014691,0.033055,0.448434,37.611737,0.794679,5.722859,13.937619,0.651828,0.0,0.279733,0.994354,0.242722,0.790192,1,0,1,0,0
0.05,17.5,1.0,0.9,0.0,0.250696,0.014691,0.033055,0.448434,37.611737,0.794723,5.722859,13.937619,0.751828,0.0,0.279733,0.994354,0.242722,0.790235,1,0,1,0,0
0.05,17.5,1.0,0.9,0.1,0.250696,0.014691,0.033055,0.448434,37.611737,0.794718,5.722859,13.937619,0.751828,0.0,0.279733,0.994354,0.242722,0.790231,1,0,1,0,0
0.05,17.5,1.0,0.9,0.3,0.250696,0.014691,0.033055,0.448434,37.611737,0.794684,5.722859,13.937619,0.751828,0.0,0.279733,0.994354,0.242722,0.790197,1,0,1,0,0
0.05,20.0,0.3,0.2,0.0,0.289395,0.014691,0.033055,0.448434,37.611737,0.794723,6.570705,15.986012,0.013519,0.077579,0.315355,0.987697,0.280456,0.72405,1,0,1,0,0
0.05,20.0,0.3,0.2,0.1,0.289395,0.014691,0.033055,0.448434,37.611737,0.794703,6.570705,15.986012,0.013519,0.077579,0.315355,0.987697,0.280456,0.724032,1,0,1,0,0
0.05,20.0,0.3,0.2,0.3,0.289395,0.014691,0.033055,0.448434,37.611737,0.794548,6.570705,15.986012,0.013519,0.077579,0.315355,0.987697,0.280456,0.723891,1,0,1,0,0
0.05,20.0,0.4,0.3,0.0,0.289395,0.014691,0.033055,0.448434,37.611737,0.794723,6.570705,15.986012,0.113519,0.029791,0.315355,0.987697,0.264527,0.761561,1,0,1,0,0
0.05,20.0,0.4,0.3,0.1,0.289395,0.014691,0.033055,0.448434,37.611737,0.79471,6.570705,15.986012,0.113519,0.029791,0.315355,0.987697,0.264527,0.761549,1,0,1,0,0
0.05,20.0,0.4,0.3,0.3,0.289395,0.014691,0.033055,0.448434,37.611737,0.794606,6.570705,15.986012,0.113519,0.029791,0.315355,0.987697,0.264527,0.76145,1,0,1,0,0
0.05,20.0,0.5,0.4,0.0,0.289395,0.014691,0.033055,0.448434,37.611737,0.794723,6.570705,15.986012,0.213519,0.006655,0.315355,0.987697,0.256815,0.779721,1,0,1,0,0
0.05,20.0,0.5,0.4,0.1,0.289395,0.014691,0.033055,0.448434,37.611737,0.794713,6.570705,15.986012,0.213519,0.006655,0.315355,0.987697,0.256815,0.779711,1,0,1,0,0
0.05,20.0,0.5,0.4,0.3,0.289395,0.014691,0.033055,0.448434,37.611737,0.794635,6.570705,15.986012,0.213519,0.006655,0.315355,0.987697,0.256815,0.779635,1,0,1,0,0
0.05,20.0,0.6,0.5,0.0,0.289395,0.014691,0.033055,0.448434,37.611737,0.794723,6.570705,15.986012,0.313519,0.0,0.315355,0.987697,0.254597,0.784945,1,0,1,0,0
0.05,20.0,0.6,0.5,0.1,0.289395,0.014691,0.033055,0.448434,37.611737,0.794715,6.570705,15.986012,0.313519,0.0,0.315355,0.987697,0.254597,0.784937,1,0,1,0,0
0.05,20.0,0.6,0.5,0.3,0.289395,0.014691,0.033055,0.448434,37.611737,0.794653,6.570705,15.986012,0.313519,0.0,0.315355,0.987697,0.254597,0.784876,1,0,1,0,0
0.05,20.0,0.7,0.6,0.0,0.289395,0.014691,0.033055,0.448434,37.611737,0.794723,6.570705,15.986012,0.413519,0.0,0.315355,0.987697,0.254597,0.784945,1,0,1,0,0
0.05,20.0,0.7,0.6,0.1,0.289395,0.014691,0.033055,0.448434,37.611737,0.794716,6.570705,15.986012,0.413519,0.0,0.315355,0.987697,0.254597,0.784939,1,0,1,0,0
0.05,20.0,0.7,0.6,0.3,0.289395,0.014691,0.033055,0.448434,37.611737,0.794664,6.570705,15.986012,0.413519,0.0,0.315355,0.987697,0.254597,0.784888,1,0,1,0,0
0.05,20.0,0.8,0.7,0.0,0.289395,0.014691,0.033055,0.448434,37.611737,0.794723,6.570705,15.986012,0.513519,0.0,0.315355,0.987697,0.254597,0.784945,1,0,1,0,0
0.05,20.0,0.8,0.7,0.1,0.289395,0.014691,0.033055,0.448434,37.611737,0.794717,6.570705,15.986012,0.513519,0.0,0.315355,0.987697,0.254597,0.78494,1,0,1,0,0
0.05,20.0,0.8,0.7,0.3,0.289395,0.014691,0.033055,0.448434,37.611737,0.794673,6.570705,15.986012,0.513519,0.0,0.315355,0.987697,0.254597,0.784896,1,0,1,0,0
0.05,20.0,0.9,0.8,0.0,0.289395,0.014691,0.033055,0.448434,37.611737,0.794723,6.570705,15.986012,0.613519,0.0,0.315355,0.987697,0.254597,0.784945,1,0,1,0,0
0.05,20.0,0.9,0.8,0.1,0.289395,0.014691,0.033055,0.448434,37.611737,0.794718,6.570705,15.986012,0.613519,0.0,0.315355,0.987697,0.254597,0.78494,1,0,1,0,0
0.05,20.0,0.9,0.8,0.3,0.289395,0.014691,0.033055,0.448434,37.611737,0.794679,6.570705,15.986012,0.613519,0.0,0.315355,0.987697,0.254597,0.784902,1,0,1,0,0
0.05,20.0,1.0,0.9,0.0,0.289395,0.014691,0.033055,0.448434,37.611737,0.794723,6.570705,15.986012,0.713519,0.0,0.315355,0.987697,0.254597,0.784945,1,0,1,0,0
0.05,20.0,1.0,0.9,0.1,0.289395,0.014691,0.033055,0.448434,37.611737,0.794718,6.570705,15.986012,0.713519,0.0,0.315355,0.987697,0.254597,0.784941,1,0,1,0,0
0.05,20.0,1.0,0.9,0.3,0.289395,0.014691,0.033055,0.448434,37.611737,0.794684,6.570705,15.986012,0.713519,0.0,0.315355,0.987697,0.254597,0.784907,1,0,1,0,0
0.05,22.5,0.3,0.2,0.0,0.329344,0.014691,0.033055,0.448434,37.611737,0.794723,7.431985,18.057406,-0.026028,0.110111,0.350799,0.980191,0.303115,0.693206,1,0,0,0,0
0.05,22.5,0.3,0.2,0.1,0.329344,0.014691,0.033055,0.448434,37.611737,0.794703,7.431985,18.057406,-0.026028,0.110111,0.350799,0.980191,0.303115,0.693189,1,0,0,0,0
0.05,22.5,0.3,0.2,0.3,0.329344,0.014691,0.033055,0.448434,37.611737,0.794548,7.431985,18.057406,-0.026028,0.110111,0.350799,0.980191,0.303115,0.693054,1,0,0,0,0
0.05,22.5,0.4,0.3,0.0,0.329344,0.014691,0.033055,0.448434,37.611737,0.794723,7.431985,18.057406,0.073972,0.049147,0.350799,0.980191,0.282794,0.740695,1,0,1,0,0
0.05,22.5,0.4,0.3,0.1,0.329344,0.014691,0.033055,0.448434,37.611737,0.79471,7.431985,18.057406,0.073972,0.049147,0.350799,0.980191,0.282794,0.740683,1,0,1,0,0
0.05,22.5,0.4,0.3,0.3,0.329344,0.014691,0.033055,0.448434,37.611737,0.794606,7.431985,18.057406,0.073972,0.049147,0.350799,0.980191,0.282794,0.740587,1,0,1,0,0
0.05,22.5,0.5,0.4,0.0,0.329344,0.014691,0.033055,0.448434,37.611737,0.794723,7.431985,18.057406,0.173972,0.017957,0.350799,0.980191,0.272397,0.764992,1,0,1,0,0
0.05,22.5,0.5,0.4,0.1,0.329344,0.014691,0.033055,0.448434,37.611737,0.794713,7.431985,18.057406,0.173972,0.017957,0.350799,0.980191,0.272397,0.764982,1,0,1,0,0
0.05,22.5,0.5,0.4,0.3,0.329344,0.014691,0.033055,0.448434,37.611737,0.794635,7.431985,18.057406,0.173972,0.017957,0.350799,0.980191,0.272397,0.764908,1,0,1,0,0
0.05,22.5,0.6,0.5,0.0,0.329344,0.014691,0.033055,0.448434,37.611737,0.794723,7.431985,18.057406,0.273972,0.00318,0.350799,0.980191,0.267471,0.776503,1,0,1,0,0
0.05,22.5,0.6,0.5,0.1,0.329344,0.014691,0.033055,0.448434,37.611737,0.794715,7.431985,18.057406,0.273972,0.00318,0.350799,0.980191,0.267471,0.776496,1,0,1,0,0
0.05,22.5,0.6,0.5,0.3,0.329344,0.014691,0.033055,0.448434,37.611737,0.794653,7.431985,18.057406,0.273972,0.00318,0.350799,0.980191,0.267471,0.776435,1,0,1,0,0
0.05,22.5,0.7,0.6,0.0,0.329344,0.014691,0.033055,0.448434,37.611737,0.794723,7.431985,18.057406,0.373972,0.0,0.350799,0.980191,0.266411,0.77898,1,0,1,0,0
0.05,22.5,0.7,0.6,0.1,0.329344,0.014691,0.033055,0.448434,37.611737,0.794716,7.431985,18.057406,0.373972,0.0,0.350799,0.980191,0.266411,0.778974,1,0,1,0,0
0.05,22.5,0.7,0.6,0.3,0.329344,0.014691,0.033055,0.448434,37.611737,0.794664,7.431985,18.057406,0.373972,0.0,0.350799,0.980191,0.266411,0.778923,1,0,1,0,0
0.05,22.5,0.8,0.7,0.0,0.329344,0.014691,0.033055,0.448434,37.611737,0.794723,7.431985,18.057406,0.473972,0.0,0.350799,0.980191,0.266411,0.77898,1,0,1,0,0
0.05,22.5,0.8,0.7,0.1,0.329344,0.014691,0.033055,0.448434,37.611737,0.794717,7.431985,18.057406,0.473972,0.0,0.350799,0.980191,0.266411,0.778975,1,0,1,0,0
0.05,22.5,0.8,0.7,0.3,0.329344,0.014691,0.033055,0.448434,37.611737,0.794673,7.431985,18.057406,0.473972,0.0,0.350799,0.980191,0.266411,0.778931,1,0,1,0,0
0.05,22.5,0.9,0.8,0.0,0.329344,0.014691,0.033055,0.448434,37.611737,0.794723,7.431985,18.057406,0.573972,0.0,0.350799,0.980191,0.266411,0.77898,1,0,1,0,0
0.05,22.5,0.9,0.8,0.1,0.329344,0.014691,0.033055,0.448434,37.611737,0.794718,7.431985,18.057406,0.573972,0.0,0.350799,0.980191,0.266411,0.778976,1,0,1,0,0
0.05,22.5,0.9,0.8,0.3,0.329344,0.014691,0.033055,0.448434,37.611737,0.794679,7.431985,18.057406,0.573972,0.0,0.350799,0.980191,0.266411,0.778938,1,0,1,0,0
0.05,22.5,1.0,0.9,0.0,0.329344,0.014691,0.033055,0.448434,37.611737,0.794723,7.431985,18.057406,0.673972,0.0,0.350799,0.980191,0.266411,0.77898,1,0,1,0,0
0.05,22.5,1.0,0.9,0.1,0.329344,0.014691,0.033055,0.448434,37.611737,0.794718,7.431985,18.057406,0.673972,0.0,0.350799,0.980191,0.266411,0.778976,1,0,1,0,0
0.05,22.5,1.0,0.9,0.3,0.329344,0.014691,0.033055,0.448434,37.611737,0.794684,7.431985,18.057406,0.673972,0.0,0.350799,0.980191,0.266411,0.778942,1,0,1,0,0
0.05,25.0,0.3,0.2,0.0,0.370764,0.014691,0.033055,0.448434,37.611737,0.794723,8.309196,20.154705,-0.067031,0.141955,0.383126,0.968775,0.324505,0.660615,0,0,0,0,0
0.05,25.0,0.3,0.2,0.1,0.370764,0.014691,0.033055,0.448434,37.611737,0.794703,8.309196,20.154705,-0.067031,0.141955,0.383126,0.968775,0.324505,0.660599,0,0,0,0,0
0.05,25.0,0.3,0.2,0.3,0.370764,0.014691,0.033055,0.448434,37.611737,0.794548,8.309196,20.154705,-0.067031,0.141955,0.383126,0.968775,0.324505,0.66047,0,0,0,0,0
0.05,25.0,0.4,0.3,0.0,0.370764,0.014691,0.033055,0.448434,37.611737,0.794723,8.309196,20.154705,0.032969,0.068576,0.383126,0.968775,0.300045,0.71711,0,0,1,0,0
0.05,25.0,0.4,0.3,0.1,0.370764,0.014691,0.033055,0.448434,37.611737,0.79471,8.309196,20.154705,0.032969,0.068576,0.383126,0.968775,0.300045,0.717099,0,0,1,0,0
0.05,25.0,0.4,0.3,0.3,0.370764,0.014691,0.033055,0.448434,37.611737,0.794606,8.309196,20.154705,0.032969,0.068576,0.383126,0.968775,0.300045,0.717005,0,0,1,0,0
0.05,25.0,0.5,0.4,0.0,0.370764,0.014691,0.033055,0.448434,37.611737,0.794723,8.309196,20.154705,0.132969,0.033573,0.383126,0.968775,0.288378,0.74406,0,0,1,0,0
0.05,25.0,0.5,0.4,0.1,0.370764,0.014691,0.033055,0.448434,37.611737,0.794713,8.309196,20.154705,0.132969,0.033573,0.383126,0.968775,0.288378,0.744051,0,0,1,0,0
0.05,25.0,0.5,0.4,0.3,0.370764,0.014691,0.033055,0.448434,37.611737,0.794635,8.309196,20.154705,0.132969,0.033573,0.383126,0.968775,0.288378,0.743978,0,0,1,0,0
0.05,25.0,0.6,0.5,0.0,0.370764,0.014691,0.033055,0.448434,37.611737,0.794723,8.309196,20.154705,0.232969,0.010936,0.383126,0.968775,0.280832,0.761488,0,0,1,0,0
0.05,25.0,0.6,0.5,0.1,0.370764,0.014691,0.033055,0.448434,37.611737,0.794715,8.309196,20.154705,0.232969,0.010936,0.383126,0.968775,0.280832,0.76148,0,0,1,0,0
0.05,25.0,0.6,0.5,0.3,0.370764,0.014691,0.033055,0.448434,37.611737,0.794653,8.309196,20.154705,0.232969,0.010936,0.383126,0.968775,0.280832,0.761421,0,0,1,0,0
0.05,25.0,0.7,0.6,0.0,0.370764,0.014691,0.033055,0.448434,37.611737,0.794723,8.309196,20.154705,0.332969,0.001745,0.383126,0.968775,0.277769,0.768564,0,0,1,0,0
0.05,25.0,0.7,0.6,0.1,0.370764,0.014691,0.033055,0.448434,37.611737,0.794716,8.309196,20.154705,0.332969,0.001745,0.383126,0.968775,0.277769,0.768558,0,0,1,0,0
0.05,25.0,0.7,0.6,0.3,0.370764,0.014691,0.033055,0.448434,37.611737,0.794664,8.309196,20.154705,0.332969,0.001745,0.383126,0.968775,0.277769,0.768508,0,0,1,0,0
0.05,25.0,0.8,0.7,0.0,0.370764,0.014691,0.033055,0.448434,37.611737,0.794723,8.309196,20.154705,0.432969,0.0,0.383126,0.968775,0.277187,0.769907,0,0,1,0,0
0.05,25.0,0.8,0.7,0.1,0.370764,0.014691,0.033055,0.448434,37.611737,0.794717,8.309196,20.154705,0.432969,0.0,0.383126,0.968775,0.277187,0.769902,0,0,1,0,0
0.05,25.0,0.8,0.7,0.3,0.370764,0.014691,0.033055,0.448434,37.611737,0.794673,8.309196,20.154705,0.432969,0.0,0.383126,0.968775,0.277187,0.769859,0,0,1,0,0
0.05,25.0,0.9,0.8,0.0,0.370764,0.014691,0.033055,0.448434,37.611737,0.794723,8.309196,20.154705,0.532969,0.0,0.383126,0.968775,0.277187,0.769907,0,0,1,0,0
0.05,25.0,0.9,0.8,0.1,0.370764,0.014691,0.033055,0.448434,37.611737,0.794718,8.309196,20.154705,0.532969,0.0,0.383126,0.968775,0.277187,0.769903,0,0,1,0,0
0.05,25.0,0.9,0.8,0.3,0.370764,0.014691,0.033055,0.448434,37.611737,0.794679,8.309196,20.154705,0.532969,0.0,0.383126,0.968775,0.277187,0.769865,0,0,1,0,0
0.05,25.0,1.0,0.9,0.0,0.370764,0.014691,0.033055,0.448434,37.611737,0.794723,8.309196,20.154705,0.632969,0.0,0.383126,0.968775,0.277187,0.769907,0,0,1,0,0
0.05,25.0,1.0,0.9,0.1,0.370764,0.014691,0.033055,0.448434,37.611737,0.794718,8.309196,20.154705,0.632969,0.0,0.383126,0.968775,0.277187,0.769903,0,0,1,0,0
0.05,25.0,1.0,0.9,0.3,0.370764,0.014691,0.033055,0.448434,37.611737,0.794684,8.309196,20.154705,0.632969,0.0,0.383126,0.968775,0.277187,0.76987,0,0,1,0,0
0.05,27.5,0.3,0.2,0.0,0.413906,0.014691,0.033055,0.448434,37.611737,0.794723,9.20513,22.280809,-0.109739,0.171901,0.41356,0.954532,0.344632,0.628186,0,0,0,0,0
0.05,27.5,0.3,0.2,0.1,0.413906,0.014691,0.033055,0.448434,37.611737,0.794703,9.20513,22.280809,-0.109739,0.171901,0.41356,0.954532,0.344632,0.628171,0,0,0,0,0
0.05,27.5,0.3,0.2,0.3,0.413906,0.014691,0.033055,0.448434,37.611737,0.794548,9.20513,22.280809,-0.109739,0.171901,0.41356,0.954532,0.344632,0.628048,0,0,0,0,0
0.05,27.5,0.4,0.3,0.0,0.413906,0.014691,0.033055,0.448434,37.611737,0.794723,9.20513,22.280809,-0.009739,0.094355,0.41356,0.954532,0.318783,0.687012,0,0,0,0,0
0.05,27.5,0.4,0.3,0.1,0.413906,0.014691,0.033055,0.448434,37.611737,0.79471,9.20513,22.280809,-0.009739,0.094355,0.41356,0.954532,0.318783,0.687,0,0,0,0,0
0.05,27.5,0.4,0.3,0.3,0.413906,0.014691,0.033055,0.448434,37.611737,0.794606,9.20513,22.280809,-0.009739,0.094355,0.41356,0.954532,0.318783,0.686911,0,0,0,0,0
0.05,27.5,0.5,0.4,0.0,0.413906,0.014691,0.033055,0.448434,37.611737,0.794723,9.20513,22.280809,0.090261,0.049907,0.41356,0.954532,0.303967,0.72073,0,0,1,0,0
0.05,27.5,0.5,0.4,0.1,0.413906,0.014691,0.033055,0.448434,37.611737,0.794713,9.20513,22.280809,0.090261,0.049907,0.41356,0.954532,0.303967,0.720721,0,0,1,0,0
0.05,27.5,0.5,0.4,0.3,0.413906,0.014691,0.033055,0.448434,37.611737,0.794635,9.20513,22.280809,0.090261,0.049907,0.41356,0.954532,0.303967,0.720651,0,0,1,0,0
0.05,27.5,0.6,0.5,0.0,0.413906,0.014691,0.033055,0.448434,37.611737,0.794723,9.20513,22.280809,0.190261,0.023269,0.41356,0.954532,0.295088,0.740937,0,0,1,0,0
0.05,27.5,0.6,0.5,0.1,0.413906,0.014691,0.033055,0.448434,37.611737,0.794715,9.20513,22.280809,0.190261,0.023269,0.41356,0.954532,0.295088,0.740929,0,0,1,0,0
0.05,27.5,0.6,0.5,0.3,0.413906,0.014691,0.033055,0.448434,37.611737,0.794653,9.20513,22.280809,0.190261,0.023269,0.41356,0.954532,0.295088,0.740871,0,0,1,0,0
0.05,27.5,0.7,0.6,0.0,0.413906,0.014691,0.033055,0.448434,37.611737,0.794723,9.20513,22.280809,0.290261,0.008071,0.41356,0.954532,0.290022,0.752466,0,0,1,0,0
0.05,27.5,0.7,0.6,0.1,0.413906,0.014691,0.033055,0.448434,37.611737,0.794716,9.20513,22.280809,0.290261,0.008071,0.41356,0.954532,0.290022,0.75246,0,0,1,0,0
0.05,27.5,0.7,0.6,0.3,0.413906,0.014691,0.033055,0.448434,37.611737,0.794664,9.20513,22.280809,0.290261,0.008071,0.41356,0.954532,0.290022,0.752411,0,0,1,0,0
0.05,27.5,0.8,0.7,0.0,0.413906,0.014691,0.033055,0.448434,37.611737,0.794723,9.20513,22.280809,0.390261,0.001167,0.41356,0.954532,0.28772,0.757703,0,0,1,0,0
0.05,27.5,0.8,0.7,0.1,0.413906,0.014691,0.033055,0.448434,37.611737,0.794717,9.20513,22.280809,0.390261,0.001167,0.41356,0.954532,0.28772,0.757698,0,0,1,0,0
0.05,27.5,0.8,0.7,0.3,0.413906,0.014691,0.033055,0.448434,37.611737,0.794673,9.20513,22.280809,0.390261,0.001167,0.41356,0.954532,0.28772,0.757656,0,0,1,0,0
0.05,27.5,0.9,0.8,0.0,0.413906,0.014691,0.033055,0.448434,37.611737,0.794723,9.20513,22.280809,0.490261,0.0,0.41356,0.954532,0.287332,0.758588,0,0,1,0,0
0.05,27.5,0.9,0.8,0.1,0.413906,0.014691,0.033055,0.448434,37.611737,0.794718,9.20513,22.280809,0.490261,0.0,0.41356,0.954532,0.287332,0.758584,0,0,1,0,0
0.05,27.5,0.9,0.8,0.3,0.413906,0.014691,0.033055,0.448434,37.611737,0.794679,9.20513,22.280809,0.490261,0.0,0.41356,0.954532,0.287332,0.758547,0,0,1,0,0
0.05,27.5,1.0,0.9,0.0,0.413906,0.014691,0.033055,0.448434,37.611737,0.794723,9.20513,22.280809,0.590261,0.0,0.41356,0.954532,0.287332,0.758588,0,0,1,0,0
0.05,27.5,1.0,0.9,0.1,0.413906,0.014691,0.033055,0.448434,37.611737,0.794718,9.20513,22.280809,0.590261,0.0,0.41356,0.954532,0.287332,0.758584,0,0,1,0,0
0.05,27.5,1.0,0.9,0.3,0.413906,0.014691,0.033055,0.448434,37.611737,0.794684,9.20513,22.280809,0.590261,0.0,0.41356,0.954532,0.287332,0.758551,0,0,1,0,0
0.05,30.0,0.3,0.2,0.0,0.459055,0.014691,0.033055,0.448434,37.611737,0.794723,10.122921,24.438603,-0.154433,0.201976,0.443587,0.939644,0.364666,0.59593,0,0,0,0,0
0.05,30.0,0.3,0.2,0.1,0.459055,0.014691,0.033055,0.448434,37.611737,0.794703,10.122921,24.438603,-0.154433,0.201976,0.443587,0.939644,0.364666,0.595915,0,0,0,0,0
0.05,30.0,0.3,0.2,0.3,0.459055,0.014691,0.033055,0.448434,37.611737,0.794548,10.122921,24.438603,-0.154433,0.201976,0.443587,0.939644,0.364666,0.595799,0,0,0,0,0
0.05,30.0,0.4,0.3,0.0,0.459055,0.014691,0.033055,0.448434,37.611737,0.794723,10.122921,24.438603,-0.054433,0.121855,0.443587,0.939644,0.337959,0.655761,0,0,0,0,0
0.05,30.0,0.4,0.3,0.1,0.459055,0.014691,0.033055,0.448434,37.611737,0.79471,10.122921,24.438603,-0.054433,0.121855,0.443587,0.939644,0.337959,0.65575,0,0,0,0,0
0.05,30.0,0.4,0.3,0.3,0.459055,0.014691,0.033055,0.448434,37.611737,0.794606,10.122921,24.438603,-0.054433,0.121855,0.443587,0.939644,0.337959,0.655665,0,0,0,0,0
0.05,30.0,0.5,0.4,0.0,0.459055,0.014691,0.033055,0.448434,37.611737,0.794723,10.122921,24.438603,0.045567,0.066439,0.443587,0.939644,0.319487,0.697143,0,0,1,0,0
0.05,30.0,0.5,0.4,0.1,0.459055,0.014691,0.033055,0.448434,37.611737,0.794713,10.122921,24.438603,0.045567,0.066439,0.443587,0.939644,0.319487,0.697134,0,0,1,0,0
0.05,30.0,0.5,0.4,0.3,0.459055,0.014691,0.033055,0.448434,37.611737,0.794635,10.122921,24.438603,0.045567,0.066439,0.443587,0.939644,0.319487,0.697066,0,0,1,0,0
0.05,30.0,0.6,0.5,0.0,0.459055,0.014691,0.033055,0.448434,37.611737,0.794723,10.122921,24.438603,0.145567,0.038399,0.443587,0.939644,0.31014,0.718082,0,0,1,0,0
0.05,30.0,0.6,0.5,0.1,0.459055,0.014691,0.033055,0.448434,37.611737,0.794715,10.122921,24.438603,0.145567,0.038399,0.443587,0.939644,0.31014,0.718075,0,0,1,0,0
0.05,30.0,0.6,0.5,0.3,0.459055,0.014691,0.033055,0.448434,37.611737,0.794653,10.122921,24.438603,0.145567,0.038399,0.443587,0.939644,0.31014,0.718019,0,0,1,0,0
0.05,30.0,0.7,0.6,0.0,0.459055,0.014691,0.033055,0.448434,37.611737,0.794723,10.122921,24.438603,0.245567,0.017438,0.443587,0.939644,0.303153,0.733735,0,0,1,0,0
0.05,30.0,0.7,0.6,0.1,0.459055,0.014691,0.033055,0.448434,37.611737,0.794716,10.122921,24.438603,0.245567,0.017438,0.443587,0.939644,0.303153,0.733729,0,0,1,0,0
0.05,30.0,0.7,0.6,0.3,0.459055,0.014691,0.033055,0.448434,37.611737,0.794664,10.122921,24.438603,0.245567,0.017438,0.443587,0.939644,0.303153,0.733681,0,0,1,0,0
0.05,30.0,0.8,0.7,0.0,0.459055,0.014691,0.033055,0.448434,37.611737,0.794723,10.122921,24.438603,0.345567,0.006076,0.443587,0.939644,0.299366,0.74222,0,0,1,0,0
0.05,30.0,0.8,0.7,0.1,0.459055,0.014691,0.033055,0.448434,37.611737,0.794717,10.122921,24.438603,0.345567,0.006076,0.443587,0.939644,0.299366,0.742214,0,0,1,0,0
0.05,30.0,0.8,0.7,0.3,0.459055,0.014691,0.033055,0.448434,37.611737,0.794673,10.122921,24.438603,0.345567,0.006076,0.443587,0.939644,0.299366,0.742173,0,0,1,0,0
0.05,30.0,0.9,0.8,0.0,0.459055,0.014691,0.033055,0.448434,37.611737,0.794723,10.122921,24.438603,0.445567,0.000808,0.443587,0.939644,0.29761,0.746153,0,0,1,0,0
0.05,30.0,0.9,0.8,0.1,0.459055,0.014691,0.033055,0.448434,37.611737,0.794718,10.122921,24.438603,0.445567,0.000808,0.443587,0.939644,0.29761,0.746148,0,0,1,0,0
0.05,30.0,0.9,0.8,0.3,0.459055,0.014691,0.033055,0.448434,37.611737,0.794679,10.122921,24.438603,0.445567,0.000808,0.443587,0.939644,0.29761,0.746112,0,0,1,0,0
0.05,30.0,1.0,0.9,0.0,0.459055,0.014691,0.033055,0.448434,37.611737,0.794723,10.122921,24.438603,0.545567,0.0,0.443587,0.939644,0.297341,0.746757,0,0,1,0,0
0.05,30.0,1.0,0.9,0.1,0.459055,0.014691,0.033055,0.448434,37.611737,0.794718,10.122921,24.438603,0.545567,0.0,0.443587,0.939644,0.297341,0.746753,0,0,1,0,0
0.05,30.0,1.0,0.9,0.3,0.459055,0.014691,0.033055,0.448434,37.611737,0.794684,10.122921,24.438603,0.545567,0.0,0.443587,0.939644,0.297341,0.74672,0,0,1,0,0
0.05,32.5,0.3,0.2,0.0,0.506538,0.014691,0.033055,0.448434,37.611737,0.794723,11.066099,26.630945,-0.201438,0.232064,0.473424,0.924539,0.384641,0.564243,0,0,0,0,0
0.05,32.5,0.3,0.2,0.1,0.506538,0.014691,0.033055,0.448434,37.611737,0.794703,11.066099,26.630945,-0.201438,0.232064,0.473424,0.924539,0.384641,0.564229,0,0,0,0,0
0.05,32.5,0.3,0.2,0.3,0.506538,0.014691,0.033055,0.448434,37.611737,0.794548,11.066099,26.630945,-0.201438,0.232064,0.473424,0.924539,0.384641,0.564119,0,0,0,0,0
0.05,32.5,0.4,0.3,0.0,0.506538,0.014691,0.033055,0.448434,37.611737,0.794723,11.066099,26.630945,-0.101438,0.14849,0.473424,0.924539,0.356783,0.625649,0,0,0,0,0
0.05,32.5,0.4,0.3,0.1,0.506538,0.014691,0.033055,0.448434,37.611737,0.79471,11.066099,26.630945,-0.101438,0.14849,0.473424,0.924539,0.356783,0.625639,0,0,0,0,0
0.05,32.5,0.4,0.3,0.3,0.506538,0.014691,0.033055,0.448434,37.611737,0.794606,11.066099,26.630945,-0.101438,0.14849,0.473424,0.924539,0.356783,0.625557,0,0,0,0,0
0.05,32.5,0.5,0.4,0.0,0.506538,0.014691,0.033055,0.448434,37.611737,0.794723,11.066099,26.630945,-0.001438,0.089013,0.473424,0.924539,0.336957,0.66935,0,0,0,0,0
0.05,32.5,0.5,0.4,0.1,0.506538,0.014691,0.033055,0.448434,37.611737,0.794713,11.066099,26.630945,-0.001438,0.089013,0.473424,0.924539,0.336957,0.669342,0,0,0,0,0
0.05,32.5,0.5,0.4,0.3,0.506538,0.014691,0.033055,0.448434,37.611737,0.794635,11.066099,26.630945,-0.001438,0.089013,0.473424,0.924539,0.336957,0.669277,0,0,0,0,0
0.05,32.5,0.6,0.5,0.0,0.506538,0.014691,0.033055,0.448434,37.611737,0.794723,11.066099,26.630945,0.098562,0.05287,0.473424,0.924539,0.324909,0.695906,0,0,1,0,0
0.05,32.5,0.6,0.5,0.1,0.506538,0.014691,0.033055,0.448434,37.611737,0.794715,11.066099,26.630945,0.098562,0.05287,0.473424,0.924539,0.324909,0.695899,0,0,1,0,0
0.05,32.5,0.6,0.5,0.3,0.506538,0.014691,0.033055,0.448434,37.611737,0.794653,11.066099,26.630945,0.098562,0.05287,0.473424,0.924539,0.324909,0.695845,0,0,1,0,0
0.05,32.5,0.7,0.6,0.0,0.506538,0.014691,0.033055,0.448434,37.611737,0.794723,11.066099,26.630945,0.198562,0.029818,0.473424,0.924539,0.317225,0.712843,0,0,1,0,0
0.05,32.5,0.7,0.6,0.1,0.506538,0.014691,0.033055,0.448434,37.611737,0.794716,11.066099,26.630945,0.198562,0.029818,0.473424,0.924539,0.317225,0.712838,0,0,1,0,0
0.05,32.5,0.7,0.6,0.3,0.506538,0.014691,0.033055,0.448434,37.611737,0.794664,11.066099,26.630945,0.198562,0.029818,0.473424,0.924539,0.317225,0.712791,0,0,1,0,0
0.05,32.5,0.8,0.7,0.0,0.506538,0.014691,0.033055,0.448434,37.611737,0.794723,11.066099,26.630945,0.298562,0.013218,0.473424,0.924539,0.311692,0.72504,0,0,1,0,0
0.05,32.5,0.8,0.7,0.1,0.506538,0.014691,0.033055,0.448434,37.611737,0.794717,11.066099,26.630945,0.298562,0.013218,0.473424,0.924539,0.311692,0.725035,0,0,1,0,0
0.05,32.5,0.8,0.7,0.3,0.506538,0.014691,0.033055,0.448434,37.611737,0.794673,11.066099,26.630945,0.298562,0.013218,0.473424,0.924539,0.311692,0.724995,0,0,1,0,0
0.05,32.5,0.9,0.8,0.0,0.506538,0.014691,0.033055,0.448434,37.611737,0.794723,11.066099,26.630945,0.398562,0.004757,0.473424,0.924539,0.308872,0.731257,0,0,1,0,0
0.05,32.5,0.9,0.8,0.1,0.506538,0.014691,0.033055,0.448434,37.611737,0.794718,11.066099,26.630945,0.398562,0.004757,0.473424,0.924539,0.308872,0.731253,0,0,1,0,0
0.05,32.5,0.9,0.8,0.3,0.506538,0.014691,0.033055,0.448434,37.611737,0.794679,11.066099,26.630945,0.398562,0.004757,0.473424,0.924539,0.308872,0.731217,0,0,1,0,0
0.05,32.5,1.0,0.9,0.0,0.506538,0.014691,0.033055,0.448434,37.611737,0.794723,11.066099,26.630945,0.498562,0.000632,0.473424,0.924539,0.307497,0.734287,0,0,1,0,0
0.05,32.5,1.0,0.9,0.1,0.506538,0.014691,0.033055,0.448434,37.611737,0.794718,11.066099,26.630945,0.498562,0.000632,0.473424,0.924539,0.307497,0.734284,0,0,1,0,0
0.05,32.5,1.0,0.9,0.3,0.506538,0.014691,0.033055,0.448434,37.611737,0.794684,11.066099,26.630945,0.498562,0.000632,0.473424,0.924539,0.307497,0.734252,0,0,1,0,0
0.05,35.0,0.3,0.2,0.0,0.556739,0.014691,0.033055,0.448434,37.611737,0.794723,12.038659,28.860644,-0.251134,0.262501,0.502452,0.908434,0.404463,0.53244,0,0,0,0,0
0.05,35.0,0.3,0.2,0.1,0.556739,0.014691,0.033055,0.448434,37.611737,0.794703,12.038659,28.860644,-0.251134,0.262501,0.502452,0.908434,0.404463,0.532427,0,0,0,0,0
0.05,35.0,0.3,0.2,0.3,0.556739,0.014691,0.033055,0.448434,37.611737,0.794548,12.038659,28.860644,-0.251134,0.262501,0.502452,0.908434,0.404463,0.532323,0,0,0,0,0
0.05,35.0,0.4,0.3,0.0,0.556739,0.014691,0.033055,0.448434,37.611737,0.794723,12.038659,28.860644,-0.151134,0.174398,0.502452,0.908434,0.375095,0.596046,0,0,0,0,0
0.05,35.0,0.4,0.3,0.1,0.556739,0.014691,0.033055,0.448434,37.611737,0.79471,12.038659,28.860644,-0.151134,0.174398,0.502452,0.908434,0.375095,0.596036,0,0,0,0,0
0.05,35.0,0.4,0.3,0.3,0.556739,0.014691,0.033055,0.448434,37.611737,0.794606,12.038659,28.860644,-0.151134,0.174398,0.502452,0.908434,0.375095,0.595959,0,0,0,0,0
0.05,35.0,0.5,0.4,0.0,0.556739,0.014691,0.033055,0.448434,37.611737,0.794723,12.038659,28.860644,-0.051134,0.113917,0.502452,0.908434,0.354935,0.63971,0,0,0,0,0
0.05,35.0,0.5,0.4,0.1,0.556739,0.014691,0.033055,0.448434,37.611737,0.794713,12.038659,28.860644,-0.051134,0.113917,0.502452,0.908434,0.354935,0.639703,0,0,0,0,0
0.05,35.0,0.5,0.4,0.3,0.556739,0.014691,0.033055,0.448434,37.611737,0.794635,12.038659,28.860644,-0.051134,0.113917,0.502452,0.908434,0.354935,0.63964,0,0,0,0,0
0.05,35.0,0.6,0.5,0.0,0.556739,0.014691,0.033055,0.448434,37.611737,0.794723,12.038659,28.860644,0.048866,0.068813,0.502452,0.908434,0.3399,0.672273,0,0,1,0,0
0.05,35.0,0.6,0.5,0.1,0.556739,0.014691,0.033055,0.448434,37.611737,0.794715,12.038659,28.860644,0.048866,0.068813,0.502452,0.908434,0.3399,0.672267,0,0,1,0,0
0.05,35.0,0.6,0.5,0.3,0.556739,0.014691,0.033055,0.448434,37.611737,0.794653,12.038659,28.860644,0.048866,0.068813,0.502452,0.908434,0.3399,0.672214,0,0,1,0,0
0.05,35.0,0.7,0.6,0.0,0.556739,0.014691,0.033055,0.448434,37.611737,0.794723,12.038659,28.860644,0.148866,0.044176,0.502452,0.908434,0.331687,0.69006,0,0,1,0,0
0.05,35.0,0.7,0.6,0.1,0.556739,0.014691,0.033055,0.448434,37.611737,0.794716,12.038659,28.860644,0.148866,0.044176,0.502452,0.908434,0.331687,0.690055,0,0,1,0,0
0.05,35.0,0.7,0.6,0.3,0.556739,0.014691,0.033055,0.448434,37.611737,0.794664,12.038659,28.860644,0.148866,0.044176,0.502452,0.908434,0.331687,0.69001,0,0,1,0,0
0.05,35.0,0.8,0.7,0.0,0.556739,0.014691,0.033055,0.448434,37.611737,0.794723,12.038659,28.860644,0.248866,0.024297,0.502452,0.908434,0.325061,0.704412,0,0,1,0,0
0.05,35.0,0.8,0.7,0.1,0.556739,0.014691,0.033055,0.448434,37.611737,0.794717,12.038659,28.860644,0.248866,0.024297,0.502452,0.908434,0.325061,0.704407,0,0,1,0,0
0.05,35.0,0.8,0.7,0.3,0.556739,0.014691,0.033055,0.448434,37.611737,0.794673,12.038659,28.860644,0.248866,0.024297,0.502452,0.908434,0.325061,0.704368,0,0,1,0,0
0.05,35.0,0.9,0.8,0.0,0.556739,0.014691,0.033055,0.448434,37.611737,0.794723,12.038659,28.860644,0.348866,0.011025,0.502452,0.908434,0.320637,0.713994,0,0,1,0,0
0.05,35.0,0.9,0.8,0.1,0.556739,0.014691,0.033055,0.448434,37.611737,0.794718,12.038659,28.860644,0.348866,0.011025,0.502452,0.908434,0.320637,0.713989,0,0,1,0,0
0.05,35.0,0.9,0.8,0.3,0.556739,0.014691,0.033055,0.448434,37.611737,0.794679,12.038659,28.860644,0.348866,0.011025,0.502452,0.908434,0.320637,0.713954,0,0,1,0,0
0.05,35.0,1.0,0.9,0.0,0.556739,0.014691,0.033055,0.448434,37.611737,0.794723,12.038659,28.860644,0.448866,0.004005,0.502452,0.908434,0.318297,0.719062,0,0,1,0,0
0.05,35.0,1.0,0.9,0.1,0.556739,0.014691,0.033055,0.448434,37.611737,0.794718,12.038659,28.860644,0.448866,0.004005,0.502452,0.908434,0.318297,0.719058,0,0,1,0,0
0.05,35.0,1.0,0.9,0.3,0.556739,0.014691,0.033055,0.448434,37.611737,0.794684,12.038659,28.860644,0.448866,0.004005,0.502452,0.908434,0.318297,0.719027,0,0,1,0,0
0.1,5.0,0.3,0.2,0.0,0.069563,0.029382,0.066111,0.695775,18.805868,0.643593,1.613854,3.939305,0.231138,0.0,0.080477,1.0,0.258751,0.643593,1,1,1,1,0
0.1,5.0,0.3,0.2,0.1,0.069563,0.029382,0.066111,0.695775,18.805868,0.643561,1.613854,3.939305,0.231138,0.0,0.080477,1.0,0.258751,0.643561,1,1,1,1,0
0.1,5.0,0.3,0.2,0.3,0.069563,0.029382,0.066111,0.695775,18.805868,0.64331,1.613854,3.939305,0.231138,0.0,0.080477,1.0,0.258751,0.64331,1,1,1,1,0
0.1,5.0,0.4,0.3,0.0,0.069563,0.029382,0.066111,0.695775,18.805868,0.643593,1.613854,3.939305,0.331138,0.0,0.080477,1.0,0.258751,0.643593,1,1,1,1,0
0.1,5.0,0.4,0.3,0.1,0.069563,0.029382,0.066111,0.695775,18.805868,0.643572,1.613854,3.939305,0.331138,0.0,0.080477,1.0,0.258751,0.643572,1,1,1,1,0
0.1,5.0,0.4,0.3,0.3,0.069563,0.029382,0.066111,0.695775,18.805868,0.643404,1.613854,3.939305,0.331138,0.0,0.080477,1.0,0.258751,0.643404,1,1,1,1,0
0.1,5.0,0.5,0.4,0.0,0.069563,0.029382,0.066111,0.695775,18.805868,0.643593,1.613854,3.939305,0.431138,0.0,0.080477,1.0,0.258751,0.643593,1,1,1,1,0
0.1,5.0,0.5,0.4,0.1,0.069563,0.029382,0.066111,0.695775,18.805868,0.643577,1.613854,3.939305,0.431138,0.0,0.080477,1.0,0.258751,0.643577,1,1,1,1,0
0.1,5.0,0.5,0.4,0.3,0.069563,0.029382,0.066111,0.695775,18.805868,0.643451,1.613854,3.939305,0.431138,0.0,0.080477,1.0,0.258751,0.643451,1,1,1,1,0
0.1,5.0,0.6,0.5,0.0,0.069563,0.029382,0.066111,0.695775,18.805868,0.643593,1.613854,3.939305,0.531138,0.0,0.080477,1.0,0.258751,0.643593,1,1,1,1,0
0.1,5.0,0.6,0.5,0.1,0.069563,0.029382,0.066111,0.695775,18.805868,0.64358,1.613854,3.939305,0.531138,0.0,0.080477,1.0,0.258751,0.64358,1,1,1,1,0
0.1,5.0,0.6,0.5,0.3,0.069563,0.029382,0.066111,0.695775,18.805868,0.64348,1.613854,3.939305,0.531138,0.0,0.080477,1.0,0.258751,0.64348,1,1,1,1,0
0.1,5.0,0.7,0.6,0.0,0.069563,0.029382,0.066111,0.695775,18.805868,0.643593,1.613854,3.939305,0.631138,0.0,0.080477,1.0,0.258751,0.643593,1,1,1,1,0
0.1,5.0,0.7,0.6,0.1,0.069563,0.029382,0.066111,0.695775,18.805868,0.643582,1.613854,3.939305,0.631138,0.0,0.080477,1.0,0.258751,0.643582,1,1,1,1,0
0.1,5.0,0.7,0.6,0.3,0.069563,0.029382,0.066111,0.695775,18.805868,0.643499,1.613854,3.939305,0.631138,0.0,0.080477,1.0,0.258751,0.643499,1,1,1,1,0
0.1,5.0,0.8,0.7,0.0,0.069563,0.029382,0.066111,0.695775,18.805868,0.643593,1.613854,3.939305,0.731138,0.0,0.080477,1.0,0.258751,0.643593,1,1,1,1,0
0.1,5.0,0.8,0.7,0.1,0.069563,0.029382,0.066111,0.695775,18.805868,0.643584,1.613854,3.939305,0.731138,0.0,0.080477,1.0,0.258751,0.643584,1,1,1,1,0
0.1,5.0,0.8,0.7,0.3,0.069563,0.029382,0.066111,0.695775,18.805868,0.643512,1.613854,3.939305,0.731138,0.0,0.080477,1.0,0.258751,0.643512,1,1,1,1,0
0.1,5.0,0.9,0.8,0.0,0.069563,0.029382,0.066111,0.695775,18.805868,0.643593,1.613854,3.939305,0.831138,0.0,0.080477,1.0,0.258751,0.643593,1,1,1,1,0
0.1,5.0,0.9,0.8,0.1,0.069563,0.029382,0.066111,0.695775,18.805868,0.643585,1.613854,3.939305,0.831138,0.0,0.080477,1.0,0.258751,0.643585,1,1,1,1,0
0.1,5.0,0.9,0.8,0.3,0.069563,0.029382,0.066111,0.695775,18.805868,0.643522,1.613854,3.939305,0.831138,0.0,0.080477,1.0,0.258751,0.643522,1,1,1,1,0
0.1,5.0,1.0,0.9,0.0,0.069563,0.029382,0.066111,0.695775,18.805868,0.643593,1.613854,3.939305,0.931138,0.0,0.080477,1.0,0.258751,0.643593,1,1,1,1,0
0.1,5.0,1.0,0.9,0.1,0.069563,0.029382,0.066111,0.695775,18.805868,0.643586,1.613854,3.939305,0.931138,0.0,0.080477,1.0,0.258751,0.643586,1,1,1,1,0
0.1,5.0,1.0,0.9,0.3,0.069563,0.029382,0.066111,0.695775,18.805868,0.64353,1.613854,3.939305,0.931138,0.0,0.080477,1.0,0.258751,0.64353,1,1,1,1,0
0.1,7.5,0.3,0.2,0.0,0.104678,0.029382,0.066111,0.695775,18.805868,0.643593,2.424156,5.916089,0.196376,0.0,0.120884,1.0,0.27222,0.643593,1,1,1,1,0
0.1,7.5,0.3,0.2,0.1,0.104678,0.029382,0.066111,0.695775,18.805868,0.643561,2.424156,5.916089,0.196376,0.0,0.120884,1.0,0.27222,0.643561,1,1,1,1,0
0.1,7.5,0.3,0.2,0.3,0.104678,0.029382,0.066111,0.695775,18.805868,0.64331,2.424156,5.916089,0.196376,0.0,0.120884,1.0,0.27222,0.64331,1,1,1,1,0
0.1,7.5,0.4,0.3,0.0,0.104678,0.029382,0.066111,0.695775,18.805868,0.643593,2.424156,5.916089,0.296376,0.0,0.120884,1.0,0.27222,0.643593,1,1,1,1,0
0.1,7.5,0.4,0.3,0.1,0.104678,0.029382,0.066111,0.695775,18.805868,0.643572,2.424156,5.916089,0.296376,0.0,0.120884,1.0,0.27222,0.643572,1,1,1,1,0
0.1,7.5,0.4,0.3,0.3,0.104678,0.029382,0.066111,0.695775,18.805868,0.643404,2.424156,5.916089,0.296376,0.0,0.120884,1.0,0.27222,0.643404,1,1,1,1,0
0.1,7.5,0.5,0.4,0.0,0.104678,0.029382,0.066111,0.695775,18.805868,0.643593,2.424156,5.916089,0.396376,0.0,0.120884,1.0,0.27222,0.643593,1,1,1,1,0
0.1,7.5,0.5,0.4,0.1,0.104678,0.029382,0.066111,0.695775,18.805868,0.643577,2.424156,5.916089,0.396376,0.0,0.120884,1.0,0.27222,0.643577,1,1,1,1,0
0.1,7.5,0.5,0.4,0.3,0.104678,0.029382,0.066111,0.695775,18.805868,0.643451,2.424156,5.916089,0.396376,0.0,0.120884,1.0,0.27222,0.643451,1,1,1,1,0
0.1,7.5,0.6,0.5,0.0,0.104678,0.029382,0.066111,0.695775,18.805868,0.643593,2.424156,5.916089,0.496376,0.0,0.120884,1.0,0.27222,0.643593,1,1,1,1,0
0.1,7.5,0.6,0.5,0.1,0.104678,0.029382,0.066111,0.695775,18.805868,0.64358,2.424156,5.916089,0.496376,0.0,0.120884,1.0,0.27222,0.64358,1,1,1,1,0
0.1,7.5,0.6,0.5,0.3,0.104678,0.029382,0.066111,0.695775,18.805868,0.64348,2.424156,5.916089,0.496376,0.0,0.120884,1.0,0.27222,0.64348,1,1,1,1,0
0.1,7.5,0.7,0.6,0.0,0.104678,0.029382,0.066111,0.695775,18.805868,0.643593,2.424156,5.916089,0.596376,0.0,0.120884,1.0,0.27222,0.643593,1,1,1,1,0
0.1,7.5,0.7,0.6,0.1,0.104678,0.029382,0.066111,0.695775,18.805868,0.643582,2.424156,5.916089,0.596376,0.0,0.120884,1.0,0.27222,0.643582,1,1,1,1,0
0.1,7.5,0.7,0.6,0.3,0.104678,0.029382,0.066111,0.695775,18.805868,0.643499,2.424156,5.916089,0.596376,0.0,0.120884,1.0,0.27222,0.643499,1,1,1,1,0
0.1,7.5,0.8,0.7,0.0,0.104678,0.029382,0.066111,0.695775,18.805868,0.643593,2.424156,5.916089,0.696376,0.0,0.120884,1.0,0.27222,0.643593,1,1,1,1,0
0.1,7.5,0.8,0.7,0.1,0.104678,0.029382,0.066111,0.695775,18.805868,0.643584,2.424156,5.916089,0.696376,0.0,0.120884,1.0,0.27222,0.643584,1,1,1,1,0
0.1,7.5,0.8,0.7,0.3,0.104678,0.029382,0.066111,0.695775,18.805868,0.643512,2.424156,5.916089,0.696376,0.0,0.120884,1.0,0.27222,0.643512,1,1,1,1,0
0.1,7.5,0.9,0.8,0.0,0.104678,0.029382,0.066111,0.695775,18.805868,0.643593,2.424156,5.916089,0.796376,0.0,0.120884,1.0,0.27222,0.643593,1,1,1,1,0
0.1,7.5,0.9,0.8,0.1,0.104678,0.029382,0.066111,0.695775,18.805868,0.643585,2.424156,5.916089,0.796376,0.0,0.120884,1.0,0.27222,0.643585,1,1,1,1,0
0.1,7.5,0.9,0.8,0.3,0.104678,0.029382,0.066111,0.695775,18.805868,0.643522,2.424156,5.916089,0.796376,0.0,0.120884,1.0,0.27222,0.643522,1,1,1,1,0
0.1,7.5,1.0,0.9,0.0,0.104678,0.029382,0.066111,0.695775,18.805868,0.643593,2.424156,5.916089,0.896376,0.0,0.120884,1.0,0.27222,0.643593,1,1,1,1,0
0.1,7.5,1.0,0.9,0.1,0.104678,0.029382,0.066111,0.695775,18.805868,0.643586,2.424156,5.916089,0.896376,0.0,0.120884,1.0,0.27222,0.643586,1,1,1,1,0
0.1,7.5,1.0,0.9,0.3,0.104678,0.029382,0.066111,0.695775,18.805868,0.64353,2.424156,5.916089,0.896376,0.0,0.120884,1.0,0.27222,0.64353,1,1,1,1,0
0.1,10.0,0.3,0.2,0.0,0.140199,0.029382,0.066111,0.695775,18.805868,0.643593,3.238603,7.90144,0.161213,0.0,0.161498,1.0,0.285758,0.643593,1,1,1,1,0
0.1,10.0,0.3,0.2,0.1,0.140199,0.029382,0.066111,0.695775,18.805868,0.643561,3.238603,7.90144,0.161213,0.0,0.161498,1.0,0.285758,0.643561,1,1,1,1,0
0.1,10.0,0.3,0.2,0.3,0.140199,0.029382,0.066111,0.695775,18.805868,0.64331,3.238603,7.90144,0.161213,0.0,0.161498,1.0,0.285758,0.64331,1,1,1,1,0
0.1,10.0,0.4,0.3,0.0,0.140199,0.029382,0.066111,0.695775,18.805868,0.643593,3.238603,7.90144,0.261213,0.0,0.161498,1.0,0.285758,0.643593,1,1,1,1,0
0.1,10.0,0.4,0.3,0.1,0.140199,0.029382,0.066111,0.695775,18.805868,0.643572,3.238603,7.90144,0.261213,0.0,0.161498,1.0,0.285758,0.643572,1,1,1,1,0
0.1,10.0,0.4,0.3,0.3,0.140199,0.029382,0.066111,0.695775,18.805868,0.643404,3.238603,7.90144,0.261213,0.0,0.161498,1.0,0.285758,0.643404,1,1,1,1,0
0.1,10.0,0.5,0.4,0.0,0.140199,0.029382,0.066111,0.695775,18.805868,0.643593,3.238603,7.90144,0.361213,0.0,0.161498,1.0,0.285758,0.643593,1,1,1,1,0
0.1,10.0,0.5,0.4,0.1,0.140199,0.029382,0.066111,0.695775,18.805868,0.643577,3.238603,7.90144,0.361213,0.0,0.161498,1.0,0.285758,0.643577,1,1,1,1,0
0.1,10.0,0.5,0.4,0.3,0.140199,0.029382,0.066111,0.695775,18.805868,0.643451,3.238603,7.90144,0.361213,0.0,0.161498,1.0,0.285758,0.643451,1,1,1,1,0
0.1,10.0,0.6,0.5,0.0,0.140199,0.029382,0.066111,0.695775,18.805868,0.643593,3.238603,7.90144,0.461213,0.0,0.161498,1.0,0.285758,0.643593,1,1,1,1,0
0.1,10.0,0.6,0.5,0.1,0.140199,0.029382,0.066111,0.695775,18.805868,0.64358,3.238603,7.90144,0.461213,0.0,0.161498,1.0,0.285758,0.64358,1,1,1,1,0
0.1,10.0,0.6,0.5,0.3,0.140199,0.029382,0.066111,0.695775,18.805868,0.64348,3.238603,7.90144,0.461213,0.0,0.161498,1.0,0.285758,0.64348,1,1,1,1,0
0.1,10.0,0.7,0.6,0.0,0.140199,0.029382,0.066111,0.695775,18.805868,0.643593,3.238603,7.90144,0.561213,0.0,0.161498,1.0,0.285758,0.643593,1,1,1,1,0
0.1,10.0,0.7,0.6,0.1,0.140199,0.029382,0.066111,0.695775,18.805868,0.643582,3.238603,7.90144,0.561213,0.0,0.161498,1.0,0.285758,0.643582,1,1,1,1,0
0.1,10.0,0.7,0.6,0.3,0.140199,0.029382,0.066111,0.695775,18.805868,0.643499,3.238603,7.90144,0.561213,0.0,0.161498,1.0,0.285758,0.643499,1,1,1,1,0
0.1,10.0,0.8,0.7,0.0,0.140199,0.029382,0.066111,0.695775,18.805868,0.643593,3.238603,7.90144,0.661213,0.0,0.161498,1.0,0.285758,0.643593,1,1,1,1,0
0.1,10.0,0.8,0.7,0.1,0.140199,0.029382,0.066111,0.695775,18.805868,0.643584,3.238603,7.90144,0.661213,0.0,0.161498,1.0,0.285758,0.643584,1,1,1,1,0
0.1,10.0,0.8,0.7,0.3,0.140199,0.029382,0.066111,0.695775,18.805868,0.643512,3.238603,7.90144,0.661213,0.0,0.161498,1.0,0.285758,0.643512,1,1,1,1,0
0.1,10.0,0.9,0.8,0.0,0.140199,0.029382,0.066111,0.695775,18.805868,0.643593,3.238603,7.90144,0.761213,0.0,0.161498,1.0,0.285758,0.643593,1,1,1,1,0
0.1,10.0,0.9,0.8,0.1,0.140199,0.029382,0.066111,0.695775,18.805868,0.643585,3.238603,7.90144,0.761213,0.0,0.161498,1.0,0.285758,0.643585,1,1,1,1,0
0.1,10.0,0.9,0.8,0.3,0.140199,0.029382,0.066111,0.695775,18.805868,0.643522,3.238603,7.90144,0.761213,0.0,0.161498,1.0,0.285758,0.643522,1,1,1,1,0
0.1,10.0,1.0,0.9,0.0,0.140199,0.029382,0.066111,0.695775,18.805868,0.643593,3.238603,7.90144,0.861213,0.0,0.161498,1.0,0.285758,0.643593,1,1,1,1,0
0.1,10.0,1.0,0.9,0.1,0.140199,0.029382,0.066111,0.695775,18.805868,0.643586,3.238603,7.90144,0.861213,0.0,0.161498,1.0,0.285758,0.643586,1,1,1,1,0
0.1,10.0,1.0,0.9,0.3,0.140199,0.029382,0.066111,0.695775,18.805868,0.64353,3.238603,7.90144,0.861213,0.0,0.161498,1.0,0.285758,0.64353,1,1,1,1,0
0.1,12.5,0.3,0.2,0.0,0.176271,0.029382,0.066111,0.695775,18.805868,0.643593,4.058731,9.898225,0.125504,0.007655,0.202395,1.0,0.301942,0.638666,1,1,1,1,0
0.1,12.5,0.3,0.2,0.1,0.176271,0.029382,0.066111,0.695775,18.805868,0.643561,4.058731,9.898225,0.125504,0.007655,0.202395,1.0,0.301942,0.638635,1,1,1,1,0
0.1,12.5,0.3,0.2,0.3,0.176271,0.029382,0.066111,0.695775,18.805868,0.64331,4.058731,9.898225,0.125504,0.007655,0.202395,1.0,0.301942,0.638385,1,1,1,1,0
0.1,12.5,0.4,0.3,0.0,0.176271,0.029382,0.066111,0.695775,18.805868,0.643593,4.058731,9.898225,0.225504,0.0,0.202395,1.0,0.29939,0.643593,1,1,1,1,1
0.1,12.5,0.4,0.3,0.1,0.176271,0.029382,0.066111,0.695775,18.805868,0.643572,4.058731,9.898225,0.225504,0.0,0.202395,1.0,0.29939,0.643572,1,1,1,1,0
0.1,12.5,0.4,0.3,0.3,0.176271,0.029382,0.066111,0.695775,18.805868,0.643404,4.058731,9.898225,0.225504,0.0,0.202395,1.0,0.29939,0.643404,1,1,1,1,0
0.1,12.5,0.5,0.4,0.0,0.176271,0.029382,0.066111,0.695775,18.805868,0.643593,4.058731,9.898225,0.325504,0.0,0.202395,1.0,0.29939,0.643593,1,1,1,1,1
0.1,12.5,0.5,0.4,0.1,0.176271,0.029382,0.066111,0.695775,18.805868,0.643577,4.058731,9.898225,0.325504,0.0,0.202395,1.0,0.29939,0.643577,1,1,1,1,0
0.1,12.5,0.5,0.4,0.3,0.176271,0.029382,0.066111,0.695775,18.805868,0.643451,4.058731,9.898225,0.325504,0.0,0.202395,1.0,0.29939,0.643451,1,1,1,1,0
0.1,12.5,0.6,0.5,0.0,0.176271,0.029382,0.066111,0.695775,18.805868,0.643593,4.058731,9.898225,0.425504,0.0,0.202395,1.0,0.29939,0.643593,1,1,1,1,1
0.1,12.5,0.6,0.5,0.1,0.176271,0.029382,0.066111,0.695775,18.805868,0.64358,4.058731,9.898225,0.425504,0.0,0.202395,1.0,0.29939,0.64358,1,1,1,1,0
0.1,12.5,0.6,0.5,0.3,0.176271,0.029382,0.066111,0.695775,18.805868,0.64348,4.058731,9.898225,0.425504,0.0,0.202395,1.0,0.29939,0.64348,1,1,1,1,0
0.1,12.5,0.7,0.6,0.0,0.176271,0.029382,0.066111,0.695775,18.805868,0.643593,4.058731,9.898225,0.525504,0.0,0.202395,1.0,0.29939,0.643593,1,1,1,1,1
0.1,12.5,0.7,0.6,0.1,0.176271,0.029382,0.066111,0.695775,18.805868,0.643582,4.058731,9.898225,0.525504,0.0,0.202395,1.0,0.29939,0.643582,1,1,1,1,0
0.1,12.5,0.7,0.6,0.3,0.176271,0.029382,0.066111,0.695775,18.805868,0.643499,4.058731,9.898225,0.525504,0.0,0.202395,1.0,0.29939,0.643499,1,1,1,1,0
0.1,12.5,0.8,0.7,0.0,0.176271,0.029382,0.066111,0.695775,18.805868,0.643593,4.058731,9.898225,0.625504,0.0,0.202395,1.0,0.29939,0.643593,1,1,1,1,1
0.1,12.5,0.8,0.7,0.1,0.176271,0.029382,0.066111,0.695775,18.805868,0.643584,4.058731,9.898225,0.625504,0.0,0.202395,1.0,0.29939,0.643584,1,1,1,1,0
0.1,12.5,0.8,0.7,0.3,0.176271,0.029382,0.066111,0.695775,18.805868,0.643512,4.058731,9.898225,0.625504,0.0,0.202395,1.0,0.29939,0.643512,1,1,1,1,0
0.1,12.5,0.9,0.8,0.0,0.176271,0.029382,0.066111,0.695775,18.805868,0.643593,4.058731,9.898225,0.725504,0.0,0.202395,1.0,0.29939,0.643593,1,1,1,1,1
0.1,12.5,0.9,0.8,0.1,0.176271,0.029382,0.066111,0.695775,18.805868,0.643585,4.058731,9.898225,0.725504,0.0,0.202395,1.0,0.29939,0.643585,1,1,1,1,0
0.1,12.5,0.9,0.8,0.3,0.176271,0.029382,0.066111,0.695775,18.805868,0.643522,4.058731,9.898225,0.725504,0.0,0.202395,1.0,0.29939,0.643522,1,1,1,1,0
0.1,12.5,1.0,0.9,0.0,0.176271,0.029382,0.066111,0.695775,18.805868,0.643593,4.058731,9.898225,0.825504,0.0,0.202395,1.0,0.29939,0.643593,1,1,1,1,1
0.1,12.5,1.0,0.9,0.1,0.176271,0.029382,0.066111,0.695775,18.805868,0.643586,4.058731,9.898225,0.825504,0.0,0.202395,1.0,0.29939,0.643586,1,1,1,1,0
0.1,12.5,1.0,0.9,0.3,0.176271,0.029382,0.066111,0.695775,18.805868,0.64353,4.058731,9.898225,0.825504,0.0,0.202395,1.0,0.29939,0.64353,1,1,1,1,0
0.1,15.0,0.3,0.2,0.0,0.213048,0.029382,0.066111,0.695775,18.805868,0.643593,4.886207,11.909322,0.089097,0.027111,0.242113,0.998454,0.321667,0.625176,1,1,1,1,0
0.1,15.0,0.3,0.2,0.1,0.213048,0.029382,0.066111,0.695775,18.805868,0.643561,4.886207,11.909322,0.089097,0.027111,0.242113,0.998454,0.321667,0.625146,1,1,1,1,0
0.1,15.0,0.3,0.2,0.3,0.213048,0.029382,0.066111,0.695775,18.805868,0.64331,4.886207,11.909322,0.089097,0.027111,0.242113,0.998454,0.321667,0.624902,1,1,1,1,0
0.1,15.0,0.4,0.3,0.0,0.213048,0.029382,0.066111,0.695775,18.805868,0.643593,4.886207,11.909322,0.189097,0.001881,0.242113,0.998454,0.313256,0.64139,1,1,1,1,1
0.1,15.0,0.4,0.3,0.1,0.213048,0.029382,0.066111,0.695775,18.805868,0.643572,4.886207,11.909322,0.189097,0.001881,0.242113,0.998454,0.313256,0.641369,1,1,1,1,0
0.1,15.0,0.4,0.3,0.3,0.213048,0.029382,0.066111,0.695775,18.805868,0.643404,4.886207,11.909322,0.189097,0.001881,0.242113,0.998454,0.313256,0.641202,1,1,1,1,0
0.1,15.0,0.5,0.4,0.0,0.213048,0.029382,0.066111,0.695775,18.805868,0.643593,4.886207,11.909322,0.289097,0.0,0.242113,0.998454,0.312629,0.642598,1,1,1,1,1
0.1,15.0,0.5,0.4,0.1,0.213048,0.029382,0.066111,0.695775,18.805868,0.643577,4.886207,11.909322,0.289097,0.0,0.242113,0.998454,0.312629,0.642582,1,1,1,1,0
0.1,15.0,0.5,0.4,0.3,0.213048,0.029382,0.066111,0.695775,18.805868,0.643451,4.886207,11.909322,0.289097,0.0,0.242113,0.998454,0.312629,0.642457,1,1,1,1,0
0.1,15.0,0.6,0.5,0.0,0.213048,0.029382,0.066111,0.695775,18.805868,0.643593,4.886207,11.909322,0.389097,0.0,0.242113,0.998454,0.312629,0.642598,1,1,1,1,1
0.1,15.0,0.6,0.5,0.1,0.213048,0.029382,0.066111,0.695775,18.805868,0.64358,4.886207,11.909322,0.389097,0.0,0.242113,0.998454,0.312629,0.642586,1,1,1,1,0
0.1,15.0,0.6,0.5,0.3,0.213048,0.029382,0.066111,0.695775,18.805868,0.64348,4.886207,11.909322,0.389097,0.0,0.242113,0.998454,0.312629,0.642485,1,1,1,1,0
0.1,15.0,0.7,0.6,0.0,0.213048,0.029382,0.066111,0.695775,18.805868,0.643593,4.886207,11.909322,0.489097,0.0,0.242113,0.998454,0.312629,0.642598,1,1,1,1,1
0.1,15.0,0.7,0.6,0.1,0.213048,0.029382,0.066111,0.695775,18.805868,0.643582,4.886207,11.909322,0.489097,0.0,0.242113,0.998454,0.312629,0.642588,1,1,1,1,0
0.1,15.0,0.7,0.6,0.3,0.213048,0.029382,0.066111,0.695775,18.805868,0.643499,4.886207,11.909322,0.489097,0.0,0.242113,0.998454,0.312629,0.642504,1,1,1,1,0
0.1,15.0,0.8,0.7,0.0,0.213048,0.029382,0.066111,0.695775,18.805868,0.643593,4.886207,11.909322,0.589097,0.0,0.242113,0.998454,0.312629,0.642598,1,1,1,1,1
0.1,15.0,0.8,0.7,0.1,0.213048,0.029382,0.066111,0.695775,18.805868,0.643584,4.886207,11.909322,0.589097,0.0,0.242113,0.998454,0.312629,0.642589,1,1,1,1,0
0.1,15.0,0.8,0.7,0.3,0.213048,0.029382,0.066111,0.695775,18.805868,0.643512,4.886207,11.909322,0.589097,0.0,0.242113,0.998454,0.312629,0.642517,1,1,1,1,0
0.1,15.0,0.9,0.8,0.0,0.213048,0.029382,0.066111,0.695775,18.805868,0.643593,4.886207,11.909322,0.689097,0.0,0.242113,0.998454,0.312629,0.642598,1,1,1,1,1
0.1,15.0,0.9,0.8,0.1,0.213048,0.029382,0.066111,0.695775,18.805868,0.643585,4.886207,11.909322,0.689097,0.0,0.242113,0.998454,0.312629,0.64259,1,1,1,1,0
0.1,15.0,0.9,0.8,0.3,0.213048,0.029382,0.066111,0.695775,18.805868,0.643522,4.886207,11.909322,0.689097,0.0,0.242113,0.998454,0.312629,0.642528,1,1,1,1,0
0.1,15.0,1.0,0.9,0.0,0.213048,0.029382,0.066111,0.695775,18.805868,0.643593,4.886207,11.909322,0.789097,0.0,0.242113,0.998454,0.312629,0.642598,1,1,1,1,1
0.1,15.0,1.0,0.9,0.1,0.213048,0.029382,0.066111,0.695775,18.805868,0.643586,4.886207,11.909322,0.789097,0.0,0.242113,0.998454,0.312629,0.642591,1,1,1,1,0
0.1,15.0,1.0,0.9,0.3,0.213048,0.029382,0.066111,0.695775,18.805868,0.64353,4.886207,11.909322,0.789097,0.0,0.242113,0.998454,0.312629,0.642535,1,1,1,1,0
0.1,17.5,0.3,0.2,0.0,0.250696,0.029382,0.066111,0.695775,18.805868,0.643593,5.722859,13.937619,0.051828,0.0513,0.279733,0.994354,0.34227,0.607129,1,1,1,1,0
0.1,17.5,0.3,0.2,0.1,0.250696,0.029382,0.066111,0.695775,18.805868,0.643561,5.722859,13.937619,0.051828,0.0513,0.279733,0.994354,0.34227,0.607099,1,1,1,1,0
0.1,17.5,0.3,0.2,0.3,0.250696,0.029382,0.066111,0.695775,18.805868,0.64331,5.722859,13.937619,0.051828,0.0513,0.279733,0.994354,0.34227,0.606862,1,1,1,1,0
0.1,17.5,0.4,0.3,0.0,0.250696,0.029382,0.066111,0.695775,18.805868,0.643593,5.722859,13.937619,0.151828,0.01211,0.279733,0.994354,0.329206,0.632209,1,1,1,1,0
0.1,17.5,0.4,0.3,0.1,0.250696,0.029382,0.066111,0.695775,18.805868,0.643572,5.722859,13.937619,0.151828,0.01211,0.279733,0.994354,0.329206,0.632189,1,1,1,1,0
0.1,17.5,0.4,0.3,0.3,0.250696,0.029382,0.066111,0.695775,18.805868,0.643404,5.722859,13.937619,0.151828,0.01211,0.279733,0.994354,0.329206,0.632024,1,1,1,1,0
0.1,17.5,0.5,0.4,0.0,0.250696,0.029382,0.066111,0.695775,18.805868,0.643593,5.722859,13.937619,0.251828,0.000371,0.279733,0.994354,0.325293,0.639722,1,1,1,1,1
0.1,17.5,0.5,0.4,0.1,0.250696,0.029382,0.066111,0.695775,18.805868,0.643577,5.722859,13.937619,0.251828,0.000371,0.279733,0.994354,0.325293,0.639706,1,1,1,1,0
0.1,17.5,0.5,0.4,0.3,0.250696,0.029382,0.066111,0.695775,18.805868,0.643451,5.722859,13.937619,0.251828,0.000371,0.279733,0.994354,0.325293,0.639581,1,1,1,1,0
0.1,17.5,0.6,0.5,0.0,0.250696,0.029382,0.066111,0.695775,18.805868,0.643593,5.722859,13.937619,0.351828,0.0,0.279733,0.994354,0.325169,0.639959,1,1,1,1,1
0.1,17.5,0.6,0.5,0.1,0.250696,0.029382,0.066111,0.695775,18.805868,0.64358,5.722859,13.937619,0.351828,0.0,0.279733,0.994354,0.325169,0.639946,1,1,1,1,0
0.1,17.5,0.6,0.5,0.3,0.250696,0.029382,0.066111,0.695775,18.805868,0.64348,5.722859,13.937619,0.351828,0.0,0.279733,0.994354,0.325169,0.639846,1,1,1,1,0
0.1,17.5,0.7,0.6,0.0,0.250696,0.029382,0.066111,0.695775,18.805868,0.643593,5.722859,13.937619,0.451828,0.0,0.279733,0.994354,0.325169,0.639959,1,1,1,1,1
0.1,17.5,0.7,0.6,0.1,0.250696,0.029382,0.066111,0.695775,18.805868,0.643582,5.722859,13.937619,0.451828,0.0,0.279733,0.994354,0.325169,0.639948,1,1,1,1,0
0.1,17.5,0.7,0.6,0.3,0.250696,0.029382,0.066111,0.695775,18.805868,0.643499,5.722859,13.937619,0.451828,0.0,0.279733,0.994354,0.325169,0.639865,1,1,1,1,0
0.1,17.5,0.8,0.7,0.0,0.250696,0.029382,0.066111,0.695775,18.805868,0.643593,5.722859,13.937619,0.551828,0.0,0.279733,0.994354,0.325169,0.639959,1,1,1,1,1
0.1,17.5,0.8,0.7,0.1,0.250696,0.029382,0.066111,0.695775,18.805868,0.643584,5.722859,13.937619,0.551828,0.0,0.279733,0.994354,0.325169,0.63995,1,1,1,1,0
0.1,17.5,0.8,0.7,0.3,0.250696,0.029382,0.066111,0.695775,18.805868,0.643512,5.722859,13.937619,0.551828,0.0,0.279733,0.994354,0.325169,0.639879,1,1,1,1,0
0.1,17.5,0.9,0.8,0.0,0.250696,0.029382,0.066111,0.695775,18.805868,0.643593,5.722859,13.937619,0.651828,0.0,0.279733,0.994354,0.325169,0.639959,1,1,1,1,1
0.1,17.5,0.9,0.8,0.1,0.250696,0.029382,0.066111,0.695775,18.805868,0.643585,5.722859,13.937619,0.651828,0.0,0.279733,0.994354,0.325169,0.639951,1,1,1,1,0
0.1,17.5,0.9,0.8,0.3,0.250696,0.029382,0.066111,0.695775,18.805868,0.643522,5.722859,13.937619,0.651828,0.0,0.279733,0.994354,0.325169,0.639889,1,1,1,1,0
0.1,17.5,1.0,0.9,0.0,0.250696,0.029382,0.066111,0.695775,18.805868,0.643593,5.722859,13.937619,0.751828,0.0,0.279733,0.994354,0.325169,0.639959,1,1,1,1,1
0.1,17.5,1.0,0.9,0.1,0.250696,0.029382,0.066111,0.695775,18.805868,0.643586,5.722859,13.937619,0.751828,0.0,0.279733,0.994354,0.325169,0.639952,1,1,1,1,0
0.1,17.5,1.0,0.9,0.3,0.250696,0.029382,0.066111,0.695775,18.805868,0.64353,5.722859,13.937619,0.751828,0.0,0.279733,0.994354,0.325169,0.639896,1,1,1,1,0
0.1,20.0,0.3,0.2,0.0,0.289395,0.029382,0.066111,0.695775,18.805868,0.643593,6.570705,15.986012,0.013519,0.077579,0.315355,0.987697,0.362903,0.58636,1,1,1,1,0
0.1,20.0,0.3,0.2,0.1,0.289395,0.029382,0.066111,0.695775,18.805868,0.643561,6.570705,15.986012,0.013519,0.077579,0.315355,0.987697,0.362903,0.586331,1,1,1,1,0
0.1,20.0,0.3,0.2,0.3,0.289395,0.029382,0.066111,0.695775,18.805868,0.64331,6.570705,15.986012,0.013519,0.077579,0.315355,0.987697,0.362903,0.586102,1,1,1,1,0
0.1,20.0,0.4,0.3,0.0,0.289395,0.029382,0.066111,0.695775,18.805868,0.643593,6.570705,15.986012,0.113519,0.029791,0.315355,0.987697,0.346974,0.616738,1,1,1,1,0
0.1,20.0,0.4,0.3,0.1,0.289395,0.029382,0.066111,0.695775,18.805868,0.643572,6.570705,15.986012,0.113519,0.029791,0.315355,0.987697,0.346974,0.616717,1,1,1,1,0
0.1,20.0,0.4,0.3,0.3,0.289395,0.029382,0.066111,0.695775,18.805868,0.643404,6.570705,15.986012,0.113519,0.029791,0.315355,0.987697,0.346974,0.616557,1,1,1,1,0
0.1,20.0,0.5,0.4,0.0,0.289395,0.029382,0.066111,0.695775,18.805868,0.643593,6.570705,15.986012,0.213519,0.006655,0.315355,0.987697,0.339262,0.631444,1,1,1,1,1
0.1,20.0,0.5,0.4,0.1,0.289395,0.029382,0.066111,0.695775,18.805868,0.643577,6.570705,15.986012,0.213519,0.006655,0.315355,0.987697,0.339262,0.631429,1,1,1,1,0
0.1,20.0,0.5,0.4,0.3,0.289395,0.029382,0.066111,0.695775,18.805868,0.643451,6.570705,15.986012,0.213519,0.006655,0.315355,0.987697,0.339262,0.631305,1,1,1,1,0
0.1,20.0,0.6,0.5,0.0,0.289395,0.029382,0.066111,0.695775,18.805868,0.643593,6.570705,15.986012,0.313519,0.0,0.315355,0.987697,0.337044,0.635675,1,1,1,1,1
0.1,20.0,0.6,0.5,0.1,0.289395,0.029382,0.066111,0.695775,18.805868,0.64358,6.570705,15.986012,0.313519,0.0,0.315355,0.987697,0.337044,0.635662,1,1,1,1,0
0.1,20.0,0.6,0.5,0.3,0.289395,0.029382,0.066111,0.695775,18.805868,0.64348,6.570705,15.986012,0.313519,0.0,0.315355,0.987697,0.337044,0.635563,1,1,1,1,0
0.1,20.0,0.7,0.6,0.0,0.289395,0.029382,0.066111,0.695775,18.805868,0.643593,6.570705,15.986012,0.413519,0.0,0.315355,0.987697,0.337044,0.635675,1,1,1,1,1
0.1,20.0,0.7,0.6,0.1,0.289395,0.029382,0.066111,0.695775,18.805868,0.643582,6.570705,15.986012,0.413519,0.0,0.315355,0.987697,0.337044,0.635664,1,1,1,1,0
0.1,20.0,0.7,0.6,0.3,0.289395,0.029382,0.066111,0.695775,18.805868,0.643499,6.570705,15.986012,0.413519,0.0,0.315355,0.987697,0.337044,0.635582,1,1,1,1,0
0.1,20.0,0.8,0.7,0.0,0.289395,0.029382,0.066111,0.695775,18.805868,0.643593,6.570705,15.986012,0.513519,0.0,0.315355,0.987697,0.337044,0.635675,1,1,1,1,1
0.1,20.0,0.8,0.7,0.1,0.289395,0.029382,0.066111,0.695775,18.805868,0.643584,6.570705,15.986012,0.513519,0.0,0.315355,0.987697,0.337044,0.635666,1,1,1,1,0
0.1,20.0,0.8,0.7,0.3,0.289395,0.029382,0.066111,0.695775,18.805868,0.643512,6.570705,15.986012,0.513519,0.0,0.315355,0.987697,0.337044,0.635595,1,1,1,1,0
0.1,20.0,0.9,0.8,0.0,0.289395,0.029382,0.066111,0.695775,18.805868,0.643593,6.570705,15.986012,0.613519,0.0,0.315355,0.987697,0.337044,0.635675,1,1,1,1,1
0.1,20.0,0.9,0.8,0.1,0.289395,0.029382,0.066111,0.695775,18.805868,0.643585,6.570705,15.986012,0.613519,0.0,0.315355,0.987697,0.337044,0.635667,1,1,1,1,0
0.1,20.0,0.9,0.8,0.3,0.289395,0.029382,0.066111,0.695775,18.805868,0.643522,6.570705,15.986012,0.613519,0.0,0.315355,0.987697,0.337044,0.635605,1,1,1,1,0
0.1,20.0,1.0,0.9,0.0,0.289395,0.029382,0.066111,0.695775,18.805868,0.643593,6.570705,15.986012,0.713519,0.0,0.315355,0.987697,0.337044,0.635675,1,1,1,1,1
0.1,20.0,1.0,0.9,0.1,0.289395,0.029382,0.066111,0.695775,18.805868,0.643586,6.570705,15.986012,0.713519,0.0,0.315355,0.987697,0.337044,0.635668,1,1,1,1,0
0.1,20.0,1.0,0.9,0.3,0.289395,0.029382,0.066111,0.695775,18.805868,0.64353,6.570705,15.986012,0.713519,0.0,0.315355,0.987697,0.337044,0.635613,1,1,1,1,0
0.1,22.5,0.3,0.2,0.0,0.329344,0.029382,0.066111,0.695775,18.805868,0.643593,7.431985,18.057406,-0.026028,0.110111,0.350799,0.980191,0.385562,0.561381,1,1,0,0,0
0.1,22.5,0.3,0.2,0.1,0.329344,0.029382,0.066111,0.695775,18.805868,0.643561,7.431985,18.057406,-0.026028,0.110111,0.350799,0.980191,0.385562,0.561354,1,1,0,0,0
0.1,22.5,0.3,0.2,0.3,0.329344,0.029382,0.066111,0.695775,18.805868,0.64331,7.431985,18.057406,-0.026028,0.110111,0.350799,0.980191,0.385562,0.561135,1,1,0,0,0
0.1,22.5,0.4,0.3,0.0,0.329344,0.029382,0.066111,0.695775,18.805868,0.643593,7.431985,18.057406,0.073972,0.049147,0.350799,0.980191,0.365241,0.59984,1,1,1,1,1
0.1,22.5,0.4,0.3,0.1,0.329344,0.029382,0.066111,0.695775,18.805868,0.643572,7.431985,18.057406,0.073972,0.049147,0.350799,0.980191,0.365241,0.59982,1,1,1,1,0
0.1,22.5,0.4,0.3,0.3,0.329344,0.029382,0.066111,0.695775,18.805868,0.643404,7.431985,18.057406,0.073972,0.049147,0.350799,0.980191,0.365241,0.599664,1,1,1,1,0
0.1,22.5,0.5,0.4,0.0,0.329344,0.029382,0.066111,0.695775,18.805868,0.643593,7.431985,18.057406,0.173972,0.017957,0.350799,0.980191,0.354844,0.619516,1,1,1,1,1
0.1,22.5,0.5,0.4,0.1,0.329344,0.029382,0.066111,0.695775,18.805868,0.643577,7.431985,18.057406,0.173972,0.017957,0.350799,0.980191,0.354844,0.619501,1,1,1,1,0
0.1,22.5,0.5,0.4,0.3,0.329344,0.029382,0.066111,0.695775,18.805868,0.643451,7.431985,18.057406,0.173972,0.017957,0.350799,0.980191,0.354844,0.61938,1,1,1,1,0
0.1,22.5,0.6,0.5,0.0,0.329344,0.029382,0.066111,0.695775,18.805868,0.643593,7.431985,18.057406,0.273972,0.00318,0.350799,0.980191,0.349918,0.628838,1,1,1,1,1
0.1,22.5,0.6,0.5,0.1,0.329344,0.029382,0.066111,0.695775,18.805868,0.64358,7.431985,18.057406,0.273972,0.00318,0.350799,0.980191,0.349918,0.628826,1,1,1,1,0
0.1,22.5,0.6,0.5,0.3,0.329344,0.029382,0.066111,0.695775,18.805868,0.64348,7.431985,18.057406,0.273972,0.00318,0.350799,0.980191,0.349918,0.628728,1,1,1,1,0
0.1,22.5,0.7,0.6,0.0,0.329344,0.029382,0.066111,0.695775,18.805868,0.643593,7.431985,18.057406,0.373972,0.0,0.350799,0.980191,0.348858,0.630844,1,1,1,1,1
0.1,22.5,0.7,0.6,0.1,0.329344,0.029382,0.066111,0.695775,18.805868,0.643582,7.431985,18.057406,0.373972,0.0,0.350799,0.980191,0.348858,0.630834,1,1,1,1,0
0.1,22.5,0.7,0.6,0.3,0.329344,0.029382,0.066111,0.695775,18.805868,0.643499,7.431985,18.057406,0.373972,0.0,0.350799,0.980191,0.348858,0.630752,1,1,1,1,0
0.1,22.5,0.8,0.7,0.0,0.329344,0.029382,0.066111,0.695775,18.805868,0.643593,7.431985,18.057406,0.473972,0.0,0.350799,0.980191,0.348858,0.630844,1,1,1,1,1
0.1,22.5,0.8,0.7,0.1,0.329344,0.029382,0.066111,0.695775,18.805868,0.643584,7.431985,18.057406,0.473972,0.0,0.350799,0.980191,0.348858,0.630835,1,1,1,1,0
0.1,22.5,0.8,0.7,0.3,0.329344,0.029382,0.066111,0.695775,18.805868,0.643512,7.431985,18.057406,0.473972,0.0,0.350799,0.980191,0.348858,0.630765,1,1,1,1,0
0.1,22.5,0.9,0.8,0.0,0.329344,0.029382,0.066111,0.695775,18.805868,0.643593,7.431985,18.057406,0.573972,0.0,0.350799,0.980191,0.348858,0.630844,1,1,1,1,1
0.1,22.5,0.9,0.8,0.1,0.329344,0.029382,0.066111,0.695775,18.805868,0.643585,7.431985,18.057406,0.573972,0.0,0.350799,0.980191,0.348858,0.630836,1,1,1,1,0
0.1,22.5,0.9,0.8,0.3,0.329344,0.029382,0.066111,0.695775,18.805868,0.643522,7.431985,18.057406,0.573972,0.0,0.350799,0.980191,0.348858,0.630775,1,1,1,1,0
0.1,22.5,1.0,0.9,0.0,0.329344,0.029382,0.066111,0.695775,18.805868,0.643593,7.431985,18.057406,0.673972,0.0,0.350799,0.980191,0.348858,0.630844,1,1,1,1,1
0.1,22.5,1.0,0.9,0.1,0.329344,0.029382,0.066111,0.695775,18.805868,0.643586,7.431985,18.057406,0.673972,0.0,0.350799,0.980191,0.348858,0.630837,1,1,1,1,0
0.1,22.5,1.0,0.9,0.3,0.329344,0.029382,0.066111,0.695775,18.805868,0.64353,7.431985,18.057406,0.673972,0.0,0.350799,0.980191,0.348858,0.630783,1,1,1,1,0
0.1,25.0,0.3,0.2,0.0,0.370764,0.029382,0.066111,0.695775,18.805868,0.643593,8.309196,20.154705,-0.067031,0.141955,0.383126,0.968775,0.406952,0.534988,0,1,0,0,0
0.1,25.0,0.3,0.2,0.1,0.370764,0.029382,0.066111,0.695775,18.805868,0.643561,8.309196,20.154705,-0.067031,0.141955,0.383126,0.968775,0.406952,0.534962,0,1,0,0,0
0.1,25.0,0.3,0.2,0.3,0.370764,0.029382,0.066111,0.695775,18.805868,0.64331,8.309196,20.154705,-0.067031,0.141955,0.383126,0.968775,0.406952,0.534753,0,1,0,0,0
0.1,25.0,0.4,0.3,0.0,0.370764,0.029382,0.066111,0.695775,18.805868,0.643593,8.309196,20.154705,0.032969,0.068576,0.383126,0.968775,0.382492,0.58074,0,1,1,0,0
0.1,25.0,0.4,0.3,0.1,0.370764,0.029382,0.066111,0.695775,18.805868,0.643572,8.309196,20.154705,0.032969,0.068576,0.383126,0.968775,0.382492,0.580721,0,1,1,0,0
0.1,25.0,0.4,0.3,0.3,0.370764,0.029382,0.066111,0.695775,18.805868,0.643404,8.309196,20.154705,0.032969,0.068576,0.383126,0.968775,0.382492,0.58057,0,1,1,0,0
0.1,25.0,0.5,0.4,0.0,0.370764,0.029382,0.066111,0.695775,18.805868,0.643593,8.309196,20.154705,0.132969,0.033573,0.383126,0.968775,0.370825,0.602564,0,1,1,0,0
0.1,25.0,0.5,0.4,0.1,0.370764,0.029382,0.066111,0.695775,18.805868,0.643577,8.309196,20.154705,0.132969,0.033573,0.383126,0.968775,0.370825,0.60255,0,1,1,0,0
0.1,25.0,0.5,0.4,0.3,0.370764,0.029382,0.066111,0.695775,18.805868,0.643451,8.309196,20.154705,0.132969,0.033573,0.383126,0.968775,0.370825,0.602432,0,1,1,0,0
0.1,25.0,0.6,0.5,0.0,0.370764,0.029382,0.066111,0.695775,18.805868,0.643593,8.309196,20.154705,0.232969,0.010936,0.383126,0.968775,0.363279,0.616678,0,1,1,0,0
0.1,25.0,0.6,0.5,0.1,0.370764,0.029382,0.066111,0.695775,18.805868,0.64358,8.309196,20.154705,0.232969,0.010936,0.383126,0.968775,0.363279,0.616666,0,1,1,0,0
0.1,25.0,0.6,0.5,0.3,0.370764,0.029382,0.066111,0.695775,18.805868,0.64348,8.309196,20.154705,0.232969,0.010936,0.383126,0.968775,0.363279,0.61657,0,1,1,0,0
0.1,25.0,0.7,0.6,0.0,0.370764,0.029382,0.066111,0.695775,18.805868,0.643593,8.309196,20.154705,0.332969,0.001745,0.383126,0.968775,0.360216,0.622408,0,1,1,0,0
0.1,25.0,0.7,0.6,0.1,0.370764,0.029382,0.066111,0.695775,18.805868,0.643582,8.309196,20.154705,0.332969,0.001745,0.383126,0.968775,0.360216,0.622398,0,1,1,0,0
0.1,25.0,0.7,0.6,0.3,0.370764,0.029382,0.066111,0.695775,18.805868,0.643499,8.309196,20.154705,0.332969,0.001745,0.383126,0.968775,0.360216,0.622317,0,1,1,0,0
0.1,25.0,0.8,0.7,0.0,0.370764,0.029382,0.066111,0.695775,18.805868,0.643593,8.309196,20.154705,0.432969,0.0,0.383126,0.968775,0.359634,0.623497,0,1,1,0,0
0.1,25.0,0.8,0.7,0.1,0.370764,0.029382,0.066111,0.695775,18.805868,0.643584,8.309196,20.154705,0.432969,0.0,0.383126,0.968775,0.359634,0.623488,0,1,1,0,0
0.1,25.0,0.8,0.7,0.3,0.370764,0.029382,0.066111,0.695775,18.805868,0.643512,8.309196,20.154705,0.432969,0.0,0.383126,0.968775,0.359634,0.623418,0,1,1,0,0
0.1,25.0,0.9,0.8,0.0,0.370764,0.029382,0.066111,0.695775,18.805868,0.643593,8.309196,20.154705,0.532969,0.0,0.383126,0.968775,0.359634,0.623497,0,1,1,0,0
0.1,25.0,0.9,0.8,0.1,0.370764,0.029382,0.066111,0.695775,18.805868,0.643585,8.309196,20.154705,0.532969,0.0,0.383126,0.968775,0.359634,0.623489,0,1,1,0,0
0.1,25.0,0.9,0.8,0.3,0.370764,0.029382,0.066111,0.695775,18.805868,0.643522,8.309196,20.154705,0.532969,0.0,0.383126,0.968775,0.359634,0.623428,0,1,1,0,0
0.1,25.0,1.0,0.9,0.0,0.370764,0.029382,0.066111,0.695775,18.805868,0.643593,8.309196,20.154705,0.632969,0.0,0.383126,0.968775,0.359634,0.623497,0,1,1,0,0
0.1,25.0,1.0,0.9,0.1,0.370764,0.029382,0.066111,0.695775,18.805868,0.643586,8.309196,20.154705,0.632969,0.0,0.383126,0.968775,0.359634,0.62349,0,1,1,0,0
0.1,25.0,1.0,0.9,0.3,0.370764,0.029382,0.066111,0.695775,18.805868,0.64353,8.309196,20.154705,0.632969,0.0,0.383126,0.968775,0.359634,0.623436,0,1,1,0,0
0.1,27.5,0.3,0.2,0.0,0.413906,0.029382,0.066111,0.695775,18.805868,0.643593,9.20513,22.280809,-0.109739,0.171901,0.41356,0.954532,0.427079,0.508726,0,1,0,0,0
0.1,27.5,0.3,0.2,0.1,0.413906,0.029382,0.066111,0.695775,18.805868,0.643561,9.20513,22.280809,-0.109739,0.171901,0.41356,0.954532,0.427079,0.508701,0,1,0,0,0
0.1,27.5,0.3,0.2,0.3,0.413906,0.029382,0.066111,0.695775,18.805868,0.64331,9.20513,22.280809,-0.109739,0.171901,0.41356,0.954532,0.427079,0.508503,0,1,0,0,0
0.1,27.5,0.4,0.3,0.0,0.413906,0.029382,0.066111,0.695775,18.805868,0.643593,9.20513,22.280809,-0.009739,0.094355,0.41356,0.954532,0.40123,0.556365,0,1,0,0,0
0.1,27.5,0.4,0.3,0.1,0.413906,0.029382,0.066111,0.695775,18.805868,0.643572,9.20513,22.280809,-0.009739,0.094355,0.41356,0.954532,0.40123,0.556347,0,1,0,0,0
0.1,27.5,0.4,0.3,0.3,0.413906,0.029382,0.066111,0.695775,18.805868,0.643404,9.20513,22.280809,-0.009739,0.094355,0.41356,0.954532,0.40123,0.556202,0,1,0,0,0
0.1,27.5,0.5,0.4,0.0,0.413906,0.029382,0.066111,0.695775,18.805868,0.643593,9.20513,22.280809,0.090261,0.049907,0.41356,0.954532,0.386414,0.583671,0,1,1,0,0
0.1,27.5,0.5,0.4,0.1,0.413906,0.029382,0.066111,0.695775,18.805868,0.643577,9.20513,22.280809,0.090261,0.049907,0.41356,0.954532,0.386414,0.583657,0,1,1,0,0
0.1,27.5,0.5,0.4,0.3,0.413906,0.029382,0.066111,0.695775,18.805868,0.643451,9.20513,22.280809,0.090261,0.049907,0.41356,0.954532,0.386414,0.583543,0,1,1,0,0
0.1,27.5,0.6,0.5,0.0,0.413906,0.029382,0.066111,0.695775,18.805868,0.643593,9.20513,22.280809,0.190261,0.023269,0.41356,0.954532,0.377535,0.600035,0,1,1,0,0
0.1,27.5,0.6,0.5,0.1,0.413906,0.029382,0.066111,0.695775,18.805868,0.64358,9.20513,22.280809,0.190261,0.023269,0.41356,0.954532,0.377535,0.600023,0,1,1,0,0
0.1,27.5,0.6,0.5,0.3,0.413906,0.029382,0.066111,0.695775,18.805868,0.64348,9.20513,22.280809,0.190261,0.023269,0.41356,0.954532,0.377535,0.59993,0,1,1,0,0
0.1,27.5,0.7,0.6,0.0,0.413906,0.029382,0.066111,0.695775,18.805868,0.643593,9.20513,22.280809,0.290261,0.008071,0.41356,0.954532,0.372469,0.609372,0,1,1,0,0
0.1,27.5,0.7,0.6,0.1,0.413906,0.029382,0.066111,0.695775,18.805868,0.643582,9.20513,22.280809,0.290261,0.008071,0.41356,0.954532,0.372469,0.609362,0,1,1,0,0
0.1,27.5,0.7,0.6,0.3,0.413906,0.029382,0.066111,0.695775,18.805868,0.643499,9.20513,22.280809,0.290261,0.008071,0.41356,0.954532,0.372469,0.609283,0,1,1,0,0
0.1,27.5,0.8,0.7,0.0,0.413906,0.029382,0.066111,0.695775,18.805868,0.643593,9.20513,22.280809,0.390261,0.001167,0.41356,0.954532,0.370167,0.613613,0,1,1,0,0
0.1,27.5,0.8,0.7,0.1,0.413906,0.029382,0.066111,0.695775,18.805868,0.643584,9.20513,22.280809,0.390261,0.001167,0.41356,0.954532,0.370167,0.613605,0,1,1,0,0
0.1,27.5,0.8,0.7,0.3,0.413906,0.029382,0.066111,0.695775,18.805868,0.643512,9.20513,22.280809,0.390261,0.001167,0.41356,0.954532,0.370167,0.613536,0,1,1,0,0
0.1,27.5,0.9,0.8,0.0,0.413906,0.029382,0.066111,0.695775,18.805868,0.643593,9.20513,22.280809,0.490261,0.0,0.41356,0.954532,0.369779,0.61433,0,1,1,0,0
0.1,27.5,0.9,0.8,0.1,0.413906,0.029382,0.066111,0.695775,18.805868,0.643585,9.20513,22.280809,0.490261,0.0,0.41356,0.954532,0.369779,0.614322,0,1,1,0,0
0.1,27.5,0.9,0.8,0.3,0.413906,0.029382,0.066111,0.695775,18.805868,0.643522,9.20513,22.280809,0.490261,0.0,0.41356,0.954532,0.369779,0.614263,0,1,1,0,0
0.1,27.5,1.0,0.9,0.0,0.413906,0.029382,0.066111,0.695775,18.805868,0.643593,9.20513,22.280809,0.590261,0.0,0.41356,0.954532,0.369779,0.61433,0,1,1,0,0
0.1,27.5,1.0,0.9,0.1,0.413906,0.029382,0.066111,0.695775,18.805868,0.643586,9.20513,22.280809,0.590261,0.0,0.41356,0.954532,0.369779,0.614323,0,1,1,0,0
0.1,27.5,1.0,0.9,0.3,0.413906,0.029382,0.066111,0.695775,18.805868,0.64353,9.20513,22.280809,0.590261,0.0,0.41356,0.954532,0.369779,0.61427,0,1,1,0,0
0.1,30.0,0.3,0.2,0.0,0.459055,0.029382,0.066111,0.695775,18.805868,0.643593,10.122921,24.438603,-0.154433,0.201976,0.443587,0.939644,0.447113,0.482604,0,1,0,0,0
0.1,30.0,0.3,0.2,0.1,0.459055,0.029382,0.066111,0.695775,18.805868,0.643561,10.122921,24.438603,-0.154433,0.201976,0.443587,0.939644,0.447113,0.48258,0,1,0,0,0
0.1,30.0,0.3,0.2,0.3,0.459055,0.029382,0.066111,0.695775,18.805868,0.64331,10.122921,24.438603,-0.154433,0.201976,0.443587,0.939644,0.447113,0.482392,0,1,0,0,0
0.1,30.0,0.4,0.3,0.0,0.459055,0.029382,0.066111,0.695775,18.805868,0.643593,10.122921,24.438603,-0.054433,0.121855,0.443587,0.939644,0.420406,0.531057,0,1,0,0,0
0.1,30.0,0.4,0.3,0.1,0.459055,0.029382,0.066111,0.695775,18.805868,0.643572,10.122921,24.438603,-0.054433,0.121855,0.443587,0.939644,0.420406,0.531039,0,1,0,0,0
0.1,30.0,0.4,0.3,0.3,0.459055,0.029382,0.066111,0.695775,18.805868,0.643404,10.122921,24.438603,-0.054433,0.121855,0.443587,0.939644,0.420406,0.530901,0,1,0,0,0
0.1,30.0,0.5,0.4,0.0,0.459055,0.029382,0.066111,0.695775,18.805868,0.643593,10.122921,24.438603,0.045567,0.066439,0.443587,0.939644,0.401934,0.564569,0,1,1,0,0
0.1,30.0,0.5,0.4,0.1,0.459055,0.029382,0.066111,0.695775,18.805868,0.643577,10.122921,24.438603,0.045567,0.066439,0.443587,0.939644,0.401934,0.564555,0,1,1,0,0
0.1,30.0,0.5,0.4,0.3,0.459055,0.029382,0.066111,0.695775,18.805868,0.643451,10.122921,24.438603,0.045567,0.066439,0.443587,0.939644,0.401934,0.564445,0,1,1,0,0
0.1,30.0,0.6,0.5,0.0,0.459055,0.029382,0.066111,0.695775,18.805868,0.643593,10.122921,24.438603,0.145567,0.038399,0.443587,0.939644,0.392587,0.581527,0,1,1,0,0
0.1,30.0,0.6,0.5,0.1,0.459055,0.029382,0.066111,0.695775,18.805868,0.64358,10.122921,24.438603,0.145567,0.038399,0.443587,0.939644,0.392587,0.581515,0,1,1,0,0
0.1,30.0,0.6,0.5,0.3,0.459055,0.029382,0.066111,0.695775,18.805868,0.64348,10.122921,24.438603,0.145567,0.038399,0.443587,0.939644,0.392587,0.581425,0,1,1,0,0
0.1,30.0,0.7,0.6,0.0,0.459055,0.029382,0.066111,0.695775,18.805868,0.643593,10.122921,24.438603,0.245567,0.017438,0.443587,0.939644,0.3856,0.594203,0,1,1,0,0
0.1,30.0,0.7,0.6,0.1,0.459055,0.029382,0.066111,0.695775,18.805868,0.643582,10.122921,24.438603,0.245567,0.017438,0.443587,0.939644,0.3856,0.594193,0,1,1,0,0
0.1,30.0,0.7,0.6,0.3,0.459055,0.029382,0.066111,0.695775,18.805868,0.643499,10.122921,24.438603,0.245567,0.017438,0.443587,0.939644,0.3856,0.594116,0,1,1,0,0
0.1,30.0,0.8,0.7,0.0,0.459055,0.029382,0.066111,0.695775,18.805868,0.643593,10.122921,24.438603,0.345567,0.006076,0.443587,0.939644,0.381813,0.601074,0,1,1,0,0
0.1,30.0,0.8,0.7,0.1,0.459055,0.029382,0.066111,0.695775,18.805868,0.643584,10.122921,24.438603,0.345567,0.006076,0.443587,0.939644,0.381813,0.601066,0,1,1,0,0
0.1,30.0,0.8,0.7,0.3,0.459055,0.029382,0.066111,0.695775,18.805868,0.643512,10.122921,24.438603,0.345567,0.006076,0.443587,0.939644,0.381813,0.600999,0,1,1,0,0
0.1,30.0,0.9,0.8,0.0,0.459055,0.029382,0.066111,0.695775,18.805868,0.643593,10.122921,24.438603,0.445567,0.000808,0.443587,0.939644,0.380057,0.604259,0,1,1,0,0
0.1,30.0,0.9,0.8,0.1,0.459055,0.029382,0.066111,0.695775,18.805868,0.643585,10.122921,24.438603,0.445567,0.000808,0.443587,0.939644,0.380057,0.604252,0,1,1,0,0
0.1,30.0,0.9,0.8,0.3,0.459055,0.029382,0.066111,0.695775,18.805868,0.643522,10.122921,24.438603,0.445567,0.000808,0.443587,0.939644,0.380057,0.604193,0,1,1,0,0
0.1,30.0,1.0,0.9,0.0,0.459055,0.029382,0.066111,0.695775,18.805868,0.643593,10.122921,24.438603,0.545567,0.0,0.443587,0.939644,0.379788,0.604748,0,1,1,0,0
0.1,30.0,1.0,0.9,0.1,0.459055,0.029382,0.066111,0.695775,18.805868,0.643586,10.122921,24.438603,0.545567,0.0,0.443587,0.939644,0.379788,0.604742,0,1,1,0,0
0.1,30.0,1.0,0.9,0.3,0.459055,0.029382,0.066111,0.695775,18.805868,0.64353,10.122921,24.438603,0.545567,0.0,0.443587,0.939644,0.379788,0.604689,0,1,1,0,0
0.1,32.5,0.3,0.2,0.0,0.506538,0.029382,0.066111,0.695775,18.805868,0.643593,11.066099,26.630945,-0.201438,0.232064,0.473424,0.924539,0.467088,0.456943,0,1,0,0,0
0.1,32.5,0.3,0.2,0.1,0.506538,0.029382,0.066111,0.695775,18.805868,0.643561,11.066099,26.630945,-0.201438,0.232064,0.473424,0.924539,0.467088,0.45692,0,1,0,0,0
0.1,32.5,0.3,0.2,0.3,0.506538,0.029382,0.066111,0.695775,18.805868,0.64331,11.066099,26.630945,-0.201438,0.232064,0.473424,0.924539,0.467088,0.456742,0,1,0,0,0
0.1,32.5,0.4,0.3,0.0,0.506538,0.029382,0.066111,0.695775,18.805868,0.643593,11.066099,26.630945,-0.101438,0.14849,0.473424,0.924539,0.43923,0.506671,0,1,0,0,0
0.1,32.5,0.4,0.3,0.1,0.506538,0.029382,0.066111,0.695775,18.805868,0.643572,11.066099,26.630945,-0.101438,0.14849,0.473424,0.924539,0.43923,0.506655,0,1,0,0,0
0.1,32.5,0.4,0.3,0.3,0.506538,0.029382,0.066111,0.695775,18.805868,0.643404,11.066099,26.630945,-0.101438,0.14849,0.473424,0.924539,0.43923,0.506523,0,1,0,0,0
0.1,32.5,0.5,0.4,0.0,0.506538,0.029382,0.066111,0.695775,18.805868,0.643593,11.066099,26.630945,-0.001438,0.089013,0.473424,0.924539,0.419404,0.542062,0,1,0,0,0
0.1,32.5,0.5,0.4,0.1,0.506538,0.029382,0.066111,0.695775,18.805868,0.643577,11.066099,26.630945,-0.001438,0.089013,0.473424,0.924539,0.419404,0.542049,0,1,0,0,0
0.1,32.5,0.5,0.4,0.3,0.506538,0.029382,0.066111,0.695775,18.805868,0.643451,11.066099,26.630945,-0.001438,0.089013,0.473424,0.924539,0.419404,0.541943,0,1,0,0,0
0.1,32.5,0.6,0.5,0.0,0.506538,0.029382,0.066111,0.695775,18.805868,0.643593,11.066099,26.630945,0.098562,0.05287,0.473424,0.924539,0.407356,0.563568,0,1,1,0,0
0.1,32.5,0.6,0.5,0.1,0.506538,0.029382,0.066111,0.695775,18.805868,0.64358,11.066099,26.630945,0.098562,0.05287,0.473424,0.924539,0.407356,0.563557,0,1,1,0,0
0.1,32.5,0.6,0.5,0.3,0.506538,0.029382,0.066111,0.695775,18.805868,0.64348,11.066099,26.630945,0.098562,0.05287,0.473424,0.924539,0.407356,0.563469,0,1,1,0,0
0.1,32.5,0.7,0.6,0.0,0.506538,0.029382,0.066111,0.695775,18.805868,0.643593,11.066099,26.630945,0.198562,0.029818,0.473424,0.924539,0.399672,0.577284,0,1,1,0,0
0.1,32.5,0.7,0.6,0.1,0.506538,0.029382,0.066111,0.695775,18.805868,0.643582,11.066099,26.630945,0.198562,0.029818,0.473424,0.924539,0.399672,0.577275,0,1,1,0,0
0.1,32.5,0.7,0.6,0.3,0.506538,0.029382,0.066111,0.695775,18.805868,0.643499,11.066099,26.630945,0.198562,0.029818,0.473424,0.924539,0.399672,0.5772,0,1,1,0,0
0.1,32.5,0.8,0.7,0.0,0.506538,0.029382,0.066111,0.695775,18.805868,0.643593,11.066099,26.630945,0.298562,0.013218,0.473424,0.924539,0.394139,0.587162,0,1,1,0,0
0.1,32.5,0.8,0.7,0.1,0.506538,0.029382,0.066111,0.695775,18.805868,0.643584,11.066099,26.630945,0.298562,0.013218,0.473424,0.924539,0.394139,0.587153,0,1,1,0,0
0.1,32.5,0.8,0.7,0.3,0.506538,0.029382,0.066111,0.695775,18.805868,0.643512,11.066099,26.630945,0.298562,0.013218,0.473424,0.924539,0.394139,0.587088,0,1,1,0,0
0.1,32.5,0.9,0.8,0.0,0.506538,0.029382,0.066111,0.695775,18.805868,0.643593,11.066099,26.630945,0.398562,0.004757,0.473424,0.924539,0.391319,0.592196,0,1,1,0,0
0.1,32.5,0.9,0.8,0.1,0.506538,0.029382,0.066111,0.695775,18.805868,0.643585,11.066099,26.630945,0.398562,0.004757,0.473424,0.924539,0.391319,0.592189,0,1,1,0,0
0.1,32.5,0.9,0.8,0.3,0.506538,0.029382,0.066111,0.695775,18.805868,0.643522,11.066099,26.630945,0.398562,0.004757,0.473424,0.924539,0.391319,0.592131,0,1,1,0,0
0.1,32.5,1.0,0.9,0.0,0.506538,0.029382,0.066111,0.695775,18.805868,0.643593,11.066099,26.630945,0.498562,0.000632,0.473424,0.924539,0.389944,0.59465,0,1,1,0,0
0.1,32.5,1.0,0.9,0.1,0.506538,0.029382,0.066111,0.695775,18.805868,0.643586,11.066099,26.630945,0.498562,0.000632,0.473424,0.924539,0.389944,0.594644,0,1,1,0,0
0.1,32.5,1.0,0.9,0.3,0.506538,0.029382,0.066111,0.695775,18.805868,0.64353,11.066099,26.630945,0.498562,0.000632,0.473424,0.924539,0.389944,0.594592,0,1,1,0,0
0.1,35.0,0.3,0.2,0.0,0.556739,0.029382,0.066111,0.695775,18.805868,0.643593,12.038659,28.860644,-0.251134,0.262501,0.502452,0.908434,0.48691,0.431187,0,1,0,0,0
0.1,35.0,0.3,0.2,0.1,0.556739,0.029382,0.066111,0.695775,18.805868,0.643561,12.038659,28.860644,-0.251134,0.262501,0.502452,0.908434,0.48691,0.431166,0,1,0,0,0
0.1,35.0,0.3,0.2,0.3,0.556739,0.029382,0.066111,0.695775,18.805868,0.64331,12.038659,28.860644,-0.251134,0.262501,0.502452,0.908434,0.48691,0.430998,0,1,0,0,0
0.1,35.0,0.4,0.3,0.0,0.556739,0.029382,0.066111,0.695775,18.805868,0.643593,12.038659,28.860644,-0.151134,0.174398,0.502452,0.908434,0.457542,0.482698,0,1,0,0,0
0.1,35.0,0.4,0.3,0.1,0.556739,0.029382,0.066111,0.695775,18.805868,0.643572,12.038659,28.860644,-0.151134,0.174398,0.502452,0.908434,0.457542,0.482682,0,1,0,0,0
0.1,35.0,0.4,0.3,0.3,0.556739,0.029382,0.066111,0.695775,18.805868,0.643404,12.038659,28.860644,-0.151134,0.174398,0.502452,0.908434,0.457542,0.482556,0,1,0,0,0
0.1,35.0,0.5,0.4,0.0,0.556739,0.029382,0.066111,0.695775,18.805868,0.643593,12.038659,28.860644,-0.051134,0.113917,0.502452,0.908434,0.437382,0.518059,0,1,0,0,0
0.1,35.0,0.5,0.4,0.1,0.556739,0.029382,0.066111,0.695775,18.805868,0.643577,12.038659,28.860644,-0.051134,0.113917,0.502452,0.908434,0.437382,0.518046,0,1,0,0,0
0.1,35.0,0.5,0.4,0.3,0.556739,0.029382,0.066111,0.695775,18.805868,0.643451,12.038659,28.860644,-0.051134,0.113917,0.502452,0.908434,0.437382,0.517945,0,1,0,0,0
0.1,35.0,0.6,0.5,0.0,0.556739,0.029382,0.066111,0.695775,18.805868,0.643593,12.038659,28.860644,0.048866,0.068813,0.502452,0.908434,0.422347,0.544429,0,1,1,0,0
0.1,35.0,0.6,0.5,0.1,0.556739,0.029382,0.066111,0.695775,18.805868,0.64358,12.038659,28.860644,0.048866,0.068813,0.502452,0.908434,0.422347,0.544419,0,1,1,0,0
0.1,35.0,0.6,0.5,0.3,0.556739,0.029382,0.066111,0.695775,18.805868,0.64348,12.038659,28.860644,0.048866,0.068813,0.502452,0.908434,0.422347,0.544334,0,1,1,0,0
0.1,35.0,0.7,0.6,0.0,0.556739,0.029382,0.066111,0.695775,18.805868,0.643593,12.038659,28.860644,0.148866,0.044176,0.502452,0.908434,0.414134,0.558834,0,1,1,0,0
0.1,35.0,0.7,0.6,0.1,0.556739,0.029382,0.066111,0.695775,18.805868,0.643582,12.038659,28.860644,0.148866,0.044176,0.502452,0.908434,0.414134,0.558825,0,1,1,0,0
0.1,35.0,0.7,0.6,0.3,0.556739,0.029382,0.066111,0.695775,18.805868,0.643499,12.038659,28.860644,0.148866,0.044176,0.502452,0.908434,0.414134,0.558752,0,1,1,0,0
0.1,35.0,0.8,0.7,0.0,0.556739,0.029382,0.066111,0.695775,18.805868,0.643593,12.038659,28.860644,0.248866,0.024297,0.502452,0.908434,0.407508,0.570456,0,1,1,0,0
0.1,35.0,0.8,0.7,0.1,0.556739,0.029382,0.066111,0.695775,18.805868,0.643584,12.038659,28.860644,0.248866,0.024297,0.502452,0.908434,0.407508,0.570448,0,1,1,0,0
0.1,35.0,0.8,0.7,0.3,0.556739,0.029382,0.066111,0.695775,18.805868,0.643512,12.038659,28.860644,0.248866,0.024297,0.502452,0.908434,0.407508,0.570385,0,1,1,0,0
0.1,35.0,0.9,0.8,0.0,0.556739,0.029382,0.066111,0.695775,18.805868,0.643593,12.038659,28.860644,0.348866,0.011025,0.502452,0.908434,0.403084,0.578216,0,1,1,0,0
0.1,35.0,0.9,0.8,0.1,0.556739,0.029382,0.066111,0.695775,18.805868,0.643585,12.038659,28.860644,0.348866,0.011025,0.502452,0.908434,0.403084,0.578209,0,1,1,0,0
0.1,35.0,0.9,0.8,0.3,0.556739,0.029382,0.066111,0.695775,18.805868,0.643522,12.038659,28.860644,0.348866,0.011025,0.502452,0.908434,0.403084,0.578152,0,1,1,0,0
0.1,35.0,1.0,0.9,0.0,0.556739,0.029382,0.066111,0.695775,18.805868,0.643593,12.038659,28.860644,0.448866,0.004005,0.502452,0.908434,0.400744,0.58232,0,1,1,0,0
0.1,35.0,1.0,0.9,0.1,0.556739,0.029382,0.066111,0.695775,18.805868,0.643586,12.038659,28.860644,0.448866,0.004005,0.502452,0.908434,0.400744,0.582314,0,1,1,0,0
0.1,35.0,1.0,0.9,0.3,0.556739,0.029382,0.066111,0.695775,18.805868,0.64353,12.038659,28.860644,0.448866,0.004005,0.502452,0.908434,0.400744,0.582263,0,1,1,0,0
0.15,5.0,0.3,0.2,0.0,0.069563,0.044074,0.099166,0.8322,12.537246,0.530783,1.613854,3.939305,0.231138,0.0,0.080477,1.0,0.304226,0.530783,1,1,1,1,0
0.15,5.0,0.3,0.2,0.1,0.069563,0.044074,0.099166,0.8322,12.537246,0.530744,1.613854,3.939305,0.231138,0.0,0.080477,1.0,0.304226,0.530744,1,1,1,1,0
0.15,5.0,0.3,0.2,0.3,0.069563,0.044074,0.099166,0.8322,12.537246,0.530433,1.613854,3.939305,0.231138,0.0,0.080477,1.0,0.304226,0.530433,1,1,1,1,0
0.15,5.0,0.4,0.3,0.0,0.069563,0.044074,0.099166,0.8322,12.537246,0.530783,1.613854,3.939305,0.331138,0.0,0.080477,1.0,0.304226,0.530783,1,1,1,1,0
0.15,5.0,0.4,0.3,0.1,0.069563,0.044074,0.099166,0.8322,12.537246,0.530757,1.613854,3.939305,0.331138,0.0,0.080477,1.0,0.304226,0.530757,1,1,1,1,0
0.15,5.0,0.4,0.3,0.3,0.069563,0.044074,0.099166,0.8322,12.537246,0.53055,1.613854,3.939305,0.331138,0.0,0.080477,1.0,0.304226,0.53055,1,1,1,1,0
0.15,5.0,0.5,0.4,0.0,0.069563,0.044074,0.099166,0.8322,12.537246,0.530783,1.613854,3.939305,0.431138,0.0,0.080477,1.0,0.304226,0.530783,1,1,1,1,0
0.15,5.0,0.5,0.4,0.1,0.069563,0.044074,0.099166,0.8322,12.537246,0.530763,1.613854,3.939305,0.431138,0.0,0.080477,1.0,0.304226,0.530763,1,1,1,1,0
0.15,5.0,0.5,0.4,0.3,0.069563,0.044074,0.099166,0.8322,12.537246,0.530608,1.613854,3.939305,0.431138,0.0,0.080477,1.0,0.304226,0.530608,1,1,1,1,0
0.15,5.0,0.6,0.5,0.0,0.069563,0.044074,0.099166,0.8322,12.537246,0.530783,1.613854,3.939305,0.531138,0.0,0.080477,1.0,0.304226,0.530783,1,1,1,1,0
0.15,5.0,0.6,0.5,0.1,0.069563,0.044074,0.099166,0.8322,12.537246,0.530767,1.613854,3.939305,0.531138,0.0,0.080477,1.0,0.304226,0.530767,1,1,1,1,0
0.15,5.0,0.6,0.5,0.3,0.069563,0.044074,0.099166,0.8322,12.537246,0.530643,1.613854,3.939305,0.531138,0.0,0.080477,1.0,0.304226,0.530643,1,1,1,1,0
0.15,5.0,0.7,0.6,0.0,0.069563,0.044074,0.099166,0.8322,12.537246,0.530783,1.613854,3.939305,0.631138,0.0,0.080477,1.0,0.304226,0.530783,1,1,1,1,0
0.15,5.0,0.7,0.6,0.1,0.069563,0.044074,0.099166,0.8322,12.537246,0.53077,1.613854,3.939305,0.631138,0.0,0.080477,1.0,0.304226,0.53077,1,1,1,1,0
0.15,5.0,0.7,0.6,0.3,0.069563,0.044074,0.099166,0.8322,12.537246,0.530666,1.613854,3.939305,0.631138,0.0,0.080477,1.0,0.304226,0.530666,1,1,1,1,0
0.15,5.0,0.8,0.7,0.0,0.069563,0.044074,0.099166,0.8322,12.537246,0.530783,1.613854,3.939305,0.731138,0.0,0.080477,1.0,0.304226,0.530783,1,1,1,1,0
0.15,5.0,0.8,0.7,0.1,0.069563,0.044074,0.099166,0.8322,12.537246,0.530772,1.613854,3.939305,0.731138,0.0,0.080477,1.0,0.304226,0.530772,1,1,1,1,0
0.15,5.0,0.8,0.7,0.3,0.069563,0.044074,0.099166,0.8322,12.537246,0.530683,1.613854,3.939305,0.731138,0.0,0.080477,1.0,0.304226,0.530683,1,1,1,1,0
0.15,5.0,0.9,0.8,0.0,0.069563,0.044074,0.099166,0.8322,12.537246,0.530783,1.613854,3.939305,0.831138,0.0,0.080477,1.0,0.304226,0.530783,1,1,1,1,0
0.15,5.0,0.9,0.8,0.1,0.069563,0.044074,0.099166,0.8322,12.537246,0.530773,1.613854,3.939305,0.831138,0.0,0.080477,1.0,0.304226,0.530773,1,1,1,1,0
0.15,5.0,0.9,0.8,0.3,0.069563,0.044074,0.099166,0.8322,12.537246,0.530695,1.613854,3.939305,0.831138,0.0,0.080477,1.0,0.304226,0.530695,1,1,1,1,0
0.15,5.0,1.0,0.9,0.0,0.069563,0.044074,0.099166,0.8322,12.537246,0.530783,1.613854,3.939305,0.931138,0.0,0.080477,1.0,0.304226,0.530783,1,1,1,1,0
0.15,5.0,1.0,0.9,0.1,0.069563,0.044074,0.099166,0.8322,12.537246,0.530774,1.613854,3.939305,0.931138,0.0,0.080477,1.0,0.304226,0.530774,1,1,1,1,0
0.15,5.0,1.0,0.9,0.3,0.069563,0.044074,0.099166,0.8322,12.537246,0.530705,1.613854,3.939305,0.931138,0.0,0.080477,1.0,0.304226,0.530705,1,1,1,1,0
0.15,7.5,0.3,0.2,0.0,0.104678,0.044074,0.099166,0.8322,12.537246,0.530783,2.424156,5.916089,0.196376,0.0,0.120884,1.0,0.317695,0.530783,1,1,1,1,0
0.15,7.5,0.3,0.2,0.1,0.104678,0.044074,0.099166,0.8322,12.537246,0.530744,2.424156,5.916089,0.196376,0.0,0.120884,1.0,0.317695,0.530744,1,1,1,1,0
0.15,7.5,0.3,0.2,0.3,0.104678,0.044074,0.099166,0.8322,12.537246,0.530433,2.424156,5.916089,0.196376,0.0,0.120884,1.0,0.317695,0.530433,1,1,1,1,0
0.15,7.5,0.4,0.3,0.0,0.104678,0.044074,0.099166,0.8322,12.537246,0.530783,2.424156,5.916089,0.296376,0.0,0.120884,1.0,0.317695,0.530783,1,1,1,1,0
0.15,7.5,0.4,0.3,0.1,0.104678,0.044074,0.099166,0.8322,12.537246,0.530757,2.424156,5.916089,0.296376,0.0,0.120884,1.0,0.317695,0.530757,1,1,1,1,0
0.15,7.5,0.4,0.3,0.3,0.104678,0.044074,0.099166,0.8322,12.537246,0.53055,2.424156,5.916089,0.296376,0.0,0.120884,1.0,0.317695,0.53055,1,1,1,1,0
0.15,7.5,0.5,0.4,0.0,0.104678,0.044074,0.099166,0.8322,12.537246,0.530783,2.424156,5.916089,0.396376,0.0,0.120884,1.0,0.317695,0.530783,1,1,1,1,0
0.15,7.5,0.5,0.4,0.1,0.104678,0.044074,0.099166,0.8322,12.537246,0.530763,2.424156,5.916089,0.396376,0.0,0.120884,1.0,0.317695,0.530763,1,1,1,1,0
0.15,7.5,0.5,0.4,0.3,0.104678,0.044074,0.099166,0.8322,12.537246,0.530608,2.424156,5.916089,0.396376,0.0,0.120884,1.0,0.317695,0.530608,1,1,1,1,0
0.15,7.5,0.6,0.5,0.0,0.104678,0.044074,0.099166,0.8322,12.537246,0.530783,2.424156,5.916089,0.496376,0.0,0.120884,1.0,0.317695,0.530783,1,1,1,1,0
0.15,7.5,0.6,0.5,0.1,0.104678,0.044074,0.099166,0.8322,12.537246,0.530767,2.424156,5.916089,0.496376,0.0,0.120884,1.0,0.317695,0.530767,1,1,1,1,0
0.15,7.5,0.6,0.5,0.3,0.104678,0.044074,0.099166,0.8322,12.537246,0.530643,2.424156,5.916089,0.496376,0.0,0.120884,1.0,0.317695,0.530643,1,1,1,1,0
0.15,7.5,0.7,0.6,0.0,0.104678,0.044074,0.099166,0.8322,12.537246,0.530783,2.424156,5.916089,0.596376,0.0,0.120884,1.0,0.317695,0.530783,1,1,1,1,0
0.15,7.5,0.7,0.6,0.1,0.104678,0.044074,0.099166,0.8322,12.537246,0.53077,2.424156,5.916089,0.596376,0.0,0.120884,1.0,0.317695,0.53077,1,1,1,1,0
0.15,7.5,0.7,0.6,0.3,0.104678,0.044074,0.099166,0.8322,12.537246,0.530666,2.424156,5.916089,0.596376,0.0,0.120884,1.0,0.317695,0.530666,1,1,1,1,0
0.15,7.5,0.8,0.7,0.0,0.104678,0.044074,0.099166,0.8322,12.537246,0.530783,2.424156,5.916089,0.696376,0.0,0.120884,1.0,0.317695,0.530783,1,1,1,1,0
0.15,7.5,0.8,0.7,0.1,0.104678,0.044074,0.099166,0.8322,12.537246,0.530772,2.424156,5.916089,0.696376,0.0,0.120884,1.0,0.317695,0.530772,1,1,1,1,0
0.15,7.5,0.8,0.7,0.3,0.104678,0.044074,0.099166,0.8322,12.537246,0.530683,2.424156,5.916089,0.696376,0.0,0.120884,1.0,0.317695,0.530683,1,1,1,1,0
0.15,7.5,0.9,0.8,0.0,0.104678,0.044074,0.099166,0.8322,12.537246,0.530783,2.424156,5.916089,0.796376,0.0,0.120884,1.0,0.317695,0.530783,1,1,1,1,0
0.15,7.5,0.9,0.8,0.1,0.104678,0.044074,0.099166,0.8322,12.537246,0.530773,2.424156,5.916089,0.796376,0.0,0.120884,1.0,0.317695,0.530773,1,1,1,1,0
0.15,7.5,0.9,0.8,0.3,0.104678,0.044074,0.099166,0.8322,12.537246,0.530695,2.424156,5.916089,0.796376,0.0,0.120884,1.0,0.317695,0.530695,1,1,1,1,0
0.15,7.5,1.0,0.9,0.0,0.104678,0.044074,0.099166,0.8322,12.537246,0.530783,2.424156,5.916089,0.896376,0.0,0.120884,1.0,0.317695,0.530783,1,1,1,1,0
0.15,7.5,1.0,0.9,0.1,0.104678,0.044074,0.099166,0.8322,12.537246,0.530774,2.424156,5.916089,0.896376,0.0,0.120884,1.0,0.317695,0.530774,1,1,1,1,0
0.15,7.5,1.0,0.9,0.3,0.104678,0.044074,0.099166,0.8322,12.537246,0.530705,2.424156,5.916089,0.896376,0.0,0.120884,1.0,0.317695,0.530705,1,1,1,1,0
0.15,10.0,0.3,0.2,0.0,0.140199,0.044074,0.099166,0.8322,12.537246,0.530783,3.238603,7.90144,0.161213,0.0,0.161498,1.0,0.331233,0.530783,1,1,1,1,0
0.15,10.0,0.3,0.2,0.1,0.140199,0.044074,0.099166,0.8322,12.537246,0.530744,3.238603,7.90144,0.161213,0.0,0.161498,1.0,0.331233,0.530744,1,1,1,1,0
0.15,10.0,0.3,0.2,0.3,0.140199,0.044074,0.099166,0.8322,12.537246,0.530433,3.238603,7.90144,0.161213,0.0,0.161498,1.0,0.331233,0.530433,1,1,1,1,0
0.15,10.0,0.4,0.3,0.0,0.140199,0.044074,0.099166,0.8322,12.537246,0.530783,3.238603,7.90144,0.261213,0.0,0.161498,1.0,0.331233,0.530783,1,1,1,1,0
0.15,10.0,0.4,0.3,0.1,0.140199,0.044074,0.099166,0.8322,12.537246,0.530757,3.238603,7.90144,0.261213,0.0,0.161498,1.0,0.331233,0.530757,1,1,1,1,0
0.15,10.0,0.4,0.3,0.3,0.140199,0.044074,0.099166,0.8322,12.537246,0.53055,3.238603,7.90144,0.261213,0.0,0.161498,1.0,0.331233,0.53055,1,1,1,1,0
0.15,10.0,0.5,0.4,0.0,0.140199,0.044074,0.099166,0.8322,12.537246,0.530783,3.238603,7.90144,0.361213,0.0,0.161498,1.0,0.331233,0.530783,1,1,1,1,0
0.15,10.0,0.5,0.4,0.1,0.140199,0.044074,0.099166,0.8322,12.537246,0.530763,3.238603,7.90144,0.361213,0.0,0.161498,1.0,0.331233,0.530763,1,1,1,1,0
0.15,10.0,0.5,0.4,0.3,0.140199,0.044074,0.099166,0.8322,12.537246,0.530608,3.238603,7.90144,0.361213,0.0,0.161498,1.0,0.331233,0.530608,1,1,1,1,0
0.15,10.0,0.6,0.5,0.0,0.140199,0.044074,0.099166,0.8322,12.537246,0.530783,3.238603,7.90144,0.461213,0.0,0.161498,1.0,0.331233,0.530783,1,1,1,1,0
0.15,10.0,0.6,0.5,0.1,0.140199,0.044074,0.099166,0.8322,12.537246,0.530767,3.238603,7.90144,0.461213,0.0,0.161498,1.0,0.331233,0.530767,1,1,1,1,0
0.15,10.0,0.6,0.5,0.3,0.140199,0.044074,0.099166,0.8322,12.537246,0.530643,3.238603,7.90144,0.461213,0.0,0.161498,1.0,0.331233,0.530643,1,1,1,1,0
0.15,10.0,0.7,0.6,0.0,0.140199,0.044074,0.099166,0.8322,12.537246,0.530783,3.238603,7.90144,0.561213,0.0,0.161498,1.0,0.331233,0.530783,1,1,1,1,0
0.15,10.0,0.7,0.6,0.1,0.140199,0.044074,0.099166,0.8322,12.537246,0.53077,3.238603,7.90144,0.561213,0.0,0.161498,1.0,0.331233,0.53077,1,1,1,1,0
0.15,10.0,0.7,0.6,0.3,0.140199,0.044074,0.099166,0.8322,12.537246,0.530666,3.238603,7.90144,0.561213,0.0,0.161498,1.0,0.331233,0.530666,1,1,1,1,0
0.15,10.0,0.8,0.7,0.0,0.140199,0.044074,0.099166,0.8322,12.537246,0.530783,3.238603,7.90144,0.661213,0.0,0.161498,1.0,0.331233,0.530783,1,1,1,1,0
0.15,10.0,0.8,0.7,0.1,0.140199,0.044074,0.099166,0.8322,12.537246,0.530772,3.238603,7.90144,0.661213,0.0,0.161498,1.0,0.331233,0.530772,1,1,1,1,0
0.15,10.0,0.8,0.7,0.3,0.140199,0.044074,0.099166,0.8322,12.537246,0.530683,3.238603,7.90144,0.661213,0.0,0.161498,1.0,0.331233,0.530683,1,1,1,1,0
0.15,10.0,0.9,0.8,0.0,0.140199,0.044074,0.099166,0.8322,12.537246,0.530783,3.238603,7.90144,0.761213,0.0,0.161498,1.0,0.331233,0.530783,1,1,1,1,0
0.15,10.0,0.9,0.8,0.1,0.140199,0.044074,0.099166,0.8322,12.537246,0.530773,3.238603,7.90144,0.761213,0.0,0.161498,1.0,0.331233,0.530773,1,1,1,1,0
0.15,10.0,0.9,0.8,0.3,0.140199,0.044074,0.099166,0.8322,12.537246,0.530695,3.238603,7.90144,0.761213,0.0,0.161498,1.0,0.331233,0.530695,1,1,1,1,0
0.15,10.0,1.0,0.9,0.0,0.140199,0.044074,0.099166,0.8322,12.537246,0.530783,3.238603,7.90144,0.861213,0.0,0.161498,1.0,0.331233,0.530783,1,1,1,1,0
0.15,10.0,1.0,0.9,0.1,0.140199,0.044074,0.099166,0.8322,12.537246,0.530774,3.238603,7.90144,0.861213,0.0,0.161498,1.0,0.331233,0.530774,1,1,1,1,0
0.15,10.0,1.0,0.9,0.3,0.140199,0.044074,0.099166,0.8322,12.537246,0.530705,3.238603,7.90144,0.861213,0.0,0.161498,1.0,0.331233,0.530705,1,1,1,1,0
0.15,12.5,0.3,0.2,0.0,0.176271,0.044074,0.099166,0.8322,12.537246,0.530783,4.058731,9.898225,0.125504,0.007655,0.202395,1.0,0.347417,0.526719,1,1,1,1,0
0.15,12.5,0.3,0.2,0.1,0.176271,0.044074,0.099166,0.8322,12.537246,0.530744,4.058731,9.898225,0.125504,0.007655,0.202395,1.0,0.347417,0.526681,1,1,1,1,0
0.15,12.5,0.3,0.2,0.3,0.176271,0.044074,0.099166,0.8322,12.537246,0.530433,4.058731,9.898225,0.125504,0.007655,0.202395,1.0,0.347417,0.526372,1,1,1,1,0
0.15,12.5,0.4,0.3,0.0,0.176271,0.044074,0.099166,0.8322,12.537246,0.530783,4.058731,9.898225,0.225504,0.0,0.202395,1.0,0.344865,0.530783,1,1,1,1,0
0.15,12.5,0.4,0.3,0.1,0.176271,0.044074,0.099166,0.8322,12.537246,0.530757,4.058731,9.898225,0.225504,0.0,0.202395,1.0,0.344865,0.530757,1,1,1,1,0
0.15,12.5,0.4,0.3,0.3,0.176271,0.044074,0.099166,0.8322,12.537246,0.53055,4.058731,9.898225,0.225504,0.0,0.202395,1.0,0.344865,0.53055,1,1,1,1,0
0.15,12.5,0.5,0.4,0.0,0.176271,0.044074,0.099166,0.8322,12.537246,0.530783,4.058731,9.898225,0.325504,0.0,0.202395,1.0,0.344865,0.530783,1,1,1,1,0
0.15,12.5,0.5,0.4,0.1,0.176271,0.044074,0.099166,0.8322,12.537246,0.530763,4.058731,9.898225,0.325504,0.0,0.202395,1.0,0.344865,0.530763,1,1,1,1,0
0.15,12.5,0.5,0.4,0.3,0.176271,0.044074,0.099166,0.8322,12.537246,0.530608,4.058731,9.898225,0.325504,0.0,0.202395,1.0,0.344865,0.530608,1,1,1,1,0
0.15,12.5,0.6,0.5,0.0,0.176271,0.044074,0.099166,0.8322,12.537246,0.530783,4.058731,9.898225,0.425504,0.0,0.202395,1.0,0.344865,0.530783,1,1,1,1,0
0.15,12.5,0.6,0.5,0.1,0.176271,0.044074,0.099166,0.8322,12.537246,0.530767,4.058731,9.898225,0.425504,0.0,0.202395,1.0,0.344865,0.530767,1,1,1,1,0
0.15,12.5,0.6,0.5,0.3,0.176271,0.044074,0.099166,0.8322,12.537246,0.530643,4.058731,9.898225,0.425504,0.0,0.202395,1.0,0.344865,0.530643,1,1,1,1,0
0.15,12.5,0.7,0.6,0.0,0.176271,0.044074,0.099166,0.8322,12.537246,0.530783,4.058731,9.898225,0.525504,0.0,0.202395,1.0,0.344865,0.530783,1,1,1,1,0
0.15,12.5,0.7,0.6,0.1,0.176271,0.044074,0.099166,0.8322,12.537246,0.53077,4.058731,9.898225,0.525504,0.0,0.202395,1.0,0.344865,0.53077,1,1,1,1,0
0.15,12.5,0.7,0.6,0.3,0.176271,0.044074,0.099166,0.8322,12.537246,0.530666,4.058731,9.898225,0.525504,0.0,0.202395,1.0,0.344865,0.530666,1,1,1,1,0
0.15,12.5,0.8,0.7,0.0,0.176271,0.044074,0.099166,0.8322,12.537246,0.530783,4.058731,9.898225,0.625504,0.0,0.202395,1.0,0.344865,0.530783,1,1,1,1,0
0.15,12.5,0.8,0.7,0.1,0.176271,0.044074,0.099166,0.8322,12.537246,0.530772,4.058731,9.898225,0.625504,0.0,0.202395,1.0,0.344865,0.530772,1,1,1,1,0
0.15,12.5,0.8,0.7,0.3,0.176271,0.044074,0.099166,0.8322,12.537246,0.530683,4.058731,9.898225,0.625504,0.0,0.202395,1.0,0.344865,0.530683,1,1,1,1,0
0.15,12.5,0.9,0.8,0.0,0.176271,0.044074,0.099166,0.8322,12.537246,0.530783,4.058731,9.898225,0.725504,0.0,0.202395,1.0,0.344865,0.530783,1,1,1,1,0
0.15,12.5,0.9,0.8,0.1,0.176271,0.044074,0.099166,0.8322,12.537246,0.530773,4.058731,9.898225,0.725504,0.0,0.202395,1.0,0.344865,0.530773,1,1,1,1,0
0.15,12.5,0.9,0.8,0.3,0.176271,0.044074,0.099166,0.8322,12.537246,0.530695,4.058731,9.898225,0.725504,0.0,0.202395,1.0,0.344865,0.530695,1,1,1,1,0
0.15,12.5,1.0,0.9,0.0,0.176271,0.044074,0.099166,0.8322,12.537246,0.530783,4.058731,9.898225,0.825504,0.0,0.202395,1.0,0.344865,0.530783,1,1,1,1,0
0.15,12.5,1.0,0.9,0.1,0.176271,0.044074,0.099166,0.8322,12.537246,0.530774,4.058731,9.898225,0.825504,0.0,0.202395,1.0,0.344865,0.530774,1,1,1,1,0
0.15,12.5,1.0,0.9,0.3,0.176271,0.044074,0.099166,0.8322,12.537246,0.530705,4.058731,9.898225,0.825504,0.0,0.202395,1.0,0.344865,0.530705,1,1,1,1,0
0.15,15.0,0.3,0.2,0.0,0.213048,0.044074,0.099166,0.8322,12.537246,0.530783,4.886207,11.909322,0.089097,0.027111,0.242113,0.998454,0.367141,0.515594,1,1,1,1,0
0.15,15.0,0.3,0.2,0.1,0.213048,0.044074,0.099166,0.8322,12.537246,0.530744,4.886207,11.909322,0.089097,0.027111,0.242113,0.998454,0.367141,0.515557,1,1,1,1,0
0.15,15.0,0.3,0.2,0.3,0.213048,0.044074,0.099166,0.8322,12.537246,0.530433,4.886207,11.909322,0.089097,0.027111,0.242113,0.998454,0.367141,0.515255,1,1,1,1,0
0.15,15.0,0.4,0.3,0.0,0.213048,0.044074,0.099166,0.8322,12.537246,0.530783,4.886207,11.909322,0.189097,0.001881,0.242113,0.998454,0.358731,0.528966,1,1,1,1,0
0.15,15.0,0.4,0.3,0.1,0.213048,0.044074,0.099166,0.8322,12.537246,0.530757,4.886207,11.909322,0.189097,0.001881,0.242113,0.998454,0.358731,0.52894,1,1,1,1,0
0.15,15.0,0.4,0.3,0.3,0.213048,0.044074,0.099166,0.8322,12.537246,0.53055,4.886207,11.909322,0.189097,0.001881,0.242113,0.998454,0.358731,0.528734,1,1,1,1,0
0.15,15.0,0.5,0.4,0.0,0.213048,0.044074,0.099166,0.8322,12.537246,0.530783,4.886207,11.909322,0.289097,0.0,0.242113,0.998454,0.358104,0.529962,1,1,1,1,0
0.15,15.0,0.5,0.4,0.1,0.213048,0.044074,0.099166,0.8322,12.537246,0.530763,4.886207,11.909322,0.289097,0.0,0.242113,0.998454,0.358104,0.529943,1,1,1,1,0
0.15,15.0,0.5,0.4,0.3,0.213048,0.044074,0.099166,0.8322,12.537246,0.530608,4.886207,11.909322,0.289097,0.0,0.242113,0.998454,0.358104,0.529788,1,1,1,1,0
0.15,15.0,0.6,0.5,0.0,0.213048,0.044074,0.099166,0.8322,12.537246,0.530783,4.886207,11.909322,0.389097,0.0,0.242113,0.998454,0.358104,0.529962,1,1,1,1,0
0.15,15.0,0.6,0.5,0.1,0.213048,0.044074,0.099166,0.8322,12.537246,0.530767,4.886207,11.909322,0.389097,0.0,0.242113,0.998454,0.358104,0.529947,1,1,1,1,0
0.15,15.0,0.6,0.5,0.3,0.213048,0.044074,0.099166,0.8322,12.537246,0.530643,4.886207,11.909322,0.389097,0.0,0.242113,0.998454,0.358104,0.529823,1,1,1,1,0
0.15,15.0,0.7,0.6,0.0,0.213048,0.044074,0.099166,0.8322,12.537246,0.530783,4.886207,11.909322,0.489097,0.0,0.242113,0.998454,0.358104,0.529962,1,1,1,1,0
0.15,15.0,0.7,0.6,0.1,0.213048,0.044074,0.099166,0.8322,12.537246,0.53077,4.886207,11.909322,0.489097,0.0,0.242113,0.998454,0.358104,0.52995,1,1,1,1,0
0.15,15.0,0.7,0.6,0.3,0.213048,0.044074,0.099166,0.8322,12.537246,0.530666,4.886207,11.909322,0.489097,0.0,0.242113,0.998454,0.358104,0.529846,1,1,1,1,0
0.15,15.0,0.8,0.7,0.0,0.213048,0.044074,0.099166,0.8322,12.537246,0.530783,4.886207,11.909322,0.589097,0.0,0.242113,0.998454,0.358104,0.529962,1,1,1,1,0
0.15,15.0,0.8,0.7,0.1,0.213048,0.044074,0.099166,0.8322,12.537246,0.530772,4.886207,11.909322,0.589097,0.0,0.242113,0.998454,0.358104,0.529951,1,1,1,1,0
0.15,15.0,0.8,0.7,0.3,0.213048,0.044074,0.099166,0.8322,12.537246,0.530683,4.886207,11.909322,0.589097,0.0,0.242113,0.998454,0.358104,0.529863,1,1,1,1,0
0.15,15.0,0.9,0.8,0.0,0.213048,0.044074,0.099166,0.8322,12.537246,0.530783,4.886207,11.909322,0.689097,0.0,0.242113,0.998454,0.358104,0.529962,1,1,1,1,0
0.15,15.0,0.9,0.8,0.1,0.213048,0.044074,0.099166,0.8322,12.537246,0.530773,4.886207,11.909322,0.689097,0.0,0.242113,0.998454,0.358104,0.529953,1,1,1,1,0
0.15,15.0,0.9,0.8,0.3,0.213048,0.044074,0.099166,0.8322,12.537246,0.530695,4.886207,11.909322,0.689097,0.0,0.242113,0.998454,0.358104,0.529875,1,1,1,1,0
0.15,15.0,1.0,0.9,0.0,0.213048,0.044074,0.099166,0.8322,12.537246,0.530783,4.886207,11.909322,0.789097,0.0,0.242113,0.998454,0.358104,0.529962,1,1,1,1,0
0.15,15.0,1.0,0.9,0.1,0.213048,0.044074,0.099166,0.8322,12.537246,0.530774,4.886207,11.909322,0.789097,0.0,0.242113,0.998454,0.358104,0.529954,1,1,1,1,0
0.15,15.0,1.0,0.9,0.3,0.213048,0.044074,0.099166,0.8322,12.537246,0.530705,4.886207,11.909322,0.789097,0.0,0.242113,0.998454,0.358104,0.529885,1,1,1,1,0
0.15,17.5,0.3,0.2,0.0,0.250696,0.044074,0.099166,0.8322,12.537246,0.530783,5.722859,13.937619,0.051828,0.0513,0.279733,0.994354,0.387745,0.50071,1,1,1,1,0
0.15,17.5,0.3,0.2,0.1,0.250696,0.044074,0.099166,0.8322,12.537246,0.530744,5.722859,13.937619,0.051828,0.0513,0.279733,0.994354,0.387745,0.500674,1,1,1,1,0
0.15,17.5,0.3,0.2,0.3,0.250696,0.044074,0.099166,0.8322,12.537246,0.530433,5.722859,13.937619,0.051828,0.0513,0.279733,0.994354,0.387745,0.50038,1,1,1,1,0
0.15,17.5,0.4,0.3,0.0,0.250696,0.044074,0.099166,0.8322,12.537246,0.530783,5.722859,13.937619,0.151828,0.01211,0.279733,0.994354,0.374681,0.521395,1,1,1,1,0
0.15,17.5,0.4,0.3,0.1,0.250696,0.044074,0.099166,0.8322,12.537246,0.530757,5.722859,13.937619,0.151828,0.01211,0.279733,0.994354,0.374681,0.521369,1,1,1,1,0
0.15,17.5,0.4,0.3,0.3,0.250696,0.044074,0.099166,0.8322,12.537246,0.53055,5.722859,13.937619,0.151828,0.01211,0.279733,0.994354,0.374681,0.521166,1,1,1,1,0
0.15,17.5,0.5,0.4,0.0,0.250696,0.044074,0.099166,0.8322,12.537246,0.530783,5.722859,13.937619,0.251828,0.000371,0.279733,0.994354,0.370768,0.52759,1,1,1,1,1
0.15,17.5,0.5,0.4,0.1,0.250696,0.044074,0.099166,0.8322,12.537246,0.530763,5.722859,13.937619,0.251828,0.000371,0.279733,0.994354,0.370768,0.527571,1,1,1,1,0
0.15,17.5,0.5,0.4,0.3,0.250696,0.044074,0.099166,0.8322,12.537246,0.530608,5.722859,13.937619,0.251828,0.000371,0.279733,0.994354,0.370768,0.527416,1,1,1,1,0
0.15,17.5,0.6,0.5,0.0,0.250696,0.044074,0.099166,0.8322,12.537246,0.530783,5.722859,13.937619,0.351828,0.0,0.279733,0.994354,0.370644,0.527786,1,1,1,1,1
0.15,17.5,0.6,0.5,0.1,0.250696,0.044074,0.099166,0.8322,12.537246,0.530767,5.722859,13.937619,0.351828,0.0,0.279733,0.994354,0.370644,0.52777,1,1,1,1,0
0.15,17.5,0.6,0.5,0.3,0.250696,0.044074,0.099166,0.8322,12.537246,0.530643,5.722859,13.937619,0.351828,0.0,0.279733,0.994354,0.370644,0.527647,1,1,1,1,0
0.15,17.5,0.7,0.6,0.0,0.250696,0.044074,0.099166,0.8322,12.537246,0.530783,5.722859,13.937619,0.451828,0.0,0.279733,0.994354,0.370644,0.527786,1,1,1,1,1
0.15,17.5,0.7,0.6,0.1,0.250696,0.044074,0.099166,0.8322,12.537246,0.53077,5.722859,13.937619,0.451828,0.0,0.279733,0.994354,0.370644,0.527773,1,1,1,1,0
0.15,17.5,0.7,0.6,0.3,0.250696,0.044074,0.099166,0.8322,12.537246,0.530666,5.722859,13.937619,0.451828,0.0,0.279733,0.994354,0.370644,0.52767,1,1,1,1,0
0.15,17.5,0.8,0.7,0.0,0.250696,0.044074,0.099166,0.8322,12.537246,0.530783,5.722859,13.937619,0.551828,0.0,0.279733,0.994354,0.370644,0.527786,1,1,1,1,1
0.15,17.5,0.8,0.7,0.1,0.250696,0.044074,0.099166,0.8322,12.537246,0.530772,5.722859,13.937619,0.551828,0.0,0.279733,0.994354,0.370644,0.527775,1,1,1,1,0
0.15,17.5,0.8,0.7,0.3,0.250696,0.044074,0.099166,0.8322,12.537246,0.530683,5.722859,13.937619,0.551828,0.0,0.279733,0.994354,0.370644,0.527686,1,1,1,1,0
0.15,17.5,0.9,0.8,0.0,0.250696,0.044074,0.099166,0.8322,12.537246,0.530783,5.722859,13.937619,0.651828,0.0,0.279733,0.994354,0.370644,0.527786,1,1,1,1,1
0.15,17.5,0.9,0.8,0.1,0.250696,0.044074,0.099166,0.8322,12.537246,0.530773,5.722859,13.937619,0.651828,0.0,0.279733,0.994354,0.370644,0.527776,1,1,1,1,0
0.15,17.5,0.9,0.8,0.3,0.250696,0.044074,0.099166,0.8322,12.537246,0.530695,5.722859,13.937619,0.651828,0.0,0.279733,0.994354,0.370644,0.527699,1,1,1,1,0
0.15,17.5,1.0,0.9,0.0,0.250696,0.044074,0.099166,0.8322,12.537246,0.530783,5.722859,13.937619,0.751828,0.0,0.279733,0.994354,0.370644,0.527786,1,1,1,1,1
0.15,17.5,1.0,0.9,0.1,0.250696,0.044074,0.099166,0.8322,12.537246,0.530774,5.722859,13.937619,0.751828,0.0,0.279733,0.994354,0.370644,0.527777,1,1,1,1,0
0.15,17.5,1.0,0.9,0.3,0.250696,0.044074,0.099166,0.8322,12.537246,0.530705,5.722859,13.937619,0.751828,0.0,0.279733,0.994354,0.370644,0.527709,1,1,1,1,0
0.15,20.0,0.3,0.2,0.0,0.289395,0.044074,0.099166,0.8322,12.537246,0.530783,6.570705,15.986012,0.013519,0.077579,0.315355,0.987697,0.408378,0.483582,1,1,1,1,0
0.15,20.0,0.3,0.2,0.1,0.289395,0.044074,0.099166,0.8322,12.537246,0.530744,6.570705,15.986012,0.013519,0.077579,0.315355,0.987697,0.408378,0.483546,1,1,1,1,0
0.15,20.0,0.3,0.2,0.3,0.289395,0.044074,0.099166,0.8322,12.537246,0.530433,6.570705,15.986012,0.013519,0.077579,0.315355,0.987697,0.408378,0.483263,1,1,1,1,0
0.15,20.0,0.4,0.3,0.0,0.289395,0.044074,0.099166,0.8322,12.537246,0.530783,6.570705,15.986012,0.113519,0.029791,0.315355,0.987697,0.392449,0.508635,1,1,1,1,0
0.15,20.0,0.4,0.3,0.1,0.289395,0.044074,0.099166,0.8322,12.537246,0.530757,6.570705,15.986012,0.113519,0.029791,0.315355,0.987697,0.392449,0.50861,1,1,1,1,0
0.15,20.0,0.4,0.3,0.3,0.289395,0.044074,0.099166,0.8322,12.537246,0.53055,6.570705,15.986012,0.113519,0.029791,0.315355,0.987697,0.392449,0.508411,1,1,1,1,0
0.15,20.0,0.5,0.4,0.0,0.289395,0.044074,0.099166,0.8322,12.537246,0.530783,6.570705,15.986012,0.213519,0.006655,0.315355,0.987697,0.384737,0.520763,1,1,1,1,1
0.15,20.0,0.5,0.4,0.1,0.289395,0.044074,0.099166,0.8322,12.537246,0.530763,6.570705,15.986012,0.213519,0.006655,0.315355,0.987697,0.384737,0.520744,1,1,1,1,0
0.15,20.0,0.5,0.4,0.3,0.289395,0.044074,0.099166,0.8322,12.537246,0.530608,6.570705,15.986012,0.213519,0.006655,0.315355,0.987697,0.384737,0.520592,1,1,1,1,0
0.15,20.0,0.6,0.5,0.0,0.289395,0.044074,0.099166,0.8322,12.537246,0.530783,6.570705,15.986012,0.313519,0.0,0.315355,0.987697,0.382519,0.524253,1,1,1,1,1
0.15,20.0,0.6,0.5,0.1,0.289395,0.044074,0.099166,0.8322,12.537246,0.530767,6.570705,15.986012,0.313519,0.0,0.315355,0.987697,0.382519,0.524237,1,1,1,1,0
0.15,20.0,0.6,0.5,0.3,0.289395,0.044074,0.099166,0.8322,12.537246,0.530643,6.570705,15.986012,0.313519,0.0,0.315355,0.987697,0.382519,0.524114,1,1,1,1,0
0.15,20.0,0.7,0.6,0.0,0.289395,0.044074,0.099166,0.8322,12.537246,0.530783,6.570705,15.986012,0.413519,0.0,0.315355,0.987697,0.382519,0.524253,1,1,1,1,1
0.15,20.0,0.7,0.6,0.1,0.289395,0.044074,0.099166,0.8322,12.537246,0.53077,6.570705,15.986012,0.413519,0.0,0.315355,0.987697,0.382519,0.52424,1,1,1,1,0
0.15,20.0,0.7,0.6,0.3,0.289395,0.044074,0.099166,0.8322,12.537246,0.530666,6.570705,15.986012,0.413519,0.0,0.315355,0.987697,0.382519,0.524137,1,1,1,1,0
0.15,20.0,0.8,0.7,0.0,0.289395,0.044074,0.099166,0.8322,12.537246,0.530783,6.570705,15.986012,0.513519,0.0,0.315355,0.987697,0.382519,0.524253,1,1,1,1,1
0.15,20.0,0.8,0.7,0.1,0.289395,0.044074,0.099166,0.8322,12.537246,0.530772,6.570705,15.986012,0.513519,0.0,0.315355,0.987697,0.382519,0.524242,1,1,1,1,0
0.15,20.0,0.8,0.7,0.3,0.289395,0.044074,0.099166,0.8322,12.537246,0.530683,6.570705,15.986012,0.513519,0.0,0.315355,0.987697,0.382519,0.524154,1,1,1,1,0
0.15,20.0,0.9,0.8,0.0,0.289395,0.044074,0.099166,0.8322,12.537246,0.530783,6.570705,15.986012,0.613519,0.0,0.315355,0.987697,0.382519,0.524253,1,1,1,1,1
0.15,20.0,0.9,0.8,0.1,0.289395,0.044074,0.099166,0.8322,12.537246,0.530773,6.570705,15.986012,0.613519,0.0,0.315355,0.987697,0.382519,0.524243,1,1,1,1,0
0.15,20.0,0.9,0.8,0.3,0.289395,0.044074,0.099166,0.8322,12.537246,0.530695,6.570705,15.986012,0.613519,0.0,0.315355,0.987697,0.382519,0.524166,1,1,1,1,0
0.15,20.0,1.0,0.9,0.0,0.289395,0.044074,0.099166,0.8322,12.537246,0.530783,6.570705,15.986012,0.713519,0.0,0.315355,0.987697,0.382519,0.524253,1,1,1,1,1
0.15,20.0,1.0,0.9,0.1,0.289395,0.044074,0.099166,0.8322,12.537246,0.530774,6.570705,15.986012,0.713519,0.0,0.315355,0.987697,0.382519,0.524244,1,1,1,1,0
0.15,20.0,1.0,0.9,0.3,0.289395,0.044074,0.099166,0.8322,12.537246,0.530705,6.570705,15.986012,0.713519,0.0,0.315355,0.987697,0.382519,0.524176,1,1,1,1,0
0.15,22.5,0.3,0.2,0.0,0.329344,0.044074,0.099166,0.8322,12.537246,0.530783,7.431985,18.057406,-0.026028,0.110111,0.350799,0.980191,0.431037,0.462981,1,1,0,0,0
0.15,22.5,0.3,0.2,0.1,0.329344,0.044074,0.099166,0.8322,12.537246,0.530744,7.431985,18.057406,-0.026028,0.110111,0.350799,0.980191,0.431037,0.462947,1,1,0,0,0
0.15,22.5,0.3,0.2,0.3,0.329344,0.044074,0.099166,0.8322,12.537246,0.530433,7.431985,18.057406,-0.026028,0.110111,0.350799,0.980191,0.431037,0.462676,1,1,0,0,0
0.15,22.5,0.4,0.3,0.0,0.329344,0.044074,0.099166,0.8322,12.537246,0.530783,7.431985,18.057406,0.073972,0.049147,0.350799,0.980191,0.410715,0.494699,1,1,1,1,1
0.15,22.5,0.4,0.3,0.1,0.329344,0.044074,0.099166,0.8322,12.537246,0.530757,7.431985,18.057406,0.073972,0.049147,0.350799,0.980191,0.410715,0.494675,1,1,1,1,0
0.15,22.5,0.4,0.3,0.3,0.329344,0.044074,0.099166,0.8322,12.537246,0.53055,7.431985,18.057406,0.073972,0.049147,0.350799,0.980191,0.410715,0.494482,1,1,1,1,0
0.15,22.5,0.5,0.4,0.0,0.329344,0.044074,0.099166,0.8322,12.537246,0.530783,7.431985,18.057406,0.173972,0.017957,0.350799,0.980191,0.400319,0.510926,1,1,1,1,1
0.15,22.5,0.5,0.4,0.1,0.329344,0.044074,0.099166,0.8322,12.537246,0.530763,7.431985,18.057406,0.173972,0.017957,0.350799,0.980191,0.400319,0.510907,1,1,1,1,0
0.15,22.5,0.5,0.4,0.3,0.329344,0.044074,0.099166,0.8322,12.537246,0.530608,7.431985,18.057406,0.173972,0.017957,0.350799,0.980191,0.400319,0.510758,1,1,1,1,0
0.15,22.5,0.6,0.5,0.0,0.329344,0.044074,0.099166,0.8322,12.537246,0.530783,7.431985,18.057406,0.273972,0.00318,0.350799,0.980191,0.395393,0.518614,1,1,1,1,1
0.15,22.5,0.6,0.5,0.1,0.329344,0.044074,0.099166,0.8322,12.537246,0.530767,7.431985,18.057406,0.273972,0.00318,0.350799,0.980191,0.395393,0.518599,1,1,1,1,0
0.15,22.5,0.6,0.5,0.3,0.329344,0.044074,0.099166,0.8322,12.537246,0.530643,7.431985,18.057406,0.273972,0.00318,0.350799,0.980191,0.395393,0.518478,1,1,1,1,0
0.15,22.5,0.7,0.6,0.0,0.329344,0.044074,0.099166,0.8322,12.537246,0.530783,7.431985,18.057406,0.373972,0.0,0.350799,0.980191,0.394333,0.520269,1,1,1,1,1
0.15,22.5,0.7,0.6,0.1,0.329344,0.044074,0.099166,0.8322,12.537246,0.53077,7.431985,18.057406,0.373972,0.0,0.350799,0.980191,0.394333,0.520256,1,1,1,1,0
0.15,22.5,0.7,0.6,0.3,0.329344,0.044074,0.099166,0.8322,12.537246,0.530666,7.431985,18.057406,0.373972,0.0,0.350799,0.980191,0.394333,0.520154,1,1,1,1,0
0.15,22.5,0.8,0.7,0.0,0.329344,0.044074,0.099166,0.8322,12.537246,0.530783,7.431985,18.057406,0.473972,0.0,0.350799,0.980191,0.394333,0.520269,1,1,1,1,1
0.15,22.5,0.8,0.7,0.1,0.329344,0.044074,0.099166,0.8322,12.537246,0.530772,7.431985,18.057406,0.473972,0.0,0.350799,0.980191,0.394333,0.520258,1,1,1,1,0
0.15,22.5,0.8,0.7,0.3,0.329344,0.044074,0.099166,0.8322,12.537246,0.530683,7.431985,18.057406,0.473972,0.0,0.350799,0.980191,0.394333,0.520171,1,1,1,1,0
0.15,22.5,0.9,0.8,0.0,0.329344,0.044074,0.099166,0.8322,12.537246,0.530783,7.431985,18.057406,0.573972,0.0,0.350799,0.980191,0.394333,0.520269,1,1,1,1,1
0.15,22.5,0.9,0.8,0.1,0.329344,0.044074,0.099166,0.8322,12.537246,0.530773,7.431985,18.057406,0.573972,0.0,0.350799,0.980191,0.394333,0.520259,1,1,1,1,0
0.15,22.5,0.9,0.8,0.3,0.329344,0.044074,0.099166,0.8322,12.537246,0.530695,7.431985,18.057406,0.573972,0.0,0.350799,0.980191,0.394333,0.520183,1,1,1,1,0
0.15,22.5,1.0,0.9,0.0,0.329344,0.044074,0.099166,0.8322,12.537246,0.530783,7.431985,18.057406,0.673972,0.0,0.350799,0.980191,0.394333,0.520269,1,1,1,1,1
0.15,22.5,1.0,0.9,0.1,0.329344,0.044074,0.099166,0.8322,12.537246,0.530774,7.431985,18.057406,0.673972,0.0,0.350799,0.980191,0.394333,0.52026,1,1,1,1,0
0.15,22.5,1.0,0.9,0.3,0.329344,0.044074,0.099166,0.8322,12.537246,0.530705,7.431985,18.057406,0.673972,0.0,0.350799,0.980191,0.394333,0.520193,1,1,1,1,0
0.15,25.0,0.3,0.2,0.0,0.370764,0.044074,0.099166,0.8322,12.537246,0.530783,8.309196,20.154705,-0.067031,0.141955,0.383126,0.968775,0.452427,0.441214,0,1,0,0,0
0.15,25.0,0.3,0.2,0.1,0.370764,0.044074,0.099166,0.8322,12.537246,0.530744,8.309196,20.154705,-0.067031,0.141955,0.383126,0.968775,0.452427,0.441182,0,1,0,0,0
0.15,25.0,0.3,0.2,0.3,0.370764,0.044074,0.099166,0.8322,12.537246,0.530433,8.309196,20.154705,-0.067031,0.141955,0.383126,0.968775,0.452427,0.440924,0,1,0,0,0
0.15,25.0,0.4,0.3,0.0,0.370764,0.044074,0.099166,0.8322,12.537246,0.530783,8.309196,20.154705,0.032969,0.068576,0.383126,0.968775,0.427967,0.478947,0,1,1,0,0
0.15,25.0,0.4,0.3,0.1,0.370764,0.044074,0.099166,0.8322,12.537246,0.530757,8.309196,20.154705,0.032969,0.068576,0.383126,0.968775,0.427967,0.478923,0,1,1,0,0
0.15,25.0,0.4,0.3,0.3,0.370764,0.044074,0.099166,0.8322,12.537246,0.53055,8.309196,20.154705,0.032969,0.068576,0.383126,0.968775,0.427967,0.478736,0,1,1,0,0
0.15,25.0,0.5,0.4,0.0,0.370764,0.044074,0.099166,0.8322,12.537246,0.530783,8.309196,20.154705,0.132969,0.033573,0.383126,0.968775,0.4163,0.496946,0,1,1,0,0
0.15,25.0,0.5,0.4,0.1,0.370764,0.044074,0.099166,0.8322,12.537246,0.530763,8.309196,20.154705,0.132969,0.033573,0.383126,0.968775,0.4163,0.496928,0,1,1,0,0
0.15,25.0,0.5,0.4,0.3,0.370764,0.044074,0.099166,0.8322,12.537246,0.530608,8.309196,20.154705,0.132969,0.033573,0.383126,0.968775,0.4163,0.496782,0,1,1,0,0
0.15,25.0,0.6,0.5,0.0,0.370764,0.044074,0.099166,0.8322,12.537246,0.530783,8.309196,20.154705,0.232969,0.010936,0.383126,0.968775,0.408754,0.508586,0,1,1,0,0
0.15,25.0,0.6,0.5,0.1,0.370764,0.044074,0.099166,0.8322,12.537246,0.530767,8.309196,20.154705,0.232969,0.010936,0.383126,0.968775,0.408754,0.508571,0,1,1,0,0
0.15,25.0,0.6,0.5,0.3,0.370764,0.044074,0.099166,0.8322,12.537246,0.530643,8.309196,20.154705,0.232969,0.010936,0.383126,0.968775,0.408754,0.508452,0,1,1,0,0
0.15,25.0,0.7,0.6,0.0,0.370764,0.044074,0.099166,0.8322,12.537246,0.530783,8.309196,20.154705,0.332969,0.001745,0.383126,0.968775,0.405691,0.513312,0,1,1,0,0
0.15,25.0,0.7,0.6,0.1,0.370764,0.044074,0.099166,0.8322,12.537246,0.53077,8.309196,20.154705,0.332969,0.001745,0.383126,0.968775,0.405691,0.513299,0,1,1,0,0
0.15,25.0,0.7,0.6,0.3,0.370764,0.044074,0.099166,0.8322,12.537246,0.530666,8.309196,20.154705,0.332969,0.001745,0.383126,0.968775,0.405691,0.513199,0,1,1,0,0
0.15,25.0,0.8,0.7,0.0,0.370764,0.044074,0.099166,0.8322,12.537246,0.530783,8.309196,20.154705,0.432969,0.0,0.383126,0.968775,0.405109,0.514209,0,1,1,0,0
0.15,25.0,0.8,0.7,0.1,0.370764,0.044074,0.099166,0.8322,12.537246,0.530772,8.309196,20.154705,0.432969,0.0,0.383126,0.968775,0.405109,0.514198,0,1,1,0,0
0.15,25.0,0.8,0.7,0.3,0.370764,0.044074,0.099166,0.8322,12.537246,0.530683,8.309196,20.154705,0.432969,0.0,0.383126,0.968775,0.405109,0.514112,0,1,1,0,0
0.15,25.0,0.9,0.8,0.0,0.370764,0.044074,0.099166,0.8322,12.537246,0.530783,8.309196,20.154705,0.532969,0.0,0.383126,0.968775,0.405109,0.514209,0,1,1,0,0
0.15,25.0,0.9,0.8,0.1,0.370764,0.044074,0.099166,0.8322,12.537246,0.530773,8.309196,20.154705,0.532969,0.0,0.383126,0.968775,0.405109,0.5142,0,1,1,0,0
0.15,25.0,0.9,0.8,0.3,0.370764,0.044074,0.099166,0.8322,12.537246,0.530695,8.309196,20.154705,0.532969,0.0,0.383126,0.968775,0.405109,0.514124,0,1,1,0,0
0.15,25.0,1.0,0.9,0.0,0.370764,0.044074,0.099166,0.8322,12.537246,0.530783,8.309196,20.154705,0.632969,0.0,0.383126,0.968775,0.405109,0.514209,0,1,1,0,0
0.15,25.0,1.0,0.9,0.1,0.370764,0.044074,0.099166,0.8322,12.537246,0.530774,8.309196,20.154705,0.632969,0.0,0.383126,0.968775,0.405109,0.514201,0,1,1,0,0
0.15,25.0,1.0,0.9,0.3,0.370764,0.044074,0.099166,0.8322,12.537246,0.530705,8.309196,20.154705,0.632969,0.0,0.383126,0.968775,0.405109,0.514134,0,1,1,0,0
0.15,27.5,0.3,0.2,0.0,0.413906,0.044074,0.099166,0.8322,12.537246,0.530783,9.20513,22.280809,-0.109739,0.171901,0.41356,0.954532,0.472554,0.419556,0,1,0,0,0
0.15,27.5,0.3,0.2,0.1,0.413906,0.044074,0.099166,0.8322,12.537246,0.530744,9.20513,22.280809,-0.109739,0.171901,0.41356,0.954532,0.472554,0.419525,0,1,0,0,0
0.15,27.5,0.3,0.2,0.3,0.413906,0.044074,0.099166,0.8322,12.537246,0.530433,9.20513,22.280809,-0.109739,0.171901,0.41356,0.954532,0.472554,0.419279,0,1,0,0,0
0.15,27.5,0.4,0.3,0.0,0.413906,0.044074,0.099166,0.8322,12.537246,0.530783,9.20513,22.280809,-0.009739,0.094355,0.41356,0.954532,0.446705,0.458844,0,1,0,0,0
0.15,27.5,0.4,0.3,0.1,0.413906,0.044074,0.099166,0.8322,12.537246,0.530757,9.20513,22.280809,-0.009739,0.094355,0.41356,0.954532,0.446705,0.458822,0,1,0,0,0
0.15,27.5,0.4,0.3,0.3,0.413906,0.044074,0.099166,0.8322,12.537246,0.53055,9.20513,22.280809,-0.009739,0.094355,0.41356,0.954532,0.446705,0.458643,0,1,0,0,0
0.15,27.5,0.5,0.4,0.0,0.413906,0.044074,0.099166,0.8322,12.537246,0.530783,9.20513,22.280809,0.090261,0.049907,0.41356,0.954532,0.431889,0.481364,0,1,1,0,0
0.15,27.5,0.5,0.4,0.1,0.413906,0.044074,0.099166,0.8322,12.537246,0.530763,9.20513,22.280809,0.090261,0.049907,0.41356,0.954532,0.431889,0.481346,0,1,1,0,0
0.15,27.5,0.5,0.4,0.3,0.413906,0.044074,0.099166,0.8322,12.537246,0.530608,9.20513,22.280809,0.090261,0.049907,0.41356,0.954532,0.431889,0.481206,0,1,1,0,0
0.15,27.5,0.6,0.5,0.0,0.413906,0.044074,0.099166,0.8322,12.537246,0.530783,9.20513,22.280809,0.190261,0.023269,0.41356,0.954532,0.42301,0.49486,0,1,1,0,0
0.15,27.5,0.6,0.5,0.1,0.413906,0.044074,0.099166,0.8322,12.537246,0.530767,9.20513,22.280809,0.190261,0.023269,0.41356,0.954532,0.42301,0.494845,0,1,1,0,0
0.15,27.5,0.6,0.5,0.3,0.413906,0.044074,0.099166,0.8322,12.537246,0.530643,9.20513,22.280809,0.190261,0.023269,0.41356,0.954532,0.42301,0.494729,0,1,1,0,0
0.15,27.5,0.7,0.6,0.0,0.413906,0.044074,0.099166,0.8322,12.537246,0.530783,9.20513,22.280809,0.290261,0.008071,0.41356,0.954532,0.417944,0.50256,0,1,1,0,0
0.15,27.5,0.7,0.6,0.1,0.413906,0.044074,0.099166,0.8322,12.537246,0.53077,9.20513,22.280809,0.290261,0.008071,0.41356,0.954532,0.417944,0.502548,0,1,1,0,0
0.15,27.5,0.7,0.6,0.3,0.413906,0.044074,0.099166,0.8322,12.537246,0.530666,9.20513,22.280809,0.290261,0.008071,0.41356,0.954532,0.417944,0.50245,0,1,1,0,0
0.15,27.5,0.8,0.7,0.0,0.413906,0.044074,0.099166,0.8322,12.537246,0.530783,9.20513,22.280809,0.390261,0.001167,0.41356,0.954532,0.415642,0.506058,0,1,1,0,0
0.15,27.5,0.8,0.7,0.1,0.413906,0.044074,0.099166,0.8322,12.537246,0.530772,9.20513,22.280809,0.390261,0.001167,0.41356,0.954532,0.415642,0.506047,0,1,1,0,0
0.15,27.5,0.8,0.7,0.3,0.413906,0.044074,0.099166,0.8322,12.537246,0.530683,9.20513,22.280809,0.390261,0.001167,0.41356,0.954532,0.415642,0.505963,0,1,1,0,0
0.15,27.5,0.9,0.8,0.0,0.413906,0.044074,0.099166,0.8322,12.537246,0.530783,9.20513,22.280809,0.490261,0.0,0.41356,0.954532,0.415253,0.506649,0,1,1,0,0
0.15,27.5,0.9,0.8,0.1,0.413906,0.044074,0.099166,0.8322,12.537246,0.530773,9.20513,22.280809,0.490261,0.0,0.41356,0.954532,0.415253,0.50664,0,1,1,0,0
0.15,27.5,0.9,0.8,0.3,0.413906,0.044074,0.099166,0.8322,12.537246,0.530695,9.20513,22.280809,0.490261,0.0,0.41356,0.954532,0.415253,0.506566,0,1,1,0,0
0.15,27.5,1.0,0.9,0.0,0.413906,0.044074,0.099166,0.8322,12.537246,0.530783,9.20513,22.280809,0.590261,0.0,0.41356,0.954532,0.415253,0.506649,0,1,1,0,0
0.15,27.5,1.0,0.9,0.1,0.413906,0.044074,0.099166,0.8322,12.537246,0.530774,9.20513,22.280809,0.590261,0.0,0.41356,0.954532,0.415253,0.506641,0,1,1,0,0
0.15,27.5,1.0,0.9,0.3,0.413906,0.044074,0.099166,0.8322,12.537246,0.530705,9.20513,22.280809,0.590261,0.0,0.41356,0.954532,0.415253,0.506575,0,1,1,0,0
0.15,30.0,0.3,0.2,0.0,0.459055,0.044074,0.099166,0.8322,12.537246,0.530783,10.122921,24.438603,-0.154433,0.201976,0.443587,0.939644,0.492588,0.398012,0,1,0,0,0
0.15,30.0,0.3,0.2,0.1,0.459055,0.044074,0.099166,0.8322,12.537246,0.530744,10.122921,24.438603,-0.154433,0.201976,0.443587,0.939644,0.492588,0.397983,0,1,0,0,0
0.15,30.0,0.3,0.2,0.3,0.459055,0.044074,0.099166,0.8322,12.537246,0.530433,10.122921,24.438603,-0.154433,0.201976,0.443587,0.939644,0.492588,0.39775,0,1,0,0,0
0.15,30.0,0.4,0.3,0.0,0.459055,0.044074,0.099166,0.8322,12.537246,0.530783,10.122921,24.438603,-0.054433,0.121855,0.443587,0.939644,0.465881,0.437972,0,1,0,0,0
0.15,30.0,0.4,0.3,0.1,0.459055,0.044074,0.099166,0.8322,12.537246,0.530757,10.122921,24.438603,-0.054433,0.121855,0.443587,0.939644,0.465881,0.437951,0,1,0,0,0
0.15,30.0,0.4,0.3,0.3,0.459055,0.044074,0.099166,0.8322,12.537246,0.53055,10.122921,24.438603,-0.054433,0.121855,0.443587,0.939644,0.465881,0.43778,0,1,0,0,0
0.15,30.0,0.5,0.4,0.0,0.459055,0.044074,0.099166,0.8322,12.537246,0.530783,10.122921,24.438603,0.045567,0.066439,0.443587,0.939644,0.447409,0.465611,0,1,1,0,0
0.15,30.0,0.5,0.4,0.1,0.459055,0.044074,0.099166,0.8322,12.537246,0.530763,10.122921,24.438603,0.045567,0.066439,0.443587,0.939644,0.447409,0.465593,0,1,1,0,0
0.15,30.0,0.5,0.4,0.3,0.459055,0.044074,0.099166,0.8322,12.537246,0.530608,10.122921,24.438603,0.045567,0.066439,0.443587,0.939644,0.447409,0.465457,0,1,1,0,0
0.15,30.0,0.6,0.5,0.0,0.459055,0.044074,0.099166,0.8322,12.537246,0.530783,10.122921,24.438603,0.145567,0.038399,0.443587,0.939644,0.438062,0.479596,0,1,1,0,0
0.15,30.0,0.6,0.5,0.1,0.459055,0.044074,0.099166,0.8322,12.537246,0.530767,10.122921,24.438603,0.145567,0.038399,0.443587,0.939644,0.438062,0.479582,0,1,1,0,0
0.15,30.0,0.6,0.5,0.3,0.459055,0.044074,0.099166,0.8322,12.537246,0.530643,10.122921,24.438603,0.145567,0.038399,0.443587,0.939644,0.438062,0.479469,0,1,1,0,0
0.15,30.0,0.7,0.6,0.0,0.459055,0.044074,0.099166,0.8322,12.537246,0.530783,10.122921,24.438603,0.245567,0.017438,0.443587,0.939644,0.431075,0.49005,0,1,1,0,0
0.15,30.0,0.7,0.6,0.1,0.459055,0.044074,0.099166,0.8322,12.537246,0.53077,10.122921,24.438603,0.245567,0.017438,0.443587,0.939644,0.431075,0.490038,0,1,1,0,0
0.15,30.0,0.7,0.6,0.3,0.459055,0.044074,0.099166,0.8322,12.537246,0.530666,10.122921,24.438603,0.245567,0.017438,0.443587,0.939644,0.431075,0.489942,0,1,1,0,0
0.15,30.0,0.8,0.7,0.0,0.459055,0.044074,0.099166,0.8322,12.537246,0.530783,10.122921,24.438603,0.345567,0.006076,0.443587,0.939644,0.427288,0.495717,0,1,1,0,0
0.15,30.0,0.8,0.7,0.1,0.459055,0.044074,0.099166,0.8322,12.537246,0.530772,10.122921,24.438603,0.345567,0.006076,0.443587,0.939644,0.427288,0.495706,0,1,1,0,0
0.15,30.0,0.8,0.7,0.3,0.459055,0.044074,0.099166,0.8322,12.537246,0.530683,10.122921,24.438603,0.345567,0.006076,0.443587,0.939644,0.427288,0.495624,0,1,1,0,0
0.15,30.0,0.9,0.8,0.0,0.459055,0.044074,0.099166,0.8322,12.537246,0.530783,10.122921,24.438603,0.445567,0.000808,0.443587,0.939644,0.425532,0.498344,0,1,1,0,0
0.15,30.0,0.9,0.8,0.1,0.459055,0.044074,0.099166,0.8322,12.537246,0.530773,10.122921,24.438603,0.445567,0.000808,0.443587,0.939644,0.425532,0.498335,0,1,1,0,0
0.15,30.0,0.9,0.8,0.3,0.459055,0.044074,0.099166,0.8322,12.537246,0.530695,10.122921,24.438603,0.445567,0.000808,0.443587,0.939644,0.425532,0.498262,0,1,1,0,0
0.15,30.0,1.0,0.9,0.0,0.459055,0.044074,0.099166,0.8322,12.537246,0.530783,10.122921,24.438603,0.545567,0.0,0.443587,0.939644,0.425262,0.498747,0,1,1,0,0
0.15,30.0,1.0,0.9,0.1,0.459055,0.044074,0.099166,0.8322,12.537246,0.530774,10.122921,24.438603,0.545567,0.0,0.443587,0.939644,0.425262,0.498739,0,1,1,0,0
0.15,30.0,1.0,0.9,0.3,0.459055,0.044074,0.099166,0.8322,12.537246,0.530705,10.122921,24.438603,0.545567,0.0,0.443587,0.939644,0.425262,0.498674,0,1,1,0,0
0.15,32.5,0.3,0.2,0.0,0.506538,0.044074,0.099166,0.8322,12.537246,0.530783,11.066099,26.630945,-0.201438,0.232064,0.473424,0.924539,0.512562,0.376849,0,1,0,0,0
0.15,32.5,0.3,0.2,0.1,0.506538,0.044074,0.099166,0.8322,12.537246,0.530744,11.066099,26.630945,-0.201438,0.232064,0.473424,0.924539,0.512562,0.376821,0,1,0,0,0
0.15,32.5,0.3,0.2,0.3,0.506538,0.044074,0.099166,0.8322,12.537246,0.530433,11.066099,26.630945,-0.201438,0.232064,0.473424,0.924539,0.512562,0.376601,0,1,0,0,0
0.15,32.5,0.4,0.3,0.0,0.506538,0.044074,0.099166,0.8322,12.537246,0.530783,11.066099,26.630945,-0.101438,0.14849,0.473424,0.924539,0.484705,0.417861,0,1,0,0,0
0.15,32.5,0.4,0.3,0.1,0.506538,0.044074,0.099166,0.8322,12.537246,0.530757,11.066099,26.630945,-0.101438,0.14849,0.473424,0.924539,0.484705,0.417841,0,1,0,0,0
0.15,32.5,0.4,0.3,0.3,0.506538,0.044074,0.099166,0.8322,12.537246,0.53055,11.066099,26.630945,-0.101438,0.14849,0.473424,0.924539,0.484705,0.417677,0,1,0,0,0
0.15,32.5,0.5,0.4,0.0,0.506538,0.044074,0.099166,0.8322,12.537246,0.530783,11.066099,26.630945,-0.001438,0.089013,0.473424,0.924539,0.464879,0.447048,0,1,0,0,0
0.15,32.5,0.5,0.4,0.1,0.506538,0.044074,0.099166,0.8322,12.537246,0.530763,11.066099,26.630945,-0.001438,0.089013,0.473424,0.924539,0.464879,0.447032,0,1,0,0,0
0.15,32.5,0.5,0.4,0.3,0.506538,0.044074,0.099166,0.8322,12.537246,0.530608,11.066099,26.630945,-0.001438,0.089013,0.473424,0.924539,0.464879,0.446901,0,1,0,0,0
0.15,32.5,0.6,0.5,0.0,0.506538,0.044074,0.099166,0.8322,12.537246,0.530783,11.066099,26.630945,0.098562,0.05287,0.473424,0.924539,0.452831,0.464784,0,1,1,0,0
0.15,32.5,0.6,0.5,0.1,0.506538,0.044074,0.099166,0.8322,12.537246,0.530767,11.066099,26.630945,0.098562,0.05287,0.473424,0.924539,0.452831,0.464771,0,1,1,0,0
0.15,32.5,0.6,0.5,0.3,0.506538,0.044074,0.099166,0.8322,12.537246,0.530643,11.066099,26.630945,0.098562,0.05287,0.473424,0.924539,0.452831,0.464662,0,1,1,0,0
0.15,32.5,0.7,0.6,0.0,0.506538,0.044074,0.099166,0.8322,12.537246,0.530783,11.066099,26.630945,0.198562,0.029818,0.473424,0.924539,0.445147,0.476097,0,1,1,0,0
0.15,32.5,0.7,0.6,0.1,0.506538,0.044074,0.099166,0.8322,12.537246,0.53077,11.066099,26.630945,0.198562,0.029818,0.473424,0.924539,0.445147,0.476085,0,1,1,0,0
0.15,32.5,0.7,0.6,0.3,0.506538,0.044074,0.099166,0.8322,12.537246,0.530666,11.066099,26.630945,0.198562,0.029818,0.473424,0.924539,0.445147,0.475992,0,1,1,0,0
0.15,32.5,0.8,0.7,0.0,0.506538,0.044074,0.099166,0.8322,12.537246,0.530783,11.066099,26.630945,0.298562,0.013218,0.473424,0.924539,0.439614,0.484243,0,1,1,0,0
0.15,32.5,0.8,0.7,0.1,0.506538,0.044074,0.099166,0.8322,12.537246,0.530772,11.066099,26.630945,0.298562,0.013218,0.473424,0.924539,0.439614,0.484233,0,1,1,0,0
0.15,32.5,0.8,0.7,0.3,0.506538,0.044074,0.099166,0.8322,12.537246,0.530683,11.066099,26.630945,0.298562,0.013218,0.473424,0.924539,0.439614,0.484152,0,1,1,0,0
0.15,32.5,0.9,0.8,0.0,0.506538,0.044074,0.099166,0.8322,12.537246,0.530783,11.066099,26.630945,0.398562,0.004757,0.473424,0.924539,0.436793,0.488395,0,1,1,0,0
0.15,32.5,0.9,0.8,0.1,0.506538,0.044074,0.099166,0.8322,12.537246,0.530773,11.066099,26.630945,0.398562,0.004757,0.473424,0.924539,0.436793,0.488386,0,1,1,0,0
0.15,32.5,0.9,0.8,0.3,0.506538,0.044074,0.099166,0.8322,12.537246,0.530695,11.066099,26.630945,0.398562,0.004757,0.473424,0.924539,0.436793,0.488315,0,1,1,0,0
0.15,32.5,1.0,0.9,0.0,0.506538,0.044074,0.099166,0.8322,12.537246,0.530783,11.066099,26.630945,0.498562,0.000632,0.473424,0.924539,0.435419,0.490419,0,1,1,0,0
0.15,32.5,1.0,0.9,0.1,0.506538,0.044074,0.099166,0.8322,12.537246,0.530774,11.066099,26.630945,0.498562,0.000632,0.473424,0.924539,0.435419,0.490411,0,1,1,0,0
0.15,32.5,1.0,0.9,0.3,0.506538,0.044074,0.099166,0.8322,12.537246,0.530705,11.066099,26.630945,0.498562,0.000632,0.473424,0.924539,0.435419,0.490347,0,1,1,0,0
0.15,35.0,0.3,0.2,0.0,0.556739,0.044074,0.099166,0.8322,12.537246,0.530783,12.038659,28.860644,-0.251134,0.262501,0.502452,0.908434,0.532384,0.355608,0,1,0,0,0
0.15,35.0,0.3,0.2,0.1,0.556739,0.044074,0.099166,0.8322,12.537246,0.530744,12.038659,28.860644,-0.251134,0.262501,0.502452,0.908434,0.532384,0.355582,0,1,0,0,0
0.15,35.0,0.3,0.2,0.3,0.556739,0.044074,0.099166,0.8322,12.537246,0.530433,12.038659,28.860644,-0.251134,0.262501,0.502452,0.908434,0.532384,0.355374,0,1,0,0,0
0.15,35.0,0.4,0.3,0.0,0.556739,0.044074,0.099166,0.8322,12.537246,0.530783,12.038659,28.860644,-0.151134,0.174398,0.502452,0.908434,0.503017,0.39809,0,1,0,0,0
0.15,35.0,0.4,0.3,0.1,0.556739,0.044074,0.099166,0.8322,12.537246,0.530757,12.038659,28.860644,-0.151134,0.174398,0.502452,0.908434,0.503017,0.39807,0,1,0,0,0
0.15,35.0,0.4,0.3,0.3,0.556739,0.044074,0.099166,0.8322,12.537246,0.53055,12.038659,28.860644,-0.151134,0.174398,0.502452,0.908434,0.503017,0.397915,0,1,0,0,0
0.15,35.0,0.5,0.4,0.0,0.556739,0.044074,0.099166,0.8322,12.537246,0.530783,12.038659,28.860644,-0.051134,0.113917,0.502452,0.908434,0.482857,0.427253,0,1,0,0,0
0.15,35.0,0.5,0.4,0.1,0.556739,0.044074,0.099166,0.8322,12.537246,0.530763,12.038659,28.860644,-0.051134,0.113917,0.502452,0.908434,0.482857,0.427237,0,1,0,0,0
0.15,35.0,0.5,0.4,0.3,0.556739,0.044074,0.099166,0.8322,12.537246,0.530608,12.038659,28.860644,-0.051134,0.113917,0.502452,0.908434,0.482857,0.427112,0,1,0,0,0
0.15,35.0,0.6,0.5,0.0,0.556739,0.044074,0.099166,0.8322,12.537246,0.530783,12.038659,28.860644,0.048866,0.068813,0.502452,0.908434,0.467822,0.449001,0,1,1,0,0
0.15,35.0,0.6,0.5,0.1,0.556739,0.044074,0.099166,0.8322,12.537246,0.530767,12.038659,28.860644,0.048866,0.068813,0.502452,0.908434,0.467822,0.448988,0,1,1,0,0
0.15,35.0,0.6,0.5,0.3,0.556739,0.044074,0.099166,0.8322,12.537246,0.530643,12.038659,28.860644,0.048866,0.068813,0.502452,0.908434,0.467822,0.448882,0,1,1,0,0
0.15,35.0,0.7,0.6,0.0,0.556739,0.044074,0.099166,0.8322,12.537246,0.530783,12.038659,28.860644,0.148866,0.044176,0.502452,0.908434,0.459609,0.460881,0,1,1,0,0
0.15,35.0,0.7,0.6,0.1,0.556739,0.044074,0.099166,0.8322,12.537246,0.53077,12.038659,28.860644,0.148866,0.044176,0.502452,0.908434,0.459609,0.460869,0,1,1,0,0
0.15,35.0,0.7,0.6,0.3,0.556739,0.044074,0.099166,0.8322,12.537246,0.530666,12.038659,28.860644,0.148866,0.044176,0.502452,0.908434,0.459609,0.460779,0,1,1,0,0
0.15,35.0,0.8,0.7,0.0,0.556739,0.044074,0.099166,0.8322,12.537246,0.530783,12.038659,28.860644,0.248866,0.024297,0.502452,0.908434,0.452983,0.470466,0,1,1,0,0
0.15,35.0,0.8,0.7,0.1,0.556739,0.044074,0.099166,0.8322,12.537246,0.530772,12.038659,28.860644,0.248866,0.024297,0.502452,0.908434,0.452983,0.470456,0,1,1,0,0
0.15,35.0,0.8,0.7,0.3,0.556739,0.044074,0.099166,0.8322,12.537246,0.530683,12.038659,28.860644,0.248866,0.024297,0.502452,0.908434,0.452983,0.470377,0,1,1,0,0
0.15,35.0,0.9,0.8,0.0,0.556739,0.044074,0.099166,0.8322,12.537246,0.530783,12.038659,28.860644,0.348866,0.011025,0.502452,0.908434,0.448559,0.476865,0,1,1,0,0
0.15,35.0,0.9,0.8,0.1,0.556739,0.044074,0.099166,0.8322,12.537246,0.530773,12.038659,28.860644,0.348866,0.011025,0.502452,0.908434,0.448559,0.476856,0,1,1,0,0
0.15,35.0,0.9,0.8,0.3,0.556739,0.044074,0.099166,0.8322,12.537246,0.530695,12.038659,28.860644,0.348866,0.011025,0.502452,0.908434,0.448559,0.476787,0,1,1,0,0
0.15,35.0,1.0,0.9,0.0,0.556739,0.044074,0.099166,0.8322,12.537246,0.530783,12.038659,28.860644,0.448866,0.004005,0.502452,0.908434,0.446219,0.48025,0,1,1,0,0
0.15,35.0,1.0,0.9,0.1,0.556739,0.044074,0.099166,0.8322,12.537246,0.530774,12.038659,28.860644,0.448866,0.004005,0.502452,0.908434,0.446219,0.480242,0,1,1,0,0
0.15,35.0,1.0,0.9,0.3,0.556739,0.044074,0.099166,0.8322,12.537246,0.530705,12.038659,28.860644,0.448866,0.004005,0.502452,0.908434,0.446219,0.48018,0,1,1,0,0
0.2,5.0,0.3,0.2,0.0,0.069563,0.058765,0.132221,0.907447,9.402934,0.445362,1.613854,3.939305,0.231138,0.0,0.080477,1.0,0.329308,0.445362,1,1,1,1,0
0.2,5.0,0.3,0.2,0.1,0.069563,0.058765,0.132221,0.907447,9.402934,0.445318,1.613854,3.939305,0.231138,0.0,0.080477,1.0,0.329308,0.445318,1,1,1,1,0
0.2,5.0,0.3,0.2,0.3,0.069563,0.058765,0.132221,0.907447,9.402934,0.444971,1.613854,3.939305,0.231138,0.0,0.080477,1.0,0.329308,0.444971,1,1,1,1,0
0.2,5.0,0.4,0.3,0.0,0.069563,0.058765,0.132221,0.907447,9.402934,0.445362,1.613854,3.939305,0.331138,0.0,0.080477,1.0,0.329308,0.445362,1,1,1,1,0
0.2,5.0,0.4,0.3,0.1,0.069563,0.058765,0.132221,0.907447,9.402934,0.445333,1.613854,3.939305,0.331138,0.0,0.080477,1.0,0.329308,0.445333,1,1,1,1,0
0.2,5.0,0.4,0.3,0.3,0.069563,0.058765,0.132221,0.907447,9.402934,0.445101,1.613854,3.939305,0.331138,0.0,0.080477,1.0,0.329308,0.445101,1,1,1,1,0
0.2,5.0,0.5,0.4,0.0,0.069563,0.058765,0.132221,0.907447,9.402934,0.445362,1.613854,3.939305,0.431138,0.0,0.080477,1.0,0.329308,0.445362,1,1,1,1,0
0.2,5.0,0.5,0.4,0.1,0.069563,0.058765,0.132221,0.907447,9.402934,0.44534,1.613854,3.939305,0.431138,0.0,0.080477,1.0,0.329308,0.44534,1,1,1,1,0
0.2,5.0,0.5,0.4,0.3,0.069563,0.058765,0.132221,0.907447,9.402934,0.445166,1.613854,3.939305,0.431138,0.0,0.080477,1.0,0.329308,0.445166,1,1,1,1,0
0.2,5.0,0.6,0.5,0.0,0.069563,0.058765,0.132221,0.907447,9.402934,0.445362,1.613854,3.939305,0.531138,0.0,0.080477,1.0,0.329308,0.445362,1,1,1,1,0
0.2,5.0,0.6,0.5,0.1,0.069563,0.058765,0.132221,0.907447,9.402934,0.445344,1.613854,3.939305,0.531138,0.0,0.080477,1.0,0.329308,0.445344,1,1,1,1,0
0.2,5.0,0.6,0.5,0.3,0.069563,0.058765,0.132221,0.907447,9.402934,0.445205,1.613854,3.939305,0.531138,0.0,0.080477,1.0,0.329308,0.445205,1,1,1,1,0
0.2,5.0,0.7,0.6,0.0,0.069563,0.058765,0.132221,0.907447,9.402934,0.445362,1.613854,3.939305,0.631138,0.0,0.080477,1.0,0.329308,0.445362,1,1,1,1,0
0.2,5.0,0.7,0.6,0.1,0.069563,0.058765,0.132221,0.907447,9.402934,0.445347,1.613854,3.939305,0.631138,0.0,0.080477,1.0,0.329308,0.445347,1,1,1,1,0
0.2,5.0,0.7,0.6,0.3,0.069563,0.058765,0.132221,0.907447,9.402934,0.445231,1.613854,3.939305,0.631138,0.0,0.080477,1.0,0.329308,0.445231,1,1,1,1,0
0.2,5.0,0.8,0.7,0.0,0.069563,0.058765,0.132221,0.907447,9.402934,0.445362,1.613854,3.939305,0.731138,0.0,0.080477,1.0,0.329308,0.445362,1,1,1,1,0
0.2,5.0,0.8,0.7,0.1,0.069563,0.058765,0.132221,0.907447,9.402934,0.445349,1.613854,3.939305,0.731138,0.0,0.080477,1.0,0.329308,0.445349,1,1,1,1,0
0.2,5.0,0.8,0.7,0.3,0.069563,0.058765,0.132221,0.907447,9.402934,0.44525,1.613854,3.939305,0.731138,0.0,0.080477,1.0,0.329308,0.44525,1,1,1,1,0
0.2,5.0,0.9,0.8,0.0,0.069563,0.058765,0.132221,0.907447,9.402934,0.445362,1.613854,3.939305,0.831138,0.0,0.080477,1.0,0.329308,0.445362,1,1,1,1,0
0.2,5.0,0.9,0.8,0.1,0.069563,0.058765,0.132221,0.907447,9.402934,0.445351,1.613854,3.939305,0.831138,0.0,0.080477,1.0,0.329308,0.445351,1,1,1,1,0
0.2,5.0,0.9,0.8,0.3,0.069563,0.058765,0.132221,0.907447,9.402934,0.445264,1.613854,3.939305,0.831138,0.0,0.080477,1.0,0.329308,0.445264,1,1,1,1,0
0.2,5.0,1.0,0.9,0.0,0.069563,0.058765,0.132221,0.907447,9.402934,0.445362,1.613854,3.939305,0.931138,0.0,0.080477,1.0,0.329308,0.445362,1,1,1,1,0
0.2,5.0,1.0,0.9,0.1,0.069563,0.058765,0.132221,0.907447,9.402934,0.445352,1.613854,3.939305,0.931138,0.0,0.080477,1.0,0.329308,0.445352,1,1,1,1,0
0.2,5.0,1.0,0.9,0.3,0.069563,0.058765,0.132221,0.907447,9.402934,0.445275,1.613854,3.939305,0.931138,0.0,0.080477,1.0,0.329308,0.445275,1,1,1,1,0
0.2,7.5,0.3,0.2,0.0,0.104678,0.058765,0.132221,0.907447,9.402934,0.445362,2.424156,5.916089,0.196376,0.0,0.120884,1.0,0.342777,0.445362,1,1,1,1,0
0.2,7.5,0.3,0.2,0.1,0.104678,0.058765,0.132221,0.907447,9.402934,0.445318,2.424156,5.916089,0.196376,0.0,0.120884,1.0,0.342777,0.445318,1,1,1,1,0
0.2,7.5,0.3,0.2,0.3,0.104678,0.058765,0.132221,0.907447,9.402934,0.444971,2.424156,5.916089,0.196376,0.0,0.120884,1.0,0.342777,0.444971,1,1,1,1,0
0.2,7.5,0.4,0.3,0.0,0.104678,0.058765,0.132221,0.907447,9.402934,0.445362,2.424156,5.916089,0.296376,0.0,0.120884,1.0,0.342777,0.445362,1,1,1,1,0
0.2,7.5,0.4,0.3,0.1,0.104678,0.058765,0.132221,0.907447,9.402934,0.445333,2.424156,5.916089,0.296376,0.0,0.120884,1.0,0.342777,0.445333,1,1,1,1,0
0.2,7.5,0.4,0.3,0.3,0.104678,0.058765,0.132221,0.907447,9.402934,0.445101,2.424156,5.916089,0.296376,0.0,0.120884,1.0,0.342777,0.445101,1,1,1,1,0
0.2,7.5,0.5,0.4,0.0,0.104678,0.058765,0.132221,0.907447,9.402934,0.445362,2.424156,5.916089,0.396376,0.0,0.120884,1.0,0.342777,0.445362,1,1,1,1,0
0.2,7.5,0.5,0.4,0.1,0.104678,0.058765,0.132221,0.907447,9.402934,0.44534,2.424156,5.916089,0.396376,0.0,0.120884,1.0,0.342777,0.44534,1,1,1,1,0
0.2,7.5,0.5,0.4,0.3,0.104678,0.058765,0.132221,0.907447,9.402934,0.445166,2.424156,5.916089,0.396376,0.0,0.120884,1.0,0.342777,0.445166,1,1,1,1,0
0.2,7.5,0.6,0.5,0.0,0.104678,0.058765,0.132221,0.907447,9.402934,0.445362,2.424156,5.916089,0.496376,0.0,0.120884,1.0,0.342777,0.445362,1,1,1,1,0
0.2,7.5,0.6,0.5,0.1,0.104678,0.058765,0.132221,0.907447,9.402934,0.445344,2.424156,5.916089,0.496376,0.0,0.120884,1.0,0.342777,0.445344,1,1,1,1,0
0.2,7.5,0.6,0.5,0.3,0.104678,0.058765,0.132221,0.907447,9.402934,0.445205,2.424156,5.916089,0.496376,0.0,0.120884,1.0,0.342777,0.445205,1,1,1,1,0
0.2,7.5,0.7,0.6,0.0,0.104678,0.058765,0.132221,0.907447,9.402934,0.445362,2.424156,5.916089,0.596376,0.0,0.120884,1.0,0.342777,0.445362,1,1,1,1,0
0.2,7.5,0.7,0.6,0.1,0.104678,0.058765,0.132221,0.907447,9.402934,0.445347,2.424156,5.916089,0.596376,0.0,0.120884,1.0,0.342777,0.445347,1,1,1,1,0
0.2,7.5,0.7,0.6,0.3,0.104678,0.058765,0.132221,0.907447,9.402934,0.445231,2.424156,5.916089,0.596376,0.0,0.120884,1.0,0.342777,0.445231,1,1,1,1,0
0.2,7.5,0.8,0.7,0.0,0.104678,0.058765,0.132221,0.907447,9.402934,0.445362,2.424156,5.916089,0.696376,0.0,0.120884,1.0,0.342777,0.445362,1,1,1,1,0
0.2,7.5,0.8,0.7,0.1,0.104678,0.058765,0.132221,0.907447,9.402934,0.445349,2.424156,5.916089,0.696376,0.0,0.120884,1.0,0.342777,0.445349,1,1,1,1,0
0.2,7.5,0.8,0.7,0.3,0.104678,0.058765,0.132221,0.907447,9.402934,0.44525,2.424156,5.916089,0.696376,0.0,0.120884,1.0,0.342777,0.44525,1,1,1,1,0
0.2,7.5,0.9,0.8,0.0,0.104678,0.058765,0.132221,0.907447,9.402934,0.445362,2.424156,5.916089,0.796376,0.0,0.120884,1.0,0.342777,0.445362,1,1,1,1,0
0.2,7.5,0.9,0.8,0.1,0.104678,0.058765,0.132221,0.907447,9.402934,0.445351,2.424156,5.916089,0.796376,0.0,0.120884,1.0,0.342777,0.445351,1,1,1,1,0
0.2,7.5,0.9,0.8,0.3,0.104678,0.058765,0.132221,0.907447,9.402934,0.445264,2.424156,5.916089,0.796376,0.0,0.120884,1.0,0.342777,0.445264,1,1,1,1,0
0.2,7.5,1.0,0.9,0.0,0.104678,0.058765,0.132221,0.907447,9.402934,0.445362,2.424156,5.916089,0.896376,0.0,0.120884,1.0,0.342777,0.445362,1,1,1,1,0
0.2,7.5,1.0,0.9,0.1,0.104678,0.058765,0.132221,0.907447,9.402934,0.445352,2.424156,5.916089,0.896376,0.0,0.120884,1.0,0.342777,0.445352,1,1,1,1,0
0.2,7.5,1.0,0.9,0.3,0.104678,0.058765,0.132221,0.907447,9.402934,0.445275,2.424156,5.916089,0.896376,0.0,0.120884,1.0,0.342777,0.445275,1,1,1,1,0
0.2,10.0,0.3,0.2,0.0,0.140199,0.058765,0.132221,0.907447,9.402934,0.445362,3.238603,7.90144,0.161213,0.0,0.161498,1.0,0.356315,0.445362,1,1,1,1,0
0.2,10.0,0.3,0.2,0.1,0.140199,0.058765,0.132221,0.907447,9.402934,0.445318,3.238603,7.90144,0.161213,0.0,0.161498,1.0,0.356315,0.445318,1,1,1,1,0
0.2,10.0,0.3,0.2,0.3,0.140199,0.058765,0.132221,0.907447,9.402934,0.444971,3.238603,7.90144,0.161213,0.0,0.161498,1.0,0.356315,0.444971,1,1,1,1,0
0.2,10.0,0.4,0.3,0.0,0.140199,0.058765,0.132221,0.907447,9.402934,0.445362,3.238603,7.90144,0.261213,0.0,0.161498,1.0,0.356315,0.445362,1,1,1,1,0
0.2,10.0,0.4,0.3,0.1,0.140199,0.058765,0.132221,0.907447,9.402934,0.445333,3.238603,7.90144,0.261213,0.0,0.161498,1.0,0.356315,0.445333,1,1,1,1,0
0.2,10.0,0.4,0.3,0.3,0.140199,0.058765,0.132221,0.907447,9.402934,0.445101,3.238603,7.90144,0.261213,0.0,0.161498,1.0,0.356315,0.445101,1,1,1,1,0
0.2,10.0,0.5,0.4,0.0,0.140199,0.058765,0.132221,0.907447,9.402934,0.445362,3.238603,7.90144,0.361213,0.0,0.161498,1.0,0.356315,0.445362,1,1,1,1,0
0.2,10.0,0.5,0.4,0.1,0.140199,0.058765,0.132221,0.907447,9.402934,0.44534,3.238603,7.90144,0.361213,0.0,0.161498,1.0,0.356315,0.44534,1,1,1,1,0
0.2,10.0,0.5,0.4,0.3,0.140199,0.058765,0.132221,0.907447,9.402934,0.445166,3.238603,7.90144,0.361213,0.0,0.161498,1.0,0.356315,0.445166,1,1,1,1,0
0.2,10.0,0.6,0.5,0.0,0.140199,0.058765,0.132221,0.907447,9.402934,0.445362,3.238603,7.90144,0.461213,0.0,0.161498,1.0,0.356315,0.445362,1,1,1,1,0
0.2,10.0,0.6,0.5,0.1,0.140199,0.058765,0.132221,0.907447,9.402934,0.445344,3.238603,7.90144,0.461213,0.0,0.161498,1.0,0.356315,0.445344,1,1,1,1,0
0.2,10.0,0.6,0.5,0.3,0.140199,0.058765,0.132221,0.907447,9.402934,0.445205,3.238603,7.90144,0.461213,0.0,0.161498,1.0,0.356315,0.445205,1,1,1,1,0
0.2,10.0,0.7,0.6,0.0,0.140199,0.058765,0.132221,0.907447,9.402934,0.445362,3.238603,7.90144,0.561213,0.0,0.161498,1.0,0.356315,0.445362,1,1,1,1,0
0.2,10.0,0.7,0.6,0.1,0.140199,0.058765,0.132221,0.907447,9.402934,0.445347,3.238603,7.90144,0.561213,0.0,0.161498,1.0,0.356315,0.445347,1,1,1,1,0
0.2,10.0,0.7,0.6,0.3,0.140199,0.058765,0.132221,0.907447,9.402934,0.445231,3.238603,7.90144,0.561213,0.0,0.161498,1.0,0.356315,0.445231,1,1,1,1,0
0.2,10.0,0.8,0.7,0.0,0.140199,0.058765,0.132221,0.907447,9.402934,0.445362,3.238603,7.90144,0.661213,0.0,0.161498,1.0,0.356315,0.445362,1,1,1,1,0
0.2,10.0,0.8,0.7,0.1,0.140199,0.058765,0.132221,0.907447,9.402934,0.445349,3.238603,7.90144,0.661213,0.0,0.161498,1.0,0.356315,0.445349,1,1,1,1,0
0.2,10.0,0.8,0.7,0.3,0.140199,0.058765,0.132221,0.907447,9.402934,0.44525,3.238603,7.90144,0.661213,0.0,0.161498,1.0,0.356315,0.44525,1,1,1,1,0
0.2,10.0,0.9,0.8,0.0,0.140199,0.058765,0.132221,0.907447,9.402934,0.445362,3.238603,7.90144,0.761213,0.0,0.161498,1.0,0.356315,0.445362,1,1,1,1,0
0.2,10.0,0.9,0.8,0.1,0.140199,0.058765,0.132221,0.907447,9.402934,0.445351,3.238603,7.90144,0.761213,0.0,0.161498,1.0,0.356315,0.445351,1,1,1,1,0
0.2,10.0,0.9,0.8,0.3,0.140199,0.058765,0.132221,0.907447,9.402934,0.445264,3.238603,7.90144,0.761213,0.0,0.161498,1.0,0.356315,0.445264,1,1,1,1,0
0.2,10.0,1.0,0.9,0.0,0.140199,0.058765,0.132221,0.907447,9.402934,0.445362,3.238603,7.90144,0.861213,0.0,0.161498,1.0,0.356315,0.445362,1,1,1,1,0
0.2,10.0,1.0,0.9,0.1,0.140199,0.058765,0.132221,0.907447,9.402934,0.445352,3.238603,7.90144,0.861213,0.0,0.161498,1.0,0.356315,0.445352,1,1,1,1,0
0.2,10.0,1.0,0.9,0.3,0.140199,0.058765,0.132221,0.907447,9.402934,0.445275,3.238603,7.90144,0.861213,0.0,0.161498,1.0,0.356315,0.445275,1,1,1,1,0
0.2,12.5,0.3,0.2,0.0,0.176271,0.058765,0.132221,0.907447,9.402934,0.445362,4.058731,9.898225,0.125504,0.007655,0.202395,1.0,0.372499,0.441952,1,1,1,1,0
0.2,12.5,0.3,0.2,0.1,0.176271,0.058765,0.132221,0.907447,9.402934,0.445318,4.058731,9.898225,0.125504,0.007655,0.202395,1.0,0.372499,0.441909,1,1,1,1,0
0.2,12.5,0.3,0.2,0.3,0.176271,0.058765,0.132221,0.907447,9.402934,0.444971,4.058731,9.898225,0.125504,0.007655,0.202395,1.0,0.372499,0.441564,1,1,1,1,0
0.2,12.5,0.4,0.3,0.0,0.176271,0.058765,0.132221,0.907447,9.402934,0.445362,4.058731,9.898225,0.225504,0.0,0.202395,1.0,0.369947,0.445362,1,1,1,1,0
0.2,12.5,0.4,0.3,0.1,0.176271,0.058765,0.132221,0.907447,9.402934,0.445333,4.058731,9.898225,0.225504,0.0,0.202395,1.0,0.369947,0.445333,1,1,1,1,0
0.2,12.5,0.4,0.3,0.3,0.176271,0.058765,0.132221,0.907447,9.402934,0.445101,4.058731,9.898225,0.225504,0.0,0.202395,1.0,0.369947,0.445101,1,1,1,1,0
0.2,12.5,0.5,0.4,0.0,0.176271,0.058765,0.132221,0.907447,9.402934,0.445362,4.058731,9.898225,0.325504,0.0,0.202395,1.0,0.369947,0.445362,1,1,1,1,0
0.2,12.5,0.5,0.4,0.1,0.176271,0.058765,0.132221,0.907447,9.402934,0.44534,4.058731,9.898225,0.325504,0.0,0.202395,1.0,0.369947,0.44534,1,1,1,1,0
0.2,12.5,0.5,0.4,0.3,0.176271,0.058765,0.132221,0.907447,9.402934,0.445166,4.058731,9.898225,0.325504,0.0,0.202395,1.0,0.369947,0.445166,1,1,1,1,0
0.2,12.5,0.6,0.5,0.0,0.176271,0.058765,0.132221,0.907447,9.402934,0.445362,4.058731,9.898225,0.425504,0.0,0.202395,1.0,0.369947,0.445362,1,1,1,1,0
0.2,12.5,0.6,0.5,0.1,0.176271,0.058765,0.132221,0.907447,9.402934,0.445344,4.058731,9.898225,0.425504,0.0,0.202395,1.0,0.369947,0.445344,1,1,1,1,0
0.2,12.5,0.6,0.5,0.3,0.176271,0.058765,0.132221,0.907447,9.402934,0.445205,4.058731,9.898225,0.425504,0.0,0.202395,1.0,0.369947,0.445205,1,1,1,1,0
0.2,12.5,0.7,0.6,0.0,0.176271,0.058765,0.132221,0.907447,9.402934,0.445362,4.058731,9.898225,0.525504,0.0,0.202395,1.0,0.369947,0.445362,1,1,1,1,0
0.2,12.5,0.7,0.6,0.1,0.176271,0.058765,0.132221,0.907447,9.402934,0.445347,4.058731,9.898225,0.525504,0.0,0.202395,1.0,0.369947,0.445347,1,1,1,1,0
0.2,12.5,0.7,0.6,0.3,0.176271,0.058765,0.132221,0.907447,9.402934,0.445231,4.058731,9.898225,0.525504,0.0,0.202395,1.0,0.369947,0.445231,1,1,1,1,0
0.2,12.5,0.8,0.7,0.0,0.176271,0.058765,0.132221,0.907447,9.402934,0.445362,4.058731,9.898225,0.625504,0.0,0.202395,1.0,0.369947,0.445362,1,1,1,1,0
0.2,12.5,0.8,0.7,0.1,0.176271,0.058765,0.132221,0.907447,9.402934,0.445349,4.058731,9.898225,0.625504,0.0,0.202395,1.0,0.369947,0.445349,1,1,1,1,0
0.2,12.5,0.8,0.7,0.3,0.176271,0.058765,0.132221,0.907447,9.402934,0.44525,4.058731,9.898225,0.625504,0.0,0.202395,1.0,0.369947,0.44525,1,1,1,1,0
0.2,12.5,0.9,0.8,0.0,0.176271,0.058765,0.132221,0.907447,9.402934,0.445362,4.058731,9.898225,0.725504,0.0,0.202395,1.0,0.369947,0.445362,1,1,1,1,0
0.2,12.5,0.9,0.8,0.1,0.176271,0.058765,0.132221,0.907447,9.402934,0.445351,4.058731,9.898225,0.725504,0.0,0.202395,1.0,0.369947,0.445351,1,1,1,1,0
0.2,12.5,0.9,0.8,0.3,0.176271,0.058765,0.132221,0.907447,9.402934,0.445264,4.058731,9.898225,0.725504,0.0,0.202395,1.0,0.369947,0.445264,1,1,1,1,0
0.2,12.5,1.0,0.9,0.0,0.176271,0.058765,0.132221,0.907447,9.402934,0.445362,4.058731,9.898225,0.825504,0.0,0.202395,1.0,0.369947,0.445362,1,1,1,1,0
0.2,12.5,1.0,0.9,0.1,0.176271,0.058765,0.132221,0.907447,9.402934,0.445352,4.058731,9.898225,0.825504,0.0,0.202395,1.0,0.369947,0.445352,1,1,1,1,0
0.2,12.5,1.0,0.9,0.3,0.176271,0.058765,0.132221,0.907447,9.402934,0.445275,4.058731,9.898225,0.825504,0.0,0.202395,1.0,0.369947,0.445275,1,1,1,1,0
0.2,15.0,0.3,0.2,0.0,0.213048,0.058765,0.132221,0.907447,9.402934,0.445362,4.886207,11.909322,0.089097,0.027111,0.242113,0.998454,0.392224,0.432618,1,1,1,1,0
0.2,15.0,0.3,0.2,0.1,0.213048,0.058765,0.132221,0.907447,9.402934,0.445318,4.886207,11.909322,0.089097,0.027111,0.242113,0.998454,0.392224,0.432576,1,1,1,1,0
0.2,15.0,0.3,0.2,0.3,0.213048,0.058765,0.132221,0.907447,9.402934,0.444971,4.886207,11.909322,0.089097,0.027111,0.242113,0.998454,0.392224,0.432238,1,1,1,1,0
0.2,15.0,0.4,0.3,0.0,0.213048,0.058765,0.132221,0.907447,9.402934,0.445362,4.886207,11.909322,0.189097,0.001881,0.242113,0.998454,0.383814,0.443837,1,1,1,1,0
0.2,15.0,0.4,0.3,0.1,0.213048,0.058765,0.132221,0.907447,9.402934,0.445333,4.886207,11.909322,0.189097,0.001881,0.242113,0.998454,0.383814,0.443808,1,1,1,1,0
0.2,15.0,0.4,0.3,0.3,0.213048,0.058765,0.132221,0.907447,9.402934,0.445101,4.886207,11.909322,0.189097,0.001881,0.242113,0.998454,0.383814,0.443577,1,1,1,1,0
0.2,15.0,0.5,0.4,0.0,0.213048,0.058765,0.132221,0.907447,9.402934,0.445362,4.886207,11.909322,0.289097,0.0,0.242113,0.998454,0.383187,0.444674,1,1,1,1,0
0.2,15.0,0.5,0.4,0.1,0.213048,0.058765,0.132221,0.907447,9.402934,0.44534,4.886207,11.909322,0.289097,0.0,0.242113,0.998454,0.383187,0.444652,1,1,1,1,0
0.2,15.0,0.5,0.4,0.3,0.213048,0.058765,0.132221,0.907447,9.402934,0.445166,4.886207,11.909322,0.289097,0.0,0.242113,0.998454,0.383187,0.444478,1,1,1,1,0
0.2,15.0,0.6,0.5,0.0,0.213048,0.058765,0.132221,0.907447,9.402934,0.445362,4.886207,11.909322,0.389097,0.0,0.242113,0.998454,0.383187,0.444674,1,1,1,1,0
0.2,15.0,0.6,0.5,0.1,0.213048,0.058765,0.132221,0.907447,9.402934,0.445344,4.886207,11.909322,0.389097,0.0,0.242113,0.998454,0.383187,0.444656,1,1,1,1,0
0.2,15.0,0.6,0.5,0.3,0.213048,0.058765,0.132221,0.907447,9.402934,0.445205,4.886207,11.909322,0.389097,0.0,0.242113,0.998454,0.383187,0.444517,1,1,1,1,0
0.2,15.0,0.7,0.6,0.0,0.213048,0.058765,0.132221,0.907447,9.402934,0.445362,4.886207,11.909322,0.489097,0.0,0.242113,0.998454,0.383187,0.444674,1,1,1,1,0
0.2,15.0,0.7,0.6,0.1,0.213048,0.058765,0.132221,0.907447,9.402934,0.445347,4.886207,11.909322,0.489097,0.0,0.242113,0.998454,0.383187,0.444659,1,1,1,1,0
0.2,15.0,0.7,0.6,0.3,0.213048,0.058765,0.132221,0.907447,9.402934,0.445231,4.886207,11.909322,0.489097,0.0,0.242113,0.998454,0.383187,0.444543,1,1,1,1,0
0.2,15.0,0.8,0.7,0.0,0.213048,0.058765,0.132221,0.907447,9.402934,0.445362,4.886207,11.909322,0.589097,0.0,0.242113,0.998454,0.383187,0.444674,1,1,1,1,0
0.2,15.0,0.8,0.7,0.1,0.213048,0.058765,0.132221,0.907447,9.402934,0.445349,4.886207,11.909322,0.589097,0.0,0.242113,0.998454,0.383187,0.444661,1,1,1,1,0
0.2,15.0,0.8,0.7,0.3,0.213048,0.058765,0.132221,0.907447,9.402934,0.44525,4.886207,11.909322,0.589097,0.0,0.242113,0.998454,0.383187,0.444562,1,1,1,1,0
0.2,15.0,0.9,0.8,0.0,0.213048,0.058765,0.132221,0.907447,9.402934,0.445362,4.886207,11.909322,0.689097,0.0,0.242113,0.998454,0.383187,0.444674,1,1,1,1,0
0.2,15.0,0.9,0.8,0.1,0.213048,0.058765,0.132221,0.907447,9.402934,0.445351,4.886207,11.909322,0.689097,0.0,0.242113,0.998454,0.383187,0.444663,1,1,1,1,0
0.2,15.0,0.9,0.8,0.3,0.213048,0.058765,0.132221,0.907447,9.402934,0.445264,4.886207,11.909322,0.689097,0.0,0.242113,0.998454,0.383187,0.444576,1,1,1,1,0
0.2,15.0,1.0,0.9,0.0,0.213048,0.058765,0.132221,0.907447,9.402934,0.445362,4.886207,11.909322,0.789097,0.0,0.242113,0.998454,0.383187,0.444674,1,1,1,1,0
0.2,15.0,1.0,0.9,0.1,0.213048,0.058765,0.132221,0.907447,9.402934,0.445352,4.886207,11.909322,0.789097,0.0,0.242113,0.998454,0.383187,0.444664,1,1,1,1,0
0.2,15.0,1.0,0.9,0.3,0.213048,0.058765,0.132221,0.907447,9.402934,0.445275,4.886207,11.909322,0.789097,0.0,0.242113,0.998454,0.383187,0.444587,1,1,1,1,0
0.2,17.5,0.3,0.2,0.0,0.250696,0.058765,0.132221,0.907447,9.402934,0.445362,5.722859,13.937619,0.051828,0.0513,0.279733,0.994354,0.412827,0.420129,1,1,1,1,0
0.2,17.5,0.3,0.2,0.1,0.250696,0.058765,0.132221,0.907447,9.402934,0.445318,5.722859,13.937619,0.051828,0.0513,0.279733,0.994354,0.412827,0.420088,1,1,1,1,0
0.2,17.5,0.3,0.2,0.3,0.250696,0.058765,0.132221,0.907447,9.402934,0.444971,5.722859,13.937619,0.051828,0.0513,0.279733,0.994354,0.412827,0.41976,1,1,1,1,0
0.2,17.5,0.4,0.3,0.0,0.250696,0.058765,0.132221,0.907447,9.402934,0.445362,5.722859,13.937619,0.151828,0.01211,0.279733,0.994354,0.399763,0.437485,1,1,1,1,0
0.2,17.5,0.4,0.3,0.1,0.250696,0.058765,0.132221,0.907447,9.402934,0.445333,5.722859,13.937619,0.151828,0.01211,0.279733,0.994354,0.399763,0.437456,1,1,1,1,0
0.2,17.5,0.4,0.3,0.3,0.250696,0.058765,0.132221,0.907447,9.402934,0.445101,5.722859,13.937619,0.151828,0.01211,0.279733,0.994354,0.399763,0.437228,1,1,1,1,0
0.2,17.5,0.5,0.4,0.0,0.250696,0.058765,0.132221,0.907447,9.402934,0.445362,5.722859,13.937619,0.251828,0.000371,0.279733,0.994354,0.39585,0.442683,1,1,1,1,0
0.2,17.5,0.5,0.4,0.1,0.250696,0.058765,0.132221,0.907447,9.402934,0.44534,5.722859,13.937619,0.251828,0.000371,0.279733,0.994354,0.39585,0.442661,1,1,1,1,0
0.2,17.5,0.5,0.4,0.3,0.250696,0.058765,0.132221,0.907447,9.402934,0.445166,5.722859,13.937619,0.251828,0.000371,0.279733,0.994354,0.39585,0.442489,1,1,1,1,0
0.2,17.5,0.6,0.5,0.0,0.250696,0.058765,0.132221,0.907447,9.402934,0.445362,5.722859,13.937619,0.351828,0.0,0.279733,0.994354,0.395727,0.442847,1,1,1,1,0
0.2,17.5,0.6,0.5,0.1,0.250696,0.058765,0.132221,0.907447,9.402934,0.445344,5.722859,13.937619,0.351828,0.0,0.279733,0.994354,0.395727,0.44283,1,1,1,1,0
0.2,17.5,0.6,0.5,0.3,0.250696,0.058765,0.132221,0.907447,9.402934,0.445205,5.722859,13.937619,0.351828,0.0,0.279733,0.994354,0.395727,0.442692,1,1,1,1,0
0.2,17.5,0.7,0.6,0.0,0.250696,0.058765,0.132221,0.907447,9.402934,0.445362,5.722859,13.937619,0.451828,0.0,0.279733,0.994354,0.395727,0.442847,1,1,1,1,0
0.2,17.5,0.7,0.6,0.1,0.250696,0.058765,0.132221,0.907447,9.402934,0.445347,5.722859,13.937619,0.451828,0.0,0.279733,0.994354,0.395727,0.442833,1,1,1,1,0
0.2,17.5,0.7,0.6,0.3,0.250696,0.058765,0.132221,0.907447,9.402934,0.445231,5.722859,13.937619,0.451828,0.0,0.279733,0.994354,0.395727,0.442718,1,1,1,1,0
0.2,17.5,0.8,0.7,0.0,0.250696,0.058765,0.132221,0.907447,9.402934,0.445362,5.722859,13.937619,0.551828,0.0,0.279733,0.994354,0.395727,0.442847,1,1,1,1,0
0.2,17.5,0.8,0.7,0.1,0.250696,0.058765,0.132221,0.907447,9.402934,0.445349,5.722859,13.937619,0.551828,0.0,0.279733,0.994354,0.395727,0.442835,1,1,1,1,0
0.2,17.5,0.8,0.7,0.3,0.250696,0.058765,0.132221,0.907447,9.402934,0.44525,5.722859,13.937619,0.551828,0.0,0.279733,0.994354,0.395727,0.442736,1,1,1,1,0
0.2,17.5,0.9,0.8,0.0,0.250696,0.058765,0.132221,0.907447,9.402934,0.445362,5.722859,13.937619,0.651828,0.0,0.279733,0.994354,0.395727,0.442847,1,1,1,1,0
0.2,17.5,0.9,0.8,0.1,0.250696,0.058765,0.132221,0.907447,9.402934,0.445351,5.722859,13.937619,0.651828,0.0,0.279733,0.994354,0.395727,0.442836,1,1,1,1,0
0.2,17.5,0.9,0.8,0.3,0.250696,0.058765,0.132221,0.907447,9.402934,0.445264,5.722859,13.937619,0.651828,0.0,0.279733,0.994354,0.395727,0.44275,1,1,1,1,0
0.2,17.5,1.0,0.9,0.0,0.250696,0.058765,0.132221,0.907447,9.402934,0.445362,5.722859,13.937619,0.751828,0.0,0.279733,0.994354,0.395727,0.442847,1,1,1,1,0
0.2,17.5,1.0,0.9,0.1,0.250696,0.058765,0.132221,0.907447,9.402934,0.445352,5.722859,13.937619,0.751828,0.0,0.279733,0.994354,0.395727,0.442838,1,1,1,1,0
0.2,17.5,1.0,0.9,0.3,0.250696,0.058765,0.132221,0.907447,9.402934,0.445275,5.722859,13.937619,0.751828,0.0,0.279733,0.994354,0.395727,0.442761,1,1,1,1,0
0.2,20.0,0.3,0.2,0.0,0.289395,0.058765,0.132221,0.907447,9.402934,0.445362,6.570705,15.986012,0.013519,0.077579,0.315355,0.987697,0.433461,0.405757,1,1,1,1,0
0.2,20.0,0.3,0.2,0.1,0.289395,0.058765,0.132221,0.907447,9.402934,0.445318,6.570705,15.986012,0.013519,0.077579,0.315355,0.987697,0.433461,0.405717,1,1,1,1,0
0.2,20.0,0.3,0.2,0.3,0.289395,0.058765,0.132221,0.907447,9.402934,0.444971,6.570705,15.986012,0.013519,0.077579,0.315355,0.987697,0.433461,0.405401,1,1,1,1,0
0.2,20.0,0.4,0.3,0.0,0.289395,0.058765,0.132221,0.907447,9.402934,0.445362,6.570705,15.986012,0.113519,0.029791,0.315355,0.987697,0.417531,0.426778,1,1,1,1,0
0.2,20.0,0.4,0.3,0.1,0.289395,0.058765,0.132221,0.907447,9.402934,0.445333,6.570705,15.986012,0.113519,0.029791,0.315355,0.987697,0.417531,0.42675,1,1,1,1,0
0.2,20.0,0.4,0.3,0.3,0.289395,0.058765,0.132221,0.907447,9.402934,0.445101,6.570705,15.986012,0.113519,0.029791,0.315355,0.987697,0.417531,0.426528,1,1,1,1,0
0.2,20.0,0.5,0.4,0.0,0.289395,0.058765,0.132221,0.907447,9.402934,0.445362,6.570705,15.986012,0.213519,0.006655,0.315355,0.987697,0.409819,0.436955,1,1,1,1,0
0.2,20.0,0.5,0.4,0.1,0.289395,0.058765,0.132221,0.907447,9.402934,0.44534,6.570705,15.986012,0.213519,0.006655,0.315355,0.987697,0.409819,0.436934,1,1,1,1,0
0.2,20.0,0.5,0.4,0.3,0.289395,0.058765,0.132221,0.907447,9.402934,0.445166,6.570705,15.986012,0.213519,0.006655,0.315355,0.987697,0.409819,0.436763,1,1,1,1,0
0.2,20.0,0.6,0.5,0.0,0.289395,0.058765,0.132221,0.907447,9.402934,0.445362,6.570705,15.986012,0.313519,0.0,0.315355,0.987697,0.407601,0.439883,1,1,1,1,0
0.2,20.0,0.6,0.5,0.1,0.289395,0.058765,0.132221,0.907447,9.402934,0.445344,6.570705,15.986012,0.313519,0.0,0.315355,0.987697,0.407601,0.439865,1,1,1,1,0
0.2,20.0,0.6,0.5,0.3,0.289395,0.058765,0.132221,0.907447,9.402934,0.445205,6.570705,15.986012,0.313519,0.0,0.315355,0.987697,0.407601,0.439728,1,1,1,1,0
0.2,20.0,0.7,0.6,0.0,0.289395,0.058765,0.132221,0.907447,9.402934,0.445362,6.570705,15.986012,0.413519,0.0,0.315355,0.987697,0.407601,0.439883,1,1,1,1,0
0.2,20.0,0.7,0.6,0.1,0.289395,0.058765,0.132221,0.907447,9.402934,0.445347,6.570705,15.986012,0.413519,0.0,0.315355,0.987697,0.407601,0.439868,1,1,1,1,0
0.2,20.0,0.7,0.6,0.3,0.289395,0.058765,0.132221,0.907447,9.402934,0.445231,6.570705,15.986012,0.413519,0.0,0.315355,0.987697,0.407601,0.439754,1,1,1,1,0
0.2,20.0,0.8,0.7,0.0,0.289395,0.058765,0.132221,0.907447,9.402934,0.445362,6.570705,15.986012,0.513519,0.0,0.315355,0.987697,0.407601,0.439883,1,1,1,1,0
0.2,20.0,0.8,0.7,0.1,0.289395,0.058765,0.132221,0.907447,9.402934,0.445349,6.570705,15.986012,0.513519,0.0,0.315355,0.987697,0.407601,0.43987,1,1,1,1,0
0.2,20.0,0.8,0.7,0.3,0.289395,0.058765,0.132221,0.907447,9.402934,0.44525,6.570705,15.986012,0.513519,0.0,0.315355,0.987697,0.407601,0.439772,1,1,1,1,0
0.2,20.0,0.9,0.8,0.0,0.289395,0.058765,0.132221,0.907447,9.402934,0.445362,6.570705,15.986012,0.613519,0.0,0.315355,0.987697,0.407601,0.439883,1,1,1,1,0
0.2,20.0,0.9,0.8,0.1,0.289395,0.058765,0.132221,0.907447,9.402934,0.445351,6.570705,15.986012,0.613519,0.0,0.315355,0.987697,0.407601,0.439872,1,1,1,1,0
0.2,20.0,0.9,0.8,0.3,0.289395,0.058765,0.132221,0.907447,9.402934,0.445264,6.570705,15.986012,0.613519,0.0,0.315355,0.987697,0.407601,0.439786,1,1,1,1,0
0.2,20.0,1.0,0.9,0.0,0.289395,0.058765,0.132221,0.907447,9.402934,0.445362,6.570705,15.986012,0.713519,0.0,0.315355,0.987697,0.407601,0.439883,1,1,1,1,0
0.2,20.0,1.0,0.9,0.1,0.289395,0.058765,0.132221,0.907447,9.402934,0.445352,6.570705,15.986012,0.713519,0.0,0.315355,0.987697,0.407601,0.439873,1,1,1,1,0
0.2,20.0,1.0,0.9,0.3,0.289395,0.058765,0.132221,0.907447,9.402934,0.445275,6.570705,15.986012,0.713519,0.0,0.315355,0.987697,0.407601,0.439797,1,1,1,1,0
0.2,22.5,0.3,0.2,0.0,0.329344,0.058765,0.132221,0.907447,9.402934,0.445362,7.431985,18.057406,-0.026028,0.110111,0.350799,0.980191,0.456119,0.388472,1,1,0,0,0
0.2,22.5,0.3,0.2,0.1,0.329344,0.058765,0.132221,0.907447,9.402934,0.445318,7.431985,18.057406,-0.026028,0.110111,0.350799,0.980191,0.456119,0.388434,1,1,0,0,0
0.2,22.5,0.3,0.2,0.3,0.329344,0.058765,0.132221,0.907447,9.402934,0.444971,7.431985,18.057406,-0.026028,0.110111,0.350799,0.980191,0.456119,0.388131,1,1,0,0,0
0.2,22.5,0.4,0.3,0.0,0.329344,0.058765,0.132221,0.907447,9.402934,0.445362,7.431985,18.057406,0.073972,0.049147,0.350799,0.980191,0.435798,0.415085,1,1,1,1,1
0.2,22.5,0.4,0.3,0.1,0.329344,0.058765,0.132221,0.907447,9.402934,0.445333,7.431985,18.057406,0.073972,0.049147,0.350799,0.980191,0.435798,0.415058,1,1,1,1,0
0.2,22.5,0.4,0.3,0.3,0.329344,0.058765,0.132221,0.907447,9.402934,0.445101,7.431985,18.057406,0.073972,0.049147,0.350799,0.980191,0.435798,0.414842,1,1,1,1,0
0.2,22.5,0.5,0.4,0.0,0.329344,0.058765,0.132221,0.907447,9.402934,0.445362,7.431985,18.057406,0.173972,0.017957,0.350799,0.980191,0.425401,0.428701,1,1,1,1,1
0.2,22.5,0.5,0.4,0.1,0.329344,0.058765,0.132221,0.907447,9.402934,0.44534,7.431985,18.057406,0.173972,0.017957,0.350799,0.980191,0.425401,0.42868,1,1,1,1,0
0.2,22.5,0.5,0.4,0.3,0.329344,0.058765,0.132221,0.907447,9.402934,0.445166,7.431985,18.057406,0.173972,0.017957,0.350799,0.980191,0.425401,0.428512,1,1,1,1,0
0.2,22.5,0.6,0.5,0.0,0.329344,0.058765,0.132221,0.907447,9.402934,0.445362,7.431985,18.057406,0.273972,0.00318,0.350799,0.980191,0.420475,0.435152,1,1,1,1,1
0.2,22.5,0.6,0.5,0.1,0.329344,0.058765,0.132221,0.907447,9.402934,0.445344,7.431985,18.057406,0.273972,0.00318,0.350799,0.980191,0.420475,0.435135,1,1,1,1,0
0.2,22.5,0.6,0.5,0.3,0.329344,0.058765,0.132221,0.907447,9.402934,0.445205,7.431985,18.057406,0.273972,0.00318,0.350799,0.980191,0.420475,0.434999,1,1,1,1,0
0.2,22.5,0.7,0.6,0.0,0.329344,0.058765,0.132221,0.907447,9.402934,0.445362,7.431985,18.057406,0.373972,0.0,0.350799,0.980191,0.419415,0.43654,1,1,1,1,1
0.2,22.5,0.7,0.6,0.1,0.329344,0.058765,0.132221,0.907447,9.402934,0.445347,7.431985,18.057406,0.373972,0.0,0.350799,0.980191,0.419415,0.436526,1,1,1,1,0
0.2,22.5,0.7,0.6,0.3,0.329344,0.058765,0.132221,0.907447,9.402934,0.445231,7.431985,18.057406,0.373972,0.0,0.350799,0.980191,0.419415,0.436412,1,1,1,1,0
0.2,22.5,0.8,0.7,0.0,0.329344,0.058765,0.132221,0.907447,9.402934,0.445362,7.431985,18.057406,0.473972,0.0,0.350799,0.980191,0.419415,0.43654,1,1,1,1,1
0.2,22.5,0.8,0.7,0.1,0.329344,0.058765,0.132221,0.907447,9.402934,0.445349,7.431985,18.057406,0.473972,0.0,0.350799,0.980191,0.419415,0.436528,1,1,1,1,0
0.2,22.5,0.8,0.7,0.3,0.329344,0.058765,0.132221,0.907447,9.402934,0.44525,7.431985,18.057406,0.473972,0.0,0.350799,0.980191,0.419415,0.43643,1,1,1,1,0
0.2,22.5,0.9,0.8,0.0,0.329344,0.058765,0.132221,0.907447,9.402934,0.445362,7.431985,18.057406,0.573972,0.0,0.350799,0.980191,0.419415,0.43654,1,1,1,1,1
0.2,22.5,0.9,0.8,0.1,0.329344,0.058765,0.132221,0.907447,9.402934,0.445351,7.431985,18.057406,0.573972,0.0,0.350799,0.980191,0.419415,0.436529,1,1,1,1,0
0.2,22.5,0.9,0.8,0.3,0.329344,0.058765,0.132221,0.907447,9.402934,0.445264,7.431985,18.057406,0.573972,0.0,0.350799,0.980191,0.419415,0.436444,1,1,1,1,0
0.2,22.5,1.0,0.9,0.0,0.329344,0.058765,0.132221,0.907447,9.402934,0.445362,7.431985,18.057406,0.673972,0.0,0.350799,0.980191,0.419415,0.43654,1,1,1,1,1
0.2,22.5,1.0,0.9,0.1,0.329344,0.058765,0.132221,0.907447,9.402934,0.445352,7.431985,18.057406,0.673972,0.0,0.350799,0.980191,0.419415,0.43653,1,1,1,1,0
0.2,22.5,1.0,0.9,0.3,0.329344,0.058765,0.132221,0.907447,9.402934,0.445275,7.431985,18.057406,0.673972,0.0,0.350799,0.980191,0.419415,0.436455,1,1,1,1,0
0.2,25.0,0.3,0.2,0.0,0.370764,0.058765,0.132221,0.907447,9.402934,0.445362,8.309196,20.154705,-0.067031,0.141955,0.383126,0.968775,0.47751,0.370208,0,1,0,0,0
0.2,25.0,0.3,0.2,0.1,0.370764,0.058765,0.132221,0.907447,9.402934,0.445318,8.309196,20.154705,-0.067031,0.141955,0.383126,0.968775,0.47751,0.370172,0,1,0,0,0
0.2,25.0,0.3,0.2,0.3,0.370764,0.058765,0.132221,0.907447,9.402934,0.444971,8.309196,20.154705,-0.067031,0.141955,0.383126,0.968775,0.47751,0.369883,0,1,0,0,0
0.2,25.0,0.4,0.3,0.0,0.370764,0.058765,0.132221,0.907447,9.402934,0.445362,8.309196,20.154705,0.032969,0.068576,0.383126,0.968775,0.45305,0.401868,0,1,1,0,0
0.2,25.0,0.4,0.3,0.1,0.370764,0.058765,0.132221,0.907447,9.402934,0.445333,8.309196,20.154705,0.032969,0.068576,0.383126,0.968775,0.45305,0.401842,0,1,1,0,0
0.2,25.0,0.4,0.3,0.3,0.370764,0.058765,0.132221,0.907447,9.402934,0.445101,8.309196,20.154705,0.032969,0.068576,0.383126,0.968775,0.45305,0.401633,0,1,1,0,0
0.2,25.0,0.5,0.4,0.0,0.370764,0.058765,0.132221,0.907447,9.402934,0.445362,8.309196,20.154705,0.132969,0.033573,0.383126,0.968775,0.441382,0.41697,0,1,1,0,0
0.2,25.0,0.5,0.4,0.1,0.370764,0.058765,0.132221,0.907447,9.402934,0.44534,8.309196,20.154705,0.132969,0.033573,0.383126,0.968775,0.441382,0.41695,0,1,1,0,0
0.2,25.0,0.5,0.4,0.3,0.370764,0.058765,0.132221,0.907447,9.402934,0.445166,8.309196,20.154705,0.132969,0.033573,0.383126,0.968775,0.441382,0.416787,0,1,1,0,0
0.2,25.0,0.6,0.5,0.0,0.370764,0.058765,0.132221,0.907447,9.402934,0.445362,8.309196,20.154705,0.232969,0.010936,0.383126,0.968775,0.433836,0.426737,0,1,1,0,0
0.2,25.0,0.6,0.5,0.1,0.370764,0.058765,0.132221,0.907447,9.402934,0.445344,8.309196,20.154705,0.232969,0.010936,0.383126,0.968775,0.433836,0.42672,0,1,1,0,0
0.2,25.0,0.6,0.5,0.3,0.370764,0.058765,0.132221,0.907447,9.402934,0.445205,8.309196,20.154705,0.232969,0.010936,0.383126,0.968775,0.433836,0.426587,0,1,1,0,0
0.2,25.0,0.7,0.6,0.0,0.370764,0.058765,0.132221,0.907447,9.402934,0.445362,8.309196,20.154705,0.332969,0.001745,0.383126,0.968775,0.430773,0.430702,0,1,1,0,0
0.2,25.0,0.7,0.6,0.1,0.370764,0.058765,0.132221,0.907447,9.402934,0.445347,8.309196,20.154705,0.332969,0.001745,0.383126,0.968775,0.430773,0.430688,0,1,1,0,0
0.2,25.0,0.7,0.6,0.3,0.370764,0.058765,0.132221,0.907447,9.402934,0.445231,8.309196,20.154705,0.332969,0.001745,0.383126,0.968775,0.430773,0.430576,0,1,1,0,0
0.2,25.0,0.8,0.7,0.0,0.370764,0.058765,0.132221,0.907447,9.402934,0.445362,8.309196,20.154705,0.432969,0.0,0.383126,0.968775,0.430191,0.431455,0,1,1,0,0
0.2,25.0,0.8,0.7,0.1,0.370764,0.058765,0.132221,0.907447,9.402934,0.445349,8.309196,20.154705,0.432969,0.0,0.383126,0.968775,0.430191,0.431443,0,1,1,0,0
0.2,25.0,0.8,0.7,0.3,0.370764,0.058765,0.132221,0.907447,9.402934,0.44525,8.309196,20.154705,0.432969,0.0,0.383126,0.968775,0.430191,0.431347,0,1,1,0,0
0.2,25.0,0.9,0.8,0.0,0.370764,0.058765,0.132221,0.907447,9.402934,0.445362,8.309196,20.154705,0.532969,0.0,0.383126,0.968775,0.430191,0.431455,0,1,1,0,0
0.2,25.0,0.9,0.8,0.1,0.370764,0.058765,0.132221,0.907447,9.402934,0.445351,8.309196,20.154705,0.532969,0.0,0.383126,0.968775,0.430191,0.431445,0,1,1,0,0
0.2,25.0,0.9,0.8,0.3,0.370764,0.058765,0.132221,0.907447,9.402934,0.445264,8.309196,20.154705,0.532969,0.0,0.383126,0.968775,0.430191,0.431361,0,1,1,0,0
0.2,25.0,1.0,0.9,0.0,0.370764,0.058765,0.132221,0.907447,9.402934,0.445362,8.309196,20.154705,0.632969,0.0,0.383126,0.968775,0.430191,0.431455,0,1,1,0,0
0.2,25.0,1.0,0.9,0.1,0.370764,0.058765,0.132221,0.907447,9.402934,0.445352,8.309196,20.154705,0.632969,0.0,0.383126,0.968775,0.430191,0.431446,0,1,1,0,0
0.2,25.0,1.0,0.9,0.3,0.370764,0.058765,0.132221,0.907447,9.402934,0.445275,8.309196,20.154705,0.632969,0.0,0.383126,0.968775,0.430191,0.431371,0,1,1,0,0
0.2,27.5,0.3,0.2,0.0,0.413906,0.058765,0.132221,0.907447,9.402934,0.445362,9.20513,22.280809,-0.109739,0.171901,0.41356,0.954532,0.497636,0.352035,0,1,0,0,0
0.2,27.5,0.3,0.2,0.1,0.413906,0.058765,0.132221,0.907447,9.402934,0.445318,9.20513,22.280809,-0.109739,0.171901,0.41356,0.954532,0.497636,0.352001,0,1,0,0,0
0.2,27.5,0.3,0.2,0.3,0.413906,0.058765,0.132221,0.907447,9.402934,0.444971,9.20513,22.280809,-0.109739,0.171901,0.41356,0.954532,0.497636,0.351726,0,1,0,0,0
0.2,27.5,0.4,0.3,0.0,0.413906,0.058765,0.132221,0.907447,9.402934,0.445362,9.20513,22.280809,-0.009739,0.094355,0.41356,0.954532,0.471788,0.385001,0,1,0,0,0
0.2,27.5,0.4,0.3,0.1,0.413906,0.058765,0.132221,0.907447,9.402934,0.445333,9.20513,22.280809,-0.009739,0.094355,0.41356,0.954532,0.471788,0.384976,0,1,0,0,0
0.2,27.5,0.4,0.3,0.3,0.413906,0.058765,0.132221,0.907447,9.402934,0.445101,9.20513,22.280809,-0.009739,0.094355,0.41356,0.954532,0.471788,0.384775,0,1,0,0,0
0.2,27.5,0.5,0.4,0.0,0.413906,0.058765,0.132221,0.907447,9.402934,0.445362,9.20513,22.280809,0.090261,0.049907,0.41356,0.954532,0.456971,0.403896,0,1,1,0,0
0.2,27.5,0.5,0.4,0.1,0.413906,0.058765,0.132221,0.907447,9.402934,0.44534,9.20513,22.280809,0.090261,0.049907,0.41356,0.954532,0.456971,0.403877,0,1,1,0,0
0.2,27.5,0.5,0.4,0.3,0.413906,0.058765,0.132221,0.907447,9.402934,0.445166,9.20513,22.280809,0.090261,0.049907,0.41356,0.954532,0.456971,0.403719,0,1,1,0,0
0.2,27.5,0.6,0.5,0.0,0.413906,0.058765,0.132221,0.907447,9.402934,0.445362,9.20513,22.280809,0.190261,0.023269,0.41356,0.954532,0.448092,0.41522,0,1,1,0,0
0.2,27.5,0.6,0.5,0.1,0.413906,0.058765,0.132221,0.907447,9.402934,0.445344,9.20513,22.280809,0.190261,0.023269,0.41356,0.954532,0.448092,0.415204,0,1,1,0,0
0.2,27.5,0.6,0.5,0.3,0.413906,0.058765,0.132221,0.907447,9.402934,0.445205,9.20513,22.280809,0.190261,0.023269,0.41356,0.954532,0.448092,0.415074,0,1,1,0,0
0.2,27.5,0.7,0.6,0.0,0.413906,0.058765,0.132221,0.907447,9.402934,0.445362,9.20513,22.280809,0.290261,0.008071,0.41356,0.954532,0.443026,0.421681,0,1,1,0,0
0.2,27.5,0.7,0.6,0.1,0.413906,0.058765,0.132221,0.907447,9.402934,0.445347,9.20513,22.280809,0.290261,0.008071,0.41356,0.954532,0.443026,0.421667,0,1,1,0,0
0.2,27.5,0.7,0.6,0.3,0.413906,0.058765,0.132221,0.907447,9.402934,0.445231,9.20513,22.280809,0.290261,0.008071,0.41356,0.954532,0.443026,0.421558,0,1,1,0,0
0.2,27.5,0.8,0.7,0.0,0.413906,0.058765,0.132221,0.907447,9.402934,0.445362,9.20513,22.280809,0.390261,0.001167,0.41356,0.954532,0.440725,0.424616,0,1,1,0,0
0.2,27.5,0.8,0.7,0.1,0.413906,0.058765,0.132221,0.907447,9.402934,0.445349,9.20513,22.280809,0.390261,0.001167,0.41356,0.954532,0.440725,0.424604,0,1,1,0,0
0.2,27.5,0.8,0.7,0.3,0.413906,0.058765,0.132221,0.907447,9.402934,0.44525,9.20513,22.280809,0.390261,0.001167,0.41356,0.954532,0.440725,0.42451,0,1,1,0,0
0.2,27.5,0.9,0.8,0.0,0.413906,0.058765,0.132221,0.907447,9.402934,0.445362,9.20513,22.280809,0.490261,0.0,0.41356,0.954532,0.440336,0.425112,0,1,1,0,0
0.2,27.5,0.9,0.8,0.1,0.413906,0.058765,0.132221,0.907447,9.402934,0.445351,9.20513,22.280809,0.490261,0.0,0.41356,0.954532,0.440336,0.425102,0,1,1,0,0
0.2,27.5,0.9,0.8,0.3,0.413906,0.058765,0.132221,0.907447,9.402934,0.445264,9.20513,22.280809,0.490261,0.0,0.41356,0.954532,0.440336,0.425019,0,1,1,0,0
0.2,27.5,1.0,0.9,0.0,0.413906,0.058765,0.132221,0.907447,9.402934,0.445362,9.20513,22.280809,0.590261,0.0,0.41356,0.954532,0.440336,0.425112,0,1,1,0,0
0.2,27.5,1.0,0.9,0.1,0.413906,0.058765,0.132221,0.907447,9.402934,0.445352,9.20513,22.280809,0.590261,0.0,0.41356,0.954532,0.440336,0.425103,0,1,1,0,0
0.2,27.5,1.0,0.9,0.3,0.413906,0.058765,0.132221,0.907447,9.402934,0.445275,9.20513,22.280809,0.590261,0.0,0.41356,0.954532,0.440336,0.425029,0,1,1,0,0
0.2,30.0,0.3,0.2,0.0,0.459055,0.058765,0.132221,0.907447,9.402934,0.445362,10.122921,24.438603,-0.154433,0.201976,0.443587,0.939644,0.51767,0.333959,0,1,0,0,0
0.2,30.0,0.3,0.2,0.1,0.459055,0.058765,0.132221,0.907447,9.402934,0.445318,10.122921,24.438603,-0.154433,0.201976,0.443587,0.939644,0.51767,0.333926,0,1,0,0,0
0.2,30.0,0.3,0.2,0.3,0.459055,0.058765,0.132221,0.907447,9.402934,0.444971,10.122921,24.438603,-0.154433,0.201976,0.443587,0.939644,0.51767,0.333665,0,1,0,0,0
0.2,30.0,0.4,0.3,0.0,0.459055,0.058765,0.132221,0.907447,9.402934,0.445362,10.122921,24.438603,-0.054433,0.121855,0.443587,0.939644,0.490963,0.367488,0,1,0,0,0
0.2,30.0,0.4,0.3,0.1,0.459055,0.058765,0.132221,0.907447,9.402934,0.445333,10.122921,24.438603,-0.054433,0.121855,0.443587,0.939644,0.490963,0.367464,0,1,0,0,0
0.2,30.0,0.4,0.3,0.3,0.459055,0.058765,0.132221,0.907447,9.402934,0.445101,10.122921,24.438603,-0.054433,0.121855,0.443587,0.939644,0.490963,0.367272,0,1,0,0,0
0.2,30.0,0.5,0.4,0.0,0.459055,0.058765,0.132221,0.907447,9.402934,0.445362,10.122921,24.438603,0.045567,0.066439,0.443587,0.939644,0.472491,0.390678,0,1,1,0,0
0.2,30.0,0.5,0.4,0.1,0.459055,0.058765,0.132221,0.907447,9.402934,0.44534,10.122921,24.438603,0.045567,0.066439,0.443587,0.939644,0.472491,0.390659,0,1,1,0,0
0.2,30.0,0.5,0.4,0.3,0.459055,0.058765,0.132221,0.907447,9.402934,0.445166,10.122921,24.438603,0.045567,0.066439,0.443587,0.939644,0.472491,0.390506,0,1,1,0,0
0.2,30.0,0.6,0.5,0.0,0.459055,0.058765,0.132221,0.907447,9.402934,0.445362,10.122921,24.438603,0.145567,0.038399,0.443587,0.939644,0.463145,0.402413,0,1,1,0,0
0.2,30.0,0.6,0.5,0.1,0.459055,0.058765,0.132221,0.907447,9.402934,0.445344,10.122921,24.438603,0.145567,0.038399,0.443587,0.939644,0.463145,0.402397,0,1,1,0,0
0.2,30.0,0.6,0.5,0.3,0.459055,0.058765,0.132221,0.907447,9.402934,0.445205,10.122921,24.438603,0.145567,0.038399,0.443587,0.939644,0.463145,0.402271,0,1,1,0,0
0.2,30.0,0.7,0.6,0.0,0.459055,0.058765,0.132221,0.907447,9.402934,0.445362,10.122921,24.438603,0.245567,0.017438,0.443587,0.939644,0.456158,0.411184,0,1,1,0,0
0.2,30.0,0.7,0.6,0.1,0.459055,0.058765,0.132221,0.907447,9.402934,0.445347,10.122921,24.438603,0.245567,0.017438,0.443587,0.939644,0.456158,0.411171,0,1,1,0,0
0.2,30.0,0.7,0.6,0.3,0.459055,0.058765,0.132221,0.907447,9.402934,0.445231,10.122921,24.438603,0.245567,0.017438,0.443587,0.939644,0.456158,0.411064,0,1,1,0,0
0.2,30.0,0.8,0.7,0.0,0.459055,0.058765,0.132221,0.907447,9.402934,0.445362,10.122921,24.438603,0.345567,0.006076,0.443587,0.939644,0.45237,0.415939,0,1,1,0,0
0.2,30.0,0.8,0.7,0.1,0.459055,0.058765,0.132221,0.907447,9.402934,0.445349,10.122921,24.438603,0.345567,0.006076,0.443587,0.939644,0.45237,0.415928,0,1,1,0,0
0.2,30.0,0.8,0.7,0.3,0.459055,0.058765,0.132221,0.907447,9.402934,0.44525,10.122921,24.438603,0.345567,0.006076,0.443587,0.939644,0.45237,0.415835,0,1,1,0,0
0.2,30.0,0.9,0.8,0.0,0.459055,0.058765,0.132221,0.907447,9.402934,0.445362,10.122921,24.438603,0.445567,0.000808,0.443587,0.939644,0.450614,0.418143,0,1,1,0,0
0.2,30.0,0.9,0.8,0.1,0.459055,0.058765,0.132221,0.907447,9.402934,0.445351,10.122921,24.438603,0.445567,0.000808,0.443587,0.939644,0.450614,0.418133,0,1,1,0,0
0.2,30.0,0.9,0.8,0.3,0.459055,0.058765,0.132221,0.907447,9.402934,0.445264,10.122921,24.438603,0.445567,0.000808,0.443587,0.939644,0.450614,0.418052,0,1,1,0,0
0.2,30.0,1.0,0.9,0.0,0.459055,0.058765,0.132221,0.907447,9.402934,0.445362,10.122921,24.438603,0.545567,0.0,0.443587,0.939644,0.450345,0.418482,0,1,1,0,0
0.2,30.0,1.0,0.9,0.1,0.459055,0.058765,0.132221,0.907447,9.402934,0.445352,10.122921,24.438603,0.545567,0.0,0.443587,0.939644,0.450345,0.418473,0,1,1,0,0
0.2,30.0,1.0,0.9,0.3,0.459055,0.058765,0.132221,0.907447,9.402934,0.445275,10.122921,24.438603,0.545567,0.0,0.443587,0.939644,0.450345,0.4184,0,1,1,0,0
0.2,32.5,0.3,0.2,0.0,0.506538,0.058765,0.132221,0.907447,9.402934,0.445362,11.066099,26.630945,-0.201438,0.232064,0.473424,0.924539,0.537645,0.316201,0,1,0,0,0
0.2,32.5,0.3,0.2,0.1,0.506538,0.058765,0.132221,0.907447,9.402934,0.445318,11.066099,26.630945,-0.201438,0.232064,0.473424,0.924539,0.537645,0.31617,0,1,0,0,0
0.2,32.5,0.3,0.2,0.3,0.506538,0.058765,0.132221,0.907447,9.402934,0.444971,11.066099,26.630945,-0.201438,0.232064,0.473424,0.924539,0.537645,0.315924,0,1,0,0,0
0.2,32.5,0.4,0.3,0.0,0.506538,0.058765,0.132221,0.907447,9.402934,0.445362,11.066099,26.630945,-0.101438,0.14849,0.473424,0.924539,0.509787,0.350613,0,1,0,0,0
0.2,32.5,0.4,0.3,0.1,0.506538,0.058765,0.132221,0.907447,9.402934,0.445333,11.066099,26.630945,-0.101438,0.14849,0.473424,0.924539,0.509787,0.35059,0,1,0,0,0
0.2,32.5,0.4,0.3,0.3,0.506538,0.058765,0.132221,0.907447,9.402934,0.445101,11.066099,26.630945,-0.101438,0.14849,0.473424,0.924539,0.509787,0.350408,0,1,0,0,0
0.2,32.5,0.5,0.4,0.0,0.506538,0.058765,0.132221,0.907447,9.402934,0.445362,11.066099,26.630945,-0.001438,0.089013,0.473424,0.924539,0.489961,0.375103,0,1,0,0,0
0.2,32.5,0.5,0.4,0.1,0.506538,0.058765,0.132221,0.907447,9.402934,0.44534,11.066099,26.630945,-0.001438,0.089013,0.473424,0.924539,0.489961,0.375085,0,1,0,0,0
0.2,32.5,0.5,0.4,0.3,0.506538,0.058765,0.132221,0.907447,9.402934,0.445166,11.066099,26.630945,-0.001438,0.089013,0.473424,0.924539,0.489961,0.374938,0,1,0,0,0
0.2,32.5,0.6,0.5,0.0,0.506538,0.058765,0.132221,0.907447,9.402934,0.445362,11.066099,26.630945,0.098562,0.05287,0.473424,0.924539,0.477914,0.389985,0,1,1,0,0
0.2,32.5,0.6,0.5,0.1,0.506538,0.058765,0.132221,0.907447,9.402934,0.445344,11.066099,26.630945,0.098562,0.05287,0.473424,0.924539,0.477914,0.38997,0,1,1,0,0
0.2,32.5,0.6,0.5,0.3,0.506538,0.058765,0.132221,0.907447,9.402934,0.445205,11.066099,26.630945,0.098562,0.05287,0.473424,0.924539,0.477914,0.389848,0,1,1,0,0
0.2,32.5,0.7,0.6,0.0,0.506538,0.058765,0.132221,0.907447,9.402934,0.445362,11.066099,26.630945,0.198562,0.029818,0.473424,0.924539,0.47023,0.399477,0,1,1,0,0
0.2,32.5,0.7,0.6,0.1,0.506538,0.058765,0.132221,0.907447,9.402934,0.445347,11.066099,26.630945,0.198562,0.029818,0.473424,0.924539,0.47023,0.399464,0,1,1,0,0
0.2,32.5,0.7,0.6,0.3,0.506538,0.058765,0.132221,0.907447,9.402934,0.445231,11.066099,26.630945,0.198562,0.029818,0.473424,0.924539,0.47023,0.39936,0,1,1,0,0
0.2,32.5,0.8,0.7,0.0,0.506538,0.058765,0.132221,0.907447,9.402934,0.445362,11.066099,26.630945,0.298562,0.013218,0.473424,0.924539,0.464696,0.406312,0,1,1,0,0
0.2,32.5,0.8,0.7,0.1,0.506538,0.058765,0.132221,0.907447,9.402934,0.445349,11.066099,26.630945,0.298562,0.013218,0.473424,0.924539,0.464696,0.4063,0,1,1,0,0
0.2,32.5,0.8,0.7,0.3,0.506538,0.058765,0.132221,0.907447,9.402934,0.44525,11.066099,26.630945,0.298562,0.013218,0.473424,0.924539,0.464696,0.40621,0,1,1,0,0
0.2,32.5,0.9,0.8,0.0,0.506538,0.058765,0.132221,0.907447,9.402934,0.445362,11.066099,26.630945,0.398562,0.004757,0.473424,0.924539,0.461876,0.409796,0,1,1,0,0
0.2,32.5,0.9,0.8,0.1,0.506538,0.058765,0.132221,0.907447,9.402934,0.445351,11.066099,26.630945,0.398562,0.004757,0.473424,0.924539,0.461876,0.409786,0,1,1,0,0
0.2,32.5,0.9,0.8,0.3,0.506538,0.058765,0.132221,0.907447,9.402934,0.445264,11.066099,26.630945,0.398562,0.004757,0.473424,0.924539,0.461876,0.409706,0,1,1,0,0
0.2,32.5,1.0,0.9,0.0,0.506538,0.058765,0.132221,0.907447,9.402934,0.445362,11.066099,26.630945,0.498562,0.000632,0.473424,0.924539,0.460501,0.411494,0,1,1,0,0
0.2,32.5,1.0,0.9,0.1,0.506538,0.058765,0.132221,0.907447,9.402934,0.445352,11.066099,26.630945,0.498562,0.000632,0.473424,0.924539,0.460501,0.411485,0,1,1,0,0
0.2,32.5,1.0,0.9,0.3,0.506538,0.058765,0.132221,0.907447,9.402934,0.445275,11.066099,26.630945,0.498562,0.000632,0.473424,0.924539,0.460501,0.411414,0,1,1,0,0
0.2,35.0,0.3,0.2,0.0,0.556739,0.058765,0.132221,0.907447,9.402934,0.445362,12.038659,28.860644,-0.251134,0.262501,0.502452,0.908434,0.557467,0.298379,0,1,0,0,0
0.2,35.0,0.3,0.2,0.1,0.556739,0.058765,0.132221,0.907447,9.402934,0.445318,12.038659,28.860644,-0.251134,0.262501,0.502452,0.908434,0.557467,0.29835,0,1,0,0,0
0.2,35.0,0.3,0.2,0.3,0.556739,0.058765,0.132221,0.907447,9.402934,0.444971,12.038659,28.860644,-0.251134,0.262501,0.502452,0.908434,0.557467,0.298117,0,1,0,0,0
0.2,35.0,0.4,0.3,0.0,0.556739,0.058765,0.132221,0.907447,9.402934,0.445362,12.038659,28.860644,-0.151134,0.174398,0.502452,0.908434,0.528099,0.334024,0,1,0,0,0
0.2,35.0,0.4,0.3,0.1,0.556739,0.058765,0.132221,0.907447,9.402934,0.445333,12.038659,28.860644,-0.151134,0.174398,0.502452,0.908434,0.528099,0.334002,0,1,0,0,0
0.2,35.0,0.4,0.3,0.3,0.556739,0.058765,0.132221,0.907447,9.402934,0.445101,12.038659,28.860644,-0.151134,0.174398,0.502452,0.908434,0.528099,0.333828,0,1,0,0,0
0.2,35.0,0.5,0.4,0.0,0.556739,0.058765,0.132221,0.907447,9.402934,0.445362,12.038659,28.860644,-0.051134,0.113917,0.502452,0.908434,0.507939,0.358493,0,1,0,0,0
0.2,35.0,0.5,0.4,0.1,0.556739,0.058765,0.132221,0.907447,9.402934,0.44534,12.038659,28.860644,-0.051134,0.113917,0.502452,0.908434,0.507939,0.358476,0,1,0,0,0
0.2,35.0,0.5,0.4,0.3,0.556739,0.058765,0.132221,0.907447,9.402934,0.445166,12.038659,28.860644,-0.051134,0.113917,0.502452,0.908434,0.507939,0.358336,0,1,0,0,0
0.2,35.0,0.6,0.5,0.0,0.556739,0.058765,0.132221,0.907447,9.402934,0.445362,12.038659,28.860644,0.048866,0.068813,0.502452,0.908434,0.492904,0.376741,0,1,1,0,0
0.2,35.0,0.6,0.5,0.1,0.556739,0.058765,0.132221,0.907447,9.402934,0.445344,12.038659,28.860644,0.048866,0.068813,0.502452,0.908434,0.492904,0.376727,0,1,1,0,0
0.2,35.0,0.6,0.5,0.3,0.556739,0.058765,0.132221,0.907447,9.402934,0.445205,12.038659,28.860644,0.048866,0.068813,0.502452,0.908434,0.492904,0.376609,0,1,1,0,0
0.2,35.0,0.7,0.6,0.0,0.556739,0.058765,0.132221,0.907447,9.402934,0.445362,12.038659,28.860644,0.148866,0.044176,0.502452,0.908434,0.484692,0.386709,0,1,1,0,0
0.2,35.0,0.7,0.6,0.1,0.556739,0.058765,0.132221,0.907447,9.402934,0.445347,12.038659,28.860644,0.148866,0.044176,0.502452,0.908434,0.484692,0.386697,0,1,1,0,0
0.2,35.0,0.7,0.6,0.3,0.556739,0.058765,0.132221,0.907447,9.402934,0.445231,12.038659,28.860644,0.148866,0.044176,0.502452,0.908434,0.484692,0.386596,0,1,1,0,0
0.2,35.0,0.8,0.7,0.0,0.556739,0.058765,0.132221,0.907447,9.402934,0.445362,12.038659,28.860644,0.248866,0.024297,0.502452,0.908434,0.478065,0.394752,0,1,1,0,0
0.2,35.0,0.8,0.7,0.1,0.556739,0.058765,0.132221,0.907447,9.402934,0.445349,12.038659,28.860644,0.248866,0.024297,0.502452,0.908434,0.478065,0.394741,0,1,1,0,0
0.2,35.0,0.8,0.7,0.3,0.556739,0.058765,0.132221,0.907447,9.402934,0.44525,12.038659,28.860644,0.248866,0.024297,0.502452,0.908434,0.478065,0.394653,0,1,1,0,0
0.2,35.0,0.9,0.8,0.0,0.556739,0.058765,0.132221,0.907447,9.402934,0.445362,12.038659,28.860644,0.348866,0.011025,0.502452,0.908434,0.473642,0.400121,0,1,1,0,0
0.2,35.0,0.9,0.8,0.1,0.556739,0.058765,0.132221,0.907447,9.402934,0.445351,12.038659,28.860644,0.348866,0.011025,0.502452,0.908434,0.473642,0.400112,0,1,1,0,0
0.2,35.0,0.9,0.8,0.3,0.556739,0.058765,0.132221,0.907447,9.402934,0.445264,12.038659,28.860644,0.348866,0.011025,0.502452,0.908434,0.473642,0.400034,0,1,1,0,0
0.2,35.0,1.0,0.9,0.0,0.556739,0.058765,0.132221,0.907447,9.402934,0.445362,12.038659,28.860644,0.448866,0.004005,0.502452,0.908434,0.471302,0.402962,0,1,1,0,0
0.2,35.0,1.0,0.9,0.1,0.556739,0.058765,0.132221,0.907447,9.402934,0.445352,12.038659,28.860644,0.448866,0.004005,0.502452,0.908434,0.471302,0.402953,0,1,1,0,0
0.2,35.0,1.0,0.9,0.3,0.556739,0.058765,0.132221,0.907447,9.402934,0.445275,12.038659,28.860644,0.448866,0.004005,0.502452,0.908434,0.471302,0.402883,0,1,1,0,0
0.25,5.0,0.3,0.2,0.0,0.069563,0.073456,0.165276,0.948951,7.522347,0.379725,1.613854,3.939305,0.231138,0.0,0.080477,1.0,0.343143,0.379725,1,1,1,1,0
0.25,5.0,0.3,0.2,0.1,0.069563,0.073456,0.165276,0.948951,7.522347,0.379679,1.613854,3.939305,0.231138,0.0,0.080477,1.0,0.343143,0.379679,1,1,1,1,0
0.25,5.0,0.3,0.2,0.3,0.069563,0.073456,0.165276,0.948951,7.522347,0.379308,1.613854,3.939305,0.231138,0.0,0.080477,1.0,0.343143,0.379308,1,1,1,1,0
0.25,5.0,0.4,0.3,0.0,0.069563,0.073456,0.165276,0.948951,7.522347,0.379725,1.613854,3.939305,0.331138,0.0,0.080477,1.0,0.343143,0.379725,1,1,1,1,0
0.25,5.0,0.4,0.3,0.1,0.069563,0.073456,0.165276,0.948951,7.522347,0.379694,1.613854,3.939305,0.331138,0.0,0.080477,1.0,0.343143,0.379694,1,1,1,1,0
0.25,5.0,0.4,0.3,0.3,0.069563,0.073456,0.165276,0.948951,7.522347,0.379447,1.613854,3.939305,0.331138,0.0,0.080477,1.0,0.343143,0.379447,1,1,1,1,0
0.25,5.0,0.5,0.4,0.0,0.069563,0.073456,0.165276,0.948951,7.522347,0.379725,1.613854,3.939305,0.431138,0.0,0.080477,1.0,0.343143,0.379725,1,1,1,1,0
0.25,5.0,0.5,0.4,0.1,0.069563,0.073456,0.165276,0.948951,7.522347,0.379702,1.613854,3.939305,0.431138,0.0,0.080477,1.0,0.343143,0.379702,1,1,1,1,0
0.25,5.0,0.5,0.4,0.3,0.069563,0.073456,0.165276,0.948951,7.522347,0.379517,1.613854,3.939305,0.431138,0.0,0.080477,1.0,0.343143,0.379517,1,1,1,1,0
0.25,5.0,0.6,0.5,0.0,0.069563,0.073456,0.165276,0.948951,7.522347,0.379725,1.613854,3.939305,0.531138,0.0,0.080477,1.0,0.343143,0.379725,1,1,1,1,0
0.25,5.0,0.6,0.5,0.1,0.069563,0.073456,0.165276,0.948951,7.522347,0.379707,1.613854,3.939305,0.531138,0.0,0.080477,1.0,0.343143,0.379707,1,1,1,1,0
0.25,5.0,0.6,0.5,0.3,0.069563,0.073456,0.165276,0.948951,7.522347,0.379558,1.613854,3.939305,0.531138,0.0,0.080477,1.0,0.343143,0.379558,1,1,1,1,0
0.25,5.0,0.7,0.6,0.0,0.069563,0.073456,0.165276,0.948951,7.522347,0.379725,1.613854,3.939305,0.631138,0.0,0.080477,1.0,0.343143,0.379725,1,1,1,1,0
0.25,5.0,0.7,0.6,0.1,0.069563,0.073456,0.165276,0.948951,7.522347,0.37971,1.613854,3.939305,0.631138,0.0,0.080477,1.0,0.343143,0.37971,1,1,1,1,0
0.25,5.0,0.7,0.6,0.3,0.069563,0.073456,0.165276,0.948951,7.522347,0.379586,1.613854,3.939305,0.631138,0.0,0.080477,1.0,0.343143,0.379586,1,1,1,1,0
0.25,5.0,0.8,0.7,0.0,0.069563,0.073456,0.165276,0.948951,7.522347,0.379725,1.613854,3.939305,0.731138,0.0,0.080477,1.0,0.343143,0.379725,1,1,1,1,0
0.25,5.0,0.8,0.7,0.1,0.069563,0.073456,0.165276,0.948951,7.522347,0.379712,1.613854,3.939305,0.731138,0.0,0.080477,1.0,0.343143,0.379712,1,1,1,1,0
0.25,5.0,0.8,0.7,0.3,0.069563,0.073456,0.165276,0.948951,7.522347,0.379606,1.613854,3.939305,0.731138,0.0,0.080477,1.0,0.343143,0.379606,1,1,1,1,0
0.25,5.0,0.9,0.8,0.0,0.069563,0.073456,0.165276,0.948951,7.522347,0.379725,1.613854,3.939305,0.831138,0.0,0.080477,1.0,0.343143,0.379725,1,1,1,1,0
0.25,5.0,0.9,0.8,0.1,0.069563,0.073456,0.165276,0.948951,7.522347,0.379714,1.613854,3.939305,0.831138,0.0,0.080477,1.0,0.343143,0.379714,1,1,1,1,0
0.25,5.0,0.9,0.8,0.3,0.069563,0.073456,0.165276,0.948951,7.522347,0.379621,1.613854,3.939305,0.831138,0.0,0.080477,1.0,0.343143,0.379621,1,1,1,1,0
0.25,5.0,1.0,0.9,0.0,0.069563,0.073456,0.165276,0.948951,7.522347,0.379725,1.613854,3.939305,0.931138,0.0,0.080477,1.0,0.343143,0.379725,1,1,1,1,0
0.25,5.0,1.0,0.9,0.1,0.069563,0.073456,0.165276,0.948951,7.522347,0.379715,1.613854,3.939305,0.931138,0.0,0.080477,1.0,0.343143,0.379715,1,1,1,1,0
0.25,5.0,1.0,0.9,0.3,0.069563,0.073456,0.165276,0.948951,7.522347,0.379633,1.613854,3.939305,0.931138,0.0,0.080477,1.0,0.343143,0.379633,1,1,1,1,0
0.25,7.5,0.3,0.2,0.0,0.104678,0.073456,0.165276,0.948951,7.522347,0.379725,2.424156,5.916089,0.196376,0.0,0.120884,1.0,0.356612,0.379725,1,1,1,1,0
0.25,7.5,0.3,0.2,0.1,0.104678,0.073456,0.165276,0.948951,7.522347,0.379679,2.424156,5.916089,0.196376,0.0,0.120884,1.0,0.356612,0.379679,1,1,1,1,0
0.25,7.5,0.3,0.2,0.3,0.104678,0.073456,0.165276,0.948951,7.522347,0.379308,2.424156,5.916089,0.196376,0.0,0.120884,1.0,0.356612,0.379308,1,1,1,1,0
0.25,7.5,0.4,0.3,0.0,0.104678,0.073456,0.165276,0.948951,7.522347,0.379725,2.424156,5.916089,0.296376,0.0,0.120884,1.0,0.356612,0.379725,1,1,1,1,0
0.25,7.5,0.4,0.3,0.1,0.104678,0.073456,0.165276,0.948951,7.522347,0.379694,2.424156,5.916089,0.296376,0.0,0.120884,1.0,0.356612,0.379694,1,1,1,1,0
0.25,7.5,0.4,0.3,0.3,0.104678,0.073456,0.165276,0.948951,7.522347,0.379447,2.424156,5.916089,0.296376,0.0,0.120884,1.0,0.356612,0.379447,1,1,1,1,0
0.25,7.5,0.5,0.4,0.0,0.104678,0.073456,0.165276,0.948951,7.522347,0.379725,2.424156,5.916089,0.396376,0.0,0.120884,1.0,0.356612,0.379725,1,1,1,1,0
0.25,7.5,0.5,0.4,0.1,0.104678,0.073456,0.165276,0.948951,7.522347,0.379702,2.424156,5.916089,0.396376,0.0,0.120884,1.0,0.356612,0.379702,1,1,1,1,0
0.25,7.5,0.5,0.4,0.3,0.104678,0.073456,0.165276,0.948951,7.522347,0.379517,2.424156,5.916089,0.396376,0.0,0.120884,1.0,0.356612,0.379517,1,1,1,1,0
0.25,7.5,0.6,0.5,0.0,0.104678,0.073456,0.165276,0.948951,7.522347,0.379725,2.424156,5.916089,0.496376,0.0,0.120884,1.0,0.356612,0.379725,1,1,1,1,0
0.25,7.5,0.6,0.5,0.1,0.104678,0.073456,0.165276,0.948951,7.522347,0.379707,2.424156,5.916089,0.496376,0.0,0.120884,1.0,0.356612,0.379707,1,1,1,1,0
0.25,7.5,0.6,0.5,0.3,0.104678,0.073456,0.165276,0.948951,7.522347,0.379558,2.424156,5.916089,0.496376,0.0,0.120884,1.0,0.356612,0.379558,1,1,1,1,0
0.25,7.5,0.7,0.6,0.0,0.104678,0.073456,0.165276,0.948951,7.522347,0.379725,2.424156,5.916089,0.596376,0.0,0.120884,1.0,0.356612,0.379725,1,1,1,1,0
0.25,7.5,0.7,0.6,0.1,0.104678,0.073456,0.165276,0.948951,7.522347,0.37971,2.424156,5.916089,0.596376,0.0,0.120884,1.0,0.356612,0.37971,1,1,1,1,0
0.25,7.5,0.7,0.6,0.3,0.104678,0.073456,0.165276,0.948951,7.522347,0.379586,2.424156,5.916089,0.596376,0.0,0.120884,1.0,0.356612,0.379586,1,1,1,1,0
0.25,7.5,0.8,0.7,0.0,0.104678,0.073456,0.165276,0.948951,7.522347,0.379725,2.424156,5.916089,0.696376,0.0,0.120884,1.0,0.356612,0.379725,1,1,1,1,0
0.25,7.5,0.8,0.7,0.1,0.104678,0.073456,0.165276,0.948951,7.522347,0.379712,2.424156,5.916089,0.696376,0.0,0.120884,1.0,0.356612,0.379712,1,1,1,1,0
0.25,7.5,0.8,0.7,0.3,0.104678,0.073456,0.165276,0.948951,7.522347,0.379606,2.424156,5.916089,0.696376,0.0,0.120884,1.0,0.356612,0.379606,1,1,1,1,0
0.25,7.5,0.9,0.8,0.0,0.104678,0.073456,0.165276,0.948951,7.522347,0.379725,2.424156,5.916089,0.796376,0.0,0.120884,1.0,0.356612,0.379725,1,1,1,1,0
0.25,7.5,0.9,0.8,0.1,0.104678,0.073456,0.165276,0.948951,7.522347,0.379714,2.424156,5.916089,0.796376,0.0,0.120884,1.0,0.356612,0.379714,1,1,1,1,0
0.25,7.5,0.9,0.8,0.3,0.104678,0.073456,0.165276,0.948951,7.522347,0.379621,2.424156,5.916089,0.796376,0.0,0.120884,1.0,0.356612,0.379621,1,1,1,1,0
0.25,7.5,1.0,0.9,0.0,0.104678,0.073456,0.165276,0.948951,7.522347,0.379725,2.424156,5.916089,0.896376,0.0,0.120884,1.0,0.356612,0.379725,1,1,1,1,0
0.25,7.5,1.0,0.9,0.1,0.104678,0.073456,0.165276,0.948951,7.522347,0.379715,2.424156,5.916089,0.896376,0.0,0.120884,1.0,0.356612,0.379715,1,1,1,1,0
0.25,7.5,1.0,0.9,0.3,0.104678,0.073456,0.165276,0.948951,7.522347,0.379633,2.424156,5.916089,0.896376,0.0,0.120884,1.0,0.356612,0.379633,1,1,1,1,0
0.25,10.0,0.3,0.2,0.0,0.140199,0.073456,0.165276,0.948951,7.522347,0.379725,3.238603,7.90144,0.161213,0.0,0.161498,1.0,0.37015,0.379725,1,1,1,1,0
0.25,10.0,0.3,0.2,0.1,0.140199,0.073456,0.165276,0.948951,7.522347,0.379679,3.238603,7.90144,0.161213,0.0,0.161498,1.0,0.37015,0.379679,1,1,1,1,0
0.25,10.0,0.3,0.2,0.3,0.140199,0.073456,0.165276,0.948951,7.522347,0.379308,3.238603,7.90144,0.161213,0.0,0.161498,1.0,0.37015,0.379308,1,1,1,1,0
0.25,10.0,0.4,0.3,0.0,0.140199,0.073456,0.165276,0.948951,7.522347,0.379725,3.238603,7.90144,0.261213,0.0,0.161498,1.0,0.37015,0.379725,1,1,1,1,0
0.25,10.0,0.4,0.3,0.1,0.140199,0.073456,0.165276,0.948951,7.522347,0.379694,3.238603,7.90144,0.261213,0.0,0.161498,1.0,0.37015,0.379694,1,1,1,1,0
0.25,10.0,0.4,0.3,0.3,0.140199,0.073456,0.165276,0.948951,7.522347,0.379447,3.238603,7.90144,0.261213,0.0,0.161498,1.0,0.37015,0.379447,1,1,1,1,0
0.25,10.0,0.5,0.4,0.0,0.140199,0.073456,0.165276,0.948951,7.522347,0.379725,3.238603,7.90144,0.361213,0.0,0.161498,1.0,0.37015,0.379725,1,1,1,1,0
0.25,10.0,0.5,0.4,0.1,0.140199,0.073456,0.165276,0.948951,7.522347,0.379702,3.238603,7.90144,0.361213,0.0,0.161498,1.0,0.37015,0.379702,1,1,1,1,0
0.25,10.0,0.5,0.4,0.3,0.140199,0.073456,0.165276,0.948951,7.522347,0.379517,3.238603,7.90144,0.361213,0.0,0.161498,1.0,0.37015,0.379517,1,1,1,1,0
0.25,10.0,0.6,0.5,0.0,0.140199,0.073456,0.165276,0.948951,7.522347,0.379725,3.238603,7.90144,0.461213,0.0,0.161498,1.0,0.37015,0.379725,1,1,1,1,0
0.25,10.0,0.6,0.5,0.1,0.140199,0.073456,0.165276,0.948951,7.522347,0.379707,3.238603,7.90144,0.461213,0.0,0.161498,1.0,0.37015,0.379707,1,1,1,1,0
0.25,10.0,0.6,0.5,0.3,0.140199,0.073456,0.165276,0.948951,7.522347,0.379558,3.238603,7.90144,0.461213,0.0,0.161498,1.0,0.37015,0.379558,1,1,1,1,0
0.25,10.0,0.7,0.6,0.0,0.140199,0.073456,0.165276,0.948951,7.522347,0.379725,3.238603,7.90144,0.561213,0.0,0.161498,1.0,0.37015,0.379725,1,1,1,1,0
0.25,10.0,0.7,0.6,0.1,0.140199,0.073456,0.165276,0.948951,7.522347,0.37971,3.238603,7.90144,0.561213,0.0,0.161498,1.0,0.37015,0.37971,1,1,1,1,0
0.25,10.0,0.7,0.6,0.3,0.140199,0.073456,0.165276,0.948951,7.522347,0.379586,3.238603,7.90144,0.561213,0.0,0.161498,1.0,0.37015,0.379586,1,1,1,1,0
0.25,10.0,0.8,0.7,0.0,0.140199,0.073456,0.165276,0.948951,7.522347,0.379725,3.238603,7.90144,0.661213,0.0,0.161498,1.0,0.37015,0.379725,1,1,1,1,0
0.25,10.0,0.8,0.7,0.1,0.140199,0.073456,0.165276,0.948951,7.522347,0.379712,3.238603,7.90144,0.661213,0.0,0.161498,1.0,0.37015,0.379712,1,1,1,1,0
0.25,10.0,0.8,0.7,0.3,0.140199,0.073456,0.165276,0.948951,7.522347,0.379606,3.238603,7.90144,0.661213,0.0,0.161498,1.0,0.37015,0.379606,1,1,1,1,0
0.25,10.0,0.9,0.8,0.0,0.140199,0.073456,0.165276,0.948951,7.522347,0.379725,3.238603,7.90144,0.761213,0.0,0.161498,1.0,0.37015,0.379725,1,1,1,1,0
0.25,10.0,0.9,0.8,0.1,0.140199,0.073456,0.165276,0.948951,7.522347,0.379714,3.238603,7.90144,0.761213,0.0,0.161498,1.0,0.37015,0.379714,1,1,1,1,0
0.25,10.0,0.9,0.8,0.3,0.140199,0.073456,0.165276,0.948951,7.522347,0.379621,3.238603,7.90144,0.761213,0.0,0.161498,1.0,0.37015,0.379621,1,1,1,1,0
0.25,10.0,1.0,0.9,0.0,0.140199,0.073456,0.165276,0.948951,7.522347,0.379725,3.238603,7.90144,0.861213,0.0,0.161498,1.0,0.37015,0.379725,1,1,1,1,0
0.25,10.0,1.0,0.9,0.1,0.140199,0.073456,0.165276,0.948951,7.522347,0.379715,3.238603,7.90144,0.861213,0.0,0.161498,1.0,0.37015,0.379715,1,1,1,1,0
0.25,10.0,1.0,0.9,0.3,0.140199,0.073456,0.165276,0.948951,7.522347,0.379633,3.238603,7.90144,0.861213,0.0,0.161498,1.0,0.37015,0.379633,1,1,1,1,0
0.25,12.5,0.3,0.2,0.0,0.176271,0.073456,0.165276,0.948951,7.522347,0.379725,4.058731,9.898225,0.125504,0.007655,0.202395,1.0,0.386334,0.376818,1,1,1,1,0
0.25,12.5,0.3,0.2,0.1,0.176271,0.073456,0.165276,0.948951,7.522347,0.379679,4.058731,9.898225,0.125504,0.007655,0.202395,1.0,0.386334,0.376772,1,1,1,1,0
0.25,12.5,0.3,0.2,0.3,0.176271,0.073456,0.165276,0.948951,7.522347,0.379308,4.058731,9.898225,0.125504,0.007655,0.202395,1.0,0.386334,0.376405,1,1,1,1,0
0.25,12.5,0.4,0.3,0.0,0.176271,0.073456,0.165276,0.948951,7.522347,0.379725,4.058731,9.898225,0.225504,0.0,0.202395,1.0,0.383782,0.379725,1,1,1,1,0
0.25,12.5,0.4,0.3,0.1,0.176271,0.073456,0.165276,0.948951,7.522347,0.379694,4.058731,9.898225,0.225504,0.0,0.202395,1.0,0.383782,0.379694,1,1,1,1,0
0.25,12.5,0.4,0.3,0.3,0.176271,0.073456,0.165276,0.948951,7.522347,0.379447,4.058731,9.898225,0.225504,0.0,0.202395,1.0,0.383782,0.379447,1,1,1,1,0
0.25,12.5,0.5,0.4,0.0,0.176271,0.073456,0.165276,0.948951,7.522347,0.379725,4.058731,9.898225,0.325504,0.0,0.202395,1.0,0.383782,0.379725,1,1,1,1,0
0.25,12.5,0.5,0.4,0.1,0.176271,0.073456,0.165276,0.948951,7.522347,0.379702,4.058731,9.898225,0.325504,0.0,0.202395,1.0,0.383782,0.379702,1,1,1,1,0
0.25,12.5,0.5,0.4,0.3,0.176271,0.073456,0.165276,0.948951,7.522347,0.379517,4.058731,9.898225,0.325504,0.0,0.202395,1.0,0.383782,0.379517,1,1,1,1,0
0.25,12.5,0.6,0.5,0.0,0.176271,0.073456,0.165276,0.948951,7.522347,0.379725,4.058731,9.898225,0.425504,0.0,0.202395,1.0,0.383782,0.379725,1,1,1,1,0
0.25,12.5,0.6,0.5,0.1,0.176271,0.073456,0.165276,0.948951,7.522347,0.379707,4.058731,9.898225,0.425504,0.0,0.202395,1.0,0.383782,0.379707,1,1,1,1,0
0.25,12.5,0.6,0.5,0.3,0.176271,0.073456,0.165276,0.948951,7.522347,0.379558,4.058731,9.898225,0.425504,0.0,0.202395,1.0,0.383782,0.379558,1,1,1,1,0
0.25,12.5,0.7,0.6,0.0,0.176271,0.073456,0.165276,0.948951,7.522347,0.379725,4.058731,9.898225,0.525504,0.0,0.202395,1.0,0.383782,0.379725,1,1,1,1,0
0.25,12.5,0.7,0.6,0.1,0.176271,0.073456,0.165276,0.948951,7.522347,0.37971,4.058731,9.898225,0.525504,0.0,0.202395,1.0,0.383782,0.37971,1,1,1,1,0
0.25,12.5,0.7,0.6,0.3,0.176271,0.073456,0.165276,0.948951,7.522347,0.379586,4.058731,9.898225,0.525504,0.0,0.202395,1.0,0.383782,0.379586,1,1,1,1,0
0.25,12.5,0.8,0.7,0.0,0.176271,0.073456,0.165276,0.948951,7.522347,0.379725,4.058731,9.898225,0.625504,0.0,0.202395,1.0,0.383782,0.379725,1,1,1,1,0
0.25,12.5,0.8,0.7,0.1,0.176271,0.073456,0.165276,0.948951,7.522347,0.379712,4.058731,9.898225,0.625504,0.0,0.202395,1.0,0.383782,0.379712,1,1,1,1,0
0.25,12.5,0.8,0.7,0.3,0.176271,0.073456,0.165276,0.948951,7.522347,0.379606,4.058731,9.898225,0.625504,0.0,0.202395,1.0,0.383782,0.379606,1,1,1,1,0
0.25,12.5,0.9,0.8,0.0,0.176271,0.073456,0.165276,0.948951,7.522347,0.379725,4.058731,9.898225,0.725504,0.0,0.202395,1.0,0.383782,0.379725,1,1,1,1,0
0.25,12.5,0.9,0.8,0.1,0.176271,0.073456,0.165276,0.948951,7.522347,0.379714,4.058731,9.898225,0.725504,0.0,0.202395,1.0,0.383782,0.379714,1,1,1,1,0
0.25,12.5,0.9,0.8,0.3,0.176271,0.073456,0.165276,0.948951,7.522347,0.379621,4.058731,9.898225,0.725504,0.0,0.202395,1.0,0.383782,0.379621,1,1,1,1,0
0.25,12.5,1.0,0.9,0.0,0.176271,0.073456,0.165276,0.948951,7.522347,0.379725,4.058731,9.898225,0.825504,0.0,0.202395,1.0,0.383782,0.379725,1,1,1,1,0
0.25,12.5,1.0,0.9,0.1,0.176271,0.073456,0.165276,0.948951,7.522347,0.379715,4.058731,9.898225,0.825504,0.0,0.202395,1.0,0.383782,0.379715,1,1,1,1,0
0.25,12.5,1.0,0.9,0.3,0.176271,0.073456,0.165276,0.948951,7.522347,0.379633,4.058731,9.898225,0.825504,0.0,0.202395,1.0,0.383782,0.379633,1,1,1,1,0
0.25,15.0,0.3,0.2,0.0,0.213048,0.073456,0.165276,0.948951,7.522347,0.379725,4.886207,11.909322,0.089097,0.027111,0.242113,0.998454,0.406058,0.368859,1,1,1,1,0
0.25,15.0,0.3,0.2,0.1,0.213048,0.073456,0.165276,0.948951,7.522347,0.379679,4.886207,11.909322,0.089097,0.027111,0.242113,0.998454,0.406058,0.368814,1,1,1,1,0
0.25,15.0,0.3,0.2,0.3,0.213048,0.073456,0.165276,0.948951,7.522347,0.379308,4.886207,11.909322,0.089097,0.027111,0.242113,0.998454,0.406058,0.368454,1,1,1,1,0
0.25,15.0,0.4,0.3,0.0,0.213048,0.073456,0.165276,0.948951,7.522347,0.379725,4.886207,11.909322,0.189097,0.001881,0.242113,0.998454,0.397648,0.378425,1,1,1,1,0
0.25,15.0,0.4,0.3,0.1,0.213048,0.073456,0.165276,0.948951,7.522347,0.379694,4.886207,11.909322,0.189097,0.001881,0.242113,0.998454,0.397648,0.378394,1,1,1,1,0
0.25,15.0,0.4,0.3,0.3,0.213048,0.073456,0.165276,0.948951,7.522347,0.379447,4.886207,11.909322,0.189097,0.001881,0.242113,0.998454,0.397648,0.378148,1,1,1,1,0
0.25,15.0,0.5,0.4,0.0,0.213048,0.073456,0.165276,0.948951,7.522347,0.379725,4.886207,11.909322,0.289097,0.0,0.242113,0.998454,0.397021,0.379138,1,1,1,1,0
0.25,15.0,0.5,0.4,0.1,0.213048,0.073456,0.165276,0.948951,7.522347,0.379702,4.886207,11.909322,0.289097,0.0,0.242113,0.998454,0.397021,0.379115,1,1,1,1,0
0.25,15.0,0.5,0.4,0.3,0.213048,0.073456,0.165276,0.948951,7.522347,0.379517,4.886207,11.909322,0.289097,0.0,0.242113,0.998454,0.397021,0.37893,1,1,1,1,0
0.25,15.0,0.6,0.5,0.0,0.213048,0.073456,0.165276,0.948951,7.522347,0.379725,4.886207,11.909322,0.389097,0.0,0.242113,0.998454,0.397021,0.379138,1,1,1,1,0
0.25,15.0,0.6,0.5,0.1,0.213048,0.073456,0.165276,0.948951,7.522347,0.379707,4.886207,11.909322,0.389097,0.0,0.242113,0.998454,0.397021,0.37912,1,1,1,1,0
0.25,15.0,0.6,0.5,0.3,0.213048,0.073456,0.165276,0.948951,7.522347,0.379558,4.886207,11.909322,0.389097,0.0,0.242113,0.998454,0.397021,0.378972,1,1,1,1,0
0.25,15.0,0.7,0.6,0.0,0.213048,0.073456,0.165276,0.948951,7.522347,0.379725,4.886207,11.909322,0.489097,0.0,0.242113,0.998454,0.397021,0.379138,1,1,1,1,0
0.25,15.0,0.7,0.6,0.1,0.213048,0.073456,0.165276,0.948951,7.522347,0.37971,4.886207,11.909322,0.489097,0.0,0.242113,0.998454,0.397021,0.379123,1,1,1,1,0
0.25,15.0,0.7,0.6,0.3,0.213048,0.073456,0.165276,0.948951,7.522347,0.379586,4.886207,11.909322,0.489097,0.0,0.242113,0.998454,0.397021,0.379,1,1,1,1,0
0.25,15.0,0.8,0.7,0.0,0.213048,0.073456,0.165276,0.948951,7.522347,0.379725,4.886207,11.909322,0.589097,0.0,0.242113,0.998454,0.397021,0.379138,1,1,1,1,0
0.25,15.0,0.8,0.7,0.1,0.213048,0.073456,0.165276,0.948951,7.522347,0.379712,4.886207,11.909322,0.589097,0.0,0.242113,0.998454,0.397021,0.379125,1,1,1,1,0
0.25,15.0,0.8,0.7,0.3,0.213048,0.073456,0.165276,0.948951,7.522347,0.379606,4.886207,11.909322,0.589097,0.0,0.242113,0.998454,0.397021,0.379019,1,1,1,1,0
0.25,15.0,0.9,0.8,0.0,0.213048,0.073456,0.165276,0.948951,7.522347,0.379725,4.886207,11.909322,0.689097,0.0,0.242113,0.998454,0.397021,0.379138,1,1,1,1,0
0.25,15.0,0.9,0.8,0.1,0.213048,0.073456,0.165276,0.948951,7.522347,0.379714,4.886207,11.909322,0.689097,0.0,0.242113,0.998454,0.397021,0.379127,1,1,1,1,0
0.25,15.0,0.9,0.8,0.3,0.213048,0.073456,0.165276,0.948951,7.522347,0.379621,4.886207,11.909322,0.689097,0.0,0.242113,0.998454,0.397021,0.379034,1,1,1,1,0
0.25,15.0,1.0,0.9,0.0,0.213048,0.073456,0.165276,0.948951,7.522347,0.379725,4.886207,11.909322,0.789097,0.0,0.242113,0.998454,0.397021,0.379138,1,1,1,1,0
0.25,15.0,1.0,0.9,0.1,0.213048,0.073456,0.165276,0.948951,7.522347,0.379715,4.886207,11.909322,0.789097,0.0,0.242113,0.998454,0.397021,0.379128,1,1,1,1,0
0.25,15.0,1.0,0.9,0.3,0.213048,0.073456,0.165276,0.948951,7.522347,0.379633,4.886207,11.909322,0.789097,0.0,0.242113,0.998454,0.397021,0.379046,1,1,1,1,0
0.25,17.5,0.3,0.2,0.0,0.250696,0.073456,0.165276,0.948951,7.522347,0.379725,5.722859,13.937619,0.051828,0.0513,0.279733,0.994354,0.426662,0.358211,1,1,1,1,0
0.25,17.5,0.3,0.2,0.1,0.250696,0.073456,0.165276,0.948951,7.522347,0.379679,5.722859,13.937619,0.051828,0.0513,0.279733,0.994354,0.426662,0.358167,1,1,1,1,0
0.25,17.5,0.3,0.2,0.3,0.250696,0.073456,0.165276,0.948951,7.522347,0.379308,5.722859,13.937619,0.051828,0.0513,0.279733,0.994354,0.426662,0.357818,1,1,1,1,0
0.25,17.5,0.4,0.3,0.0,0.250696,0.073456,0.165276,0.948951,7.522347,0.379725,5.722859,13.937619,0.151828,0.01211,0.279733,0.994354,0.413598,0.373009,1,1,1,1,0
0.25,17.5,0.4,0.3,0.1,0.250696,0.073456,0.165276,0.948951,7.522347,0.379694,5.722859,13.937619,0.151828,0.01211,0.279733,0.994354,0.413598,0.372978,1,1,1,1,0
0.25,17.5,0.4,0.3,0.3,0.250696,0.073456,0.165276,0.948951,7.522347,0.379447,5.722859,13.937619,0.151828,0.01211,0.279733,0.994354,0.413598,0.372736,1,1,1,1,0
0.25,17.5,0.5,0.4,0.0,0.250696,0.073456,0.165276,0.948951,7.522347,0.379725,5.722859,13.937619,0.251828,0.000371,0.279733,0.994354,0.409685,0.377441,1,1,1,1,0
0.25,17.5,0.5,0.4,0.1,0.250696,0.073456,0.165276,0.948951,7.522347,0.379702,5.722859,13.937619,0.251828,0.000371,0.279733,0.994354,0.409685,0.377418,1,1,1,1,0
0.25,17.5,0.5,0.4,0.3,0.250696,0.073456,0.165276,0.948951,7.522347,0.379517,5.722859,13.937619,0.251828,0.000371,0.279733,0.994354,0.409685,0.377234,1,1,1,1,0
0.25,17.5,0.6,0.5,0.0,0.250696,0.073456,0.165276,0.948951,7.522347,0.379725,5.722859,13.937619,0.351828,0.0,0.279733,0.994354,0.409561,0.377581,1,1,1,1,0
0.25,17.5,0.6,0.5,0.1,0.250696,0.073456,0.165276,0.948951,7.522347,0.379707,5.722859,13.937619,0.351828,0.0,0.279733,0.994354,0.409561,0.377563,1,1,1,1,0
0.25,17.5,0.6,0.5,0.3,0.250696,0.073456,0.165276,0.948951,7.522347,0.379558,5.722859,13.937619,0.351828,0.0,0.279733,0.994354,0.409561,0.377415,1,1,1,1,0
0.25,17.5,0.7,0.6,0.0,0.250696,0.073456,0.165276,0.948951,7.522347,0.379725,5.722859,13.937619,0.451828,0.0,0.279733,0.994354,0.409561,0.377581,1,1,1,1,0
0.25,17.5,0.7,0.6,0.1,0.250696,0.073456,0.165276,0.948951,7.522347,0.37971,5.722859,13.937619,0.451828,0.0,0.279733,0.994354,0.409561,0.377566,1,1,1,1,0
0.25,17.5,0.7,0.6,0.3,0.250696,0.073456,0.165276,0.948951,7.522347,0.379586,5.722859,13.937619,0.451828,0.0,0.279733,0.994354,0.409561,0.377443,1,1,1,1,0
0.25,17.5,0.8,0.7,0.0,0.250696,0.073456,0.165276,0.948951,7.522347,0.379725,5.722859,13.937619,0.551828,0.0,0.279733,0.994354,0.409561,0.377581,1,1,1,1,0
0.25,17.5,0.8,0.7,0.1,0.250696,0.073456,0.165276,0.948951,7.522347,0.379712,5.722859,13.937619,0.551828,0.0,0.279733,0.994354,0.409561,0.377568,1,1,1,1,0
0.25,17.5,0.8,0.7,0.3,0.250696,0.073456,0.165276,0.948951,7.522347,0.379606,5.722859,13.937619,0.551828,0.0,0.279733,0.994354,0.409561,0.377463,1,1,1,1,0
0.25,17.5,0.9,0.8,0.0,0.250696,0.073456,0.165276,0.948951,7.522347,0.379725,5.722859,13.937619,0.651828,0.0,0.279733,0.994354,0.409561,0.377581,1,1,1,1,0
0.25,17.5,0.9,0.8,0.1,0.250696,0.073456,0.165276,0.948951,7.522347,0.379714,5.722859,13.937619,0.651828,0.0,0.279733,0.994354,0.409561,0.37757,1,1,1,1,0
0.25,17.5,0.9,0.8,0.3,0.250696,0.073456,0.165276,0.948951,7.522347,0.379621,5.722859,13.937619,0.651828,0.0,0.279733,0.994354,0.409561,0.377477,1,1,1,1,0
0.25,17.5,1.0,0.9,0.0,0.250696,0.073456,0.165276,0.948951,7.522347,0.379725,5.722859,13.937619,0.751828,0.0,0.279733,0.994354,0.409561,0.377581,1,1,1,1,0
0.25,17.5,1.0,0.9,0.1,0.250696,0.073456,0.165276,0.948951,7.522347,0.379715,5.722859,13.937619,0.751828,0.0,0.279733,0.994354,0.409561,0.377571,1,1,1,1,0
0.25,17.5,1.0,0.9,0.3,0.250696,0.073456,0.165276,0.948951,7.522347,0.379633,5.722859,13.937619,0.751828,0.0,0.279733,0.994354,0.409561,0.377489,1,1,1,1,0
0.25,20.0,0.3,0.2,0.0,0.289395,0.073456,0.165276,0.948951,7.522347,0.379725,6.570705,15.986012,0.013519,0.077579,0.315355,0.987697,0.447295,0.345957,1,1,1,1,0
0.25,20.0,0.3,0.2,0.1,0.289395,0.073456,0.165276,0.948951,7.522347,0.379679,6.570705,15.986012,0.013519,0.077579,0.315355,0.987697,0.447295,0.345915,1,1,1,1,0
0.25,20.0,0.3,0.2,0.3,0.289395,0.073456,0.165276,0.948951,7.522347,0.379308,6.570705,15.986012,0.013519,0.077579,0.315355,0.987697,0.447295,0.345577,1,1,1,1,0
0.25,20.0,0.4,0.3,0.0,0.289395,0.073456,0.165276,0.948951,7.522347,0.379725,6.570705,15.986012,0.113519,0.029791,0.315355,0.987697,0.431366,0.36388,1,1,1,1,0
0.25,20.0,0.4,0.3,0.1,0.289395,0.073456,0.165276,0.948951,7.522347,0.379694,6.570705,15.986012,0.113519,0.029791,0.315355,0.987697,0.431366,0.363851,1,1,1,1,0
0.25,20.0,0.4,0.3,0.3,0.289395,0.073456,0.165276,0.948951,7.522347,0.379447,6.570705,15.986012,0.113519,0.029791,0.315355,0.987697,0.431366,0.363614,1,1,1,1,0
0.25,20.0,0.5,0.4,0.0,0.289395,0.073456,0.165276,0.948951,7.522347,0.379725,6.570705,15.986012,0.213519,0.006655,0.315355,0.987697,0.423654,0.372557,1,1,1,1,0
0.25,20.0,0.5,0.4,0.1,0.289395,0.073456,0.165276,0.948951,7.522347,0.379702,6.570705,15.986012,0.213519,0.006655,0.315355,0.987697,0.423654,0.372534,1,1,1,1,0
0.25,20.0,0.5,0.4,0.3,0.289395,0.073456,0.165276,0.948951,7.522347,0.379517,6.570705,15.986012,0.213519,0.006655,0.315355,0.987697,0.423654,0.372353,1,1,1,1,0
0.25,20.0,0.6,0.5,0.0,0.289395,0.073456,0.165276,0.948951,7.522347,0.379725,6.570705,15.986012,0.313519,0.0,0.315355,0.987697,0.421436,0.375053,1,1,1,1,0
0.25,20.0,0.6,0.5,0.1,0.289395,0.073456,0.165276,0.948951,7.522347,0.379707,6.570705,15.986012,0.313519,0.0,0.315355,0.987697,0.421436,0.375035,1,1,1,1,0
0.25,20.0,0.6,0.5,0.3,0.289395,0.073456,0.165276,0.948951,7.522347,0.379558,6.570705,15.986012,0.313519,0.0,0.315355,0.987697,0.421436,0.374889,1,1,1,1,0
0.25,20.0,0.7,0.6,0.0,0.289395,0.073456,0.165276,0.948951,7.522347,0.379725,6.570705,15.986012,0.413519,0.0,0.315355,0.987697,0.421436,0.375053,1,1,1,1,0
0.25,20.0,0.7,0.6,0.1,0.289395,0.073456,0.165276,0.948951,7.522347,0.37971,6.570705,15.986012,0.413519,0.0,0.315355,0.987697,0.421436,0.375038,1,1,1,1,0
0.25,20.0,0.7,0.6,0.3,0.289395,0.073456,0.165276,0.948951,7.522347,0.379586,6.570705,15.986012,0.413519,0.0,0.315355,0.987697,0.421436,0.374916,1,1,1,1,0
0.25,20.0,0.8,0.7,0.0,0.289395,0.073456,0.165276,0.948951,7.522347,0.379725,6.570705,15.986012,0.513519,0.0,0.315355,0.987697,0.421436,0.375053,1,1,1,1,0
0.25,20.0,0.8,0.7,0.1,0.289395,0.073456,0.165276,0.948951,7.522347,0.379712,6.570705,15.986012,0.513519,0.0,0.315355,0.987697,0.421436,0.37504,1,1,1,1,0
0.25,20.0,0.8,0.7,0.3,0.289395,0.073456,0.165276,0.948951,7.522347,0.379606,6.570705,15.986012,0.513519,0.0,0.315355,0.987697,0.421436,0.374936,1,1,1,1,0
0.25,20.0,0.9,0.8,0.0,0.289395,0.073456,0.165276,0.948951,7.522347,0.379725,6.570705,15.986012,0.613519,0.0,0.315355,0.987697,0.421436,0.375053,1,1,1,1,0
0.25,20.0,0.9,0.8,0.1,0.289395,0.073456,0.165276,0.948951,7.522347,0.379714,6.570705,15.986012,0.613519,0.0,0.315355,0.987697,0.421436,0.375042,1,1,1,1,0
0.25,20.0,0.9,0.8,0.3,0.289395,0.073456,0.165276,0.948951,7.522347,0.379621,6.570705,15.986012,0.613519,0.0,0.315355,0.987697,0.421436,0.37495,1,1,1,1,0
0.25,20.0,1.0,0.9,0.0,0.289395,0.073456,0.165276,0.948951,7.522347,0.379725,6.570705,15.986012,0.713519,0.0,0.315355,0.987697,0.421436,0.375053,1,1,1,1,0
0.25,20.0,1.0,0.9,0.1,0.289395,0.073456,0.165276,0.948951,7.522347,0.379715,6.570705,15.986012,0.713519,0.0,0.315355,0.987697,0.421436,0.375043,1,1,1,1,0
0.25,20.0,1.0,0.9,0.3,0.289395,0.073456,0.165276,0.948951,7.522347,0.379633,6.570705,15.986012,0.713519,0.0,0.315355,0.987697,0.421436,0.374962,1,1,1,1,0
0.25,22.5,0.3,0.2,0.0,0.329344,0.073456,0.165276,0.948951,7.522347,0.379725,7.431985,18.057406,-0.026028,0.110111,0.350799,0.980191,0.469954,0.33122,1,1,0,0,0
0.25,22.5,0.3,0.2,0.1,0.329344,0.073456,0.165276,0.948951,7.522347,0.379679,7.431985,18.057406,-0.026028,0.110111,0.350799,0.980191,0.469954,0.331179,1,1,0,0,0
0.25,22.5,0.3,0.2,0.3,0.329344,0.073456,0.165276,0.948951,7.522347,0.379308,7.431985,18.057406,-0.026028,0.110111,0.350799,0.980191,0.469954,0.330856,1,1,0,0,0
0.25,22.5,0.4,0.3,0.0,0.329344,0.073456,0.165276,0.948951,7.522347,0.379725,7.431985,18.057406,0.073972,0.049147,0.350799,0.980191,0.449632,0.35391,1,1,1,1,1
0.25,22.5,0.4,0.3,0.1,0.329344,0.073456,0.165276,0.948951,7.522347,0.379694,7.431985,18.057406,0.073972,0.049147,0.350799,0.980191,0.449632,0.353882,1,1,1,1,0
0.25,22.5,0.4,0.3,0.3,0.329344,0.073456,0.165276,0.948951,7.522347,0.379447,7.431985,18.057406,0.073972,0.049147,0.350799,0.980191,0.449632,0.353652,1,1,1,1,0
0.25,22.5,0.5,0.4,0.0,0.329344,0.073456,0.165276,0.948951,7.522347,0.379725,7.431985,18.057406,0.173972,0.017957,0.350799,0.980191,0.439236,0.36552,1,1,1,1,1
0.25,22.5,0.5,0.4,0.1,0.329344,0.073456,0.165276,0.948951,7.522347,0.379702,7.431985,18.057406,0.173972,0.017957,0.350799,0.980191,0.439236,0.365497,1,1,1,1,0
0.25,22.5,0.5,0.4,0.3,0.329344,0.073456,0.165276,0.948951,7.522347,0.379517,7.431985,18.057406,0.173972,0.017957,0.350799,0.980191,0.439236,0.365319,1,1,1,1,0
0.25,22.5,0.6,0.5,0.0,0.329344,0.073456,0.165276,0.948951,7.522347,0.379725,7.431985,18.057406,0.273972,0.00318,0.350799,0.980191,0.43431,0.37102,1,1,1,1,0
0.25,22.5,0.6,0.5,0.1,0.329344,0.073456,0.165276,0.948951,7.522347,0.379707,7.431985,18.057406,0.273972,0.00318,0.350799,0.980191,0.43431,0.371002,1,1,1,1,0
0.25,22.5,0.6,0.5,0.3,0.329344,0.073456,0.165276,0.948951,7.522347,0.379558,7.431985,18.057406,0.273972,0.00318,0.350799,0.980191,0.43431,0.370857,1,1,1,1,0
0.25,22.5,0.7,0.6,0.0,0.329344,0.073456,0.165276,0.948951,7.522347,0.379725,7.431985,18.057406,0.373972,0.0,0.350799,0.980191,0.43325,0.372203,1,1,1,1,0
0.25,22.5,0.7,0.6,0.1,0.329344,0.073456,0.165276,0.948951,7.522347,0.37971,7.431985,18.057406,0.373972,0.0,0.350799,0.980191,0.43325,0.372188,1,1,1,1,0
0.25,22.5,0.7,0.6,0.3,0.329344,0.073456,0.165276,0.948951,7.522347,0.379586,7.431985,18.057406,0.373972,0.0,0.350799,0.980191,0.43325,0.372067,1,1,1,1,0
0.25,22.5,0.8,0.7,0.0,0.329344,0.073456,0.165276,0.948951,7.522347,0.379725,7.431985,18.057406,0.473972,0.0,0.350799,0.980191,0.43325,0.372203,1,1,1,1,0
0.25,22.5,0.8,0.7,0.1,0.329344,0.073456,0.165276,0.948951,7.522347,0.379712,7.431985,18.057406,0.473972,0.0,0.350799,0.980191,0.43325,0.37219,1,1,1,1,0
0.25,22.5,0.8,0.7,0.3,0.329344,0.073456,0.165276,0.948951,7.522347,0.379606,7.431985,18.057406,0.473972,0.0,0.350799,0.980191,0.43325,0.372087,1,1,1,1,0
0.25,22.5,0.9,0.8,0.0,0.329344,0.073456,0.165276,0.948951,7.522347,0.379725,7.431985,18.057406,0.573972,0.0,0.350799,0.980191,0.43325,0.372203,1,1,1,1,0
0.25,22.5,0.9,0.8,0.1,0.329344,0.073456,0.165276,0.948951,7.522347,0.379714,7.431985,18.057406,0.573972,0.0,0.350799,0.980191,0.43325,0.372192,1,1,1,1,0
0.25,22.5,0.9,0.8,0.3,0.329344,0.073456,0.165276,0.948951,7.522347,0.379621,7.431985,18.057406,0.573972,0.0,0.350799,0.980191,0.43325,0.372101,1,1,1,1,0
0.25,22.5,1.0,0.9,0.0,0.329344,0.073456,0.165276,0.948951,7.522347,0.379725,7.431985,18.057406,0.673972,0.0,0.350799,0.980191,0.43325,0.372203,1,1,1,1,0
0.25,22.5,1.0,0.9,0.1,0.329344,0.073456,0.165276,0.948951,7.522347,0.379715,7.431985,18.057406,0.673972,0.0,0.350799,0.980191,0.43325,0.372193,1,1,1,1,0
0.25,22.5,1.0,0.9,0.3,0.329344,0.073456,0.165276,0.948951,7.522347,0.379633,7.431985,18.057406,0.673972,0.0,0.350799,0.980191,0.43325,0.372113,1,1,1,1,0
0.25,25.0,0.3,0.2,0.0,0.370764,0.073456,0.165276,0.948951,7.522347,0.379725,8.309196,20.154705,-0.067031,0.141955,0.383126,0.968775,0.491344,0.315647,0,1,0,0,0
0.25,25.0,0.3,0.2,0.1,0.370764,0.073456,0.165276,0.948951,7.522347,0.379679,8.309196,20.154705,-0.067031,0.141955,0.383126,0.968775,0.491344,0.315609,0,1,0,0,0
0.25,25.0,0.3,0.2,0.3,0.370764,0.073456,0.165276,0.948951,7.522347,0.379308,8.309196,20.154705,-0.067031,0.141955,0.383126,0.968775,0.491344,0.315301,0,1,0,0,0
0.25,25.0,0.4,0.3,0.0,0.370764,0.073456,0.165276,0.948951,7.522347,0.379725,8.309196,20.154705,0.032969,0.068576,0.383126,0.968775,0.466884,0.342641,0,1,1,0,0
0.25,25.0,0.4,0.3,0.1,0.370764,0.073456,0.165276,0.948951,7.522347,0.379694,8.309196,20.154705,0.032969,0.068576,0.383126,0.968775,0.466884,0.342613,0,1,1,0,0
0.25,25.0,0.4,0.3,0.3,0.370764,0.073456,0.165276,0.948951,7.522347,0.379447,8.309196,20.154705,0.032969,0.068576,0.383126,0.968775,0.466884,0.342391,0,1,1,0,0
0.25,25.0,0.5,0.4,0.0,0.370764,0.073456,0.165276,0.948951,7.522347,0.379725,8.309196,20.154705,0.132969,0.033573,0.383126,0.968775,0.455217,0.355518,0,1,1,0,0
0.25,25.0,0.5,0.4,0.1,0.370764,0.073456,0.165276,0.948951,7.522347,0.379702,8.309196,20.154705,0.132969,0.033573,0.383126,0.968775,0.455217,0.355496,0,1,1,0,0
0.25,25.0,0.5,0.4,0.3,0.370764,0.073456,0.165276,0.948951,7.522347,0.379517,8.309196,20.154705,0.132969,0.033573,0.383126,0.968775,0.455217,0.355323,0,1,1,0,0
0.25,25.0,0.6,0.5,0.0,0.370764,0.073456,0.165276,0.948951,7.522347,0.379725,8.309196,20.154705,0.232969,0.010936,0.383126,0.968775,0.447671,0.363845,0,1,1,0,0
0.25,25.0,0.6,0.5,0.1,0.370764,0.073456,0.165276,0.948951,7.522347,0.379707,8.309196,20.154705,0.232969,0.010936,0.383126,0.968775,0.447671,0.363827,0,1,1,0,0
0.25,25.0,0.6,0.5,0.3,0.370764,0.073456,0.165276,0.948951,7.522347,0.379558,8.309196,20.154705,0.232969,0.010936,0.383126,0.968775,0.447671,0.363685,0,1,1,0,0
0.25,25.0,0.7,0.6,0.0,0.370764,0.073456,0.165276,0.948951,7.522347,0.379725,8.309196,20.154705,0.332969,0.001745,0.383126,0.968775,0.444607,0.367226,0,1,1,0,0
0.25,25.0,0.7,0.6,0.1,0.370764,0.073456,0.165276,0.948951,7.522347,0.37971,8.309196,20.154705,0.332969,0.001745,0.383126,0.968775,0.444607,0.367211,0,1,1,0,0
0.25,25.0,0.7,0.6,0.3,0.370764,0.073456,0.165276,0.948951,7.522347,0.379586,8.309196,20.154705,0.332969,0.001745,0.383126,0.968775,0.444607,0.367092,0,1,1,0,0
0.25,25.0,0.8,0.7,0.0,0.370764,0.073456,0.165276,0.948951,7.522347,0.379725,8.309196,20.154705,0.432969,0.0,0.383126,0.968775,0.444026,0.367868,0,1,1,0,0
0.25,25.0,0.8,0.7,0.1,0.370764,0.073456,0.165276,0.948951,7.522347,0.379712,8.309196,20.154705,0.432969,0.0,0.383126,0.968775,0.444026,0.367855,0,1,1,0,0
0.25,25.0,0.8,0.7,0.3,0.370764,0.073456,0.165276,0.948951,7.522347,0.379606,8.309196,20.154705,0.432969,0.0,0.383126,0.968775,0.444026,0.367753,0,1,1,0,0
0.25,25.0,0.9,0.8,0.0,0.370764,0.073456,0.165276,0.948951,7.522347,0.379725,8.309196,20.154705,0.532969,0.0,0.383126,0.968775,0.444026,0.367868,0,1,1,0,0
0.25,25.0,0.9,0.8,0.1,0.370764,0.073456,0.165276,0.948951,7.522347,0.379714,8.309196,20.154705,0.532969,0.0,0.383126,0.968775,0.444026,0.367857,0,1,1,0,0
0.25,25.0,0.9,0.8,0.3,0.370764,0.073456,0.165276,0.948951,7.522347,0.379621,8.309196,20.154705,0.532969,0.0,0.383126,0.968775,0.444026,0.367767,0,1,1,0,0
0.25,25.0,1.0,0.9,0.0,0.370764,0.073456,0.165276,0.948951,7.522347,0.379725,8.309196,20.154705,0.632969,0.0,0.383126,0.968775,0.444026,0.367868,0,1,1,0,0
0.25,25.0,1.0,0.9,0.1,0.370764,0.073456,0.165276,0.948951,7.522347,0.379715,8.309196,20.154705,0.632969,0.0,0.383126,0.968775,0.444026,0.367858,0,1,1,0,0
0.25,25.0,1.0,0.9,0.3,0.370764,0.073456,0.165276,0.948951,7.522347,0.379633,8.309196,20.154705,0.632969,0.0,0.383126,0.968775,0.444026,0.367779,0,1,1,0,0
0.25,27.5,0.3,0.2,0.0,0.413906,0.073456,0.165276,0.948951,7.522347,0.379725,9.20513,22.280809,-0.109739,0.171901,0.41356,0.954532,0.511471,0.300153,0,1,0,0,0
0.25,27.5,0.3,0.2,0.1,0.413906,0.073456,0.165276,0.948951,7.522347,0.379679,9.20513,22.280809,-0.109739,0.171901,0.41356,0.954532,0.511471,0.300116,0,1,0,0,0
0.25,27.5,0.3,0.2,0.3,0.413906,0.073456,0.165276,0.948951,7.522347,0.379308,9.20513,22.280809,-0.109739,0.171901,0.41356,0.954532,0.511471,0.299823,0,1,0,0,0
0.25,27.5,0.4,0.3,0.0,0.413906,0.073456,0.165276,0.948951,7.522347,0.379725,9.20513,22.280809,-0.009739,0.094355,0.41356,0.954532,0.485622,0.32826,0,1,0,0,0
0.25,27.5,0.4,0.3,0.1,0.413906,0.073456,0.165276,0.948951,7.522347,0.379694,9.20513,22.280809,-0.009739,0.094355,0.41356,0.954532,0.485622,0.328233,0,1,0,0,0
0.25,27.5,0.4,0.3,0.3,0.413906,0.073456,0.165276,0.948951,7.522347,0.379447,9.20513,22.280809,-0.009739,0.094355,0.41356,0.954532,0.485622,0.32802,0,1,0,0,0
0.25,27.5,0.5,0.4,0.0,0.413906,0.073456,0.165276,0.948951,7.522347,0.379725,9.20513,22.280809,0.090261,0.049907,0.41356,0.954532,0.470806,0.344371,0,1,1,0,0
0.25,27.5,0.5,0.4,0.1,0.413906,0.073456,0.165276,0.948951,7.522347,0.379702,9.20513,22.280809,0.090261,0.049907,0.41356,0.954532,0.470806,0.34435,0,1,1,0,0
0.25,27.5,0.5,0.4,0.3,0.413906,0.073456,0.165276,0.948951,7.522347,0.379517,9.20513,22.280809,0.090261,0.049907,0.41356,0.954532,0.470806,0.344182,0,1,1,0,0
0.25,27.5,0.6,0.5,0.0,0.413906,0.073456,0.165276,0.948951,7.522347,0.379725,9.20513,22.280809,0.190261,0.023269,0.41356,0.954532,0.461927,0.354026,0,1,1,0,0
0.25,27.5,0.6,0.5,0.1,0.413906,0.073456,0.165276,0.948951,7.522347,0.379707,9.20513,22.280809,0.190261,0.023269,0.41356,0.954532,0.461927,0.354008,0,1,1,0,0
0.25,27.5,0.6,0.5,0.3,0.413906,0.073456,0.165276,0.948951,7.522347,0.379558,9.20513,22.280809,0.190261,0.023269,0.41356,0.954532,0.461927,0.35387,0,1,1,0,0
0.25,27.5,0.7,0.6,0.0,0.413906,0.073456,0.165276,0.948951,7.522347,0.379725,9.20513,22.280809,0.290261,0.008071,0.41356,0.954532,0.456861,0.359534,0,1,1,0,0
0.25,27.5,0.7,0.6,0.1,0.413906,0.073456,0.165276,0.948951,7.522347,0.37971,9.20513,22.280809,0.290261,0.008071,0.41356,0.954532,0.456861,0.35952,0,1,1,0,0
0.25,27.5,0.7,0.6,0.3,0.413906,0.073456,0.165276,0.948951,7.522347,0.379586,9.20513,22.280809,0.290261,0.008071,0.41356,0.954532,0.456861,0.359403,0,1,1,0,0
0.25,27.5,0.8,0.7,0.0,0.413906,0.073456,0.165276,0.948951,7.522347,0.379725,9.20513,22.280809,0.390261,0.001167,0.41356,0.954532,0.454559,0.362037,0,1,1,0,0
0.25,27.5,0.8,0.7,0.1,0.413906,0.073456,0.165276,0.948951,7.522347,0.379712,9.20513,22.280809,0.390261,0.001167,0.41356,0.954532,0.454559,0.362024,0,1,1,0,0
0.25,27.5,0.8,0.7,0.3,0.413906,0.073456,0.165276,0.948951,7.522347,0.379606,9.20513,22.280809,0.390261,0.001167,0.41356,0.954532,0.454559,0.361923,0,1,1,0,0
0.25,27.5,0.9,0.8,0.0,0.413906,0.073456,0.165276,0.948951,7.522347,0.379725,9.20513,22.280809,0.490261,0.0,0.41356,0.954532,0.45417,0.36246,0,1,1,0,0
0.25,27.5,0.9,0.8,0.1,0.413906,0.073456,0.165276,0.948951,7.522347,0.379714,9.20513,22.280809,0.490261,0.0,0.41356,0.954532,0.45417,0.362449,0,1,1,0,0
0.25,27.5,0.9,0.8,0.3,0.413906,0.073456,0.165276,0.948951,7.522347,0.379621,9.20513,22.280809,0.490261,0.0,0.41356,0.954532,0.45417,0.36236,0,1,1,0,0
0.25,27.5,1.0,0.9,0.0,0.413906,0.073456,0.165276,0.948951,7.522347,0.379725,9.20513,22.280809,0.590261,0.0,0.41356,0.954532,0.45417,0.36246,0,1,1,0,0
0.25,27.5,1.0,0.9,0.1,0.413906,0.073456,0.165276,0.948951,7.522347,0.379715,9.20513,22.280809,0.590261,0.0,0.41356,0.954532,0.45417,0.36245,0,1,1,0,0
0.25,27.5,1.0,0.9,0.3,0.413906,0.073456,0.165276,0.948951,7.522347,0.379633,9.20513,22.280809,0.590261,0.0,0.41356,0.954532,0.45417,0.362371,0,1,1,0,0
0.25,30.0,0.3,0.2,0.0,0.459055,0.073456,0.165276,0.948951,7.522347,0.379725,10.122921,24.438603,-0.154433,0.201976,0.443587,0.939644,0.531505,0.28474,0,1,0,0,0
0.25,30.0,0.3,0.2,0.1,0.459055,0.073456,0.165276,0.948951,7.522347,0.379679,10.122921,24.438603,-0.154433,0.201976,0.443587,0.939644,0.531505,0.284706,0,1,0,0,0
0.25,30.0,0.3,0.2,0.3,0.459055,0.073456,0.165276,0.948951,7.522347,0.379308,10.122921,24.438603,-0.154433,0.201976,0.443587,0.939644,0.531505,0.284428,0,1,0,0,0
0.25,30.0,0.4,0.3,0.0,0.459055,0.073456,0.165276,0.948951,7.522347,0.379725,10.122921,24.438603,-0.054433,0.121855,0.443587,0.939644,0.504798,0.313328,0,1,0,0,0
0.25,30.0,0.4,0.3,0.1,0.459055,0.073456,0.165276,0.948951,7.522347,0.379694,10.122921,24.438603,-0.054433,0.121855,0.443587,0.939644,0.504798,0.313302,0,1,0,0,0
0.25,30.0,0.4,0.3,0.3,0.459055,0.073456,0.165276,0.948951,7.522347,0.379447,10.122921,24.438603,-0.054433,0.121855,0.443587,0.939644,0.504798,0.313099,0,1,0,0,0
0.25,30.0,0.5,0.4,0.0,0.459055,0.073456,0.165276,0.948951,7.522347,0.379725,10.122921,24.438603,0.045567,0.066439,0.443587,0.939644,0.486326,0.333101,0,1,1,0,0
0.25,30.0,0.5,0.4,0.1,0.459055,0.073456,0.165276,0.948951,7.522347,0.379702,10.122921,24.438603,0.045567,0.066439,0.443587,0.939644,0.486326,0.33308,0,1,1,0,0
0.25,30.0,0.5,0.4,0.3,0.459055,0.073456,0.165276,0.948951,7.522347,0.379517,10.122921,24.438603,0.045567,0.066439,0.443587,0.939644,0.486326,0.332918,0,1,1,0,0
0.25,30.0,0.6,0.5,0.0,0.459055,0.073456,0.165276,0.948951,7.522347,0.379725,10.122921,24.438603,0.145567,0.038399,0.443587,0.939644,0.476979,0.343106,0,1,1,0,0
0.25,30.0,0.6,0.5,0.1,0.459055,0.073456,0.165276,0.948951,7.522347,0.379707,10.122921,24.438603,0.145567,0.038399,0.443587,0.939644,0.476979,0.343089,0,1,1,0,0
0.25,30.0,0.6,0.5,0.3,0.459055,0.073456,0.165276,0.948951,7.522347,0.379558,10.122921,24.438603,0.145567,0.038399,0.443587,0.939644,0.476979,0.342955,0,1,1,0,0
0.25,30.0,0.7,0.6,0.0,0.459055,0.073456,0.165276,0.948951,7.522347,0.379725,10.122921,24.438603,0.245567,0.017438,0.443587,0.939644,0.469992,0.350585,0,1,1,0,0
0.25,30.0,0.7,0.6,0.1,0.459055,0.073456,0.165276,0.948951,7.522347,0.37971,10.122921,24.438603,0.245567,0.017438,0.443587,0.939644,0.469992,0.35057,0,1,1,0,0
0.25,30.0,0.7,0.6,0.3,0.459055,0.073456,0.165276,0.948951,7.522347,0.379586,10.122921,24.438603,0.245567,0.017438,0.443587,0.939644,0.469992,0.350456,0,1,1,0,0
0.25,30.0,0.8,0.7,0.0,0.459055,0.073456,0.165276,0.948951,7.522347,0.379725,10.122921,24.438603,0.345567,0.006076,0.443587,0.939644,0.466205,0.354639,0,1,1,0,0
0.25,30.0,0.8,0.7,0.1,0.459055,0.073456,0.165276,0.948951,7.522347,0.379712,10.122921,24.438603,0.345567,0.006076,0.443587,0.939644,0.466205,0.354626,0,1,1,0,0
0.25,30.0,0.8,0.7,0.3,0.459055,0.073456,0.165276,0.948951,7.522347,0.379606,10.122921,24.438603,0.345567,0.006076,0.443587,0.939644,0.466205,0.354528,0,1,1,0,0
0.25,30.0,0.9,0.8,0.0,0.459055,0.073456,0.165276,0.948951,7.522347,0.379725,10.122921,24.438603,0.445567,0.000808,0.443587,0.939644,0.464449,0.356518,0,1,1,0,0
0.25,30.0,0.9,0.8,0.1,0.459055,0.073456,0.165276,0.948951,7.522347,0.379714,10.122921,24.438603,0.445567,0.000808,0.443587,0.939644,0.464449,0.356507,0,1,1,0,0
0.25,30.0,0.9,0.8,0.3,0.459055,0.073456,0.165276,0.948951,7.522347,0.379621,10.122921,24.438603,0.445567,0.000808,0.443587,0.939644,0.464449,0.35642,0,1,1,0,0
0.25,30.0,1.0,0.9,0.0,0.459055,0.073456,0.165276,0.948951,7.522347,0.379725,10.122921,24.438603,0.545567,0.0,0.443587,0.939644,0.464179,0.356807,0,1,1,0,0
0.25,30.0,1.0,0.9,0.1,0.459055,0.073456,0.165276,0.948951,7.522347,0.379715,10.122921,24.438603,0.545567,0.0,0.443587,0.939644,0.464179,0.356797,0,1,1,0,0
0.25,30.0,1.0,0.9,0.3,0.459055,0.073456,0.165276,0.948951,7.522347,0.379633,10.122921,24.438603,0.545567,0.0,0.443587,0.939644,0.464179,0.35672,0,1,1,0,0
0.25,32.5,0.3,0.2,0.0,0.506538,0.073456,0.165276,0.948951,7.522347,0.379725,11.066099,26.630945,-0.201438,0.232064,0.473424,0.924539,0.551479,0.2696,0,1,0,0,0
0.25,32.5,0.3,0.2,0.1,0.506538,0.073456,0.165276,0.948951,7.522347,0.379679,11.066099,26.630945,-0.201438,0.232064,0.473424,0.924539,0.551479,0.269567,0,1,0,0,0
0.25,32.5,0.3,0.2,0.3,0.506538,0.073456,0.165276,0.948951,7.522347,0.379308,11.066099,26.630945,-0.201438,0.232064,0.473424,0.924539,0.551479,0.269304,0,1,0,0,0
0.25,32.5,0.4,0.3,0.0,0.506538,0.073456,0.165276,0.948951,7.522347,0.379725,11.066099,26.630945,-0.101438,0.14849,0.473424,0.924539,0.523622,0.29894,0,1,0,0,0
0.25,32.5,0.4,0.3,0.1,0.506538,0.073456,0.165276,0.948951,7.522347,0.379694,11.066099,26.630945,-0.101438,0.14849,0.473424,0.924539,0.523622,0.298916,0,1,0,0,0
0.25,32.5,0.4,0.3,0.3,0.506538,0.073456,0.165276,0.948951,7.522347,0.379447,11.066099,26.630945,-0.101438,0.14849,0.473424,0.924539,0.523622,0.298721,0,1,0,0,0
0.25,32.5,0.5,0.4,0.0,0.506538,0.073456,0.165276,0.948951,7.522347,0.379725,11.066099,26.630945,-0.001438,0.089013,0.473424,0.924539,0.503796,0.319821,0,1,0,0,0
0.25,32.5,0.5,0.4,0.1,0.506538,0.073456,0.165276,0.948951,7.522347,0.379702,11.066099,26.630945,-0.001438,0.089013,0.473424,0.924539,0.503796,0.319802,0,1,0,0,0
0.25,32.5,0.5,0.4,0.3,0.506538,0.073456,0.165276,0.948951,7.522347,0.379517,11.066099,26.630945,-0.001438,0.089013,0.473424,0.924539,0.503796,0.319646,0,1,0,0,0
0.25,32.5,0.6,0.5,0.0,0.506538,0.073456,0.165276,0.948951,7.522347,0.379725,11.066099,26.630945,0.098562,0.05287,0.473424,0.924539,0.491748,0.33251,0,1,1,0,0
0.25,32.5,0.6,0.5,0.1,0.506538,0.073456,0.165276,0.948951,7.522347,0.379707,11.066099,26.630945,0.098562,0.05287,0.473424,0.924539,0.491748,0.332493,0,1,1,0,0
0.25,32.5,0.6,0.5,0.3,0.506538,0.073456,0.165276,0.948951,7.522347,0.379558,11.066099,26.630945,0.098562,0.05287,0.473424,0.924539,0.491748,0.332364,0,1,1,0,0
0.25,32.5,0.7,0.6,0.0,0.506538,0.073456,0.165276,0.948951,7.522347,0.379725,11.066099,26.630945,0.198562,0.029818,0.473424,0.924539,0.484064,0.340603,0,1,1,0,0
0.25,32.5,0.7,0.6,0.1,0.506538,0.073456,0.165276,0.948951,7.522347,0.37971,11.066099,26.630945,0.198562,0.029818,0.473424,0.924539,0.484064,0.340589,0,1,1,0,0
0.25,32.5,0.7,0.6,0.3,0.506538,0.073456,0.165276,0.948951,7.522347,0.379586,11.066099,26.630945,0.198562,0.029818,0.473424,0.924539,0.484064,0.340478,0,1,1,0,0
0.25,32.5,0.8,0.7,0.0,0.506538,0.073456,0.165276,0.948951,7.522347,0.379725,11.066099,26.630945,0.298562,0.013218,0.473424,0.924539,0.478531,0.34643,0,1,1,0,0
0.25,32.5,0.8,0.7,0.1,0.506538,0.073456,0.165276,0.948951,7.522347,0.379712,11.066099,26.630945,0.298562,0.013218,0.473424,0.924539,0.478531,0.346418,0,1,1,0,0
0.25,32.5,0.8,0.7,0.3,0.506538,0.073456,0.165276,0.948951,7.522347,0.379606,11.066099,26.630945,0.298562,0.013218,0.473424,0.924539,0.478531,0.346322,0,1,1,0,0
0.25,32.5,0.9,0.8,0.0,0.506538,0.073456,0.165276,0.948951,7.522347,0.379725,11.066099,26.630945,0.398562,0.004757,0.473424,0.924539,0.47571,0.349401,0,1,1,0,0
0.25,32.5,0.9,0.8,0.1,0.506538,0.073456,0.165276,0.948951,7.522347,0.379714,11.066099,26.630945,0.398562,0.004757,0.473424,0.924539,0.47571,0.34939,0,1,1,0,0
0.25,32.5,0.9,0.8,0.3,0.506538,0.073456,0.165276,0.948951,7.522347,0.379621,11.066099,26.630945,0.398562,0.004757,0.473424,0.924539,0.47571,0.349305,0,1,1,0,0
0.25,32.5,1.0,0.9,0.0,0.506538,0.073456,0.165276,0.948951,7.522347,0.379725,11.066099,26.630945,0.498562,0.000632,0.473424,0.924539,0.474336,0.350849,0,1,1,0,0
0.25,32.5,1.0,0.9,0.1,0.506538,0.073456,0.165276,0.948951,7.522347,0.379715,11.066099,26.630945,0.498562,0.000632,0.473424,0.924539,0.474336,0.350839,0,1,1,0,0
0.25,32.5,1.0,0.9,0.3,0.506538,0.073456,0.165276,0.948951,7.522347,0.379633,11.066099,26.630945,0.498562,0.000632,0.473424,0.924539,0.474336,0.350763,0,1,1,0,0
0.25,35.0,0.3,0.2,0.0,0.556739,0.073456,0.165276,0.948951,7.522347,0.379725,12.038659,28.860644,-0.251134,0.262501,0.502452,0.908434,0.571301,0.254404,0,1,0,0,0
0.25,35.0,0.3,0.2,0.1,0.556739,0.073456,0.165276,0.948951,7.522347,0.379679,12.038659,28.860644,-0.251134,0.262501,0.502452,0.908434,0.571301,0.254373,0,1,0,0,0
0.25,35.0,0.3,0.2,0.3,0.556739,0.073456,0.165276,0.948951,7.522347,0.379308,12.038659,28.860644,-0.251134,0.262501,0.502452,0.908434,0.571301,0.254125,0,1,0,0,0
0.25,35.0,0.4,0.3,0.0,0.556739,0.073456,0.165276,0.948951,7.522347,0.379725,12.038659,28.860644,-0.151134,0.174398,0.502452,0.908434,0.541934,0.284796,0,1,0,0,0
0.25,35.0,0.4,0.3,0.1,0.556739,0.073456,0.165276,0.948951,7.522347,0.379694,12.038659,28.860644,-0.151134,0.174398,0.502452,0.908434,0.541934,0.284773,0,1,0,0,0
0.25,35.0,0.4,0.3,0.3,0.556739,0.073456,0.165276,0.948951,7.522347,0.379447,12.038659,28.860644,-0.151134,0.174398,0.502452,0.908434,0.541934,0.284587,0,1,0,0,0
0.25,35.0,0.5,0.4,0.0,0.556739,0.073456,0.165276,0.948951,7.522347,0.379725,12.038659,28.860644,-0.051134,0.113917,0.502452,0.908434,0.521774,0.305659,0,1,0,0,0
0.25,35.0,0.5,0.4,0.1,0.556739,0.073456,0.165276,0.948951,7.522347,0.379702,12.038659,28.860644,-0.051134,0.113917,0.502452,0.908434,0.521774,0.30564,0,1,0,0,0
0.25,35.0,0.5,0.4,0.3,0.556739,0.073456,0.165276,0.948951,7.522347,0.379517,12.038659,28.860644,-0.051134,0.113917,0.502452,0.908434,0.521774,0.305491,0,1,0,0,0
0.25,35.0,0.6,0.5,0.0,0.556739,0.073456,0.165276,0.948951,7.522347,0.379725,12.038659,28.860644,0.048866,0.068813,0.502452,0.908434,0.506739,0.321218,0,1,1,0,0
0.25,35.0,0.6,0.5,0.1,0.556739,0.073456,0.165276,0.948951,7.522347,0.379707,12.038659,28.860644,0.048866,0.068813,0.502452,0.908434,0.506739,0.321202,0,1,1,0,0
0.25,35.0,0.6,0.5,0.3,0.556739,0.073456,0.165276,0.948951,7.522347,0.379558,12.038659,28.860644,0.048866,0.068813,0.502452,0.908434,0.506739,0.321077,0,1,1,0,0
0.25,35.0,0.7,0.6,0.0,0.556739,0.073456,0.165276,0.948951,7.522347,0.379725,12.038659,28.860644,0.148866,0.044176,0.502452,0.908434,0.498526,0.329717,0,1,1,0,0
0.25,35.0,0.7,0.6,0.1,0.556739,0.073456,0.165276,0.948951,7.522347,0.37971,12.038659,28.860644,0.148866,0.044176,0.502452,0.908434,0.498526,0.329703,0,1,1,0,0
0.25,35.0,0.7,0.6,0.3,0.556739,0.073456,0.165276,0.948951,7.522347,0.379586,12.038659,28.860644,0.148866,0.044176,0.502452,0.908434,0.498526,0.329596,0,1,1,0,0
0.25,35.0,0.8,0.7,0.0,0.556739,0.073456,0.165276,0.948951,7.522347,0.379725,12.038659,28.860644,0.248866,0.024297,0.502452,0.908434,0.4919,0.336574,0,1,1,0,0
0.25,35.0,0.8,0.7,0.1,0.556739,0.073456,0.165276,0.948951,7.522347,0.379712,12.038659,28.860644,0.248866,0.024297,0.502452,0.908434,0.4919,0.336562,0,1,1,0,0
0.25,35.0,0.8,0.7,0.3,0.556739,0.073456,0.165276,0.948951,7.522347,0.379606,12.038659,28.860644,0.248866,0.024297,0.502452,0.908434,0.4919,0.336468,0,1,1,0,0
0.25,35.0,0.9,0.8,0.0,0.556739,0.073456,0.165276,0.948951,7.522347,0.379725,12.038659,28.860644,0.348866,0.011025,0.502452,0.908434,0.487476,0.341152,0,1,1,0,0
0.25,35.0,0.9,0.8,0.1,0.556739,0.073456,0.165276,0.948951,7.522347,0.379714,12.038659,28.860644,0.348866,0.011025,0.502452,0.908434,0.487476,0.341142,0,1,1,0,0
0.25,35.0,0.9,0.8,0.3,0.556739,0.073456,0.165276,0.948951,7.522347,0.379621,12.038659,28.860644,0.348866,0.011025,0.502452,0.908434,0.487476,0.341059,0,1,1,0,0
0.25,35.0,1.0,0.9,0.0,0.556739,0.073456,0.165276,0.948951,7.522347,0.379725,12.038659,28.860644,0.448866,0.004005,0.502452,0.908434,0.485136,0.343574,0,1,1,0,0
0.25,35.0,1.0,0.9,0.1,0.556739,0.073456,0.165276,0.948951,7.522347,0.379715,12.038659,28.860644,0.448866,0.004005,0.502452,0.908434,0.485136,0.343564,0,1,1,0,0
0.25,35.0,1.0,0.9,0.3,0.556739,0.073456,0.165276,0.948951,7.522347,0.379633,12.038659,28.860644,0.448866,0.004005,0.502452,0.908434,0.485136,0.34349,0,1,1,0,0
0.3,5.0,0.3,0.2,0.0,0.069563,0.088147,0.198332,0.971843,6.268623,0.32854,1.613854,3.939305,0.231138,0.0,0.080477,1.0,0.350774,0.32854,1,1,1,1,0
0.3,5.0,0.3,0.2,0.1,0.069563,0.088147,0.198332,0.971843,6.268623,0.328491,1.613854,3.939305,0.231138,0.0,0.080477,1.0,0.350774,0.328491,1,1,1,1,0
0.3,5.0,0.3,0.2,0.3,0.069563,0.088147,0.198332,0.971843,6.268623,0.328107,1.613854,3.939305,0.231138,0.0,0.080477,1.0,0.350774,0.328107,1,1,1,1,0
0.3,5.0,0.4,0.3,0.0,0.069563,0.088147,0.198332,0.971843,6.268623,0.32854,1.613854,3.939305,0.331138,0.0,0.080477,1.0,0.350774,0.32854,1,1,1,1,0
0.3,5.0,0.4,0.3,0.1,0.069563,0.088147,0.198332,0.971843,6.268623,0.328507,1.613854,3.939305,0.331138,0.0,0.080477,1.0,0.350774,0.328507,1,1,1,1,0
0.3,5.0,0.4,0.3,0.3,0.069563,0.088147,0.198332,0.971843,6.268623,0.328251,1.613854,3.939305,0.331138,0.0,0.080477,1.0,0.350774,0.328251,1,1,1,1,0
0.3,5.0,0.5,0.4,0.0,0.069563,0.088147,0.198332,0.971843,6.268623,0.32854,1.613854,3.939305,0.431138,0.0,0.080477,1.0,0.350774,0.32854,1,1,1,1,0
0.3,5.0,0.5,0.4,0.1,0.069563,0.088147,0.198332,0.971843,6.268623,0.328515,1.613854,3.939305,0.431138,0.0,0.080477,1.0,0.350774,0.328515,1,1,1,1,0
0.3,5.0,0.5,0.4,0.3,0.069563,0.088147,0.198332,0.971843,6.268623,0.328323,1.613854,3.939305,0.431138,0.0,0.080477,1.0,0.350774,0.328323,1,1,1,1,0
0.3,5.0,0.6,0.5,0.0,0.069563,0.088147,0.198332,0.971843,6.268623,0.32854,1.613854,3.939305,0.531138,0.0,0.080477,1.0,0.350774,0.32854,1,1,1,1,0
0.3,5.0,0.6,0.5,0.1,0.069563,0.088147,0.198332,0.971843,6.268623,0.32852,1.613854,3.939305,0.531138,0.0,0.080477,1.0,0.350774,0.32852,1,1,1,1,0
0.3,5.0,0.6,0.5,0.3,0.069563,0.088147,0.198332,0.971843,6.268623,0.328366,1.613854,3.939305,0.531138,0.0,0.080477,1.0,0.350774,0.328366,1,1,1,1,0
0.3,5.0,0.7,0.6,0.0,0.069563,0.088147,0.198332,0.971843,6.268623,0.32854,1.613854,3.939305,0.631138,0.0,0.080477,1.0,0.350774,0.32854,1,1,1,1,0
0.3,5.0,0.7,0.6,0.1,0.069563,0.088147,0.198332,0.971843,6.268623,0.328524,1.613854,3.939305,0.631138,0.0,0.080477,1.0,0.350774,0.328524,1,1,1,1,0
0.3,5.0,0.7,0.6,0.3,0.069563,0.088147,0.198332,0.971843,6.268623,0.328395,1.613854,3.939305,0.631138,0.0,0.080477,1.0,0.350774,0.328395,1,1,1,1,0
0.3,5.0,0.8,0.7,0.0,0.069563,0.088147,0.198332,0.971843,6.268623,0.32854,1.613854,3.939305,0.731138,0.0,0.080477,1.0,0.350774,0.32854,1,1,1,1,0
0.3,5.0,0.8,0.7,0.1,0.069563,0.088147,0.198332,0.971843,6.268623,0.328526,1.613854,3.939305,0.731138,0.0,0.080477,1.0,0.350774,0.328526,1,1,1,1,0
0.3,5.0,0.8,0.7,0.3,0.069563,0.088147,0.198332,0.971843,6.268623,0.328416,1.613854,3.939305,0.731138,0.0,0.080477,1.0,0.350774,0.328416,1,1,1,1,0
0.3,5.0,0.9,0.8,0.0,0.069563,0.088147,0.198332,0.971843,6.268623,0.32854,1.613854,3.939305,0.831138,0.0,0.080477,1.0,0.350774,0.32854,1,1,1,1,0
0.3,5.0,0.9,0.8,0.1,0.069563,0.088147,0.198332,0.971843,6.268623,0.328528,1.613854,3.939305,0.831138,0.0,0.080477,1.0,0.350774,0.328528,1,1,1,1,0
0.3,5.0,0.9,0.8,0.3,0.069563,0.088147,0.198332,0.971843,6.268623,0.328431,1.613854,3.939305,0.831138,0.0,0.080477,1.0,0.350774,0.328431,1,1,1,1,0
0.3,5.0,1.0,0.9,0.0,0.069563,0.088147,0.198332,0.971843,6.268623,0.32854,1.613854,3.939305,0.931138,0.0,0.080477,1.0,0.350774,0.32854,1,1,1,1,0
0.3,5.0,1.0,0.9,0.1,0.069563,0.088147,0.198332,0.971843,6.268623,0.328529,1.613854,3.939305,0.931138,0.0,0.080477,1.0,0.350774,0.328529,1,1,1,1,0
0.3,5.0,1.0,0.9,0.3,0.069563,0.088147,0.198332,0.971843,6.268623,0.328443,1.613854,3.939305,0.931138,0.0,0.080477,1.0,0.350774,0.328443,1,1,1,1,0
0.3,7.5,0.3,0.2,0.0,0.104678,0.088147,0.198332,0.971843,6.268623,0.32854,2.424156,5.916089,0.196376,0.0,0.120884,1.0,0.364243,0.32854,1,1,1,1,0
0.3,7.5,0.3,0.2,0.1,0.104678,0.088147,0.198332,0.971843,6.268623,0.328491,2.424156,5.916089,0.196376,0.0,0.120884,1.0,0.364243,0.328491,1,1,1,1,0
0.3,7.5,0.3,0.2,0.3,0.104678,0.088147,0.198332,0.971843,6.268623,0.328107,2.424156,5.916089,0.196376,0.0,0.120884,1.0,0.364243,0.328107,1,1,1,1,0
0.3,7.5,0.4,0.3,0.0,0.104678,0.088147,0.198332,0.971843,6.268623,0.32854,2.424156,5.916089,0.296376,0.0,0.120884,1.0,0.364243,0.32854,1,1,1,1,0
0.3,7.5,0.4,0.3,0.1,0.104678,0.088147,0.198332,0.971843,6.268623,0.328507,2.424156,5.916089,0.296376,0.0,0.120884,1.0,0.364243,0.328507,1,1,1,1,0
0.3,7.5,0.4,0.3,0.3,0.104678,0.088147,0.198332,0.971843,6.268623,0.328251,2.424156,5.916089,0.296376,0.0,0.120884,1.0,0.364243,0.328251,1,1,1,1,0
0.3,7.5,0.5,0.4,0.0,0.104678,0.088147,0.198332,0.971843,6.268623,0.32854,2.424156,5.916089,0.396376,0.0,0.120884,1.0,0.364243,0.32854,1,1,1,1,0
0.3,7.5,0.5,0.4,0.1,0.104678,0.088147,0.198332,0.971843,6.268623,0.328515,2.424156,5.916089,0.396376,0.0,0.120884,1.0,0.364243,0.328515,1,1,1,1,0
0.3,7.5,0.5,0.4,0.3,0.104678,0.088147,0.198332,0.971843,6.268623,0.328323,2.424156,5.916089,0.396376,0.0,0.120884,1.0,0.364243,0.328323,1,1,1,1,0
0.3,7.5,0.6,0.5,0.0,0.104678,0.088147,0.198332,0.971843,6.268623,0.32854,2.424156,5.916089,0.496376,0.0,0.120884,1.0,0.364243,0.32854,1,1,1,1,0
0.3,7.5,0.6,0.5,0.1,0.104678,0.088147,0.198332,0.971843,6.268623,0.32852,2.424156,5.916089,0.496376,0.0,0.120884,1.0,0.364243,0.32852,1,1,1,1,0
0.3,7.5,0.6,0.5,0.3,0.104678,0.088147,0.198332,0.971843,6.268623,0.328366,2.424156,5.916089,0.496376,0.0,0.120884,1.0,0.364243,0.328366,1,1,1,1,0
0.3,7.5,0.7,0.6,0.0,0.104678,0.088147,0.198332,0.971843,6.268623,0.32854,2.424156,5.916089,0.596376,0.0,0.120884,1.0,0.364243,0.32854,1,1,1,1,0
0.3,7.5,0.7,0.6,0.1,0.104678,0.088147,0.198332,0.971843,6.268623,0.328524,2.424156,5.916089,0.596376,0.0,0.120884,1.0,0.364243,0.328524,1,1,1,1,0
0.3,7.5,0.7,0.6,0.3,0.104678,0.088147,0.198332,0.971843,6.268623,0.328395,2.424156,5.916089,0.596376,0.0,0.120884,1.0,0.364243,0.328395,1,1,1,1,0
0.3,7.5,0.8,0.7,0.0,0.104678,0.088147,0.198332,0.971843,6.268623,0.32854,2.424156,5.916089,0.696376,0.0,0.120884,1.0,0.364243,0.32854,1,1,1,1,0
0.3,7.5,0.8,0.7,0.1,0.104678,0.088147,0.198332,0.971843,6.268623,0.328526,2.424156,5.916089,0.696376,0.0,0.120884,1.0,0.364243,0.328526,1,1,1,1,0
0.3,7.5,0.8,0.7,0.3,0.104678,0.088147,0.198332,0.971843,6.268623,0.328416,2.424156,5.916089,0.696376,0.0,0.120884,1.0,0.364243,0.328416,1,1,1,1,0
0.3,7.5,0.9,0.8,0.0,0.104678,0.088147,0.198332,0.971843,6.268623,0.32854,2.424156,5.916089,0.796376,0.0,0.120884,1.0,0.364243,0.32854,1,1,1,1,0
0.3,7.5,0.9,0.8,0.1,0.104678,0.088147,0.198332,0.971843,6.268623,0.328528,2.424156,5.916089,0.796376,0.0,0.120884,1.0,0.364243,0.328528,1,1,1,1,0
0.3,7.5,0.9,0.8,0.3,0.104678,0.088147,0.198332,0.971843,6.268623,0.328431,2.424156,5.916089,0.796376,0.0,0.120884,1.0,0.364243,0.328431,1,1,1,1,0
0.3,7.5,1.0,0.9,0.0,0.104678,0.088147,0.198332,0.971843,6.268623,0.32854,2.424156,5.916089,0.896376,0.0,0.120884,1.0,0.364243,0.32854,1,1,1,1,0
0.3,7.5,1.0,0.9,0.1,0.104678,0.088147,0.198332,0.971843,6.268623,0.328529,2.424156,5.916089,0.896376,0.0,0.120884,1.0,0.364243,0.328529,1,1,1,1,0
0.3,7.5,1.0,0.9,0.3,0.104678,0.088147,0.198332,0.971843,6.268623,0.328443,2.424156,5.916089,0.896376,0.0,0.120884,1.0,0.364243,0.328443,1,1,1,1,0
0.3,10.0,0.3,0.2,0.0,0.140199,0.088147,0.198332,0.971843,6.268623,0.32854,3.238603,7.90144,0.161213,0.0,0.161498,1.0,0.37778,0.32854,1,1,1,1,0
0.3,10.0,0.3,0.2,0.1,0.140199,0.088147,0.198332,0.971843,6.268623,0.328491,3.238603,7.90144,0.161213,0.0,0.161498,1.0,0.37778,0.328491,1,1,1,1,0
0.3,10.0,0.3,0.2,0.3,0.140199,0.088147,0.198332,0.971843,6.268623,0.328107,3.238603,7.90144,0.161213,0.0,0.161498,1.0,0.37778,0.328107,1,1,1,1,0
0.3,10.0,0.4,0.3,0.0,0.140199,0.088147,0.198332,0.971843,6.268623,0.32854,3.238603,7.90144,0.261213,0.0,0.161498,1.0,0.37778,0.32854,1,1,1,1,0
0.3,10.0,0.4,0.3,0.1,0.140199,0.088147,0.198332,0.971843,6.268623,0.328507,3.238603,7.90144,0.261213,0.0,0.161498,1.0,0.37778,0.328507,1,1,1,1,0
0.3,10.0,0.4,0.3,0.3,0.140199,0.088147,0.198332,0.971843,6.268623,0.328251,3.238603,7.90144,0.261213,0.0,0.161498,1.0,0.37778,0.328251,1,1,1,1,0
0.3,10.0,0.5,0.4,0.0,0.140199,0.088147,0.198332,0.971843,6.268623,0.32854,3.238603,7.90144,0.361213,0.0,0.161498,1.0,0.37778,0.32854,1,1,1,1,0
0.3,10.0,0.5,0.4,0.1,0.140199,0.088147,0.198332,0.971843,6.268623,0.328515,3.238603,7.90144,0.361213,0.0,0.161498,1.0,0.37778,0.328515,1,1,1,1,0
0.3,10.0,0.5,0.4,0.3,0.140199,0.088147,0.198332,0.971843,6.268623,0.328323,3.238603,7.90144,0.361213,0.0,0.161498,1.0,0.37778,0.328323,1,1,1,1,0
0.3,10.0,0.6,0.5,0.0,0.140199,0.088147,0.198332,0.971843,6.268623,0.32854,3.238603,7.90144,0.461213,0.0,0.161498,1.0,0.37778,0.32854,1,1,1,1,0
0.3,10.0,0.6,0.5,0.1,0.140199,0.088147,0.198332,0.971843,6.268623,0.32852,3.238603,7.90144,0.461213,0.0,0.161498,1.0,0.37778,0.32852,1,1,1,1,0
0.3,10.0,0.6,0.5,0.3,0.140199,0.088147,0.198332,0.971843,6.268623,0.328366,3.238603,7.90144,0.461213,0.0,0.161498,1.0,0.37778,0.328366,1,1,1,1,0
0.3,10.0,0.7,0.6,0.0,0.140199,0.088147,0.198332,0.971843,6.268623,0.32854,3.238603,7.90144,0.561213,0.0,0.161498,1.0,0.37778,0.32854,1,1,1,1,0
0.3,10.0,0.7,0.6,0.1,0.140199,0.088147,0.198332,0.971843,6.268623,0.328524,3.238603,7.90144,0.561213,0.0,0.161498,1.0,0.37778,0.328524,1,1,1,1,0
0.3,10.0,0.7,0.6,0.3,0.140199,0.088147,0.198332,0.971843,6.268623,0.328395,3.238603,7.90144,0.561213,0.0,0.161498,1.0,0.37778,0.328395,1,1,1,1,0
0.3,10.0,0.8,0.7,0.0,0.140199,0.088147,0.198332,0.971843,6.268623,0.32854,3.238603,7.90144,0.661213,0.0,0.161498,1.0,0.37778,0.32854,1,1,1,1,0
0.3,10.0,0.8,0.7,0.1,0.140199,0.088147,0.198332,0.971843,6.268623,0.328526,3.238603,7.90144,0.661213,0.0,0.161498,1.0,0.37778,0.328526,1,1,1,1,0
0.3,10.0,0.8,0.7,0.3,0.140199,0.088147,0.198332,0.971843,6.268623,0.328416,3.238603,7.90144,0.661213,0.0,0.161498,1.0,0.37778,0.328416,1,1,1,1,0
0.3,10.0,0.9,0.8,0.0,0.140199,0.088147,0.198332,0.971843,6.268623,0.32854,3.238603,7.90144,0.761213,0.0,0.161498,1.0,0.37778,0.32854,1,1,1,1,0
0.3,10.0,0.9,0.8,0.1,0.140199,0.088147,0.198332,0.971843,6.268623,0.328528,3.238603,7.90144,0.761213,0.0,0.161498,1.0,0.37778,0.328528,1,1,1,1,0
0.3,10.0,0.9,0.8,0.3,0.140199,0.088147,0.198332,0.971843,6.268623,0.328431,3.238603,7.90144,0.761213,0.0,0.161498,1.0,0.37778,0.328431,1,1,1,1,0
0.3,10.0,1.0,0.9,0.0,0.140199,0.088147,0.198332,0.971843,6.268623,0.32854,3.238603,7.90144,0.861213,0.0,0.161498,1.0,0.37778,0.32854,1,1,1,1,0
0.3,10.0,1.0,0.9,0.1,0.140199,0.088147,0.198332,0.971843,6.268623,0.328529,3.238603,7.90144,0.861213,0.0,0.161498,1.0,0.37778,0.328529,1,1,1,1,0
0.3,10.0,1.0,0.9,0.3,0.140199,0.088147,0.198332,0.971843,6.268623,0.328443,3.238603,7.90144,0.861213,0.0,0.161498,1.0,0.37778,0.328443,1,1,1,1,0
0.3,12.5,0.3,0.2,0.0,0.176271,0.088147,0.198332,0.971843,6.268623,0.32854,4.058731,9.898225,0.125504,0.007655,0.202395,1.0,0.393965,0.326024,1,1,1,1,0
0.3,12.5,0.3,0.2,0.1,0.176271,0.088147,0.198332,0.971843,6.268623,0.328491,4.058731,9.898225,0.125504,0.007655,0.202395,1.0,0.393965,0.325977,1,1,1,1,0
0.3,12.5,0.3,0.2,0.3,0.176271,0.088147,0.198332,0.971843,6.268623,0.328107,4.058731,9.898225,0.125504,0.007655,0.202395,1.0,0.393965,0.325595,1,1,1,1,0
0.3,12.5,0.4,0.3,0.0,0.176271,0.088147,0.198332,0.971843,6.268623,0.32854,4.058731,9.898225,0.225504,0.0,0.202395,1.0,0.391413,0.32854,1,1,1,1,0
0.3,12.5,0.4,0.3,0.1,0.176271,0.088147,0.198332,0.971843,6.268623,0.328507,4.058731,9.898225,0.225504,0.0,0.202395,1.0,0.391413,0.328507,1,1,1,1,0
0.3,12.5,0.4,0.3,0.3,0.176271,0.088147,0.198332,0.971843,6.268623,0.328251,4.058731,9.898225,0.225504,0.0,0.202395,1.0,0.391413,0.328251,1,1,1,1,0
0.3,12.5,0.5,0.4,0.0,0.176271,0.088147,0.198332,0.971843,6.268623,0.32854,4.058731,9.898225,0.325504,0.0,0.202395,1.0,0.391413,0.32854,1,1,1,1,0
0.3,12.5,0.5,0.4,0.1,0.176271,0.088147,0.198332,0.971843,6.268623,0.328515,4.058731,9.898225,0.325504,0.0,0.202395,1.0,0.391413,0.328515,1,1,1,1,0
0.3,12.5,0.5,0.4,0.3,0.176271,0.088147,0.198332,0.971843,6.268623,0.328323,4.058731,9.898225,0.325504,0.0,0.202395,1.0,0.391413,0.328323,1,1,1,1,0
0.3,12.5,0.6,0.5,0.0,0.176271,0.088147,0.198332,0.971843,6.268623,0.32854,4.058731,9.898225,0.425504,0.0,0.202395,1.0,0.391413,0.32854,1,1,1,1,0
0.3,12.5,0.6,0.5,0.1,0.176271,0.088147,0.198332,0.971843,6.268623,0.32852,4.058731,9.898225,0.425504,0.0,0.202395,1.0,0.391413,0.32852,1,1,1,1,0
0.3,12.5,0.6,0.5,0.3,0.176271,0.088147,0.198332,0.971843,6.268623,0.328366,4.058731,9.898225,0.425504,0.0,0.202395,1.0,0.391413,0.328366,1,1,1,1,0
0.3,12.5,0.7,0.6,0.0,0.176271,0.088147,0.198332,0.971843,6.268623,0.32854,4.058731,9.898225,0.525504,0.0,0.202395,1.0,0.391413,0.32854,1,1,1,1,0
0.3,12.5,0.7,0.6,0.1,0.176271,0.088147,0.198332,0.971843,6.268623,0.328524,4.058731,9.898225,0.525504,0.0,0.202395,1.0,0.391413,0.328524,1,1,1,1,0
0.3,12.5,0.7,0.6,0.3,0.176271,0.088147,0.198332,0.971843,6.268623,0.328395,4.058731,9.898225,0.525504,0.0,0.202395,1.0,0.391413,0.328395,1,1,1,1,0
0.3,12.5,0.8,0.7,0.0,0.176271,0.088147,0.198332,0.971843,6.268623,0.32854,4.058731,9.898225,0.625504,0.0,0.202395,1.0,0.391413,0.32854,1,1,1,1,0
0.3,12.5,0.8,0.7,0.1,0.176271,0.088147,0.198332,0.971843,6.268623,0.328526,4.058731,9.898225,0.625504,0.0,0.202395,1.0,0.391413,0.328526,1,1,1,1,0
0.3,12.5,0.8,0.7,0.3,0.176271,0.088147,0.198332,0.971843,6.268623,0.328416,4.058731,9.898225,0.625504,0.0,0.202395,1.0,0.391413,0.328416,1,1,1,1,0
0.3,12.5,0.9,0.8,0.0,0.176271,0.088147,0.198332,0.971843,6.268623,0.32854,4.058731,9.898225,0.725504,0.0,0.202395,1.0,0.391413,0.32854,1,1,1,1,0
0.3,12.5,0.9,0.8,0.1,0.176271,0.088147,0.198332,0.971843,6.268623,0.328528,4.058731,9.898225,0.725504,0.0,0.202395,1.0,0.391413,0.328528,1,1,1,1,0
0.3,12.5,0.9,0.8,0.3,0.176271,0.088147,0.198332,0.971843,6.268623,0.328431,4.058731,9.898225,0.725504,0.0,0.202395,1.0,0.391413,0.328431,1,1,1,1,0
0.3,12.5,1.0,0.9,0.0,0.176271,0.088147,0.198332,0.971843,6.268623,0.32854,4.058731,9.898225,0.825504,0.0,0.202395,1.0,0.391413,0.32854,1,1,1,1,0
0.3,12.5,1.0,0.9,0.1,0.176271,0.088147,0.198332,0.971843,6.268623,0.328529,4.058731,9.898225,0.825504,0.0,0.202395,1.0,0.391413,0.328529,1,1,1,1,0
0.3,12.5,1.0,0.9,0.3,0.176271,0.088147,0.198332,0.971843,6.268623,0.328443,4.058731,9.898225,0.825504,0.0,0.202395,1.0,0.391413,0.328443,1,1,1,1,0
0.3,15.0,0.3,0.2,0.0,0.213048,0.088147,0.198332,0.971843,6.268623,0.32854,4.886207,11.909322,0.089097,0.027111,0.242113,0.998454,0.413689,0.319138,1,1,1,1,0
0.3,15.0,0.3,0.2,0.1,0.213048,0.088147,0.198332,0.971843,6.268623,0.328491,4.886207,11.909322,0.089097,0.027111,0.242113,0.998454,0.413689,0.319092,1,1,1,1,0
0.3,15.0,0.3,0.2,0.3,0.213048,0.088147,0.198332,0.971843,6.268623,0.328107,4.886207,11.909322,0.089097,0.027111,0.242113,0.998454,0.413689,0.318718,1,1,1,1,0
0.3,15.0,0.4,0.3,0.0,0.213048,0.088147,0.198332,0.971843,6.268623,0.32854,4.886207,11.909322,0.189097,0.001881,0.242113,0.998454,0.405279,0.327415,1,1,1,1,0
0.3,15.0,0.4,0.3,0.1,0.213048,0.088147,0.198332,0.971843,6.268623,0.328507,4.886207,11.909322,0.189097,0.001881,0.242113,0.998454,0.405279,0.327383,1,1,1,1,0
0.3,15.0,0.4,0.3,0.3,0.213048,0.088147,0.198332,0.971843,6.268623,0.328251,4.886207,11.909322,0.189097,0.001881,0.242113,0.998454,0.405279,0.327127,1,1,1,1,0
0.3,15.0,0.5,0.4,0.0,0.213048,0.088147,0.198332,0.971843,6.268623,0.32854,4.886207,11.909322,0.289097,0.0,0.242113,0.998454,0.404652,0.328032,1,1,1,1,0
0.3,15.0,0.5,0.4,0.1,0.213048,0.088147,0.198332,0.971843,6.268623,0.328515,4.886207,11.909322,0.289097,0.0,0.242113,0.998454,0.404652,0.328008,1,1,1,1,0
0.3,15.0,0.5,0.4,0.3,0.213048,0.088147,0.198332,0.971843,6.268623,0.328323,4.886207,11.909322,0.289097,0.0,0.242113,0.998454,0.404652,0.327816,1,1,1,1,0
0.3,15.0,0.6,0.5,0.0,0.213048,0.088147,0.198332,0.971843,6.268623,0.32854,4.886207,11.909322,0.389097,0.0,0.242113,0.998454,0.404652,0.328032,1,1,1,1,0
0.3,15.0,0.6,0.5,0.1,0.213048,0.088147,0.198332,0.971843,6.268623,0.32852,4.886207,11.909322,0.389097,0.0,0.242113,0.998454,0.404652,0.328013,1,1,1,1,0
0.3,15.0,0.6,0.5,0.3,0.213048,0.088147,0.198332,0.971843,6.268623,0.328366,4.886207,11.909322,0.389097,0.0,0.242113,0.998454,0.404652,0.327859,1,1,1,1,0
0.3,15.0,0.7,0.6,0.0,0.213048,0.088147,0.198332,0.971843,6.268623,0.32854,4.886207,11.909322,0.489097,0.0,0.242113,0.998454,0.404652,0.328032,1,1,1,1,0
0.3,15.0,0.7,0.6,0.1,0.213048,0.088147,0.198332,0.971843,6.268623,0.328524,4.886207,11.909322,0.489097,0.0,0.242113,0.998454,0.404652,0.328016,1,1,1,1,0
0.3,15.0,0.7,0.6,0.3,0.213048,0.088147,0.198332,0.971843,6.268623,0.328395,4.886207,11.909322,0.489097,0.0,0.242113,0.998454,0.404652,0.327888,1,1,1,1,0
0.3,15.0,0.8,0.7,0.0,0.213048,0.088147,0.198332,0.971843,6.268623,0.32854,4.886207,11.909322,0.589097,0.0,0.242113,0.998454,0.404652,0.328032,1,1,1,1,0
0.3,15.0,0.8,0.7,0.1,0.213048,0.088147,0.198332,0.971843,6.268623,0.328526,4.886207,11.909322,0.589097,0.0,0.242113,0.998454,0.404652,0.328018,1,1,1,1,0
0.3,15.0,0.8,0.7,0.3,0.213048,0.088147,0.198332,0.971843,6.268623,0.328416,4.886207,11.909322,0.589097,0.0,0.242113,0.998454,0.404652,0.327908,1,1,1,1,0
0.3,15.0,0.9,0.8,0.0,0.213048,0.088147,0.198332,0.971843,6.268623,0.32854,4.886207,11.909322,0.689097,0.0,0.242113,0.998454,0.404652,0.328032,1,1,1,1,0
0.3,15.0,0.9,0.8,0.1,0.213048,0.088147,0.198332,0.971843,6.268623,0.328528,4.886207,11.909322,0.689097,0.0,0.242113,0.998454,0.404652,0.32802,1,1,1,1,0
0.3,15.0,0.9,0.8,0.3,0.213048,0.088147,0.198332,0.971843,6.268623,0.328431,4.886207,11.909322,0.689097,0.0,0.242113,0.998454,0.404652,0.327924,1,1,1,1,0
0.3,15.0,1.0,0.9,0.0,0.213048,0.088147,0.198332,0.971843,6.268623,0.32854,4.886207,11.909322,0.789097,0.0,0.242113,0.998454,0.404652,0.328032,1,1,1,1,0
0.3,15.0,1.0,0.9,0.1,0.213048,0.088147,0.198332,0.971843,6.268623,0.328529,4.886207,11.909322,0.789097,0.0,0.242113,0.998454,0.404652,0.328021,1,1,1,1,0
0.3,15.0,1.0,0.9,0.3,0.213048,0.088147,0.198332,0.971843,6.268623,0.328443,4.886207,11.909322,0.789097,0.0,0.242113,0.998454,0.404652,0.327936,1,1,1,1,0
0.3,17.5,0.3,0.2,0.0,0.250696,0.088147,0.198332,0.971843,6.268623,0.32854,5.722859,13.937619,0.051828,0.0513,0.279733,0.994354,0.434292,0.309925,1,1,1,1,0
0.3,17.5,0.3,0.2,0.1,0.250696,0.088147,0.198332,0.971843,6.268623,0.328491,5.722859,13.937619,0.051828,0.0513,0.279733,0.994354,0.434292,0.30988,1,1,1,1,0
0.3,17.5,0.3,0.2,0.3,0.250696,0.088147,0.198332,0.971843,6.268623,0.328107,5.722859,13.937619,0.051828,0.0513,0.279733,0.994354,0.434292,0.309517,1,1,1,1,0
0.3,17.5,0.4,0.3,0.0,0.250696,0.088147,0.198332,0.971843,6.268623,0.32854,5.722859,13.937619,0.151828,0.01211,0.279733,0.994354,0.421229,0.322729,1,1,1,1,0
0.3,17.5,0.4,0.3,0.1,0.250696,0.088147,0.198332,0.971843,6.268623,0.328507,5.722859,13.937619,0.151828,0.01211,0.279733,0.994354,0.421229,0.322697,1,1,1,1,0
0.3,17.5,0.4,0.3,0.3,0.250696,0.088147,0.198332,0.971843,6.268623,0.328251,5.722859,13.937619,0.151828,0.01211,0.279733,0.994354,0.421229,0.322445,1,1,1,1,0
0.3,17.5,0.5,0.4,0.0,0.250696,0.088147,0.198332,0.971843,6.268623,0.32854,5.722859,13.937619,0.251828,0.000371,0.279733,0.994354,0.417316,0.326563,1,1,1,1,0
0.3,17.5,0.5,0.4,0.1,0.250696,0.088147,0.198332,0.971843,6.268623,0.328515,5.722859,13.937619,0.251828,0.000371,0.279733,0.994354,0.417316,0.326539,1,1,1,1,0
0.3,17.5,0.5,0.4,0.3,0.250696,0.088147,0.198332,0.971843,6.268623,0.328323,5.722859,13.937619,0.251828,0.000371,0.279733,0.994354,0.417316,0.326348,1,1,1,1,0
0.3,17.5,0.6,0.5,0.0,0.250696,0.088147,0.198332,0.971843,6.268623,0.32854,5.722859,13.937619,0.351828,0.0,0.279733,0.994354,0.417192,0.326685,1,1,1,1,0
0.3,17.5,0.6,0.5,0.1,0.250696,0.088147,0.198332,0.971843,6.268623,0.32852,5.722859,13.937619,0.351828,0.0,0.279733,0.994354,0.417192,0.326665,1,1,1,1,0
0.3,17.5,0.6,0.5,0.3,0.250696,0.088147,0.198332,0.971843,6.268623,0.328366,5.722859,13.937619,0.351828,0.0,0.279733,0.994354,0.417192,0.326512,1,1,1,1,0
0.3,17.5,0.7,0.6,0.0,0.250696,0.088147,0.198332,0.971843,6.268623,0.32854,5.722859,13.937619,0.451828,0.0,0.279733,0.994354,0.417192,0.326685,1,1,1,1,0
0.3,17.5,0.7,0.6,0.1,0.250696,0.088147,0.198332,0.971843,6.268623,0.328524,5.722859,13.937619,0.451828,0.0,0.279733,0.994354,0.417192,0.326669,1,1,1,1,0
0.3,17.5,0.7,0.6,0.3,0.250696,0.088147,0.198332,0.971843,6.268623,0.328395,5.722859,13.937619,0.451828,0.0,0.279733,0.994354,0.417192,0.326541,1,1,1,1,0
0.3,17.5,0.8,0.7,0.0,0.250696,0.088147,0.198332,0.971843,6.268623,0.32854,5.722859,13.937619,0.551828,0.0,0.279733,0.994354,0.417192,0.326685,1,1,1,1,0
0.3,17.5,0.8,0.7,0.1,0.250696,0.088147,0.198332,0.971843,6.268623,0.328526,5.722859,13.937619,0.551828,0.0,0.279733,0.994354,0.417192,0.326671,1,1,1,1,0
0.3,17.5,0.8,0.7,0.3,0.250696,0.088147,0.198332,0.971843,6.268623,0.328416,5.722859,13.937619,0.551828,0.0,0.279733,0.994354,0.417192,0.326562,1,1,1,1,0
0.3,17.5,0.9,0.8,0.0,0.250696,0.088147,0.198332,0.971843,6.268623,0.32854,5.722859,13.937619,0.651828,0.0,0.279733,0.994354,0.417192,0.326685,1,1,1,1,0
0.3,17.5,0.9,0.8,0.1,0.250696,0.088147,0.198332,0.971843,6.268623,0.328528,5.722859,13.937619,0.651828,0.0,0.279733,0.994354,0.417192,0.326673,1,1,1,1,0
0.3,17.5,0.9,0.8,0.3,0.250696,0.088147,0.198332,0.971843,6.268623,0.328431,5.722859,13.937619,0.651828,0.0,0.279733,0.994354,0.417192,0.326577,1,1,1,1,0
0.3,17.5,1.0,0.9,0.0,0.250696,0.088147,0.198332,0.971843,6.268623,0.32854,5.722859,13.937619,0.751828,0.0,0.279733,0.994354,0.417192,0.326685,1,1,1,1,0
0.3,17.5,1.0,0.9,0.1,0.250696,0.088147,0.198332,0.971843,6.268623,0.328529,5.722859,13.937619,0.751828,0.0,0.279733,0.994354,0.417192,0.326674,1,1,1,1,0
0.3,17.5,1.0,0.9,0.3,0.250696,0.088147,0.198332,0.971843,6.268623,0.328443,5.722859,13.937619,0.751828,0.0,0.279733,0.994354,0.417192,0.326589,1,1,1,1,0
0.3,20.0,0.3,0.2,0.0,0.289395,0.088147,0.198332,0.971843,6.268623,0.32854,6.570705,15.986012,0.013519,0.077579,0.315355,0.987697,0.454926,0.299323,1,1,1,1,0
0.3,20.0,0.3,0.2,0.1,0.289395,0.088147,0.198332,0.971843,6.268623,0.328491,6.570705,15.986012,0.013519,0.077579,0.315355,0.987697,0.454926,0.29928,1,1,1,1,0
0.3,20.0,0.3,0.2,0.3,0.289395,0.088147,0.198332,0.971843,6.268623,0.328107,6.570705,15.986012,0.013519,0.077579,0.315355,0.987697,0.454926,0.298929,1,1,1,1,0
0.3,20.0,0.4,0.3,0.0,0.289395,0.088147,0.198332,0.971843,6.268623,0.32854,6.570705,15.986012,0.113519,0.029791,0.315355,0.987697,0.438996,0.314831,1,1,1,1,0
0.3,20.0,0.4,0.3,0.1,0.289395,0.088147,0.198332,0.971843,6.268623,0.328507,6.570705,15.986012,0.113519,0.029791,0.315355,0.987697,0.438996,0.3148,1,1,1,1,0
0.3,20.0,0.4,0.3,0.3,0.289395,0.088147,0.198332,0.971843,6.268623,0.328251,6.570705,15.986012,0.113519,0.029791,0.315355,0.987697,0.438996,0.314554,1,1,1,1,0
0.3,20.0,0.5,0.4,0.0,0.289395,0.088147,0.198332,0.971843,6.268623,0.32854,6.570705,15.986012,0.213519,0.006655,0.315355,0.987697,0.431285,0.322338,1,1,1,1,0
0.3,20.0,0.5,0.4,0.1,0.289395,0.088147,0.198332,0.971843,6.268623,0.328515,6.570705,15.986012,0.213519,0.006655,0.315355,0.987697,0.431285,0.322314,1,1,1,1,0
0.3,20.0,0.5,0.4,0.3,0.289395,0.088147,0.198332,0.971843,6.268623,0.328323,6.570705,15.986012,0.213519,0.006655,0.315355,0.987697,0.431285,0.322126,1,1,1,1,0
0.3,20.0,0.6,0.5,0.0,0.289395,0.088147,0.198332,0.971843,6.268623,0.32854,6.570705,15.986012,0.313519,0.0,0.315355,0.987697,0.429066,0.324497,1,1,1,1,0
0.3,20.0,0.6,0.5,0.1,0.289395,0.088147,0.198332,0.971843,6.268623,0.32852,6.570705,15.986012,0.313519,0.0,0.315355,0.987697,0.429066,0.324479,1,1,1,1,0
0.3,20.0,0.6,0.5,0.3,0.289395,0.088147,0.198332,0.971843,6.268623,0.328366,6.570705,15.986012,0.313519,0.0,0.315355,0.987697,0.429066,0.324327,1,1,1,1,0
0.3,20.0,0.7,0.6,0.0,0.289395,0.088147,0.198332,0.971843,6.268623,0.32854,6.570705,15.986012,0.413519,0.0,0.315355,0.987697,0.429066,0.324497,1,1,1,1,0
0.3,20.0,0.7,0.6,0.1,0.289395,0.088147,0.198332,0.971843,6.268623,0.328524,6.570705,15.986012,0.413519,0.0,0.315355,0.987697,0.429066,0.324482,1,1,1,1,0
0.3,20.0,0.7,0.6,0.3,0.289395,0.088147,0.198332,0.971843,6.268623,0.328395,6.570705,15.986012,0.413519,0.0,0.315355,0.987697,0.429066,0.324355,1,1,1,1,0
0.3,20.0,0.8,0.7,0.0,0.289395,0.088147,0.198332,0.971843,6.268623,0.32854,6.570705,15.986012,0.513519,0.0,0.315355,0.987697,0.429066,0.324497,1,1,1,1,0
0.3,20.0,0.8,0.7,0.1,0.289395,0.088147,0.198332,0.971843,6.268623,0.328526,6.570705,15.986012,0.513519,0.0,0.315355,0.987697,0.429066,0.324484,1,1,1,1,0
0.3,20.0,0.8,0.7,0.3,0.289395,0.088147,0.198332,0.971843,6.268623,0.328416,6.570705,15.986012,0.513519,0.0,0.315355,0.987697,0.429066,0.324375,1,1,1,1,0
0.3,20.0,0.9,0.8,0.0,0.289395,0.088147,0.198332,0.971843,6.268623,0.32854,6.570705,15.986012,0.613519,0.0,0.315355,0.987697,0.429066,0.324497,1,1,1,1,0
0.3,20.0,0.9,0.8,0.1,0.289395,0.088147,0.198332,0.971843,6.268623,0.328528,6.570705,15.986012,0.613519,0.0,0.315355,0.987697,0.429066,0.324486,1,1,1,1,0
0.3,20.0,0.9,0.8,0.3,0.289395,0.088147,0.198332,0.971843,6.268623,0.328431,6.570705,15.986012,0.613519,0.0,0.315355,0.987697,0.429066,0.324391,1,1,1,1,0
0.3,20.0,1.0,0.9,0.0,0.289395,0.088147,0.198332,0.971843,6.268623,0.32854,6.570705,15.986012,0.713519,0.0,0.315355,0.987697,0.429066,0.324497,1,1,1,1,0
0.3,20.0,1.0,0.9,0.1,0.289395,0.088147,0.198332,0.971843,6.268623,0.328529,6.570705,15.986012,0.713519,0.0,0.315355,0.987697,0.429066,0.324487,1,1,1,1,0
0.3,20.0,1.0,0.9,0.3,0.289395,0.088147,0.198332,0.971843,6.268623,0.328443,6.570705,15.986012,0.713519,0.0,0.315355,0.987697,0.429066,0.324403,1,1,1,1,0
0.3,22.5,0.3,0.2,0.0,0.329344,0.088147,0.198332,0.971843,6.268623,0.32854,7.431985,18.057406,-0.026028,0.110111,0.350799,0.980191,0.477584,0.286572,1,1,0,0,0
0.3,22.5,0.3,0.2,0.1,0.329344,0.088147,0.198332,0.971843,6.268623,0.328491,7.431985,18.057406,-0.026028,0.110111,0.350799,0.980191,0.477584,0.28653,1,1,0,0,0
0.3,22.5,0.3,0.2,0.3,0.329344,0.088147,0.198332,0.971843,6.268623,0.328107,7.431985,18.057406,-0.026028,0.110111,0.350799,0.980191,0.477584,0.286195,1,1,0,0,0
0.3,22.5,0.4,0.3,0.0,0.329344,0.088147,0.198332,0.971843,6.268623,0.32854,7.431985,18.057406,0.073972,0.049147,0.350799,0.980191,0.457263,0.306205,1,1,1,1,1
0.3,22.5,0.4,0.3,0.1,0.329344,0.088147,0.198332,0.971843,6.268623,0.328507,7.431985,18.057406,0.073972,0.049147,0.350799,0.980191,0.457263,0.306175,1,1,1,1,0
0.3,22.5,0.4,0.3,0.3,0.329344,0.088147,0.198332,0.971843,6.268623,0.328251,7.431985,18.057406,0.073972,0.049147,0.350799,0.980191,0.457263,0.305936,1,1,1,1,0
0.3,22.5,0.5,0.4,0.0,0.329344,0.088147,0.198332,0.971843,6.268623,0.32854,7.431985,18.057406,0.173972,0.017957,0.350799,0.980191,0.446866,0.316249,1,1,1,1,0
0.3,22.5,0.5,0.4,0.1,0.329344,0.088147,0.198332,0.971843,6.268623,0.328515,7.431985,18.057406,0.173972,0.017957,0.350799,0.980191,0.446866,0.316226,1,1,1,1,0
0.3,22.5,0.5,0.4,0.3,0.329344,0.088147,0.198332,0.971843,6.268623,0.328323,7.431985,18.057406,0.173972,0.017957,0.350799,0.980191,0.446866,0.31604,1,1,1,1,0
0.3,22.5,0.6,0.5,0.0,0.329344,0.088147,0.198332,0.971843,6.268623,0.32854,7.431985,18.057406,0.273972,0.00318,0.350799,0.980191,0.441941,0.321008,1,1,1,1,0
0.3,22.5,0.6,0.5,0.1,0.329344,0.088147,0.198332,0.971843,6.268623,0.32852,7.431985,18.057406,0.273972,0.00318,0.350799,0.980191,0.441941,0.320989,1,1,1,1,0
0.3,22.5,0.6,0.5,0.3,0.329344,0.088147,0.198332,0.971843,6.268623,0.328366,7.431985,18.057406,0.273972,0.00318,0.350799,0.980191,0.441941,0.320838,1,1,1,1,0
0.3,22.5,0.7,0.6,0.0,0.329344,0.088147,0.198332,0.971843,6.268623,0.32854,7.431985,18.057406,0.373972,0.0,0.350799,0.980191,0.440881,0.322032,1,1,1,1,0
0.3,22.5,0.7,0.6,0.1,0.329344,0.088147,0.198332,0.971843,6.268623,0.328524,7.431985,18.057406,0.373972,0.0,0.350799,0.980191,0.440881,0.322016,1,1,1,1,0
0.3,22.5,0.7,0.6,0.3,0.329344,0.088147,0.198332,0.971843,6.268623,0.328395,7.431985,18.057406,0.373972,0.0,0.350799,0.980191,0.440881,0.32189,1,1,1,1,0
0.3,22.5,0.8,0.7,0.0,0.329344,0.088147,0.198332,0.971843,6.268623,0.32854,7.431985,18.057406,0.473972,0.0,0.350799,0.980191,0.440881,0.322032,1,1,1,1,0
0.3,22.5,0.8,0.7,0.1,0.329344,0.088147,0.198332,0.971843,6.268623,0.328526,7.431985,18.057406,0.473972,0.0,0.350799,0.980191,0.440881,0.322018,1,1,1,1,0
0.3,22.5,0.8,0.7,0.3,0.329344,0.088147,0.198332,0.971843,6.268623,0.328416,7.431985,18.057406,0.473972,0.0,0.350799,0.980191,0.440881,0.32191,1,1,1,1,0
0.3,22.5,0.9,0.8,0.0,0.329344,0.088147,0.198332,0.971843,6.268623,0.32854,7.431985,18.057406,0.573972,0.0,0.350799,0.980191,0.440881,0.322032,1,1,1,1,0
0.3,22.5,0.9,0.8,0.1,0.329344,0.088147,0.198332,0.971843,6.268623,0.328528,7.431985,18.057406,0.573972,0.0,0.350799,0.980191,0.440881,0.32202,1,1,1,1,0
0.3,22.5,0.9,0.8,0.3,0.329344,0.088147,0.198332,0.971843,6.268623,0.328431,7.431985,18.057406,0.573972,0.0,0.350799,0.980191,0.440881,0.321926,1,1,1,1,0
0.3,22.5,1.0,0.9,0.0,0.329344,0.088147,0.198332,0.971843,6.268623,0.32854,7.431985,18.057406,0.673972,0.0,0.350799,0.980191,0.440881,0.322032,1,1,1,1,0
0.3,22.5,1.0,0.9,0.1,0.329344,0.088147,0.198332,0.971843,6.268623,0.328529,7.431985,18.057406,0.673972,0.0,0.350799,0.980191,0.440881,0.322021,1,1,1,1,0
0.3,22.5,1.0,0.9,0.3,0.329344,0.088147,0.198332,0.971843,6.268623,0.328443,7.431985,18.057406,0.673972,0.0,0.350799,0.980191,0.440881,0.321937,1,1,1,1,0
0.3,25.0,0.3,0.2,0.0,0.370764,0.088147,0.198332,0.971843,6.268623,0.32854,8.309196,20.154705,-0.067031,0.141955,0.383126,0.968775,0.498975,0.273099,0,1,0,0,0
0.3,25.0,0.3,0.2,0.1,0.370764,0.088147,0.198332,0.971843,6.268623,0.328491,8.309196,20.154705,-0.067031,0.141955,0.383126,0.968775,0.498975,0.273059,0,1,0,0,0
0.3,25.0,0.3,0.2,0.3,0.370764,0.088147,0.198332,0.971843,6.268623,0.328107,8.309196,20.154705,-0.067031,0.141955,0.383126,0.968775,0.498975,0.27274,0,1,0,0,0
0.3,25.0,0.4,0.3,0.0,0.370764,0.088147,0.198332,0.971843,6.268623,0.32854,8.309196,20.154705,0.032969,0.068576,0.383126,0.968775,0.474515,0.296455,0,1,1,0,0
0.3,25.0,0.4,0.3,0.1,0.370764,0.088147,0.198332,0.971843,6.268623,0.328507,8.309196,20.154705,0.032969,0.068576,0.383126,0.968775,0.474515,0.296426,0,1,1,0,0
0.3,25.0,0.4,0.3,0.3,0.370764,0.088147,0.198332,0.971843,6.268623,0.328251,8.309196,20.154705,0.032969,0.068576,0.383126,0.968775,0.474515,0.296194,0,1,1,0,0
0.3,25.0,0.5,0.4,0.0,0.370764,0.088147,0.198332,0.971843,6.268623,0.32854,8.309196,20.154705,0.132969,0.033573,0.383126,0.968775,0.462847,0.307595,0,1,1,0,0
0.3,25.0,0.5,0.4,0.1,0.370764,0.088147,0.198332,0.971843,6.268623,0.328515,8.309196,20.154705,0.132969,0.033573,0.383126,0.968775,0.462847,0.307573,0,1,1,0,0
0.3,25.0,0.5,0.4,0.3,0.370764,0.088147,0.198332,0.971843,6.268623,0.328323,8.309196,20.154705,0.132969,0.033573,0.383126,0.968775,0.462847,0.307393,0,1,1,0,0
0.3,25.0,0.6,0.5,0.0,0.370764,0.088147,0.198332,0.971843,6.268623,0.32854,8.309196,20.154705,0.232969,0.010936,0.383126,0.968775,0.455302,0.3148,0,1,1,0,0
0.3,25.0,0.6,0.5,0.1,0.370764,0.088147,0.198332,0.971843,6.268623,0.32852,8.309196,20.154705,0.232969,0.010936,0.383126,0.968775,0.455302,0.314782,0,1,1,0,0
0.3,25.0,0.6,0.5,0.3,0.370764,0.088147,0.198332,0.971843,6.268623,0.328366,8.309196,20.154705,0.232969,0.010936,0.383126,0.968775,0.455302,0.314634,0,1,1,0,0
0.3,25.0,0.7,0.6,0.0,0.370764,0.088147,0.198332,0.971843,6.268623,0.32854,8.309196,20.154705,0.332969,0.001745,0.383126,0.968775,0.452238,0.317725,0,1,1,0,0
0.3,25.0,0.7,0.6,0.1,0.370764,0.088147,0.198332,0.971843,6.268623,0.328524,8.309196,20.154705,0.332969,0.001745,0.383126,0.968775,0.452238,0.31771,0,1,1,0,0
0.3,25.0,0.7,0.6,0.3,0.370764,0.088147,0.198332,0.971843,6.268623,0.328395,8.309196,20.154705,0.332969,0.001745,0.383126,0.968775,0.452238,0.317586,0,1,1,0,0
0.3,25.0,0.8,0.7,0.0,0.370764,0.088147,0.198332,0.971843,6.268623,0.32854,8.309196,20.154705,0.432969,0.0,0.383126,0.968775,0.451656,0.318281,0,1,1,0,0
0.3,25.0,0.8,0.7,0.1,0.370764,0.088147,0.198332,0.971843,6.268623,0.328526,8.309196,20.154705,0.432969,0.0,0.383126,0.968775,0.451656,0.318268,0,1,1,0,0
0.3,25.0,0.8,0.7,0.3,0.370764,0.088147,0.198332,0.971843,6.268623,0.328416,8.309196,20.154705,0.432969,0.0,0.383126,0.968775,0.451656,0.318161,0,1,1,0,0
0.3,25.0,0.9,0.8,0.0,0.370764,0.088147,0.198332,0.971843,6.268623,0.32854,8.309196,20.154705,0.532969,0.0,0.383126,0.968775,0.451656,0.318281,0,1,1,0,0
0.3,25.0,0.9,0.8,0.1,0.370764,0.088147,0.198332,0.971843,6.268623,0.328528,8.309196,20.154705,0.532969,0.0,0.383126,0.968775,0.451656,0.318269,0,1,1,0,0
0.3,25.0,0.9,0.8,0.3,0.370764,0.088147,0.198332,0.971843,6.268623,0.328431,8.309196,20.154705,0.532969,0.0,0.383126,0.968775,0.451656,0.318176,0,1,1,0,0
0.3,25.0,1.0,0.9,0.0,0.370764,0.088147,0.198332,0.971843,6.268623,0.32854,8.309196,20.154705,0.632969,0.0,0.383126,0.968775,0.451656,0.318281,0,1,1,0,0
0.3,25.0,1.0,0.9,0.1,0.370764,0.088147,0.198332,0.971843,6.268623,0.328529,8.309196,20.154705,0.632969,0.0,0.383126,0.968775,0.451656,0.318271,0,1,1,0,0
0.3,25.0,1.0,0.9,0.3,0.370764,0.088147,0.198332,0.971843,6.268623,0.328443,8.309196,20.154705,0.632969,0.0,0.383126,0.968775,0.451656,0.318188,0,1,1,0,0
0.3,27.5,0.3,0.2,0.0,0.413906,0.088147,0.198332,0.971843,6.268623,0.32854,9.20513,22.280809,-0.109739,0.171901,0.41356,0.954532,0.519101,0.259693,0,1,0,0,0
0.3,27.5,0.3,0.2,0.1,0.413906,0.088147,0.198332,0.971843,6.268623,0.328491,9.20513,22.280809,-0.109739,0.171901,0.41356,0.954532,0.519101,0.259655,0,1,0,0,0
0.3,27.5,0.3,0.2,0.3,0.413906,0.088147,0.198332,0.971843,6.268623,0.328107,9.20513,22.280809,-0.109739,0.171901,0.41356,0.954532,0.519101,0.259351,0,1,0,0,0
0.3,27.5,0.4,0.3,0.0,0.413906,0.088147,0.198332,0.971843,6.268623,0.32854,9.20513,22.280809,-0.009739,0.094355,0.41356,0.954532,0.493253,0.284012,0,1,0,0,0
0.3,27.5,0.4,0.3,0.1,0.413906,0.088147,0.198332,0.971843,6.268623,0.328507,9.20513,22.280809,-0.009739,0.094355,0.41356,0.954532,0.493253,0.283984,0,1,0,0,0
0.3,27.5,0.4,0.3,0.3,0.413906,0.088147,0.198332,0.971843,6.268623,0.328251,9.20513,22.280809,-0.009739,0.094355,0.41356,0.954532,0.493253,0.283762,0,1,0,0,0
0.3,27.5,0.5,0.4,0.0,0.413906,0.088147,0.198332,0.971843,6.268623,0.32854,9.20513,22.280809,0.090261,0.049907,0.41356,0.954532,0.478437,0.297951,0,1,1,0,0
0.3,27.5,0.5,0.4,0.1,0.413906,0.088147,0.198332,0.971843,6.268623,0.328515,9.20513,22.280809,0.090261,0.049907,0.41356,0.954532,0.478437,0.297929,0,1,1,0,0
0.3,27.5,0.5,0.4,0.3,0.413906,0.088147,0.198332,0.971843,6.268623,0.328323,9.20513,22.280809,0.090261,0.049907,0.41356,0.954532,0.478437,0.297755,0,1,1,0,0
0.3,27.5,0.6,0.5,0.0,0.413906,0.088147,0.198332,0.971843,6.268623,0.32854,9.20513,22.280809,0.190261,0.023269,0.41356,0.954532,0.469558,0.306304,0,1,1,0,0
0.3,27.5,0.6,0.5,0.1,0.413906,0.088147,0.198332,0.971843,6.268623,0.32852,9.20513,22.280809,0.190261,0.023269,0.41356,0.954532,0.469558,0.306286,0,1,1,0,0
0.3,27.5,0.6,0.5,0.3,0.413906,0.088147,0.198332,0.971843,6.268623,0.328366,9.20513,22.280809,0.190261,0.023269,0.41356,0.954532,0.469558,0.306143,0,1,1,0,0
0.3,27.5,0.7,0.6,0.0,0.413906,0.088147,0.198332,0.971843,6.268623,0.32854,9.20513,22.280809,0.290261,0.008071,0.41356,0.954532,0.464491,0.311071,0,1,1,0,0
0.3,27.5,0.7,0.6,0.1,0.413906,0.088147,0.198332,0.971843,6.268623,0.328524,9.20513,22.280809,0.290261,0.008071,0.41356,0.954532,0.464491,0.311055,0,1,1,0,0
0.3,27.5,0.7,0.6,0.3,0.413906,0.088147,0.198332,0.971843,6.268623,0.328395,9.20513,22.280809,0.290261,0.008071,0.41356,0.954532,0.464491,0.310934,0,1,1,0,0
0.3,27.5,0.8,0.7,0.0,0.413906,0.088147,0.198332,0.971843,6.268623,0.32854,9.20513,22.280809,0.390261,0.001167,0.41356,0.954532,0.46219,0.313236,0,1,1,0,0
0.3,27.5,0.8,0.7,0.1,0.413906,0.088147,0.198332,0.971843,6.268623,0.328526,9.20513,22.280809,0.390261,0.001167,0.41356,0.954532,0.46219,0.313223,0,1,1,0,0
0.3,27.5,0.8,0.7,0.3,0.413906,0.088147,0.198332,0.971843,6.268623,0.328416,9.20513,22.280809,0.390261,0.001167,0.41356,0.954532,0.46219,0.313118,0,1,1,0,0
0.3,27.5,0.9,0.8,0.0,0.413906,0.088147,0.198332,0.971843,6.268623,0.32854,9.20513,22.280809,0.490261,0.0,0.41356,0.954532,0.461801,0.313602,0,1,1,0,0
0.3,27.5,0.9,0.8,0.1,0.413906,0.088147,0.198332,0.971843,6.268623,0.328528,9.20513,22.280809,0.490261,0.0,0.41356,0.954532,0.461801,0.31359,0,1,1,0,0
0.3,27.5,0.9,0.8,0.3,0.413906,0.088147,0.198332,0.971843,6.268623,0.328431,9.20513,22.280809,0.490261,0.0,0.41356,0.954532,0.461801,0.313498,0,1,1,0,0
0.3,27.5,1.0,0.9,0.0,0.413906,0.088147,0.198332,0.971843,6.268623,0.32854,9.20513,22.280809,0.590261,0.0,0.41356,0.954532,0.461801,0.313602,0,1,1,0,0
0.3,27.5,1.0,0.9,0.1,0.413906,0.088147,0.198332,0.971843,6.268623,0.328529,9.20513,22.280809,0.590261,0.0,0.41356,0.954532,0.461801,0.313591,0,1,1,0,0
0.3,27.5,1.0,0.9,0.3,0.413906,0.088147,0.198332,0.971843,6.268623,0.328443,9.20513,22.280809,0.590261,0.0,0.41356,0.954532,0.461801,0.31351,0,1,1,0,0
0.3,30.0,0.3,0.2,0.0,0.459055,0.088147,0.198332,0.971843,6.268623,0.32854,10.122921,24.438603,-0.154433,0.201976,0.443587,0.939644,0.539135,0.246358,0,1,0,0,0
0.3,30.0,0.3,0.2,0.1,0.459055,0.088147,0.198332,0.971843,6.268623,0.328491,10.122921,24.438603,-0.154433,0.201976,0.443587,0.939644,0.539135,0.246322,0,1,0,0,0
0.3,30.0,0.3,0.2,0.3,0.459055,0.088147,0.198332,0.971843,6.268623,0.328107,10.122921,24.438603,-0.154433,0.201976,0.443587,0.939644,0.539135,0.246034,0,1,0,0,0
0.3,30.0,0.4,0.3,0.0,0.459055,0.088147,0.198332,0.971843,6.268623,0.32854,10.122921,24.438603,-0.054433,0.121855,0.443587,0.939644,0.512429,0.271092,0,1,0,0,0
0.3,30.0,0.4,0.3,0.1,0.459055,0.088147,0.198332,0.971843,6.268623,0.328507,10.122921,24.438603,-0.054433,0.121855,0.443587,0.939644,0.512429,0.271066,0,1,0,0,0
0.3,30.0,0.4,0.3,0.3,0.459055,0.088147,0.198332,0.971843,6.268623,0.328251,10.122921,24.438603,-0.054433,0.121855,0.443587,0.939644,0.512429,0.270854,0,1,0,0,0
0.3,30.0,0.5,0.4,0.0,0.459055,0.088147,0.198332,0.971843,6.268623,0.32854,10.122921,24.438603,0.045567,0.066439,0.443587,0.939644,0.493957,0.2882,0,1,1,0,0
0.3,30.0,0.5,0.4,0.1,0.459055,0.088147,0.198332,0.971843,6.268623,0.328515,10.122921,24.438603,0.045567,0.066439,0.443587,0.939644,0.493957,0.288179,0,1,1,0,0
0.3,30.0,0.5,0.4,0.3,0.459055,0.088147,0.198332,0.971843,6.268623,0.328323,10.122921,24.438603,0.045567,0.066439,0.443587,0.939644,0.493957,0.28801,0,1,1,0,0
0.3,30.0,0.6,0.5,0.0,0.459055,0.088147,0.198332,0.971843,6.268623,0.32854,10.122921,24.438603,0.145567,0.038399,0.443587,0.939644,0.48461,0.296856,0,1,1,0,0
0.3,30.0,0.6,0.5,0.1,0.459055,0.088147,0.198332,0.971843,6.268623,0.32852,10.122921,24.438603,0.145567,0.038399,0.443587,0.939644,0.48461,0.296839,0,1,1,0,0
0.3,30.0,0.6,0.5,0.3,0.459055,0.088147,0.198332,0.971843,6.268623,0.328366,10.122921,24.438603,0.145567,0.038399,0.443587,0.939644,0.48461,0.2967,0,1,1,0,0
0.3,30.0,0.7,0.6,0.0,0.459055,0.088147,0.198332,0.971843,6.268623,0.32854,10.122921,24.438603,0.245567,0.017438,0.443587,0.939644,0.477623,0.303327,0,1,1,0,0
0.3,30.0,0.7,0.6,0.1,0.459055,0.088147,0.198332,0.971843,6.268623,0.328524,10.122921,24.438603,0.245567,0.017438,0.443587,0.939644,0.477623,0.303312,0,1,1,0,0
0.3,30.0,0.7,0.6,0.3,0.459055,0.088147,0.198332,0.971843,6.268623,0.328395,10.122921,24.438603,0.245567,0.017438,0.443587,0.939644,0.477623,0.303194,0,1,1,0,0
0.3,30.0,0.8,0.7,0.0,0.459055,0.088147,0.198332,0.971843,6.268623,0.32854,10.122921,24.438603,0.345567,0.006076,0.443587,0.939644,0.473835,0.306835,0,1,1,0,0
0.3,30.0,0.8,0.7,0.1,0.459055,0.088147,0.198332,0.971843,6.268623,0.328526,10.122921,24.438603,0.345567,0.006076,0.443587,0.939644,0.473835,0.306822,0,1,1,0,0
0.3,30.0,0.8,0.7,0.3,0.459055,0.088147,0.198332,0.971843,6.268623,0.328416,10.122921,24.438603,0.345567,0.006076,0.443587,0.939644,0.473835,0.306719,0,1,1,0,0
0.3,30.0,0.9,0.8,0.0,0.459055,0.088147,0.198332,0.971843,6.268623,0.32854,10.122921,24.438603,0.445567,0.000808,0.443587,0.939644,0.47208,0.308461,0,1,1,0,0
0.3,30.0,0.9,0.8,0.1,0.459055,0.088147,0.198332,0.971843,6.268623,0.328528,10.122921,24.438603,0.445567,0.000808,0.443587,0.939644,0.47208,0.308449,0,1,1,0,0
0.3,30.0,0.9,0.8,0.3,0.459055,0.088147,0.198332,0.971843,6.268623,0.328431,10.122921,24.438603,0.445567,0.000808,0.443587,0.939644,0.47208,0.308359,0,1,1,0,0
0.3,30.0,1.0,0.9,0.0,0.459055,0.088147,0.198332,0.971843,6.268623,0.32854,10.122921,24.438603,0.545567,0.0,0.443587,0.939644,0.47181,0.30871,0,1,1,0,0
0.3,30.0,1.0,0.9,0.1,0.459055,0.088147,0.198332,0.971843,6.268623,0.328529,10.122921,24.438603,0.545567,0.0,0.443587,0.939644,0.47181,0.3087,0,1,1,0,0
0.3,30.0,1.0,0.9,0.3,0.459055,0.088147,0.198332,0.971843,6.268623,0.328443,10.122921,24.438603,0.545567,0.0,0.443587,0.939644,0.47181,0.30862,0,1,1,0,0
0.3,32.5,0.3,0.2,0.0,0.506538,0.088147,0.198332,0.971843,6.268623,0.32854,11.066099,26.630945,-0.201438,0.232064,0.473424,0.924539,0.55911,0.233259,0,1,0,0,0
0.3,32.5,0.3,0.2,0.1,0.506538,0.088147,0.198332,0.971843,6.268623,0.328491,11.066099,26.630945,-0.201438,0.232064,0.473424,0.924539,0.55911,0.233225,0,1,0,0,0
0.3,32.5,0.3,0.2,0.3,0.506538,0.088147,0.198332,0.971843,6.268623,0.328107,11.066099,26.630945,-0.201438,0.232064,0.473424,0.924539,0.55911,0.232952,0,1,0,0,0
0.3,32.5,0.4,0.3,0.0,0.506538,0.088147,0.198332,0.971843,6.268623,0.32854,11.066099,26.630945,-0.101438,0.14849,0.473424,0.924539,0.531252,0.258644,0,1,0,0,0
0.3,32.5,0.4,0.3,0.1,0.506538,0.088147,0.198332,0.971843,6.268623,0.328507,11.066099,26.630945,-0.101438,0.14849,0.473424,0.924539,0.531252,0.258619,0,1,0,0,0
0.3,32.5,0.4,0.3,0.3,0.506538,0.088147,0.198332,0.971843,6.268623,0.328251,11.066099,26.630945,-0.101438,0.14849,0.473424,0.924539,0.531252,0.258417,0,1,0,0,0
0.3,32.5,0.5,0.4,0.0,0.506538,0.088147,0.198332,0.971843,6.268623,0.32854,11.066099,26.630945,-0.001438,0.089013,0.473424,0.924539,0.511426,0.27671,0,1,0,0,0
0.3,32.5,0.5,0.4,0.1,0.506538,0.088147,0.198332,0.971843,6.268623,0.328515,11.066099,26.630945,-0.001438,0.089013,0.473424,0.924539,0.511426,0.27669,0,1,0,0,0
0.3,32.5,0.5,0.4,0.3,0.506538,0.088147,0.198332,0.971843,6.268623,0.328323,11.066099,26.630945,-0.001438,0.089013,0.473424,0.924539,0.511426,0.276528,0,1,0,0,0
0.3,32.5,0.6,0.5,0.0,0.506538,0.088147,0.198332,0.971843,6.268623,0.32854,11.066099,26.630945,0.098562,0.05287,0.473424,0.924539,0.499379,0.287688,0,1,1,0,0
0.3,32.5,0.6,0.5,0.1,0.506538,0.088147,0.198332,0.971843,6.268623,0.32852,11.066099,26.630945,0.098562,0.05287,0.473424,0.924539,0.499379,0.287672,0,1,1,0,0
0.3,32.5,0.6,0.5,0.3,0.506538,0.088147,0.198332,0.971843,6.268623,0.328366,11.066099,26.630945,0.098562,0.05287,0.473424,0.924539,0.499379,0.287537,0,1,1,0,0
0.3,32.5,0.7,0.6,0.0,0.506538,0.088147,0.198332,0.971843,6.268623,0.32854,11.066099,26.630945,0.198562,0.029818,0.473424,0.924539,0.491695,0.29469,0,1,1,0,0
0.3,32.5,0.7,0.6,0.1,0.506538,0.088147,0.198332,0.971843,6.268623,0.328524,11.066099,26.630945,0.198562,0.029818,0.473424,0.924539,0.491695,0.294676,0,1,1,0,0
0.3,32.5,0.7,0.6,0.3,0.506538,0.088147,0.198332,0.971843,6.268623,0.328395,11.066099,26.630945,0.198562,0.029818,0.473424,0.924539,0.491695,0.294561,0,1,1,0,0
0.3,32.5,0.8,0.7,0.0,0.506538,0.088147,0.198332,0.971843,6.268623,0.32854,11.066099,26.630945,0.298562,0.013218,0.473424,0.924539,0.486162,0.299733,0,1,1,0,0
0.3,32.5,0.8,0.7,0.1,0.506538,0.088147,0.198332,0.971843,6.268623,0.328526,11.066099,26.630945,0.298562,0.013218,0.473424,0.924539,0.486162,0.29972,0,1,1,0,0
0.3,32.5,0.8,0.7,0.3,0.506538,0.088147,0.198332,0.971843,6.268623,0.328416,11.066099,26.630945,0.298562,0.013218,0.473424,0.924539,0.486162,0.29962,0,1,1,0,0
0.3,32.5,0.9,0.8,0.0,0.506538,0.088147,0.198332,0.971843,6.268623,0.32854,11.066099,26.630945,0.398562,0.004757,0.473424,0.924539,0.483341,0.302303,0,1,1,0,0
0.3,32.5,0.9,0.8,0.1,0.506538,0.088147,0.198332,0.971843,6.268623,0.328528,11.066099,26.630945,0.398562,0.004757,0.473424,0.924539,0.483341,0.302292,0,1,1,0,0
0.3,32.5,0.9,0.8,0.3,0.506538,0.088147,0.198332,0.971843,6.268623,0.328431,11.066099,26.630945,0.398562,0.004757,0.473424,0.924539,0.483341,0.302203,0,1,1,0,0
0.3,32.5,1.0,0.9,0.0,0.506538,0.088147,0.198332,0.971843,6.268623,0.32854,11.066099,26.630945,0.498562,0.000632,0.473424,0.924539,0.481966,0.303556,0,1,1,0,0
0.3,32.5,1.0,0.9,0.1,0.506538,0.088147,0.198332,0.971843,6.268623,0.328529,11.066099,26.630945,0.498562,0.000632,0.473424,0.924539,0.481966,0.303546,0,1,1,0,0
0.3,32.5,1.0,0.9,0.3,0.506538,0.088147,0.198332,0.971843,6.268623,0.328443,11.066099,26.630945,0.498562,0.000632,0.473424,0.924539,0.481966,0.303467,0,1,1,0,0
0.3,35.0,0.3,0.2,0.0,0.556739,0.088147,0.198332,0.971843,6.268623,0.32854,12.038659,28.860644,-0.251134,0.262501,0.502452,0.908434,0.578932,0.220111,0,1,0,0,0
0.3,35.0,0.3,0.2,0.1,0.556739,0.088147,0.198332,0.971843,6.268623,0.328491,12.038659,28.860644,-0.251134,0.262501,0.502452,0.908434,0.578932,0.220079,0,1,0,0,0
0.3,35.0,0.3,0.2,0.3,0.556739,0.088147,0.198332,0.971843,6.268623,0.328107,12.038659,28.860644,-0.251134,0.262501,0.502452,0.908434,0.578932,0.219822,0,1,0,0,0
0.3,35.0,0.4,0.3,0.0,0.556739,0.088147,0.198332,0.971843,6.268623,0.32854,12.038659,28.860644,-0.151134,0.174398,0.502452,0.908434,0.549565,0.246406,0,1,0,0,0
0.3,35.0,0.4,0.3,0.1,0.556739,0.088147,0.198332,0.971843,6.268623,0.328507,12.038659,28.860644,-0.151134,0.174398,0.502452,0.908434,0.549565,0.246382,0,1,0,0,0
0.3,35.0,0.4,0.3,0.3,0.556739,0.088147,0.198332,0.971843,6.268623,0.328251,12.038659,28.860644,-0.151134,0.174398,0.502452,0.908434,0.549565,0.24619,0,1,0,0,0
0.3,35.0,0.5,0.4,0.0,0.556739,0.088147,0.198332,0.971843,6.268623,0.32854,12.038659,28.860644,-0.051134,0.113917,0.502452,0.908434,0.529404,0.264457,0,1,0,0,0
0.3,35.0,0.5,0.4,0.1,0.556739,0.088147,0.198332,0.971843,6.268623,0.328515,12.038659,28.860644,-0.051134,0.113917,0.502452,0.908434,0.529404,0.264438,0,1,0,0,0
0.3,35.0,0.5,0.4,0.3,0.556739,0.088147,0.198332,0.971843,6.268623,0.328323,12.038659,28.860644,-0.051134,0.113917,0.502452,0.908434,0.529404,0.264283,0,1,0,0,0
0.3,35.0,0.6,0.5,0.0,0.556739,0.088147,0.198332,0.971843,6.268623,0.32854,12.038659,28.860644,0.048866,0.068813,0.502452,0.908434,0.51437,0.277919,0,1,1,0,0
0.3,35.0,0.6,0.5,0.1,0.556739,0.088147,0.198332,0.971843,6.268623,0.32852,12.038659,28.860644,0.048866,0.068813,0.502452,0.908434,0.51437,0.277902,0,1,1,0,0
0.3,35.0,0.6,0.5,0.3,0.556739,0.088147,0.198332,0.971843,6.268623,0.328366,12.038659,28.860644,0.048866,0.068813,0.502452,0.908434,0.51437,0.277772,0,1,1,0,0
0.3,35.0,0.7,0.6,0.0,0.556739,0.088147,0.198332,0.971843,6.268623,0.32854,12.038659,28.860644,0.148866,0.044176,0.502452,0.908434,0.506157,0.285272,0,1,1,0,0
0.3,35.0,0.7,0.6,0.1,0.556739,0.088147,0.198332,0.971843,6.268623,0.328524,12.038659,28.860644,0.148866,0.044176,0.502452,0.908434,0.506157,0.285258,0,1,1,0,0
0.3,35.0,0.7,0.6,0.3,0.556739,0.088147,0.198332,0.971843,6.268623,0.328395,12.038659,28.860644,0.148866,0.044176,0.502452,0.908434,0.506157,0.285147,0,1,1,0,0
0.3,35.0,0.8,0.7,0.0,0.556739,0.088147,0.198332,0.971843,6.268623,0.32854,12.038659,28.860644,0.248866,0.024297,0.502452,0.908434,0.499531,0.291205,0,1,1,0,0
0.3,35.0,0.8,0.7,0.1,0.556739,0.088147,0.198332,0.971843,6.268623,0.328526,12.038659,28.860644,0.248866,0.024297,0.502452,0.908434,0.499531,0.291193,0,1,1,0,0
0.3,35.0,0.8,0.7,0.3,0.556739,0.088147,0.198332,0.971843,6.268623,0.328416,12.038659,28.860644,0.248866,0.024297,0.502452,0.908434,0.499531,0.291095,0,1,1,0,0
0.3,35.0,0.9,0.8,0.0,0.556739,0.088147,0.198332,0.971843,6.268623,0.32854,12.038659,28.860644,0.348866,0.011025,0.502452,0.908434,0.495107,0.295166,0,1,1,0,0
0.3,35.0,0.9,0.8,0.1,0.556739,0.088147,0.198332,0.971843,6.268623,0.328528,12.038659,28.860644,0.348866,0.011025,0.502452,0.908434,0.495107,0.295155,0,1,1,0,0
0.3,35.0,0.9,0.8,0.3,0.556739,0.088147,0.198332,0.971843,6.268623,0.328431,12.038659,28.860644,0.348866,0.011025,0.502452,0.908434,0.495107,0.295069,0,1,1,0,0
0.3,35.0,1.0,0.9,0.0,0.556739,0.088147,0.198332,0.971843,6.268623,0.32854,12.038659,28.860644,0.448866,0.004005,0.502452,0.908434,0.492767,0.297261,0,1,1,0,0
0.3,35.0,1.0,0.9,0.1,0.556739,0.088147,0.198332,0.971843,6.268623,0.328529,12.038659,28.860644,0.448866,0.004005,0.502452,0.908434,0.492767,0.297252,0,1,1,0,0
0.3,35.0,1.0,0.9,0.3,0.556739,0.088147,0.198332,0.971843,6.268623,0.328443,12.038659,28.860644,0.448866,0.004005,0.502452,0.908434,0.492767,0.297174,0,1,1,0,0
0.35,5.0,0.3,0.2,0.0,0.069563,0.102839,0.231387,0.98447,5.373105,0.288033,1.613854,3.939305,0.231138,0.0,0.080477,1.0,0.354982,0.288033,1,1,1,1,0
0.35,5.0,0.3,0.2,0.1,0.069563,0.102839,0.231387,0.98447,5.373105,0.287984,1.613854,3.939305,0.231138,0.0,0.080477,1.0,0.354982,0.287984,1,1,1,1,0
0.35,5.0,0.3,0.2,0.3,0.069563,0.102839,0.231387,0.98447,5.373105,0.287591,1.613854,3.939305,0.231138,0.0,0.080477,1.0,0.354982,0.287591,1,1,1,1,0
0.35,5.0,0.4,0.3,0.0,0.069563,0.102839,0.231387,0.98447,5.373105,0.288033,1.613854,3.939305,0.331138,0.0,0.080477,1.0,0.354982,0.288033,1,1,1,1,0
0.35,5.0,0.4,0.3,0.1,0.069563,0.102839,0.231387,0.98447,5.373105,0.288,1.613854,3.939305,0.331138,0.0,0.080477,1.0,0.354982,0.288,1,1,1,1,0
0.35,5.0,0.4,0.3,0.3,0.069563,0.102839,0.231387,0.98447,5.373105,0.287738,1.613854,3.939305,0.331138,0.0,0.080477,1.0,0.354982,0.287738,1,1,1,1,0
0.35,5.0,0.5,0.4,0.0,0.069563,0.102839,0.231387,0.98447,5.373105,0.288033,1.613854,3.939305,0.431138,0.0,0.080477,1.0,0.354982,0.288033,1,1,1,1,0
0.35,5.0,0.5,0.4,0.1,0.069563,0.102839,0.231387,0.98447,5.373105,0.288009,1.613854,3.939305,0.431138,0.0,0.080477,1.0,0.354982,0.288009,1,1,1,1,0
0.35,5.0,0.5,0.4,0.3,0.069563,0.102839,0.231387,0.98447,5.373105,0.287812,1.613854,3.939305,0.431138,0.0,0.080477,1.0,0.354982,0.287812,1,1,1,1,0
0.35,5.0,0.6,0.5,0.0,0.069563,0.102839,0.231387,0.98447,5.373105,0.288033,1.613854,3.939305,0.531138,0.0,0.080477,1.0,0.354982,0.288033,1,1,1,1,0
0.35,5.0,0.6,0.5,0.1,0.069563,0.102839,0.231387,0.98447,5.373105,0.288013,1.613854,3.939305,0.531138,0.0,0.080477,1.0,0.354982,0.288013,1,1,1,1,0
0.35,5.0,0.6,0.5,0.3,0.069563,0.102839,0.231387,0.98447,5.373105,0.287856,1.613854,3.939305,0.531138,0.0,0.080477,1.0,0.354982,0.287856,1,1,1,1,0
0.35,5.0,0.7,0.6,0.0,0.069563,0.102839,0.231387,0.98447,5.373105,0.288033,1.613854,3.939305,0.631138,0.0,0.080477,1.0,0.354982,0.288033,1,1,1,1,0
0.35,5.0,0.7,0.6,0.1,0.069563,0.102839,0.231387,0.98447,5.373105,0.288017,1.613854,3.939305,0.631138,0.0,0.080477,1.0,0.354982,0.288017,1,1,1,1,0
0.35,5.0,0.7,0.6,0.3,0.069563,0.102839,0.231387,0.98447,5.373105,0.287886,1.613854,3.939305,0.631138,0.0,0.080477,1.0,0.354982,0.287886,1,1,1,1,0
0.35,5.0,0.8,0.7,0.0,0.069563,0.102839,0.231387,0.98447,5.373105,0.288033,1.613854,3.939305,0.731138,0.0,0.080477,1.0,0.354982,0.288033,1,1,1,1,0
0.35,5.0,0.8,0.7,0.1,0.069563,0.102839,0.231387,0.98447,5.373105,0.288019,1.613854,3.939305,0.731138,0.0,0.080477,1.0,0.354982,0.288019,1,1,1,1,0
0.35,5.0,0.8,0.7,0.3,0.069563,0.102839,0.231387,0.98447,5.373105,0.287907,1.613854,3.939305,0.731138,0.0,0.080477,1.0,0.354982,0.287907,1,1,1,1,0
0.35,5.0,0.9,0.8,0.0,0.069563,0.102839,0.231387,0.98447,5.373105,0.288033,1.613854,3.939305,0.831138,0.0,0.080477,1.0,0.354982,0.288033,1,1,1,1,0
0.35,5.0,0.9,0.8,0.1,0.069563,0.102839,0.231387,0.98447,5.373105,0.288021,1.613854,3.939305,0.831138,0.0,0.080477,1.0,0.354982,0.288021,1,1,1,1,0
0.35,5.0,0.9,0.8,0.3,0.069563,0.102839,0.231387,0.98447,5.373105,0.287922,1.613854,3.939305,0.831138,0.0,0.080477,1.0,0.354982,0.287922,1,1,1,1,0
0.35,5.0,1.0,0.9,0.0,0.069563,0.102839,0.231387,0.98447,5.373105,0.288033,1.613854,3.939305,0.931138,0.0,0.080477,1.0,0.354982,0.288033,1,1,1,1,0
0.35,5.0,1.0,0.9,0.1,0.069563,0.102839,0.231387,0.98447,5.373105,0.288022,1.613854,3.939305,0.931138,0.0,0.080477,1.0,0.354982,0.288022,1,1,1,1,0
0.35,5.0,1.0,0.9,0.3,0.069563,0.102839,0.231387,0.98447,5.373105,0.287935,1.613854,3.939305,0.931138,0.0,0.080477,1.0,0.354982,0.287935,1,1,1,1,0
0.35,7.5,0.3,0.2,0.0,0.104678,0.102839,0.231387,0.98447,5.373105,0.288033,2.424156,5.916089,0.196376,0.0,0.120884,1.0,0.368451,0.288033,1,1,1,1,0
0.35,7.5,0.3,0.2,0.1,0.104678,0.102839,0.231387,0.98447,5.373105,0.287984,2.424156,5.916089,0.196376,0.0,0.120884,1.0,0.368451,0.287984,1,1,1,1,0
0.35,7.5,0.3,0.2,0.3,0.104678,0.102839,0.231387,0.98447,5.373105,0.287591,2.424156,5.916089,0.196376,0.0,0.120884,1.0,0.368451,0.287591,1,1,1,1,0
0.35,7.5,0.4,0.3,0.0,0.104678,0.102839,0.231387,0.98447,5.373105,0.288033,2.424156,5.916089,0.296376,0.0,0.120884,1.0,0.368451,0.288033,1,1,1,1,0
0.35,7.5,0.4,0.3,0.1,0.104678,0.102839,0.231387,0.98447,5.373105,0.288,2.424156,5.916089,0.296376,0.0,0.120884,1.0,0.368451,0.288,1,1,1,1,0
0.35,7.5,0.4,0.3,0.3,0.104678,0.102839,0.231387,0.98447,5.373105,0.287738,2.424156,5.916089,0.296376,0.0,0.120884,1.0,0.368451,0.287738,1,1,1,1,0
0.35,7.5,0.5,0.4,0.0,0.104678,0.102839,0.231387,0.98447,5.373105,0.288033,2.424156,5.916089,0.396376,0.0,0.120884,1.0,0.368451,0.288033,1,1,1,1,0
0.35,7.5,0.5,0.4,0.1,0.104678,0.102839,0.231387,0.98447,5.373105,0.288009,2.424156,5.916089,0.396376,0.0,0.120884,1.0,0.368451,0.288009,1,1,1,1,0
0.35,7.5,0.5,0.4,0.3,0.104678,0.102839,0.231387,0.98447,5.373105,0.287812,2.424156,5.916089,0.396376,0.0,0.120884,1.0,0.368451,0.287812,1,1,1,1,0
0.35,7.5,0.6,0.5,0.0,0.104678,0.102839,0.231387,0.98447,5.373105,0.288033,2.424156,5.916089,0.496376,0.0,0.120884,1.0,0.368451,0.288033,1,1,1,1,0
0.35,7.5,0.6,0.5,0.1,0.104678,0.102839,0.231387,0.98447,5.373105,0.288013,2.424156,5.916089,0.496376,0.0,0.120884,1.0,0.368451,0.288013,1,1,1,1,0
0.35,7.5,0.6,0.5,0.3,0.104678,0.102839,0.231387,0.98447,5.373105,0.287856,2.424156,5.916089,0.496376,0.0,0.120884,1.0,0.368451,0.287856,1,1,1,1,0
0.35,7.5,0.7,0.6,0.0,0.104678,0.102839,0.231387,0.98447,5.373105,0.288033,2.424156,5.916089,0.596376,0.0,0.120884,1.0,0.368451,0.288033,1,1,1,1,0
0.35,7.5,0.7,0.6,0.1,0.104678,0.102839,0.231387,0.98447,5.373105,0.288017,2.424156,5.916089,0.596376,0.0,0.120884,1.0,0.368451,0.288017,1,1,1,1,0
0.35,7.5,0.7,0.6,0.3,0.104678,0.102839,0.231387,0.98447,5.373105,0.287886,2.424156,5.916089,0.596376,0.0,0.120884,1.0,0.368451,0.287886,1,1,1,1,0
0.35,7.5,0.8,0.7,0.0,0.104678,0.102839,0.231387,0.98447,5.373105,0.288033,2.424156,5.916089,0.696376,0.0,0.120884,1.0,0.368451,0.288033,1,1,1,1,0
0.35,7.5,0.8,0.7,0.1,0.104678,0.102839,0.231387,0.98447,5.373105,0.288019,2.424156,5.916089,0.696376,0.0,0.120884,1.0,0.368451,0.288019,1,1,1,1,0
0.35,7.5,0.8,0.7,0.3,0.104678,0.102839,0.231387,0.98447,5.373105,0.287907,2.424156,5.916089,0.696376,0.0,0.120884,1.0,0.368451,0.287907,1,1,1,1,0
0.35,7.5,0.9,0.8,0.0,0.104678,0.102839,0.231387,0.98447,5.373105,0.288033,2.424156,5.916089,0.796376,0.0,0.120884,1.0,0.368451,0.288033,1,1,1,1,0
0.35,7.5,0.9,0.8,0.1,0.104678,0.102839,0.231387,0.98447,5.373105,0.288021,2.424156,5.916089,0.796376,0.0,0.120884,1.0,0.368451,0.288021,1,1,1,1,0
0.35,7.5,0.9,0.8,0.3,0.104678,0.102839,0.231387,0.98447,5.373105,0.287922,2.424156,5.916089,0.796376,0.0,0.120884,1.0,0.368451,0.287922,1,1,1,1,0
0.35,7.5,1.0,0.9,0.0,0.104678,0.102839,0.231387,0.98447,5.373105,0.288033,2.424156,5.916089,0.896376,0.0,0.120884,1.0,0.368451,0.288033,1,1,1,1,0
0.35,7.5,1.0,0.9,0.1,0.104678,0.102839,0.231387,0.98447,5.373105,0.288022,2.424156,5.916089,0.896376,0.0,0.120884,1.0,0.368451,0.288022,1,1,1,1,0
0.35,7.5,1.0,0.9,0.3,0.104678,0.102839,0.231387,0.98447,5.373105,0.287935,2.424156,5.916089,0.896376,0.0,0.120884,1.0,0.368451,0.287935,1,1,1,1,0
0.35,10.0,0.3,0.2,0.0,0.140199,0.102839,0.231387,0.98447,5.373105,0.288033,3.238603,7.90144,0.161213,0.0,0.161498,1.0,0.381989,0.288033,1,1,1,1,0
0.35,10.0,0.3,0.2,0.1,0.140199,0.102839,0.231387,0.98447,5.373105,0.287984,3.238603,7.90144,0.161213,0.0,0.161498,1.0,0.381989,0.287984,1,1,1,1,0
0.35,10.0,0.3,0.2,0.3,0.140199,0.102839,0.231387,0.98447,5.373105,0.287591,3.238603,7.90144,0.161213,0.0,0.161498,1.0,0.381989,0.287591,1,1,1,1,0
0.35,10.0,0.4,0.3,0.0,0.140199,0.102839,0.231387,0.98447,5.373105,0.288033,3.238603,7.90144,0.261213,0.0,0.161498,1.0,0.381989,0.288033,1,1,1,1,0
0.35,10.0,0.4,0.3,0.1,0.140199,0.102839,0.231387,0.98447,5.373105,0.288,3.238603,7.90144,0.261213,0.0,0.161498,1.0,0.381989,0.288,1,1,1,1,0
0.35,10.0,0.4,0.3,0.3,0.140199,0.102839,0.231387,0.98447,5.373105,0.287738,3.238603,7.90144,0.261213,0.0,0.161498,1.0,0.381989,0.287738,1,1,1,1,0
0.35,10.0,0.5,0.4,0.0,0.140199,0.102839,0.231387,0.98447,5.373105,0.288033,3.238603,7.90144,0.361213,0.0,0.161498,1.0,0.381989,0.288033,1,1,1,1,0
0.35,10.0,0.5,0.4,0.1,0.140199,0.102839,0.231387,0.98447,5.373105,0.288009,3.238603,7.90144,0.361213,0.0,0.161498,1.0,0.381989,0.288009,1,1,1,1,0
0.35,10.0,0.5,0.4,0.3,0.140199,0.102839,0.231387,0.98447,5.373105,0.287812,3.238603,7.90144,0.361213,0.0,0.161498,1.0,0.381989,0.287812,1,1,1,1,0
0.35,10.0,0.6,0.5,0.0,0.140199,0.102839,0.231387,0.98447,5.373105,0.288033,3.238603,7.90144,0.461213,0.0,0.161498,1.0,0.381989,0.288033,1,1,1,1,0
0.35,10.0,0.6,0.5,0.1,0.140199,0.102839,0.231387,0.98447,5.373105,0.288013,3.238603,7.90144,0.461213,0.0,0.161498,1.0,0.381989,0.288013,1,1,1,1,0
0.35,10.0,0.6,0.5,0.3,0.140199,0.102839,0.231387,0.98447,5.373105,0.287856,3.238603,7.90144,0.461213,0.0,0.161498,1.0,0.381989,0.287856,1,1,1,1,0
0.35,10.0,0.7,0.6,0.0,0.140199,0.102839,0.231387,0.98447,5.373105,0.288033,3.238603,7.90144,0.561213,0.0,0.161498,1.0,0.381989,0.288033,1,1,1,1,0
0.35,10.0,0.7,0.6,0.1,0.140199,0.102839,0.231387,0.98447,5.373105,0.288017,3.238603,7.90144,0.561213,0.0,0.161498,1.0,0.381989,0.288017,1,1,1,1,0
0.35,10.0,0.7,0.6,0.3,0.140199,0.102839,0.231387,0.98447,5.373105,0.287886,3.238603,7.90144,0.561213,0.0,0.161498,1.0,0.381989,0.287886,1,1,1,1,0
0.35,10.0,0.8,0.7,0.0,0.140199,0.102839,0.231387,0.98447,5.373105,0.288033,3.238603,7.90144,0.661213,0.0,0.161498,1.0,0.381989,0.288033,1,1,1,1,0
0.35,10.0,0.8,0.7,0.1,0.140199,0.102839,0.231387,0.98447,5.373105,0.288019,3.238603,7.90144,0.661213,0.0,0.161498,1.0,0.381989,0.288019,1,1,1,1,0
0.35,10.0,0.8,0.7,0.3,0.140199,0.102839,0.231387,0.98447,5.373105,0.287907,3.238603,7.90144,0.661213,0.0,0.161498,1.0,0.381989,0.287907,1,1,1,1,0
0.35,10.0,0.9,0.8,0.0,0.140199,0.102839,0.231387,0.98447,5.373105,0.288033,3.238603,7.90144,0.761213,0.0,0.161498,1.0,0.381989,0.288033,1,1,1,1,0
0.35,10.0,0.9,0.8,0.1,0.140199,0.102839,0.231387,0.98447,5.373105,0.288021,3.238603,7.90144,0.761213,0.0,0.161498,1.0,0.381989,0.288021,1,1,1,1,0
0.35,10.0,0.9,0.8,0.3,0.140199,0.102839,0.231387,0.98447,5.373105,0.287922,3.238603,7.90144,0.761213,0.0,0.161498,1.0,0.381989,0.287922,1,1,1,1,0
0.35,10.0,1.0,0.9,0.0,0.140199,0.102839,0.231387,0.98447,5.373105,0.288033,3.238603,7.90144,0.861213,0.0,0.161498,1.0,0.381989,0.288033,1,1,1,1,0
0.35,10.0,1.0,0.9,0.1,0.140199,0.102839,0.231387,0.98447,5.373105,0.288022,3.238603,7.90144,0.861213,0.0,0.161498,1.0,0.381989,0.288022,1,1,1,1,0
0.35,10.0,1.0,0.9,0.3,0.140199,0.102839,0.231387,0.98447,5.373105,0.287935,3.238603,7.90144,0.861213,0.0,0.161498,1.0,0.381989,0.287935,1,1,1,1,0
0.35,12.5,0.3,0.2,0.0,0.176271,0.102839,0.231387,0.98447,5.373105,0.288033,4.058731,9.898225,0.125504,0.007655,0.202395,1.0,0.398173,0.285828,1,1,1,1,0
0.35,12.5,0.3,0.2,0.1,0.176271,0.102839,0.231387,0.98447,5.373105,0.287984,4.058731,9.898225,0.125504,0.007655,0.202395,1.0,0.398173,0.285779,1,1,1,1,0
0.35,12.5,0.3,0.2,0.3,0.176271,0.102839,0.231387,0.98447,5.373105,0.287591,4.058731,9.898225,0.125504,0.007655,0.202395,1.0,0.398173,0.285389,1,1,1,1,0
0.35,12.5,0.4,0.3,0.0,0.176271,0.102839,0.231387,0.98447,5.373105,0.288033,4.058731,9.898225,0.225504,0.0,0.202395,1.0,0.395622,0.288033,1,1,1,1,0
0.35,12.5,0.4,0.3,0.1,0.176271,0.102839,0.231387,0.98447,5.373105,0.288,4.058731,9.898225,0.225504,0.0,0.202395,1.0,0.395622,0.288,1,1,1,1,0
0.35,12.5,0.4,0.3,0.3,0.176271,0.102839,0.231387,0.98447,5.373105,0.287738,4.058731,9.898225,0.225504,0.0,0.202395,1.0,0.395622,0.287738,1,1,1,1,0
0.35,12.5,0.5,0.4,0.0,0.176271,0.102839,0.231387,0.98447,5.373105,0.288033,4.058731,9.898225,0.325504,0.0,0.202395,1.0,0.395622,0.288033,1,1,1,1,0
0.35,12.5,0.5,0.4,0.1,0.176271,0.102839,0.231387,0.98447,5.373105,0.288009,4.058731,9.898225,0.325504,0.0,0.202395,1.0,0.395622,0.288009,1,1,1,1,0
0.35,12.5,0.5,0.4,0.3,0.176271,0.102839,0.231387,0.98447,5.373105,0.287812,4.058731,9.898225,0.325504,0.0,0.202395,1.0,0.395622,0.287812,1,1,1,1,0
0.35,12.5,0.6,0.5,0.0,0.176271,0.102839,0.231387,0.98447,5.373105,0.288033,4.058731,9.898225,0.425504,0.0,0.202395,1.0,0.395622,0.288033,1,1,1,1,0
0.35,12.5,0.6,0.5,0.1,0.176271,0.102839,0.231387,0.98447,5.373105,0.288013,4.058731,9.898225,0.425504,0.0,0.202395,1.0,0.395622,0.288013,1,1,1,1,0
0.35,12.5,0.6,0.5,0.3,0.176271,0.102839,0.231387,0.98447,5.373105,0.287856,4.058731,9.898225,0.425504,0.0,0.202395,1.0,0.395622,0.287856,1,1,1,1,0
0.35,12.5,0.7,0.6,0.0,0.176271,0.102839,0.231387,0.98447,5.373105,0.288033,4.058731,9.898225,0.525504,0.0,0.202395,1.0,0.395622,0.288033,1,1,1,1,0
0.35,12.5,0.7,0.6,0.1,0.176271,0.102839,0.231387,0.98447,5.373105,0.288017,4.058731,9.898225,0.525504,0.0,0.202395,1.0,0.395622,0.288017,1,1,1,1,0
0.35,12.5,0.7,0.6,0.3,0.176271,0.102839,0.231387,0.98447,5.373105,0.287886,4.058731,9.898225,0.525504,0.0,0.202395,1.0,0.395622,0.287886,1,1,1,1,0
0.35,12.5,0.8,0.7,0.0,0.176271,0.102839,0.231387,0.98447,5.373105,0.288033,4.058731,9.898225,0.625504,0.0,0.202395,1.0,0.395622,0.288033,1,1,1,1,0
0.35,12.5,0.8,0.7,0.1,0.176271,0.102839,0.231387,0.98447,5.373105,0.288019,4.058731,9.898225,0.625504,0.0,0.202395,1.0,0.395622,0.288019,1,1,1,1,0
0.35,12.5,0.8,0.7,0.3,0.176271,0.102839,0.231387,0.98447,5.373105,0.287907,4.058731,9.898225,0.625504,0.0,0.202395,1.0,0.395622,0.287907,1,1,1,1,0
0.35,12.5,0.9,0.8,0.0,0.176271,0.102839,0.231387,0.98447,5.373105,0.288033,4.058731,9.898225,0.725504,0.0,0.202395,1.0,0.395622,0.288033,1,1,1,1,0
0.35,12.5,0.9,0.8,0.1,0.176271,0.102839,0.231387,0.98447,5.373105,0.288021,4.058731,9.898225,0.725504,0.0,0.202395,1.0,0.395622,0.288021,1,1,1,1,0
0.35,12.5,0.9,0.8,0.3,0.176271,0.102839,0.231387,0.98447,5.373105,0.287922,4.058731,9.898225,0.725504,0.0,0.202395,1.0,0.395622,0.287922,1,1,1,1,0
0.35,12.5,1.0,0.9,0.0,0.176271,0.102839,0.231387,0.98447,5.373105,0.288033,4.058731,9.898225,0.825504,0.0,0.202395,1.0,0.395622,0.288033,1,1,1,1,0
0.35,12.5,1.0,0.9,0.1,0.176271,0.102839,0.231387,0.98447,5.373105,0.288022,4.058731,9.898225,0.825504,0.0,0.202395,1.0,0.395622,0.288022,1,1,1,1,0
0.35,12.5,1.0,0.9,0.3,0.176271,0.102839,0.231387,0.98447,5.373105,0.287935,4.058731,9.898225,0.825504,0.0,0.202395,1.0,0.395622,0.287935,1,1,1,1,0
0.35,15.0,0.3,0.2,0.0,0.213048,0.102839,0.231387,0.98447,5.373105,0.288033,4.886207,11.909322,0.089097,0.027111,0.242113,0.998454,0.417898,0.279791,1,1,1,1,0
0.35,15.0,0.3,0.2,0.1,0.213048,0.102839,0.231387,0.98447,5.373105,0.287984,4.886207,11.909322,0.089097,0.027111,0.242113,0.998454,0.417898,0.279743,1,1,1,1,0
0.35,15.0,0.3,0.2,0.3,0.213048,0.102839,0.231387,0.98447,5.373105,0.287591,4.886207,11.909322,0.089097,0.027111,0.242113,0.998454,0.417898,0.279361,1,1,1,1,0
0.35,15.0,0.4,0.3,0.0,0.213048,0.102839,0.231387,0.98447,5.373105,0.288033,4.886207,11.909322,0.189097,0.001881,0.242113,0.998454,0.409488,0.287047,1,1,1,1,0
0.35,15.0,0.4,0.3,0.1,0.213048,0.102839,0.231387,0.98447,5.373105,0.288,4.886207,11.909322,0.189097,0.001881,0.242113,0.998454,0.409488,0.287014,1,1,1,1,0
0.35,15.0,0.4,0.3,0.3,0.213048,0.102839,0.231387,0.98447,5.373105,0.287738,4.886207,11.909322,0.189097,0.001881,0.242113,0.998454,0.409488,0.286753,1,1,1,1,0
0.35,15.0,0.5,0.4,0.0,0.213048,0.102839,0.231387,0.98447,5.373105,0.288033,4.886207,11.909322,0.289097,0.0,0.242113,0.998454,0.408861,0.287588,1,1,1,1,0
0.35,15.0,0.5,0.4,0.1,0.213048,0.102839,0.231387,0.98447,5.373105,0.288009,4.886207,11.909322,0.289097,0.0,0.242113,0.998454,0.408861,0.287563,1,1,1,1,0
0.35,15.0,0.5,0.4,0.3,0.213048,0.102839,0.231387,0.98447,5.373105,0.287812,4.886207,11.909322,0.289097,0.0,0.242113,0.998454,0.408861,0.287367,1,1,1,1,0
0.35,15.0,0.6,0.5,0.0,0.213048,0.102839,0.231387,0.98447,5.373105,0.288033,4.886207,11.909322,0.389097,0.0,0.242113,0.998454,0.408861,0.287588,1,1,1,1,0
0.35,15.0,0.6,0.5,0.1,0.213048,0.102839,0.231387,0.98447,5.373105,0.288013,4.886207,11.909322,0.389097,0.0,0.242113,0.998454,0.408861,0.287568,1,1,1,1,0
0.35,15.0,0.6,0.5,0.3,0.213048,0.102839,0.231387,0.98447,5.373105,0.287856,4.886207,11.909322,0.389097,0.0,0.242113,0.998454,0.408861,0.287411,1,1,1,1,0
0.35,15.0,0.7,0.6,0.0,0.213048,0.102839,0.231387,0.98447,5.373105,0.288033,4.886207,11.909322,0.489097,0.0,0.242113,0.998454,0.408861,0.287588,1,1,1,1,0
0.35,15.0,0.7,0.6,0.1,0.213048,0.102839,0.231387,0.98447,5.373105,0.288017,4.886207,11.909322,0.489097,0.0,0.242113,0.998454,0.408861,0.287572,1,1,1,1,0
0.35,15.0,0.7,0.6,0.3,0.213048,0.102839,0.231387,0.98447,5.373105,0.287886,4.886207,11.909322,0.489097,0.0,0.242113,0.998454,0.408861,0.287441,1,1,1,1,0
0.35,15.0,0.8,0.7,0.0,0.213048,0.102839,0.231387,0.98447,5.373105,0.288033,4.886207,11.909322,0.589097,0.0,0.242113,0.998454,0.408861,0.287588,1,1,1,1,0
0.35,15.0,0.8,0.7,0.1,0.213048,0.102839,0.231387,0.98447,5.373105,0.288019,4.886207,11.909322,0.589097,0.0,0.242113,0.998454,0.408861,0.287574,1,1,1,1,0
0.35,15.0,0.8,0.7,0.3,0.213048,0.102839,0.231387,0.98447,5.373105,0.287907,4.886207,11.909322,0.589097,0.0,0.242113,0.998454,0.408861,0.287462,1,1,1,1,0
0.35,15.0,0.9,0.8,0.0,0.213048,0.102839,0.231387,0.98447,5.373105,0.288033,4.886207,11.909322,0.689097,0.0,0.242113,0.998454,0.408861,0.287588,1,1,1,1,0
0.35,15.0,0.9,0.8,0.1,0.213048,0.102839,0.231387,0.98447,5.373105,0.288021,4.886207,11.909322,0.689097,0.0,0.242113,0.998454,0.408861,0.287576,1,1,1,1,0
0.35,15.0,0.9,0.8,0.3,0.213048,0.102839,0.231387,0.98447,5.373105,0.287922,4.886207,11.909322,0.689097,0.0,0.242113,0.998454,0.408861,0.287478,1,1,1,1,0
0.35,15.0,1.0,0.9,0.0,0.213048,0.102839,0.231387,0.98447,5.373105,0.288033,4.886207,11.909322,0.789097,0.0,0.242113,0.998454,0.408861,0.287588,1,1,1,1,0
0.35,15.0,1.0,0.9,0.1,0.213048,0.102839,0.231387,0.98447,5.373105,0.288022,4.886207,11.909322,0.789097,0.0,0.242113,0.998454,0.408861,0.287577,1,1,1,1,0
0.35,15.0,1.0,0.9,0.3,0.213048,0.102839,0.231387,0.98447,5.373105,0.287935,4.886207,11.909322,0.789097,0.0,0.242113,0.998454,0.408861,0.28749,1,1,1,1,0
0.35,17.5,0.3,0.2,0.0,0.250696,0.102839,0.231387,0.98447,5.373105,0.288033,5.722859,13.937619,0.051828,0.0513,0.279733,0.994354,0.438501,0.271714,1,1,1,1,0
0.35,17.5,0.3,0.2,0.1,0.250696,0.102839,0.231387,0.98447,5.373105,0.287984,5.722859,13.937619,0.051828,0.0513,0.279733,0.994354,0.438501,0.271668,1,1,1,1,0
0.35,17.5,0.3,0.2,0.3,0.250696,0.102839,0.231387,0.98447,5.373105,0.287591,5.722859,13.937619,0.051828,0.0513,0.279733,0.994354,0.438501,0.271297,1,1,1,1,0
0.35,17.5,0.4,0.3,0.0,0.250696,0.102839,0.231387,0.98447,5.373105,0.288033,5.722859,13.937619,0.151828,0.01211,0.279733,0.994354,0.425437,0.282939,1,1,1,1,0
0.35,17.5,0.4,0.3,0.1,0.250696,0.102839,0.231387,0.98447,5.373105,0.288,5.722859,13.937619,0.151828,0.01211,0.279733,0.994354,0.425437,0.282906,1,1,1,1,0
0.35,17.5,0.4,0.3,0.3,0.250696,0.102839,0.231387,0.98447,5.373105,0.287738,5.722859,13.937619,0.151828,0.01211,0.279733,0.994354,0.425437,0.282649,1,1,1,1,0
0.35,17.5,0.5,0.4,0.0,0.250696,0.102839,0.231387,0.98447,5.373105,0.288033,5.722859,13.937619,0.251828,0.000371,0.279733,0.994354,0.421524,0.286301,1,1,1,1,0
0.35,17.5,0.5,0.4,0.1,0.250696,0.102839,0.231387,0.98447,5.373105,0.288009,5.722859,13.937619,0.251828,0.000371,0.279733,0.994354,0.421524,0.286276,1,1,1,1,0
0.35,17.5,0.5,0.4,0.3,0.250696,0.102839,0.231387,0.98447,5.373105,0.287812,5.722859,13.937619,0.251828,0.000371,0.279733,0.994354,0.421524,0.286081,1,1,1,1,0
0.35,17.5,0.6,0.5,0.0,0.250696,0.102839,0.231387,0.98447,5.373105,0.288033,5.722859,13.937619,0.351828,0.0,0.279733,0.994354,0.421401,0.286407,1,1,1,1,0
0.35,17.5,0.6,0.5,0.1,0.250696,0.102839,0.231387,0.98447,5.373105,0.288013,5.722859,13.937619,0.351828,0.0,0.279733,0.994354,0.421401,0.286387,1,1,1,1,0
0.35,17.5,0.6,0.5,0.3,0.250696,0.102839,0.231387,0.98447,5.373105,0.287856,5.722859,13.937619,0.351828,0.0,0.279733,0.994354,0.421401,0.286231,1,1,1,1,0
0.35,17.5,0.7,0.6,0.0,0.250696,0.102839,0.231387,0.98447,5.373105,0.288033,5.722859,13.937619,0.451828,0.0,0.279733,0.994354,0.421401,0.286407,1,1,1,1,0
0.35,17.5,0.7,0.6,0.1,0.250696,0.102839,0.231387,0.98447,5.373105,0.288017,5.722859,13.937619,0.451828,0.0,0.279733,0.994354,0.421401,0.286391,1,1,1,1,0
0.35,17.5,0.7,0.6,0.3,0.250696,0.102839,0.231387,0.98447,5.373105,0.287886,5.722859,13.937619,0.451828,0.0,0.279733,0.994354,0.421401,0.28626,1,1,1,1,0
0.35,17.5,0.8,0.7,0.0,0.250696,0.102839,0.231387,0.98447,5.373105,0.288033,5.722859,13.937619,0.551828,0.0,0.279733,0.994354,0.421401,0.286407,1,1,1,1,0
0.35,17.5,0.8,0.7,0.1,0.250696,0.102839,0.231387,0.98447,5.373105,0.288019,5.722859,13.937619,0.551828,0.0,0.279733,0.994354,0.421401,0.286393,1,1,1,1,0
0.35,17.5,0.8,0.7,0.3,0.250696,0.102839,0.231387,0.98447,5.373105,0.287907,5.722859,13.937619,0.551828,0.0,0.279733,0.994354,0.421401,0.286281,1,1,1,1,0
0.35,17.5,0.9,0.8,0.0,0.250696,0.102839,0.231387,0.98447,5.373105,0.288033,5.722859,13.937619,0.651828,0.0,0.279733,0.994354,0.421401,0.286407,1,1,1,1,0
0.35,17.5,0.9,0.8,0.1,0.250696,0.102839,0.231387,0.98447,5.373105,0.288021,5.722859,13.937619,0.651828,0.0,0.279733,0.994354,0.421401,0.286395,1,1,1,1,0
0.35,17.5,0.9,0.8,0.3,0.250696,0.102839,0.231387,0.98447,5.373105,0.287922,5.722859,13.937619,0.651828,0.0,0.279733,0.994354,0.421401,0.286297,1,1,1,1,0
0.35,17.5,1.0,0.9,0.0,0.250696,0.102839,0.231387,0.98447,5.373105,0.288033,5.722859,13.937619,0.751828,0.0,0.279733,0.994354,0.421401,0.286407,1,1,1,1,0
0.35,17.5,1.0,0.9,0.1,0.250696,0.102839,0.231387,0.98447,5.373105,0.288022,5.722859,13.937619,0.751828,0.0,0.279733,0.994354,0.421401,0.286396,1,1,1,1,0
0.35,17.5,1.0,0.9,0.3,0.250696,0.102839,0.231387,0.98447,5.373105,0.287935,5.722859,13.937619,0.751828,0.0,0.279733,0.994354,0.421401,0.286309,1,1,1,1,0
0.35,20.0,0.3,0.2,0.0,0.289395,0.102839,0.231387,0.98447,5.373105,0.288033,6.570705,15.986012,0.013519,0.077579,0.315355,0.987697,0.459135,0.262419,1,1,1,1,0
0.35,20.0,0.3,0.2,0.1,0.289395,0.102839,0.231387,0.98447,5.373105,0.287984,6.570705,15.986012,0.013519,0.077579,0.315355,0.987697,0.459135,0.262374,1,1,1,1,0
0.35,20.0,0.3,0.2,0.3,0.289395,0.102839,0.231387,0.98447,5.373105,0.287591,6.570705,15.986012,0.013519,0.077579,0.315355,0.987697,0.459135,0.262016,1,1,1,1,0
0.35,20.0,0.4,0.3,0.0,0.289395,0.102839,0.231387,0.98447,5.373105,0.288033,6.570705,15.986012,0.113519,0.029791,0.315355,0.987697,0.443205,0.276014,1,1,1,1,0
0.35,20.0,0.4,0.3,0.1,0.289395,0.102839,0.231387,0.98447,5.373105,0.288,6.570705,15.986012,0.113519,0.029791,0.315355,0.987697,0.443205,0.275983,1,1,1,1,0
0.35,20.0,0.4,0.3,0.3,0.289395,0.102839,0.231387,0.98447,5.373105,0.287738,6.570705,15.986012,0.113519,0.029791,0.315355,0.987697,0.443205,0.275732,1,1,1,1,0
0.35,20.0,0.5,0.4,0.0,0.289395,0.102839,0.231387,0.98447,5.373105,0.288033,6.570705,15.986012,0.213519,0.006655,0.315355,0.987697,0.435494,0.282596,1,1,1,1,0
0.35,20.0,0.5,0.4,0.1,0.289395,0.102839,0.231387,0.98447,5.373105,0.288009,6.570705,15.986012,0.213519,0.006655,0.315355,0.987697,0.435494,0.282572,1,1,1,1,0
0.35,20.0,0.5,0.4,0.3,0.289395,0.102839,0.231387,0.98447,5.373105,0.287812,6.570705,15.986012,0.213519,0.006655,0.315355,0.987697,0.435494,0.282379,1,1,1,1,0
0.35,20.0,0.6,0.5,0.0,0.289395,0.102839,0.231387,0.98447,5.373105,0.288033,6.570705,15.986012,0.313519,0.0,0.315355,0.987697,0.433275,0.284489,1,1,1,1,0
0.35,20.0,0.6,0.5,0.1,0.289395,0.102839,0.231387,0.98447,5.373105,0.288013,6.570705,15.986012,0.313519,0.0,0.315355,0.987697,0.433275,0.28447,1,1,1,1,0
0.35,20.0,0.6,0.5,0.3,0.289395,0.102839,0.231387,0.98447,5.373105,0.287856,6.570705,15.986012,0.313519,0.0,0.315355,0.987697,0.433275,0.284315,1,1,1,1,0
0.35,20.0,0.7,0.6,0.0,0.289395,0.102839,0.231387,0.98447,5.373105,0.288033,6.570705,15.986012,0.413519,0.0,0.315355,0.987697,0.433275,0.284489,1,1,1,1,0
0.35,20.0,0.7,0.6,0.1,0.289395,0.102839,0.231387,0.98447,5.373105,0.288017,6.570705,15.986012,0.413519,0.0,0.315355,0.987697,0.433275,0.284473,1,1,1,1,0
0.35,20.0,0.7,0.6,0.3,0.289395,0.102839,0.231387,0.98447,5.373105,0.287886,6.570705,15.986012,0.413519,0.0,0.315355,0.987697,0.433275,0.284344,1,1,1,1,0
0.35,20.0,0.8,0.7,0.0,0.289395,0.102839,0.231387,0.98447,5.373105,0.288033,6.570705,15.986012,0.513519,0.0,0.315355,0.987697,0.433275,0.284489,1,1,1,1,0
0.35,20.0,0.8,0.7,0.1,0.289395,0.102839,0.231387,0.98447,5.373105,0.288019,6.570705,15.986012,0.513519,0.0,0.315355,0.987697,0.433275,0.284476,1,1,1,1,0
0.35,20.0,0.8,0.7,0.3,0.289395,0.102839,0.231387,0.98447,5.373105,0.287907,6.570705,15.986012,0.513519,0.0,0.315355,0.987697,0.433275,0.284365,1,1,1,1,0
0.35,20.0,0.9,0.8,0.0,0.289395,0.102839,0.231387,0.98447,5.373105,0.288033,6.570705,15.986012,0.613519,0.0,0.315355,0.987697,0.433275,0.284489,1,1,1,1,0
0.35,20.0,0.9,0.8,0.1,0.289395,0.102839,0.231387,0.98447,5.373105,0.288021,6.570705,15.986012,0.613519,0.0,0.315355,0.987697,0.433275,0.284477,1,1,1,1,0
0.35,20.0,0.9,0.8,0.3,0.289395,0.102839,0.231387,0.98447,5.373105,0.287922,6.570705,15.986012,0.613519,0.0,0.315355,0.987697,0.433275,0.28438,1,1,1,1,0
0.35,20.0,1.0,0.9,0.0,0.289395,0.102839,0.231387,0.98447,5.373105,0.288033,6.570705,15.986012,0.713519,0.0,0.315355,0.987697,0.433275,0.284489,1,1,1,1,0
0.35,20.0,1.0,0.9,0.1,0.289395,0.102839,0.231387,0.98447,5.373105,0.288022,6.570705,15.986012,0.713519,0.0,0.315355,0.987697,0.433275,0.284479,1,1,1,1,0
0.35,20.0,1.0,0.9,0.3,0.289395,0.102839,0.231387,0.98447,5.373105,0.287935,6.570705,15.986012,0.713519,0.0,0.315355,0.987697,0.433275,0.284392,1,1,1,1,0
0.35,22.5,0.3,0.2,0.0,0.329344,0.102839,0.231387,0.98447,5.373105,0.288033,7.431985,18.057406,-0.026028,0.110111,0.350799,0.980191,0.481793,0.25124,1,1,0,0,0
0.35,22.5,0.3,0.2,0.1,0.329344,0.102839,0.231387,0.98447,5.373105,0.287984,7.431985,18.057406,-0.026028,0.110111,0.350799,0.980191,0.481793,0.251197,1,1,0,0,0
0.35,22.5,0.3,0.2,0.3,0.329344,0.102839,0.231387,0.98447,5.373105,0.287591,7.431985,18.057406,-0.026028,0.110111,0.350799,0.980191,0.481793,0.250854,1,1,0,0,0
0.35,22.5,0.4,0.3,0.0,0.329344,0.102839,0.231387,0.98447,5.373105,0.288033,7.431985,18.057406,0.073972,0.049147,0.350799,0.980191,0.461472,0.268452,1,1,1,1,1
0.35,22.5,0.4,0.3,0.1,0.329344,0.102839,0.231387,0.98447,5.373105,0.288,7.431985,18.057406,0.073972,0.049147,0.350799,0.980191,0.461472,0.268421,1,1,1,1,0
0.35,22.5,0.4,0.3,0.3,0.329344,0.102839,0.231387,0.98447,5.373105,0.287738,7.431985,18.057406,0.073972,0.049147,0.350799,0.980191,0.461472,0.268177,1,1,1,1,0
0.35,22.5,0.5,0.4,0.0,0.329344,0.102839,0.231387,0.98447,5.373105,0.288033,7.431985,18.057406,0.173972,0.017957,0.350799,0.980191,0.451075,0.277258,1,1,1,1,0
0.35,22.5,0.5,0.4,0.1,0.329344,0.102839,0.231387,0.98447,5.373105,0.288009,7.431985,18.057406,0.173972,0.017957,0.350799,0.980191,0.451075,0.277234,1,1,1,1,0
0.35,22.5,0.5,0.4,0.3,0.329344,0.102839,0.231387,0.98447,5.373105,0.287812,7.431985,18.057406,0.173972,0.017957,0.350799,0.980191,0.451075,0.277045,1,1,1,1,0
0.35,22.5,0.6,0.5,0.0,0.329344,0.102839,0.231387,0.98447,5.373105,0.288033,7.431985,18.057406,0.273972,0.00318,0.350799,0.980191,0.44615,0.28143,1,1,1,1,0
0.35,22.5,0.6,0.5,0.1,0.329344,0.102839,0.231387,0.98447,5.373105,0.288013,7.431985,18.057406,0.273972,0.00318,0.350799,0.980191,0.44615,0.281411,1,1,1,1,0
0.35,22.5,0.6,0.5,0.3,0.329344,0.102839,0.231387,0.98447,5.373105,0.287856,7.431985,18.057406,0.273972,0.00318,0.350799,0.980191,0.44615,0.281257,1,1,1,1,0
0.35,22.5,0.7,0.6,0.0,0.329344,0.102839,0.231387,0.98447,5.373105,0.288033,7.431985,18.057406,0.373972,0.0,0.350799,0.980191,0.44509,0.282328,1,1,1,1,0
0.35,22.5,0.7,0.6,0.1,0.329344,0.102839,0.231387,0.98447,5.373105,0.288017,7.431985,18.057406,0.373972,0.0,0.350799,0.980191,0.44509,0.282312,1,1,1,1,0
0.35,22.5,0.7,0.6,0.3,0.329344,0.102839,0.231387,0.98447,5.373105,0.287886,7.431985,18.057406,0.373972,0.0,0.350799,0.980191,0.44509,0.282183,1,1,1,1,0
0.35,22.5,0.8,0.7,0.0,0.329344,0.102839,0.231387,0.98447,5.373105,0.288033,7.431985,18.057406,0.473972,0.0,0.350799,0.980191,0.44509,0.282328,1,1,1,1,0
0.35,22.5,0.8,0.7,0.1,0.329344,0.102839,0.231387,0.98447,5.373105,0.288019,7.431985,18.057406,0.473972,0.0,0.350799,0.980191,0.44509,0.282314,1,1,1,1,0
0.35,22.5,0.8,0.7,0.3,0.329344,0.102839,0.231387,0.98447,5.373105,0.287907,7.431985,18.057406,0.473972,0.0,0.350799,0.980191,0.44509,0.282204,1,1,1,1,0
0.35,22.5,0.9,0.8,0.0,0.329344,0.102839,0.231387,0.98447,5.373105,0.288033,7.431985,18.057406,0.573972,0.0,0.350799,0.980191,0.44509,0.282328,1,1,1,1,0
0.35,22.5,0.9,0.8,0.1,0.329344,0.102839,0.231387,0.98447,5.373105,0.288021,7.431985,18.057406,0.573972,0.0,0.350799,0.980191,0.44509,0.282316,1,1,1,1,0
0.35,22.5,0.9,0.8,0.3,0.329344,0.102839,0.231387,0.98447,5.373105,0.287922,7.431985,18.057406,0.573972,0.0,0.350799,0.980191,0.44509,0.282219,1,1,1,1,0
0.35,22.5,1.0,0.9,0.0,0.329344,0.102839,0.231387,0.98447,5.373105,0.288033,7.431985,18.057406,0.673972,0.0,0.350799,0.980191,0.44509,0.282328,1,1,1,1,0
0.35,22.5,1.0,0.9,0.1,0.329344,0.102839,0.231387,0.98447,5.373105,0.288022,7.431985,18.057406,0.673972,0.0,0.350799,0.980191,0.44509,0.282317,1,1,1,1,0
0.35,22.5,1.0,0.9,0.3,0.329344,0.102839,0.231387,0.98447,5.373105,0.287935,7.431985,18.057406,0.673972,0.0,0.350799,0.980191,0.44509,0.282231,1,1,1,1,0
0.35,25.0,0.3,0.2,0.0,0.370764,0.102839,0.231387,0.98447,5.373105,0.288033,8.309196,20.154705,-0.067031,0.141955,0.383126,0.968775,0.503184,0.239428,0,1,0,0,0
0.35,25.0,0.3,0.2,0.1,0.370764,0.102839,0.231387,0.98447,5.373105,0.287984,8.309196,20.154705,-0.067031,0.141955,0.383126,0.968775,0.503184,0.239387,0,1,0,0,0
0.35,25.0,0.3,0.2,0.3,0.370764,0.102839,0.231387,0.98447,5.373105,0.287591,8.309196,20.154705,-0.067031,0.141955,0.383126,0.968775,0.503184,0.23906,0,1,0,0,0
0.35,25.0,0.4,0.3,0.0,0.370764,0.102839,0.231387,0.98447,5.373105,0.288033,8.309196,20.154705,0.032969,0.068576,0.383126,0.968775,0.478724,0.259904,0,1,1,0,0
0.35,25.0,0.4,0.3,0.1,0.370764,0.102839,0.231387,0.98447,5.373105,0.288,8.309196,20.154705,0.032969,0.068576,0.383126,0.968775,0.478724,0.259874,0,1,1,0,0
0.35,25.0,0.4,0.3,0.3,0.370764,0.102839,0.231387,0.98447,5.373105,0.287738,8.309196,20.154705,0.032969,0.068576,0.383126,0.968775,0.478724,0.259638,0,1,1,0,0
0.35,25.0,0.5,0.4,0.0,0.370764,0.102839,0.231387,0.98447,5.373105,0.288033,8.309196,20.154705,0.132969,0.033573,0.383126,0.968775,0.467056,0.269671,0,1,1,0,0
0.35,25.0,0.5,0.4,0.1,0.370764,0.102839,0.231387,0.98447,5.373105,0.288009,8.309196,20.154705,0.132969,0.033573,0.383126,0.968775,0.467056,0.269648,0,1,1,0,0
0.35,25.0,0.5,0.4,0.3,0.370764,0.102839,0.231387,0.98447,5.373105,0.287812,8.309196,20.154705,0.132969,0.033573,0.383126,0.968775,0.467056,0.269464,0,1,1,0,0
0.35,25.0,0.6,0.5,0.0,0.370764,0.102839,0.231387,0.98447,5.373105,0.288033,8.309196,20.154705,0.232969,0.010936,0.383126,0.968775,0.459511,0.275988,0,1,1,0,0
0.35,25.0,0.6,0.5,0.1,0.370764,0.102839,0.231387,0.98447,5.373105,0.288013,8.309196,20.154705,0.232969,0.010936,0.383126,0.968775,0.459511,0.275969,0,1,1,0,0
0.35,25.0,0.6,0.5,0.3,0.370764,0.102839,0.231387,0.98447,5.373105,0.287856,8.309196,20.154705,0.232969,0.010936,0.383126,0.968775,0.459511,0.275818,0,1,1,0,0
0.35,25.0,0.7,0.6,0.0,0.370764,0.102839,0.231387,0.98447,5.373105,0.288033,8.309196,20.154705,0.332969,0.001745,0.383126,0.968775,0.456447,0.278552,0,1,1,0,0
0.35,25.0,0.7,0.6,0.1,0.370764,0.102839,0.231387,0.98447,5.373105,0.288017,8.309196,20.154705,0.332969,0.001745,0.383126,0.968775,0.456447,0.278536,0,1,1,0,0
0.35,25.0,0.7,0.6,0.3,0.370764,0.102839,0.231387,0.98447,5.373105,0.287886,8.309196,20.154705,0.332969,0.001745,0.383126,0.968775,0.456447,0.27841,0,1,1,0,0
0.35,25.0,0.8,0.7,0.0,0.370764,0.102839,0.231387,0.98447,5.373105,0.288033,8.309196,20.154705,0.432969,0.0,0.383126,0.968775,0.455865,0.279039,0,1,1,0,0
0.35,25.0,0.8,0.7,0.1,0.370764,0.102839,0.231387,0.98447,5.373105,0.288019,8.309196,20.154705,0.432969,0.0,0.383126,0.968775,0.455865,0.279026,0,1,1,0,0
0.35,25.0,0.8,0.7,0.3,0.370764,0.102839,0.231387,0.98447,5.373105,0.287907,8.309196,20.154705,0.432969,0.0,0.383126,0.968775,0.455865,0.278917,0,1,1,0,0
0.35,25.0,0.9,0.8,0.0,0.370764,0.102839,0.231387,0.98447,5.373105,0.288033,8.309196,20.154705,0.532969,0.0,0.383126,0.968775,0.455865,0.279039,0,1,1,0,0
0.35,25.0,0.9,0.8,0.1,0.370764,0.102839,0.231387,0.98447,5.373105,0.288021,8.309196,20.154705,0.532969,0.0,0.383126,0.968775,0.455865,0.279027,0,1,1,0,0
0.35,25.0,0.9,0.8,0.3,0.370764,0.102839,0.231387,0.98447,5.373105,0.287922,8.309196,20.154705,0.532969,0.0,0.383126,0.968775,0.455865,0.278932,0,1,1,0,0
0.35,25.0,1.0,0.9,0.0,0.370764,0.102839,0.231387,0.98447,5.373105,0.288033,8.309196,20.154705,0.632969,0.0,0.383126,0.968775,0.455865,0.279039,0,1,1,0,0
0.35,25.0,1.0,0.9,0.1,0.370764,0.102839,0.231387,0.98447,5.373105,0.288022,8.309196,20.154705,0.632969,0.0,0.383126,0.968775,0.455865,0.279029,0,1,1,0,0
0.35,25.0,1.0,0.9,0.3,0.370764,0.102839,0.231387,0.98447,5.373105,0.287935,8.309196,20.154705,0.632969,0.0,0.383126,0.968775,0.455865,0.278944,0,1,1,0,0
0.35,27.5,0.3,0.2,0.0,0.413906,0.102839,0.231387,0.98447,5.373105,0.288033,9.20513,22.280809,-0.109739,0.171901,0.41356,0.954532,0.52331,0.227675,0,1,0,0,0
0.35,27.5,0.3,0.2,0.1,0.413906,0.102839,0.231387,0.98447,5.373105,0.287984,9.20513,22.280809,-0.109739,0.171901,0.41356,0.954532,0.52331,0.227636,0,1,0,0,0
0.35,27.5,0.3,0.2,0.3,0.413906,0.102839,0.231387,0.98447,5.373105,0.287591,9.20513,22.280809,-0.109739,0.171901,0.41356,0.954532,0.52331,0.227325,0,1,0,0,0
0.35,27.5,0.4,0.3,0.0,0.413906,0.102839,0.231387,0.98447,5.373105,0.288033,9.20513,22.280809,-0.009739,0.094355,0.41356,0.954532,0.497462,0.248995,0,1,0,0,0
0.35,27.5,0.4,0.3,0.1,0.413906,0.102839,0.231387,0.98447,5.373105,0.288,9.20513,22.280809,-0.009739,0.094355,0.41356,0.954532,0.497462,0.248967,0,1,0,0,0
0.35,27.5,0.4,0.3,0.3,0.413906,0.102839,0.231387,0.98447,5.373105,0.287738,9.20513,22.280809,-0.009739,0.094355,0.41356,0.954532,0.497462,0.24874,0,1,0,0,0
0.35,27.5,0.5,0.4,0.0,0.413906,0.102839,0.231387,0.98447,5.373105,0.288033,9.20513,22.280809,0.090261,0.049907,0.41356,0.954532,0.482645,0.261216,0,1,1,0,0
0.35,27.5,0.5,0.4,0.1,0.413906,0.102839,0.231387,0.98447,5.373105,0.288009,9.20513,22.280809,0.090261,0.049907,0.41356,0.954532,0.482645,0.261193,0,1,1,0,0
0.35,27.5,0.5,0.4,0.3,0.413906,0.102839,0.231387,0.98447,5.373105,0.287812,9.20513,22.280809,0.090261,0.049907,0.41356,0.954532,0.482645,0.261015,0,1,1,0,0
0.35,27.5,0.6,0.5,0.0,0.413906,0.102839,0.231387,0.98447,5.373105,0.288033,9.20513,22.280809,0.190261,0.023269,0.41356,0.954532,0.473766,0.268539,0,1,1,0,0
0.35,27.5,0.6,0.5,0.1,0.413906,0.102839,0.231387,0.98447,5.373105,0.288013,9.20513,22.280809,0.190261,0.023269,0.41356,0.954532,0.473766,0.268521,0,1,1,0,0
0.35,27.5,0.6,0.5,0.3,0.413906,0.102839,0.231387,0.98447,5.373105,0.287856,9.20513,22.280809,0.190261,0.023269,0.41356,0.954532,0.473766,0.268374,0,1,1,0,0
0.35,27.5,0.7,0.6,0.0,0.413906,0.102839,0.231387,0.98447,5.373105,0.288033,9.20513,22.280809,0.290261,0.008071,0.41356,0.954532,0.4687,0.272718,0,1,1,0,0
0.35,27.5,0.7,0.6,0.1,0.413906,0.102839,0.231387,0.98447,5.373105,0.288017,9.20513,22.280809,0.290261,0.008071,0.41356,0.954532,0.4687,0.272702,0,1,1,0,0
0.35,27.5,0.7,0.6,0.3,0.413906,0.102839,0.231387,0.98447,5.373105,0.287886,9.20513,22.280809,0.290261,0.008071,0.41356,0.954532,0.4687,0.272578,0,1,1,0,0
0.35,27.5,0.8,0.7,0.0,0.413906,0.102839,0.231387,0.98447,5.373105,0.288033,9.20513,22.280809,0.390261,0.001167,0.41356,0.954532,0.466399,0.274616,0,1,1,0,0
0.35,27.5,0.8,0.7,0.1,0.413906,0.102839,0.231387,0.98447,5.373105,0.288019,9.20513,22.280809,0.390261,0.001167,0.41356,0.954532,0.466399,0.274603,0,1,1,0,0
0.35,27.5,0.8,0.7,0.3,0.413906,0.102839,0.231387,0.98447,5.373105,0.287907,9.20513,22.280809,0.390261,0.001167,0.41356,0.954532,0.466399,0.274496,0,1,1,0,0
0.35,27.5,0.9,0.8,0.0,0.413906,0.102839,0.231387,0.98447,5.373105,0.288033,9.20513,22.280809,0.490261,0.0,0.41356,0.954532,0.46601,0.274937,0,1,1,0,0
0.35,27.5,0.9,0.8,0.1,0.413906,0.102839,0.231387,0.98447,5.373105,0.288021,9.20513,22.280809,0.490261,0.0,0.41356,0.954532,0.46601,0.274925,0,1,1,0,0
0.35,27.5,0.9,0.8,0.3,0.413906,0.102839,0.231387,0.98447,5.373105,0.287922,9.20513,22.280809,0.490261,0.0,0.41356,0.954532,0.46601,0.274831,0,1,1,0,0
0.35,27.5,1.0,0.9,0.0,0.413906,0.102839,0.231387,0.98447,5.373105,0.288033,9.20513,22.280809,0.590261,0.0,0.41356,0.954532,0.46601,0.274937,0,1,1,0,0
0.35,27.5,1.0,0.9,0.1,0.413906,0.102839,0.231387,0.98447,5.373105,0.288022,9.20513,22.280809,0.590261,0.0,0.41356,0.954532,0.46601,0.274926,0,1,1,0,0
0.35,27.5,1.0,0.9,0.3,0.413906,0.102839,0.231387,0.98447,5.373105,0.287935,9.20513,22.280809,0.590261,0.0,0.41356,0.954532,0.46601,0.274843,0,1,1,0,0
0.35,30.0,0.3,0.2,0.0,0.459055,0.102839,0.231387,0.98447,5.373105,0.288033,10.122921,24.438603,-0.154433,0.201976,0.443587,0.939644,0.543344,0.215984,0,1,0,0,0
0.35,30.0,0.3,0.2,0.1,0.459055,0.102839,0.231387,0.98447,5.373105,0.287984,10.122921,24.438603,-0.154433,0.201976,0.443587,0.939644,0.543344,0.215947,0,1,0,0,0
0.35,30.0,0.3,0.2,0.3,0.459055,0.102839,0.231387,0.98447,5.373105,0.287591,10.122921,24.438603,-0.154433,0.201976,0.443587,0.939644,0.543344,0.215652,0,1,0,0,0
0.35,30.0,0.4,0.3,0.0,0.459055,0.102839,0.231387,0.98447,5.373105,0.288033,10.122921,24.438603,-0.054433,0.121855,0.443587,0.939644,0.516637,0.237669,0,1,0,0,0
0.35,30.0,0.4,0.3,0.1,0.459055,0.102839,0.231387,0.98447,5.373105,0.288,10.122921,24.438603,-0.054433,0.121855,0.443587,0.939644,0.516637,0.237642,0,1,0,0,0
0.35,30.0,0.4,0.3,0.3,0.459055,0.102839,0.231387,0.98447,5.373105,0.287738,10.122921,24.438603,-0.054433,0.121855,0.443587,0.939644,0.516637,0.237425,0,1,0,0,0
0.35,30.0,0.5,0.4,0.0,0.459055,0.102839,0.231387,0.98447,5.373105,0.288033,10.122921,24.438603,0.045567,0.066439,0.443587,0.939644,0.498165,0.252667,0,1,1,0,0
0.35,30.0,0.5,0.4,0.1,0.459055,0.102839,0.231387,0.98447,5.373105,0.288009,10.122921,24.438603,0.045567,0.066439,0.443587,0.939644,0.498165,0.252645,0,1,1,0,0
0.35,30.0,0.5,0.4,0.3,0.459055,0.102839,0.231387,0.98447,5.373105,0.287812,10.122921,24.438603,0.045567,0.066439,0.443587,0.939644,0.498165,0.252473,0,1,1,0,0
0.35,30.0,0.6,0.5,0.0,0.459055,0.102839,0.231387,0.98447,5.373105,0.288033,10.122921,24.438603,0.145567,0.038399,0.443587,0.939644,0.488819,0.260256,0,1,1,0,0
0.35,30.0,0.6,0.5,0.1,0.459055,0.102839,0.231387,0.98447,5.373105,0.288013,10.122921,24.438603,0.145567,0.038399,0.443587,0.939644,0.488819,0.260238,0,1,1,0,0
0.35,30.0,0.6,0.5,0.3,0.459055,0.102839,0.231387,0.98447,5.373105,0.287856,10.122921,24.438603,0.145567,0.038399,0.443587,0.939644,0.488819,0.260096,0,1,1,0,0
0.35,30.0,0.7,0.6,0.0,0.459055,0.102839,0.231387,0.98447,5.373105,0.288033,10.122921,24.438603,0.245567,0.017438,0.443587,0.939644,0.481832,0.265929,0,1,1,0,0
0.35,30.0,0.7,0.6,0.1,0.459055,0.102839,0.231387,0.98447,5.373105,0.288017,10.122921,24.438603,0.245567,0.017438,0.443587,0.939644,0.481832,0.265914,0,1,1,0,0
0.35,30.0,0.7,0.6,0.3,0.459055,0.102839,0.231387,0.98447,5.373105,0.287886,10.122921,24.438603,0.245567,0.017438,0.443587,0.939644,0.481832,0.265793,0,1,1,0,0
0.35,30.0,0.8,0.7,0.0,0.459055,0.102839,0.231387,0.98447,5.373105,0.288033,10.122921,24.438603,0.345567,0.006076,0.443587,0.939644,0.478044,0.269004,0,1,1,0,0
0.35,30.0,0.8,0.7,0.1,0.459055,0.102839,0.231387,0.98447,5.373105,0.288019,10.122921,24.438603,0.345567,0.006076,0.443587,0.939644,0.478044,0.268991,0,1,1,0,0
0.35,30.0,0.8,0.7,0.3,0.459055,0.102839,0.231387,0.98447,5.373105,0.287907,10.122921,24.438603,0.345567,0.006076,0.443587,0.939644,0.478044,0.268886,0,1,1,0,0
0.35,30.0,0.9,0.8,0.0,0.459055,0.102839,0.231387,0.98447,5.373105,0.288033,10.122921,24.438603,0.445567,0.000808,0.443587,0.939644,0.476288,0.27043,0,1,1,0,0
0.35,30.0,0.9,0.8,0.1,0.459055,0.102839,0.231387,0.98447,5.373105,0.288021,10.122921,24.438603,0.445567,0.000808,0.443587,0.939644,0.476288,0.270418,0,1,1,0,0
0.35,30.0,0.9,0.8,0.3,0.459055,0.102839,0.231387,0.98447,5.373105,0.287922,10.122921,24.438603,0.445567,0.000808,0.443587,0.939644,0.476288,0.270326,0,1,1,0,0
0.35,30.0,1.0,0.9,0.0,0.459055,0.102839,0.231387,0.98447,5.373105,0.288033,10.122921,24.438603,0.545567,0.0,0.443587,0.939644,0.476019,0.270649,0,1,1,0,0
0.35,30.0,1.0,0.9,0.1,0.459055,0.102839,0.231387,0.98447,5.373105,0.288022,10.122921,24.438603,0.545567,0.0,0.443587,0.939644,0.476019,0.270638,0,1,1,0,0
0.35,30.0,1.0,0.9,0.3,0.459055,0.102839,0.231387,0.98447,5.373105,0.287935,10.122921,24.438603,0.545567,0.0,0.443587,0.939644,0.476019,0.270556,0,1,1,0,0
0.35,32.5,0.3,0.2,0.0,0.506538,0.102839,0.231387,0.98447,5.373105,0.288033,11.066099,26.630945,-0.201438,0.232064,0.473424,0.924539,0.563319,0.2045,0,1,0,0,0
0.35,32.5,0.3,0.2,0.1,0.506538,0.102839,0.231387,0.98447,5.373105,0.287984,11.066099,26.630945,-0.201438,0.232064,0.473424,0.924539,0.563319,0.204465,0,1,0,0,0
0.35,32.5,0.3,0.2,0.3,0.506538,0.102839,0.231387,0.98447,5.373105,0.287591,11.066099,26.630945,-0.201438,0.232064,0.473424,0.924539,0.563319,0.204186,0,1,0,0,0
0.35,32.5,0.4,0.3,0.0,0.506538,0.102839,0.231387,0.98447,5.373105,0.288033,11.066099,26.630945,-0.101438,0.14849,0.473424,0.924539,0.535461,0.226755,0,1,0,0,0
0.35,32.5,0.4,0.3,0.1,0.506538,0.102839,0.231387,0.98447,5.373105,0.288,11.066099,26.630945,-0.101438,0.14849,0.473424,0.924539,0.535461,0.226729,0,1,0,0,0
0.35,32.5,0.4,0.3,0.3,0.506538,0.102839,0.231387,0.98447,5.373105,0.287738,11.066099,26.630945,-0.101438,0.14849,0.473424,0.924539,0.535461,0.226523,0,1,0,0,0
0.35,32.5,0.5,0.4,0.0,0.506538,0.102839,0.231387,0.98447,5.373105,0.288033,11.066099,26.630945,-0.001438,0.089013,0.473424,0.924539,0.515635,0.242594,0,1,0,0,0
0.35,32.5,0.5,0.4,0.1,0.506538,0.102839,0.231387,0.98447,5.373105,0.288009,11.066099,26.630945,-0.001438,0.089013,0.473424,0.924539,0.515635,0.242573,0,1,0,0,0
0.35,32.5,0.5,0.4,0.3,0.506538,0.102839,0.231387,0.98447,5.373105,0.287812,11.066099,26.630945,-0.001438,0.089013,0.473424,0.924539,0.515635,0.242408,0,1,0,0,0
0.35,32.5,0.6,0.5,0.0,0.506538,0.102839,0.231387,0.98447,5.373105,0.288033,11.066099,26.630945,0.098562,0.05287,0.473424,0.924539,0.503588,0.252219,0,1,1,0,0
0.35,32.5,0.6,0.5,0.1,0.506538,0.102839,0.231387,0.98447,5.373105,0.288013,11.066099,26.630945,0.098562,0.05287,0.473424,0.924539,0.503588,0.252201,0,1,1,0,0
0.35,32.5,0.6,0.5,0.3,0.506538,0.102839,0.231387,0.98447,5.373105,0.287856,11.066099,26.630945,0.098562,0.05287,0.473424,0.924539,0.503588,0.252064,0,1,1,0,0
0.35,32.5,0.7,0.6,0.0,0.506538,0.102839,0.231387,0.98447,5.373105,0.288033,11.066099,26.630945,0.198562,0.029818,0.473424,0.924539,0.495904,0.258357,0,1,1,0,0
0.35,32.5,0.7,0.6,0.1,0.506538,0.102839,0.231387,0.98447,5.373105,0.288017,11.066099,26.630945,0.198562,0.029818,0.473424,0.924539,0.495904,0.258343,0,1,1,0,0
0.35,32.5,0.7,0.6,0.3,0.506538,0.102839,0.231387,0.98447,5.373105,0.287886,11.066099,26.630945,0.198562,0.029818,0.473424,0.924539,0.495904,0.258225,0,1,1,0,0
0.35,32.5,0.8,0.7,0.0,0.506538,0.102839,0.231387,0.98447,5.373105,0.288033,11.066099,26.630945,0.298562,0.013218,0.473424,0.924539,0.49037,0.262778,0,1,1,0,0
0.35,32.5,0.8,0.7,0.1,0.506538,0.102839,0.231387,0.98447,5.373105,0.288019,11.066099,26.630945,0.298562,0.013218,0.473424,0.924539,0.49037,0.262765,0,1,1,0,0
0.35,32.5,0.8,0.7,0.3,0.506538,0.102839,0.231387,0.98447,5.373105,0.287907,11.066099,26.630945,0.298562,0.013218,0.473424,0.924539,0.49037,0.262663,0,1,1,0,0
0.35,32.5,0.9,0.8,0.0,0.506538,0.102839,0.231387,0.98447,5.373105,0.288033,11.066099,26.630945,0.398562,0.004757,0.473424,0.924539,0.48755,0.265031,0,1,1,0,0
0.35,32.5,0.9,0.8,0.1,0.506538,0.102839,0.231387,0.98447,5.373105,0.288021,11.066099,26.630945,0.398562,0.004757,0.473424,0.924539,0.48755,0.26502,0,1,1,0,0
0.35,32.5,0.9,0.8,0.3,0.506538,0.102839,0.231387,0.98447,5.373105,0.287922,11.066099,26.630945,0.398562,0.004757,0.473424,0.924539,0.48755,0.264929,0,1,1,0,0
0.35,32.5,1.0,0.9,0.0,0.506538,0.102839,0.231387,0.98447,5.373105,0.288033,11.066099,26.630945,0.498562,0.000632,0.473424,0.924539,0.486175,0.26613,0,1,1,0,0
0.35,32.5,1.0,0.9,0.1,0.506538,0.102839,0.231387,0.98447,5.373105,0.288022,11.066099,26.630945,0.498562,0.000632,0.473424,0.924539,0.486175,0.266119,0,1,1,0,0
0.35,32.5,1.0,0.9,0.3,0.506538,0.102839,0.231387,0.98447,5.373105,0.287935,11.066099,26.630945,0.498562,0.000632,0.473424,0.924539,0.486175,0.266039,0,1,1,0,0
0.35,35.0,0.3,0.2,0.0,0.556739,0.102839,0.231387,0.98447,5.373105,0.288033,12.038659,28.860644,-0.251134,0.262501,0.502452,0.908434,0.583141,0.192973,0,1,0,0,0
0.35,35.0,0.3,0.2,0.1,0.556739,0.102839,0.231387,0.98447,5.373105,0.287984,12.038659,28.860644,-0.251134,0.262501,0.502452,0.908434,0.583141,0.19294,0,1,0,0,0
0.35,35.0,0.3,0.2,0.3,0.556739,0.102839,0.231387,0.98447,5.373105,0.287591,12.038659,28.860644,-0.251134,0.262501,0.502452,0.908434,0.583141,0.192677,0,1,0,0,0
0.35,35.0,0.4,0.3,0.0,0.556739,0.102839,0.231387,0.98447,5.373105,0.288033,12.038659,28.860644,-0.151134,0.174398,0.502452,0.908434,0.553773,0.216026,0,1,0,0,0
0.35,35.0,0.4,0.3,0.1,0.556739,0.102839,0.231387,0.98447,5.373105,0.288,12.038659,28.860644,-0.151134,0.174398,0.502452,0.908434,0.553773,0.216002,0,1,0,0,0
0.35,35.0,0.4,0.3,0.3,0.556739,0.102839,0.231387,0.98447,5.373105,0.287738,12.038659,28.860644,-0.151134,0.174398,0.502452,0.908434,0.553773,0.215805,0,1,0,0,0
0.35,35.0,0.5,0.4,0.0,0.556739,0.102839,0.231387,0.98447,5.373105,0.288033,12.038659,28.860644,-0.051134,0.113917,0.502452,0.908434,0.533613,0.231852,0,1,0,0,0
0.35,35.0,0.5,0.4,0.1,0.556739,0.102839,0.231387,0.98447,5.373105,0.288009,12.038659,28.860644,-0.051134,0.113917,0.502452,0.908434,0.533613,0.231832,0,1,0,0,0
0.35,35.0,0.5,0.4,0.3,0.556739,0.102839,0.231387,0.98447,5.373105,0.287812,12.038659,28.860644,-0.051134,0.113917,0.502452,0.908434,0.533613,0.231674,0,1,0,0,0
0.35,35.0,0.6,0.5,0.0,0.556739,0.102839,0.231387,0.98447,5.373105,0.288033,12.038659,28.860644,0.048866,0.068813,0.502452,0.908434,0.518578,0.243654,0,1,1,0,0
0.35,35.0,0.6,0.5,0.1,0.556739,0.102839,0.231387,0.98447,5.373105,0.288013,12.038659,28.860644,0.048866,0.068813,0.502452,0.908434,0.518578,0.243637,0,1,1,0,0
0.35,35.0,0.6,0.5,0.3,0.556739,0.102839,0.231387,0.98447,5.373105,0.287856,12.038659,28.860644,0.048866,0.068813,0.502452,0.908434,0.518578,0.243504,0,1,1,0,0
0.35,35.0,0.7,0.6,0.0,0.556739,0.102839,0.231387,0.98447,5.373105,0.288033,12.038659,28.860644,0.148866,0.044176,0.502452,0.908434,0.510366,0.2501,0,1,1,0,0
0.35,35.0,0.7,0.6,0.1,0.556739,0.102839,0.231387,0.98447,5.373105,0.288017,12.038659,28.860644,0.148866,0.044176,0.502452,0.908434,0.510366,0.250086,0,1,1,0,0
0.35,35.0,0.7,0.6,0.3,0.556739,0.102839,0.231387,0.98447,5.373105,0.287886,12.038659,28.860644,0.148866,0.044176,0.502452,0.908434,0.510366,0.249972,0,1,1,0,0
0.35,35.0,0.8,0.7,0.0,0.556739,0.102839,0.231387,0.98447,5.373105,0.288033,12.038659,28.860644,0.248866,0.024297,0.502452,0.908434,0.50374,0.255302,0,1,1,0,0
0.35,35.0,0.8,0.7,0.1,0.556739,0.102839,0.231387,0.98447,5.373105,0.288019,12.038659,28.860644,0.248866,0.024297,0.502452,0.908434,0.50374,0.255289,0,1,1,0,0
0.35,35.0,0.8,0.7,0.3,0.556739,0.102839,0.231387,0.98447,5.373105,0.287907,12.038659,28.860644,0.248866,0.024297,0.502452,0.908434,0.50374,0.25519,0,1,1,0,0
0.35,35.0,0.9,0.8,0.0,0.556739,0.102839,0.231387,0.98447,5.373105,0.288033,12.038659,28.860644,0.348866,0.011025,0.502452,0.908434,0.499316,0.258774,0,1,1,0,0
0.35,35.0,0.9,0.8,0.1,0.556739,0.102839,0.231387,0.98447,5.373105,0.288021,12.038659,28.860644,0.348866,0.011025,0.502452,0.908434,0.499316,0.258763,0,1,1,0,0
0.35,35.0,0.9,0.8,0.3,0.556739,0.102839,0.231387,0.98447,5.373105,0.287922,12.038659,28.860644,0.348866,0.011025,0.502452,0.908434,0.499316,0.258675,0,1,1,0,0
0.35,35.0,1.0,0.9,0.0,0.556739,0.102839,0.231387,0.98447,5.373105,0.288033,12.038659,28.860644,0.448866,0.004005,0.502452,0.908434,0.496976,0.260611,0,1,1,0,0
0.35,35.0,1.0,0.9,0.1,0.556739,0.102839,0.231387,0.98447,5.373105,0.288022,12.038659,28.860644,0.448866,0.004005,0.502452,0.908434,0.496976,0.260601,0,1,1,0,0
0.35,35.0,1.0,0.9,0.3,0.556739,0.102839,0.231387,0.98447,5.373105,0.287935,12.038659,28.860644,0.448866,0.004005,0.502452,0.908434,0.496976,0.260522,0,1,1,0,0
0.4,5.0,0.3,0.2,0.0,0.069563,0.11753,0.264442,0.991434,4.701467,0.255514,1.613854,3.939305,0.231138,0.0,0.080477,1.0,0.357304,0.255514,1,1,1,1,0
0.4,5.0,0.3,0.2,0.1,0.069563,0.11753,0.264442,0.991434,4.701467,0.255464,1.613854,3.939305,0.231138,0.0,0.080477,1.0,0.357304,0.255464,1,1,1,1,0
0.4,5.0,0.3,0.2,0.3,0.069563,0.11753,0.264442,0.991434,4.701467,0.255065,1.613854,3.939305,0.231138,0.0,0.080477,1.0,0.357304,0.255065,1,1,1,1,0
0.4,5.0,0.4,0.3,0.0,0.069563,0.11753,0.264442,0.991434,4.701467,0.255514,1.613854,3.939305,0.331138,0.0,0.080477,1.0,0.357304,0.255514,1,1,1,1,0
0.4,5.0,0.4,0.3,0.1,0.069563,0.11753,0.264442,0.991434,4.701467,0.255481,1.613854,3.939305,0.331138,0.0,0.080477,1.0,0.357304,0.255481,1,1,1,1,0
0.4,5.0,0.4,0.3,0.3,0.069563,0.11753,0.264442,0.991434,4.701467,0.255215,1.613854,3.939305,0.331138,0.0,0.080477,1.0,0.357304,0.255215,1,1,1,1,0
0.4,5.0,0.5,0.4,0.0,0.069563,0.11753,0.264442,0.991434,4.701467,0.255514,1.613854,3.939305,0.431138,0.0,0.080477,1.0,0.357304,0.255514,1,1,1,1,0
0.4,5.0,0.5,0.4,0.1,0.069563,0.11753,0.264442,0.991434,4.701467,0.255489,1.613854,3.939305,0.431138,0.0,0.080477,1.0,0.357304,0.255489,1,1,1,1,0
0.4,5.0,0.5,0.4,0.3,0.069563,0.11753,0.264442,0.991434,4.701467,0.25529,1.613854,3.939305,0.431138,0.0,0.080477,1.0,0.357304,0.25529,1,1,1,1,0
0.4,5.0,0.6,0.5,0.0,0.069563,0.11753,0.264442,0.991434,4.701467,0.255514,1.613854,3.939305,0.531138,0.0,0.080477,1.0,0.357304,0.255514,1,1,1,1,0
0.4,5.0,0.6,0.5,0.1,0.069563,0.11753,0.264442,0.991434,4.701467,0.255494,1.613854,3.939305,0.531138,0.0,0.080477,1.0,0.357304,0.255494,1,1,1,1,0
0.4,5.0,0.6,0.5,0.3,0.069563,0.11753,0.264442,0.991434,4.701467,0.255335,1.613854,3.939305,0.531138,0.0,0.080477,1.0,0.357304,0.255335,1,1,1,1,0
0.4,5.0,0.7,0.6,0.0,0.069563,0.11753,0.264442,0.991434,4.701467,0.255514,1.613854,3.939305,0.631138,0.0,0.080477,1.0,0.357304,0.255514,1,1,1,1,0
0.4,5.0,0.7,0.6,0.1,0.069563,0.11753,0.264442,0.991434,4.701467,0.255498,1.613854,3.939305,0.631138,0.0,0.080477,1.0,0.357304,0.255498,1,1,1,1,0
0.4,5.0,0.7,0.6,0.3,0.069563,0.11753,0.264442,0.991434,4.701467,0.255365,1.613854,3.939305,0.631138,0.0,0.080477,1.0,0.357304,0.255365,1,1,1,1,0
0.4,5.0,0.8,0.7,0.0,0.069563,0.11753,0.264442,0.991434,4.701467,0.255514,1.613854,3.939305,0.731138,0.0,0.080477,1.0,0.357304,0.255514,1,1,1,1,0
0.4,5.0,0.8,0.7,0.1,0.069563,0.11753,0.264442,0.991434,4.701467,0.2555,1.613854,3.939305,0.731138,0.0,0.080477,1.0,0.357304,0.2555,1,1,1,1,0
0.4,5.0,0.8,0.7,0.3,0.069563,0.11753,0.264442,0.991434,4.701467,0.255386,1.613854,3.939305,0.731138,0.0,0.080477,1.0,0.357304,0.255386,1,1,1,1,0
0.4,5.0,0.9,0.8,0.0,0.069563,0.11753,0.264442,0.991434,4.701467,0.255514,1.613854,3.939305,0.831138,0.0,0.080477,1.0,0.357304,0.255514,1,1,1,1,0
0.4,5.0,0.9,0.8,0.1,0.069563,0.11753,0.264442,0.991434,4.701467,0.255502,1.613854,3.939305,0.831138,0.0,0.080477,1.0,0.357304,0.255502,1,1,1,1,0
0.4,5.0,0.9,0.8,0.3,0.069563,0.11753,0.264442,0.991434,4.701467,0.255402,1.613854,3.939305,0.831138,0.0,0.080477,1.0,0.357304,0.255402,1,1,1,1,0
0.4,5.0,1.0,0.9,0.0,0.069563,0.11753,0.264442,0.991434,4.701467,0.255514,1.613854,3.939305,0.931138,0.0,0.080477,1.0,0.357304,0.255514,1,1,1,1,0
0.4,5.0,1.0,0.9,0.1,0.069563,0.11753,0.264442,0.991434,4.701467,0.255503,1.613854,3.939305,0.931138,0.0,0.080477,1.0,0.357304,0.255503,1,1,1,1,0
0.4,5.0,1.0,0.9,0.3,0.069563,0.11753,0.264442,0.991434,4.701467,0.255415,1.613854,3.939305,0.931138,0.0,0.080477,1.0,0.357304,0.255415,1,1,1,1,0
0.4,7.5,0.3,0.2,0.0,0.104678,0.11753,0.264442,0.991434,4.701467,0.255514,2.424156,5.916089,0.196376,0.0,0.120884,1.0,0.370773,0.255514,1,1,1,1,0
0.4,7.5,0.3,0.2,0.1,0.104678,0.11753,0.264442,0.991434,4.701467,0.255464,2.424156,5.916089,0.196376,0.0,0.120884,1.0,0.370773,0.255464,1,1,1,1,0
0.4,7.5,0.3,0.2,0.3,0.104678,0.11753,0.264442,0.991434,4.701467,0.255065,2.424156,5.916089,0.196376,0.0,0.120884,1.0,0.370773,0.255065,1,1,1,1,0
0.4,7.5,0.4,0.3,0.0,0.104678,0.11753,0.264442,0.991434,4.701467,0.255514,2.424156,5.916089,0.296376,0.0,0.120884,1.0,0.370773,0.255514,1,1,1,1,0
0.4,7.5,0.4,0.3,0.1,0.104678,0.11753,0.264442,0.991434,4.701467,0.255481,2.424156,5.916089,0.296376,0.0,0.120884,1.0,0.370773,0.255481,1,1,1,1,0
0.4,7.5,0.4,0.3,0.3,0.104678,0.11753,0.264442,0.991434,4.701467,0.255215,2.424156,5.916089,0.296376,0.0,0.120884,1.0,0.370773,0.255215,1,1,1,1,0
0.4,7.5,0.5,0.4,0.0,0.104678,0.11753,0.264442,0.991434,4.701467,0.255514,2.424156,5.916089,0.396376,0.0,0.120884,1.0,0.370773,0.255514,1,1,1,1,0
0.4,7.5,0.5,0.4,0.1,0.104678,0.11753,0.264442,0.991434,4.701467,0.255489,2.424156,5.916089,0.396376,0.0,0.120884,1.0,0.370773,0.255489,1,1,1,1,0
0.4,7.5,0.5,0.4,0.3,0.104678,0.11753,0.264442,0.991434,4.701467,0.25529,2.424156,5.916089,0.396376,0.0,0.120884,1.0,0.370773,0.25529,1,1,1,1,0
0.4,7.5,0.6,0.5,0.0,0.104678,0.11753,0.264442,0.991434,4.701467,0.255514,2.424156,5.916089,0.496376,0.0,0.120884,1.0,0.370773,0.255514,1,1,1,1,0
0.4,7.5,0.6,0.5,0.1,0.104678,0.11753,0.264442,0.991434,4.701467,0.255494,2.424156,5.916089,0.496376,0.0,0.120884,1.0,0.370773,0.255494,1,1,1,1,0
0.4,7.5,0.6,0.5,0.3,0.104678,0.11753,0.264442,0.991434,4.701467,0.255335,2.424156,5.916089,0.496376,0.0,0.120884,1.0,0.370773,0.255335,1,1,1,1,0
0.4,7.5,0.7,0.6,0.0,0.104678,0.11753,0.264442,0.991434,4.701467,0.255514,2.424156,5.916089,0.596376,0.0,0.120884,1.0,0.370773,0.255514,1,1,1,1,0
0.4,7.5,0.7,0.6,0.1,0.104678,0.11753,0.264442,0.991434,4.701467,0.255498,2.424156,5.916089,0.596376,0.0,0.120884,1.0,0.370773,0.255498,1,1,1,1,0
0.4,7.5,0.7,0.6,0.3,0.104678,0.11753,0.264442,0.991434,4.701467,0.255365,2.424156,5.916089,0.596376,0.0,0.120884,1.0,0.370773,0.255365,1,1,1,1,0
0.4,7.5,0.8,0.7,0.0,0.104678,0.11753,0.264442,0.991434,4.701467,0.255514,2.424156,5.916089,0.696376,0.0,0.120884,1.0,0.370773,0.255514,1,1,1,1,0
0.4,7.5,0.8,0.7,0.1,0.104678,0.11753,0.264442,0.991434,4.701467,0.2555,2.424156,5.916089,0.696376,0.0,0.120884,1.0,0.370773,0.2555,1,1,1,1,0
0.4,7.5,0.8,0.7,0.3,0.104678,0.11753,0.264442,0.991434,4.701467,0.255386,2.424156,5.916089,0.696376,0.0,0.120884,1.0,0.370773,0.255386,1,1,1,1,0
0.4,7.5,0.9,0.8,0.0,0.104678,0.11753,0.264442,0.991434,4.701467,0.255514,2.424156,5.916089,0.796376,0.0,0.120884,1.0,0.370773,0.255514,1,1,1,1,0
0.4,7.5,0.9,0.8,0.1,0.104678,0.11753,0.264442,0.991434,4.701467,0.255502,2.424156,5.916089,0.796376,0.0,0.120884,1.0,0.370773,0.255502,1,1,1,1,0
0.4,7.5,0.9,0.8,0.3,0.104678,0.11753,0.264442,0.991434,4.701467,0.255402,2.424156,5.916089,0.796376,0.0,0.120884,1.0,0.370773,0.255402,1,1,1,1,0
0.4,7.5,1.0,0.9,0.0,0.104678,0.11753,0.264442,0.991434,4.701467,0.255514,2.424156,5.916089,0.896376,0.0,0.120884,1.0,0.370773,0.255514,1,1,1,1,0
0.4,7.5,1.0,0.9,0.1,0.104678,0.11753,0.264442,0.991434,4.701467,0.255503,2.424156,5.916089,0.896376,0.0,0.120884,1.0,0.370773,0.255503,1,1,1,1,0
0.4,7.5,1.0,0.9,0.3,0.104678,0.11753,0.264442,0.991434,4.701467,0.255415,2.424156,5.916089,0.896376,0.0,0.120884,1.0,0.370773,0.255415,1,1,1,1,0
0.4,10.0,0.3,0.2,0.0,0.140199,0.11753,0.264442,0.991434,4.701467,0.255514,3.238603,7.90144,0.161213,0.0,0.161498,1.0,0.384311,0.255514,1,1,1,1,0
0.4,10.0,0.3,0.2,0.1,0.140199,0.11753,0.264442,0.991434,4.701467,0.255464,3.238603,7.90144,0.161213,0.0,0.161498,1.0,0.384311,0.255464,1,1,1,1,0
0.4,10.0,0.3,0.2,0.3,0.140199,0.11753,0.264442,0.991434,4.701467,0.255065,3.238603,7.90144,0.161213,0.0,0.161498,1.0,0.384311,0.255065,1,1,1,1,0
0.4,10.0,0.4,0.3,0.0,0.140199,0.11753,0.264442,0.991434,4.701467,0.255514,3.238603,7.90144,0.261213,0.0,0.161498,1.0,0.384311,0.255514,1,1,1,1,0
0.4,10.0,0.4,0.3,0.1,0.140199,0.11753,0.264442,0.991434,4.701467,0.255481,3.238603,7.90144,0.261213,0.0,0.161498,1.0,0.384311,0.255481,1,1,1,1,0
0.4,10.0,0.4,0.3,0.3,0.140199,0.11753,0.264442,0.991434,4.701467,0.255215,3.238603,7.90144,0.261213,0.0,0.161498,1.0,0.384311,0.255215,1,1,1,1,0
0.4,10.0,0.5,0.4,0.0,0.140199,0.11753,0.264442,0.991434,4.701467,0.255514,3.238603,7.90144,0.361213,0.0,0.161498,1.0,0.384311,0.255514,1,1,1,1,0
0.4,10.0,0.5,0.4,0.1,0.140199,0.11753,0.264442,0.991434,4.701467,0.255489,3.238603,7.90144,0.361213,0.0,0.161498,1.0,0.384311,0.255489,1,1,1,1,0
0.4,10.0,0.5,0.4,0.3,0.140199,0.11753,0.264442,0.991434,4.701467,0.25529,3.238603,7.90144,0.361213,0.0,0.161498,1.0,0.384311,0.25529,1,1,1,1,0
0.4,10.0,0.6,0.5,0.0,0.140199,0.11753,0.264442,0.991434,4.701467,0.255514,3.238603,7.90144,0.461213,0.0,0.161498,1.0,0.384311,0.255514,1,1,1,1,0
0.4,10.0,0.6,0.5,0.1,0.140199,0.11753,0.264442,0.991434,4.701467,0.255494,3.238603,7.90144,0.461213,0.0,0.161498,1.0,0.384311,0.255494,1,1,1,1,0
0.4,10.0,0.6,0.5,0.3,0.140199,0.11753,0.264442,0.991434,4.701467,0.255335,3.238603,7.90144,0.461213,0.0,0.161498,1.0,0.384311,0.255335,1,1,1,1,0
0.4,10.0,0.7,0.6,0.0,0.140199,0.11753,0.264442,0.991434,4.701467,0.255514,3.238603,7.90144,0.561213,0.0,0.161498,1.0,0.384311,0.255514,1,1,1,1,0
0.4,10.0,0.7,0.6,0.1,0.140199,0.11753,0.264442,0.991434,4.701467,0.255498,3.238603,7.90144,0.561213,0.0,0.161498,1.0,0.384311,0.255498,1,1,1,1,0
0.4,10.0,0.7,0.6,0.3,0.140199,0.11753,0.264442,0.991434,4.701467,0.255365,3.238603,7.90144,0.561213,0.0,0.161498,1.0,0.384311,0.255365,1,1,1,1,0
0.4,10.0,0.8,0.7,0.0,0.140199,0.11753,0.264442,0.991434,4.701467,0.255514,3.238603,7.90144,0.661213,0.0,0.161498,1.0,0.384311,0.255514,1,1,1,1,0
0.4,10.0,0.8,0.7,0.1,0.140199,0.11753,0.264442,0.991434,4.701467,0.2555,3.238603,7.90144,0.661213,0.0,0.161498,1.0,0.384311,0.2555,1,1,1,1,0
0.4,10.0,0.8,0.7,0.3,0.140199,0.11753,0.264442,0.991434,4.701467,0.255386,3.238603,7.90144,0.661213,0.0,0.161498,1.0,0.384311,0.255386,1,1,1,1,0
0.4,10.0,0.9,0.8,0.0,0.140199,0.11753,0.264442,0.991434,4.701467,0.255514,3.238603,7.90144,0.761213,0.0,0.161498,1.0,0.384311,0.255514,1,1,1,1,0
0.4,10.0,0.9,0.8,0.1,0.140199,0.11753,0.264442,0.991434,4.701467,0.255502,3.238603,7.90144,0.761213,0.0,0.161498,1.0,0.384311,0.255502,1,1,1,1,0
0.4,10.0,0.9,0.8,0.3,0.140199,0.11753,0.264442,0.991434,4.701467,0.255402,3.238603,7.90144,0.761213,0.0,0.161498,1.0,0.384311,0.255402,1,1,1,1,0
0.4,10.0,1.0,0.9,0.0,0.140199,0.11753,0.264442,0.991434,4.701467,0.255514,3.238603,7.90144,0.861213,0.0,0.161498,1.0,0.384311,0.255514,1,1,1,1,0
0.4,10.0,1.0,0.9,0.1,0.140199,0.11753,0.264442,0.991434,4.701467,0.255503,3.238603,7.90144,0.861213,0.0,0.161498,1.0,0.384311,0.255503,1,1,1,1,0
0.4,10.0,1.0,0.9,0.3,0.140199,0.11753,0.264442,0.991434,4.701467,0.255415,3.238603,7.90144,0.861213,0.0,0.161498,1.0,0.384311,0.255415,1,1,1,1,0
0.4,12.5,0.3,0.2,0.0,0.176271,0.11753,0.264442,0.991434,4.701467,0.255514,4.058731,9.898225,0.125504,0.007655,0.202395,1.0,0.400495,0.253558,1,1,1,1,0
0.4,12.5,0.3,0.2,0.1,0.176271,0.11753,0.264442,0.991434,4.701467,0.255464,4.058731,9.898225,0.125504,0.007655,0.202395,1.0,0.400495,0.253509,1,1,1,1,0
0.4,12.5,0.3,0.2,0.3,0.176271,0.11753,0.264442,0.991434,4.701467,0.255065,4.058731,9.898225,0.125504,0.007655,0.202395,1.0,0.400495,0.253113,1,1,1,1,0
0.4,12.5,0.4,0.3,0.0,0.176271,0.11753,0.264442,0.991434,4.701467,0.255514,4.058731,9.898225,0.225504,0.0,0.202395,1.0,0.397943,0.255514,1,1,1,1,0
0.4,12.5,0.4,0.3,0.1,0.176271,0.11753,0.264442,0.991434,4.701467,0.255481,4.058731,9.898225,0.225504,0.0,0.202395,1.0,0.397943,0.255481,1,1,1,1,0
0.4,12.5,0.4,0.3,0.3,0.176271,0.11753,0.264442,0.991434,4.701467,0.255215,4.058731,9.898225,0.225504,0.0,0.202395,1.0,0.397943,0.255215,1,1,1,1,0
0.4,12.5,0.5,0.4,0.0,0.176271,0.11753,0.264442,0.991434,4.701467,0.255514,4.058731,9.898225,0.325504,0.0,0.202395,1.0,0.397943,0.255514,1,1,1,1,0
0.4,12.5,0.5,0.4,0.1,0.176271,0.11753,0.264442,0.991434,4.701467,0.255489,4.058731,9.898225,0.325504,0.0,0.202395,1.0,0.397943,0.255489,1,1,1,1,0
0.4,12.5,0.5,0.4,0.3,0.176271,0.11753,0.264442,0.991434,4.701467,0.25529,4.058731,9.898225,0.325504,0.0,0.202395,1.0,0.397943,0.25529,1,1,1,1,0
0.4,12.5,0.6,0.5,0.0,0.176271,0.11753,0.264442,0.991434,4.701467,0.255514,4.058731,9.898225,0.425504,0.0,0.202395,1.0,0.397943,0.255514,1,1,1,1,0
0.4,12.5,0.6,0.5,0.1,0.176271,0.11753,0.264442,0.991434,4.701467,0.255494,4.058731,9.898225,0.425504,0.0,0.202395,1.0,0.397943,0.255494,1,1,1,1,0
0.4,12.5,0.6,0.5,0.3,0.176271,0.11753,0.264442,0.991434,4.701467,0.255335,4.058731,9.898225,0.425504,0.0,0.202395,1.0,0.397943,0.255335,1,1,1,1,0
0.4,12.5,0.7,0.6,0.0,0.176271,0.11753,0.264442,0.991434,4.701467,0.255514,4.058731,9.898225,0.525504,0.0,0.202395,1.0,0.397943,0.255514,1,1,1,1,0
0.4,12.5,0.7,0.6,0.1,0.176271,0.11753,0.264442,0.991434,4.701467,0.255498,4.058731,9.898225,0.525504,0.0,0.202395,1.0,0.397943,0.255498,1,1,1,1,0
0.4,12.5,0.7,0.6,0.3,0.176271,0.11753,0.264442,0.991434,4.701467,0.255365,4.058731,9.898225,0.525504,0.0,0.202395,1.0,0.397943,0.255365,1,1,1,1,0
0.4,12.5,0.8,0.7,0.0,0.176271,0.11753,0.264442,0.991434,4.701467,0.255514,4.058731,9.898225,0.625504,0.0,0.202395,1.0,0.397943,0.255514,1,1,1,1,0
0.4,12.5,0.8,0.7,0.1,0.176271,0.11753,0.264442,0.991434,4.701467,0.2555,4.058731,9.898225,0.625504,0.0,0.202395,1.0,0.397943,0.2555,1,1,1,1,0
0.4,12.5,0.8,0.7,0.3,0.176271,0.11753,0.264442,0.991434,4.701467,0.255386,4.058731,9.898225,0.625504,0.0,0.202395,1.0,0.397943,0.255386,1,1,1,1,0
0.4,12.5,0.9,0.8,0.0,0.176271,0.11753,0.264442,0.991434,4.701467,0.255514,4.058731,9.898225,0.725504,0.0,0.202395,1.0,0.397943,0.255514,1,1,1,1,0
0.4,12.5,0.9,0.8,0.1,0.176271,0.11753,0.264442,0.991434,4.701467,0.255502,4.058731,9.898225,0.725504,0.0,0.202395,1.0,0.397943,0.255502,1,1,1,1,0
0.4,12.5,0.9,0.8,0.3,0.176271,0.11753,0.264442,0.991434,4.701467,0.255402,4.058731,9.898225,0.725504,0.0,0.202395,1.0,0.397943,0.255402,1,1,1,1,0
0.4,12.5,1.0,0.9,0.0,0.176271,0.11753,0.264442,0.991434,4.701467,0.255514,4.058731,9.898225,0.825504,0.0,0.202395,1.0,0.397943,0.255514,1,1,1,1,0
0.4,12.5,1.0,0.9,0.1,0.176271,0.11753,0.264442,0.991434,4.701467,0.255503,4.058731,9.898225,0.825504,0.0,0.202395,1.0,0.397943,0.255503,1,1,1,1,0
0.4,12.5,1.0,0.9,0.3,0.176271,0.11753,0.264442,0.991434,4.701467,0.255415,4.058731,9.898225,0.825504,0.0,0.202395,1.0,0.397943,0.255415,1,1,1,1,0
0.4,15.0,0.3,0.2,0.0,0.213048,0.11753,0.264442,0.991434,4.701467,0.255514,4.886207,11.909322,0.089097,0.027111,0.242113,0.998454,0.420219,0.248203,1,1,1,1,0
0.4,15.0,0.3,0.2,0.1,0.213048,0.11753,0.264442,0.991434,4.701467,0.255464,4.886207,11.909322,0.089097,0.027111,0.242113,0.998454,0.420219,0.248154,1,1,1,1,0
0.4,15.0,0.3,0.2,0.3,0.213048,0.11753,0.264442,0.991434,4.701467,0.255065,4.886207,11.909322,0.089097,0.027111,0.242113,0.998454,0.420219,0.247767,1,1,1,1,0
0.4,15.0,0.4,0.3,0.0,0.213048,0.11753,0.264442,0.991434,4.701467,0.255514,4.886207,11.909322,0.189097,0.001881,0.242113,0.998454,0.411809,0.25464,1,1,1,1,0
0.4,15.0,0.4,0.3,0.1,0.213048,0.11753,0.264442,0.991434,4.701467,0.255481,4.886207,11.909322,0.189097,0.001881,0.242113,0.998454,0.411809,0.254606,1,1,1,1,0
0.4,15.0,0.4,0.3,0.3,0.213048,0.11753,0.264442,0.991434,4.701467,0.255215,4.886207,11.909322,0.189097,0.001881,0.242113,0.998454,0.411809,0.254341,1,1,1,1,0
0.4,15.0,0.5,0.4,0.0,0.213048,0.11753,0.264442,0.991434,4.701467,0.255514,4.886207,11.909322,0.289097,0.0,0.242113,0.998454,0.411182,0.255119,1,1,1,1,0
0.4,15.0,0.5,0.4,0.1,0.213048,0.11753,0.264442,0.991434,4.701467,0.255489,4.886207,11.909322,0.289097,0.0,0.242113,0.998454,0.411182,0.255094,1,1,1,1,0
0.4,15.0,0.5,0.4,0.3,0.213048,0.11753,0.264442,0.991434,4.701467,0.25529,4.886207,11.909322,0.289097,0.0,0.242113,0.998454,0.411182,0.254895,1,1,1,1,0
0.4,15.0,0.6,0.5,0.0,0.213048,0.11753,0.264442,0.991434,4.701467,0.255514,4.886207,11.909322,0.389097,0.0,0.242113,0.998454,0.411182,0.255119,1,1,1,1,0
0.4,15.0,0.6,0.5,0.1,0.213048,0.11753,0.264442,0.991434,4.701467,0.255494,4.886207,11.909322,0.389097,0.0,0.242113,0.998454,0.411182,0.255099,1,1,1,1,0
0.4,15.0,0.6,0.5,0.3,0.213048,0.11753,0.264442,0.991434,4.701467,0.255335,4.886207,11.909322,0.389097,0.0,0.242113,0.998454,0.411182,0.25494,1,1,1,1,0
0.4,15.0,0.7,0.6,0.0,0.213048,0.11753,0.264442,0.991434,4.701467,0.255514,4.886207,11.909322,0.489097,0.0,0.242113,0.998454,0.411182,0.255119,1,1,1,1,0
0.4,15.0,0.7,0.6,0.1,0.213048,0.11753,0.264442,0.991434,4.701467,0.255498,4.886207,11.909322,0.489097,0.0,0.242113,0.998454,0.411182,0.255103,1,1,1,1,0
0.4,15.0,0.7,0.6,0.3,0.213048,0.11753,0.264442,0.991434,4.701467,0.255365,4.886207,11.909322,0.489097,0.0,0.242113,0.998454,0.411182,0.25497,1,1,1,1,0
0.4,15.0,0.8,0.7,0.0,0.213048,0.11753,0.264442,0.991434,4.701467,0.255514,4.886207,11.909322,0.589097,0.0,0.242113,0.998454,0.411182,0.255119,1,1,1,1,0
0.4,15.0,0.8,0.7,0.1,0.213048,0.11753,0.264442,0.991434,4.701467,0.2555,4.886207,11.909322,0.589097,0.0,0.242113,0.998454,0.411182,0.255105,1,1,1,1,0
0.4,15.0,0.8,0.7,0.3,0.213048,0.11753,0.264442,0.991434,4.701467,0.255386,4.886207,11.909322,0.589097,0.0,0.242113,0.998454,0.411182,0.254991,1,1,1,1,0
0.4,15.0,0.9,0.8,0.0,0.213048,0.11753,0.264442,0.991434,4.701467,0.255514,4.886207,11.909322,0.689097,0.0,0.242113,0.998454,0.411182,0.255119,1,1,1,1,0
0.4,15.0,0.9,0.8,0.1,0.213048,0.11753,0.264442,0.991434,4.701467,0.255502,4.886207,11.909322,0.689097,0.0,0.242113,0.998454,0.411182,0.255107,1,1,1,1,0
0.4,15.0,0.9,0.8,0.3,0.213048,0.11753,0.264442,0.991434,4.701467,0.255402,4.886207,11.909322,0.689097,0.0,0.242113,0.998454,0.411182,0.255007,1,1,1,1,0
0.4,15.0,1.0,0.9,0.0,0.213048,0.11753,0.264442,0.991434,4.701467,0.255514,4.886207,11.909322,0.789097,0.0,0.242113,0.998454,0.411182,0.255119,1,1,1,1,0
0.4,15.0,1.0,0.9,0.1,0.213048,0.11753,0.264442,0.991434,4.701467,0.255503,4.886207,11.909322,0.789097,0.0,0.242113,0.998454,0.411182,0.255108,1,1,1,1,0
0.4,15.0,1.0,0.9,0.3,0.213048,0.11753,0.264442,0.991434,4.701467,0.255415,4.886207,11.909322,0.789097,0.0,0.242113,0.998454,0.411182,0.25502,1,1,1,1,0
0.4,17.5,0.3,0.2,0.0,0.250696,0.11753,0.264442,0.991434,4.701467,0.255514,5.722859,13.937619,0.051828,0.0513,0.279733,0.994354,0.440822,0.241038,1,1,1,1,0
0.4,17.5,0.3,0.2,0.1,0.250696,0.11753,0.264442,0.991434,4.701467,0.255464,5.722859,13.937619,0.051828,0.0513,0.279733,0.994354,0.440822,0.240991,1,1,1,1,0
0.4,17.5,0.3,0.2,0.3,0.250696,0.11753,0.264442,0.991434,4.701467,0.255065,5.722859,13.937619,0.051828,0.0513,0.279733,0.994354,0.440822,0.240614,1,1,1,1,0
0.4,17.5,0.4,0.3,0.0,0.250696,0.11753,0.264442,0.991434,4.701467,0.255514,5.722859,13.937619,0.151828,0.01211,0.279733,0.994354,0.427759,0.250995,1,1,1,1,0
0.4,17.5,0.4,0.3,0.1,0.250696,0.11753,0.264442,0.991434,4.701467,0.255481,5.722859,13.937619,0.151828,0.01211,0.279733,0.994354,0.427759,0.250962,1,1,1,1,0
0.4,17.5,0.4,0.3,0.3,0.250696,0.11753,0.264442,0.991434,4.701467,0.255215,5.722859,13.937619,0.151828,0.01211,0.279733,0.994354,0.427759,0.250701,1,1,1,1,0
0.4,17.5,0.5,0.4,0.0,0.250696,0.11753,0.264442,0.991434,4.701467,0.255514,5.722859,13.937619,0.251828,0.000371,0.279733,0.994354,0.423846,0.253977,1,1,1,1,0
0.4,17.5,0.5,0.4,0.1,0.250696,0.11753,0.264442,0.991434,4.701467,0.255489,5.722859,13.937619,0.251828,0.000371,0.279733,0.994354,0.423846,0.253953,1,1,1,1,0
0.4,17.5,0.5,0.4,0.3,0.250696,0.11753,0.264442,0.991434,4.701467,0.25529,5.722859,13.937619,0.251828,0.000371,0.279733,0.994354,0.423846,0.253754,1,1,1,1,0
0.4,17.5,0.6,0.5,0.0,0.250696,0.11753,0.264442,0.991434,4.701467,0.255514,5.722859,13.937619,0.351828,0.0,0.279733,0.994354,0.423722,0.254072,1,1,1,1,0
0.4,17.5,0.6,0.5,0.1,0.250696,0.11753,0.264442,0.991434,4.701467,0.255494,5.722859,13.937619,0.351828,0.0,0.279733,0.994354,0.423722,0.254052,1,1,1,1,0
0.4,17.5,0.6,0.5,0.3,0.250696,0.11753,0.264442,0.991434,4.701467,0.255335,5.722859,13.937619,0.351828,0.0,0.279733,0.994354,0.423722,0.253893,1,1,1,1,0
0.4,17.5,0.7,0.6,0.0,0.250696,0.11753,0.264442,0.991434,4.701467,0.255514,5.722859,13.937619,0.451828,0.0,0.279733,0.994354,0.423722,0.254072,1,1,1,1,0
0.4,17.5,0.7,0.6,0.1,0.250696,0.11753,0.264442,0.991434,4.701467,0.255498,5.722859,13.937619,0.451828,0.0,0.279733,0.994354,0.423722,0.254055,1,1,1,1,0
0.4,17.5,0.7,0.6,0.3,0.250696,0.11753,0.264442,0.991434,4.701467,0.255365,5.722859,13.937619,0.451828,0.0,0.279733,0.994354,0.423722,0.253923,1,1,1,1,0
0.4,17.5,0.8,0.7,0.0,0.250696,0.11753,0.264442,0.991434,4.701467,0.255514,5.722859,13.937619,0.551828,0.0,0.279733,0.994354,0.423722,0.254072,1,1,1,1,0
0.4,17.5,0.8,0.7,0.1,0.250696,0.11753,0.264442,0.991434,4.701467,0.2555,5.722859,13.937619,0.551828,0.0,0.279733,0.994354,0.423722,0.254057,1,1,1,1,0
0.4,17.5,0.8,0.7,0.3,0.250696,0.11753,0.264442,0.991434,4.701467,0.255386,5.722859,13.937619,0.551828,0.0,0.279733,0.994354,0.423722,0.253944,1,1,1,1,0
0.4,17.5,0.9,0.8,0.0,0.250696,0.11753,0.264442,0.991434,4.701467,0.255514,5.722859,13.937619,0.651828,0.0,0.279733,0.994354,0.423722,0.254072,1,1,1,1,0
0.4,17.5,0.9,0.8,0.1,0.250696,0.11753,0.264442,0.991434,4.701467,0.255502,5.722859,13.937619,0.651828,0.0,0.279733,0.994354,0.423722,0.254059,1,1,1,1,0
0.4,17.5,0.9,0.8,0.3,0.250696,0.11753,0.264442,0.991434,4.701467,0.255402,5.722859,13.937619,0.651828,0.0,0.279733,0.994354,0.423722,0.25396,1,1,1,1,0
0.4,17.5,1.0,0.9,0.0,0.250696,0.11753,0.264442,0.991434,4.701467,0.255514,5.722859,13.937619,0.751828,0.0,0.279733,0.994354,0.423722,0.254072,1,1,1,1,0
0.4,17.5,1.0,0.9,0.1,0.250696,0.11753,0.264442,0.991434,4.701467,0.255503,5.722859,13.937619,0.751828,0.0,0.279733,0.994354,0.423722,0.254061,1,1,1,1,0
0.4,17.5,1.0,0.9,0.3,0.250696,0.11753,0.264442,0.991434,4.701467,0.255415,5.722859,13.937619,0.751828,0.0,0.279733,0.994354,0.423722,0.253972,1,1,1,1,0
0.4,20.0,0.3,0.2,0.0,0.289395,0.11753,0.264442,0.991434,4.701467,0.255514,6.570705,15.986012,0.013519,0.077579,0.315355,0.987697,0.461456,0.232792,1,1,1,1,0
0.4,20.0,0.3,0.2,0.1,0.289395,0.11753,0.264442,0.991434,4.701467,0.255464,6.570705,15.986012,0.013519,0.077579,0.315355,0.987697,0.461456,0.232747,1,1,1,1,0
0.4,20.0,0.3,0.2,0.3,0.289395,0.11753,0.264442,0.991434,4.701467,0.255065,6.570705,15.986012,0.013519,0.077579,0.315355,0.987697,0.461456,0.232383,1,1,1,1,0
0.4,20.0,0.4,0.3,0.0,0.289395,0.11753,0.264442,0.991434,4.701467,0.255514,6.570705,15.986012,0.113519,0.029791,0.315355,0.987697,0.445527,0.244852,1,1,1,1,0
0.4,20.0,0.4,0.3,0.1,0.289395,0.11753,0.264442,0.991434,4.701467,0.255481,6.570705,15.986012,0.113519,0.029791,0.315355,0.987697,0.445527,0.244821,1,1,1,1,0
0.4,20.0,0.4,0.3,0.3,0.289395,0.11753,0.264442,0.991434,4.701467,0.255215,6.570705,15.986012,0.113519,0.029791,0.315355,0.987697,0.445527,0.244566,1,1,1,1,0
0.4,20.0,0.5,0.4,0.0,0.289395,0.11753,0.264442,0.991434,4.701467,0.255514,6.570705,15.986012,0.213519,0.006655,0.315355,0.987697,0.437815,0.250691,1,1,1,1,0
0.4,20.0,0.5,0.4,0.1,0.289395,0.11753,0.264442,0.991434,4.701467,0.255489,6.570705,15.986012,0.213519,0.006655,0.315355,0.987697,0.437815,0.250667,1,1,1,1,0
0.4,20.0,0.5,0.4,0.3,0.289395,0.11753,0.264442,0.991434,4.701467,0.25529,6.570705,15.986012,0.213519,0.006655,0.315355,0.987697,0.437815,0.250471,1,1,1,1,0
0.4,20.0,0.6,0.5,0.0,0.289395,0.11753,0.264442,0.991434,4.701467,0.255514,6.570705,15.986012,0.313519,0.0,0.315355,0.987697,0.435596,0.252371,1,1,1,1,0
0.4,20.0,0.6,0.5,0.1,0.289395,0.11753,0.264442,0.991434,4.701467,0.255494,6.570705,15.986012,0.313519,0.0,0.315355,0.987697,0.435596,0.252351,1,1,1,1,0
0.4,20.0,0.6,0.5,0.3,0.289395,0.11753,0.264442,0.991434,4.701467,0.255335,6.570705,15.986012,0.313519,0.0,0.315355,0.987697,0.435596,0.252193,1,1,1,1,0
0.4,20.0,0.7,0.6,0.0,0.289395,0.11753,0.264442,0.991434,4.701467,0.255514,6.570705,15.986012,0.413519,0.0,0.315355,0.987697,0.435596,0.252371,1,1,1,1,0
0.4,20.0,0.7,0.6,0.1,0.289395,0.11753,0.264442,0.991434,4.701467,0.255498,6.570705,15.986012,0.413519,0.0,0.315355,0.987697,0.435596,0.252354,1,1,1,1,0
0.4,20.0,0.7,0.6,0.3,0.289395,0.11753,0.264442,0.991434,4.701467,0.255365,6.570705,15.986012,0.413519,0.0,0.315355,0.987697,0.435596,0.252223,1,1,1,1,0
0.4,20.0,0.8,0.7,0.0,0.289395,0.11753,0.264442,0.991434,4.701467,0.255514,6.570705,15.986012,0.513519,0.0,0.315355,0.987697,0.435596,0.252371,1,1,1,1,0
0.4,20.0,0.8,0.7,0.1,0.289395,0.11753,0.264442,0.991434,4.701467,0.2555,6.570705,15.986012,0.513519,0.0,0.315355,0.987697,0.435596,0.252357,1,1,1,1,0
0.4,20.0,0.8,0.7,0.3,0.289395,0.11753,0.264442,0.991434,4.701467,0.255386,6.570705,15.986012,0.513519,0.0,0.315355,0.987697,0.435596,0.252244,1,1,1,1,0
0.4,20.0,0.9,0.8,0.0,0.289395,0.11753,0.264442,0.991434,4.701467,0.255514,6.570705,15.986012,0.613519,0.0,0.315355,0.987697,0.435596,0.252371,1,1,1,1,0
0.4,20.0,0.9,0.8,0.1,0.289395,0.11753,0.264442,0.991434,4.701467,0.255502,6.570705,15.986012,0.613519,0.0,0.315355,0.987697,0.435596,0.252358,1,1,1,1,0
0.4,20.0,0.9,0.8,0.3,0.289395,0.11753,0.264442,0.991434,4.701467,0.255402,6.570705,15.986012,0.613519,0.0,0.315355,0.987697,0.435596,0.25226,1,1,1,1,0
0.4,20.0,1.0,0.9,0.0,0.289395,0.11753,0.264442,0.991434,4.701467,0.255514,6.570705,15.986012,0.713519,0.0,0.315355,0.987697,0.435596,0.252371,1,1,1,1,0
0.4,20.0,1.0,0.9,0.1,0.289395,0.11753,0.264442,0.991434,4.701467,0.255503,6.570705,15.986012,0.713519,0.0,0.315355,0.987697,0.435596,0.25236,1,1,1,1,0
0.4,20.0,1.0,0.9,0.3,0.289395,0.11753,0.264442,0.991434,4.701467,0.255415,6.570705,15.986012,0.713519,0.0,0.315355,0.987697,0.435596,0.252272,1,1,1,1,0
0.4,22.5,0.3,0.2,0.0,0.329344,0.11753,0.264442,0.991434,4.701467,0.255514,7.431985,18.057406,-0.026028,0.110111,0.350799,0.980191,0.484115,0.222875,1,1,0,0,0
0.4,22.5,0.3,0.2,0.1,0.329344,0.11753,0.264442,0.991434,4.701467,0.255464,7.431985,18.057406,-0.026028,0.110111,0.350799,0.980191,0.484115,0.222832,1,1,0,0,0
0.4,22.5,0.3,0.2,0.3,0.329344,0.11753,0.264442,0.991434,4.701467,0.255065,7.431985,18.057406,-0.026028,0.110111,0.350799,0.980191,0.484115,0.222484,1,1,0,0,0
0.4,22.5,0.4,0.3,0.0,0.329344,0.11753,0.264442,0.991434,4.701467,0.255514,7.431985,18.057406,0.073972,0.049147,0.350799,0.980191,0.463793,0.238144,1,1,1,1,1
0.4,22.5,0.4,0.3,0.1,0.329344,0.11753,0.264442,0.991434,4.701467,0.255481,7.431985,18.057406,0.073972,0.049147,0.350799,0.980191,0.463793,0.238113,1,1,1,1,0
0.4,22.5,0.4,0.3,0.3,0.329344,0.11753,0.264442,0.991434,4.701467,0.255215,7.431985,18.057406,0.073972,0.049147,0.350799,0.980191,0.463793,0.237865,1,1,1,1,0
0.4,22.5,0.5,0.4,0.0,0.329344,0.11753,0.264442,0.991434,4.701467,0.255514,7.431985,18.057406,0.173972,0.017957,0.350799,0.980191,0.453397,0.245955,1,1,1,1,0
0.4,22.5,0.5,0.4,0.1,0.329344,0.11753,0.264442,0.991434,4.701467,0.255489,7.431985,18.057406,0.173972,0.017957,0.350799,0.980191,0.453397,0.245931,1,1,1,1,0
0.4,22.5,0.5,0.4,0.3,0.329344,0.11753,0.264442,0.991434,4.701467,0.25529,7.431985,18.057406,0.173972,0.017957,0.350799,0.980191,0.453397,0.245739,1,1,1,1,0
0.4,22.5,0.6,0.5,0.0,0.329344,0.11753,0.264442,0.991434,4.701467,0.255514,7.431985,18.057406,0.273972,0.00318,0.350799,0.980191,0.448471,0.249656,1,1,1,1,0
0.4,22.5,0.6,0.5,0.1,0.329344,0.11753,0.264442,0.991434,4.701467,0.255494,7.431985,18.057406,0.273972,0.00318,0.350799,0.980191,0.448471,0.249637,1,1,1,1,0
0.4,22.5,0.6,0.5,0.3,0.329344,0.11753,0.264442,0.991434,4.701467,0.255335,7.431985,18.057406,0.273972,0.00318,0.350799,0.980191,0.448471,0.249481,1,1,1,1,0
0.4,22.5,0.7,0.6,0.0,0.329344,0.11753,0.264442,0.991434,4.701467,0.255514,7.431985,18.057406,0.373972,0.0,0.350799,0.980191,0.447411,0.250453,1,1,1,1,0
0.4,22.5,0.7,0.6,0.1,0.329344,0.11753,0.264442,0.991434,4.701467,0.255498,7.431985,18.057406,0.373972,0.0,0.350799,0.980191,0.447411,0.250437,1,1,1,1,0
0.4,22.5,0.7,0.6,0.3,0.329344,0.11753,0.264442,0.991434,4.701467,0.255365,7.431985,18.057406,0.373972,0.0,0.350799,0.980191,0.447411,0.250306,1,1,1,1,0
0.4,22.5,0.8,0.7,0.0,0.329344,0.11753,0.264442,0.991434,4.701467,0.255514,7.431985,18.057406,0.473972,0.0,0.350799,0.980191,0.447411,0.250453,1,1,1,1,0
0.4,22.5,0.8,0.7,0.1,0.329344,0.11753,0.264442,0.991434,4.701467,0.2555,7.431985,18.057406,0.473972,0.0,0.350799,0.980191,0.447411,0.250439,1,1,1,1,0
0.4,22.5,0.8,0.7,0.3,0.329344,0.11753,0.264442,0.991434,4.701467,0.255386,7.431985,18.057406,0.473972,0.0,0.350799,0.980191,0.447411,0.250327,1,1,1,1,0
0.4,22.5,0.9,0.8,0.0,0.329344,0.11753,0.264442,0.991434,4.701467,0.255514,7.431985,18.057406,0.573972,0.0,0.350799,0.980191,0.447411,0.250453,1,1,1,1,0
0.4,22.5,0.9,0.8,0.1,0.329344,0.11753,0.264442,0.991434,4.701467,0.255502,7.431985,18.057406,0.573972,0.0,0.350799,0.980191,0.447411,0.250441,1,1,1,1,0
0.4,22.5,0.9,0.8,0.3,0.329344,0.11753,0.264442,0.991434,4.701467,0.255402,7.431985,18.057406,0.573972,0.0,0.350799,0.980191,0.447411,0.250343,1,1,1,1,0
0.4,22.5,1.0,0.9,0.0,0.329344,0.11753,0.264442,0.991434,4.701467,0.255514,7.431985,18.057406,0.673972,0.0,0.350799,0.980191,0.447411,0.250453,1,1,1,1,0
0.4,22.5,1.0,0.9,0.1,0.329344,0.11753,0.264442,0.991434,4.701467,0.255503,7.431985,18.057406,0.673972,0.0,0.350799,0.980191,0.447411,0.250442,1,1,1,1,0
0.4,22.5,1.0,0.9,0.3,0.329344,0.11753,0.264442,0.991434,4.701467,0.255415,7.431985,18.057406,0.673972,0.0,0.350799,0.980191,0.447411,0.250355,1,1,1,1,0
0.4,25.0,0.3,0.2,0.0,0.370764,0.11753,0.264442,0.991434,4.701467,0.255514,8.309196,20.154705,-0.067031,0.141955,0.383126,0.968775,0.505505,0.212397,0,1,0,0,0
0.4,25.0,0.3,0.2,0.1,0.370764,0.11753,0.264442,0.991434,4.701467,0.255464,8.309196,20.154705,-0.067031,0.141955,0.383126,0.968775,0.505505,0.212355,0,1,0,0,0
0.4,25.0,0.3,0.2,0.3,0.370764,0.11753,0.264442,0.991434,4.701467,0.255065,8.309196,20.154705,-0.067031,0.141955,0.383126,0.968775,0.505505,0.212024,0,1,0,0,0
0.4,25.0,0.4,0.3,0.0,0.370764,0.11753,0.264442,0.991434,4.701467,0.255514,8.309196,20.154705,0.032969,0.068576,0.383126,0.968775,0.481045,0.230561,0,1,1,0,0
0.4,25.0,0.4,0.3,0.1,0.370764,0.11753,0.264442,0.991434,4.701467,0.255481,8.309196,20.154705,0.032969,0.068576,0.383126,0.968775,0.481045,0.230531,0,1,1,0,0
0.4,25.0,0.4,0.3,0.3,0.370764,0.11753,0.264442,0.991434,4.701467,0.255215,8.309196,20.154705,0.032969,0.068576,0.383126,0.968775,0.481045,0.230291,0,1,1,0,0
0.4,25.0,0.5,0.4,0.0,0.370764,0.11753,0.264442,0.991434,4.701467,0.255514,8.309196,20.154705,0.132969,0.033573,0.383126,0.968775,0.469378,0.239225,0,1,1,0,0
0.4,25.0,0.5,0.4,0.1,0.370764,0.11753,0.264442,0.991434,4.701467,0.255489,8.309196,20.154705,0.132969,0.033573,0.383126,0.968775,0.469378,0.239202,0,1,1,0,0
0.4,25.0,0.5,0.4,0.3,0.370764,0.11753,0.264442,0.991434,4.701467,0.25529,8.309196,20.154705,0.132969,0.033573,0.383126,0.968775,0.469378,0.239015,0,1,1,0,0
0.4,25.0,0.6,0.5,0.0,0.370764,0.11753,0.264442,0.991434,4.701467,0.255514,8.309196,20.154705,0.232969,0.010936,0.383126,0.968775,0.461832,0.244829,0,1,1,0,0
0.4,25.0,0.6,0.5,0.1,0.370764,0.11753,0.264442,0.991434,4.701467,0.255494,8.309196,20.154705,0.232969,0.010936,0.383126,0.968775,0.461832,0.24481,0,1,1,0,0
0.4,25.0,0.6,0.5,0.3,0.370764,0.11753,0.264442,0.991434,4.701467,0.255335,8.309196,20.154705,0.232969,0.010936,0.383126,0.968775,0.461832,0.244657,0,1,1,0,0
0.4,25.0,0.7,0.6,0.0,0.370764,0.11753,0.264442,0.991434,4.701467,0.255514,8.309196,20.154705,0.332969,0.001745,0.383126,0.968775,0.458768,0.247104,0,1,1,0,0
0.4,25.0,0.7,0.6,0.1,0.370764,0.11753,0.264442,0.991434,4.701467,0.255498,8.309196,20.154705,0.332969,0.001745,0.383126,0.968775,0.458768,0.247088,0,1,1,0,0
0.4,25.0,0.7,0.6,0.3,0.370764,0.11753,0.264442,0.991434,4.701467,0.255365,8.309196,20.154705,0.332969,0.001745,0.383126,0.968775,0.458768,0.246959,0,1,1,0,0
0.4,25.0,0.8,0.7,0.0,0.370764,0.11753,0.264442,0.991434,4.701467,0.255514,8.309196,20.154705,0.432969,0.0,0.383126,0.968775,0.458187,0.247536,0,1,1,0,0
0.4,25.0,0.8,0.7,0.1,0.370764,0.11753,0.264442,0.991434,4.701467,0.2555,8.309196,20.154705,0.432969,0.0,0.383126,0.968775,0.458187,0.247522,0,1,1,0,0
0.4,25.0,0.8,0.7,0.3,0.370764,0.11753,0.264442,0.991434,4.701467,0.255386,8.309196,20.154705,0.432969,0.0,0.383126,0.968775,0.458187,0.247412,0,1,1,0,0
0.4,25.0,0.9,0.8,0.0,0.370764,0.11753,0.264442,0.991434,4.701467,0.255514,8.309196,20.154705,0.532969,0.0,0.383126,0.968775,0.458187,0.247536,0,1,1,0,0
0.4,25.0,0.9,0.8,0.1,0.370764,0.11753,0.264442,0.991434,4.701467,0.255502,8.309196,20.154705,0.532969,0.0,0.383126,0.968775,0.458187,0.247524,0,1,1,0,0
0.4,25.0,0.9,0.8,0.3,0.370764,0.11753,0.264442,0.991434,4.701467,0.255402,8.309196,20.154705,0.532969,0.0,0.383126,0.968775,0.458187,0.247427,0,1,1,0,0
0.4,25.0,1.0,0.9,0.0,0.370764,0.11753,0.264442,0.991434,4.701467,0.255514,8.309196,20.154705,0.632969,0.0,0.383126,0.968775,0.458187,0.247536,0,1,1,0,0
0.4,25.0,1.0,0.9,0.1,0.370764,0.11753,0.264442,0.991434,4.701467,0.255503,8.309196,20.154705,0.632969,0.0,0.383126,0.968775,0.458187,0.247525,0,1,1,0,0
0.4,25.0,1.0,0.9,0.3,0.370764,0.11753,0.264442,0.991434,4.701467,0.255415,8.309196,20.154705,0.632969,0.0,0.383126,0.968775,0.458187,0.247439,0,1,1,0,0
0.4,27.5,0.3,0.2,0.0,0.413906,0.11753,0.264442,0.991434,4.701467,0.255514,9.20513,22.280809,-0.109739,0.171901,0.41356,0.954532,0.525632,0.201971,0,1,0,0,0
0.4,27.5,0.3,0.2,0.1,0.413906,0.11753,0.264442,0.991434,4.701467,0.255464,9.20513,22.280809,-0.109739,0.171901,0.41356,0.954532,0.525632,0.201931,0,1,0,0,0
0.4,27.5,0.3,0.2,0.3,0.413906,0.11753,0.264442,0.991434,4.701467,0.255065,9.20513,22.280809,-0.109739,0.171901,0.41356,0.954532,0.525632,0.201616,0,1,0,0,0
0.4,27.5,0.4,0.3,0.0,0.413906,0.11753,0.264442,0.991434,4.701467,0.255514,9.20513,22.280809,-0.009739,0.094355,0.41356,0.954532,0.499783,0.220884,0,1,0,0,0
0.4,27.5,0.4,0.3,0.1,0.413906,0.11753,0.264442,0.991434,4.701467,0.255481,9.20513,22.280809,-0.009739,0.094355,0.41356,0.954532,0.499783,0.220855,0,1,0,0,0
0.4,27.5,0.4,0.3,0.3,0.413906,0.11753,0.264442,0.991434,4.701467,0.255215,9.20513,22.280809,-0.009739,0.094355,0.41356,0.954532,0.499783,0.220625,0,1,0,0,0
0.4,27.5,0.5,0.4,0.0,0.413906,0.11753,0.264442,0.991434,4.701467,0.255514,9.20513,22.280809,0.090261,0.049907,0.41356,0.954532,0.484967,0.231725,0,1,1,0,0
0.4,27.5,0.5,0.4,0.1,0.413906,0.11753,0.264442,0.991434,4.701467,0.255489,9.20513,22.280809,0.090261,0.049907,0.41356,0.954532,0.484967,0.231702,0,1,1,0,0
0.4,27.5,0.5,0.4,0.3,0.413906,0.11753,0.264442,0.991434,4.701467,0.25529,9.20513,22.280809,0.090261,0.049907,0.41356,0.954532,0.484967,0.231521,0,1,1,0,0
0.4,27.5,0.6,0.5,0.0,0.413906,0.11753,0.264442,0.991434,4.701467,0.255514,9.20513,22.280809,0.190261,0.023269,0.41356,0.954532,0.476088,0.238221,0,1,1,0,0
0.4,27.5,0.6,0.5,0.1,0.413906,0.11753,0.264442,0.991434,4.701467,0.255494,9.20513,22.280809,0.190261,0.023269,0.41356,0.954532,0.476088,0.238203,0,1,1,0,0
0.4,27.5,0.6,0.5,0.3,0.413906,0.11753,0.264442,0.991434,4.701467,0.255335,9.20513,22.280809,0.190261,0.023269,0.41356,0.954532,0.476088,0.238054,0,1,1,0,0
0.4,27.5,0.7,0.6,0.0,0.413906,0.11753,0.264442,0.991434,4.701467,0.255514,9.20513,22.280809,0.290261,0.008071,0.41356,0.954532,0.471022,0.241928,0,1,1,0,0
0.4,27.5,0.7,0.6,0.1,0.413906,0.11753,0.264442,0.991434,4.701467,0.255498,9.20513,22.280809,0.290261,0.008071,0.41356,0.954532,0.471022,0.241912,0,1,1,0,0
0.4,27.5,0.7,0.6,0.3,0.413906,0.11753,0.264442,0.991434,4.701467,0.255365,9.20513,22.280809,0.290261,0.008071,0.41356,0.954532,0.471022,0.241786,0,1,1,0,0
0.4,27.5,0.8,0.7,0.0,0.413906,0.11753,0.264442,0.991434,4.701467,0.255514,9.20513,22.280809,0.390261,0.001167,0.41356,0.954532,0.46872,0.243612,0,1,1,0,0
0.4,27.5,0.8,0.7,0.1,0.413906,0.11753,0.264442,0.991434,4.701467,0.2555,9.20513,22.280809,0.390261,0.001167,0.41356,0.954532,0.46872,0.243598,0,1,1,0,0
0.4,27.5,0.8,0.7,0.3,0.413906,0.11753,0.264442,0.991434,4.701467,0.255386,9.20513,22.280809,0.390261,0.001167,0.41356,0.954532,0.46872,0.24349,0,1,1,0,0
0.4,27.5,0.9,0.8,0.0,0.413906,0.11753,0.264442,0.991434,4.701467,0.255514,9.20513,22.280809,0.490261,0.0,0.41356,0.954532,0.468331,0.243897,0,1,1,0,0
0.4,27.5,0.9,0.8,0.1,0.413906,0.11753,0.264442,0.991434,4.701467,0.255502,9.20513,22.280809,0.490261,0.0,0.41356,0.954532,0.468331,0.243885,0,1,1,0,0
0.4,27.5,0.9,0.8,0.3,0.413906,0.11753,0.264442,0.991434,4.701467,0.255402,9.20513,22.280809,0.490261,0.0,0.41356,0.954532,0.468331,0.243789,0,1,1,0,0
0.4,27.5,1.0,0.9,0.0,0.413906,0.11753,0.264442,0.991434,4.701467,0.255514,9.20513,22.280809,0.590261,0.0,0.41356,0.954532,0.468331,0.243897,0,1,1,0,0
0.4,27.5,1.0,0.9,0.1,0.413906,0.11753,0.264442,0.991434,4.701467,0.255503,9.20513,22.280809,0.590261,0.0,0.41356,0.954532,0.468331,0.243886,0,1,1,0,0
0.4,27.5,1.0,0.9,0.3,0.413906,0.11753,0.264442,0.991434,4.701467,0.255415,9.20513,22.280809,0.590261,0.0,0.41356,0.954532,0.468331,0.243801,0,1,1,0,0
0.4,30.0,0.3,0.2,0.0,0.459055,0.11753,0.264442,0.991434,4.701467,0.255514,10.122921,24.438603,-0.154433,0.201976,0.443587,0.939644,0.545666,0.1916,0,1,0,0,0
0.4,30.0,0.3,0.2,0.1,0.459055,0.11753,0.264442,0.991434,4.701467,0.255464,10.122921,24.438603,-0.154433,0.201976,0.443587,0.939644,0.545666,0.191562,0,1,0,0,0
0.4,30.0,0.3,0.2,0.3,0.459055,0.11753,0.264442,0.991434,4.701467,0.255065,10.122921,24.438603,-0.154433,0.201976,0.443587,0.939644,0.545666,0.191263,0,1,0,0,0
0.4,30.0,0.4,0.3,0.0,0.459055,0.11753,0.264442,0.991434,4.701467,0.255514,10.122921,24.438603,-0.054433,0.121855,0.443587,0.939644,0.518959,0.210836,0,1,0,0,0
0.4,30.0,0.4,0.3,0.1,0.459055,0.11753,0.264442,0.991434,4.701467,0.255481,10.122921,24.438603,-0.054433,0.121855,0.443587,0.939644,0.518959,0.210809,0,1,0,0,0
0.4,30.0,0.4,0.3,0.3,0.459055,0.11753,0.264442,0.991434,4.701467,0.255215,10.122921,24.438603,-0.054433,0.121855,0.443587,0.939644,0.518959,0.210589,0,1,0,0,0
0.4,30.0,0.5,0.4,0.0,0.459055,0.11753,0.264442,0.991434,4.701467,0.255514,10.122921,24.438603,0.045567,0.066439,0.443587,0.939644,0.500487,0.224141,0,1,1,0,0
0.4,30.0,0.5,0.4,0.1,0.459055,0.11753,0.264442,0.991434,4.701467,0.255489,10.122921,24.438603,0.045567,0.066439,0.443587,0.939644,0.500487,0.224119,0,1,1,0,0
0.4,30.0,0.5,0.4,0.3,0.459055,0.11753,0.264442,0.991434,4.701467,0.25529,10.122921,24.438603,0.045567,0.066439,0.443587,0.939644,0.500487,0.223944,0,1,1,0,0
0.4,30.0,0.6,0.5,0.0,0.459055,0.11753,0.264442,0.991434,4.701467,0.255514,10.122921,24.438603,0.145567,0.038399,0.443587,0.939644,0.49114,0.230873,0,1,1,0,0
0.4,30.0,0.6,0.5,0.1,0.459055,0.11753,0.264442,0.991434,4.701467,0.255494,10.122921,24.438603,0.145567,0.038399,0.443587,0.939644,0.49114,0.230855,0,1,1,0,0
0.4,30.0,0.6,0.5,0.3,0.459055,0.11753,0.264442,0.991434,4.701467,0.255335,10.122921,24.438603,0.145567,0.038399,0.443587,0.939644,0.49114,0.230711,0,1,1,0,0
0.4,30.0,0.7,0.6,0.0,0.459055,0.11753,0.264442,0.991434,4.701467,0.255514,10.122921,24.438603,0.245567,0.017438,0.443587,0.939644,0.484153,0.235906,0,1,1,0,0
0.4,30.0,0.7,0.6,0.1,0.459055,0.11753,0.264442,0.991434,4.701467,0.255498,10.122921,24.438603,0.245567,0.017438,0.443587,0.939644,0.484153,0.23589,0,1,1,0,0
0.4,30.0,0.7,0.6,0.3,0.459055,0.11753,0.264442,0.991434,4.701467,0.255365,10.122921,24.438603,0.245567,0.017438,0.443587,0.939644,0.484153,0.235768,0,1,1,0,0
0.4,30.0,0.8,0.7,0.0,0.459055,0.11753,0.264442,0.991434,4.701467,0.255514,10.122921,24.438603,0.345567,0.006076,0.443587,0.939644,0.480366,0.238634,0,1,1,0,0
0.4,30.0,0.8,0.7,0.1,0.459055,0.11753,0.264442,0.991434,4.701467,0.2555,10.122921,24.438603,0.345567,0.006076,0.443587,0.939644,0.480366,0.23862,0,1,1,0,0
0.4,30.0,0.8,0.7,0.3,0.459055,0.11753,0.264442,0.991434,4.701467,0.255386,10.122921,24.438603,0.345567,0.006076,0.443587,0.939644,0.480366,0.238514,0,1,1,0,0
0.4,30.0,0.9,0.8,0.0,0.459055,0.11753,0.264442,0.991434,4.701467,0.255514,10.122921,24.438603,0.445567,0.000808,0.443587,0.939644,0.47861,0.239898,0,1,1,0,0
0.4,30.0,0.9,0.8,0.1,0.459055,0.11753,0.264442,0.991434,4.701467,0.255502,10.122921,24.438603,0.445567,0.000808,0.443587,0.939644,0.47861,0.239887,0,1,1,0,0
0.4,30.0,0.9,0.8,0.3,0.459055,0.11753,0.264442,0.991434,4.701467,0.255402,10.122921,24.438603,0.445567,0.000808,0.443587,0.939644,0.47861,0.239793,0,1,1,0,0
0.4,30.0,1.0,0.9,0.0,0.459055,0.11753,0.264442,0.991434,4.701467,0.255514,10.122921,24.438603,0.545567,0.0,0.443587,0.939644,0.47834,0.240093,0,1,1,0,0
0.4,30.0,1.0,0.9,0.1,0.459055,0.11753,0.264442,0.991434,4.701467,0.255503,10.122921,24.438603,0.545567,0.0,0.443587,0.939644,0.47834,0.240082,0,1,1,0,0
0.4,30.0,1.0,0.9,0.3,0.459055,0.11753,0.264442,0.991434,4.701467,0.255415,10.122921,24.438603,0.545567,0.0,0.443587,0.939644,0.47834,0.239999,0,1,1,0,0
0.4,32.5,0.3,0.2,0.0,0.506538,0.11753,0.264442,0.991434,4.701467,0.255514,11.066099,26.630945,-0.201438,0.232064,0.473424,0.924539,0.56564,0.181412,0,1,0,0,0
0.4,32.5,0.3,0.2,0.1,0.506538,0.11753,0.264442,0.991434,4.701467,0.255464,11.066099,26.630945,-0.201438,0.232064,0.473424,0.924539,0.56564,0.181376,0,1,0,0,0
0.4,32.5,0.3,0.2,0.3,0.506538,0.11753,0.264442,0.991434,4.701467,0.255065,11.066099,26.630945,-0.201438,0.232064,0.473424,0.924539,0.56564,0.181093,0,1,0,0,0
0.4,32.5,0.4,0.3,0.0,0.506538,0.11753,0.264442,0.991434,4.701467,0.255514,11.066099,26.630945,-0.101438,0.14849,0.473424,0.924539,0.537783,0.201155,0,1,0,0,0
0.4,32.5,0.4,0.3,0.1,0.506538,0.11753,0.264442,0.991434,4.701467,0.255481,11.066099,26.630945,-0.101438,0.14849,0.473424,0.924539,0.537783,0.201128,0,1,0,0,0
0.4,32.5,0.4,0.3,0.3,0.506538,0.11753,0.264442,0.991434,4.701467,0.255215,11.066099,26.630945,-0.101438,0.14849,0.473424,0.924539,0.537783,0.200919,0,1,0,0,0
0.4,32.5,0.5,0.4,0.0,0.506538,0.11753,0.264442,0.991434,4.701467,0.255514,11.066099,26.630945,-0.001438,0.089013,0.473424,0.924539,0.517957,0.215205,0,1,0,0,0
0.4,32.5,0.5,0.4,0.1,0.506538,0.11753,0.264442,0.991434,4.701467,0.255489,11.066099,26.630945,-0.001438,0.089013,0.473424,0.924539,0.517957,0.215184,0,1,0,0,0
0.4,32.5,0.5,0.4,0.3,0.506538,0.11753,0.264442,0.991434,4.701467,0.25529,11.066099,26.630945,-0.001438,0.089013,0.473424,0.924539,0.517957,0.215016,0,1,0,0,0
0.4,32.5,0.6,0.5,0.0,0.506538,0.11753,0.264442,0.991434,4.701467,0.255514,11.066099,26.630945,0.098562,0.05287,0.473424,0.924539,0.505909,0.223743,0,1,1,0,0
0.4,32.5,0.6,0.5,0.1,0.506538,0.11753,0.264442,0.991434,4.701467,0.255494,11.066099,26.630945,0.098562,0.05287,0.473424,0.924539,0.505909,0.223726,0,1,1,0,0
0.4,32.5,0.6,0.5,0.3,0.506538,0.11753,0.264442,0.991434,4.701467,0.255335,11.066099,26.630945,0.098562,0.05287,0.473424,0.924539,0.505909,0.223586,0,1,1,0,0
0.4,32.5,0.7,0.6,0.0,0.506538,0.11753,0.264442,0.991434,4.701467,0.255514,11.066099,26.630945,0.198562,0.029818,0.473424,0.924539,0.498225,0.229189,0,1,1,0,0
0.4,32.5,0.7,0.6,0.1,0.506538,0.11753,0.264442,0.991434,4.701467,0.255498,11.066099,26.630945,0.198562,0.029818,0.473424,0.924539,0.498225,0.229174,0,1,1,0,0
0.4,32.5,0.7,0.6,0.3,0.506538,0.11753,0.264442,0.991434,4.701467,0.255365,11.066099,26.630945,0.198562,0.029818,0.473424,0.924539,0.498225,0.229055,0,1,1,0,0
0.4,32.5,0.8,0.7,0.0,0.506538,0.11753,0.264442,0.991434,4.701467,0.255514,11.066099,26.630945,0.298562,0.013218,0.473424,0.924539,0.492692,0.23311,0,1,1,0,0
0.4,32.5,0.8,0.7,0.1,0.506538,0.11753,0.264442,0.991434,4.701467,0.2555,11.066099,26.630945,0.298562,0.013218,0.473424,0.924539,0.492692,0.233097,0,1,1,0,0
0.4,32.5,0.8,0.7,0.3,0.506538,0.11753,0.264442,0.991434,4.701467,0.255386,11.066099,26.630945,0.298562,0.013218,0.473424,0.924539,0.492692,0.232993,0,1,1,0,0
0.4,32.5,0.9,0.8,0.0,0.506538,0.11753,0.264442,0.991434,4.701467,0.255514,11.066099,26.630945,0.398562,0.004757,0.473424,0.924539,0.489871,0.235109,0,1,1,0,0
0.4,32.5,0.9,0.8,0.1,0.506538,0.11753,0.264442,0.991434,4.701467,0.255502,11.066099,26.630945,0.398562,0.004757,0.473424,0.924539,0.489871,0.235098,0,1,1,0,0
0.4,32.5,0.9,0.8,0.3,0.506538,0.11753,0.264442,0.991434,4.701467,0.255402,11.066099,26.630945,0.398562,0.004757,0.473424,0.924539,0.489871,0.235006,0,1,1,0,0
0.4,32.5,1.0,0.9,0.0,0.506538,0.11753,0.264442,0.991434,4.701467,0.255514,11.066099,26.630945,0.498562,0.000632,0.473424,0.924539,0.488497,0.236084,0,1,1,0,0
0.4,32.5,1.0,0.9,0.1,0.506538,0.11753,0.264442,0.991434,4.701467,0.255503,11.066099,26.630945,0.498562,0.000632,0.473424,0.924539,0.488497,0.236073,0,1,1,0,0
0.4,32.5,1.0,0.9,0.3,0.506538,0.11753,0.264442,0.991434,4.701467,0.255415,11.066099,26.630945,0.498562,0.000632,0.473424,0.924539,0.488497,0.235991,0,1,1,0,0
0.4,35.0,0.3,0.2,0.0,0.556739,0.11753,0.264442,0.991434,4.701467,0.255514,12.038659,28.860644,-0.251134,0.262501,0.502452,0.908434,0.585462,0.171187,0,1,0,0,0
0.4,35.0,0.3,0.2,0.1,0.556739,0.11753,0.264442,0.991434,4.701467,0.255464,12.038659,28.860644,-0.251134,0.262501,0.502452,0.908434,0.585462,0.171153,0,1,0,0,0
0.4,35.0,0.3,0.2,0.3,0.556739,0.11753,0.264442,0.991434,4.701467,0.255065,12.038659,28.860644,-0.251134,0.262501,0.502452,0.908434,0.585462,0.170886,0,1,0,0,0
0.4,35.0,0.4,0.3,0.0,0.556739,0.11753,0.264442,0.991434,4.701467,0.255514,12.038659,28.860644,-0.151134,0.174398,0.502452,0.908434,0.556095,0.191637,0,1,0,0,0
0.4,35.0,0.4,0.3,0.1,0.556739,0.11753,0.264442,0.991434,4.701467,0.255481,12.038659,28.860644,-0.151134,0.174398,0.502452,0.908434,0.556095,0.191612,0,1,0,0,0
0.4,35.0,0.4,0.3,0.3,0.556739,0.11753,0.264442,0.991434,4.701467,0.255215,12.038659,28.860644,-0.151134,0.174398,0.502452,0.908434,0.556095,0.191413,0,1,0,0,0
0.4,35.0,0.5,0.4,0.0,0.556739,0.11753,0.264442,0.991434,4.701467,0.255514,12.038659,28.860644,-0.051134,0.113917,0.502452,0.908434,0.535934,0.205676,0,1,0,0,0
0.4,35.0,0.5,0.4,0.1,0.556739,0.11753,0.264442,0.991434,4.701467,0.255489,12.038659,28.860644,-0.051134,0.113917,0.502452,0.908434,0.535934,0.205656,0,1,0,0,0
0.4,35.0,0.5,0.4,0.3,0.556739,0.11753,0.264442,0.991434,4.701467,0.25529,12.038659,28.860644,-0.051134,0.113917,0.502452,0.908434,0.535934,0.205495,0,1,0,0,0
0.4,35.0,0.6,0.5,0.0,0.556739,0.11753,0.264442,0.991434,4.701467,0.255514,12.038659,28.860644,0.048866,0.068813,0.502452,0.908434,0.5209,0.216145,0,1,1,0,0
0.4,35.0,0.6,0.5,0.1,0.556739,0.11753,0.264442,0.991434,4.701467,0.255494,12.038659,28.860644,0.048866,0.068813,0.502452,0.908434,0.5209,0.216128,0,1,1,0,0
0.4,35.0,0.6,0.5,0.3,0.556739,0.11753,0.264442,0.991434,4.701467,0.255335,12.038659,28.860644,0.048866,0.068813,0.502452,0.908434,0.5209,0.215993,0,1,1,0,0
0.4,35.0,0.7,0.6,0.0,0.556739,0.11753,0.264442,0.991434,4.701467,0.255514,12.038659,28.860644,0.148866,0.044176,0.502452,0.908434,0.512687,0.221864,0,1,1,0,0
0.4,35.0,0.7,0.6,0.1,0.556739,0.11753,0.264442,0.991434,4.701467,0.255498,12.038659,28.860644,0.148866,0.044176,0.502452,0.908434,0.512687,0.221849,0,1,1,0,0
0.4,35.0,0.7,0.6,0.3,0.556739,0.11753,0.264442,0.991434,4.701467,0.255365,12.038659,28.860644,0.148866,0.044176,0.502452,0.908434,0.512687,0.221734,0,1,1,0,0
0.4,35.0,0.8,0.7,0.0,0.556739,0.11753,0.264442,0.991434,4.701467,0.255514,12.038659,28.860644,0.248866,0.024297,0.502452,0.908434,0.506061,0.226478,0,1,1,0,0
0.4,35.0,0.8,0.7,0.1,0.556739,0.11753,0.264442,0.991434,4.701467,0.2555,12.038659,28.860644,0.248866,0.024297,0.502452,0.908434,0.506061,0.226466,0,1,1,0,0
0.4,35.0,0.8,0.7,0.3,0.556739,0.11753,0.264442,0.991434,4.701467,0.255386,12.038659,28.860644,0.248866,0.024297,0.502452,0.908434,0.506061,0.226365,0,1,1,0,0
0.4,35.0,0.9,0.8,0.0,0.556739,0.11753,0.264442,0.991434,4.701467,0.255514,12.038659,28.860644,0.348866,0.011025,0.502452,0.908434,0.501637,0.229559,0,1,1,0,0
0.4,35.0,0.9,0.8,0.1,0.556739,0.11753,0.264442,0.991434,4.701467,0.255502,12.038659,28.860644,0.348866,0.011025,0.502452,0.908434,0.501637,0.229548,0,1,1,0,0
0.4,35.0,0.9,0.8,0.3,0.556739,0.11753,0.264442,0.991434,4.701467,0.255402,12.038659,28.860644,0.348866,0.011025,0.502452,0.908434,0.501637,0.229458,0,1,1,0,0
0.4,35.0,1.0,0.9,0.0,0.556739,0.11753,0.264442,0.991434,4.701467,0.255514,12.038659,28.860644,0.448866,0.004005,0.502452,0.908434,0.499297,0.231188,0,1,1,0,0
0.4,35.0,1.0,0.9,0.1,0.556739,0.11753,0.264442,0.991434,4.701467,0.255503,12.038659,28.860644,0.448866,0.004005,0.502452,0.908434,0.499297,0.231178,0,1,1,0,0
0.4,35.0,1.0,0.9,0.3,0.556739,0.11753,0.264442,0.991434,4.701467,0.255415,12.038659,28.860644,0.448866,0.004005,0.502452,0.908434,0.499297,0.231098,0,1,1,0,0
0.45,5.0,0.3,0.2,0.0,0.069563,0.132221,0.297497,0.995275,4.179082,0.229043,1.613854,3.939305,0.231138,0.0,0.080477,1.0,0.358584,0.229043,1,1,1,1,0
0.45,5.0,0.3,0.2,0.1,0.069563,0.132221,0.297497,0.995275,4.179082,0.228993,1.613854,3.939305,0.231138,0.0,0.080477,1.0,0.358584,0.228993,1,1,1,1,0
0.45,5.0,0.3,0.2,0.3,0.069563,0.132221,0.297497,0.995275,4.179082,0.228591,1.613854,3.939305,0.231138,0.0,0.080477,1.0,0.358584,0.228591,1,1,1,1,0
0.45,5.0,0.4,0.3,0.0,0.069563,0.132221,0.297497,0.995275,4.179082,0.229043,1.613854,3.939305,0.331138,0.0,0.080477,1.0,0.358584,0.229043,1,1,1,1,0
0.45,5.0,0.4,0.3,0.1,0.069563,0.132221,0.297497,0.995275,4.179082,0.22901,1.613854,3.939305,0.331138,0.0,0.080477,1.0,0.358584,0.22901,1,1,1,1,0
0.45,5.0,0.4,0.3,0.3,0.069563,0.132221,0.297497,0.995275,4.179082,0.228742,1.613854,3.939305,0.331138,0.0,0.080477,1.0,0.358584,0.228742,1,1,1,1,0
0.45,5.0,0.5,0.4,0.0,0.069563,0.132221,0.297497,0.995275,4.179082,0.229043,1.613854,3.939305,0.431138,0.0,0.080477,1.0,0.358584,0.229043,1,1,1,1,0
0.45,5.0,0.5,0.4,0.1,0.069563,0.132221,0.297497,0.995275,4.179082,0.229018,1.613854,3.939305,0.431138,0.0,0.080477,1.0,0.358584,0.229018,1,1,1,1,0
0.45,5.0,0.5,0.4,0.3,0.069563,0.132221,0.297497,0.995275,4.179082,0.228817,1.613854,3.939305,0.431138,0.0,0.080477,1.0,0.358584,0.228817,1,1,1,1,0
0.45,5.0,0.6,0.5,0.0,0.069563,0.132221,0.297497,0.995275,4.179082,0.229043,1.613854,3.939305,0.531138,0.0,0.080477,1.0,0.358584,0.229043,1,1,1,1,0
0.45,5.0,0.6,0.5,0.1,0.069563,0.132221,0.297497,0.995275,4.179082,0.229023,1.613854,3.939305,0.531138,0.0,0.080477,1.0,0.358584,0.229023,1,1,1,1,0
0.45,5.0,0.6,0.5,0.3,0.069563,0.132221,0.297497,0.995275,4.179082,0.228862,1.613854,3.939305,0.531138,0.0,0.080477,1.0,0.358584,0.228862,1,1,1,1,0
0.45,5.0,0.7,0.6,0.0,0.069563,0.132221,0.297497,0.995275,4.179082,0.229043,1.613854,3.939305,0.631138,0.0,0.080477,1.0,0.358584,0.229043,1,1,1,1,0
0.45,5.0,0.7,0.6,0.1,0.069563,0.132221,0.297497,0.995275,4.179082,0.229027,1.613854,3.939305,0.631138,0.0,0.080477,1.0,0.358584,0.229027,1,1,1,1,0
0.45,5.0,0.7,0.6,0.3,0.069563,0.132221,0.297497,0.995275,4.179082,0.228893,1.613854,3.939305,0.631138,0.0,0.080477,1.0,0.358584,0.228893,1,1,1,1,0
0.45,5.0,0.8,0.7,0.0,0.069563,0.132221,0.297497,0.995275,4.179082,0.229043,1.613854,3.939305,0.731138,0.0,0.080477,1.0,0.358584,0.229043,1,1,1,1,0
0.45,5.0,0.8,0.7,0.1,0.069563,0.132221,0.297497,0.995275,4.179082,0.229029,1.613854,3.939305,0.731138,0.0,0.080477,1.0,0.358584,0.229029,1,1,1,1,0
0.45,5.0,0.8,0.7,0.3,0.069563,0.132221,0.297497,0.995275,4.179082,0.228914,1.613854,3.939305,0.731138,0.0,0.080477,1.0,0.358584,0.228914,1,1,1,1,0
0.45,5.0,0.9,0.8,0.0,0.069563,0.132221,0.297497,0.995275,4.179082,0.229043,1.613854,3.939305,0.831138,0.0,0.080477,1.0,0.358584,0.229043,1,1,1,1,0
0.45,5.0,0.9,0.8,0.1,0.069563,0.132221,0.297497,0.995275,4.179082,0.229031,1.613854,3.939305,0.831138,0.0,0.080477,1.0,0.358584,0.229031,1,1,1,1,0
0.45,5.0,0.9,0.8,0.3,0.069563,0.132221,0.297497,0.995275,4.179082,0.22893,1.613854,3.939305,0.831138,0.0,0.080477,1.0,0.358584,0.22893,1,1,1,1,0
0.45,5.0,1.0,0.9,0.0,0.069563,0.132221,0.297497,0.995275,4.179082,0.229043,1.613854,3.939305,0.931138,0.0,0.080477,1.0,0.358584,0.229043,1,1,1,1,0
0.45,5.0,1.0,0.9,0.1,0.069563,0.132221,0.297497,0.995275,4.179082,0.229032,1.613854,3.939305,0.931138,0.0,0.080477,1.0,0.358584,0.229032,1,1,1,1,0
0.45,5.0,1.0,0.9,0.3,0.069563,0.132221,0.297497,0.995275,4.179082,0.228943,1.613854,3.939305,0.931138,0.0,0.080477,1.0,0.358584,0.228943,1,1,1,1,0
0.45,7.5,0.3,0.2,0.0,0.104678,0.132221,0.297497,0.995275,4.179082,0.229043,2.424156,5.916089,0.196376,0.0,0.120884,1.0,0.372053,0.229043,1,1,1,1,0
0.45,7.5,0.3,0.2,0.1,0.104678,0.132221,0.297497,0.995275,4.179082,0.228993,2.424156,5.916089,0.196376,0.0,0.120884,1.0,0.372053,0.228993,1,1,1,1,0
0.45,7.5,0.3,0.2,0.3,0.104678,0.132221,0.297497,0.995275,4.179082,0.228591,2.424156,5.916089,0.196376,0.0,0.120884,1.0,0.372053,0.228591,1,1,1,1,0
0.45,7.5,0.4,0.3,0.0,0.104678,0.132221,0.297497,0.995275,4.179082,0.229043,2.424156,5.916089,0.296376,0.0,0.120884,1.0,0.372053,0.229043,1,1,1,1,0
0.45,7.5,0.4,0.3,0.1,0.104678,0.132221,0.297497,0.995275,4.179082,0.22901,2.424156,5.916089,0.296376,0.0,0.120884,1.0,0.372053,0.22901,1,1,1,1,0
0.45,7.5,0.4,0.3,0.3,0.104678,0.132221,0.297497,0.995275,4.179082,0.228742,2.424156,5.916089,0.296376,0.0,0.120884,1.0,0.372053,0.228742,1,1,1,1,0
0.45,7.5,0.5,0.4,0.0,0.104678,0.132221,0.297497,0.995275,4.179082,0.229043,2.424156,5.916089,0.396376,0.0,0.120884,1.0,0.372053,0.229043,1,1,1,1,0
0.45,7.5,0.5,0.4,0.1,0.104678,0.132221,0.297497,0.995275,4.179082,0.229018,2.424156,5.916089,0.396376,0.0,0.120884,1.0,0.372053,0.229018,1,1,1,1,0
0.45,7.5,0.5,0.4,0.3,0.104678,0.132221,0.297497,0.995275,4.179082,0.228817,2.424156,5.916089,0.396376,0.0,0.120884,1.0,0.372053,0.228817,1,1,1,1,0
0.45,7.5,0.6,0.5,0.0,0.104678,0.132221,0.297497,0.995275,4.179082,0.229043,2.424156,5.916089,0.496376,0.0,0.120884,1.0,0.372053,0.229043,1,1,1,1,0
0.45,7.5,0.6,0.5,0.1,0.104678,0.132221,0.297497,0.995275,4.179082,0.229023,2.424156,5.916089,0.496376,0.0,0.120884,1.0,0.372053,0.229023,1,1,1,1,0
0.45,7.5,0.6,0.5,0.3,0.104678,0.132221,0.297497,0.995275,4.179082,0.228862,2.424156,5.916089,0.496376,0.0,0.120884,1.0,0.372053,0.228862,1,1,1,1,0
0.45,7.5,0.7,0.6,0.0,0.104678,0.132221,0.297497,0.995275,4.179082,0.229043,2.424156,5.916089,0.596376,0.0,0.120884,1.0,0.372053,0.229043,1,1,1,1,0
0.45,7.5,0.7,0.6,0.1,0.104678,0.132221,0.297497,0.995275,4.179082,0.229027,2.424156,5.916089,0.596376,0.0,0.120884,1.0,0.372053,0.229027,1,1,1,1,0
0.45,7.5,0.7,0.6,0.3,0.104678,0.132221,0.297497,0.995275,4.179082,0.228893,2.424156,5.916089,0.596376,0.0,0.120884,1.0,0.372053,0.228893,1,1,1,1,0
0.45,7.5,0.8,0.7,0.0,0.104678,0.132221,0.297497,0.995275,4.179082,0.229043,2.424156,5.916089,0.696376,0.0,0.120884,1.0,0.372053,0.229043,1,1,1,1,0
0.45,7.5,0.8,0.7,0.1,0.104678,0.132221,0.297497,0.995275,4.179082,0.229029,2.424156,5.916089,0.696376,0.0,0.120884,1.0,0.372053,0.229029,1,1,1,1,0
0.45,7.5,0.8,0.7,0.3,0.104678,0.132221,0.297497,0.995275,4.179082,0.228914,2.424156,5.916089,0.696376,0.0,0.120884,1.0,0.372053,0.228914,1,1,1,1,0
0.45,7.5,0.9,0.8,0.0,0.104678,0.132221,0.297497,0.995275,4.179082,0.229043,2.424156,5.916089,0.796376,0.0,0.120884,1.0,0.372053,0.229043,1,1,1,1,0
0.45,7.5,0.9,0.8,0.1,0.104678,0.132221,0.297497,0.995275,4.179082,0.229031,2.424156,5.916089,0.796376,0.0,0.120884,1.0,0.372053,0.229031,1,1,1,1,0
0.45,7.5,0.9,0.8,0.3,0.104678,0.132221,0.297497,0.995275,4.179082,0.22893,2.424156,5.916089,0.796376,0.0,0.120884,1.0,0.372053,0.22893,1,1,1,1,0
0.45,7.5,1.0,0.9,0.0,0.104678,0.132221,0.297497,0.995275,4.179082,0.229043,2.424156,5.916089,0.896376,0.0,0.120884,1.0,0.372053,0.229043,1,1,1,1,0
0.45,7.5,1.0,0.9,0.1,0.104678,0.132221,0.297497,0.995275,4.179082,0.229032,2.424156,5.916089,0.896376,0.0,0.120884,1.0,0.372053,0.229032,1,1,1,1,0
0.45,7.5,1.0,0.9,0.3,0.104678,0.132221,0.297497,0.995275,4.179082,0.228943,2.424156,5.916089,0.896376,0.0,0.120884,1.0,0.372053,0.228943,1,1,1,1,0
0.45,10.0,0.3,0.2,0.0,0.140199,0.132221,0.297497,0.995275,4.179082,0.229043,3.238603,7.90144,0.161213,0.0,0.161498,1.0,0.385591,0.229043,1,1,1,1,0
0.45,10.0,0.3,0.2,0.1,0.140199,0.132221,0.297497,0.995275,4.179082,0.228993,3.238603,7.90144,0.161213,0.0,0.161498,1.0,0.385591,0.228993,1,1,1,1,0
0.45,10.0,0.3,0.2,0.3,0.140199,0.132221,0.297497,0.995275,4.179082,0.228591,3.238603,7.90144,0.161213,0.0,0.161498,1.0,0.385591,0.228591,1,1,1,1,0
0.45,10.0,0.4,0.3,0.0,0.140199,0.132221,0.297497,0.995275,4.179082,0.229043,3.238603,7.90144,0.261213,0.0,0.161498,1.0,0.385591,0.229043,1,1,1,1,0
0.45,10.0,0.4,0.3,0.1,0.140199,0.132221,0.297497,0.995275,4.179082,0.22901,3.238603,7.90144,0.261213,0.0,0.161498,1.0,0.385591,0.22901,1,1,1,1,0
0.45,10.0,0.4,0.3,0.3,0.140199,0.132221,0.297497,0.995275,4.179082,0.228742,3.238603,7.90144,0.261213,0.0,0.161498,1.0,0.385591,0.228742,1,1,1,1,0
0.45,10.0,0.5,0.4,0.0,0.140199,0.132221,0.297497,0.995275,4.179082,0.229043,3.238603,7.90144,0.361213,0.0,0.161498,1.0,0.385591,0.229043,1,1,1,1,0
0.45,10.0,0.5,0.4,0.1,0.140199,0.132221,0.297497,0.995275,4.179082,0.229018,3.238603,7.90144,0.361213,0.0,0.161498,1.0,0.385591,0.229018,1,1,1,1,0
0.45,10.0,0.5,0.4,0.3,0.140199,0.132221,0.297497,0.995275,4.179082,0.228817,3.238603,7.90144,0.361213,0.0,0.161498,1.0,0.385591,0.228817,1,1,1,1,0
0.45,10.0,0.6,0.5,0.0,0.140199,0.132221,0.297497,0.995275,4.179082,0.229043,3.238603,7.90144,0.461213,0.0,0.161498,1.0,0.385591,0.229043,1,1,1,1,0
0.45,10.0,0.6,0.5,0.1,0.140199,0.132221,0.297497,0.995275,4.179082,0.229023,3.238603,7.90144,0.461213,0.0,0.161498,1.0,0.385591,0.229023,1,1,1,1,0
0.45,10.0,0.6,0.5,0.3,0.140199,0.132221,0.297497,0.995275,4.179082,0.228862,3.238603,7.90144,0.461213,0.0,0.161498,1.0,0.385591,0.228862,1,1,1,1,0
0.45,10.0,0.7,0.6,0.0,0.140199,0.132221,0.297497,0.995275,4.179082,0.229043,3.238603,7.90144,0.561213,0.0,0.161498,1.0,0.385591,0.229043,1,1,1,1,0
0.45,10.0,0.7,0.6,0.1,0.140199,0.132221,0.297497,0.995275,4.179082,0.229027,3.238603,7.90144,0.561213,0.0,0.161498,1.0,0.385591,0.229027,1,1,1,1,0
0.45,10.0,0.7,0.6,0.3,0.140199,0.132221,0.297497,0.995275,4.179082,0.228893,3.238603,7.90144,0.561213,0.0,0.161498,1.0,0.385591,0.228893,1,1,1,1,0
0.45,10.0,0.8,0.7,0.0,0.140199,0.132221,0.297497,0.995275,4.179082,0.229043,3.238603,7.90144,0.661213,0.0,0.161498,1.0,0.385591,0.229043,1,1,1,1,0
0.45,10.0,0.8,0.7,0.1,0.140199,0.132221,0.297497,0.995275,4.179082,0.229029,3.238603,7.90144,0.661213,0.0,0.161498,1.0,0.385591,0.229029,1,1,1,1,0
0.45,10.0,0.8,0.7,0.3,0.140199,0.132221,0.297497,0.995275,4.179082,0.228914,3.238603,7.90144,0.661213,0.0,0.161498,1.0,0.385591,0.228914,1,1,1,1,0
0.45,10.0,0.9,0.8,0.0,0.140199,0.132221,0.297497,0.995275,4.179082,0.229043,3.238603,7.90144,0.761213,0.0,0.161498,1.0,0.385591,0.229043,1,1,1,1,0
0.45,10.0,0.9,0.8,0.1,0.140199,0.132221,0.297497,0.995275,4.179082,0.229031,3.238603,7.90144,0.761213,0.0,0.161498,1.0,0.385591,0.229031,1,1,1,1,0
0.45,10.0,0.9,0.8,0.3,0.140199,0.132221,0.297497,0.995275,4.179082,0.22893,3.238603,7.90144,0.761213,0.0,0.161498,1.0,0.385591,0.22893,1,1,1,1,0
0.45,10.0,1.0,0.9,0.0,0.140199,0.132221,0.297497,0.995275,4.179082,0.229043,3.238603,7.90144,0.861213,0.0,0.161498,1.0,0.385591,0.229043,1,1,1,1,0
0.45,10.0,1.0,0.9,0.1,0.140199,0.132221,0.297497,0.995275,4.179082,0.229032,3.238603,7.90144,0.861213,0.0,0.161498,1.0,0.385591,0.229032,1,1,1,1,0
0.45,10.0,1.0,0.9,0.3,0.140199,0.132221,0.297497,0.995275,4.179082,0.228943,3.238603,7.90144,0.861213,0.0,0.161498,1.0,0.385591,0.228943,1,1,1,1,0
0.45,12.5,0.3,0.2,0.0,0.176271,0.132221,0.297497,0.995275,4.179082,0.229043,4.058731,9.898225,0.125504,0.007655,0.202395,1.0,0.401775,0.22729,1,1,1,1,0
0.45,12.5,0.3,0.2,0.1,0.176271,0.132221,0.297497,0.995275,4.179082,0.228993,4.058731,9.898225,0.125504,0.007655,0.202395,1.0,0.401775,0.22724,1,1,1,1,0
0.45,12.5,0.3,0.2,0.3,0.176271,0.132221,0.297497,0.995275,4.179082,0.228591,4.058731,9.898225,0.125504,0.007655,0.202395,1.0,0.401775,0.226841,1,1,1,1,0
0.45,12.5,0.4,0.3,0.0,0.176271,0.132221,0.297497,0.995275,4.179082,0.229043,4.058731,9.898225,0.225504,0.0,0.202395,1.0,0.399223,0.229043,1,1,1,1,0
0.45,12.5,0.4,0.3,0.1,0.176271,0.132221,0.297497,0.995275,4.179082,0.22901,4.058731,9.898225,0.225504,0.0,0.202395,1.0,0.399223,0.22901,1,1,1,1,0
0.45,12.5,0.4,0.3,0.3,0.176271,0.132221,0.297497,0.995275,4.179082,0.228742,4.058731,9.898225,0.225504,0.0,0.202395,1.0,0.399223,0.228742,1,1,1,1,0
0.45,12.5,0.5,0.4,0.0,0.176271,0.132221,0.297497,0.995275,4.179082,0.229043,4.058731,9.898225,0.325504,0.0,0.202395,1.0,0.399223,0.229043,1,1,1,1,0
0.45,12.5,0.5,0.4,0.1,0.176271,0.132221,0.297497,0.995275,4.179082,0.229018,4.058731,9.898225,0.325504,0.0,0.202395,1.0,0.399223,0.229018,1,1,1,1,0
0.45,12.5,0.5,0.4,0.3,0.176271,0.132221,0.297497,0.995275,4.179082,0.228817,4.058731,9.898225,0.325504,0.0,0.202395,1.0,0.399223,0.228817,1,1,1,1,0
0.45,12.5,0.6,0.5,0.0,0.176271,0.132221,0.297497,0.995275,4.179082,0.229043,4.058731,9.898225,0.425504,0.0,0.202395,1.0,0.399223,0.229043,1,1,1,1,0
0.45,12.5,0.6,0.5,0.1,0.176271,0.132221,0.297497,0.995275,4.179082,0.229023,4.058731,9.898225,0.425504,0.0,0.202395,1.0,0.399223,0.229023,1,1,1,1,0
0.45,12.5,0.6,0.5,0.3,0.176271,0.132221,0.297497,0.995275,4.179082,0.228862,4.058731,9.898225,0.425504,0.0,0.202395,1.0,0.399223,0.228862,1,1,1,1,0
0.45,12.5,0.7,0.6,0.0,0.176271,0.132221,0.297497,0.995275,4.179082,0.229043,4.058731,9.898225,0.525504,0.0,0.202395,1.0,0.399223,0.229043,1,1,1,1,0
0.45,12.5,0.7,0.6,0.1,0.176271,0.132221,0.297497,0.995275,4.179082,0.229027,4.058731,9.898225,0.525504,0.0,0.202395,1.0,0.399223,0.229027,1,1,1,1,0
0.45,12.5,0.7,0.6,0.3,0.176271,0.132221,0.297497,0.995275,4.179082,0.228893,4.058731,9.898225,0.525504,0.0,0.202395,1.0,0.399223,0.228893,1,1,1,1,0
0.45,12.5,0.8,0.7,0.0,0.176271,0.132221,0.297497,0.995275,4.179082,0.229043,4.058731,9.898225,0.625504,0.0,0.202395,1.0,0.399223,0.229043,1,1,1,1,0
0.45,12.5,0.8,0.7,0.1,0.176271,0.132221,0.297497,0.995275,4.179082,0.229029,4.058731,9.898225,0.625504,0.0,0.202395,1.0,0.399223,0.229029,1,1,1,1,0
0.45,12.5,0.8,0.7,0.3,0.176271,0.132221,0.297497,0.995275,4.179082,0.228914,4.058731,9.898225,0.625504,0.0,0.202395,1.0,0.399223,0.228914,1,1,1,1,0
0.45,12.5,0.9,0.8,0.0,0.176271,0.132221,0.297497,0.995275,4.179082,0.229043,4.058731,9.898225,0.725504,0.0,0.202395,1.0,0.399223,0.229043,1,1,1,1,0
0.45,12.5,0.9,0.8,0.1,0.176271,0.132221,0.297497,0.995275,4.179082,0.229031,4.058731,9.898225,0.725504,0.0,0.202395,1.0,0.399223,0.229031,1,1,1,1,0
0.45,12.5,0.9,0.8,0.3,0.176271,0.132221,0.297497,0.995275,4.179082,0.22893,4.058731,9.898225,0.725504,0.0,0.202395,1.0,0.399223,0.22893,1,1,1,1,0
0.45,12.5,1.0,0.9,0.0,0.176271,0.132221,0.297497,0.995275,4.179082,0.229043,4.058731,9.898225,0.825504,0.0,0.202395,1.0,0.399223,0.229043,1,1,1,1,0
0.45,12.5,1.0,0.9,0.1,0.176271,0.132221,0.297497,0.995275,4.179082,0.229032,4.058731,9.898225,0.825504,0.0,0.202395,1.0,0.399223,0.229032,1,1,1,1,0
0.45,12.5,1.0,0.9,0.3,0.176271,0.132221,0.297497,0.995275,4.179082,0.228943,4.058731,9.898225,0.825504,0.0,0.202395,1.0,0.399223,0.228943,1,1,1,1,0
0.45,15.0,0.3,0.2,0.0,0.213048,0.132221,0.297497,0.995275,4.179082,0.229043,4.886207,11.909322,0.089097,0.027111,0.242113,0.998454,0.4215,0.222489,1,1,1,1,0
0.45,15.0,0.3,0.2,0.1,0.213048,0.132221,0.297497,0.995275,4.179082,0.228993,4.886207,11.909322,0.089097,0.027111,0.242113,0.998454,0.4215,0.222441,1,1,1,1,0
0.45,15.0,0.3,0.2,0.3,0.213048,0.132221,0.297497,0.995275,4.179082,0.228591,4.886207,11.909322,0.089097,0.027111,0.242113,0.998454,0.4215,0.22205,1,1,1,1,0
0.45,15.0,0.4,0.3,0.0,0.213048,0.132221,0.297497,0.995275,4.179082,0.229043,4.886207,11.909322,0.189097,0.001881,0.242113,0.998454,0.41309,0.228259,1,1,1,1,0
0.45,15.0,0.4,0.3,0.1,0.213048,0.132221,0.297497,0.995275,4.179082,0.22901,4.886207,11.909322,0.189097,0.001881,0.242113,0.998454,0.41309,0.228226,1,1,1,1,0
0.45,15.0,0.4,0.3,0.3,0.213048,0.132221,0.297497,0.995275,4.179082,0.228742,4.886207,11.909322,0.189097,0.001881,0.242113,0.998454,0.41309,0.227959,1,1,1,1,0
0.45,15.0,0.5,0.4,0.0,0.213048,0.132221,0.297497,0.995275,4.179082,0.229043,4.886207,11.909322,0.289097,0.0,0.242113,0.998454,0.412463,0.228689,1,1,1,1,0
0.45,15.0,0.5,0.4,0.1,0.213048,0.132221,0.297497,0.995275,4.179082,0.229018,4.886207,11.909322,0.289097,0.0,0.242113,0.998454,0.412463,0.228664,1,1,1,1,0
0.45,15.0,0.5,0.4,0.3,0.213048,0.132221,0.297497,0.995275,4.179082,0.228817,4.886207,11.909322,0.289097,0.0,0.242113,0.998454,0.412463,0.228464,1,1,1,1,0
0.45,15.0,0.6,0.5,0.0,0.213048,0.132221,0.297497,0.995275,4.179082,0.229043,4.886207,11.909322,0.389097,0.0,0.242113,0.998454,0.412463,0.228689,1,1,1,1,0
0.45,15.0,0.6,0.5,0.1,0.213048,0.132221,0.297497,0.995275,4.179082,0.229023,4.886207,11.909322,0.389097,0.0,0.242113,0.998454,0.412463,0.228669,1,1,1,1,0
0.45,15.0,0.6,0.5,0.3,0.213048,0.132221,0.297497,0.995275,4.179082,0.228862,4.886207,11.909322,0.389097,0.0,0.242113,0.998454,0.412463,0.228509,1,1,1,1,0
0.45,15.0,0.7,0.6,0.0,0.213048,0.132221,0.297497,0.995275,4.179082,0.229043,4.886207,11.909322,0.489097,0.0,0.242113,0.998454,0.412463,0.228689,1,1,1,1,0
0.45,15.0,0.7,0.6,0.1,0.213048,0.132221,0.297497,0.995275,4.179082,0.229027,4.886207,11.909322,0.489097,0.0,0.242113,0.998454,0.412463,0.228673,1,1,1,1,0
0.45,15.0,0.7,0.6,0.3,0.213048,0.132221,0.297497,0.995275,4.179082,0.228893,4.886207,11.909322,0.489097,0.0,0.242113,0.998454,0.412463,0.228539,1,1,1,1,0
0.45,15.0,0.8,0.7,0.0,0.213048,0.132221,0.297497,0.995275,4.179082,0.229043,4.886207,11.909322,0.589097,0.0,0.242113,0.998454,0.412463,0.228689,1,1,1,1,0
0.45,15.0,0.8,0.7,0.1,0.213048,0.132221,0.297497,0.995275,4.179082,0.229029,4.886207,11.909322,0.589097,0.0,0.242113,0.998454,0.412463,0.228675,1,1,1,1,0
0.45,15.0,0.8,0.7,0.3,0.213048,0.132221,0.297497,0.995275,4.179082,0.228914,4.886207,11.909322,0.589097,0.0,0.242113,0.998454,0.412463,0.22856,1,1,1,1,0
0.45,15.0,0.9,0.8,0.0,0.213048,0.132221,0.297497,0.995275,4.179082,0.229043,4.886207,11.909322,0.689097,0.0,0.242113,0.998454,0.412463,0.228689,1,1,1,1,0
0.45,15.0,0.9,0.8,0.1,0.213048,0.132221,0.297497,0.995275,4.179082,0.229031,4.886207,11.909322,0.689097,0.0,0.242113,0.998454,0.412463,0.228677,1,1,1,1,0
0.45,15.0,0.9,0.8,0.3,0.213048,0.132221,0.297497,0.995275,4.179082,0.22893,4.886207,11.909322,0.689097,0.0,0.242113,0.998454,0.412463,0.228577,1,1,1,1,0
0.45,15.0,1.0,0.9,0.0,0.213048,0.132221,0.297497,0.995275,4.179082,0.229043,4.886207,11.909322,0.789097,0.0,0.242113,0.998454,0.412463,0.228689,1,1,1,1,0
0.45,15.0,1.0,0.9,0.1,0.213048,0.132221,0.297497,0.995275,4.179082,0.229032,4.886207,11.909322,0.789097,0.0,0.242113,0.998454,0.412463,0.228678,1,1,1,1,0
0.45,15.0,1.0,0.9,0.3,0.213048,0.132221,0.297497,0.995275,4.179082,0.228943,4.886207,11.909322,0.789097,0.0,0.242113,0.998454,0.412463,0.228589,1,1,1,1,0
0.45,17.5,0.3,0.2,0.0,0.250696,0.132221,0.297497,0.995275,4.179082,0.229043,5.722859,13.937619,0.051828,0.0513,0.279733,0.994354,0.442103,0.216067,1,1,1,1,0
0.45,17.5,0.3,0.2,0.1,0.250696,0.132221,0.297497,0.995275,4.179082,0.228993,5.722859,13.937619,0.051828,0.0513,0.279733,0.994354,0.442103,0.216019,1,1,1,1,0
0.45,17.5,0.3,0.2,0.3,0.250696,0.132221,0.297497,0.995275,4.179082,0.228591,5.722859,13.937619,0.051828,0.0513,0.279733,0.994354,0.442103,0.21564,1,1,1,1,0
0.45,17.5,0.4,0.3,0.0,0.250696,0.132221,0.297497,0.995275,4.179082,0.229043,5.722859,13.937619,0.151828,0.01211,0.279733,0.994354,0.429039,0.224992,1,1,1,1,0
0.45,17.5,0.4,0.3,0.1,0.250696,0.132221,0.297497,0.995275,4.179082,0.22901,5.722859,13.937619,0.151828,0.01211,0.279733,0.994354,0.429039,0.224959,1,1,1,1,0
0.45,17.5,0.4,0.3,0.3,0.250696,0.132221,0.297497,0.995275,4.179082,0.228742,5.722859,13.937619,0.151828,0.01211,0.279733,0.994354,0.429039,0.224696,1,1,1,1,0
0.45,17.5,0.5,0.4,0.0,0.250696,0.132221,0.297497,0.995275,4.179082,0.229043,5.722859,13.937619,0.251828,0.000371,0.279733,0.994354,0.425126,0.227666,1,1,1,1,0
0.45,17.5,0.5,0.4,0.1,0.250696,0.132221,0.297497,0.995275,4.179082,0.229018,5.722859,13.937619,0.251828,0.000371,0.279733,0.994354,0.425126,0.227641,1,1,1,1,0
0.45,17.5,0.5,0.4,0.3,0.250696,0.132221,0.297497,0.995275,4.179082,0.228817,5.722859,13.937619,0.251828,0.000371,0.279733,0.994354,0.425126,0.227441,1,1,1,1,0
0.45,17.5,0.6,0.5,0.0,0.250696,0.132221,0.297497,0.995275,4.179082,0.229043,5.722859,13.937619,0.351828,0.0,0.279733,0.994354,0.425003,0.22775,1,1,1,1,0
0.45,17.5,0.6,0.5,0.1,0.250696,0.132221,0.297497,0.995275,4.179082,0.229023,5.722859,13.937619,0.351828,0.0,0.279733,0.994354,0.425003,0.22773,1,1,1,1,0
0.45,17.5,0.6,0.5,0.3,0.250696,0.132221,0.297497,0.995275,4.179082,0.228862,5.722859,13.937619,0.351828,0.0,0.279733,0.994354,0.425003,0.22757,1,1,1,1,0
0.45,17.5,0.7,0.6,0.0,0.250696,0.132221,0.297497,0.995275,4.179082,0.229043,5.722859,13.937619,0.451828,0.0,0.279733,0.994354,0.425003,0.22775,1,1,1,1,0
0.45,17.5,0.7,0.6,0.1,0.250696,0.132221,0.297497,0.995275,4.179082,0.229027,5.722859,13.937619,0.451828,0.0,0.279733,0.994354,0.425003,0.227734,1,1,1,1,0
0.45,17.5,0.7,0.6,0.3,0.250696,0.132221,0.297497,0.995275,4.179082,0.228893,5.722859,13.937619,0.451828,0.0,0.279733,0.994354,0.425003,0.2276,1,1,1,1,0
0.45,17.5,0.8,0.7,0.0,0.250696,0.132221,0.297497,0.995275,4.179082,0.229043,5.722859,13.937619,0.551828,0.0,0.279733,0.994354,0.425003,0.22775,1,1,1,1,0
0.45,17.5,0.8,0.7,0.1,0.250696,0.132221,0.297497,0.995275,4.179082,0.229029,5.722859,13.937619,0.551828,0.0,0.279733,0.994354,0.425003,0.227736,1,1,1,1,0
0.45,17.5,0.8,0.7,0.3,0.250696,0.132221,0.297497,0.995275,4.179082,0.228914,5.722859,13.937619,0.551828,0.0,0.279733,0.994354,0.425003,0.227622,1,1,1,1,0
0.45,17.5,0.9,0.8,0.0,0.250696,0.132221,0.297497,0.995275,4.179082,0.229043,5.722859,13.937619,0.651828,0.0,0.279733,0.994354,0.425003,0.22775,1,1,1,1,0
0.45,17.5,0.9,0.8,0.1,0.250696,0.132221,0.297497,0.995275,4.179082,0.229031,5.722859,13.937619,0.651828,0.0,0.279733,0.994354,0.425003,0.227738,1,1,1,1,0
0.45,17.5,0.9,0.8,0.3,0.250696,0.132221,0.297497,0.995275,4.179082,0.22893,5.722859,13.937619,0.651828,0.0,0.279733,0.994354,0.425003,0.227638,1,1,1,1,0
0.45,17.5,1.0,0.9,0.0,0.250696,0.132221,0.297497,0.995275,4.179082,0.229043,5.722859,13.937619,0.751828,0.0,0.279733,0.994354,0.425003,0.22775,1,1,1,1,0
0.45,17.5,1.0,0.9,0.1,0.250696,0.132221,0.297497,0.995275,4.179082,0.229032,5.722859,13.937619,0.751828,0.0,0.279733,0.994354,0.425003,0.227739,1,1,1,1,0
0.45,17.5,1.0,0.9,0.3,0.250696,0.132221,0.297497,0.995275,4.179082,0.228943,5.722859,13.937619,0.751828,0.0,0.279733,0.994354,0.425003,0.22765,1,1,1,1,0
0.45,20.0,0.3,0.2,0.0,0.289395,0.132221,0.297497,0.995275,4.179082,0.229043,6.570705,15.986012,0.013519,0.077579,0.315355,0.987697,0.462737,0.208675,1,1,1,1,0
0.45,20.0,0.3,0.2,0.1,0.289395,0.132221,0.297497,0.995275,4.179082,0.228993,6.570705,15.986012,0.013519,0.077579,0.315355,0.987697,0.462737,0.208629,1,1,1,1,0
0.45,20.0,0.3,0.2,0.3,0.289395,0.132221,0.297497,0.995275,4.179082,0.228591,6.570705,15.986012,0.013519,0.077579,0.315355,0.987697,0.462737,0.208263,1,1,1,1,0
0.45,20.0,0.4,0.3,0.0,0.289395,0.132221,0.297497,0.995275,4.179082,0.229043,6.570705,15.986012,0.113519,0.029791,0.315355,0.987697,0.446807,0.219486,1,1,1,1,0
0.45,20.0,0.4,0.3,0.1,0.289395,0.132221,0.297497,0.995275,4.179082,0.22901,6.570705,15.986012,0.113519,0.029791,0.315355,0.987697,0.446807,0.219454,1,1,1,1,0
0.45,20.0,0.4,0.3,0.3,0.289395,0.132221,0.297497,0.995275,4.179082,0.228742,6.570705,15.986012,0.113519,0.029791,0.315355,0.987697,0.446807,0.219197,1,1,1,1,0
0.45,20.0,0.5,0.4,0.0,0.289395,0.132221,0.297497,0.995275,4.179082,0.229043,6.570705,15.986012,0.213519,0.006655,0.315355,0.987697,0.439095,0.22472,1,1,1,1,0
0.45,20.0,0.5,0.4,0.1,0.289395,0.132221,0.297497,0.995275,4.179082,0.229018,6.570705,15.986012,0.213519,0.006655,0.315355,0.987697,0.439095,0.224695,1,1,1,1,0
0.45,20.0,0.5,0.4,0.3,0.289395,0.132221,0.297497,0.995275,4.179082,0.228817,6.570705,15.986012,0.213519,0.006655,0.315355,0.987697,0.439095,0.224498,1,1,1,1,0
0.45,20.0,0.6,0.5,0.0,0.289395,0.132221,0.297497,0.995275,4.179082,0.229043,6.570705,15.986012,0.313519,0.0,0.315355,0.987697,0.436877,0.226226,1,1,1,1,0
0.45,20.0,0.6,0.5,0.1,0.289395,0.132221,0.297497,0.995275,4.179082,0.229023,6.570705,15.986012,0.313519,0.0,0.315355,0.987697,0.436877,0.226206,1,1,1,1,0
0.45,20.0,0.6,0.5,0.3,0.289395,0.132221,0.297497,0.995275,4.179082,0.228862,6.570705,15.986012,0.313519,0.0,0.315355,0.987697,0.436877,0.226047,1,1,1,1,0
0.45,20.0,0.7,0.6,0.0,0.289395,0.132221,0.297497,0.995275,4.179082,0.229043,6.570705,15.986012,0.413519,0.0,0.315355,0.987697,0.436877,0.226226,1,1,1,1,0
0.45,20.0,0.7,0.6,0.1,0.289395,0.132221,0.297497,0.995275,4.179082,0.229027,6.570705,15.986012,0.413519,0.0,0.315355,0.987697,0.436877,0.226209,1,1,1,1,0
0.45,20.0,0.7,0.6,0.3,0.289395,0.132221,0.297497,0.995275,4.179082,0.228893,6.570705,15.986012,0.413519,0.0,0.315355,0.987697,0.436877,0.226077,1,1,1,1,0
0.45,20.0,0.8,0.7,0.0,0.289395,0.132221,0.297497,0.995275,4.179082,0.229043,6.570705,15.986012,0.513519,0.0,0.315355,0.987697,0.436877,0.226226,1,1,1,1,0
0.45,20.0,0.8,0.7,0.1,0.289395,0.132221,0.297497,0.995275,4.179082,0.229029,6.570705,15.986012,0.513519,0.0,0.315355,0.987697,0.436877,0.226211,1,1,1,1,0
0.45,20.0,0.8,0.7,0.3,0.289395,0.132221,0.297497,0.995275,4.179082,0.228914,6.570705,15.986012,0.513519,0.0,0.315355,0.987697,0.436877,0.226098,1,1,1,1,0
0.45,20.0,0.9,0.8,0.0,0.289395,0.132221,0.297497,0.995275,4.179082,0.229043,6.570705,15.986012,0.613519,0.0,0.315355,0.987697,0.436877,0.226226,1,1,1,1,0
0.45,20.0,0.9,0.8,0.1,0.289395,0.132221,0.297497,0.995275,4.179082,0.229031,6.570705,15.986012,0.613519,0.0,0.315355,0.987697,0.436877,0.226213,1,1,1,1,0
0.45,20.0,0.9,0.8,0.3,0.289395,0.132221,0.297497,0.995275,4.179082,0.22893,6.570705,15.986012,0.613519,0.0,0.315355,0.987697,0.436877,0.226114,1,1,1,1,0
0.45,20.0,1.0,0.9,0.0,0.289395,0.132221,0.297497,0.995275,4.179082,0.229043,6.570705,15.986012,0.713519,0.0,0.315355,0.987697,0.436877,0.226226,1,1,1,1,0
0.45,20.0,1.0,0.9,0.1,0.289395,0.132221,0.297497,0.995275,4.179082,0.229032,6.570705,15.986012,0.713519,0.0,0.315355,0.987697,0.436877,0.226215,1,1,1,1,0
0.45,20.0,1.0,0.9,0.3,0.289395,0.132221,0.297497,0.995275,4.179082,0.228943,6.570705,15.986012,0.713519,0.0,0.315355,0.987697,0.436877,0.226126,1,1,1,1,0
0.45,22.5,0.3,0.2,0.0,0.329344,0.132221,0.297497,0.995275,4.179082,0.229043,7.431985,18.057406,-0.026028,0.110111,0.350799,0.980191,0.485395,0.199786,1,1,0,0,0
0.45,22.5,0.3,0.2,0.1,0.329344,0.132221,0.297497,0.995275,4.179082,0.228993,7.431985,18.057406,-0.026028,0.110111,0.350799,0.980191,0.485395,0.199742,1,1,0,0,0
0.45,22.5,0.3,0.2,0.3,0.329344,0.132221,0.297497,0.995275,4.179082,0.228591,7.431985,18.057406,-0.026028,0.110111,0.350799,0.980191,0.485395,0.199391,1,1,0,0,0
0.45,22.5,0.4,0.3,0.0,0.329344,0.132221,0.297497,0.995275,4.179082,0.229043,7.431985,18.057406,0.073972,0.049147,0.350799,0.980191,0.465074,0.213473,1,1,1,1,1
0.45,22.5,0.4,0.3,0.1,0.329344,0.132221,0.297497,0.995275,4.179082,0.22901,7.431985,18.057406,0.073972,0.049147,0.350799,0.980191,0.465074,0.213441,1,1,1,1,0
0.45,22.5,0.4,0.3,0.3,0.329344,0.132221,0.297497,0.995275,4.179082,0.228742,7.431985,18.057406,0.073972,0.049147,0.350799,0.980191,0.465074,0.213191,1,1,1,1,0
0.45,22.5,0.5,0.4,0.0,0.329344,0.132221,0.297497,0.995275,4.179082,0.229043,7.431985,18.057406,0.173972,0.017957,0.350799,0.980191,0.454677,0.220475,1,1,1,1,0
0.45,22.5,0.5,0.4,0.1,0.329344,0.132221,0.297497,0.995275,4.179082,0.229018,7.431985,18.057406,0.173972,0.017957,0.350799,0.980191,0.454677,0.220451,1,1,1,1,0
0.45,22.5,0.5,0.4,0.3,0.329344,0.132221,0.297497,0.995275,4.179082,0.228817,7.431985,18.057406,0.173972,0.017957,0.350799,0.980191,0.454677,0.220257,1,1,1,1,0
0.45,22.5,0.6,0.5,0.0,0.329344,0.132221,0.297497,0.995275,4.179082,0.229043,7.431985,18.057406,0.273972,0.00318,0.350799,0.980191,0.449751,0.223793,1,1,1,1,0
0.45,22.5,0.6,0.5,0.1,0.329344,0.132221,0.297497,0.995275,4.179082,0.229023,7.431985,18.057406,0.273972,0.00318,0.350799,0.980191,0.449751,0.223773,1,1,1,1,0
0.45,22.5,0.6,0.5,0.3,0.329344,0.132221,0.297497,0.995275,4.179082,0.228862,7.431985,18.057406,0.273972,0.00318,0.350799,0.980191,0.449751,0.223616,1,1,1,1,0
0.45,22.5,0.7,0.6,0.0,0.329344,0.132221,0.297497,0.995275,4.179082,0.229043,7.431985,18.057406,0.373972,0.0,0.350799,0.980191,0.448691,0.224506,1,1,1,1,0
0.45,22.5,0.7,0.6,0.1,0.329344,0.132221,0.297497,0.995275,4.179082,0.229027,7.431985,18.057406,0.373972,0.0,0.350799,0.980191,0.448691,0.22449,1,1,1,1,0
0.45,22.5,0.7,0.6,0.3,0.329344,0.132221,0.297497,0.995275,4.179082,0.228893,7.431985,18.057406,0.373972,0.0,0.350799,0.980191,0.448691,0.224359,1,1,1,1,0
0.45,22.5,0.8,0.7,0.0,0.329344,0.132221,0.297497,0.995275,4.179082,0.229043,7.431985,18.057406,0.473972,0.0,0.350799,0.980191,0.448691,0.224506,1,1,1,1,0
0.45,22.5,0.8,0.7,0.1,0.329344,0.132221,0.297497,0.995275,4.179082,0.229029,7.431985,18.057406,0.473972,0.0,0.350799,0.980191,0.448691,0.224492,1,1,1,1,0
0.45,22.5,0.8,0.7,0.3,0.329344,0.132221,0.297497,0.995275,4.179082,0.228914,7.431985,18.057406,0.473972,0.0,0.350799,0.980191,0.448691,0.22438,1,1,1,1,0
0.45,22.5,0.9,0.8,0.0,0.329344,0.132221,0.297497,0.995275,4.179082,0.229043,7.431985,18.057406,0.573972,0.0,0.350799,0.980191,0.448691,0.224506,1,1,1,1,0
0.45,22.5,0.9,0.8,0.1,0.329344,0.132221,0.297497,0.995275,4.179082,0.229031,7.431985,18.057406,0.573972,0.0,0.350799,0.980191,0.448691,0.224494,1,1,1,1,0
0.45,22.5,0.9,0.8,0.3,0.329344,0.132221,0.297497,0.995275,4.179082,0.22893,7.431985,18.057406,0.573972,0.0,0.350799,0.980191,0.448691,0.224396,1,1,1,1,0
0.45,22.5,1.0,0.9,0.0,0.329344,0.132221,0.297497,0.995275,4.179082,0.229043,7.431985,18.057406,0.673972,0.0,0.350799,0.980191,0.448691,0.224506,1,1,1,1,0
0.45,22.5,1.0,0.9,0.1,0.329344,0.132221,0.297497,0.995275,4.179082,0.229032,7.431985,18.057406,0.673972,0.0,0.350799,0.980191,0.448691,0.224495,1,1,1,1,0
0.45,22.5,1.0,0.9,0.3,0.329344,0.132221,0.297497,0.995275,4.179082,0.228943,7.431985,18.057406,0.673972,0.0,0.350799,0.980191,0.448691,0.224408,1,1,1,1,0
0.45,25.0,0.3,0.2,0.0,0.370764,0.132221,0.297497,0.995275,4.179082,0.229043,8.309196,20.154705,-0.067031,0.141955,0.383126,0.968775,0.506786,0.190393,0,1,0,0,0
0.45,25.0,0.3,0.2,0.1,0.370764,0.132221,0.297497,0.995275,4.179082,0.228993,8.309196,20.154705,-0.067031,0.141955,0.383126,0.968775,0.506786,0.190351,0,1,0,0,0
0.45,25.0,0.3,0.2,0.3,0.370764,0.132221,0.297497,0.995275,4.179082,0.228591,8.309196,20.154705,-0.067031,0.141955,0.383126,0.968775,0.506786,0.190017,0,1,0,0,0
0.45,25.0,0.4,0.3,0.0,0.370764,0.132221,0.297497,0.995275,4.179082,0.229043,8.309196,20.154705,0.032969,0.068576,0.383126,0.968775,0.482326,0.206675,0,1,1,0,0
0.45,25.0,0.4,0.3,0.1,0.370764,0.132221,0.297497,0.995275,4.179082,0.22901,8.309196,20.154705,0.032969,0.068576,0.383126,0.968775,0.482326,0.206645,0,1,1,0,0
0.45,25.0,0.4,0.3,0.3,0.370764,0.132221,0.297497,0.995275,4.179082,0.228742,8.309196,20.154705,0.032969,0.068576,0.383126,0.968775,0.482326,0.206403,0,1,1,0,0
0.45,25.0,0.5,0.4,0.0,0.370764,0.132221,0.297497,0.995275,4.179082,0.229043,8.309196,20.154705,0.132969,0.033573,0.383126,0.968775,0.470658,0.214442,0,1,1,0,0
0.45,25.0,0.5,0.4,0.1,0.370764,0.132221,0.297497,0.995275,4.179082,0.229018,8.309196,20.154705,0.132969,0.033573,0.383126,0.968775,0.470658,0.214419,0,1,1,0,0
0.45,25.0,0.5,0.4,0.3,0.370764,0.132221,0.297497,0.995275,4.179082,0.228817,8.309196,20.154705,0.132969,0.033573,0.383126,0.968775,0.470658,0.21423,0,1,1,0,0
0.45,25.0,0.6,0.5,0.0,0.370764,0.132221,0.297497,0.995275,4.179082,0.229043,8.309196,20.154705,0.232969,0.010936,0.383126,0.968775,0.463112,0.219465,0,1,1,0,0
0.45,25.0,0.6,0.5,0.1,0.370764,0.132221,0.297497,0.995275,4.179082,0.229023,8.309196,20.154705,0.232969,0.010936,0.383126,0.968775,0.463112,0.219446,0,1,1,0,0
0.45,25.0,0.6,0.5,0.3,0.370764,0.132221,0.297497,0.995275,4.179082,0.228862,8.309196,20.154705,0.232969,0.010936,0.383126,0.968775,0.463112,0.219292,0,1,1,0,0
0.45,25.0,0.7,0.6,0.0,0.370764,0.132221,0.297497,0.995275,4.179082,0.229043,8.309196,20.154705,0.332969,0.001745,0.383126,0.968775,0.460049,0.221504,0,1,1,0,0
0.45,25.0,0.7,0.6,0.1,0.370764,0.132221,0.297497,0.995275,4.179082,0.229027,8.309196,20.154705,0.332969,0.001745,0.383126,0.968775,0.460049,0.221488,0,1,1,0,0
0.45,25.0,0.7,0.6,0.3,0.370764,0.132221,0.297497,0.995275,4.179082,0.228893,8.309196,20.154705,0.332969,0.001745,0.383126,0.968775,0.460049,0.221358,0,1,1,0,0
0.45,25.0,0.8,0.7,0.0,0.370764,0.132221,0.297497,0.995275,4.179082,0.229043,8.309196,20.154705,0.432969,0.0,0.383126,0.968775,0.459467,0.221892,0,1,1,0,0
0.45,25.0,0.8,0.7,0.1,0.370764,0.132221,0.297497,0.995275,4.179082,0.229029,8.309196,20.154705,0.432969,0.0,0.383126,0.968775,0.459467,0.221878,0,1,1,0,0
0.45,25.0,0.8,0.7,0.3,0.370764,0.132221,0.297497,0.995275,4.179082,0.228914,8.309196,20.154705,0.432969,0.0,0.383126,0.968775,0.459467,0.221766,0,1,1,0,0
0.45,25.0,0.9,0.8,0.0,0.370764,0.132221,0.297497,0.995275,4.179082,0.229043,8.309196,20.154705,0.532969,0.0,0.383126,0.968775,0.459467,0.221892,0,1,1,0,0
0.45,25.0,0.9,0.8,0.1,0.370764,0.132221,0.297497,0.995275,4.179082,0.229031,8.309196,20.154705,0.532969,0.0,0.383126,0.968775,0.459467,0.221879,0,1,1,0,0
0.45,25.0,0.9,0.8,0.3,0.370764,0.132221,0.297497,0.995275,4.179082,0.22893,8.309196,20.154705,0.532969,0.0,0.383126,0.968775,0.459467,0.221782,0,1,1,0,0
0.45,25.0,1.0,0.9,0.0,0.370764,0.132221,0.297497,0.995275,4.179082,0.229043,8.309196,20.154705,0.632969,0.0,0.383126,0.968775,0.459467,0.221892,0,1,1,0,0
0.45,25.0,1.0,0.9,0.1,0.370764,0.132221,0.297497,0.995275,4.179082,0.229032,8.309196,20.154705,0.632969,0.0,0.383126,0.968775,0.459467,0.221881,0,1,1,0,0
0.45,25.0,1.0,0.9,0.3,0.370764,0.132221,0.297497,0.995275,4.179082,0.228943,8.309196,20.154705,0.632969,0.0,0.383126,0.968775,0.459467,0.221794,0,1,1,0,0
0.45,27.5,0.3,0.2,0.0,0.413906,0.132221,0.297497,0.995275,4.179082,0.229043,9.20513,22.280809,-0.109739,0.171901,0.41356,0.954532,0.526912,0.181047,0,1,0,0,0
0.45,27.5,0.3,0.2,0.1,0.413906,0.132221,0.297497,0.995275,4.179082,0.228993,9.20513,22.280809,-0.109739,0.171901,0.41356,0.954532,0.526912,0.181007,0,1,0,0,0
0.45,27.5,0.3,0.2,0.3,0.413906,0.132221,0.297497,0.995275,4.179082,0.228591,9.20513,22.280809,-0.109739,0.171901,0.41356,0.954532,0.526912,0.180689,0,1,0,0,0
0.45,27.5,0.4,0.3,0.0,0.413906,0.132221,0.297497,0.995275,4.179082,0.229043,9.20513,22.280809,-0.009739,0.094355,0.41356,0.954532,0.501064,0.198001,0,1,0,0,0
0.45,27.5,0.4,0.3,0.1,0.413906,0.132221,0.297497,0.995275,4.179082,0.22901,9.20513,22.280809,-0.009739,0.094355,0.41356,0.954532,0.501064,0.197972,0,1,0,0,0
0.45,27.5,0.4,0.3,0.3,0.413906,0.132221,0.297497,0.995275,4.179082,0.228742,9.20513,22.280809,-0.009739,0.094355,0.41356,0.954532,0.501064,0.19774,0,1,0,0,0
0.45,27.5,0.5,0.4,0.0,0.413906,0.132221,0.297497,0.995275,4.179082,0.229043,9.20513,22.280809,0.090261,0.049907,0.41356,0.954532,0.486247,0.207718,0,1,1,0,0
0.45,27.5,0.5,0.4,0.1,0.413906,0.132221,0.297497,0.995275,4.179082,0.229018,9.20513,22.280809,0.090261,0.049907,0.41356,0.954532,0.486247,0.207696,0,1,1,0,0
0.45,27.5,0.5,0.4,0.3,0.413906,0.132221,0.297497,0.995275,4.179082,0.228817,9.20513,22.280809,0.090261,0.049907,0.41356,0.954532,0.486247,0.207513,0,1,1,0,0
0.45,27.5,0.6,0.5,0.0,0.413906,0.132221,0.297497,0.995275,4.179082,0.229043,9.20513,22.280809,0.190261,0.023269,0.41356,0.954532,0.477368,0.213542,0,1,1,0,0
0.45,27.5,0.6,0.5,0.1,0.413906,0.132221,0.297497,0.995275,4.179082,0.229023,9.20513,22.280809,0.190261,0.023269,0.41356,0.954532,0.477368,0.213523,0,1,1,0,0
0.45,27.5,0.6,0.5,0.3,0.413906,0.132221,0.297497,0.995275,4.179082,0.228862,9.20513,22.280809,0.190261,0.023269,0.41356,0.954532,0.477368,0.213373,0,1,1,0,0
0.45,27.5,0.7,0.6,0.0,0.413906,0.132221,0.297497,0.995275,4.179082,0.229043,9.20513,22.280809,0.290261,0.008071,0.41356,0.954532,0.472302,0.216865,0,1,1,0,0
0.45,27.5,0.7,0.6,0.1,0.413906,0.132221,0.297497,0.995275,4.179082,0.229027,9.20513,22.280809,0.290261,0.008071,0.41356,0.954532,0.472302,0.216849,0,1,1,0,0
0.45,27.5,0.7,0.6,0.3,0.413906,0.132221,0.297497,0.995275,4.179082,0.228893,9.20513,22.280809,0.290261,0.008071,0.41356,0.954532,0.472302,0.216722,0,1,1,0,0
0.45,27.5,0.8,0.7,0.0,0.413906,0.132221,0.297497,0.995275,4.179082,0.229043,9.20513,22.280809,0.390261,0.001167,0.41356,0.954532,0.470001,0.218374,0,1,1,0,0
0.45,27.5,0.8,0.7,0.1,0.413906,0.132221,0.297497,0.995275,4.179082,0.229029,9.20513,22.280809,0.390261,0.001167,0.41356,0.954532,0.470001,0.218361,0,1,1,0,0
0.45,27.5,0.8,0.7,0.3,0.413906,0.132221,0.297497,0.995275,4.179082,0.228914,9.20513,22.280809,0.390261,0.001167,0.41356,0.954532,0.470001,0.218251,0,1,1,0,0
0.45,27.5,0.9,0.8,0.0,0.413906,0.132221,0.297497,0.995275,4.179082,0.229043,9.20513,22.280809,0.490261,0.0,0.41356,0.954532,0.469612,0.218629,0,1,1,0,0
0.45,27.5,0.9,0.8,0.1,0.413906,0.132221,0.297497,0.995275,4.179082,0.229031,9.20513,22.280809,0.490261,0.0,0.41356,0.954532,0.469612,0.218617,0,1,1,0,0
0.45,27.5,0.9,0.8,0.3,0.413906,0.132221,0.297497,0.995275,4.179082,0.22893,9.20513,22.280809,0.490261,0.0,0.41356,0.954532,0.469612,0.218521,0,1,1,0,0
0.45,27.5,1.0,0.9,0.0,0.413906,0.132221,0.297497,0.995275,4.179082,0.229043,9.20513,22.280809,0.590261,0.0,0.41356,0.954532,0.469612,0.218629,0,1,1,0,0
0.45,27.5,1.0,0.9,0.1,0.413906,0.132221,0.297497,0.995275,4.179082,0.229032,9.20513,22.280809,0.590261,0.0,0.41356,0.954532,0.469612,0.218619,0,1,1,0,0
0.45,27.5,1.0,0.9,0.3,0.413906,0.132221,0.297497,0.995275,4.179082,0.228943,9.20513,22.280809,0.590261,0.0,0.41356,0.954532,0.469612,0.218533,0,1,1,0,0
0.45,30.0,0.3,0.2,0.0,0.459055,0.132221,0.297497,0.995275,4.179082,0.229043,10.122921,24.438603,-0.154433,0.201976,0.443587,0.939644,0.546946,0.17175,0,1,0,0,0
0.45,30.0,0.3,0.2,0.1,0.459055,0.132221,0.297497,0.995275,4.179082,0.228993,10.122921,24.438603,-0.154433,0.201976,0.443587,0.939644,0.546946,0.171713,0,1,0,0,0
0.45,30.0,0.3,0.2,0.3,0.459055,0.132221,0.297497,0.995275,4.179082,0.228591,10.122921,24.438603,-0.154433,0.201976,0.443587,0.939644,0.546946,0.171411,0,1,0,0,0
0.45,30.0,0.4,0.3,0.0,0.459055,0.132221,0.297497,0.995275,4.179082,0.229043,10.122921,24.438603,-0.054433,0.121855,0.443587,0.939644,0.520239,0.188994,0,1,0,0,0
0.45,30.0,0.4,0.3,0.1,0.459055,0.132221,0.297497,0.995275,4.179082,0.22901,10.122921,24.438603,-0.054433,0.121855,0.443587,0.939644,0.520239,0.188966,0,1,0,0,0
0.45,30.0,0.4,0.3,0.3,0.459055,0.132221,0.297497,0.995275,4.179082,0.228742,10.122921,24.438603,-0.054433,0.121855,0.443587,0.939644,0.520239,0.188745,0,1,0,0,0
0.45,30.0,0.5,0.4,0.0,0.459055,0.132221,0.297497,0.995275,4.179082,0.229043,10.122921,24.438603,0.045567,0.066439,0.443587,0.939644,0.501767,0.20092,0,1,1,0,0
0.45,30.0,0.5,0.4,0.1,0.459055,0.132221,0.297497,0.995275,4.179082,0.229018,10.122921,24.438603,0.045567,0.066439,0.443587,0.939644,0.501767,0.200898,0,1,1,0,0
0.45,30.0,0.5,0.4,0.3,0.459055,0.132221,0.297497,0.995275,4.179082,0.228817,10.122921,24.438603,0.045567,0.066439,0.443587,0.939644,0.501767,0.200722,0,1,1,0,0
0.45,30.0,0.6,0.5,0.0,0.459055,0.132221,0.297497,0.995275,4.179082,0.229043,10.122921,24.438603,0.145567,0.038399,0.443587,0.939644,0.49242,0.206955,0,1,1,0,0
0.45,30.0,0.6,0.5,0.1,0.459055,0.132221,0.297497,0.995275,4.179082,0.229023,10.122921,24.438603,0.145567,0.038399,0.443587,0.939644,0.49242,0.206937,0,1,1,0,0
0.45,30.0,0.6,0.5,0.3,0.459055,0.132221,0.297497,0.995275,4.179082,0.228862,10.122921,24.438603,0.145567,0.038399,0.443587,0.939644,0.49242,0.206792,0,1,1,0,0
0.45,30.0,0.7,0.6,0.0,0.459055,0.132221,0.297497,0.995275,4.179082,0.229043,10.122921,24.438603,0.245567,0.017438,0.443587,0.939644,0.485434,0.211466,0,1,1,0,0
0.45,30.0,0.7,0.6,0.1,0.459055,0.132221,0.297497,0.995275,4.179082,0.229027,10.122921,24.438603,0.245567,0.017438,0.443587,0.939644,0.485434,0.211451,0,1,1,0,0
0.45,30.0,0.7,0.6,0.3,0.459055,0.132221,0.297497,0.995275,4.179082,0.228893,10.122921,24.438603,0.245567,0.017438,0.443587,0.939644,0.485434,0.211327,0,1,1,0,0
0.45,30.0,0.8,0.7,0.0,0.459055,0.132221,0.297497,0.995275,4.179082,0.229043,10.122921,24.438603,0.345567,0.006076,0.443587,0.939644,0.481646,0.213912,0,1,1,0,0
0.45,30.0,0.8,0.7,0.1,0.459055,0.132221,0.297497,0.995275,4.179082,0.229029,10.122921,24.438603,0.345567,0.006076,0.443587,0.939644,0.481646,0.213898,0,1,1,0,0
0.45,30.0,0.8,0.7,0.3,0.459055,0.132221,0.297497,0.995275,4.179082,0.228914,10.122921,24.438603,0.345567,0.006076,0.443587,0.939644,0.481646,0.213791,0,1,1,0,0
0.45,30.0,0.9,0.8,0.0,0.459055,0.132221,0.297497,0.995275,4.179082,0.229043,10.122921,24.438603,0.445567,0.000808,0.443587,0.939644,0.47989,0.215045,0,1,1,0,0
0.45,30.0,0.9,0.8,0.1,0.459055,0.132221,0.297497,0.995275,4.179082,0.229031,10.122921,24.438603,0.445567,0.000808,0.443587,0.939644,0.47989,0.215034,0,1,1,0,0
0.45,30.0,0.9,0.8,0.3,0.459055,0.132221,0.297497,0.995275,4.179082,0.22893,10.122921,24.438603,0.445567,0.000808,0.443587,0.939644,0.47989,0.214939,0,1,1,0,0
0.45,30.0,1.0,0.9,0.0,0.459055,0.132221,0.297497,0.995275,4.179082,0.229043,10.122921,24.438603,0.545567,0.0,0.443587,0.939644,0.479621,0.215219,0,1,1,0,0
0.45,30.0,1.0,0.9,0.1,0.459055,0.132221,0.297497,0.995275,4.179082,0.229032,10.122921,24.438603,0.545567,0.0,0.443587,0.939644,0.479621,0.215209,0,1,1,0,0
0.45,30.0,1.0,0.9,0.3,0.459055,0.132221,0.297497,0.995275,4.179082,0.228943,10.122921,24.438603,0.545567,0.0,0.443587,0.939644,0.479621,0.215125,0,1,1,0,0
0.45,32.5,0.3,0.2,0.0,0.506538,0.132221,0.297497,0.995275,4.179082,0.229043,11.066099,26.630945,-0.201438,0.232064,0.473424,0.924539,0.566921,0.162618,0,1,0,0,0
0.45,32.5,0.3,0.2,0.1,0.506538,0.132221,0.297497,0.995275,4.179082,0.228993,11.066099,26.630945,-0.201438,0.232064,0.473424,0.924539,0.566921,0.162582,0,1,0,0,0
0.45,32.5,0.3,0.2,0.3,0.506538,0.132221,0.297497,0.995275,4.179082,0.228591,11.066099,26.630945,-0.201438,0.232064,0.473424,0.924539,0.566921,0.162297,0,1,0,0,0
0.45,32.5,0.4,0.3,0.0,0.506538,0.132221,0.297497,0.995275,4.179082,0.229043,11.066099,26.630945,-0.101438,0.14849,0.473424,0.924539,0.539063,0.180315,0,1,0,0,0
0.45,32.5,0.4,0.3,0.1,0.506538,0.132221,0.297497,0.995275,4.179082,0.22901,11.066099,26.630945,-0.101438,0.14849,0.473424,0.924539,0.539063,0.180289,0,1,0,0,0
0.45,32.5,0.4,0.3,0.3,0.506538,0.132221,0.297497,0.995275,4.179082,0.228742,11.066099,26.630945,-0.101438,0.14849,0.473424,0.924539,0.539063,0.180078,0,1,0,0,0
0.45,32.5,0.5,0.4,0.0,0.506538,0.132221,0.297497,0.995275,4.179082,0.229043,11.066099,26.630945,-0.001438,0.089013,0.473424,0.924539,0.519237,0.19291,0,1,0,0,0
0.45,32.5,0.5,0.4,0.1,0.506538,0.132221,0.297497,0.995275,4.179082,0.229018,11.066099,26.630945,-0.001438,0.089013,0.473424,0.924539,0.519237,0.192889,0,1,0,0,0
0.45,32.5,0.5,0.4,0.3,0.506538,0.132221,0.297497,0.995275,4.179082,0.228817,11.066099,26.630945,-0.001438,0.089013,0.473424,0.924539,0.519237,0.19272,0,1,0,0,0
0.45,32.5,0.6,0.5,0.0,0.506538,0.132221,0.297497,0.995275,4.179082,0.229043,11.066099,26.630945,0.098562,0.05287,0.473424,0.924539,0.50719,0.200564,0,1,1,0,0
0.45,32.5,0.6,0.5,0.1,0.506538,0.132221,0.297497,0.995275,4.179082,0.229023,11.066099,26.630945,0.098562,0.05287,0.473424,0.924539,0.50719,0.200546,0,1,1,0,0
0.45,32.5,0.6,0.5,0.3,0.506538,0.132221,0.297497,0.995275,4.179082,0.228862,11.066099,26.630945,0.098562,0.05287,0.473424,0.924539,0.50719,0.200405,0,1,1,0,0
0.45,32.5,0.7,0.6,0.0,0.506538,0.132221,0.297497,0.995275,4.179082,0.229043,11.066099,26.630945,0.198562,0.029818,0.473424,0.924539,0.499506,0.205445,0,1,1,0,0
0.45,32.5,0.7,0.6,0.1,0.506538,0.132221,0.297497,0.995275,4.179082,0.229027,11.066099,26.630945,0.198562,0.029818,0.473424,0.924539,0.499506,0.20543,0,1,1,0,0
0.45,32.5,0.7,0.6,0.3,0.506538,0.132221,0.297497,0.995275,4.179082,0.228893,11.066099,26.630945,0.198562,0.029818,0.473424,0.924539,0.499506,0.20531,0,1,1,0,0
0.45,32.5,0.8,0.7,0.0,0.506538,0.132221,0.297497,0.995275,4.179082,0.229043,11.066099,26.630945,0.298562,0.013218,0.473424,0.924539,0.493972,0.208961,0,1,1,0,0
0.45,32.5,0.8,0.7,0.1,0.506538,0.132221,0.297497,0.995275,4.179082,0.229029,11.066099,26.630945,0.298562,0.013218,0.473424,0.924539,0.493972,0.208947,0,1,1,0,0
0.45,32.5,0.8,0.7,0.3,0.506538,0.132221,0.297497,0.995275,4.179082,0.228914,11.066099,26.630945,0.298562,0.013218,0.473424,0.924539,0.493972,0.208843,0,1,1,0,0
0.45,32.5,0.9,0.8,0.0,0.506538,0.132221,0.297497,0.995275,4.179082,0.229043,11.066099,26.630945,0.398562,0.004757,0.473424,0.924539,0.491152,0.210752,0,1,1,0,0
0.45,32.5,0.9,0.8,0.1,0.506538,0.132221,0.297497,0.995275,4.179082,0.229031,11.066099,26.630945,0.398562,0.004757,0.473424,0.924539,0.491152,0.210741,0,1,1,0,0
0.45,32.5,0.9,0.8,0.3,0.506538,0.132221,0.297497,0.995275,4.179082,0.22893,11.066099,26.630945,0.398562,0.004757,0.473424,0.924539,0.491152,0.210648,0,1,1,0,0
0.45,32.5,1.0,0.9,0.0,0.506538,0.132221,0.297497,0.995275,4.179082,0.229043,11.066099,26.630945,0.498562,0.000632,0.473424,0.924539,0.489777,0.211626,0,1,1,0,0
0.45,32.5,1.0,0.9,0.1,0.506538,0.132221,0.297497,0.995275,4.179082,0.229032,11.066099,26.630945,0.498562,0.000632,0.473424,0.924539,0.489777,0.211615,0,1,1,0,0
0.45,32.5,1.0,0.9,0.3,0.506538,0.132221,0.297497,0.995275,4.179082,0.228943,11.066099,26.630945,0.498562,0.000632,0.473424,0.924539,0.489777,0.211533,0,1,1,0,0
0.45,35.0,0.3,0.2,0.0,0.556739,0.132221,0.297497,0.995275,4.179082,0.229043,12.038659,28.860644,-0.251134,0.262501,0.502452,0.908434,0.586743,0.153452,0,1,0,0,0
0.45,35.0,0.3,0.2,0.1,0.556739,0.132221,0.297497,0.995275,4.179082,0.228993,12.038659,28.860644,-0.251134,0.262501,0.502452,0.908434,0.586743,0.153418,0,1,0,0,0
0.45,35.0,0.3,0.2,0.3,0.556739,0.132221,0.297497,0.995275,4.179082,0.228591,12.038659,28.860644,-0.251134,0.262501,0.502452,0.908434,0.586743,0.153149,0,1,0,0,0
0.45,35.0,0.4,0.3,0.0,0.556739,0.132221,0.297497,0.995275,4.179082,0.229043,12.038659,28.860644,-0.151134,0.174398,0.502452,0.908434,0.557375,0.171784,0,1,0,0,0
0.45,35.0,0.4,0.3,0.1,0.556739,0.132221,0.297497,0.995275,4.179082,0.22901,12.038659,28.860644,-0.151134,0.174398,0.502452,0.908434,0.557375,0.171759,0,1,0,0,0
0.45,35.0,0.4,0.3,0.3,0.556739,0.132221,0.297497,0.995275,4.179082,0.228742,12.038659,28.860644,-0.151134,0.174398,0.502452,0.908434,0.557375,0.171557,0,1,0,0,0
0.45,35.0,0.5,0.4,0.0,0.556739,0.132221,0.297497,0.995275,4.179082,0.229043,12.038659,28.860644,-0.051134,0.113917,0.502452,0.908434,0.537215,0.184368,0,1,0,0,0
0.45,35.0,0.5,0.4,0.1,0.556739,0.132221,0.297497,0.995275,4.179082,0.229018,12.038659,28.860644,-0.051134,0.113917,0.502452,0.908434,0.537215,0.184348,0,1,0,0,0
0.45,35.0,0.5,0.4,0.3,0.556739,0.132221,0.297497,0.995275,4.179082,0.228817,12.038659,28.860644,-0.051134,0.113917,0.502452,0.908434,0.537215,0.184186,0,1,0,0,0
0.45,35.0,0.6,0.5,0.0,0.556739,0.132221,0.297497,0.995275,4.179082,0.229043,12.038659,28.860644,0.048866,0.068813,0.502452,0.908434,0.52218,0.193753,0,1,1,0,0
0.45,35.0,0.6,0.5,0.1,0.556739,0.132221,0.297497,0.995275,4.179082,0.229023,12.038659,28.860644,0.048866,0.068813,0.502452,0.908434,0.52218,0.193736,0,1,1,0,0
0.45,35.0,0.6,0.5,0.3,0.556739,0.132221,0.297497,0.995275,4.179082,0.228862,12.038659,28.860644,0.048866,0.068813,0.502452,0.908434,0.52218,0.1936,0,1,1,0,0
0.45,35.0,0.7,0.6,0.0,0.556739,0.132221,0.297497,0.995275,4.179082,0.229043,12.038659,28.860644,0.148866,0.044176,0.502452,0.908434,0.513968,0.198879,0,1,1,0,0
0.45,35.0,0.7,0.6,0.1,0.556739,0.132221,0.297497,0.995275,4.179082,0.229027,12.038659,28.860644,0.148866,0.044176,0.502452,0.908434,0.513968,0.198865,0,1,1,0,0
0.45,35.0,0.7,0.6,0.3,0.556739,0.132221,0.297497,0.995275,4.179082,0.228893,12.038659,28.860644,0.148866,0.044176,0.502452,0.908434,0.513968,0.198748,0,1,1,0,0
0.45,35.0,0.8,0.7,0.0,0.556739,0.132221,0.297497,0.995275,4.179082,0.229043,12.038659,28.860644,0.248866,0.024297,0.502452,0.908434,0.507341,0.203015,0,1,1,0,0
0.45,35.0,0.8,0.7,0.1,0.556739,0.132221,0.297497,0.995275,4.179082,0.229029,12.038659,28.860644,0.248866,0.024297,0.502452,0.908434,0.507341,0.203003,0,1,1,0,0
0.45,35.0,0.8,0.7,0.3,0.556739,0.132221,0.297497,0.995275,4.179082,0.228914,12.038659,28.860644,0.248866,0.024297,0.502452,0.908434,0.507341,0.202901,0,1,1,0,0
0.45,35.0,0.9,0.8,0.0,0.556739,0.132221,0.297497,0.995275,4.179082,0.229043,12.038659,28.860644,0.348866,0.011025,0.502452,0.908434,0.502918,0.205777,0,1,1,0,0
0.45,35.0,0.9,0.8,0.1,0.556739,0.132221,0.297497,0.995275,4.179082,0.229031,12.038659,28.860644,0.348866,0.011025,0.502452,0.908434,0.502918,0.205766,0,1,1,0,0
0.45,35.0,0.9,0.8,0.3,0.556739,0.132221,0.297497,0.995275,4.179082,0.22893,12.038659,28.860644,0.348866,0.011025,0.502452,0.908434,0.502918,0.205675,0,1,1,0,0
0.45,35.0,1.0,0.9,0.0,0.556739,0.132221,0.297497,0.995275,4.179082,0.229043,12.038659,28.860644,0.448866,0.004005,0.502452,0.908434,0.500577,0.207238,0,1,1,0,0
0.45,35.0,1.0,0.9,0.1,0.556739,0.132221,0.297497,0.995275,4.179082,0.229032,12.038659,28.860644,0.448866,0.004005,0.502452,0.908434,0.500577,0.207228,0,1,1,0,0
0.45,35.0,1.0,0.9,0.3,0.556739,0.132221,0.297497,0.995275,4.179082,0.228943,12.038659,28.860644,0.448866,0.004005,0.502452,0.908434,0.500577,0.207147,0,1,1,0,0
0.5,5.0,0.3,0.2,0.0,0.069563,0.146912,0.330553,0.997394,3.761174,0.20721,1.613854,3.939305,0.231138,0.0,0.080477,1.0,0.35929,0.20721,1,1,1,1,0
0.5,5.0,0.3,0.2,0.1,0.069563,0.146912,0.330553,0.997394,3.761174,0.207159,1.613854,3.939305,0.231138,0.0,0.080477,1.0,0.35929,0.207159,1,1,1,1,0
0.5,5.0,0.3,0.2,0.3,0.069563,0.146912,0.330553,0.997394,3.761174,0.206755,1.613854,3.939305,0.231138,0.0,0.080477,1.0,0.35929,0.206755,1,1,1,1,0
0.5,5.0,0.4,0.3,0.0,0.069563,0.146912,0.330553,0.997394,3.761174,0.20721,1.613854,3.939305,0.331138,0.0,0.080477,1.0,0.35929,0.20721,1,1,1,1,0
0.5,5.0,0.4,0.3,0.1,0.069563,0.146912,0.330553,0.997394,3.761174,0.207176,1.613854,3.939305,0.331138,0.0,0.080477,1.0,0.35929,0.207176,1,1,1,1,0
0.5,5.0,0.4,0.3,0.3,0.069563,0.146912,0.330553,0.997394,3.761174,0.206906,1.613854,3.939305,0.331138,0.0,0.080477,1.0,0.35929,0.206906,1,1,1,1,0
0.5,5.0,0.5,0.4,0.0,0.069563,0.146912,0.330553,0.997394,3.761174,0.20721,1.613854,3.939305,0.431138,0.0,0.080477,1.0,0.35929,0.20721,1,1,1,1,0
0.5,5.0,0.5,0.4,0.1,0.069563,0.146912,0.330553,0.997394,3.761174,0.207184,1.613854,3.939305,0.431138,0.0,0.080477,1.0,0.35929,0.207184,1,1,1,1,0
0.5,5.0,0.5,0.4,0.3,0.069563,0.146912,0.330553,0.997394,3.761174,0.206982,1.613854,3.939305,0.431138,0.0,0.080477,1.0,0.35929,0.206982,1,1,1,1,0
0.5,5.0,0.6,0.5,0.0,0.069563,0.146912,0.330553,0.997394,3.761174,0.20721,1.613854,3.939305,0.531138,0.0,0.080477,1.0,0.35929,0.20721,1,1,1,1,0
0.5,5.0,0.6,0.5,0.1,0.069563,0.146912,0.330553,0.997394,3.761174,0.20719,1.613854,3.939305,0.531138,0.0,0.080477,1.0,0.35929,0.20719,1,1,1,1,0
0.5,5.0,0.6,0.5,0.3,0.069563,0.146912,0.330553,0.997394,3.761174,0.207028,1.613854,3.939305,0.531138,0.0,0.080477,1.0,0.35929,0.207028,1,1,1,1,0
0.5,5.0,0.7,0.6,0.0,0.069563,0.146912,0.330553,0.997394,3.761174,0.20721,1.613854,3.939305,0.631138,0.0,0.080477,1.0,0.35929,0.20721,1,1,1,1,0
0.5,5.0,0.7,0.6,0.1,0.069563,0.146912,0.330553,0.997394,3.761174,0.207193,1.613854,3.939305,0.631138,0.0,0.080477,1.0,0.35929,0.207193,1,1,1,1,0
0.5,5.0,0.7,0.6,0.3,0.069563,0.146912,0.330553,0.997394,3.761174,0.207058,1.613854,3.939305,0.631138,0.0,0.080477,1.0,0.35929,0.207058,1,1,1,1,0
0.5,5.0,0.8,0.7,0.0,0.069563,0.146912,0.330553,0.997394,3.761174,0.20721,1.613854,3.939305,0.731138,0.0,0.080477,1.0,0.35929,0.20721,1,1,1,1,0
0.5,5.0,0.8,0.7,0.1,0.069563,0.146912,0.330553,0.997394,3.761174,0.207195,1.613854,3.939305,0.731138,0.0,0.080477,1.0,0.35929,0.207195,1,1,1,1,0
0.5,5.0,0.8,0.7,0.3,0.069563,0.146912,0.330553,0.997394,3.761174,0.20708,1.613854,3.939305,0.731138,0.0,0.080477,1.0,0.35929,0.20708,1,1,1,1,0
0.5,5.0,0.9,0.8,0.0,0.069563,0.146912,0.330553,0.997394,3.761174,0.20721,1.613854,3.939305,0.831138,0.0,0.080477,1.0,0.35929,0.20721,1,1,1,1,0
0.5,5.0,0.9,0.8,0.1,0.069563,0.146912,0.330553,0.997394,3.761174,0.207197,1.613854,3.939305,0.831138,0.0,0.080477,1.0,0.35929,0.207197,1,1,1,1,0
0.5,5.0,0.9,0.8,0.3,0.069563,0.146912,0.330553,0.997394,3.761174,0.207096,1.613854,3.939305,0.831138,0.0,0.080477,1.0,0.35929,0.207096,1,1,1,1,0
0.5,5.0,1.0,0.9,0.0,0.069563,0.146912,0.330553,0.997394,3.761174,0.20721,1.613854,3.939305,0.931138,0.0,0.080477,1.0,0.35929,0.20721,1,1,1,1,0
0.5,5.0,1.0,0.9,0.1,0.069563,0.146912,0.330553,0.997394,3.761174,0.207199,1.613854,3.939305,0.931138,0.0,0.080477,1.0,0.35929,0.207199,1,1,1,1,0
0.5,5.0,1.0,0.9,0.3,0.069563,0.146912,0.330553,0.997394,3.761174,0.207109,1.613854,3.939305,0.931138,0.0,0.080477,1.0,0.35929,0.207109,1,1,1,1,0
0.5,7.5,0.3,0.2,0.0,0.104678,0.146912,0.330553,0.997394,3.761174,0.20721,2.424156,5.916089,0.196376,0.0,0.120884,1.0,0.372759,0.20721,1,1,1,1,0
0.5,7.5,0.3,0.2,0.1,0.104678,0.146912,0.330553,0.997394,3.761174,0.207159,2.424156,5.916089,0.196376,0.0,0.120884,1.0,0.372759,0.207159,1,1,1,1,0
0.5,7.5,0.3,0.2,0.3,0.104678,0.146912,0.330553,0.997394,3.761174,0.206755,2.424156,5.916089,0.196376,0.0,0.120884,1.0,0.372759,0.206755,1,1,1,1,0
0.5,7.5,0.4,0.3,0.0,0.104678,0.146912,0.330553,0.997394,3.761174,0.20721,2.424156,5.916089,0.296376,0.0,0.120884,1.0,0.372759,0.20721,1,1,1,1,0
0.5,7.5,0.4,0.3,0.1,0.104678,0.146912,0.330553,0.997394,3.761174,0.207176,2.424156,5.916089,0.296376,0.0,0.120884,1.0,0.372759,0.207176,1,1,1,1,0
0.5,7.5,0.4,0.3,0.3,0.104678,0.146912,0.330553,0.997394,3.761174,0.206906,2.424156,5.916089,0.296376,0.0,0.120884,1.0,0.372759,0.206906,1,1,1,1,0
0.5,7.5,0.5,0.4,0.0,0.104678,0.146912,0.330553,0.997394,3.761174,0.20721,2.424156,5.916089,0.396376,0.0,0.120884,1.0,0.372759,0.20721,1,1,1,1,0
0.5,7.5,0.5,0.4,0.1,0.104678,0.146912,0.330553,0.997394,3.761174,0.207184,2.424156,5.916089,0.396376,0.0,0.120884,1.0,0.372759,0.207184,1,1,1,1,0
0.5,7.5,0.5,0.4,0.3,0.104678,0.146912,0.330553,0.997394,3.761174,0.206982,2.424156,5.916089,0.396376,0.0,0.120884,1.0,0.372759,0.206982,1,1,1,1,0
0.5,7.5,0.6,0.5,0.0,0.104678,0.146912,0.330553,0.997394,3.761174,0.20721,2.424156,5.916089,0.496376,0.0,0.120884,1.0,0.372759,0.20721,1,1,1,1,0
0.5,7.5,0.6,0.5,0.1,0.104678,0.146912,0.330553,0.997394,3.761174,0.20719,2.424156,5.916089,0.496376,0.0,0.120884,1.0,0.372759,0.20719,1,1,1,1,0
0.5,7.5,0.6,0.5,0.3,0.104678,0.146912,0.330553,0.997394,3.761174,0.207028,2.424156,5.916089,0.496376,0.0,0.120884,1.0,0.372759,0.207028,1,1,1,1,0
0.5,7.5,0.7,0.6,0.0,0.104678,0.146912,0.330553,0.997394,3.761174,0.20721,2.424156,5.916089,0.596376,0.0,0.120884,1.0,0.372759,0.20721,1,1,1,1,0
0.5,7.5,0.7,0.6,0.1,0.104678,0.146912,0.330553,0.997394,3.761174,0.207193,2.424156,5.916089,0.596376,0.0,0.120884,1.0,0.372759,0.207193,1,1,1,1,0
0.5,7.5,0.7,0.6,0.3,0.104678,0.146912,0.330553,0.997394,3.761174,0.207058,2.424156,5.916089,0.596376,0.0,0.120884,1.0,0.372759,0.207058,1,1,1,1,0
0.5,7.5,0.8,0.7,0.0,0.104678,0.146912,0.330553,0.997394,3.761174,0.20721,2.424156,5.916089,0.696376,0.0,0.120884,1.0,0.372759,0.20721,1,1,1,1,0
0.5,7.5,0.8,0.7,0.1,0.104678,0.146912,0.330553,0.997394,3.761174,0.207195,2.424156,5.916089,0.696376,0.0,0.120884,1.0,0.372759,0.207195,1,1,1,1,0
0.5,7.5,0.8,0.7,0.3,0.104678,0.146912,0.330553,0.997394,3.761174,0.20708,2.424156,5.916089,0.696376,0.0,0.120884,1.0,0.372759,0.20708,1,1,1,1,0
0.5,7.5,0.9,0.8,0.0,0.104678,0.146912,0.330553,0.997394,3.761174,0.20721,2.424156,5.916089,0.796376,0.0,0.120884,1.0,0.372759,0.20721,1,1,1,1,0
0.5,7.5,0.9,0.8,0.1,0.104678,0.146912,0.330553,0.997394,3.761174,0.207197,2.424156,5.916089,0.796376,0.0,0.120884,1.0,0.372759,0.207197,1,1,1,1,0
0.5,7.5,0.9,0.8,0.3,0.104678,0.146912,0.330553,0.997394,3.761174,0.207096,2.424156,5.916089,0.796376,0.0,0.120884,1.0,0.372759,0.207096,1,1,1,1,0
0.5,7.5,1.0,0.9,0.0,0.104678,0.146912,0.330553,0.997394,3.761174,0.20721,2.424156,5.916089,0.896376,0.0,0.120884,1.0,0.372759,0.20721,1,1,1,1,0
0.5,7.5,1.0,0.9,0.1,0.104678,0.146912,0.330553,0.997394,3.761174,0.207199,2.424156,5.916089,0.896376,0.0,0.120884,1.0,0.372759,0.207199,1,1,1,1,0
0.5,7.5,1.0,0.9,0.3,0.104678,0.146912,0.330553,0.997394,3.761174,0.207109,2.424156,5.916089,0.896376,0.0,0.120884,1.0,0.372759,0.207109,1,1,1,1,0
0.5,10.0,0.3,0.2,0.0,0.140199,0.146912,0.330553,0.997394,3.761174,0.20721,3.238603,7.90144,0.161213,0.0,0.161498,1.0,0.386297,0.20721,1,1,1,1,0
0.5,10.0,0.3,0.2,0.1,0.140199,0.146912,0.330553,0.997394,3.761174,0.207159,3.238603,7.90144,0.161213,0.0,0.161498,1.0,0.386297,0.207159,1,1,1,1,0
0.5,10.0,0.3,0.2,0.3,0.140199,0.146912,0.330553,0.997394,3.761174,0.206755,3.238603,7.90144,0.161213,0.0,0.161498,1.0,0.386297,0.206755,1,1,1,1,0
0.5,10.0,0.4,0.3,0.0,0.140199,0.146912,0.330553,0.997394,3.761174,0.20721,3.238603,7.90144,0.261213,0.0,0.161498,1.0,0.386297,0.20721,1,1,1,1,0
0.5,10.0,0.4,0.3,0.1,0.140199,0.146912,0.330553,0.997394,3.761174,0.207176,3.238603,7.90144,0.261213,0.0,0.161498,1.0,0.386297,0.207176,1,1,1,1,0
0.5,10.0,0.4,0.3,0.3,0.140199,0.146912,0.330553,0.997394,3.761174,0.206906,3.238603,7.90144,0.261213,0.0,0.161498,1.0,0.386297,0.206906,1,1,1,1,0
0.5,10.0,0.5,0.4,0.0,0.140199,0.146912,0.330553,0.997394,3.761174,0.20721,3.238603,7.90144,0.361213,0.0,0.161498,1.0,0.386297,0.20721,1,1,1,1,0
0.5,10.0,0.5,0.4,0.1,0.140199,0.146912,0.330553,0.997394,3.761174,0.207184,3.238603,7.90144,0.361213,0.0,0.161498,1.0,0.386297,0.207184,1,1,1,1,0
0.5,10.0,0.5,0.4,0.3,0.140199,0.146912,0.330553,0.997394,3.761174,0.206982,3.238603,7.90144,0.361213,0.0,0.161498,1.0,0.386297,0.206982,1,1,1,1,0
0.5,10.0,0.6,0.5,0.0,0.140199,0.146912,0.330553,0.997394,3.761174,0.20721,3.238603,7.90144,0.461213,0.0,0.161498,1.0,0.386297,0.20721,1,1,1,1,0
0.5,10.0,0.6,0.5,0.1,0.140199,0.146912,0.330553,0.997394,3.761174,0.20719,3.238603,7.90144,0.461213,0.0,0.161498,1.0,0.386297,0.20719,1,1,1,1,0
0.5,10.0,0.6,0.5,0.3,0.140199,0.146912,0.330553,0.997394,3.761174,0.207028,3.238603,7.90144,0.461213,0.0,0.161498,1.0,0.386297,0.207028,1,1,1,1,0
0.5,10.0,0.7,0.6,0.0,0.140199,0.146912,0.330553,0.997394,3.761174,0.20721,3.238603,7.90144,0.561213,0.0,0.161498,1.0,0.386297,0.20721,1,1,1,1,0
0.5,10.0,0.7,0.6,0.1,0.140199,0.146912,0.330553,0.997394,3.761174,0.207193,3.238603,7.90144,0.561213,0.0,0.161498,1.0,0.386297,0.207193,1,1,1,1,0
0.5,10.0,0.7,0.6,0.3,0.140199,0.146912,0.330553,0.997394,3.761174,0.207058,3.238603,7.90144,0.561213,0.0,0.161498,1.0,0.386297,0.207058,1,1,1,1,0
0.5,10.0,0.8,0.7,0.0,0.140199,0.146912,0.330553,0.997394,3.761174,0.20721,3.238603,7.90144,0.661213,0.0,0.161498,1.0,0.386297,0.20721,1,1,1,1,0
0.5,10.0,0.8,0.7,0.1,0.140199,0.146912,0.330553,0.997394,3.761174,0.207195,3.238603,7.90144,0.661213,0.0,0.161498,1.0,0.386297,0.207195,1,1,1,1,0
0.5,10.0,0.8,0.7,0.3,0.140199,0.146912,0.330553,0.997394,3.761174,0.20708,3.238603,7.90144,0.661213,0.0,0.161498,1.0,0.386297,0.20708,1,1,1,1,0
0.5,10.0,0.9,0.8,0.0,0.140199,0.146912,0.330553,0.997394,3.761174,0.20721,3.238603,7.90144,0.761213,0.0,0.161498,1.0,0.386297,0.20721,1,1,1,1,0
0.5,10.0,0.9,0.8,0.1,0.140199,0.146912,0.330553,0.997394,3.761174,0.207197,3.238603,7.90144,0.761213,0.0,0.161498,1.0,0.386297,0.207197,1,1,1,1,0
0.5,10.0,0.9,0.8,0.3,0.140199,0.146912,0.330553,0.997394,3.761174,0.207096,3.238603,7.90144,0.761213,0.0,0.161498,1.0,0.386297,0.207096,1,1,1,1,0
0.5,10.0,1.0,0.9,0.0,0.140199,0.146912,0.330553,0.997394,3.761174,0.20721,3.238603,7.90144,0.861213,0.0,0.161498,1.0,0.386297,0.20721,1,1,1,1,0
0.5,10.0,1.0,0.9,0.1,0.140199,0.146912,0.330553,0.997394,3.761174,0.207199,3.238603,7.90144,0.861213,0.0,0.161498,1.0,0.386297,0.207199,1,1,1,1,0
0.5,10.0,1.0,0.9,0.3,0.140199,0.146912,0.330553,0.997394,3.761174,0.207109,3.238603,7.90144,0.861213,0.0,0.161498,1.0,0.386297,0.207109,1,1,1,1,0
0.5,12.5,0.3,0.2,0.0,0.176271,0.146912,0.330553,0.997394,3.761174,0.20721,4.058731,9.898225,0.125504,0.007655,0.202395,1.0,0.402481,0.205623,1,1,1,1,0
0.5,12.5,0.3,0.2,0.1,0.176271,0.146912,0.330553,0.997394,3.761174,0.207159,4.058731,9.898225,0.125504,0.007655,0.202395,1.0,0.402481,0.205573,1,1,1,1,0
0.5,12.5,0.3,0.2,0.3,0.176271,0.146912,0.330553,0.997394,3.761174,0.206755,4.058731,9.898225,0.125504,0.007655,0.202395,1.0,0.402481,0.205172,1,1,1,1,0
0.5,12.5,0.4,0.3,0.0,0.176271,0.146912,0.330553,0.997394,3.761174,0.20721,4.058731,9.898225,0.225504,0.0,0.202395,1.0,0.39993,0.20721,1,1,1,1,0
0.5,12.5,0.4,0.3,0.1,0.176271,0.146912,0.330553,0.997394,3.761174,0.207176,4.058731,9.898225,0.225504,0.0,0.202395,1.0,0.39993,0.207176,1,1,1,1,0
0.5,12.5,0.4,0.3,0.3,0.176271,0.146912,0.330553,0.997394,3.761174,0.206906,4.058731,9.898225,0.225504,0.0,0.202395,1.0,0.39993,0.206906,1,1,1,1,0
0.5,12.5,0.5,0.4,0.0,0.176271,0.146912,0.330553,0.997394,3.761174,0.20721,4.058731,9.898225,0.325504,0.0,0.202395,1.0,0.39993,0.20721,1,1,1,1,0
0.5,12.5,0.5,0.4,0.1,0.176271,0.146912,0.330553,0.997394,3.761174,0.207184,4.058731,9.898225,0.325504,0.0,0.202395,1.0,0.39993,0.207184,1,1,1,1,0
0.5,12.5,0.5,0.4,0.3,0.176271,0.146912,0.330553,0.997394,3.761174,0.206982,4.058731,9.898225,0.325504,0.0,0.202395,1.0,0.39993,0.206982,1,1,1,1,0
0.5,12.5,0.6,0.5,0.0,0.176271,0.146912,0.330553,0.997394,3.761174,0.20721,4.058731,9.898225,0.425504,0.0,0.202395,1.0,0.39993,0.20721,1,1,1,1,0
0.5,12.5,0.6,0.5,0.1,0.176271,0.146912,0.330553,0.997394,3.761174,0.20719,4.058731,9.898225,0.425504,0.0,0.202395,1.0,0.39993,0.20719,1,1,1,1,0
0.5,12.5,0.6,0.5,0.3,0.176271,0.146912,0.330553,0.997394,3.761174,0.207028,4.058731,9.898225,0.425504,0.0,0.202395,1.0,0.39993,0.207028,1,1,1,1,0
0.5,12.5,0.7,0.6,0.0,0.176271,0.146912,0.330553,0.997394,3.761174,0.20721,4.058731,9.898225,0.525504,0.0,0.202395,1.0,0.39993,0.20721,1,1,1,1,0
0.5,12.5,0.7,0.6,0.1,0.176271,0.146912,0.330553,0.997394,3.761174,0.207193,4.058731,9.898225,0.525504,0.0,0.202395,1.0,0.39993,0.207193,1,1,1,1,0
0.5,12.5,0.7,0.6,0.3,0.176271,0.146912,0.330553,0.997394,3.761174,0.207058,4.058731,9.898225,0.525504,0.0,0.202395,1.0,0.39993,0.207058,1,1,1,1,0
0.5,12.5,0.8,0.7,0.0,0.176271,0.146912,0.330553,0.997394,3.761174,0.20721,4.058731,9.898225,0.625504,0.0,0.202395,1.0,0.39993,0.20721,1,1,1,1,0
0.5,12.5,0.8,0.7,0.1,0.176271,0.146912,0.330553,0.997394,3.761174,0.207195,4.058731,9.898225,0.625504,0.0,0.202395,1.0,0.39993,0.207195,1,1,1,1,0
0.5,12.5,0.8,0.7,0.3,0.176271,0.146912,0.330553,0.997394,3.761174,0.20708,4.058731,9.898225,0.625504,0.0,0.202395,1.0,0.39993,0.20708,1,1,1,1,0
0.5,12.5,0.9,0.8,0.0,0.176271,0.146912,0.330553,0.997394,3.761174,0.20721,4.058731,9.898225,0.725504,0.0,0.202395,1.0,0.39993,0.20721,1,1,1,1,0
0.5,12.5,0.9,0.8,0.1,0.176271,0.146912,0.330553,0.997394,3.761174,0.207197,4.058731,9.898225,0.725504,0.0,0.202395,1.0,0.39993,0.207197,1,1,1,1,0
0.5,12.5,0.9,0.8,0.3,0.176271,0.146912,0.330553,0.997394,3.761174,0.207096,4.058731,9.898225,0.725504,0.0,0.202395,1.0,0.39993,0.207096,1,1,1,1,0
0.5,12.5,1.0,0.9,0.0,0.176271,0.146912,0.330553,0.997394,3.761174,0.20721,4.058731,9.898225,0.825504,0.0,0.202395,1.0,0.39993,0.20721,1,1,1,1,0
0.5,12.5,1.0,0.9,0.1,0.176271,0.146912,0.330553,0.997394,3.761174,0.207199,4.058731,9.898225,0.825504,0.0,0.202395,1.0,0.39993,0.207199,1,1,1,1,0
0.5,12.5,1.0,0.9,0.3,0.176271,0.146912,0.330553,0.997394,3.761174,0.207109,4.058731,9.898225,0.825504,0.0,0.202395,1.0,0.39993,0.207109,1,1,1,1,0
0.5,15.0,0.3,0.2,0.0,0.213048,0.146912,0.330553,0.997394,3.761174,0.20721,4.886207,11.909322,0.089097,0.027111,0.242113,0.998454,0.422206,0.20128,1,1,1,1,0
0.5,15.0,0.3,0.2,0.1,0.213048,0.146912,0.330553,0.997394,3.761174,0.207159,4.886207,11.909322,0.089097,0.027111,0.242113,0.998454,0.422206,0.201231,1,1,1,1,0
0.5,15.0,0.3,0.2,0.3,0.213048,0.146912,0.330553,0.997394,3.761174,0.206755,4.886207,11.909322,0.089097,0.027111,0.242113,0.998454,0.422206,0.200839,1,1,1,1,0
0.5,15.0,0.4,0.3,0.0,0.213048,0.146912,0.330553,0.997394,3.761174,0.20721,4.886207,11.909322,0.189097,0.001881,0.242113,0.998454,0.413796,0.2065,1,1,1,1,0
0.5,15.0,0.4,0.3,0.1,0.213048,0.146912,0.330553,0.997394,3.761174,0.207176,4.886207,11.909322,0.189097,0.001881,0.242113,0.998454,0.413796,0.206467,1,1,1,1,0
0.5,15.0,0.4,0.3,0.3,0.213048,0.146912,0.330553,0.997394,3.761174,0.206906,4.886207,11.909322,0.189097,0.001881,0.242113,0.998454,0.413796,0.206198,1,1,1,1,0
0.5,15.0,0.5,0.4,0.0,0.213048,0.146912,0.330553,0.997394,3.761174,0.20721,4.886207,11.909322,0.289097,0.0,0.242113,0.998454,0.413169,0.20689,1,1,1,1,0
0.5,15.0,0.5,0.4,0.1,0.213048,0.146912,0.330553,0.997394,3.761174,0.207184,4.886207,11.909322,0.289097,0.0,0.242113,0.998454,0.413169,0.206864,1,1,1,1,0
0.5,15.0,0.5,0.4,0.3,0.213048,0.146912,0.330553,0.997394,3.761174,0.206982,4.886207,11.909322,0.289097,0.0,0.242113,0.998454,0.413169,0.206662,1,1,1,1,0
0.5,15.0,0.6,0.5,0.0,0.213048,0.146912,0.330553,0.997394,3.761174,0.20721,4.886207,11.909322,0.389097,0.0,0.242113,0.998454,0.413169,0.20689,1,1,1,1,0
0.5,15.0,0.6,0.5,0.1,0.213048,0.146912,0.330553,0.997394,3.761174,0.20719,4.886207,11.909322,0.389097,0.0,0.242113,0.998454,0.413169,0.206869,1,1,1,1,0
0.5,15.0,0.6,0.5,0.3,0.213048,0.146912,0.330553,0.997394,3.761174,0.207028,4.886207,11.909322,0.389097,0.0,0.242113,0.998454,0.413169,0.206708,1,1,1,1,0
0.5,15.0,0.7,0.6,0.0,0.213048,0.146912,0.330553,0.997394,3.761174,0.20721,4.886207,11.909322,0.489097,0.0,0.242113,0.998454,0.413169,0.20689,1,1,1,1,0
0.5,15.0,0.7,0.6,0.1,0.213048,0.146912,0.330553,0.997394,3.761174,0.207193,4.886207,11.909322,0.489097,0.0,0.242113,0.998454,0.413169,0.206873,1,1,1,1,0
0.5,15.0,0.7,0.6,0.3,0.213048,0.146912,0.330553,0.997394,3.761174,0.207058,4.886207,11.909322,0.489097,0.0,0.242113,0.998454,0.413169,0.206738,1,1,1,1,0
0.5,15.0,0.8,0.7,0.0,0.213048,0.146912,0.330553,0.997394,3.761174,0.20721,4.886207,11.909322,0.589097,0.0,0.242113,0.998454,0.413169,0.20689,1,1,1,1,0
0.5,15.0,0.8,0.7,0.1,0.213048,0.146912,0.330553,0.997394,3.761174,0.207195,4.886207,11.909322,0.589097,0.0,0.242113,0.998454,0.413169,0.206875,1,1,1,1,0
0.5,15.0,0.8,0.7,0.3,0.213048,0.146912,0.330553,0.997394,3.761174,0.20708,4.886207,11.909322,0.589097,0.0,0.242113,0.998454,0.413169,0.20676,1,1,1,1,0
0.5,15.0,0.9,0.8,0.0,0.213048,0.146912,0.330553,0.997394,3.761174,0.20721,4.886207,11.909322,0.689097,0.0,0.242113,0.998454,0.413169,0.20689,1,1,1,1,0
0.5,15.0,0.9,0.8,0.1,0.213048,0.146912,0.330553,0.997394,3.761174,0.207197,4.886207,11.909322,0.689097,0.0,0.242113,0.998454,0.413169,0.206877,1,1,1,1,0
0.5,15.0,0.9,0.8,0.3,0.213048,0.146912,0.330553,0.997394,3.761174,0.207096,4.886207,11.909322,0.689097,0.0,0.242113,0.998454,0.413169,0.206776,1,1,1,1,0
0.5,15.0,1.0,0.9,0.0,0.213048,0.146912,0.330553,0.997394,3.761174,0.20721,4.886207,11.909322,0.789097,0.0,0.242113,0.998454,0.413169,0.20689,1,1,1,1,0
0.5,15.0,1.0,0.9,0.1,0.213048,0.146912,0.330553,0.997394,3.761174,0.207199,4.886207,11.909322,0.789097,0.0,0.242113,0.998454,0.413169,0.206878,1,1,1,1,0
0.5,15.0,1.0,0.9,0.3,0.213048,0.146912,0.330553,0.997394,3.761174,0.207109,4.886207,11.909322,0.789097,0.0,0.242113,0.998454,0.413169,0.206789,1,1,1,1,0
0.5,17.5,0.3,0.2,0.0,0.250696,0.146912,0.330553,0.997394,3.761174,0.20721,5.722859,13.937619,0.051828,0.0513,0.279733,0.994354,0.442809,0.19547,1,1,1,1,0
0.5,17.5,0.3,0.2,0.1,0.250696,0.146912,0.330553,0.997394,3.761174,0.207159,5.722859,13.937619,0.051828,0.0513,0.279733,0.994354,0.442809,0.195422,1,1,1,1,0
0.5,17.5,0.3,0.2,0.3,0.250696,0.146912,0.330553,0.997394,3.761174,0.206755,5.722859,13.937619,0.051828,0.0513,0.279733,0.994354,0.442809,0.195041,1,1,1,1,0
0.5,17.5,0.4,0.3,0.0,0.250696,0.146912,0.330553,0.997394,3.761174,0.20721,5.722859,13.937619,0.151828,0.01211,0.279733,0.994354,0.429746,0.203545,1,1,1,1,0
0.5,17.5,0.4,0.3,0.1,0.250696,0.146912,0.330553,0.997394,3.761174,0.207176,5.722859,13.937619,0.151828,0.01211,0.279733,0.994354,0.429746,0.203512,1,1,1,1,0
0.5,17.5,0.4,0.3,0.3,0.250696,0.146912,0.330553,0.997394,3.761174,0.206906,5.722859,13.937619,0.151828,0.01211,0.279733,0.994354,0.429746,0.203247,1,1,1,1,0
0.5,17.5,0.5,0.4,0.0,0.250696,0.146912,0.330553,0.997394,3.761174,0.20721,5.722859,13.937619,0.251828,0.000371,0.279733,0.994354,0.425833,0.205963,1,1,1,1,0
0.5,17.5,0.5,0.4,0.1,0.250696,0.146912,0.330553,0.997394,3.761174,0.207184,5.722859,13.937619,0.251828,0.000371,0.279733,0.994354,0.425833,0.205938,1,1,1,1,0
0.5,17.5,0.5,0.4,0.3,0.250696,0.146912,0.330553,0.997394,3.761174,0.206982,5.722859,13.937619,0.251828,0.000371,0.279733,0.994354,0.425833,0.205737,1,1,1,1,0
0.5,17.5,0.6,0.5,0.0,0.250696,0.146912,0.330553,0.997394,3.761174,0.20721,5.722859,13.937619,0.351828,0.0,0.279733,0.994354,0.425709,0.20604,1,1,1,1,0
0.5,17.5,0.6,0.5,0.1,0.250696,0.146912,0.330553,0.997394,3.761174,0.20719,5.722859,13.937619,0.351828,0.0,0.279733,0.994354,0.425709,0.20602,1,1,1,1,0
0.5,17.5,0.6,0.5,0.3,0.250696,0.146912,0.330553,0.997394,3.761174,0.207028,5.722859,13.937619,0.351828,0.0,0.279733,0.994354,0.425709,0.205859,1,1,1,1,0
0.5,17.5,0.7,0.6,0.0,0.250696,0.146912,0.330553,0.997394,3.761174,0.20721,5.722859,13.937619,0.451828,0.0,0.279733,0.994354,0.425709,0.20604,1,1,1,1,0
0.5,17.5,0.7,0.6,0.1,0.250696,0.146912,0.330553,0.997394,3.761174,0.207193,5.722859,13.937619,0.451828,0.0,0.279733,0.994354,0.425709,0.206023,1,1,1,1,0
0.5,17.5,0.7,0.6,0.3,0.250696,0.146912,0.330553,0.997394,3.761174,0.207058,5.722859,13.937619,0.451828,0.0,0.279733,0.994354,0.425709,0.205889,1,1,1,1,0
0.5,17.5,0.8,0.7,0.0,0.250696,0.146912,0.330553,0.997394,3.761174,0.20721,5.722859,13.937619,0.551828,0.0,0.279733,0.994354,0.425709,0.20604,1,1,1,1,0
0.5,17.5,0.8,0.7,0.1,0.250696,0.146912,0.330553,0.997394,3.761174,0.207195,5.722859,13.937619,0.551828,0.0,0.279733,0.994354,0.425709,0.206025,1,1,1,1,0
0.5,17.5,0.8,0.7,0.3,0.250696,0.146912,0.330553,0.997394,3.761174,0.20708,5.722859,13.937619,0.551828,0.0,0.279733,0.994354,0.425709,0.205911,1,1,1,1,0
0.5,17.5,0.9,0.8,0.0,0.250696,0.146912,0.330553,0.997394,3.761174,0.20721,5.722859,13.937619,0.651828,0.0,0.279733,0.994354,0.425709,0.20604,1,1,1,1,0
0.5,17.5,0.9,0.8,0.1,0.250696,0.146912,0.330553,0.997394,3.761174,0.207197,5.722859,13.937619,0.651828,0.0,0.279733,0.994354,0.425709,0.206027,1,1,1,1,0
0.5,17.5,0.9,0.8,0.3,0.250696,0.146912,0.330553,0.997394,3.761174,0.207096,5.722859,13.937619,0.651828,0.0,0.279733,0.994354,0.425709,0.205927,1,1,1,1,0
0.5,17.5,1.0,0.9,0.0,0.250696,0.146912,0.330553,0.997394,3.761174,0.20721,5.722859,13.937619,0.751828,0.0,0.279733,0.994354,0.425709,0.20604,1,1,1,1,0
0.5,17.5,1.0,0.9,0.1,0.250696,0.146912,0.330553,0.997394,3.761174,0.207199,5.722859,13.937619,0.751828,0.0,0.279733,0.994354,0.425709,0.206029,1,1,1,1,0
0.5,17.5,1.0,0.9,0.3,0.250696,0.146912,0.330553,0.997394,3.761174,0.207109,5.722859,13.937619,0.751828,0.0,0.279733,0.994354,0.425709,0.205939,1,1,1,1,0
0.5,20.0,0.3,0.2,0.0,0.289395,0.146912,0.330553,0.997394,3.761174,0.20721,6.570705,15.986012,0.013519,0.077579,0.315355,0.987697,0.463443,0.188783,1,1,1,1,0
0.5,20.0,0.3,0.2,0.1,0.289395,0.146912,0.330553,0.997394,3.761174,0.207159,6.570705,15.986012,0.013519,0.077579,0.315355,0.987697,0.463443,0.188737,1,1,1,1,0
0.5,20.0,0.3,0.2,0.3,0.289395,0.146912,0.330553,0.997394,3.761174,0.206755,6.570705,15.986012,0.013519,0.077579,0.315355,0.987697,0.463443,0.188369,1,1,1,1,0
0.5,20.0,0.4,0.3,0.0,0.289395,0.146912,0.330553,0.997394,3.761174,0.20721,6.570705,15.986012,0.113519,0.029791,0.315355,0.987697,0.447513,0.198563,1,1,1,1,0
0.5,20.0,0.4,0.3,0.1,0.289395,0.146912,0.330553,0.997394,3.761174,0.207176,6.570705,15.986012,0.113519,0.029791,0.315355,0.987697,0.447513,0.198531,1,1,1,1,0
0.5,20.0,0.4,0.3,0.3,0.289395,0.146912,0.330553,0.997394,3.761174,0.206906,6.570705,15.986012,0.113519,0.029791,0.315355,0.987697,0.447513,0.198273,1,1,1,1,0
0.5,20.0,0.5,0.4,0.0,0.289395,0.146912,0.330553,0.997394,3.761174,0.20721,6.570705,15.986012,0.213519,0.006655,0.315355,0.987697,0.439802,0.203298,1,1,1,1,0
0.5,20.0,0.5,0.4,0.1,0.289395,0.146912,0.330553,0.997394,3.761174,0.207184,6.570705,15.986012,0.213519,0.006655,0.315355,0.987697,0.439802,0.203274,1,1,1,1,0
0.5,20.0,0.5,0.4,0.3,0.289395,0.146912,0.330553,0.997394,3.761174,0.206982,6.570705,15.986012,0.213519,0.006655,0.315355,0.987697,0.439802,0.203075,1,1,1,1,0
0.5,20.0,0.6,0.5,0.0,0.289395,0.146912,0.330553,0.997394,3.761174,0.20721,6.570705,15.986012,0.313519,0.0,0.315355,0.987697,0.437583,0.20466,1,1,1,1,0
0.5,20.0,0.6,0.5,0.1,0.289395,0.146912,0.330553,0.997394,3.761174,0.20719,6.570705,15.986012,0.313519,0.0,0.315355,0.987697,0.437583,0.20464,1,1,1,1,0
0.5,20.0,0.6,0.5,0.3,0.289395,0.146912,0.330553,0.997394,3.761174,0.207028,6.570705,15.986012,0.313519,0.0,0.315355,0.987697,0.437583,0.204481,1,1,1,1,0
0.5,20.0,0.7,0.6,0.0,0.289395,0.146912,0.330553,0.997394,3.761174,0.20721,6.570705,15.986012,0.413519,0.0,0.315355,0.987697,0.437583,0.20466,1,1,1,1,0
0.5,20.0,0.7,0.6,0.1,0.289395,0.146912,0.330553,0.997394,3.761174,0.207193,6.570705,15.986012,0.413519,0.0,0.315355,0.987697,0.437583,0.204644,1,1,1,1,0
0.5,20.0,0.7,0.6,0.3,0.289395,0.146912,0.330553,0.997394,3.761174,0.207058,6.570705,15.986012,0.413519,0.0,0.315355,0.987697,0.437583,0.204511,1,1,1,1,0
0.5,20.0,0.8,0.7,0.0,0.289395,0.146912,0.330553,0.997394,3.761174,0.20721,6.570705,15.986012,0.513519,0.0,0.315355,0.987697,0.437583,0.20466,1,1,1,1,0
0.5,20.0,0.8,0.7,0.1,0.289395,0.146912,0.330553,0.997394,3.761174,0.207195,6.570705,15.986012,0.513519,0.0,0.315355,0.987697,0.437583,0.204646,1,1,1,1,0
0.5,20.0,0.8,0.7,0.3,0.289395,0.146912,0.330553,0.997394,3.761174,0.20708,6.570705,15.986012,0.513519,0.0,0.315355,0.987697,0.437583,0.204532,1,1,1,1,0
0.5,20.0,0.9,0.8,0.0,0.289395,0.146912,0.330553,0.997394,3.761174,0.20721,6.570705,15.986012,0.613519,0.0,0.315355,0.987697,0.437583,0.20466,1,1,1,1,0
0.5,20.0,0.9,0.8,0.1,0.289395,0.146912,0.330553,0.997394,3.761174,0.207197,6.570705,15.986012,0.613519,0.0,0.315355,0.987697,0.437583,0.204648,1,1,1,1,0
0.5,20.0,0.9,0.8,0.3,0.289395,0.146912,0.330553,0.997394,3.761174,0.207096,6.570705,15.986012,0.613519,0.0,0.315355,0.987697,0.437583,0.204548,1,1,1,1,0
0.5,20.0,1.0,0.9,0.0,0.289395,0.146912,0.330553,0.997394,3.761174,0.20721,6.570705,15.986012,0.713519,0.0,0.315355,0.987697,0.437583,0.20466,1,1,1,1,0
0.5,20.0,1.0,0.9,0.1,0.289395,0.146912,0.330553,0.997394,3.761174,0.207199,6.570705,15.986012,0.713519,0.0,0.315355,0.987697,0.437583,0.204649,1,1,1,1,0
0.5,20.0,1.0,0.9,0.3,0.289395,0.146912,0.330553,0.997394,3.761174,0.207109,6.570705,15.986012,0.713519,0.0,0.315355,0.987697,0.437583,0.204561,1,1,1,1,0
0.5,22.5,0.3,0.2,0.0,0.329344,0.146912,0.330553,0.997394,3.761174,0.20721,7.431985,18.057406,-0.026028,0.110111,0.350799,0.980191,0.486101,0.180741,1,1,0,0,0
0.5,22.5,0.3,0.2,0.1,0.329344,0.146912,0.330553,0.997394,3.761174,0.207159,7.431985,18.057406,-0.026028,0.110111,0.350799,0.980191,0.486101,0.180697,1,1,0,0,0
0.5,22.5,0.3,0.2,0.3,0.329344,0.146912,0.330553,0.997394,3.761174,0.206755,7.431985,18.057406,-0.026028,0.110111,0.350799,0.980191,0.486101,0.180344,1,1,0,0,0
0.5,22.5,0.4,0.3,0.0,0.329344,0.146912,0.330553,0.997394,3.761174,0.20721,7.431985,18.057406,0.073972,0.049147,0.350799,0.980191,0.46578,0.193123,1,1,1,1,1
0.5,22.5,0.4,0.3,0.1,0.329344,0.146912,0.330553,0.997394,3.761174,0.207176,7.431985,18.057406,0.073972,0.049147,0.350799,0.980191,0.46578,0.193092,1,1,1,1,0
0.5,22.5,0.4,0.3,0.3,0.329344,0.146912,0.330553,0.997394,3.761174,0.206906,7.431985,18.057406,0.073972,0.049147,0.350799,0.980191,0.46578,0.19284,1,1,1,1,0
0.5,22.5,0.5,0.4,0.0,0.329344,0.146912,0.330553,0.997394,3.761174,0.20721,7.431985,18.057406,0.173972,0.017957,0.350799,0.980191,0.455383,0.199458,1,1,1,1,0
0.5,22.5,0.5,0.4,0.1,0.329344,0.146912,0.330553,0.997394,3.761174,0.207184,7.431985,18.057406,0.173972,0.017957,0.350799,0.980191,0.455383,0.199434,1,1,1,1,0
0.5,22.5,0.5,0.4,0.3,0.329344,0.146912,0.330553,0.997394,3.761174,0.206982,7.431985,18.057406,0.173972,0.017957,0.350799,0.980191,0.455383,0.199239,1,1,1,1,0
0.5,22.5,0.6,0.5,0.0,0.329344,0.146912,0.330553,0.997394,3.761174,0.20721,7.431985,18.057406,0.273972,0.00318,0.350799,0.980191,0.450458,0.202459,1,1,1,1,0
0.5,22.5,0.6,0.5,0.1,0.329344,0.146912,0.330553,0.997394,3.761174,0.20719,7.431985,18.057406,0.273972,0.00318,0.350799,0.980191,0.450458,0.20244,1,1,1,1,0
0.5,22.5,0.6,0.5,0.3,0.329344,0.146912,0.330553,0.997394,3.761174,0.207028,7.431985,18.057406,0.273972,0.00318,0.350799,0.980191,0.450458,0.202282,1,1,1,1,0
0.5,22.5,0.7,0.6,0.0,0.329344,0.146912,0.330553,0.997394,3.761174,0.20721,7.431985,18.057406,0.373972,0.0,0.350799,0.980191,0.449398,0.203105,1,1,1,1,0
0.5,22.5,0.7,0.6,0.1,0.329344,0.146912,0.330553,0.997394,3.761174,0.207193,7.431985,18.057406,0.373972,0.0,0.350799,0.980191,0.449398,0.203089,1,1,1,1,0
0.5,22.5,0.7,0.6,0.3,0.329344,0.146912,0.330553,0.997394,3.761174,0.207058,7.431985,18.057406,0.373972,0.0,0.350799,0.980191,0.449398,0.202957,1,1,1,1,0
0.5,22.5,0.8,0.7,0.0,0.329344,0.146912,0.330553,0.997394,3.761174,0.20721,7.431985,18.057406,0.473972,0.0,0.350799,0.980191,0.449398,0.203105,1,1,1,1,0
0.5,22.5,0.8,0.7,0.1,0.329344,0.146912,0.330553,0.997394,3.761174,0.207195,7.431985,18.057406,0.473972,0.0,0.350799,0.980191,0.449398,0.203091,1,1,1,1,0
0.5,22.5,0.8,0.7,0.3,0.329344,0.146912,0.330553,0.997394,3.761174,0.20708,7.431985,18.057406,0.473972,0.0,0.350799,0.980191,0.449398,0.202978,1,1,1,1,0
0.5,22.5,0.9,0.8,0.0,0.329344,0.146912,0.330553,0.997394,3.761174,0.20721,7.431985,18.057406,0.573972,0.0,0.350799,0.980191,0.449398,0.203105,1,1,1,1,0
0.5,22.5,0.9,0.8,0.1,0.329344,0.146912,0.330553,0.997394,3.761174,0.207197,7.431985,18.057406,0.573972,0.0,0.350799,0.980191,0.449398,0.203093,1,1,1,1,0
0.5,22.5,0.9,0.8,0.3,0.329344,0.146912,0.330553,0.997394,3.761174,0.207096,7.431985,18.057406,0.573972,0.0,0.350799,0.980191,0.449398,0.202994,1,1,1,1,0
0.5,22.5,1.0,0.9,0.0,0.329344,0.146912,0.330553,0.997394,3.761174,0.20721,7.431985,18.057406,0.673972,0.0,0.350799,0.980191,0.449398,0.203105,1,1,1,1,0
0.5,22.5,1.0,0.9,0.1,0.329344,0.146912,0.330553,0.997394,3.761174,0.207199,7.431985,18.057406,0.673972,0.0,0.350799,0.980191,0.449398,0.203094,1,1,1,1,0
0.5,22.5,1.0,0.9,0.3,0.329344,0.146912,0.330553,0.997394,3.761174,0.207109,7.431985,18.057406,0.673972,0.0,0.350799,0.980191,0.449398,0.203006,1,1,1,1,0
0.5,25.0,0.3,0.2,0.0,0.370764,0.146912,0.330553,0.997394,3.761174,0.20721,8.309196,20.154705,-0.067031,0.141955,0.383126,0.968775,0.507492,0.172244,0,1,0,0,0
0.5,25.0,0.3,0.2,0.1,0.370764,0.146912,0.330553,0.997394,3.761174,0.207159,8.309196,20.154705,-0.067031,0.141955,0.383126,0.968775,0.507492,0.172202,0,1,0,0,0
0.5,25.0,0.3,0.2,0.3,0.370764,0.146912,0.330553,0.997394,3.761174,0.206755,8.309196,20.154705,-0.067031,0.141955,0.383126,0.968775,0.507492,0.171865,0,1,0,0,0
0.5,25.0,0.4,0.3,0.0,0.370764,0.146912,0.330553,0.997394,3.761174,0.20721,8.309196,20.154705,0.032969,0.068576,0.383126,0.968775,0.483032,0.186974,0,1,1,0,0
0.5,25.0,0.4,0.3,0.1,0.370764,0.146912,0.330553,0.997394,3.761174,0.207176,8.309196,20.154705,0.032969,0.068576,0.383126,0.968775,0.483032,0.186943,0,1,1,0,0
0.5,25.0,0.4,0.3,0.3,0.370764,0.146912,0.330553,0.997394,3.761174,0.206906,8.309196,20.154705,0.032969,0.068576,0.383126,0.968775,0.483032,0.1867,0,1,1,0,0
0.5,25.0,0.5,0.4,0.0,0.370764,0.146912,0.330553,0.997394,3.761174,0.20721,8.309196,20.154705,0.132969,0.033573,0.383126,0.968775,0.471364,0.194,0,1,1,0,0
0.5,25.0,0.5,0.4,0.1,0.370764,0.146912,0.330553,0.997394,3.761174,0.207184,8.309196,20.154705,0.132969,0.033573,0.383126,0.968775,0.471364,0.193977,0,1,1,0,0
0.5,25.0,0.5,0.4,0.3,0.370764,0.146912,0.330553,0.997394,3.761174,0.206982,8.309196,20.154705,0.132969,0.033573,0.383126,0.968775,0.471364,0.193787,0,1,1,0,0
0.5,25.0,0.6,0.5,0.0,0.370764,0.146912,0.330553,0.997394,3.761174,0.20721,8.309196,20.154705,0.232969,0.010936,0.383126,0.968775,0.463819,0.198544,0,1,1,0,0
0.5,25.0,0.6,0.5,0.1,0.370764,0.146912,0.330553,0.997394,3.761174,0.20719,8.309196,20.154705,0.232969,0.010936,0.383126,0.968775,0.463819,0.198525,0,1,1,0,0
0.5,25.0,0.6,0.5,0.3,0.370764,0.146912,0.330553,0.997394,3.761174,0.207028,8.309196,20.154705,0.232969,0.010936,0.383126,0.968775,0.463819,0.19837,0,1,1,0,0
0.5,25.0,0.7,0.6,0.0,0.370764,0.146912,0.330553,0.997394,3.761174,0.20721,8.309196,20.154705,0.332969,0.001745,0.383126,0.968775,0.460755,0.200389,0,1,1,0,0
0.5,25.0,0.7,0.6,0.1,0.370764,0.146912,0.330553,0.997394,3.761174,0.207193,8.309196,20.154705,0.332969,0.001745,0.383126,0.968775,0.460755,0.200373,0,1,1,0,0
0.5,25.0,0.7,0.6,0.3,0.370764,0.146912,0.330553,0.997394,3.761174,0.207058,8.309196,20.154705,0.332969,0.001745,0.383126,0.968775,0.460755,0.200243,0,1,1,0,0
0.5,25.0,0.8,0.7,0.0,0.370764,0.146912,0.330553,0.997394,3.761174,0.20721,8.309196,20.154705,0.432969,0.0,0.383126,0.968775,0.460173,0.20074,0,1,1,0,0
0.5,25.0,0.8,0.7,0.1,0.370764,0.146912,0.330553,0.997394,3.761174,0.207195,8.309196,20.154705,0.432969,0.0,0.383126,0.968775,0.460173,0.200726,0,1,1,0,0
0.5,25.0,0.8,0.7,0.3,0.370764,0.146912,0.330553,0.997394,3.761174,0.20708,8.309196,20.154705,0.432969,0.0,0.383126,0.968775,0.460173,0.200614,0,1,1,0,0
0.5,25.0,0.9,0.8,0.0,0.370764,0.146912,0.330553,0.997394,3.761174,0.20721,8.309196,20.154705,0.532969,0.0,0.383126,0.968775,0.460173,0.20074,0,1,1,0,0
0.5,25.0,0.9,0.8,0.1,0.370764,0.146912,0.330553,0.997394,3.761174,0.207197,8.309196,20.154705,0.532969,0.0,0.383126,0.968775,0.460173,0.200727,0,1,1,0,0
0.5,25.0,0.9,0.8,0.3,0.370764,0.146912,0.330553,0.997394,3.761174,0.207096,8.309196,20.154705,0.532969,0.0,0.383126,0.968775,0.460173,0.200629,0,1,1,0,0
0.5,25.0,1.0,0.9,0.0,0.370764,0.146912,0.330553,0.997394,3.761174,0.20721,8.309196,20.154705,0.632969,0.0,0.383126,0.968775,0.460173,0.20074,0,1,1,0,0
0.5,25.0,1.0,0.9,0.1,0.370764,0.146912,0.330553,0.997394,3.761174,0.207199,8.309196,20.154705,0.632969,0.0,0.383126,0.968775,0.460173,0.200729,0,1,1,0,0
0.5,25.0,1.0,0.9,0.3,0.370764,0.146912,0.330553,0.997394,3.761174,0.207109,8.309196,20.154705,0.632969,0.0,0.383126,0.968775,0.460173,0.200642,0,1,1,0,0
0.5,27.5,0.3,0.2,0.0,0.413906,0.146912,0.330553,0.997394,3.761174,0.20721,9.20513,22.280809,-0.109739,0.171901,0.41356,0.954532,0.527618,0.163788,0,1,0,0,0
0.5,27.5,0.3,0.2,0.1,0.413906,0.146912,0.330553,0.997394,3.761174,0.207159,9.20513,22.280809,-0.109739,0.171901,0.41356,0.954532,0.527618,0.163748,0,1,0,0,0
0.5,27.5,0.3,0.2,0.3,0.413906,0.146912,0.330553,0.997394,3.761174,0.206755,9.20513,22.280809,-0.109739,0.171901,0.41356,0.954532,0.527618,0.163429,0,1,0,0,0
0.5,27.5,0.4,0.3,0.0,0.413906,0.146912,0.330553,0.997394,3.761174,0.20721,9.20513,22.280809,-0.009739,0.094355,0.41356,0.954532,0.50177,0.179126,0,1,0,0,0
0.5,27.5,0.4,0.3,0.1,0.413906,0.146912,0.330553,0.997394,3.761174,0.207176,9.20513,22.280809,-0.009739,0.094355,0.41356,0.954532,0.50177,0.179097,0,1,0,0,0
0.5,27.5,0.4,0.3,0.3,0.413906,0.146912,0.330553,0.997394,3.761174,0.206906,9.20513,22.280809,-0.009739,0.094355,0.41356,0.954532,0.50177,0.178864,0,1,0,0,0
0.5,27.5,0.5,0.4,0.0,0.413906,0.146912,0.330553,0.997394,3.761174,0.20721,9.20513,22.280809,0.090261,0.049907,0.41356,0.954532,0.486954,0.187917,0,1,1,0,0
0.5,27.5,0.5,0.4,0.1,0.413906,0.146912,0.330553,0.997394,3.761174,0.207184,9.20513,22.280809,0.090261,0.049907,0.41356,0.954532,0.486954,0.187895,0,1,1,0,0
0.5,27.5,0.5,0.4,0.3,0.413906,0.146912,0.330553,0.997394,3.761174,0.206982,9.20513,22.280809,0.090261,0.049907,0.41356,0.954532,0.486954,0.187711,0,1,1,0,0
0.5,27.5,0.6,0.5,0.0,0.413906,0.146912,0.330553,0.997394,3.761174,0.20721,9.20513,22.280809,0.190261,0.023269,0.41356,0.954532,0.478074,0.193186,0,1,1,0,0
0.5,27.5,0.6,0.5,0.1,0.413906,0.146912,0.330553,0.997394,3.761174,0.20719,9.20513,22.280809,0.190261,0.023269,0.41356,0.954532,0.478074,0.193167,0,1,1,0,0
0.5,27.5,0.6,0.5,0.3,0.413906,0.146912,0.330553,0.997394,3.761174,0.207028,9.20513,22.280809,0.190261,0.023269,0.41356,0.954532,0.478074,0.193016,0,1,1,0,0
0.5,27.5,0.7,0.6,0.0,0.413906,0.146912,0.330553,0.997394,3.761174,0.20721,9.20513,22.280809,0.290261,0.008071,0.41356,0.954532,0.473008,0.196192,0,1,1,0,0
0.5,27.5,0.7,0.6,0.1,0.413906,0.146912,0.330553,0.997394,3.761174,0.207193,9.20513,22.280809,0.290261,0.008071,0.41356,0.954532,0.473008,0.196176,0,1,1,0,0
0.5,27.5,0.7,0.6,0.3,0.413906,0.146912,0.330553,0.997394,3.761174,0.207058,9.20513,22.280809,0.290261,0.008071,0.41356,0.954532,0.473008,0.196048,0,1,1,0,0
0.5,27.5,0.8,0.7,0.0,0.413906,0.146912,0.330553,0.997394,3.761174,0.20721,9.20513,22.280809,0.390261,0.001167,0.41356,0.954532,0.470707,0.197558,0,1,1,0,0
0.5,27.5,0.8,0.7,0.1,0.413906,0.146912,0.330553,0.997394,3.761174,0.207195,9.20513,22.280809,0.390261,0.001167,0.41356,0.954532,0.470707,0.197544,0,1,1,0,0
0.5,27.5,0.8,0.7,0.3,0.413906,0.146912,0.330553,0.997394,3.761174,0.20708,9.20513,22.280809,0.390261,0.001167,0.41356,0.954532,0.470707,0.197434,0,1,1,0,0
0.5,27.5,0.9,0.8,0.0,0.413906,0.146912,0.330553,0.997394,3.761174,0.20721,9.20513,22.280809,0.490261,0.0,0.41356,0.954532,0.470318,0.197788,0,1,1,0,0
0.5,27.5,0.9,0.8,0.1,0.413906,0.146912,0.330553,0.997394,3.761174,0.207197,9.20513,22.280809,0.490261,0.0,0.41356,0.954532,0.470318,0.197776,0,1,1,0,0
0.5,27.5,0.9,0.8,0.3,0.413906,0.146912,0.330553,0.997394,3.761174,0.207096,9.20513,22.280809,0.490261,0.0,0.41356,0.954532,0.470318,0.19768,0,1,1,0,0
0.5,27.5,1.0,0.9,0.0,0.413906,0.146912,0.330553,0.997394,3.761174,0.20721,9.20513,22.280809,0.590261,0.0,0.41356,0.954532,0.470318,0.197788,0,1,1,0,0
0.5,27.5,1.0,0.9,0.1,0.413906,0.146912,0.330553,0.997394,3.761174,0.207199,9.20513,22.280809,0.590261,0.0,0.41356,0.954532,0.470318,0.197778,0,1,1,0,0
0.5,27.5,1.0,0.9,0.3,0.413906,0.146912,0.330553,0.997394,3.761174,0.207109,9.20513,22.280809,0.590261,0.0,0.41356,0.954532,0.470318,0.197692,0,1,1,0,0
0.5,30.0,0.3,0.2,0.0,0.459055,0.146912,0.330553,0.997394,3.761174,0.20721,10.122921,24.438603,-0.154433,0.201976,0.443587,0.939644,0.547652,0.155378,0,1,0,0,0
0.5,30.0,0.3,0.2,0.1,0.459055,0.146912,0.330553,0.997394,3.761174,0.207159,10.122921,24.438603,-0.154433,0.201976,0.443587,0.939644,0.547652,0.15534,0,1,0,0,0
0.5,30.0,0.3,0.2,0.3,0.459055,0.146912,0.330553,0.997394,3.761174,0.206755,10.122921,24.438603,-0.154433,0.201976,0.443587,0.939644,0.547652,0.155037,0,1,0,0,0
0.5,30.0,0.4,0.3,0.0,0.459055,0.146912,0.330553,0.997394,3.761174,0.20721,10.122921,24.438603,-0.054433,0.121855,0.443587,0.939644,0.520945,0.170978,0,1,0,0,0
0.5,30.0,0.4,0.3,0.1,0.459055,0.146912,0.330553,0.997394,3.761174,0.207176,10.122921,24.438603,-0.054433,0.121855,0.443587,0.939644,0.520945,0.17095,0,1,0,0,0
0.5,30.0,0.4,0.3,0.3,0.459055,0.146912,0.330553,0.997394,3.761174,0.206906,10.122921,24.438603,-0.054433,0.121855,0.443587,0.939644,0.520945,0.170728,0,1,0,0,0
0.5,30.0,0.5,0.4,0.0,0.459055,0.146912,0.330553,0.997394,3.761174,0.20721,10.122921,24.438603,0.045567,0.066439,0.443587,0.939644,0.502474,0.181767,0,1,1,0,0
0.5,30.0,0.5,0.4,0.1,0.459055,0.146912,0.330553,0.997394,3.761174,0.207184,10.122921,24.438603,0.045567,0.066439,0.443587,0.939644,0.502474,0.181745,0,1,1,0,0
0.5,30.0,0.5,0.4,0.3,0.459055,0.146912,0.330553,0.997394,3.761174,0.206982,10.122921,24.438603,0.045567,0.066439,0.443587,0.939644,0.502474,0.181568,0,1,1,0,0
0.5,30.0,0.6,0.5,0.0,0.459055,0.146912,0.330553,0.997394,3.761174,0.20721,10.122921,24.438603,0.145567,0.038399,0.443587,0.939644,0.493127,0.187227,0,1,1,0,0
0.5,30.0,0.6,0.5,0.1,0.459055,0.146912,0.330553,0.997394,3.761174,0.20719,10.122921,24.438603,0.145567,0.038399,0.443587,0.939644,0.493127,0.187209,0,1,1,0,0
0.5,30.0,0.6,0.5,0.3,0.459055,0.146912,0.330553,0.997394,3.761174,0.207028,10.122921,24.438603,0.145567,0.038399,0.443587,0.939644,0.493127,0.187063,0,1,1,0,0
0.5,30.0,0.7,0.6,0.0,0.459055,0.146912,0.330553,0.997394,3.761174,0.20721,10.122921,24.438603,0.245567,0.017438,0.443587,0.939644,0.48614,0.191308,0,1,1,0,0
0.5,30.0,0.7,0.6,0.1,0.459055,0.146912,0.330553,0.997394,3.761174,0.207193,10.122921,24.438603,0.245567,0.017438,0.443587,0.939644,0.48614,0.191293,0,1,1,0,0
0.5,30.0,0.7,0.6,0.3,0.459055,0.146912,0.330553,0.997394,3.761174,0.207058,10.122921,24.438603,0.245567,0.017438,0.443587,0.939644,0.48614,0.191168,0,1,1,0,0
0.5,30.0,0.8,0.7,0.0,0.459055,0.146912,0.330553,0.997394,3.761174,0.20721,10.122921,24.438603,0.345567,0.006076,0.443587,0.939644,0.482352,0.193521,0,1,1,0,0
0.5,30.0,0.8,0.7,0.1,0.459055,0.146912,0.330553,0.997394,3.761174,0.207195,10.122921,24.438603,0.345567,0.006076,0.443587,0.939644,0.482352,0.193507,0,1,1,0,0
0.5,30.0,0.8,0.7,0.3,0.459055,0.146912,0.330553,0.997394,3.761174,0.20708,10.122921,24.438603,0.345567,0.006076,0.443587,0.939644,0.482352,0.193399,0,1,1,0,0
0.5,30.0,0.9,0.8,0.0,0.459055,0.146912,0.330553,0.997394,3.761174,0.20721,10.122921,24.438603,0.445567,0.000808,0.443587,0.939644,0.480597,0.194546,0,1,1,0,0
0.5,30.0,0.9,0.8,0.1,0.459055,0.146912,0.330553,0.997394,3.761174,0.207197,10.122921,24.438603,0.445567,0.000808,0.443587,0.939644,0.480597,0.194534,0,1,1,0,0
0.5,30.0,0.9,0.8,0.3,0.459055,0.146912,0.330553,0.997394,3.761174,0.207096,10.122921,24.438603,0.445567,0.000808,0.443587,0.939644,0.480597,0.194439,0,1,1,0,0
0.5,30.0,1.0,0.9,0.0,0.459055,0.146912,0.330553,0.997394,3.761174,0.20721,10.122921,24.438603,0.545567,0.0,0.443587,0.939644,0.480327,0.194703,0,1,1,0,0
0.5,30.0,1.0,0.9,0.1,0.459055,0.146912,0.330553,0.997394,3.761174,0.207199,10.122921,24.438603,0.545567,0.0,0.443587,0.939644,0.480327,0.194693,0,1,1,0,0
0.5,30.0,1.0,0.9,0.3,0.459055,0.146912,0.330553,0.997394,3.761174,0.207109,10.122921,24.438603,0.545567,0.0,0.443587,0.939644,0.480327,0.194608,0,1,1,0,0
0.5,32.5,0.3,0.2,0.0,0.506538,0.146912,0.330553,0.997394,3.761174,0.20721,11.066099,26.630945,-0.201438,0.232064,0.473424,0.924539,0.567627,0.147116,0,1,0,0,0
0.5,32.5,0.3,0.2,0.1,0.506538,0.146912,0.330553,0.997394,3.761174,0.207159,11.066099,26.630945,-0.201438,0.232064,0.473424,0.924539,0.567627,0.14708,0,1,0,0,0
0.5,32.5,0.3,0.2,0.3,0.506538,0.146912,0.330553,0.997394,3.761174,0.206755,11.066099,26.630945,-0.201438,0.232064,0.473424,0.924539,0.567627,0.146793,0,1,0,0,0
0.5,32.5,0.4,0.3,0.0,0.506538,0.146912,0.330553,0.997394,3.761174,0.20721,11.066099,26.630945,-0.101438,0.14849,0.473424,0.924539,0.539769,0.163127,0,1,0,0,0
0.5,32.5,0.4,0.3,0.1,0.506538,0.146912,0.330553,0.997394,3.761174,0.207176,11.066099,26.630945,-0.101438,0.14849,0.473424,0.924539,0.539769,0.1631,0,1,0,0,0
0.5,32.5,0.4,0.3,0.3,0.506538,0.146912,0.330553,0.997394,3.761174,0.206906,11.066099,26.630945,-0.101438,0.14849,0.473424,0.924539,0.539769,0.162888,0,1,0,0,0
0.5,32.5,0.5,0.4,0.0,0.506538,0.146912,0.330553,0.997394,3.761174,0.20721,11.066099,26.630945,-0.001438,0.089013,0.473424,0.924539,0.519943,0.174521,0,1,0,0,0
0.5,32.5,0.5,0.4,0.1,0.506538,0.146912,0.330553,0.997394,3.761174,0.207184,11.066099,26.630945,-0.001438,0.089013,0.473424,0.924539,0.519943,0.1745,0,1,0,0,0
0.5,32.5,0.5,0.4,0.3,0.506538,0.146912,0.330553,0.997394,3.761174,0.206982,11.066099,26.630945,-0.001438,0.089013,0.473424,0.924539,0.519943,0.17433,0,1,0,0,0
0.5,32.5,0.6,0.5,0.0,0.506538,0.146912,0.330553,0.997394,3.761174,0.20721,11.066099,26.630945,0.098562,0.05287,0.473424,0.924539,0.507896,0.181445,0,1,1,0,0
0.5,32.5,0.6,0.5,0.1,0.506538,0.146912,0.330553,0.997394,3.761174,0.20719,11.066099,26.630945,0.098562,0.05287,0.473424,0.924539,0.507896,0.181427,0,1,1,0,0
0.5,32.5,0.6,0.5,0.3,0.506538,0.146912,0.330553,0.997394,3.761174,0.207028,11.066099,26.630945,0.098562,0.05287,0.473424,0.924539,0.507896,0.181286,0,1,1,0,0
0.5,32.5,0.7,0.6,0.0,0.506538,0.146912,0.330553,0.997394,3.761174,0.20721,11.066099,26.630945,0.198562,0.029818,0.473424,0.924539,0.500212,0.185861,0,1,1,0,0
0.5,32.5,0.7,0.6,0.1,0.506538,0.146912,0.330553,0.997394,3.761174,0.207193,11.066099,26.630945,0.198562,0.029818,0.473424,0.924539,0.500212,0.185846,0,1,1,0,0
0.5,32.5,0.7,0.6,0.3,0.506538,0.146912,0.330553,0.997394,3.761174,0.207058,11.066099,26.630945,0.198562,0.029818,0.473424,0.924539,0.500212,0.185725,0,1,1,0,0
0.5,32.5,0.8,0.7,0.0,0.506538,0.146912,0.330553,0.997394,3.761174,0.20721,11.066099,26.630945,0.298562,0.013218,0.473424,0.924539,0.494679,0.189041,0,1,1,0,0
0.5,32.5,0.8,0.7,0.1,0.506538,0.146912,0.330553,0.997394,3.761174,0.207195,11.066099,26.630945,0.298562,0.013218,0.473424,0.924539,0.494679,0.189028,0,1,1,0,0
0.5,32.5,0.8,0.7,0.3,0.506538,0.146912,0.330553,0.997394,3.761174,0.20708,11.066099,26.630945,0.298562,0.013218,0.473424,0.924539,0.494679,0.188923,0,1,1,0,0
0.5,32.5,0.9,0.8,0.0,0.506538,0.146912,0.330553,0.997394,3.761174,0.20721,11.066099,26.630945,0.398562,0.004757,0.473424,0.924539,0.491858,0.190662,0,1,1,0,0
0.5,32.5,0.9,0.8,0.1,0.506538,0.146912,0.330553,0.997394,3.761174,0.207197,11.066099,26.630945,0.398562,0.004757,0.473424,0.924539,0.491858,0.190651,0,1,1,0,0
0.5,32.5,0.9,0.8,0.3,0.506538,0.146912,0.330553,0.997394,3.761174,0.207096,11.066099,26.630945,0.398562,0.004757,0.473424,0.924539,0.491858,0.190558,0,1,1,0,0
0.5,32.5,1.0,0.9,0.0,0.506538,0.146912,0.330553,0.997394,3.761174,0.20721,11.066099,26.630945,0.498562,0.000632,0.473424,0.924539,0.490483,0.191452,0,1,1,0,0
0.5,32.5,1.0,0.9,0.1,0.506538,0.146912,0.330553,0.997394,3.761174,0.207199,11.066099,26.630945,0.498562,0.000632,0.473424,0.924539,0.490483,0.191442,0,1,1,0,0
0.5,32.5,1.0,0.9,0.3,0.506538,0.146912,0.330553,0.997394,3.761174,0.207109,11.066099,26.630945,0.498562,0.000632,0.473424,0.924539,0.490483,0.191359,0,1,1,0,0
0.5,35.0,0.3,0.2,0.0,0.556739,0.146912,0.330553,0.997394,3.761174,0.20721,12.038659,28.860644,-0.251134,0.262501,0.502452,0.908434,0.587449,0.138824,0,1,0,0,0
0.5,35.0,0.3,0.2,0.1,0.556739,0.146912,0.330553,0.997394,3.761174,0.207159,12.038659,28.860644,-0.251134,0.262501,0.502452,0.908434,0.587449,0.13879,0,1,0,0,0
0.5,35.0,0.3,0.2,0.3,0.556739,0.146912,0.330553,0.997394,3.761174,0.206755,12.038659,28.860644,-0.251134,0.262501,0.502452,0.908434,0.587449,0.138519,0,1,0,0,0
0.5,35.0,0.4,0.3,0.0,0.556739,0.146912,0.330553,0.997394,3.761174,0.20721,12.038659,28.860644,-0.151134,0.174398,0.502452,0.908434,0.558082,0.155408,0,1,0,0,0
0.5,35.0,0.4,0.3,0.1,0.556739,0.146912,0.330553,0.997394,3.761174,0.207176,12.038659,28.860644,-0.151134,0.174398,0.502452,0.908434,0.558082,0.155383,0,1,0,0,0
0.5,35.0,0.4,0.3,0.3,0.556739,0.146912,0.330553,0.997394,3.761174,0.206906,12.038659,28.860644,-0.151134,0.174398,0.502452,0.908434,0.558082,0.155181,0,1,0,0,0
0.5,35.0,0.5,0.4,0.0,0.556739,0.146912,0.330553,0.997394,3.761174,0.20721,12.038659,28.860644,-0.051134,0.113917,0.502452,0.908434,0.537921,0.166793,0,1,0,0,0
0.5,35.0,0.5,0.4,0.1,0.556739,0.146912,0.330553,0.997394,3.761174,0.207184,12.038659,28.860644,-0.051134,0.113917,0.502452,0.908434,0.537921,0.166773,0,1,0,0,0
0.5,35.0,0.5,0.4,0.3,0.556739,0.146912,0.330553,0.997394,3.761174,0.206982,12.038659,28.860644,-0.051134,0.113917,0.502452,0.908434,0.537921,0.16661,0,1,0,0,0
0.5,35.0,0.6,0.5,0.0,0.556739,0.146912,0.330553,0.997394,3.761174,0.20721,12.038659,28.860644,0.048866,0.068813,0.502452,0.908434,0.522887,0.175283,0,1,1,0,0
0.5,35.0,0.6,0.5,0.1,0.556739,0.146912,0.330553,0.997394,3.761174,0.20719,12.038659,28.860644,0.048866,0.068813,0.502452,0.908434,0.522887,0.175266,0,1,1,0,0
0.5,35.0,0.6,0.5,0.3,0.556739,0.146912,0.330553,0.997394,3.761174,0.207028,12.038659,28.860644,0.048866,0.068813,0.502452,0.908434,0.522887,0.175129,0,1,1,0,0
0.5,35.0,0.7,0.6,0.0,0.556739,0.146912,0.330553,0.997394,3.761174,0.20721,12.038659,28.860644,0.148866,0.044176,0.502452,0.908434,0.514674,0.179921,0,1,1,0,0
0.5,35.0,0.7,0.6,0.1,0.556739,0.146912,0.330553,0.997394,3.761174,0.207193,12.038659,28.860644,0.148866,0.044176,0.502452,0.908434,0.514674,0.179906,0,1,1,0,0
0.5,35.0,0.7,0.6,0.3,0.556739,0.146912,0.330553,0.997394,3.761174,0.207058,12.038659,28.860644,0.148866,0.044176,0.502452,0.908434,0.514674,0.179789,0,1,1,0,0
0.5,35.0,0.8,0.7,0.0,0.556739,0.146912,0.330553,0.997394,3.761174,0.20721,12.038659,28.860644,0.248866,0.024297,0.502452,0.908434,0.508048,0.183663,0,1,1,0,0
0.5,35.0,0.8,0.7,0.1,0.556739,0.146912,0.330553,0.997394,3.761174,0.207195,12.038659,28.860644,0.248866,0.024297,0.502452,0.908434,0.508048,0.18365,0,1,1,0,0
0.5,35.0,0.8,0.7,0.3,0.556739,0.146912,0.330553,0.997394,3.761174,0.20708,12.038659,28.860644,0.248866,0.024297,0.502452,0.908434,0.508048,0.183548,0,1,1,0,0
0.5,35.0,0.9,0.8,0.0,0.556739,0.146912,0.330553,0.997394,3.761174,0.20721,12.038659,28.860644,0.348866,0.011025,0.502452,0.908434,0.503624,0.186161,0,1,1,0,0
0.5,35.0,0.9,0.8,0.1,0.556739,0.146912,0.330553,0.997394,3.761174,0.207197,12.038659,28.860644,0.348866,0.011025,0.502452,0.908434,0.503624,0.18615,0,1,1,0,0
0.5,35.0,0.9,0.8,0.3,0.556739,0.146912,0.330553,0.997394,3.761174,0.207096,12.038659,28.860644,0.348866,0.011025,0.502452,0.908434,0.503624,0.186059,0,1,1,0,0
0.5,35.0,1.0,0.9,0.0,0.556739,0.146912,0.330553,0.997394,3.761174,0.20721,12.038659,28.860644,0.448866,0.004005,0.502452,0.908434,0.501284,0.187483,0,1,1,0,0
0.5,35.0,1.0,0.9,0.1,0.556739,0.146912,0.330553,0.997394,3.761174,0.207199,12.038659,28.860644,0.448866,0.004005,0.502452,0.908434,0.501284,0.187472,0,1,1,0,0
0.5,35.0,1.0,0.9,0.3,0.556739,0.146912,0.330553,0.997394,3.761174,0.207109,12.038659,28.860644,0.448866,0.004005,0.502452,0.908434,0.501284,0.187391,0,1,1,0,0
0.55,5.0,0.3,0.2,0.0,0.069563,0.161603,0.363608,0.998563,3.419249,0.188976,1.613854,3.939305,0.231138,0.0,0.080477,1.0,0.35968,0.188976,1,1,1,1,0
0.55,5.0,0.3,0.2,0.1,0.069563,0.161603,0.363608,0.998563,3.419249,0.188925,1.613854,3.939305,0.231138,0.0,0.080477,1.0,0.35968,0.188925,1,1,1,1,0
0.55,5.0,0.3,0.2,0.3,0.069563,0.161603,0.363608,0.998563,3.419249,0.188519,1.613854,3.939305,0.231138,0.0,0.080477,1.0,0.35968,0.188519,1,1,1,1,0
0.55,5.0,0.4,0.3,0.0,0.069563,0.161603,0.363608,0.998563,3.419249,0.188976,1.613854,3.939305,0.331138,0.0,0.080477,1.0,0.35968,0.188976,1,1,1,1,0
0.55,5.0,0.4,0.3,0.1,0.069563,0.161603,0.363608,0.998563,3.419249,0.188942,1.613854,3.939305,0.331138,0.0,0.080477,1.0,0.35968,0.188942,1,1,1,1,0
0.55,5.0,0.4,0.3,0.3,0.069563,0.161603,0.363608,0.998563,3.419249,0.188671,1.613854,3.939305,0.331138,0.0,0.080477,1.0,0.35968,0.188671,1,1,1,1,0
0.55,5.0,0.5,0.4,0.0,0.069563,0.161603,0.363608,0.998563,3.419249,0.188976,1.613854,3.939305,0.431138,0.0,0.080477,1.0,0.35968,0.188976,1,1,1,1,0
0.55,5.0,0.5,0.4,0.1,0.069563,0.161603,0.363608,0.998563,3.419249,0.18895,1.613854,3.939305,0.431138,0.0,0.080477,1.0,0.35968,0.18895,1,1,1,1,0
0.55,5.0,0.5,0.4,0.3,0.069563,0.161603,0.363608,0.998563,3.419249,0.188747,1.613854,3.939305,0.431138,0.0,0.080477,1.0,0.35968,0.188747,1,1,1,1,0
0.55,5.0,0.6,0.5,0.0,0.069563,0.161603,0.363608,0.998563,3.419249,0.188976,1.613854,3.939305,0.531138,0.0,0.080477,1.0,0.35968,0.188976,1,1,1,1,0
0.55,5.0,0.6,0.5,0.1,0.069563,0.161603,0.363608,0.998563,3.419249,0.188955,1.613854,3.939305,0.531138,0.0,0.080477,1.0,0.35968,0.188955,1,1,1,1,0
0.55,5.0,0.6,0.5,0.3,0.069563,0.161603,0.363608,0.998563,3.419249,0.188793,1.613854,3.939305,0.531138,0.0,0.080477,1.0,0.35968,0.188793,1,1,1,1,0
0.55,5.0,0.7,0.6,0.0,0.069563,0.161603,0.363608,0.998563,3.419249,0.188976,1.613854,3.939305,0.631138,0.0,0.080477,1.0,0.35968,0.188976,1,1,1,1,0
0.55,5.0,0.7,0.6,0.1,0.069563,0.161603,0.363608,0.998563,3.419249,0.188959,1.613854,3.939305,0.631138,0.0,0.080477,1.0,0.35968,0.188959,1,1,1,1,0
0.55,5.0,0.7,0.6,0.3,0.069563,0.161603,0.363608,0.998563,3.419249,0.188824,1.613854,3.939305,0.631138,0.0,0.080477,1.0,0.35968,0.188824,1,1,1,1,0
0.55,5.0,0.8,0.7,0.0,0.069563,0.161603,0.363608,0.998563,3.419249,0.188976,1.613854,3.939305,0.731138,0.0,0.080477,1.0,0.35968,0.188976,1,1,1,1,0
0.55,5.0,0.8,0.7,0.1,0.069563,0.161603,0.363608,0.998563,3.419249,0.188961,1.613854,3.939305,0.731138,0.0,0.080477,1.0,0.35968,0.188961,1,1,1,1,0
0.55,5.0,0.8,0.7,0.3,0.069563,0.161603,0.363608,0.998563,3.419249,0.188845,1.613854,3.939305,0.731138,0.0,0.080477,1.0,0.35968,0.188845,1,1,1,1,0
0.55,5.0,0.9,0.8,0.0,0.069563,0.161603,0.363608,0.998563,3.419249,0.188976,1.613854,3.939305,0.831138,0.0,0.080477,1.0,0.35968,0.188976,1,1,1,1,0
0.55,5.0,0.9,0.8,0.1,0.069563,0.161603,0.363608,0.998563,3.419249,0.188963,1.613854,3.939305,0.831138,0.0,0.080477,1.0,0.35968,0.188963,1,1,1,1,0
0.55,5.0,0.9,0.8,0.3,0.069563,0.161603,0.363608,0.998563,3.419249,0.188862,1.613854,3.939305,0.831138,0.0,0.080477,1.0,0.35968,0.188862,1,1,1,1,0
0.55,5.0,1.0,0.9,0.0,0.069563,0.161603,0.363608,0.998563,3.419249,0.188976,1.613854,3.939305,0.931138,0.0,0.080477,1.0,0.35968,0.188976,1,1,1,1,0
0.55,5.0,1.0,0.9,0.1,0.069563,0.161603,0.363608,0.998563,3.419249,0.188964,1.613854,3.939305,0.931138,0.0,0.080477,1.0,0.35968,0.188964,1,1,1,1,0
0.55,5.0,1.0,0.9,0.3,0.069563,0.161603,0.363608,0.998563,3.419249,0.188874,1.613854,3.939305,0.931138,0.0,0.080477,1.0,0.35968,0.188874,1,1,1,1,0
0.55,7.5,0.3,0.2,0.0,0.104678,0.161603,0.363608,0.998563,3.419249,0.188976,2.424156,5.916089,0.196376,0.0,0.120884,1.0,0.373149,0.188976,1,1,1,1,0
0.55,7.5,0.3,0.2,0.1,0.104678,0.161603,0.363608,0.998563,3.419249,0.188925,2.424156,5.916089,0.196376,0.0,0.120884,1.0,0.373149,0.188925,1,1,1,1,0
0.55,7.5,0.3,0.2,0.3,0.104678,0.161603,0.363608,0.998563,3.419249,0.188519,2.424156,5.916089,0.196376,0.0,0.120884,1.0,0.373149,0.188519,1,1,1,1,0
0.55,7.5,0.4,0.3,0.0,0.104678,0.161603,0.363608,0.998563,3.419249,0.188976,2.424156,5.916089,0.296376,0.0,0.120884,1.0,0.373149,0.188976,1,1,1,1,0
0.55,7.5,0.4,0.3,0.1,0.104678,0.161603,0.363608,0.998563,3.419249,0.188942,2.424156,5.916089,0.296376,0.0,0.120884,1.0,0.373149,0.188942,1,1,1,1,0
0.55,7.5,0.4,0.3,0.3,0.104678,0.161603,0.363608,0.998563,3.419249,0.188671,2.424156,5.916089,0.296376,0.0,0.120884,1.0,0.373149,0.188671,1,1,1,1,0
0.55,7.5,0.5,0.4,0.0,0.104678,0.161603,0.363608,0.998563,3.419249,0.188976,2.424156,5.916089,0.396376,0.0,0.120884,1.0,0.373149,0.188976,1,1,1,1,0
0.55,7.5,0.5,0.4,0.1,0.104678,0.161603,0.363608,0.998563,3.419249,0.18895,2.424156,5.916089,0.396376,0.0,0.120884,1.0,0.373149,0.18895,1,1,1,1,0
0.55,7.5,0.5,0.4,0.3,0.104678,0.161603,0.363608,0.998563,3.419249,0.188747,2.424156,5.916089,0.396376,0.0,0.120884,1.0,0.373149,0.188747,1,1,1,1,0
0.55,7.5,0.6,0.5,0.0,0.104678,0.161603,0.363608,0.998563,3.419249,0.188976,2.424156,5.916089,0.496376,0.0,0.120884,1.0,0.373149,0.188976,1,1,1,1,0
0.55,7.5,0.6,0.5,0.1,0.104678,0.161603,0.363608,0.998563,3.419249,0.188955,2.424156,5.916089,0.496376,0.0,0.120884,1.0,0.373149,0.188955,1,1,1,1,0
0.55,7.5,0.6,0.5,0.3,0.104678,0.161603,0.363608,0.998563,3.419249,0.188793,2.424156,5.916089,0.496376,0.0,0.120884,1.0,0.373149,0.188793,1,1,1,1,0
0.55,7.5,0.7,0.6,0.0,0.104678,0.161603,0.363608,0.998563,3.419249,0.188976,2.424156,5.916089,0.596376,0.0,0.120884,1.0,0.373149,0.188976,1,1,1,1,0
0.55,7.5,0.7,0.6,0.1,0.104678,0.161603,0.363608,0.998563,3.419249,0.188959,2.424156,5.916089,0.596376,0.0,0.120884,1.0,0.373149,0.188959,1,1,1,1,0
0.55,7.5,0.7,0.6,0.3,0.104678,0.161603,0.363608,0.998563,3.419249,0.188824,2.424156,5.916089,0.596376,0.0,0.120884,1.0,0.373149,0.188824,1,1,1,1,0
0.55,7.5,0.8,0.7,0.0,0.104678,0.161603,0.363608,0.998563,3.419249,0.188976,2.424156,5.916089,0.696376,0.0,0.120884,1.0,0.373149,0.188976,1,1,1,1,0
0.55,7.5,0.8,0.7,0.1,0.104678,0.161603,0.363608,0.998563,3.419249,0.188961,2.424156,5.916089,0.696376,0.0,0.120884,1.0,0.373149,0.188961,1,1,1,1,0
0.55,7.5,0.8,0.7,0.3,0.104678,0.161603,0.363608,0.998563,3.419249,0.188845,2.424156,5.916089,0.696376,0.0,0.120884,1.0,0.373149,0.188845,1,1,1,1,0
0.55,7.5,0.9,0.8,0.0,0.104678,0.161603,0.363608,0.998563,3.419249,0.188976,2.424156,5.916089,0.796376,0.0,0.120884,1.0,0.373149,0.188976,1,1,1,1,0
0.55,7.5,0.9,0.8,0.1,0.104678,0.161603,0.363608,0.998563,3.419249,0.188963,2.424156,5.916089,0.796376,0.0,0.120884,1.0,0.373149,0.188963,1,1,1,1,0
0.55,7.5,0.9,0.8,0.3,0.104678,0.161603,0.363608,0.998563,3.419249,0.188862,2.424156,5.916089,0.796376,0.0,0.120884,1.0,0.373149,0.188862,1,1,1,1,0
0.55,7.5,1.0,0.9,0.0,0.104678,0.161603,0.363608,0.998563,3.419249,0.188976,2.424156,5.916089,0.896376,0.0,0.120884,1.0,0.373149,0.188976,1,1,1,1,0
0.55,7.5,1.0,0.9,0.1,0.104678,0.161603,0.363608,0.998563,3.419249,0.188964,2.424156,5.916089,0.896376,0.0,0.120884,1.0,0.373149,0.188964,1,1,1,1,0
0.55,7.5,1.0,0.9,0.3,0.104678,0.161603,0.363608,0.998563,3.419249,0.188874,2.424156,5.916089,0.896376,0.0,0.120884,1.0,0.373149,0.188874,1,1,1,1,0
0.55,10.0,0.3,0.2,0.0,0.140199,0.161603,0.363608,0.998563,3.419249,0.188976,3.238603,7.90144,0.161213,0.0,0.161498,1.0,0.386687,0.188976,1,1,1,1,0
0.55,10.0,0.3,0.2,0.1,0.140199,0.161603,0.363608,0.998563,3.419249,0.188925,3.238603,7.90144,0.161213,0.0,0.161498,1.0,0.386687,0.188925,1,1,1,1,0
0.55,10.0,0.3,0.2,0.3,0.140199,0.161603,0.363608,0.998563,3.419249,0.188519,3.238603,7.90144,0.161213,0.0,0.161498,1.0,0.386687,0.188519,1,1,1,1,0
0.55,10.0,0.4,0.3,0.0,0.140199,0.161603,0.363608,0.998563,3.419249,0.188976,3.238603,7.90144,0.261213,0.0,0.161498,1.0,0.386687,0.188976,1,1,1,1,0
0.55,10.0,0.4,0.3,0.1,0.140199,0.161603,0.363608,0.998563,3.419249,0.188942,3.238603,7.90144,0.261213,0.0,0.161498,1.0,0.386687,0.188942,1,1,1,1,0
0.55,10.0,0.4,0.3,0.3,0.140199,0.161603,0.363608,0.998563,3.419249,0.188671,3.238603,7.90144,0.261213,0.0,0.161498,1.0,0.386687,0.188671,1,1,1,1,0
0.55,10.0,0.5,0.4,0.0,0.140199,0.161603,0.363608,0.998563,3.419249,0.188976,3.238603,7.90144,0.361213,0.0,0.161498,1.0,0.386687,0.188976,1,1,1,1,0
0.55,10.0,0.5,0.4,0.1,0.140199,0.161603,0.363608,0.998563,3.419249,0.18895,3.238603,7.90144,0.361213,0.0,0.161498,1.0,0.386687,0.18895,1,1,1,1,0
0.55,10.0,0.5,0.4,0.3,0.140199,0.161603,0.363608,0.998563,3.419249,0.188747,3.238603,7.90144,0.361213,0.0,0.161498,1.0,0.386687,0.188747,1,1,1,1,0
0.55,10.0,0.6,0.5,0.0,0.140199,0.161603,0.363608,0.998563,3.419249,0.188976,3.238603,7.90144,0.461213,0.0,0.161498,1.0,0.386687,0.188976,1,1,1,1,0
0.55,10.0,0.6,0.5,0.1,0.140199,0.161603,0.363608,0.998563,3.419249,0.188955,3.238603,7.90144,0.461213,0.0,0.161498,1.0,0.386687,0.188955,1,1,1,1,0
0.55,10.0,0.6,0.5,0.3,0.140199,0.161603,0.363608,0.998563,3.419249,0.188793,3.238603,7.90144,0.461213,0.0,0.161498,1.0,0.386687,0.188793,1,1,1,1,0
0.55,10.0,0.7,0.6,0.0,0.140199,0.161603,0.363608,0.998563,3.419249,0.188976,3.238603,7.90144,0.561213,0.0,0.161498,1.0,0.386687,0.188976,1,1,1,1,0
0.55,10.0,0.7,0.6,0.1,0.140199,0.161603,0.363608,0.998563,3.419249,0.188959,3.238603,7.90144,0.561213,0.0,0.161498,1.0,0.386687,0.188959,1,1,1,1,0
0.55,10.0,0.7,0.6,0.3,0.140199,0.161603,0.363608,0.998563,3.419249,0.188824,3.238603,7.90144,0.561213,0.0,0.161498,1.0,0.386687,0.188824,1,1,1,1,0
0.55,10.0,0.8,0.7,0.0,0.140199,0.161603,0.363608,0.998563,3.419249,0.188976,3.238603,7.90144,0.661213,0.0,0.161498,1.0,0.386687,0.188976,1,1,1,1,0
0.55,10.0,0.8,0.7,0.1,0.140199,0.161603,0.363608,0.998563,3.419249,0.188961,3.238603,7.90144,0.661213,0.0,0.161498,1.0,0.386687,0.188961,1,1,1,1,0
0.55,10.0,0.8,0.7,0.3,0.140199,0.161603,0.363608,0.998563,3.419249,0.188845,3.238603,7.90144,0.661213,0.0,0.161498,1.0,0.386687,0.188845,1,1,1,1,0
0.55,10.0,0.9,0.8,0.0,0.140199,0.161603,0.363608,0.998563,3.419249,0.188976,3.238603,7.90144,0.761213,0.0,0.161498,1.0,0.386687,0.188976,1,1,1,1,0
0.55,10.0,0.9,0.8,0.1,0.140199,0.161603,0.363608,0.998563,3.419249,0.188963,3.238603,7.90144,0.761213,0.0,0.161498,1.0,0.386687,0.188963,1,1,1,1,0
0.55,10.0,0.9,0.8,0.3,0.140199,0.161603,0.363608,0.998563,3.419249,0.188862,3.238603,7.90144,0.761213,0.0,0.161498,1.0,0.386687,0.188862,1,1,1,1,0
0.55,10.0,1.0,0.9,0.0,0.140199,0.161603,0.363608,0.998563,3.419249,0.188976,3.238603,7.90144,0.861213,0.0,0.161498,1.0,0.386687,0.188976,1,1,1,1,0
0.55,10.0,1.0,0.9,0.1,0.140199,0.161603,0.363608,0.998563,3.419249,0.188964,3.238603,7.90144,0.861213,0.0,0.161498,1.0,0.386687,0.188964,1,1,1,1,0
0.55,10.0,1.0,0.9,0.3,0.140199,0.161603,0.363608,0.998563,3.419249,0.188874,3.238603,7.90144,0.861213,0.0,0.161498,1.0,0.386687,0.188874,1,1,1,1,0
0.55,12.5,0.3,0.2,0.0,0.176271,0.161603,0.363608,0.998563,3.419249,0.188976,4.058731,9.898225,0.125504,0.007655,0.202395,1.0,0.402871,0.187529,1,1,1,1,0
0.55,12.5,0.3,0.2,0.1,0.176271,0.161603,0.363608,0.998563,3.419249,0.188925,4.058731,9.898225,0.125504,0.007655,0.202395,1.0,0.402871,0.187479,1,1,1,1,0
0.55,12.5,0.3,0.2,0.3,0.176271,0.161603,0.363608,0.998563,3.419249,0.188519,4.058731,9.898225,0.125504,0.007655,0.202395,1.0,0.402871,0.187076,1,1,1,1,0
0.55,12.5,0.4,0.3,0.0,0.176271,0.161603,0.363608,0.998563,3.419249,0.188976,4.058731,9.898225,0.225504,0.0,0.202395,1.0,0.400319,0.188976,1,1,1,1,0
0.55,12.5,0.4,0.3,0.1,0.176271,0.161603,0.363608,0.998563,3.419249,0.188942,4.058731,9.898225,0.225504,0.0,0.202395,1.0,0.400319,0.188942,1,1,1,1,0
0.55,12.5,0.4,0.3,0.3,0.176271,0.161603,0.363608,0.998563,3.419249,0.188671,4.058731,9.898225,0.225504,0.0,0.202395,1.0,0.400319,0.188671,1,1,1,1,0
0.55,12.5,0.5,0.4,0.0,0.176271,0.161603,0.363608,0.998563,3.419249,0.188976,4.058731,9.898225,0.325504,0.0,0.202395,1.0,0.400319,0.188976,1,1,1,1,0
0.55,12.5,0.5,0.4,0.1,0.176271,0.161603,0.363608,0.998563,3.419249,0.18895,4.058731,9.898225,0.325504,0.0,0.202395,1.0,0.400319,0.18895,1,1,1,1,0
0.55,12.5,0.5,0.4,0.3,0.176271,0.161603,0.363608,0.998563,3.419249,0.188747,4.058731,9.898225,0.325504,0.0,0.202395,1.0,0.400319,0.188747,1,1,1,1,0
0.55,12.5,0.6,0.5,0.0,0.176271,0.161603,0.363608,0.998563,3.419249,0.188976,4.058731,9.898225,0.425504,0.0,0.202395,1.0,0.400319,0.188976,1,1,1,1,0
0.55,12.5,0.6,0.5,0.1,0.176271,0.161603,0.363608,0.998563,3.419249,0.188955,4.058731,9.898225,0.425504,0.0,0.202395,1.0,0.400319,0.188955,1,1,1,1,0
0.55,12.5,0.6,0.5,0.3,0.176271,0.161603,0.363608,0.998563,3.419249,0.188793,4.058731,9.898225,0.425504,0.0,0.202395,1.0,0.400319,0.188793,1,1,1,1,0
0.55,12.5,0.7,0.6,0.0,0.176271,0.161603,0.363608,0.998563,3.419249,0.188976,4.058731,9.898225,0.525504,0.0,0.202395,1.0,0.400319,0.188976,1,1,1,1,0
0.55,12.5,0.7,0.6,0.1,0.176271,0.161603,0.363608,0.998563,3.419249,0.188959,4.058731,9.898225,0.525504,0.0,0.202395,1.0,0.400319,0.188959,1,1,1,1,0
0.55,12.5,0.7,0.6,0.3,0.176271,0.161603,0.363608,0.998563,3.419249,0.188824,4.058731,9.898225,0.525504,0.0,0.202395,1.0,0.400319,0.188824,1,1,1,1,0
0.55,12.5,0.8,0.7,0.0,0.176271,0.161603,0.363608,0.998563,3.419249,0.188976,4.058731,9.898225,0.625504,0.0,0.202395,1.0,0.400319,0.188976,1,1,1,1,0
0.55,12.5,0.8,0.7,0.1,0.176271,0.161603,0.363608,0.998563,3.419249,0.188961,4.058731,9.898225,0.625504,0.0,0.202395,1.0,0.400319,0.188961,1,1,1,1,0
0.55,12.5,0.8,0.7,0.3,0.176271,0.161603,0.363608,0.998563,3.419249,0.188845,4.058731,9.898225,0.625504,0.0,0.202395,1.0,0.400319,0.188845,1,1,1,1,0
0.55,12.5,0.9,0.8,0.0,0.176271,0.161603,0.363608,0.998563,3.419249,0.188976,4.058731,9.898225,0.725504,0.0,0.202395,1.0,0.400319,0.188976,1,1,1,1,0
0.55,12.5,0.9,0.8,0.1,0.176271,0.161603,0.363608,0.998563,3.419249,0.188963,4.058731,9.898225,0.725504,0.0,0.202395,1.0,0.400319,0.188963,1,1,1,1,0
0.55,12.5,0.9,0.8,0.3,0.176271,0.161603,0.363608,0.998563,3.419249,0.188862,4.058731,9.898225,0.725504,0.0,0.202395,1.0,0.400319,0.188862,1,1,1,1,0
0.55,12.5,1.0,0.9,0.0,0.176271,0.161603,0.363608,0.998563,3.419249,0.188976,4.058731,9.898225,0.825504,0.0,0.202395,1.0,0.400319,0.188976,1,1,1,1,0
0.55,12.5,1.0,0.9,0.1,0.176271,0.161603,0.363608,0.998563,3.419249,0.188964,4.058731,9.898225,0.825504,0.0,0.202395,1.0,0.400319,0.188964,1,1,1,1,0
0.55,12.5,1.0,0.9,0.3,0.176271,0.161603,0.363608,0.998563,3.419249,0.188874,4.058731,9.898225,0.825504,0.0,0.202395,1.0,0.400319,0.188874,1,1,1,1,0
0.55,15.0,0.3,0.2,0.0,0.213048,0.161603,0.363608,0.998563,3.419249,0.188976,4.886207,11.909322,0.089097,0.027111,0.242113,0.998454,0.422596,0.183568,1,1,1,1,0
0.55,15.0,0.3,0.2,0.1,0.213048,0.161603,0.363608,0.998563,3.419249,0.188925,4.886207,11.909322,0.089097,0.027111,0.242113,0.998454,0.422596,0.183519,1,1,1,1,0
0.55,15.0,0.3,0.2,0.3,0.213048,0.161603,0.363608,0.998563,3.419249,0.188519,4.886207,11.909322,0.089097,0.027111,0.242113,0.998454,0.422596,0.183125,1,1,1,1,0
0.55,15.0,0.4,0.3,0.0,0.213048,0.161603,0.363608,0.998563,3.419249,0.188976,4.886207,11.909322,0.189097,0.001881,0.242113,0.998454,0.414185,0.188329,1,1,1,1,0
0.55,15.0,0.4,0.3,0.1,0.213048,0.161603,0.363608,0.998563,3.419249,0.188942,4.886207,11.909322,0.189097,0.001881,0.242113,0.998454,0.414185,0.188295,1,1,1,1,0
0.55,15.0,0.4,0.3,0.3,0.213048,0.161603,0.363608,0.998563,3.419249,0.188671,4.886207,11.909322,0.189097,0.001881,0.242113,0.998454,0.414185,0.188026,1,1,1,1,0
0.55,15.0,0.5,0.4,0.0,0.213048,0.161603,0.363608,0.998563,3.419249,0.188976,4.886207,11.909322,0.289097,0.0,0.242113,0.998454,0.413558,0.188684,1,1,1,1,0
0.55,15.0,0.5,0.4,0.1,0.213048,0.161603,0.363608,0.998563,3.419249,0.18895,4.886207,11.909322,0.289097,0.0,0.242113,0.998454,0.413558,0.188658,1,1,1,1,0
0.55,15.0,0.5,0.4,0.3,0.213048,0.161603,0.363608,0.998563,3.419249,0.188747,4.886207,11.909322,0.289097,0.0,0.242113,0.998454,0.413558,0.188456,1,1,1,1,0
0.55,15.0,0.6,0.5,0.0,0.213048,0.161603,0.363608,0.998563,3.419249,0.188976,4.886207,11.909322,0.389097,0.0,0.242113,0.998454,0.413558,0.188684,1,1,1,1,0
0.55,15.0,0.6,0.5,0.1,0.213048,0.161603,0.363608,0.998563,3.419249,0.188955,4.886207,11.909322,0.389097,0.0,0.242113,0.998454,0.413558,0.188663,1,1,1,1,0
0.55,15.0,0.6,0.5,0.3,0.213048,0.161603,0.363608,0.998563,3.419249,0.188793,4.886207,11.909322,0.389097,0.0,0.242113,0.998454,0.413558,0.188501,1,1,1,1,0
0.55,15.0,0.7,0.6,0.0,0.213048,0.161603,0.363608,0.998563,3.419249,0.188976,4.886207,11.909322,0.489097,0.0,0.242113,0.998454,0.413558,0.188684,1,1,1,1,0
0.55,15.0,0.7,0.6,0.1,0.213048,0.161603,0.363608,0.998563,3.419249,0.188959,4.886207,11.909322,0.489097,0.0,0.242113,0.998454,0.413558,0.188667,1,1,1,1,0
0.55,15.0,0.7,0.6,0.3,0.213048,0.161603,0.363608,0.998563,3.419249,0.188824,4.886207,11.909322,0.489097,0.0,0.242113,0.998454,0.413558,0.188532,1,1,1,1,0
0.55,15.0,0.8,0.7,0.0,0.213048,0.161603,0.363608,0.998563,3.419249,0.188976,4.886207,11.909322,0.589097,0.0,0.242113,0.998454,0.413558,0.188684,1,1,1,1,0
0.55,15.0,0.8,0.7,0.1,0.213048,0.161603,0.363608,0.998563,3.419249,0.188961,4.886207,11.909322,0.589097,0.0,0.242113,0.998454,0.413558,0.188669,1,1,1,1,0
0.55,15.0,0.8,0.7,0.3,0.213048,0.161603,0.363608,0.998563,3.419249,0.188845,4.886207,11.909322,0.589097,0.0,0.242113,0.998454,0.413558,0.188553,1,1,1,1,0
0.55,15.0,0.9,0.8,0.0,0.213048,0.161603,0.363608,0.998563,3.419249,0.188976,4.886207,11.909322,0.689097,0.0,0.242113,0.998454,0.413558,0.188684,1,1,1,1,0
0.55,15.0,0.9,0.8,0.1,0.213048,0.161603,0.363608,0.998563,3.419249,0.188963,4.886207,11.909322,0.689097,0.0,0.242113,0.998454,0.413558,0.188671,1,1,1,1,0
0.55,15.0,0.9,0.8,0.3,0.213048,0.161603,0.363608,0.998563,3.419249,0.188862,4.886207,11.909322,0.689097,0.0,0.242113,0.998454,0.413558,0.18857,1,1,1,1,0
0.55,15.0,1.0,0.9,0.0,0.213048,0.161603,0.363608,0.998563,3.419249,0.188976,4.886207,11.909322,0.789097,0.0,0.242113,0.998454,0.413558,0.188684,1,1,1,1,0
0.55,15.0,1.0,0.9,0.1,0.213048,0.161603,0.363608,0.998563,3.419249,0.188964,4.886207,11.909322,0.789097,0.0,0.242113,0.998454,0.413558,0.188672,1,1,1,1,0
0.55,15.0,1.0,0.9,0.3,0.213048,0.161603,0.363608,0.998563,3.419249,0.188874,4.886207,11.909322,0.789097,0.0,0.242113,0.998454,0.413558,0.188582,1,1,1,1,0
0.55,17.5,0.3,0.2,0.0,0.250696,0.161603,0.363608,0.998563,3.419249,0.188976,5.722859,13.937619,0.051828,0.0513,0.279733,0.994354,0.443199,0.178269,1,1,1,1,0
0.55,17.5,0.3,0.2,0.1,0.250696,0.161603,0.363608,0.998563,3.419249,0.188925,5.722859,13.937619,0.051828,0.0513,0.279733,0.994354,0.443199,0.178221,1,1,1,1,0
0.55,17.5,0.3,0.2,0.3,0.250696,0.161603,0.363608,0.998563,3.419249,0.188519,5.722859,13.937619,0.051828,0.0513,0.279733,0.994354,0.443199,0.177838,1,1,1,1,0
0.55,17.5,0.4,0.3,0.0,0.250696,0.161603,0.363608,0.998563,3.419249,0.188976,5.722859,13.937619,0.151828,0.01211,0.279733,0.994354,0.430135,0.185633,1,1,1,1,0
0.55,17.5,0.4,0.3,0.1,0.250696,0.161603,0.363608,0.998563,3.419249,0.188942,5.722859,13.937619,0.151828,0.01211,0.279733,0.994354,0.430135,0.1856,1,1,1,1,0
0.55,17.5,0.4,0.3,0.3,0.250696,0.161603,0.363608,0.998563,3.419249,0.188671,5.722859,13.937619,0.151828,0.01211,0.279733,0.994354,0.430135,0.185334,1,1,1,1,0
0.55,17.5,0.5,0.4,0.0,0.250696,0.161603,0.363608,0.998563,3.419249,0.188976,5.722859,13.937619,0.251828,0.000371,0.279733,0.994354,0.426222,0.187839,1,1,1,1,0
0.55,17.5,0.5,0.4,0.1,0.250696,0.161603,0.363608,0.998563,3.419249,0.18895,5.722859,13.937619,0.251828,0.000371,0.279733,0.994354,0.426222,0.187814,1,1,1,1,0
0.55,17.5,0.5,0.4,0.3,0.250696,0.161603,0.363608,0.998563,3.419249,0.188747,5.722859,13.937619,0.251828,0.000371,0.279733,0.994354,0.426222,0.187612,1,1,1,1,0
0.55,17.5,0.6,0.5,0.0,0.250696,0.161603,0.363608,0.998563,3.419249,0.188976,5.722859,13.937619,0.351828,0.0,0.279733,0.994354,0.426099,0.187909,1,1,1,1,0
0.55,17.5,0.6,0.5,0.1,0.250696,0.161603,0.363608,0.998563,3.419249,0.188955,5.722859,13.937619,0.351828,0.0,0.279733,0.994354,0.426099,0.187888,1,1,1,1,0
0.55,17.5,0.6,0.5,0.3,0.250696,0.161603,0.363608,0.998563,3.419249,0.188793,5.722859,13.937619,0.351828,0.0,0.279733,0.994354,0.426099,0.187727,1,1,1,1,0
0.55,17.5,0.7,0.6,0.0,0.250696,0.161603,0.363608,0.998563,3.419249,0.188976,5.722859,13.937619,0.451828,0.0,0.279733,0.994354,0.426099,0.187909,1,1,1,1,0
0.55,17.5,0.7,0.6,0.1,0.250696,0.161603,0.363608,0.998563,3.419249,0.188959,5.722859,13.937619,0.451828,0.0,0.279733,0.994354,0.426099,0.187892,1,1,1,1,0
0.55,17.5,0.7,0.6,0.3,0.250696,0.161603,0.363608,0.998563,3.419249,0.188824,5.722859,13.937619,0.451828,0.0,0.279733,0.994354,0.426099,0.187757,1,1,1,1,0
0.55,17.5,0.8,0.7,0.0,0.250696,0.161603,0.363608,0.998563,3.419249,0.188976,5.722859,13.937619,0.551828,0.0,0.279733,0.994354,0.426099,0.187909,1,1,1,1,0
0.55,17.5,0.8,0.7,0.1,0.250696,0.161603,0.363608,0.998563,3.419249,0.188961,5.722859,13.937619,0.551828,0.0,0.279733,0.994354,0.426099,0.187894,1,1,1,1,0
0.55,17.5,0.8,0.7,0.3,0.250696,0.161603,0.363608,0.998563,3.419249,0.188845,5.722859,13.937619,0.551828,0.0,0.279733,0.994354,0.426099,0.187779,1,1,1,1,0
0.55,17.5,0.9,0.8,0.0,0.250696,0.161603,0.363608,0.998563,3.419249,0.188976,5.722859,13.937619,0.651828,0.0,0.279733,0.994354,0.426099,0.187909,1,1,1,1,0
0.55,17.5,0.9,0.8,0.1,0.250696,0.161603,0.363608,0.998563,3.419249,0.188963,5.722859,13.937619,0.651828,0.0,0.279733,0.994354,0.426099,0.187896,1,1,1,1,0
0.55,17.5,0.9,0.8,0.3,0.250696,0.161603,0.363608,0.998563,3.419249,0.188862,5.722859,13.937619,0.651828,0.0,0.279733,0.994354,0.426099,0.187795,1,1,1,1,0
0.55,17.5,1.0,0.9,0.0,0.250696,0.161603,0.363608,0.998563,3.419249,0.188976,5.722859,13.937619,0.751828,0.0,0.279733,0.994354,0.426099,0.187909,1,1,1,1,0
0.55,17.5,1.0,0.9,0.1,0.250696,0.161603,0.363608,0.998563,3.419249,0.188964,5.722859,13.937619,0.751828,0.0,0.279733,0.994354,0.426099,0.187897,1,1,1,1,0
0.55,17.5,1.0,0.9,0.3,0.250696,0.161603,0.363608,0.998563,3.419249,0.188874,5.722859,13.937619,0.751828,0.0,0.279733,0.994354,0.426099,0.187808,1,1,1,1,0
0.55,20.0,0.3,0.2,0.0,0.289395,0.161603,0.363608,0.998563,3.419249,0.188976,6.570705,15.986012,0.013519,0.077579,0.315355,0.987697,0.463832,0.172171,1,1,1,1,0
0.55,20.0,0.3,0.2,0.1,0.289395,0.161603,0.363608,0.998563,3.419249,0.188925,6.570705,15.986012,0.013519,0.077579,0.315355,0.987697,0.463832,0.172124,1,1,1,1,0
0.55,20.0,0.3,0.2,0.3,0.289395,0.161603,0.363608,0.998563,3.419249,0.188519,6.570705,15.986012,0.013519,0.077579,0.315355,0.987697,0.463832,0.171755,1,1,1,1,0
0.55,20.0,0.4,0.3,0.0,0.289395,0.161603,0.363608,0.998563,3.419249,0.188976,6.570705,15.986012,0.113519,0.029791,0.315355,0.987697,0.447903,0.18109,1,1,1,1,0
0.55,20.0,0.4,0.3,0.1,0.289395,0.161603,0.363608,0.998563,3.419249,0.188942,6.570705,15.986012,0.113519,0.029791,0.315355,0.987697,0.447903,0.181058,1,1,1,1,0
0.55,20.0,0.4,0.3,0.3,0.289395,0.161603,0.363608,0.998563,3.419249,0.188671,6.570705,15.986012,0.113519,0.029791,0.315355,0.987697,0.447903,0.180799,1,1,1,1,0
0.55,20.0,0.5,0.4,0.0,0.289395,0.161603,0.363608,0.998563,3.419249,0.188976,6.570705,15.986012,0.213519,0.006655,0.315355,0.987697,0.440191,0.185408,1,1,1,1,0
0.55,20.0,0.5,0.4,0.1,0.289395,0.161603,0.363608,0.998563,3.419249,0.18895,6.570705,15.986012,0.213519,0.006655,0.315355,0.987697,0.440191,0.185384,1,1,1,1,0
0.55,20.0,0.5,0.4,0.3,0.289395,0.161603,0.363608,0.998563,3.419249,0.188747,6.570705,15.986012,0.213519,0.006655,0.315355,0.987697,0.440191,0.185185,1,1,1,1,0
0.55,20.0,0.6,0.5,0.0,0.289395,0.161603,0.363608,0.998563,3.419249,0.188976,6.570705,15.986012,0.313519,0.0,0.315355,0.987697,0.437973,0.186651,1,1,1,1,0
0.55,20.0,0.6,0.5,0.1,0.289395,0.161603,0.363608,0.998563,3.419249,0.188955,6.570705,15.986012,0.313519,0.0,0.315355,0.987697,0.437973,0.186631,1,1,1,1,0
0.55,20.0,0.6,0.5,0.3,0.289395,0.161603,0.363608,0.998563,3.419249,0.188793,6.570705,15.986012,0.313519,0.0,0.315355,0.987697,0.437973,0.18647,1,1,1,1,0
0.55,20.0,0.7,0.6,0.0,0.289395,0.161603,0.363608,0.998563,3.419249,0.188976,6.570705,15.986012,0.413519,0.0,0.315355,0.987697,0.437973,0.186651,1,1,1,1,0
0.55,20.0,0.7,0.6,0.1,0.289395,0.161603,0.363608,0.998563,3.419249,0.188959,6.570705,15.986012,0.413519,0.0,0.315355,0.987697,0.437973,0.186634,1,1,1,1,0
0.55,20.0,0.7,0.6,0.3,0.289395,0.161603,0.363608,0.998563,3.419249,0.188824,6.570705,15.986012,0.413519,0.0,0.315355,0.987697,0.437973,0.1865,1,1,1,1,0
0.55,20.0,0.8,0.7,0.0,0.289395,0.161603,0.363608,0.998563,3.419249,0.188976,6.570705,15.986012,0.513519,0.0,0.315355,0.987697,0.437973,0.186651,1,1,1,1,0
0.55,20.0,0.8,0.7,0.1,0.289395,0.161603,0.363608,0.998563,3.419249,0.188961,6.570705,15.986012,0.513519,0.0,0.315355,0.987697,0.437973,0.186636,1,1,1,1,0
0.55,20.0,0.8,0.7,0.3,0.289395,0.161603,0.363608,0.998563,3.419249,0.188845,6.570705,15.986012,0.513519,0.0,0.315355,0.987697,0.437973,0.186522,1,1,1,1,0
0.55,20.0,0.9,0.8,0.0,0.289395,0.161603,0.363608,0.998563,3.419249,0.188976,6.570705,15.986012,0.613519,0.0,0.315355,0.987697,0.437973,0.186651,1,1,1,1,0
0.55,20.0,0.9,0.8,0.1,0.289395,0.161603,0.363608,0.998563,3.419249,0.188963,6.570705,15.986012,0.613519,0.0,0.315355,0.987697,0.437973,0.186638,1,1,1,1,0
0.55,20.0,0.9,0.8,0.3,0.289395,0.161603,0.363608,0.998563,3.419249,0.188862,6.570705,15.986012,0.613519,0.0,0.315355,0.987697,0.437973,0.186538,1,1,1,1,0
0.55,20.0,1.0,0.9,0.0,0.289395,0.161603,0.363608,0.998563,3.419249,0.188976,6.570705,15.986012,0.713519,0.0,0.315355,0.987697,0.437973,0.186651,1,1,1,1,0
0.55,20.0,1.0,0.9,0.1,0.289395,0.161603,0.363608,0.998563,3.419249,0.188964,6.570705,15.986012,0.713519,0.0,0.315355,0.987697,0.437973,0.18664,1,1,1,1,0
0.55,20.0,1.0,0.9,0.3,0.289395,0.161603,0.363608,0.998563,3.419249,0.188874,6.570705,15.986012,0.713519,0.0,0.315355,0.987697,0.437973,0.18655,1,1,1,1,0
0.55,22.5,0.3,0.2,0.0,0.329344,0.161603,0.363608,0.998563,3.419249,0.188976,7.431985,18.057406,-0.026028,0.110111,0.350799,0.980191,0.486491,0.164836,1,1,0,0,0
0.55,22.5,0.3,0.2,0.1,0.329344,0.161603,0.363608,0.998563,3.419249,0.188925,7.431985,18.057406,-0.026028,0.110111,0.350799,0.980191,0.486491,0.164792,1,1,0,0,0
0.55,22.5,0.3,0.2,0.3,0.329344,0.161603,0.363608,0.998563,3.419249,0.188519,7.431985,18.057406,-0.026028,0.110111,0.350799,0.980191,0.486491,0.164438,1,1,0,0,0
0.55,22.5,0.4,0.3,0.0,0.329344,0.161603,0.363608,0.998563,3.419249,0.188976,7.431985,18.057406,0.073972,0.049147,0.350799,0.980191,0.46617,0.176129,1,1,1,1,1
0.55,22.5,0.4,0.3,0.1,0.329344,0.161603,0.363608,0.998563,3.419249,0.188942,7.431985,18.057406,0.073972,0.049147,0.350799,0.980191,0.46617,0.176097,1,1,1,1,0
0.55,22.5,0.4,0.3,0.3,0.329344,0.161603,0.363608,0.998563,3.419249,0.188671,7.431985,18.057406,0.073972,0.049147,0.350799,0.980191,0.46617,0.175845,1,1,1,1,0
0.55,22.5,0.5,0.4,0.0,0.329344,0.161603,0.363608,0.998563,3.419249,0.188976,7.431985,18.057406,0.173972,0.017957,0.350799,0.980191,0.455773,0.181906,1,1,1,1,0
0.55,22.5,0.5,0.4,0.1,0.329344,0.161603,0.363608,0.998563,3.419249,0.18895,7.431985,18.057406,0.173972,0.017957,0.350799,0.980191,0.455773,0.181882,1,1,1,1,0
0.55,22.5,0.5,0.4,0.3,0.329344,0.161603,0.363608,0.998563,3.419249,0.188747,7.431985,18.057406,0.173972,0.017957,0.350799,0.980191,0.455773,0.181686,1,1,1,1,0
0.55,22.5,0.6,0.5,0.0,0.329344,0.161603,0.363608,0.998563,3.419249,0.188976,7.431985,18.057406,0.273972,0.00318,0.350799,0.980191,0.450847,0.184643,1,1,1,1,0
0.55,22.5,0.6,0.5,0.1,0.329344,0.161603,0.363608,0.998563,3.419249,0.188955,7.431985,18.057406,0.273972,0.00318,0.350799,0.980191,0.450847,0.184623,1,1,1,1,0
0.55,22.5,0.6,0.5,0.3,0.329344,0.161603,0.363608,0.998563,3.419249,0.188793,7.431985,18.057406,0.273972,0.00318,0.350799,0.980191,0.450847,0.184465,1,1,1,1,0
0.55,22.5,0.7,0.6,0.0,0.329344,0.161603,0.363608,0.998563,3.419249,0.188976,7.431985,18.057406,0.373972,0.0,0.350799,0.980191,0.449787,0.185232,1,1,1,1,0
0.55,22.5,0.7,0.6,0.1,0.329344,0.161603,0.363608,0.998563,3.419249,0.188959,7.431985,18.057406,0.373972,0.0,0.350799,0.980191,0.449787,0.185216,1,1,1,1,0
0.55,22.5,0.7,0.6,0.3,0.329344,0.161603,0.363608,0.998563,3.419249,0.188824,7.431985,18.057406,0.373972,0.0,0.350799,0.980191,0.449787,0.185083,1,1,1,1,0
0.55,22.5,0.8,0.7,0.0,0.329344,0.161603,0.363608,0.998563,3.419249,0.188976,7.431985,18.057406,0.473972,0.0,0.350799,0.980191,0.449787,0.185232,1,1,1,1,0
0.55,22.5,0.8,0.7,0.1,0.329344,0.161603,0.363608,0.998563,3.419249,0.188961,7.431985,18.057406,0.473972,0.0,0.350799,0.980191,0.449787,0.185218,1,1,1,1,0
0.55,22.5,0.8,0.7,0.3,0.329344,0.161603,0.363608,0.998563,3.419249,0.188845,7.431985,18.057406,0.473972,0.0,0.350799,0.980191,0.449787,0.185104,1,1,1,1,0
0.55,22.5,0.9,0.8,0.0,0.329344,0.161603,0.363608,0.998563,3.419249,0.188976,7.431985,18.057406,0.573972,0.0,0.350799,0.980191,0.449787,0.185232,1,1,1,1,0
0.55,22.5,0.9,0.8,0.1,0.329344,0.161603,0.363608,0.998563,3.419249,0.188963,7.431985,18.057406,0.573972,0.0,0.350799,0.980191,0.449787,0.18522,1,1,1,1,0
0.55,22.5,0.9,0.8,0.3,0.329344,0.161603,0.363608,0.998563,3.419249,0.188862,7.431985,18.057406,0.573972,0.0,0.350799,0.980191,0.449787,0.18512,1,1,1,1,0
0.55,22.5,1.0,0.9,0.0,0.329344,0.161603,0.363608,0.998563,3.419249,0.188976,7.431985,18.057406,0.673972,0.0,0.350799,0.980191,0.449787,0.185232,1,1,1,1,0
0.55,22.5,1.0,0.9,0.1,0.329344,0.161603,0.363608,0.998563,3.419249,0.188964,7.431985,18.057406,0.673972,0.0,0.350799,0.980191,0.449787,0.185221,1,1,1,1,0
0.55,22.5,1.0,0.9,0.3,0.329344,0.161603,0.363608,0.998563,3.419249,0.188874,7.431985,18.057406,0.673972,0.0,0.350799,0.980191,0.449787,0.185133,1,1,1,1,0
0.55,25.0,0.3,0.2,0.0,0.370764,0.161603,0.363608,0.998563,3.419249,0.188976,8.309196,20.154705,-0.067031,0.141955,0.383126,0.968775,0.507881,0.157086,0,1,0,0,0
0.55,25.0,0.3,0.2,0.1,0.370764,0.161603,0.363608,0.998563,3.419249,0.188925,8.309196,20.154705,-0.067031,0.141955,0.383126,0.968775,0.507881,0.157044,0,1,0,0,0
0.55,25.0,0.3,0.2,0.3,0.370764,0.161603,0.363608,0.998563,3.419249,0.188519,8.309196,20.154705,-0.067031,0.141955,0.383126,0.968775,0.507881,0.156707,0,1,0,0,0
0.55,25.0,0.4,0.3,0.0,0.370764,0.161603,0.363608,0.998563,3.419249,0.188976,8.309196,20.154705,0.032969,0.068576,0.383126,0.968775,0.483422,0.17052,0,1,1,0,0
0.55,25.0,0.4,0.3,0.1,0.370764,0.161603,0.363608,0.998563,3.419249,0.188942,8.309196,20.154705,0.032969,0.068576,0.383126,0.968775,0.483422,0.17049,0,1,1,0,0
0.55,25.0,0.4,0.3,0.3,0.370764,0.161603,0.363608,0.998563,3.419249,0.188671,8.309196,20.154705,0.032969,0.068576,0.383126,0.968775,0.483422,0.170246,0,1,1,0,0
0.55,25.0,0.5,0.4,0.0,0.370764,0.161603,0.363608,0.998563,3.419249,0.188976,8.309196,20.154705,0.132969,0.033573,0.383126,0.968775,0.471754,0.176929,0,1,1,0,0
0.55,25.0,0.5,0.4,0.1,0.370764,0.161603,0.363608,0.998563,3.419249,0.18895,8.309196,20.154705,0.132969,0.033573,0.383126,0.968775,0.471754,0.176905,0,1,1,0,0
0.55,25.0,0.5,0.4,0.3,0.370764,0.161603,0.363608,0.998563,3.419249,0.188747,8.309196,20.154705,0.132969,0.033573,0.383126,0.968775,0.471754,0.176715,0,1,1,0,0
0.55,25.0,0.6,0.5,0.0,0.370764,0.161603,0.363608,0.998563,3.419249,0.188976,8.309196,20.154705,0.232969,0.010936,0.383126,0.968775,0.464208,0.181073,0,1,1,0,0
0.55,25.0,0.6,0.5,0.1,0.370764,0.161603,0.363608,0.998563,3.419249,0.188955,8.309196,20.154705,0.232969,0.010936,0.383126,0.968775,0.464208,0.181053,0,1,1,0,0
0.55,25.0,0.6,0.5,0.3,0.370764,0.161603,0.363608,0.998563,3.419249,0.188793,8.309196,20.154705,0.232969,0.010936,0.383126,0.968775,0.464208,0.180898,0,1,1,0,0
0.55,25.0,0.7,0.6,0.0,0.370764,0.161603,0.363608,0.998563,3.419249,0.188976,8.309196,20.154705,0.332969,0.001745,0.383126,0.968775,0.461145,0.182755,0,1,1,0,0
0.55,25.0,0.7,0.6,0.1,0.370764,0.161603,0.363608,0.998563,3.419249,0.188959,8.309196,20.154705,0.332969,0.001745,0.383126,0.968775,0.461145,0.182739,0,1,1,0,0
0.55,25.0,0.7,0.6,0.3,0.370764,0.161603,0.363608,0.998563,3.419249,0.188824,8.309196,20.154705,0.332969,0.001745,0.383126,0.968775,0.461145,0.182608,0,1,1,0,0
0.55,25.0,0.8,0.7,0.0,0.370764,0.161603,0.363608,0.998563,3.419249,0.188976,8.309196,20.154705,0.432969,0.0,0.383126,0.968775,0.460563,0.183075,0,1,1,0,0
0.55,25.0,0.8,0.7,0.1,0.370764,0.161603,0.363608,0.998563,3.419249,0.188961,8.309196,20.154705,0.432969,0.0,0.383126,0.968775,0.460563,0.183061,0,1,1,0,0
0.55,25.0,0.8,0.7,0.3,0.370764,0.161603,0.363608,0.998563,3.419249,0.188845,8.309196,20.154705,0.432969,0.0,0.383126,0.968775,0.460563,0.182949,0,1,1,0,0
0.55,25.0,0.9,0.8,0.0,0.370764,0.161603,0.363608,0.998563,3.419249,0.188976,8.309196,20.154705,0.532969,0.0,0.383126,0.968775,0.460563,0.183075,0,1,1,0,0
0.55,25.0,0.9,0.8,0.1,0.370764,0.161603,0.363608,0.998563,3.419249,0.188963,8.309196,20.154705,0.532969,0.0,0.383126,0.968775,0.460563,0.183063,0,1,1,0,0
0.55,25.0,0.9,0.8,0.3,0.370764,0.161603,0.363608,0.998563,3.419249,0.188862,8.309196,20.154705,0.532969,0.0,0.383126,0.968775,0.460563,0.182964,0,1,1,0,0
0.55,25.0,1.0,0.9,0.0,0.370764,0.161603,0.363608,0.998563,3.419249,0.188976,8.309196,20.154705,0.632969,0.0,0.383126,0.968775,0.460563,0.183075,0,1,1,0,0
0.55,25.0,1.0,0.9,0.1,0.370764,0.161603,0.363608,0.998563,3.419249,0.188964,8.309196,20.154705,0.632969,0.0,0.383126,0.968775,0.460563,0.183064,0,1,1,0,0
0.55,25.0,1.0,0.9,0.3,0.370764,0.161603,0.363608,0.998563,3.419249,0.188874,8.309196,20.154705,0.632969,0.0,0.383126,0.968775,0.460563,0.182977,0,1,1,0,0
0.55,27.5,0.3,0.2,0.0,0.413906,0.161603,0.363608,0.998563,3.419249,0.188976,9.20513,22.280809,-0.109739,0.171901,0.41356,0.954532,0.528008,0.149375,0,1,0,0,0
0.55,27.5,0.3,0.2,0.1,0.413906,0.161603,0.363608,0.998563,3.419249,0.188925,9.20513,22.280809,-0.109739,0.171901,0.41356,0.954532,0.528008,0.149335,0,1,0,0,0
0.55,27.5,0.3,0.2,0.3,0.413906,0.161603,0.363608,0.998563,3.419249,0.188519,9.20513,22.280809,-0.109739,0.171901,0.41356,0.954532,0.528008,0.149015,0,1,0,0,0
0.55,27.5,0.4,0.3,0.0,0.413906,0.161603,0.363608,0.998563,3.419249,0.188976,9.20513,22.280809,-0.009739,0.094355,0.41356,0.954532,0.502159,0.163363,0,1,0,0,0
0.55,27.5,0.4,0.3,0.1,0.413906,0.161603,0.363608,0.998563,3.419249,0.188942,9.20513,22.280809,-0.009739,0.094355,0.41356,0.954532,0.502159,0.163334,0,1,0,0,0
0.55,27.5,0.4,0.3,0.3,0.413906,0.161603,0.363608,0.998563,3.419249,0.188671,9.20513,22.280809,-0.009739,0.094355,0.41356,0.954532,0.502159,0.1631,0,1,0,0,0
0.55,27.5,0.5,0.4,0.0,0.413906,0.161603,0.363608,0.998563,3.419249,0.188976,9.20513,22.280809,0.090261,0.049907,0.41356,0.954532,0.487343,0.171381,0,1,1,0,0
0.55,27.5,0.5,0.4,0.1,0.413906,0.161603,0.363608,0.998563,3.419249,0.18895,9.20513,22.280809,0.090261,0.049907,0.41356,0.954532,0.487343,0.171358,0,1,1,0,0
0.55,27.5,0.5,0.4,0.3,0.413906,0.161603,0.363608,0.998563,3.419249,0.188747,9.20513,22.280809,0.090261,0.049907,0.41356,0.954532,0.487343,0.171174,0,1,1,0,0
0.55,27.5,0.6,0.5,0.0,0.413906,0.161603,0.363608,0.998563,3.419249,0.188976,9.20513,22.280809,0.190261,0.023269,0.41356,0.954532,0.478464,0.176186,0,1,1,0,0
0.55,27.5,0.6,0.5,0.1,0.413906,0.161603,0.363608,0.998563,3.419249,0.188955,9.20513,22.280809,0.190261,0.023269,0.41356,0.954532,0.478464,0.176167,0,1,1,0,0
0.55,27.5,0.6,0.5,0.3,0.413906,0.161603,0.363608,0.998563,3.419249,0.188793,9.20513,22.280809,0.190261,0.023269,0.41356,0.954532,0.478464,0.176016,0,1,1,0,0
0.55,27.5,0.7,0.6,0.0,0.413906,0.161603,0.363608,0.998563,3.419249,0.188976,9.20513,22.280809,0.290261,0.008071,0.41356,0.954532,0.473398,0.178927,0,1,1,0,0
0.55,27.5,0.7,0.6,0.1,0.413906,0.161603,0.363608,0.998563,3.419249,0.188959,9.20513,22.280809,0.290261,0.008071,0.41356,0.954532,0.473398,0.178911,0,1,1,0,0
0.55,27.5,0.7,0.6,0.3,0.413906,0.161603,0.363608,0.998563,3.419249,0.188824,9.20513,22.280809,0.290261,0.008071,0.41356,0.954532,0.473398,0.178783,0,1,1,0,0
0.55,27.5,0.8,0.7,0.0,0.413906,0.161603,0.363608,0.998563,3.419249,0.188976,9.20513,22.280809,0.390261,0.001167,0.41356,0.954532,0.471096,0.180173,0,1,1,0,0
0.55,27.5,0.8,0.7,0.1,0.413906,0.161603,0.363608,0.998563,3.419249,0.188961,9.20513,22.280809,0.390261,0.001167,0.41356,0.954532,0.471096,0.180159,0,1,1,0,0
0.55,27.5,0.8,0.7,0.3,0.413906,0.161603,0.363608,0.998563,3.419249,0.188845,9.20513,22.280809,0.390261,0.001167,0.41356,0.954532,0.471096,0.180049,0,1,1,0,0
0.55,27.5,0.9,0.8,0.0,0.413906,0.161603,0.363608,0.998563,3.419249,0.188976,9.20513,22.280809,0.490261,0.0,0.41356,0.954532,0.470708,0.180383,0,1,1,0,0
0.55,27.5,0.9,0.8,0.1,0.413906,0.161603,0.363608,0.998563,3.419249,0.188963,9.20513,22.280809,0.490261,0.0,0.41356,0.954532,0.470708,0.180371,0,1,1,0,0
0.55,27.5,0.9,0.8,0.3,0.413906,0.161603,0.363608,0.998563,3.419249,0.188862,9.20513,22.280809,0.490261,0.0,0.41356,0.954532,0.470708,0.180274,0,1,1,0,0
0.55,27.5,1.0,0.9,0.0,0.413906,0.161603,0.363608,0.998563,3.419249,0.188976,9.20513,22.280809,0.590261,0.0,0.41356,0.954532,0.470708,0.180383,0,1,1,0,0
0.55,27.5,1.0,0.9,0.1,0.413906,0.161603,0.363608,0.998563,3.419249,0.188964,9.20513,22.280809,0.590261,0.0,0.41356,0.954532,0.470708,0.180373,0,1,1,0,0
0.55,27.5,1.0,0.9,0.3,0.413906,0.161603,0.363608,0.998563,3.419249,0.188874,9.20513,22.280809,0.590261,0.0,0.41356,0.954532,0.470708,0.180286,0,1,1,0,0
0.55,30.0,0.3,0.2,0.0,0.459055,0.161603,0.363608,0.998563,3.419249,0.188976,10.122921,24.438603,-0.154433,0.201976,0.443587,0.939644,0.548042,0.141705,0,1,0,0,0
0.55,30.0,0.3,0.2,0.1,0.459055,0.161603,0.363608,0.998563,3.419249,0.188925,10.122921,24.438603,-0.154433,0.201976,0.443587,0.939644,0.548042,0.141667,0,1,0,0,0
0.55,30.0,0.3,0.2,0.3,0.459055,0.161603,0.363608,0.998563,3.419249,0.188519,10.122921,24.438603,-0.154433,0.201976,0.443587,0.939644,0.548042,0.141363,0,1,0,0,0
0.55,30.0,0.4,0.3,0.0,0.459055,0.161603,0.363608,0.998563,3.419249,0.188976,10.122921,24.438603,-0.054433,0.121855,0.443587,0.939644,0.521335,0.155932,0,1,0,0,0
0.55,30.0,0.4,0.3,0.1,0.459055,0.161603,0.363608,0.998563,3.419249,0.188942,10.122921,24.438603,-0.054433,0.121855,0.443587,0.939644,0.521335,0.155904,0,1,0,0,0
0.55,30.0,0.4,0.3,0.3,0.459055,0.161603,0.363608,0.998563,3.419249,0.188671,10.122921,24.438603,-0.054433,0.121855,0.443587,0.939644,0.521335,0.155681,0,1,0,0,0
0.55,30.0,0.5,0.4,0.0,0.459055,0.161603,0.363608,0.998563,3.419249,0.188976,10.122921,24.438603,0.045567,0.066439,0.443587,0.939644,0.502863,0.165772,0,1,1,0,0
0.55,30.0,0.5,0.4,0.1,0.459055,0.161603,0.363608,0.998563,3.419249,0.18895,10.122921,24.438603,0.045567,0.066439,0.443587,0.939644,0.502863,0.16575,0,1,1,0,0
0.55,30.0,0.5,0.4,0.3,0.459055,0.161603,0.363608,0.998563,3.419249,0.188747,10.122921,24.438603,0.045567,0.066439,0.443587,0.939644,0.502863,0.165572,0,1,1,0,0
0.55,30.0,0.6,0.5,0.0,0.459055,0.161603,0.363608,0.998563,3.419249,0.188976,10.122921,24.438603,0.145567,0.038399,0.443587,0.939644,0.493516,0.170751,0,1,1,0,0
0.55,30.0,0.6,0.5,0.1,0.459055,0.161603,0.363608,0.998563,3.419249,0.188955,10.122921,24.438603,0.145567,0.038399,0.443587,0.939644,0.493516,0.170733,0,1,1,0,0
0.55,30.0,0.6,0.5,0.3,0.459055,0.161603,0.363608,0.998563,3.419249,0.188793,10.122921,24.438603,0.145567,0.038399,0.443587,0.939644,0.493516,0.170586,0,1,1,0,0
0.55,30.0,0.7,0.6,0.0,0.459055,0.161603,0.363608,0.998563,3.419249,0.188976,10.122921,24.438603,0.245567,0.017438,0.443587,0.939644,0.486529,0.174473,0,1,1,0,0
0.55,30.0,0.7,0.6,0.1,0.459055,0.161603,0.363608,0.998563,3.419249,0.188959,10.122921,24.438603,0.245567,0.017438,0.443587,0.939644,0.486529,0.174458,0,1,1,0,0
0.55,30.0,0.7,0.6,0.3,0.459055,0.161603,0.363608,0.998563,3.419249,0.188824,10.122921,24.438603,0.245567,0.017438,0.443587,0.939644,0.486529,0.174333,0,1,1,0,0
0.55,30.0,0.8,0.7,0.0,0.459055,0.161603,0.363608,0.998563,3.419249,0.188976,10.122921,24.438603,0.345567,0.006076,0.443587,0.939644,0.482742,0.176491,0,1,1,0,0
0.55,30.0,0.8,0.7,0.1,0.459055,0.161603,0.363608,0.998563,3.419249,0.188961,10.122921,24.438603,0.345567,0.006076,0.443587,0.939644,0.482742,0.176477,0,1,1,0,0
0.55,30.0,0.8,0.7,0.3,0.459055,0.161603,0.363608,0.998563,3.419249,0.188845,10.122921,24.438603,0.345567,0.006076,0.443587,0.939644,0.482742,0.176369,0,1,1,0,0
0.55,30.0,0.9,0.8,0.0,0.459055,0.161603,0.363608,0.998563,3.419249,0.188976,10.122921,24.438603,0.445567,0.000808,0.443587,0.939644,0.480986,0.177426,0,1,1,0,0
0.55,30.0,0.9,0.8,0.1,0.459055,0.161603,0.363608,0.998563,3.419249,0.188963,10.122921,24.438603,0.445567,0.000808,0.443587,0.939644,0.480986,0.177414,0,1,1,0,0
0.55,30.0,0.9,0.8,0.3,0.459055,0.161603,0.363608,0.998563,3.419249,0.188862,10.122921,24.438603,0.445567,0.000808,0.443587,0.939644,0.480986,0.177319,0,1,1,0,0
0.55,30.0,1.0,0.9,0.0,0.459055,0.161603,0.363608,0.998563,3.419249,0.188976,10.122921,24.438603,0.545567,0.0,0.443587,0.939644,0.480717,0.17757,0,1,1,0,0
0.55,30.0,1.0,0.9,0.1,0.459055,0.161603,0.363608,0.998563,3.419249,0.188964,10.122921,24.438603,0.545567,0.0,0.443587,0.939644,0.480717,0.177559,0,1,1,0,0
0.55,30.0,1.0,0.9,0.3,0.459055,0.161603,0.363608,0.998563,3.419249,0.188874,10.122921,24.438603,0.545567,0.0,0.443587,0.939644,0.480717,0.177475,0,1,1,0,0
0.55,32.5,0.3,0.2,0.0,0.506538,0.161603,0.363608,0.998563,3.419249,0.188976,11.066099,26.630945,-0.201438,0.232064,0.473424,0.924539,0.568017,0.13417,0,1,0,0,0
0.55,32.5,0.3,0.2,0.1,0.506538,0.161603,0.363608,0.998563,3.419249,0.188925,11.066099,26.630945,-0.201438,0.232064,0.473424,0.924539,0.568017,0.134134,0,1,0,0,0
0.55,32.5,0.3,0.2,0.3,0.506538,0.161603,0.363608,0.998563,3.419249,0.188519,11.066099,26.630945,-0.201438,0.232064,0.473424,0.924539,0.568017,0.133846,0,1,0,0,0
0.55,32.5,0.4,0.3,0.0,0.506538,0.161603,0.363608,0.998563,3.419249,0.188976,11.066099,26.630945,-0.101438,0.14849,0.473424,0.924539,0.540159,0.148772,0,1,0,0,0
0.55,32.5,0.4,0.3,0.1,0.506538,0.161603,0.363608,0.998563,3.419249,0.188942,11.066099,26.630945,-0.101438,0.14849,0.473424,0.924539,0.540159,0.148745,0,1,0,0,0
0.55,32.5,0.4,0.3,0.3,0.506538,0.161603,0.363608,0.998563,3.419249,0.188671,11.066099,26.630945,-0.101438,0.14849,0.473424,0.924539,0.540159,0.148532,0,1,0,0,0
0.55,32.5,0.5,0.4,0.0,0.506538,0.161603,0.363608,0.998563,3.419249,0.188976,11.066099,26.630945,-0.001438,0.089013,0.473424,0.924539,0.520333,0.159163,0,1,0,0,0
0.55,32.5,0.5,0.4,0.1,0.506538,0.161603,0.363608,0.998563,3.419249,0.18895,11.066099,26.630945,-0.001438,0.089013,0.473424,0.924539,0.520333,0.159142,0,1,0,0,0
0.55,32.5,0.5,0.4,0.3,0.506538,0.161603,0.363608,0.998563,3.419249,0.188747,11.066099,26.630945,-0.001438,0.089013,0.473424,0.924539,0.520333,0.158971,0,1,0,0,0
0.55,32.5,0.6,0.5,0.0,0.506538,0.161603,0.363608,0.998563,3.419249,0.188976,11.066099,26.630945,0.098562,0.05287,0.473424,0.924539,0.508285,0.165478,0,1,1,0,0
0.55,32.5,0.6,0.5,0.1,0.506538,0.161603,0.363608,0.998563,3.419249,0.188955,11.066099,26.630945,0.098562,0.05287,0.473424,0.924539,0.508285,0.16546,0,1,1,0,0
0.55,32.5,0.6,0.5,0.3,0.506538,0.161603,0.363608,0.998563,3.419249,0.188793,11.066099,26.630945,0.098562,0.05287,0.473424,0.924539,0.508285,0.165318,0,1,1,0,0
0.55,32.5,0.7,0.6,0.0,0.506538,0.161603,0.363608,0.998563,3.419249,0.188976,11.066099,26.630945,0.198562,0.029818,0.473424,0.924539,0.500601,0.169506,0,1,1,0,0
0.55,32.5,0.7,0.6,0.1,0.506538,0.161603,0.363608,0.998563,3.419249,0.188959,11.066099,26.630945,0.198562,0.029818,0.473424,0.924539,0.500601,0.169491,0,1,1,0,0
0.55,32.5,0.7,0.6,0.3,0.506538,0.161603,0.363608,0.998563,3.419249,0.188824,11.066099,26.630945,0.198562,0.029818,0.473424,0.924539,0.500601,0.169369,0,1,1,0,0
0.55,32.5,0.8,0.7,0.0,0.506538,0.161603,0.363608,0.998563,3.419249,0.188976,11.066099,26.630945,0.298562,0.013218,0.473424,0.924539,0.495068,0.172406,0,1,1,0,0
0.55,32.5,0.8,0.7,0.1,0.506538,0.161603,0.363608,0.998563,3.419249,0.188961,11.066099,26.630945,0.298562,0.013218,0.473424,0.924539,0.495068,0.172393,0,1,1,0,0
0.55,32.5,0.8,0.7,0.3,0.506538,0.161603,0.363608,0.998563,3.419249,0.188845,11.066099,26.630945,0.298562,0.013218,0.473424,0.924539,0.495068,0.172287,0,1,1,0,0
0.55,32.5,0.9,0.8,0.0,0.506538,0.161603,0.363608,0.998563,3.419249,0.188976,11.066099,26.630945,0.398562,0.004757,0.473424,0.924539,0.492248,0.173884,0,1,1,0,0
0.55,32.5,0.9,0.8,0.1,0.506538,0.161603,0.363608,0.998563,3.419249,0.188963,11.066099,26.630945,0.398562,0.004757,0.473424,0.924539,0.492248,0.173873,0,1,1,0,0
0.55,32.5,0.9,0.8,0.3,0.506538,0.161603,0.363608,0.998563,3.419249,0.188862,11.066099,26.630945,0.398562,0.004757,0.473424,0.924539,0.492248,0.173779,0,1,1,0,0
0.55,32.5,1.0,0.9,0.0,0.506538,0.161603,0.363608,0.998563,3.419249,0.188976,11.066099,26.630945,0.498562,0.000632,0.473424,0.924539,0.490873,0.174605,0,1,1,0,0
0.55,32.5,1.0,0.9,0.1,0.506538,0.161603,0.363608,0.998563,3.419249,0.188964,11.066099,26.630945,0.498562,0.000632,0.473424,0.924539,0.490873,0.174594,0,1,1,0,0
0.55,32.5,1.0,0.9,0.3,0.506538,0.161603,0.363608,0.998563,3.419249,0.188874,11.066099,26.630945,0.498562,0.000632,0.473424,0.924539,0.490873,0.174511,0,1,1,0,0
0.55,35.0,0.3,0.2,0.0,0.556739,0.161603,0.363608,0.998563,3.419249,0.188976,12.038659,28.860644,-0.251134,0.262501,0.502452,0.908434,0.587839,0.126608,0,1,0,0,0
0.55,35.0,0.3,0.2,0.1,0.556739,0.161603,0.363608,0.998563,3.419249,0.188925,12.038659,28.860644,-0.251134,0.262501,0.502452,0.908434,0.587839,0.126574,0,1,0,0,0
0.55,35.0,0.3,0.2,0.3,0.556739,0.161603,0.363608,0.998563,3.419249,0.188519,12.038659,28.860644,-0.251134,0.262501,0.502452,0.908434,0.587839,0.126302,0,1,0,0,0
0.55,35.0,0.4,0.3,0.0,0.556739,0.161603,0.363608,0.998563,3.419249,0.188976,12.038659,28.860644,-0.151134,0.174398,0.502452,0.908434,0.558471,0.141733,0,1,0,0,0
0.55,35.0,0.4,0.3,0.1,0.556739,0.161603,0.363608,0.998563,3.419249,0.188942,12.038659,28.860644,-0.151134,0.174398,0.502452,0.908434,0.558471,0.141707,0,1,0,0,0
0.55,35.0,0.4,0.3,0.3,0.556739,0.161603,0.363608,0.998563,3.419249,0.188671,12.038659,28.860644,-0.151134,0.174398,0.502452,0.908434,0.558471,0.141504,0,1,0,0,0
0.55,35.0,0.5,0.4,0.0,0.556739,0.161603,0.363608,0.998563,3.419249,0.188976,12.038659,28.860644,-0.051134,0.113917,0.502452,0.908434,0.538311,0.152116,0,1,0,0,0
0.55,35.0,0.5,0.4,0.1,0.556739,0.161603,0.363608,0.998563,3.419249,0.18895,12.038659,28.860644,-0.051134,0.113917,0.502452,0.908434,0.538311,0.152095,0,1,0,0,0
0.55,35.0,0.5,0.4,0.3,0.556739,0.161603,0.363608,0.998563,3.419249,0.188747,12.038659,28.860644,-0.051134,0.113917,0.502452,0.908434,0.538311,0.151932,0,1,0,0,0
0.55,35.0,0.6,0.5,0.0,0.556739,0.161603,0.363608,0.998563,3.419249,0.188976,12.038659,28.860644,0.048866,0.068813,0.502452,0.908434,0.523276,0.159859,0,1,1,0,0
0.55,35.0,0.6,0.5,0.1,0.556739,0.161603,0.363608,0.998563,3.419249,0.188955,12.038659,28.860644,0.048866,0.068813,0.502452,0.908434,0.523276,0.159841,0,1,1,0,0
0.55,35.0,0.6,0.5,0.3,0.556739,0.161603,0.363608,0.998563,3.419249,0.188793,12.038659,28.860644,0.048866,0.068813,0.502452,0.908434,0.523276,0.159704,0,1,1,0,0
0.55,35.0,0.7,0.6,0.0,0.556739,0.161603,0.363608,0.998563,3.419249,0.188976,12.038659,28.860644,0.148866,0.044176,0.502452,0.908434,0.515064,0.164088,0,1,1,0,0
0.55,35.0,0.7,0.6,0.1,0.556739,0.161603,0.363608,0.998563,3.419249,0.188959,12.038659,28.860644,0.148866,0.044176,0.502452,0.908434,0.515064,0.164074,0,1,1,0,0
0.55,35.0,0.7,0.6,0.3,0.556739,0.161603,0.363608,0.998563,3.419249,0.188824,12.038659,28.860644,0.148866,0.044176,0.502452,0.908434,0.515064,0.163956,0,1,1,0,0
0.55,35.0,0.8,0.7,0.0,0.556739,0.161603,0.363608,0.998563,3.419249,0.188976,12.038659,28.860644,0.248866,0.024297,0.502452,0.908434,0.508437,0.167501,0,1,1,0,0
0.55,35.0,0.8,0.7,0.1,0.556739,0.161603,0.363608,0.998563,3.419249,0.188961,12.038659,28.860644,0.248866,0.024297,0.502452,0.908434,0.508437,0.167488,0,1,1,0,0
0.55,35.0,0.8,0.7,0.3,0.556739,0.161603,0.363608,0.998563,3.419249,0.188845,12.038659,28.860644,0.248866,0.024297,0.502452,0.908434,0.508437,0.167385,0,1,1,0,0
0.55,35.0,0.9,0.8,0.0,0.556739,0.161603,0.363608,0.998563,3.419249,0.188976,12.038659,28.860644,0.348866,0.011025,0.502452,0.908434,0.504013,0.169779,0,1,1,0,0
0.55,35.0,0.9,0.8,0.1,0.556739,0.161603,0.363608,0.998563,3.419249,0.188963,12.038659,28.860644,0.348866,0.011025,0.502452,0.908434,0.504013,0.169768,0,1,1,0,0
0.55,35.0,0.9,0.8,0.3,0.556739,0.161603,0.363608,0.998563,3.419249,0.188862,12.038659,28.860644,0.348866,0.011025,0.502452,0.908434,0.504013,0.169677,0,1,1,0,0
0.55,35.0,1.0,0.9,0.0,0.556739,0.161603,0.363608,0.998563,3.419249,0.188976,12.038659,28.860644,0.448866,0.004005,0.502452,0.908434,0.501673,0.170984,0,1,1,0,0
0.55,35.0,1.0,0.9,0.1,0.556739,0.161603,0.363608,0.998563,3.419249,0.188964,12.038659,28.860644,0.448866,0.004005,0.502452,0.908434,0.501673,0.170974,0,1,1,0,0
0.55,35.0,1.0,0.9,0.3,0.556739,0.161603,0.363608,0.998563,3.419249,0.188874,12.038659,28.860644,0.448866,0.004005,0.502452,0.908434,0.501673,0.170893,0,1,1,0,0
0.6,5.0,0.3,0.2,0.0,0.069563,0.176295,0.396663,0.999207,3.134311,0.17357,1.613854,3.939305,0.231138,0.0,0.080477,1.0,0.359895,0.17357,1,1,1,1,0
0.6,5.0,0.3,0.2,0.1,0.069563,0.176295,0.396663,0.999207,3.134311,0.173519,1.613854,3.939305,0.231138,0.0,0.080477,1.0,0.359895,0.173519,1,1,1,1,0
0.6,5.0,0.3,0.2,0.3,0.069563,0.176295,0.396663,0.999207,3.134311,0.173113,1.613854,3.939305,0.231138,0.0,0.080477,1.0,0.359895,0.173113,1,1,1,1,0
0.6,5.0,0.4,0.3,0.0,0.069563,0.176295,0.396663,0.999207,3.134311,0.17357,1.613854,3.939305,0.331138,0.0,0.080477,1.0,0.359895,0.17357,1,1,1,1,0
0.6,5.0,0.4,0.3,0.1,0.069563,0.176295,0.396663,0.999207,3.134311,0.173536,1.613854,3.939305,0.331138,0.0,0.080477,1.0,0.359895,0.173536,1,1,1,1,0
0.6,5.0,0.4,0.3,0.3,0.069563,0.176295,0.396663,0.999207,3.134311,0.173265,1.613854,3.939305,0.331138,0.0,0.080477,1.0,0.359895,0.173265,1,1,1,1,0
0.6,5.0,0.5,0.4,0.0,0.069563,0.176295,0.396663,0.999207,3.134311,0.17357,1.613854,3.939305,0.431138,0.0,0.080477,1.0,0.359895,0.17357,1,1,1,1,0
0.6,5.0,0.5,0.4,0.1,0.069563,0.176295,0.396663,0.999207,3.134311,0.173545,1.613854,3.939305,0.431138,0.0,0.080477,1.0,0.359895,0.173545,1,1,1,1,0
0.6,5.0,0.5,0.4,0.3,0.069563,0.176295,0.396663,0.999207,3.134311,0.173342,1.613854,3.939305,0.431138,0.0,0.080477,1.0,0.359895,0.173342,1,1,1,1,0
0.6,5.0,0.6,0.5,0.0,0.069563,0.176295,0.396663,0.999207,3.134311,0.17357,1.613854,3.939305,0.531138,0.0,0.080477,1.0,0.359895,0.17357,1,1,1,1,0
0.6,5.0,0.6,0.5,0.1,0.069563,0.176295,0.396663,0.999207,3.134311,0.17355,1.613854,3.939305,0.531138,0.0,0.080477,1.0,0.359895,0.17355,1,1,1,1,0
0.6,5.0,0.6,0.5,0.3,0.069563,0.176295,0.396663,0.999207,3.134311,0.173387,1.613854,3.939305,0.531138,0.0,0.080477,1.0,0.359895,0.173387,1,1,1,1,0
0.6,5.0,0.7,0.6,0.0,0.069563,0.176295,0.396663,0.999207,3.134311,0.17357,1.613854,3.939305,0.631138,0.0,0.080477,1.0,0.359895,0.17357,1,1,1,1,0
0.6,5.0,0.7,0.6,0.1,0.069563,0.176295,0.396663,0.999207,3.134311,0.173553,1.613854,3.939305,0.631138,0.0,0.080477,1.0,0.359895,0.173553,1,1,1,1,0
0.6,5.0,0.7,0.6,0.3,0.069563,0.176295,0.396663,0.999207,3.134311,0.173418,1.613854,3.939305,0.631138,0.0,0.080477,1.0,0.359895,0.173418,1,1,1,1,0
0.6,5.0,0.8,0.7,0.0,0.069563,0.176295,0.396663,0.999207,3.134311,0.17357,1.613854,3.939305,0.731138,0.0,0.080477,1.0,0.359895,0.17357,1,1,1,1,0
0.6,5.0,0.8,0.7,0.1,0.069563,0.176295,0.396663,0.999207,3.134311,0.173556,1.613854,3.939305,0.731138,0.0,0.080477,1.0,0.359895,0.173556,1,1,1,1,0
0.6,5.0,0.8,0.7,0.3,0.069563,0.176295,0.396663,0.999207,3.134311,0.17344,1.613854,3.939305,0.731138,0.0,0.080477,1.0,0.359895,0.17344,1,1,1,1,0
0.6,5.0,0.9,0.8,0.0,0.069563,0.176295,0.396663,0.999207,3.134311,0.17357,1.613854,3.939305,0.831138,0.0,0.080477,1.0,0.359895,0.17357,1,1,1,1,0
0.6,5.0,0.9,0.8,0.1,0.069563,0.176295,0.396663,0.999207,3.134311,0.173558,1.613854,3.939305,0.831138,0.0,0.080477,1.0,0.359895,0.173558,1,1,1,1,0
0.6,5.0,0.9,0.8,0.3,0.069563,0.176295,0.396663,0.999207,3.134311,0.173456,1.613854,3.939305,0.831138,0.0,0.080477,1.0,0.359895,0.173456,1,1,1,1,0
0.6,5.0,1.0,0.9,0.0,0.069563,0.176295,0.396663,0.999207,3.134311,0.17357,1.613854,3.939305,0.931138,0.0,0.080477,1.0,0.359895,0.17357,1,1,1,1,0
0.6,5.0,1.0,0.9,0.1,0.069563,0.176295,0.396663,0.999207,3.134311,0.173559,1.613854,3.939305,0.931138,0.0,0.080477,1.0,0.359895,0.173559,1,1,1,1,0
0.6,5.0,1.0,0.9,0.3,0.069563,0.176295,0.396663,0.999207,3.134311,0.173469,1.613854,3.939305,0.931138,0.0,0.080477,1.0,0.359895,0.173469,1,1,1,1,0
0.6,7.5,0.3,0.2,0.0,0.104678,0.176295,0.396663,0.999207,3.134311,0.17357,2.424156,5.916089,0.196376,0.0,0.120884,1.0,0.373364,0.17357,1,1,1,1,0
0.6,7.5,0.3,0.2,0.1,0.104678,0.176295,0.396663,0.999207,3.134311,0.173519,2.424156,5.916089,0.196376,0.0,0.120884,1.0,0.373364,0.173519,1,1,1,1,0
0.6,7.5,0.3,0.2,0.3,0.104678,0.176295,0.396663,0.999207,3.134311,0.173113,2.424156,5.916089,0.196376,0.0,0.120884,1.0,0.373364,0.173113,1,1,1,1,0
0.6,7.5,0.4,0.3,0.0,0.104678,0.176295,0.396663,0.999207,3.134311,0.17357,2.424156,5.916089,0.296376,0.0,0.120884,1.0,0.373364,0.17357,1,1,1,1,0
0.6,7.5,0.4,0.3,0.1,0.104678,0.176295,0.396663,0.999207,3.134311,0.173536,2.424156,5.916089,0.296376,0.0,0.120884,1.0,0.373364,0.173536,1,1,1,1,0
0.6,7.5,0.4,0.3,0.3,0.104678,0.176295,0.396663,0.999207,3.134311,0.173265,2.424156,5.916089,0.296376,0.0,0.120884,1.0,0.373364,0.173265,1,1,1,1,0
0.6,7.5,0.5,0.4,0.0,0.104678,0.176295,0.396663,0.999207,3.134311,0.17357,2.424156,5.916089,0.396376,0.0,0.120884,1.0,0.373364,0.17357,1,1,1,1,0
0.6,7.5,0.5,0.4,0.1,0.104678,0.176295,0.396663,0.999207,3.134311,0.173545,2.424156,5.916089,0.396376,0.0,0.120884,1.0,0.373364,0.173545,1,1,1,1,0
0.6,7.5,0.5,0.4,0.3,0.104678,0.176295,0.396663,0.999207,3.134311,0.173342,2.424156,5.916089,0.396376,0.0,0.120884,1.0,0.373364,0.173342,1,1,1,1,0
0.6,7.5,0.6,0.5,0.0,0.104678,0.176295,0.396663,0.999207,3.134311,0.17357,2.424156,5.916089,0.496376,0.0,0.120884,1.0,0.373364,0.17357,1,1,1,1,0
0.6,7.5,0.6,0.5,0.1,0.104678,0.176295,0.396663,0.999207,3.134311,0.17355,2.424156,5.916089,0.496376,0.0,0.120884,1.0,0.373364,0.17355,1,1,1,1,0
0.6,7.5,0.6,0.5,0.3,0.104678,0.176295,0.396663,0.999207,3.134311,0.173387,2.424156,5.916089,0.496376,0.0,0.120884,1.0,0.373364,0.173387,1,1,1,1,0
0.6,7.5,0.7,0.6,0.0,0.104678,0.176295,0.396663,0.999207,3.134311,0.17357,2.424156,5.916089,0.596376,0.0,0.120884,1.0,0.373364,0.17357,1,1,1,1,0
0.6,7.5,0.7,0.6,0.1,0.104678,0.176295,0.396663,0.999207,3.134311,0.173553,2.424156,5.916089,0.596376,0.0,0.120884,1.0,0.373364,0.173553,1,1,1,1,0
0.6,7.5,0.7,0.6,0.3,0.104678,0.176295,0.396663,0.999207,3.134311,0.173418,2.424156,5.916089,0.596376,0.0,0.120884,1.0,0.373364,0.173418,1,1,1,1,0
0.6,7.5,0.8,0.7,0.0,0.104678,0.176295,0.396663,0.999207,3.134311,0.17357,2.424156,5.916089,0.696376,0.0,0.120884,1.0,0.373364,0.17357,1,1,1,1,0
0.6,7.5,0.8,0.7,0.1,0.104678,0.176295,0.396663,0.999207,3.134311,0.173556,2.424156,5.916089,0.696376,0.0,0.120884,1.0,0.373364,0.173556,1,1,1,1,0
0.6,7.5,0.8,0.7,0.3,0.104678,0.176295,0.396663,0.999207,3.134311,0.17344,2.424156,5.916089,0.696376,0.0,0.120884,1.0,0.373364,0.17344,1,1,1,1,0
0.6,7.5,0.9,0.8,0.0,0.104678,0.176295,0.396663,0.999207,3.134311,0.17357,2.424156,5.916089,0.796376,0.0,0.120884,1.0,0.373364,0.17357,1,1,1,1,0
0.6,7.5,0.9,0.8,0.1,0.104678,0.176295,0.396663,0.999207,3.134311,0.173558,2.424156,5.916089,0.796376,0.0,0.120884,1.0,0.373364,0.173558,1,1,1,1,0
0.6,7.5,0.9,0.8,0.3,0.104678,0.176295,0.396663,0.999207,3.134311,0.173456,2.424156,5.916089,0.796376,0.0,0.120884,1.0,0.373364,0.173456,1,1,1,1,0
0.6,7.5,1.0,0.9,0.0,0.104678,0.176295,0.396663,0.999207,3.134311,0.17357,2.424156,5.916089,0.896376,0.0,0.120884,1.0,0.373364,0.17357,1,1,1,1,0
0.6,7.5,1.0,0.9,0.1,0.104678,0.176295,0.396663,0.999207,3.134311,0.173559,2.424156,5.916089,0.896376,0.0,0.120884,1.0,0.373364,0.173559,1,1,1,1,0
0.6,7.5,1.0,0.9,0.3,0.104678,0.176295,0.396663,0.999207,3.134311,0.173469,2.424156,5.916089,0.896376,0.0,0.120884,1.0,0.373364,0.173469,1,1,1,1,0
0.6,10.0,0.3,0.2,0.0,0.140199,0.176295,0.396663,0.999207,3.134311,0.17357,3.238603,7.90144,0.161213,0.0,0.161498,1.0,0.386902,0.17357,1,1,1,1,0
0.6,10.0,0.3,0.2,0.1,0.140199,0.176295,0.396663,0.999207,3.134311,0.173519,3.238603,7.90144,0.161213,0.0,0.161498,1.0,0.386902,0.173519,1,1,1,1,0
0.6,10.0,0.3,0.2,0.3,0.140199,0.176295,0.396663,0.999207,3.134311,0.173113,3.238603,7.90144,0.161213,0.0,0.161498,1.0,0.386902,0.173113,1,1,1,1,0
0.6,10.0,0.4,0.3,0.0,0.140199,0.176295,0.396663,0.999207,3.134311,0.17357,3.238603,7.90144,0.261213,0.0,0.161498,1.0,0.386902,0.17357,1,1,1,1,0
0.6,10.0,0.4,0.3,0.1,0.140199,0.176295,0.396663,0.999207,3.134311,0.173536,3.238603,7.90144,0.261213,0.0,0.161498,1.0,0.386902,0.173536,1,1,1,1,0
0.6,10.0,0.4,0.3,0.3,0.140199,0.176295,0.396663,0.999207,3.134311,0.173265,3.238603,7.90144,0.261213,0.0,0.161498,1.0,0.386902,0.173265,1,1,1,1,0
0.6,10.0,0.5,0.4,0.0,0.140199,0.176295,0.396663,0.999207,3.134311,0.17357,3.238603,7.90144,0.361213,0.0,0.161498,1.0,0.386902,0.17357,1,1,1,1,0
0.6,10.0,0.5,0.4,0.1,0.140199,0.176295,0.396663,0.999207,3.134311,0.173545,3.238603,7.90144,0.361213,0.0,0.161498,1.0,0.386902,0.173545,1,1,1,1,0
0.6,10.0,0.5,0.4,0.3,0.140199,0.176295,0.396663,0.999207,3.134311,0.173342,3.238603,7.90144,0.361213,0.0,0.161498,1.0,0.386902,0.173342,1,1,1,1,0
0.6,10.0,0.6,0.5,0.0,0.140199,0.176295,0.396663,0.999207,3.134311,0.17357,3.238603,7.90144,0.461213,0.0,0.161498,1.0,0.386902,0.17357,1,1,1,1,0
0.6,10.0,0.6,0.5,0.1,0.140199,0.176295,0.396663,0.999207,3.134311,0.17355,3.238603,7.90144,0.461213,0.0,0.161498,1.0,0.386902,0.17355,1,1,1,1,0
0.6,10.0,0.6,0.5,0.3,0.140199,0.176295,0.396663,0.999207,3.134311,0.173387,3.238603,7.90144,0.461213,0.0,0.161498,1.0,0.386902,0.173387,1,1,1,1,0
0.6,10.0,0.7,0.6,0.0,0.140199,0.176295,0.396663,0.999207,3.134311,0.17357,3.238603,7.90144,0.561213,0.0,0.161498,1.0,0.386902,0.17357,1,1,1,1,0
0.6,10.0,0.7,0.6,0.1,0.140199,0.176295,0.396663,0.999207,3.134311,0.173553,3.238603,7.90144,0.561213,0.0,0.161498,1.0,0.386902,0.173553,1,1,1,1,0
0.6,10.0,0.7,0.6,0.3,0.140199,0.176295,0.396663,0.999207,3.134311,0.173418,3.238603,7.90144,0.561213,0.0,0.161498,1.0,0.386902,0.173418,1,1,1,1,0
0.6,10.0,0.8,0.7,0.0,0.140199,0.176295,0.396663,0.999207,3.134311,0.17357,3.238603,7.90144,0.661213,0.0,0.161498,1.0,0.386902,0.17357,1,1,1,1,0
0.6,10.0,0.8,0.7,0.1,0.140199,0.176295,0.396663,0.999207,3.134311,0.173556,3.238603,7.90144,0.661213,0.0,0.161498,1.0,0.386902,0.173556,1,1,1,1,0
0.6,10.0,0.8,0.7,0.3,0.140199,0.176295,0.396663,0.999207,3.134311,0.17344,3.238603,7.90144,0.661213,0.0,0.161498,1.0,0.386902,0.17344,1,1,1,1,0
0.6,10.0,0.9,0.8,0.0,0.140199,0.176295,0.396663,0.999207,3.134311,0.17357,3.238603,7.90144,0.761213,0.0,0.161498,1.0,0.386902,0.17357,1,1,1,1,0
0.6,10.0,0.9,0.8,0.1,0.140199,0.176295,0.396663,0.999207,3.134311,0.173558,3.238603,7.90144,0.761213,0.0,0.161498,1.0,0.386902,0.173558,1,1,1,1,0
0.6,10.0,0.9,0.8,0.3,0.140199,0.176295,0.396663,0.999207,3.134311,0.173456,3.238603,7.90144,0.761213,0.0,0.161498,1.0,0.386902,0.173456,1,1,1,1,0
0.6,10.0,1.0,0.9,0.0,0.140199,0.176295,0.396663,0.999207,3.134311,0.17357,3.238603,7.90144,0.861213,0.0,0.161498,1.0,0.386902,0.17357,1,1,1,1,0
0.6,10.0,1.0,0.9,0.1,0.140199,0.176295,0.396663,0.999207,3.134311,0.173559,3.238603,7.90144,0.861213,0.0,0.161498,1.0,0.386902,0.173559,1,1,1,1,0
0.6,10.0,1.0,0.9,0.3,0.140199,0.176295,0.396663,0.999207,3.134311,0.173469,3.238603,7.90144,0.861213,0.0,0.161498,1.0,0.386902,0.173469,1,1,1,1,0
0.6,12.5,0.3,0.2,0.0,0.176271,0.176295,0.396663,0.999207,3.134311,0.17357,4.058731,9.898225,0.125504,0.007655,0.202395,1.0,0.403086,0.172241,1,1,1,1,0
0.6,12.5,0.3,0.2,0.1,0.176271,0.176295,0.396663,0.999207,3.134311,0.173519,4.058731,9.898225,0.125504,0.007655,0.202395,1.0,0.403086,0.172191,1,1,1,1,0
0.6,12.5,0.3,0.2,0.3,0.176271,0.176295,0.396663,0.999207,3.134311,0.173113,4.058731,9.898225,0.125504,0.007655,0.202395,1.0,0.403086,0.171788,1,1,1,1,0
0.6,12.5,0.4,0.3,0.0,0.176271,0.176295,0.396663,0.999207,3.134311,0.17357,4.058731,9.898225,0.225504,0.0,0.202395,1.0,0.400534,0.17357,1,1,1,1,0
0.6,12.5,0.4,0.3,0.1,0.176271,0.176295,0.396663,0.999207,3.134311,0.173536,4.058731,9.898225,0.225504,0.0,0.202395,1.0,0.400534,0.173536,1,1,1,1,0
0.6,12.5,0.4,0.3,0.3,0.176271,0.176295,0.396663,0.999207,3.134311,0.173265,4.058731,9.898225,0.225504,0.0,0.202395,1.0,0.400534,0.173265,1,1,1,1,0
0.6,12.5,0.5,0.4,0.0,0.176271,0.176295,0.396663,0.999207,3.134311,0.17357,4.058731,9.898225,0.325504,0.0,0.202395,1.0,0.400534,0.17357,1,1,1,1,0
0.6,12.5,0.5,0.4,0.1,0.176271,0.176295,0.396663,0.999207,3.134311,0.173545,4.058731,9.898225,0.325504,0.0,0.202395,1.0,0.400534,0.173545,1,1,1,1,0
0.6,12.5,0.5,0.4,0.3,0.176271,0.176295,0.396663,0.999207,3.134311,0.173342,4.058731,9.898225,0.325504,0.0,0.202395,1.0,0.400534,0.173342,1,1,1,1,0
0.6,12.5,0.6,0.5,0.0,0.176271,0.176295,0.396663,0.999207,3.134311,0.17357,4.058731,9.898225,0.425504,0.0,0.202395,1.0,0.400534,0.17357,1,1,1,1,0
0.6,12.5,0.6,0.5,0.1,0.176271,0.176295,0.396663,0.999207,3.134311,0.17355,4.058731,9.898225,0.425504,0.0,0.202395,1.0,0.400534,0.17355,1,1,1,1,0
0.6,12.5,0.6,0.5,0.3,0.176271,0.176295,0.396663,0.999207,3.134311,0.173387,4.058731,9.898225,0.425504,0.0,0.202395,1.0,0.400534,0.173387,1,1,1,1,0
0.6,12.5,0.7,0.6,0.0,0.176271,0.176295,0.396663,0.999207,3.134311,0.17357,4.058731,9.898225,0.525504,0.0,0.202395,1.0,0.400534,0.17357,1,1,1,1,0
0.6,12.5,0.7,0.6,0.1,0.176271,0.176295,0.396663,0.999207,3.134311,0.173553,4.058731,9.898225,0.525504,0.0,0.202395,1.0,0.400534,0.173553,1,1,1,1,0
0.6,12.5,0.7,0.6,0.3,0.176271,0.176295,0.396663,0.999207,3.134311,0.173418,4.058731,9.898225,0.525504,0.0,0.202395,1.0,0.400534,0.173418,1,1,1,1,0
0.6,12.5,0.8,0.7,0.0,0.176271,0.176295,0.396663,0.999207,3.134311,0.17357,4.058731,9.898225,0.625504,0.0,0.202395,1.0,0.400534,0.17357,1,1,1,1,0
0.6,12.5,0.8,0.7,0.1,0.176271,0.176295,0.396663,0.999207,3.134311,0.173556,4.058731,9.898225,0.625504,0.0,0.202395,1.0,0.400534,0.173556,1,1,1,1,0
0.6,12.5,0.8,0.7,0.3,0.176271,0.176295,0.396663,0.999207,3.134311,0.17344,4.058731,9.898225,0.625504,0.0,0.202395,1.0,0.400534,0.17344,1,1,1,1,0
0.6,12.5,0.9,0.8,0.0,0.176271,0.176295,0.396663,0.999207,3.134311,0.17357,4.058731,9.898225,0.725504,0.0,0.202395,1.0,0.400534,0.17357,1,1,1,1,0
0.6,12.5,0.9,0.8,0.1,0.176271,0.176295,0.396663,0.999207,3.134311,0.173558,4.058731,9.898225,0.725504,0.0,0.202395,1.0,0.400534,0.173558,1,1,1,1,0
0.6,12.5,0.9,0.8,0.3,0.176271,0.176295,0.396663,0.999207,3.134311,0.173456,4.058731,9.898225,0.725504,0.0,0.202395,1.0,0.400534,0.173456,1,1,1,1,0
0.6,12.5,1.0,0.9,0.0,0.176271,0.176295,0.396663,0.999207,3.134311,0.17357,4.058731,9.898225,0.825504,0.0,0.202395,1.0,0.400534,0.17357,1,1,1,1,0
0.6,12.5,1.0,0.9,0.1,0.176271,0.176295,0.396663,0.999207,3.134311,0.173559,4.058731,9.898225,0.825504,0.0,0.202395,1.0,0.400534,0.173559,1,1,1,1,0
0.6,12.5,1.0,0.9,0.3,0.176271,0.176295,0.396663,0.999207,3.134311,0.173469,4.058731,9.898225,0.825504,0.0,0.202395,1.0,0.400534,0.173469,1,1,1,1,0
0.6,15.0,0.3,0.2,0.0,0.213048,0.176295,0.396663,0.999207,3.134311,0.17357,4.886207,11.909322,0.089097,0.027111,0.242113,0.998454,0.42281,0.168604,1,1,1,1,0
0.6,15.0,0.3,0.2,0.1,0.213048,0.176295,0.396663,0.999207,3.134311,0.173519,4.886207,11.909322,0.089097,0.027111,0.242113,0.998454,0.42281,0.168554,1,1,1,1,0
0.6,15.0,0.3,0.2,0.3,0.213048,0.176295,0.396663,0.999207,3.134311,0.173113,4.886207,11.909322,0.089097,0.027111,0.242113,0.998454,0.42281,0.168159,1,1,1,1,0
0.6,15.0,0.4,0.3,0.0,0.213048,0.176295,0.396663,0.999207,3.134311,0.17357,4.886207,11.909322,0.189097,0.001881,0.242113,0.998454,0.4144,0.172976,1,1,1,1,0
0.6,15.0,0.4,0.3,0.1,0.213048,0.176295,0.396663,0.999207,3.134311,0.173536,4.886207,11.909322,0.189097,0.001881,0.242113,0.998454,0.4144,0.172942,1,1,1,1,0
0.6,15.0,0.4,0.3,0.3,0.213048,0.176295,0.396663,0.999207,3.134311,0.173265,4.886207,11.909322,0.189097,0.001881,0.242113,0.998454,0.4144,0.172672,1,1,1,1,0
0.6,15.0,0.5,0.4,0.0,0.213048,0.176295,0.396663,0.999207,3.134311,0.17357,4.886207,11.909322,0.289097,0.0,0.242113,0.998454,0.413773,0.173302,1,1,1,1,0
0.6,15.0,0.5,0.4,0.1,0.213048,0.176295,0.396663,0.999207,3.134311,0.173545,4.886207,11.909322,0.289097,0.0,0.242113,0.998454,0.413773,0.173277,1,1,1,1,0
0.6,15.0,0.5,0.4,0.3,0.213048,0.176295,0.396663,0.999207,3.134311,0.173342,4.886207,11.909322,0.289097,0.0,0.242113,0.998454,0.413773,0.173074,1,1,1,1,0
0.6,15.0,0.6,0.5,0.0,0.213048,0.176295,0.396663,0.999207,3.134311,0.17357,4.886207,11.909322,0.389097,0.0,0.242113,0.998454,0.413773,0.173302,1,1,1,1,0
0.6,15.0,0.6,0.5,0.1,0.213048,0.176295,0.396663,0.999207,3.134311,0.17355,4.886207,11.909322,0.389097,0.0,0.242113,0.998454,0.413773,0.173282,1,1,1,1,0
0.6,15.0,0.6,0.5,0.3,0.213048,0.176295,0.396663,0.999207,3.134311,0.173387,4.886207,11.909322,0.389097,0.0,0.242113,0.998454,0.413773,0.173119,1,1,1,1,0
0.6,15.0,0.7,0.6,0.0,0.213048,0.176295,0.396663,0.999207,3.134311,0.17357,4.886207,11.909322,0.489097,0.0,0.242113,0.998454,0.413773,0.173302,1,1,1,1,0
0.6,15.0,0.7,0.6,0.1,0.213048,0.176295,0.396663,0.999207,3.134311,0.173553,4.886207,11.909322,0.489097,0.0,0.242113,0.998454,0.413773,0.173285,1,1,1,1,0
0.6,15.0,0.7,0.6,0.3,0.213048,0.176295,0.396663,0.999207,3.134311,0.173418,4.886207,11.909322,0.489097,0.0,0.242113,0.998454,0.413773,0.17315,1,1,1,1,0
0.6,15.0,0.8,0.7,0.0,0.213048,0.176295,0.396663,0.999207,3.134311,0.17357,4.886207,11.909322,0.589097,0.0,0.242113,0.998454,0.413773,0.173302,1,1,1,1,0
0.6,15.0,0.8,0.7,0.1,0.213048,0.176295,0.396663,0.999207,3.134311,0.173556,4.886207,11.909322,0.589097,0.0,0.242113,0.998454,0.413773,0.173287,1,1,1,1,0
0.6,15.0,0.8,0.7,0.3,0.213048,0.176295,0.396663,0.999207,3.134311,0.17344,4.886207,11.909322,0.589097,0.0,0.242113,0.998454,0.413773,0.173172,1,1,1,1,0
0.6,15.0,0.9,0.8,0.0,0.213048,0.176295,0.396663,0.999207,3.134311,0.17357,4.886207,11.909322,0.689097,0.0,0.242113,0.998454,0.413773,0.173302,1,1,1,1,0
0.6,15.0,0.9,0.8,0.1,0.213048,0.176295,0.396663,0.999207,3.134311,0.173558,4.886207,11.909322,0.689097,0.0,0.242113,0.998454,0.413773,0.173289,1,1,1,1,0
0.6,15.0,0.9,0.8,0.3,0.213048,0.176295,0.396663,0.999207,3.134311,0.173456,4.886207,11.909322,0.689097,0.0,0.242113,0.998454,0.413773,0.173188,1,1,1,1,0
0.6,15.0,1.0,0.9,0.0,0.213048,0.176295,0.396663,0.999207,3.134311,0.17357,4.886207,11.909322,0.789097,0.0,0.242113,0.998454,0.413773,0.173302,1,1,1,1,0
0.6,15.0,1.0,0.9,0.1,0.213048,0.176295,0.396663,0.999207,3.134311,0.173559,4.886207,11.909322,0.789097,0.0,0.242113,0.998454,0.413773,0.173291,1,1,1,1,0
0.6,15.0,1.0,0.9,0.3,0.213048,0.176295,0.396663,0.999207,3.134311,0.173469,4.886207,11.909322,0.789097,0.0,0.242113,0.998454,0.413773,0.173201,1,1,1,1,0
0.6,17.5,0.3,0.2,0.0,0.250696,0.176295,0.396663,0.999207,3.134311,0.17357,5.722859,13.937619,0.051828,0.0513,0.279733,0.994354,0.443414,0.163736,1,1,1,1,0
0.6,17.5,0.3,0.2,0.1,0.250696,0.176295,0.396663,0.999207,3.134311,0.173519,5.722859,13.937619,0.051828,0.0513,0.279733,0.994354,0.443414,0.163688,1,1,1,1,0
0.6,17.5,0.3,0.2,0.3,0.250696,0.176295,0.396663,0.999207,3.134311,0.173113,5.722859,13.937619,0.051828,0.0513,0.279733,0.994354,0.443414,0.163305,1,1,1,1,0
0.6,17.5,0.4,0.3,0.0,0.250696,0.176295,0.396663,0.999207,3.134311,0.17357,5.722859,13.937619,0.151828,0.01211,0.279733,0.994354,0.43035,0.1705,1,1,1,1,0
0.6,17.5,0.4,0.3,0.1,0.250696,0.176295,0.396663,0.999207,3.134311,0.173536,5.722859,13.937619,0.151828,0.01211,0.279733,0.994354,0.43035,0.170467,1,1,1,1,0
0.6,17.5,0.4,0.3,0.3,0.250696,0.176295,0.396663,0.999207,3.134311,0.173265,5.722859,13.937619,0.151828,0.01211,0.279733,0.994354,0.43035,0.170201,1,1,1,1,0
0.6,17.5,0.5,0.4,0.0,0.250696,0.176295,0.396663,0.999207,3.134311,0.17357,5.722859,13.937619,0.251828,0.000371,0.279733,0.994354,0.426437,0.172526,1,1,1,1,0
0.6,17.5,0.5,0.4,0.1,0.250696,0.176295,0.396663,0.999207,3.134311,0.173545,5.722859,13.937619,0.251828,0.000371,0.279733,0.994354,0.426437,0.172501,1,1,1,1,0
0.6,17.5,0.5,0.4,0.3,0.250696,0.176295,0.396663,0.999207,3.134311,0.173342,5.722859,13.937619,0.251828,0.000371,0.279733,0.994354,0.426437,0.172299,1,1,1,1,0
0.6,17.5,0.6,0.5,0.0,0.250696,0.176295,0.396663,0.999207,3.134311,0.17357,5.722859,13.937619,0.351828,0.0,0.279733,0.994354,0.426313,0.17259,1,1,1,1,0
0.6,17.5,0.6,0.5,0.1,0.250696,0.176295,0.396663,0.999207,3.134311,0.17355,5.722859,13.937619,0.351828,0.0,0.279733,0.994354,0.426313,0.17257,1,1,1,1,0
0.6,17.5,0.6,0.5,0.3,0.250696,0.176295,0.396663,0.999207,3.134311,0.173387,5.722859,13.937619,0.351828,0.0,0.279733,0.994354,0.426313,0.172408,1,1,1,1,0
0.6,17.5,0.7,0.6,0.0,0.250696,0.176295,0.396663,0.999207,3.134311,0.17357,5.722859,13.937619,0.451828,0.0,0.279733,0.994354,0.426313,0.17259,1,1,1,1,0
0.6,17.5,0.7,0.6,0.1,0.250696,0.176295,0.396663,0.999207,3.134311,0.173553,5.722859,13.937619,0.451828,0.0,0.279733,0.994354,0.426313,0.172573,1,1,1,1,0
0.6,17.5,0.7,0.6,0.3,0.250696,0.176295,0.396663,0.999207,3.134311,0.173418,5.722859,13.937619,0.451828,0.0,0.279733,0.994354,0.426313,0.172439,1,1,1,1,0
0.6,17.5,0.8,0.7,0.0,0.250696,0.176295,0.396663,0.999207,3.134311,0.17357,5.722859,13.937619,0.551828,0.0,0.279733,0.994354,0.426313,0.17259,1,1,1,1,0
0.6,17.5,0.8,0.7,0.1,0.250696,0.176295,0.396663,0.999207,3.134311,0.173556,5.722859,13.937619,0.551828,0.0,0.279733,0.994354,0.426313,0.172576,1,1,1,1,0
0.6,17.5,0.8,0.7,0.3,0.250696,0.176295,0.396663,0.999207,3.134311,0.17344,5.722859,13.937619,0.551828,0.0,0.279733,0.994354,0.426313,0.17246,1,1,1,1,0
0.6,17.5,0.9,0.8,0.0,0.250696,0.176295,0.396663,0.999207,3.134311,0.17357,5.722859,13.937619,0.651828,0.0,0.279733,0.994354,0.426313,0.17259,1,1,1,1,0
0.6,17.5,0.9,0.8,0.1,0.250696,0.176295,0.396663,0.999207,3.134311,0.173558,5.722859,13.937619,0.651828,0.0,0.279733,0.994354,0.426313,0.172578,1,1,1,1,0
0.6,17.5,0.9,0.8,0.3,0.250696,0.176295,0.396663,0.999207,3.134311,0.173456,5.722859,13.937619,0.651828,0.0,0.279733,0.994354,0.426313,0.172477,1,1,1,1,0
0.6,17.5,1.0,0.9,0.0,0.250696,0.176295,0.396663,0.999207,3.134311,0.17357,5.722859,13.937619,0.751828,0.0,0.279733,0.994354,0.426313,0.17259,1,1,1,1,0
0.6,17.5,1.0,0.9,0.1,0.250696,0.176295,0.396663,0.999207,3.134311,0.173559,5.722859,13.937619,0.751828,0.0,0.279733,0.994354,0.426313,0.172579,1,1,1,1,0
0.6,17.5,1.0,0.9,0.3,0.250696,0.176295,0.396663,0.999207,3.134311,0.173469,5.722859,13.937619,0.751828,0.0,0.279733,0.994354,0.426313,0.172489,1,1,1,1,0
0.6,20.0,0.3,0.2,0.0,0.289395,0.176295,0.396663,0.999207,3.134311,0.17357,6.570705,15.986012,0.013519,0.077579,0.315355,0.987697,0.464047,0.158135,1,1,1,1,0
0.6,20.0,0.3,0.2,0.1,0.289395,0.176295,0.396663,0.999207,3.134311,0.173519,6.570705,15.986012,0.013519,0.077579,0.315355,0.987697,0.464047,0.158089,1,1,1,1,0
0.6,20.0,0.3,0.2,0.3,0.289395,0.176295,0.396663,0.999207,3.134311,0.173113,6.570705,15.986012,0.013519,0.077579,0.315355,0.987697,0.464047,0.157718,1,1,1,1,0
0.6,20.0,0.4,0.3,0.0,0.289395,0.176295,0.396663,0.999207,3.134311,0.17357,6.570705,15.986012,0.113519,0.029791,0.315355,0.987697,0.448118,0.166328,1,1,1,1,0
0.6,20.0,0.4,0.3,0.1,0.289395,0.176295,0.396663,0.999207,3.134311,0.173536,6.570705,15.986012,0.113519,0.029791,0.315355,0.987697,0.448118,0.166295,1,1,1,1,0
0.6,20.0,0.4,0.3,0.3,0.289395,0.176295,0.396663,0.999207,3.134311,0.173265,6.570705,15.986012,0.113519,0.029791,0.315355,0.987697,0.448118,0.166036,1,1,1,1,0
0.6,20.0,0.5,0.4,0.0,0.289395,0.176295,0.396663,0.999207,3.134311,0.17357,6.570705,15.986012,0.213519,0.006655,0.315355,0.987697,0.440406,0.170294,1,1,1,1,0
0.6,20.0,0.5,0.4,0.1,0.289395,0.176295,0.396663,0.999207,3.134311,0.173545,6.570705,15.986012,0.213519,0.006655,0.315355,0.987697,0.440406,0.170269,1,1,1,1,0
0.6,20.0,0.5,0.4,0.3,0.289395,0.176295,0.396663,0.999207,3.134311,0.173342,6.570705,15.986012,0.213519,0.006655,0.315355,0.987697,0.440406,0.17007,1,1,1,1,0
0.6,20.0,0.6,0.5,0.0,0.289395,0.176295,0.396663,0.999207,3.134311,0.17357,6.570705,15.986012,0.313519,0.0,0.315355,0.987697,0.438188,0.171435,1,1,1,1,0
0.6,20.0,0.6,0.5,0.1,0.289395,0.176295,0.396663,0.999207,3.134311,0.17355,6.570705,15.986012,0.313519,0.0,0.315355,0.987697,0.438188,0.171415,1,1,1,1,0
0.6,20.0,0.6,0.5,0.3,0.289395,0.176295,0.396663,0.999207,3.134311,0.173387,6.570705,15.986012,0.313519,0.0,0.315355,0.987697,0.438188,0.171254,1,1,1,1,0
0.6,20.0,0.7,0.6,0.0,0.289395,0.176295,0.396663,0.999207,3.134311,0.17357,6.570705,15.986012,0.413519,0.0,0.315355,0.987697,0.438188,0.171435,1,1,1,1,0
0.6,20.0,0.7,0.6,0.1,0.289395,0.176295,0.396663,0.999207,3.134311,0.173553,6.570705,15.986012,0.413519,0.0,0.315355,0.987697,0.438188,0.171418,1,1,1,1,0
0.6,20.0,0.7,0.6,0.3,0.289395,0.176295,0.396663,0.999207,3.134311,0.173418,6.570705,15.986012,0.413519,0.0,0.315355,0.987697,0.438188,0.171284,1,1,1,1,0
0.6,20.0,0.8,0.7,0.0,0.289395,0.176295,0.396663,0.999207,3.134311,0.17357,6.570705,15.986012,0.513519,0.0,0.315355,0.987697,0.438188,0.171435,1,1,1,1,0
0.6,20.0,0.8,0.7,0.1,0.289395,0.176295,0.396663,0.999207,3.134311,0.173556,6.570705,15.986012,0.513519,0.0,0.315355,0.987697,0.438188,0.17142,1,1,1,1,0
0.6,20.0,0.8,0.7,0.3,0.289395,0.176295,0.396663,0.999207,3.134311,0.17344,6.570705,15.986012,0.513519,0.0,0.315355,0.987697,0.438188,0.171306,1,1,1,1,0
0.6,20.0,0.9,0.8,0.0,0.289395,0.176295,0.396663,0.999207,3.134311,0.17357,6.570705,15.986012,0.613519,0.0,0.315355,0.987697,0.438188,0.171435,1,1,1,1,0
0.6,20.0,0.9,0.8,0.1,0.289395,0.176295,0.396663,0.999207,3.134311,0.173558,6.570705,15.986012,0.613519,0.0,0.315355,0.987697,0.438188,0.171422,1,1,1,1,0
0.6,20.0,0.9,0.8,0.3,0.289395,0.176295,0.396663,0.999207,3.134311,0.173456,6.570705,15.986012,0.613519,0.0,0.315355,0.987697,0.438188,0.171322,1,1,1,1,0
0.6,20.0,1.0,0.9,0.0,0.289395,0.176295,0.396663,0.999207,3.134311,0.17357,6.570705,15.986012,0.713519,0.0,0.315355,0.987697,0.438188,0.171435,1,1,1,1,0
0.6,20.0,1.0,0.9,0.1,0.289395,0.176295,0.396663,0.999207,3.134311,0.173559,6.570705,15.986012,0.713519,0.0,0.315355,0.987697,0.438188,0.171424,1,1,1,1,0
0.6,20.0,1.0,0.9,0.3,0.289395,0.176295,0.396663,0.999207,3.134311,0.173469,6.570705,15.986012,0.713519,0.0,0.315355,0.987697,0.438188,0.171334,1,1,1,1,0
0.6,22.5,0.3,0.2,0.0,0.329344,0.176295,0.396663,0.999207,3.134311,0.17357,7.431985,18.057406,-0.026028,0.110111,0.350799,0.980191,0.486706,0.151399,1,1,0,0,0
0.6,22.5,0.3,0.2,0.1,0.329344,0.176295,0.396663,0.999207,3.134311,0.173519,7.431985,18.057406,-0.026028,0.110111,0.350799,0.980191,0.486706,0.151354,1,1,0,0,0
0.6,22.5,0.3,0.2,0.3,0.329344,0.176295,0.396663,0.999207,3.134311,0.173113,7.431985,18.057406,-0.026028,0.110111,0.350799,0.980191,0.486706,0.151,1,1,0,0,0
0.6,22.5,0.4,0.3,0.0,0.329344,0.176295,0.396663,0.999207,3.134311,0.17357,7.431985,18.057406,0.073972,0.049147,0.350799,0.980191,0.466384,0.161771,1,1,1,1,1
0.6,22.5,0.4,0.3,0.1,0.329344,0.176295,0.396663,0.999207,3.134311,0.173536,7.431985,18.057406,0.073972,0.049147,0.350799,0.980191,0.466384,0.161739,1,1,1,1,0
0.6,22.5,0.4,0.3,0.3,0.329344,0.176295,0.396663,0.999207,3.134311,0.173265,7.431985,18.057406,0.073972,0.049147,0.350799,0.980191,0.466384,0.161486,1,1,1,1,0
0.6,22.5,0.5,0.4,0.0,0.329344,0.176295,0.396663,0.999207,3.134311,0.17357,7.431985,18.057406,0.173972,0.017957,0.350799,0.980191,0.455988,0.167077,1,1,1,1,0
0.6,22.5,0.5,0.4,0.1,0.329344,0.176295,0.396663,0.999207,3.134311,0.173545,7.431985,18.057406,0.173972,0.017957,0.350799,0.980191,0.455988,0.167052,1,1,1,1,0
0.6,22.5,0.5,0.4,0.3,0.329344,0.176295,0.396663,0.999207,3.134311,0.173342,7.431985,18.057406,0.173972,0.017957,0.350799,0.980191,0.455988,0.166857,1,1,1,1,0
0.6,22.5,0.6,0.5,0.0,0.329344,0.176295,0.396663,0.999207,3.134311,0.17357,7.431985,18.057406,0.273972,0.00318,0.350799,0.980191,0.451062,0.169591,1,1,1,1,0
0.6,22.5,0.6,0.5,0.1,0.329344,0.176295,0.396663,0.999207,3.134311,0.17355,7.431985,18.057406,0.273972,0.00318,0.350799,0.980191,0.451062,0.169571,1,1,1,1,0
0.6,22.5,0.6,0.5,0.3,0.329344,0.176295,0.396663,0.999207,3.134311,0.173387,7.431985,18.057406,0.273972,0.00318,0.350799,0.980191,0.451062,0.169412,1,1,1,1,0
0.6,22.5,0.7,0.6,0.0,0.329344,0.176295,0.396663,0.999207,3.134311,0.17357,7.431985,18.057406,0.373972,0.0,0.350799,0.980191,0.450002,0.170132,1,1,1,1,0
0.6,22.5,0.7,0.6,0.1,0.329344,0.176295,0.396663,0.999207,3.134311,0.173553,7.431985,18.057406,0.373972,0.0,0.350799,0.980191,0.450002,0.170115,1,1,1,1,0
0.6,22.5,0.7,0.6,0.3,0.329344,0.176295,0.396663,0.999207,3.134311,0.173418,7.431985,18.057406,0.373972,0.0,0.350799,0.980191,0.450002,0.169983,1,1,1,1,0
0.6,22.5,0.8,0.7,0.0,0.329344,0.176295,0.396663,0.999207,3.134311,0.17357,7.431985,18.057406,0.473972,0.0,0.350799,0.980191,0.450002,0.170132,1,1,1,1,0
0.6,22.5,0.8,0.7,0.1,0.329344,0.176295,0.396663,0.999207,3.134311,0.173556,7.431985,18.057406,0.473972,0.0,0.350799,0.980191,0.450002,0.170118,1,1,1,1,0
0.6,22.5,0.8,0.7,0.3,0.329344,0.176295,0.396663,0.999207,3.134311,0.17344,7.431985,18.057406,0.473972,0.0,0.350799,0.980191,0.450002,0.170004,1,1,1,1,0
0.6,22.5,0.9,0.8,0.0,0.329344,0.176295,0.396663,0.999207,3.134311,0.17357,7.431985,18.057406,0.573972,0.0,0.350799,0.980191,0.450002,0.170132,1,1,1,1,0
0.6,22.5,0.9,0.8,0.1,0.329344,0.176295,0.396663,0.999207,3.134311,0.173558,7.431985,18.057406,0.573972,0.0,0.350799,0.980191,0.450002,0.17012,1,1,1,1,0
0.6,22.5,0.9,0.8,0.3,0.329344,0.176295,0.396663,0.999207,3.134311,0.173456,7.431985,18.057406,0.573972,0.0,0.350799,0.980191,0.450002,0.17002,1,1,1,1,0
0.6,22.5,1.0,0.9,0.0,0.329344,0.176295,0.396663,0.999207,3.134311,0.17357,7.431985,18.057406,0.673972,0.0,0.350799,0.980191,0.450002,0.170132,1,1,1,1,0
0.6,22.5,1.0,0.9,0.1,0.329344,0.176295,0.396663,0.999207,3.134311,0.173559,7.431985,18.057406,0.673972,0.0,0.350799,0.980191,0.450002,0.170121,1,1,1,1,0
0.6,22.5,1.0,0.9,0.3,0.329344,0.176295,0.396663,0.999207,3.134311,0.173469,7.431985,18.057406,0.673972,0.0,0.350799,0.980191,0.450002,0.170032,1,1,1,1,0
0.6,25.0,0.3,0.2,0.0,0.370764,0.176295,0.396663,0.999207,3.134311,0.17357,8.309196,20.154705,-0.067031,0.141955,0.383126,0.968775,0.508096,0.144281,0,1,0,0,0
0.6,25.0,0.3,0.2,0.1,0.370764,0.176295,0.396663,0.999207,3.134311,0.173519,8.309196,20.154705,-0.067031,0.141955,0.383126,0.968775,0.508096,0.144238,0,1,0,0,0
0.6,25.0,0.3,0.2,0.3,0.370764,0.176295,0.396663,0.999207,3.134311,0.173113,8.309196,20.154705,-0.067031,0.141955,0.383126,0.968775,0.508096,0.143901,0,1,0,0,0
0.6,25.0,0.4,0.3,0.0,0.370764,0.176295,0.396663,0.999207,3.134311,0.17357,8.309196,20.154705,0.032969,0.068576,0.383126,0.968775,0.483636,0.156619,0,1,1,0,0
0.6,25.0,0.4,0.3,0.1,0.370764,0.176295,0.396663,0.999207,3.134311,0.173536,8.309196,20.154705,0.032969,0.068576,0.383126,0.968775,0.483636,0.156589,0,1,1,0,0
0.6,25.0,0.4,0.3,0.3,0.370764,0.176295,0.396663,0.999207,3.134311,0.173265,8.309196,20.154705,0.032969,0.068576,0.383126,0.968775,0.483636,0.156344,0,1,1,0,0
0.6,25.0,0.5,0.4,0.0,0.370764,0.176295,0.396663,0.999207,3.134311,0.17357,8.309196,20.154705,0.132969,0.033573,0.383126,0.968775,0.471969,0.162505,0,1,1,0,0
0.6,25.0,0.5,0.4,0.1,0.370764,0.176295,0.396663,0.999207,3.134311,0.173545,8.309196,20.154705,0.132969,0.033573,0.383126,0.968775,0.471969,0.162481,0,1,1,0,0
0.6,25.0,0.5,0.4,0.3,0.370764,0.176295,0.396663,0.999207,3.134311,0.173342,8.309196,20.154705,0.132969,0.033573,0.383126,0.968775,0.471969,0.162291,0,1,1,0,0
0.6,25.0,0.6,0.5,0.0,0.370764,0.176295,0.396663,0.999207,3.134311,0.17357,8.309196,20.154705,0.232969,0.010936,0.383126,0.968775,0.464423,0.166312,0,1,1,0,0
0.6,25.0,0.6,0.5,0.1,0.370764,0.176295,0.396663,0.999207,3.134311,0.17355,8.309196,20.154705,0.232969,0.010936,0.383126,0.968775,0.464423,0.166292,0,1,1,0,0
0.6,25.0,0.6,0.5,0.3,0.370764,0.176295,0.396663,0.999207,3.134311,0.173387,8.309196,20.154705,0.232969,0.010936,0.383126,0.968775,0.464423,0.166136,0,1,1,0,0
0.6,25.0,0.7,0.6,0.0,0.370764,0.176295,0.396663,0.999207,3.134311,0.17357,8.309196,20.154705,0.332969,0.001745,0.383126,0.968775,0.461359,0.167857,0,1,1,0,0
0.6,25.0,0.7,0.6,0.1,0.370764,0.176295,0.396663,0.999207,3.134311,0.173553,8.309196,20.154705,0.332969,0.001745,0.383126,0.968775,0.461359,0.167841,0,1,1,0,0
0.6,25.0,0.7,0.6,0.3,0.370764,0.176295,0.396663,0.999207,3.134311,0.173418,8.309196,20.154705,0.332969,0.001745,0.383126,0.968775,0.461359,0.16771,0,1,1,0,0
0.6,25.0,0.8,0.7,0.0,0.370764,0.176295,0.396663,0.999207,3.134311,0.17357,8.309196,20.154705,0.432969,0.0,0.383126,0.968775,0.460778,0.168151,0,1,1,0,0
0.6,25.0,0.8,0.7,0.1,0.370764,0.176295,0.396663,0.999207,3.134311,0.173556,8.309196,20.154705,0.432969,0.0,0.383126,0.968775,0.460778,0.168136,0,1,1,0,0
0.6,25.0,0.8,0.7,0.3,0.370764,0.176295,0.396663,0.999207,3.134311,0.17344,8.309196,20.154705,0.432969,0.0,0.383126,0.968775,0.460778,0.168024,0,1,1,0,0
0.6,25.0,0.9,0.8,0.0,0.370764,0.176295,0.396663,0.999207,3.134311,0.17357,8.309196,20.154705,0.532969,0.0,0.383126,0.968775,0.460778,0.168151,0,1,1,0,0
0.6,25.0,0.9,0.8,0.1,0.370764,0.176295,0.396663,0.999207,3.134311,0.173558,8.309196,20.154705,0.532969,0.0,0.383126,0.968775,0.460778,0.168138,0,1,1,0,0
0.6,25.0,0.9,0.8,0.3,0.370764,0.176295,0.396663,0.999207,3.134311,0.173456,8.309196,20.154705,0.532969,0.0,0.383126,0.968775,0.460778,0.16804,0,1,1,0,0
0.6,25.0,1.0,0.9,0.0,0.370764,0.176295,0.396663,0.999207,3.134311,0.17357,8.309196,20.154705,0.632969,0.0,0.383126,0.968775,0.460778,0.168151,0,1,1,0,0
0.6,25.0,1.0,0.9,0.1,0.370764,0.176295,0.396663,0.999207,3.134311,0.173559,8.309196,20.154705,0.632969,0.0,0.383126,0.968775,0.460778,0.16814,0,1,1,0,0
0.6,25.0,1.0,0.9,0.3,0.370764,0.176295,0.396663,0.999207,3.134311,0.173469,8.309196,20.154705,0.632969,0.0,0.383126,0.968775,0.460778,0.168052,0,1,1,0,0
0.6,27.5,0.3,0.2,0.0,0.413906,0.176295,0.396663,0.999207,3.134311,0.17357,9.20513,22.280809,-0.109739,0.171901,0.41356,0.954532,0.528223,0.137198,0,1,0,0,0
0.6,27.5,0.3,0.2,0.1,0.413906,0.176295,0.396663,0.999207,3.134311,0.173519,9.20513,22.280809,-0.109739,0.171901,0.41356,0.954532,0.528223,0.137158,0,1,0,0,0
0.6,27.5,0.3,0.2,0.3,0.413906,0.176295,0.396663,0.999207,3.134311,0.173113,9.20513,22.280809,-0.109739,0.171901,0.41356,0.954532,0.528223,0.136837,0,1,0,0,0
0.6,27.5,0.4,0.3,0.0,0.413906,0.176295,0.396663,0.999207,3.134311,0.17357,9.20513,22.280809,-0.009739,0.094355,0.41356,0.954532,0.502374,0.150046,0,1,0,0,0
0.6,27.5,0.4,0.3,0.1,0.413906,0.176295,0.396663,0.999207,3.134311,0.173536,9.20513,22.280809,-0.009739,0.094355,0.41356,0.954532,0.502374,0.150016,0,1,0,0,0
0.6,27.5,0.4,0.3,0.3,0.413906,0.176295,0.396663,0.999207,3.134311,0.173265,9.20513,22.280809,-0.009739,0.094355,0.41356,0.954532,0.502374,0.149782,0,1,0,0,0
0.6,27.5,0.5,0.4,0.0,0.413906,0.176295,0.396663,0.999207,3.134311,0.17357,9.20513,22.280809,0.090261,0.049907,0.41356,0.954532,0.487558,0.15741,0,1,1,0,0
0.6,27.5,0.5,0.4,0.1,0.413906,0.176295,0.396663,0.999207,3.134311,0.173545,9.20513,22.280809,0.090261,0.049907,0.41356,0.954532,0.487558,0.157387,0,1,1,0,0
0.6,27.5,0.5,0.4,0.3,0.413906,0.176295,0.396663,0.999207,3.134311,0.173342,9.20513,22.280809,0.090261,0.049907,0.41356,0.954532,0.487558,0.157203,0,1,1,0,0
0.6,27.5,0.6,0.5,0.0,0.413906,0.176295,0.396663,0.999207,3.134311,0.17357,9.20513,22.280809,0.190261,0.023269,0.41356,0.954532,0.478679,0.161823,0,1,1,0,0
0.6,27.5,0.6,0.5,0.1,0.413906,0.176295,0.396663,0.999207,3.134311,0.17355,9.20513,22.280809,0.190261,0.023269,0.41356,0.954532,0.478679,0.161804,0,1,1,0,0
0.6,27.5,0.6,0.5,0.3,0.413906,0.176295,0.396663,0.999207,3.134311,0.173387,9.20513,22.280809,0.190261,0.023269,0.41356,0.954532,0.478679,0.161653,0,1,1,0,0
0.6,27.5,0.7,0.6,0.0,0.413906,0.176295,0.396663,0.999207,3.134311,0.17357,9.20513,22.280809,0.290261,0.008071,0.41356,0.954532,0.473613,0.164341,0,1,1,0,0
0.6,27.5,0.7,0.6,0.1,0.413906,0.176295,0.396663,0.999207,3.134311,0.173553,9.20513,22.280809,0.290261,0.008071,0.41356,0.954532,0.473613,0.164325,0,1,1,0,0
0.6,27.5,0.7,0.6,0.3,0.413906,0.176295,0.396663,0.999207,3.134311,0.173418,9.20513,22.280809,0.290261,0.008071,0.41356,0.954532,0.473613,0.164197,0,1,1,0,0
0.6,27.5,0.8,0.7,0.0,0.413906,0.176295,0.396663,0.999207,3.134311,0.17357,9.20513,22.280809,0.390261,0.001167,0.41356,0.954532,0.471311,0.165485,0,1,1,0,0
0.6,27.5,0.8,0.7,0.1,0.413906,0.176295,0.396663,0.999207,3.134311,0.173556,9.20513,22.280809,0.390261,0.001167,0.41356,0.954532,0.471311,0.165471,0,1,1,0,0
0.6,27.5,0.8,0.7,0.3,0.413906,0.176295,0.396663,0.999207,3.134311,0.17344,9.20513,22.280809,0.390261,0.001167,0.41356,0.954532,0.471311,0.165361,0,1,1,0,0
0.6,27.5,0.9,0.8,0.0,0.413906,0.176295,0.396663,0.999207,3.134311,0.17357,9.20513,22.280809,0.490261,0.0,0.41356,0.954532,0.470922,0.165678,0,1,1,0,0
0.6,27.5,0.9,0.8,0.1,0.413906,0.176295,0.396663,0.999207,3.134311,0.173558,9.20513,22.280809,0.490261,0.0,0.41356,0.954532,0.470922,0.165666,0,1,1,0,0
0.6,27.5,0.9,0.8,0.3,0.413906,0.176295,0.396663,0.999207,3.134311,0.173456,9.20513,22.280809,0.490261,0.0,0.41356,0.954532,0.470922,0.165569,0,1,1,0,0
0.6,27.5,1.0,0.9,0.0,0.413906,0.176295,0.396663,0.999207,3.134311,0.17357,9.20513,22.280809,0.590261,0.0,0.41356,0.954532,0.470922,0.165678,0,1,1,0,0
0.6,27.5,1.0,0.9,0.1,0.413906,0.176295,0.396663,0.999207,3.134311,0.173559,9.20513,22.280809,0.590261,0.0,0.41356,0.954532,0.470922,0.165668,0,1,1,0,0
0.6,27.5,1.0,0.9,0.3,0.413906,0.176295,0.396663,0.999207,3.134311,0.173469,9.20513,22.280809,0.590261,0.0,0.41356,0.954532,0.470922,0.165581,0,1,1,0,0
0.6,30.0,0.3,0.2,0.0,0.459055,0.176295,0.396663,0.999207,3.134311,0.17357,10.122921,24.438603,-0.154433,0.201976,0.443587,0.939644,0.548257,0.130153,0,1,0,0,0
0.6,30.0,0.3,0.2,0.1,0.459055,0.176295,0.396663,0.999207,3.134311,0.173519,10.122921,24.438603,-0.154433,0.201976,0.443587,0.939644,0.548257,0.130115,0,1,0,0,0
0.6,30.0,0.3,0.2,0.3,0.459055,0.176295,0.396663,0.999207,3.134311,0.173113,10.122921,24.438603,-0.154433,0.201976,0.443587,0.939644,0.548257,0.12981,0,1,0,0,0
0.6,30.0,0.4,0.3,0.0,0.459055,0.176295,0.396663,0.999207,3.134311,0.17357,10.122921,24.438603,-0.054433,0.121855,0.443587,0.939644,0.52155,0.14322,0,1,0,0,0
0.6,30.0,0.4,0.3,0.1,0.459055,0.176295,0.396663,0.999207,3.134311,0.173536,10.122921,24.438603,-0.054433,0.121855,0.443587,0.939644,0.52155,0.143192,0,1,0,0,0
0.6,30.0,0.4,0.3,0.3,0.459055,0.176295,0.396663,0.999207,3.134311,0.173265,10.122921,24.438603,-0.054433,0.121855,0.443587,0.939644,0.52155,0.142969,0,1,0,0,0
0.6,30.0,0.5,0.4,0.0,0.459055,0.176295,0.396663,0.999207,3.134311,0.17357,10.122921,24.438603,0.045567,0.066439,0.443587,0.939644,0.503078,0.152258,0,1,1,0,0
0.6,30.0,0.5,0.4,0.1,0.459055,0.176295,0.396663,0.999207,3.134311,0.173545,10.122921,24.438603,0.045567,0.066439,0.443587,0.939644,0.503078,0.152236,0,1,1,0,0
0.6,30.0,0.5,0.4,0.3,0.459055,0.176295,0.396663,0.999207,3.134311,0.173342,10.122921,24.438603,0.045567,0.066439,0.443587,0.939644,0.503078,0.152058,0,1,1,0,0
0.6,30.0,0.6,0.5,0.0,0.459055,0.176295,0.396663,0.999207,3.134311,0.17357,10.122921,24.438603,0.145567,0.038399,0.443587,0.939644,0.493731,0.156832,0,1,1,0,0
0.6,30.0,0.6,0.5,0.1,0.459055,0.176295,0.396663,0.999207,3.134311,0.17355,10.122921,24.438603,0.145567,0.038399,0.443587,0.939644,0.493731,0.156813,0,1,1,0,0
0.6,30.0,0.6,0.5,0.3,0.459055,0.176295,0.396663,0.999207,3.134311,0.173387,10.122921,24.438603,0.145567,0.038399,0.443587,0.939644,0.493731,0.156666,0,1,1,0,0
0.6,30.0,0.7,0.6,0.0,0.459055,0.176295,0.396663,0.999207,3.134311,0.17357,10.122921,24.438603,0.245567,0.017438,0.443587,0.939644,0.486744,0.16025,0,1,1,0,0
0.6,30.0,0.7,0.6,0.1,0.459055,0.176295,0.396663,0.999207,3.134311,0.173553,10.122921,24.438603,0.245567,0.017438,0.443587,0.939644,0.486744,0.160235,0,1,1,0,0
0.6,30.0,0.7,0.6,0.3,0.459055,0.176295,0.396663,0.999207,3.134311,0.173418,10.122921,24.438603,0.245567,0.017438,0.443587,0.939644,0.486744,0.16011,0,1,1,0,0
0.6,30.0,0.8,0.7,0.0,0.459055,0.176295,0.396663,0.999207,3.134311,0.17357,10.122921,24.438603,0.345567,0.006076,0.443587,0.939644,0.482957,0.162103,0,1,1,0,0
0.6,30.0,0.8,0.7,0.1,0.459055,0.176295,0.396663,0.999207,3.134311,0.173556,10.122921,24.438603,0.345567,0.006076,0.443587,0.939644,0.482957,0.16209,0,1,1,0,0
0.6,30.0,0.8,0.7,0.3,0.459055,0.176295,0.396663,0.999207,3.134311,0.17344,10.122921,24.438603,0.345567,0.006076,0.443587,0.939644,0.482957,0.161981,0,1,1,0,0
0.6,30.0,0.9,0.8,0.0,0.459055,0.176295,0.396663,0.999207,3.134311,0.17357,10.122921,24.438603,0.445567,0.000808,0.443587,0.939644,0.481201,0.162962,0,1,1,0,0
0.6,30.0,0.9,0.8,0.1,0.459055,0.176295,0.396663,0.999207,3.134311,0.173558,10.122921,24.438603,0.445567,0.000808,0.443587,0.939644,0.481201,0.162951,0,1,1,0,0
0.6,30.0,0.9,0.8,0.3,0.459055,0.176295,0.396663,0.999207,3.134311,0.173456,10.122921,24.438603,0.445567,0.000808,0.443587,0.939644,0.481201,0.162855,0,1,1,0,0
0.6,30.0,1.0,0.9,0.0,0.459055,0.176295,0.396663,0.999207,3.134311,0.17357,10.122921,24.438603,0.545567,0.0,0.443587,0.939644,0.480931,0.163094,0,1,1,0,0
0.6,30.0,1.0,0.9,0.1,0.459055,0.176295,0.396663,0.999207,3.134311,0.173559,10.122921,24.438603,0.545567,0.0,0.443587,0.939644,0.480931,0.163084,0,1,1,0,0
0.6,30.0,1.0,0.9,0.3,0.459055,0.176295,0.396663,0.999207,3.134311,0.173469,10.122921,24.438603,0.545567,0.0,0.443587,0.939644,0.480931,0.162999,0,1,1,0,0
0.6,32.5,0.3,0.2,0.0,0.506538,0.176295,0.396663,0.999207,3.134311,0.17357,11.066099,26.630945,-0.201438,0.232064,0.473424,0.924539,0.568231,0.123233,0,1,0,0,0
0.6,32.5,0.3,0.2,0.1,0.506538,0.176295,0.396663,0.999207,3.134311,0.173519,11.066099,26.630945,-0.201438,0.232064,0.473424,0.924539,0.568231,0.123197,0,1,0,0,0
0.6,32.5,0.3,0.2,0.3,0.506538,0.176295,0.396663,0.999207,3.134311,0.173113,11.066099,26.630945,-0.201438,0.232064,0.473424,0.924539,0.568231,0.122908,0,1,0,0,0
0.6,32.5,0.4,0.3,0.0,0.506538,0.176295,0.396663,0.999207,3.134311,0.17357,11.066099,26.630945,-0.101438,0.14849,0.473424,0.924539,0.540374,0.136644,0,1,0,0,0
0.6,32.5,0.4,0.3,0.1,0.506538,0.176295,0.396663,0.999207,3.134311,0.173536,11.066099,26.630945,-0.101438,0.14849,0.473424,0.924539,0.540374,0.136617,0,1,0,0,0
0.6,32.5,0.4,0.3,0.3,0.506538,0.176295,0.396663,0.999207,3.134311,0.173265,11.066099,26.630945,-0.101438,0.14849,0.473424,0.924539,0.540374,0.136404,0,1,0,0,0
0.6,32.5,0.5,0.4,0.0,0.506538,0.176295,0.396663,0.999207,3.134311,0.17357,11.066099,26.630945,-0.001438,0.089013,0.473424,0.924539,0.520548,0.146188,0,1,0,0,0
0.6,32.5,0.5,0.4,0.1,0.506538,0.176295,0.396663,0.999207,3.134311,0.173545,11.066099,26.630945,-0.001438,0.089013,0.473424,0.924539,0.520548,0.146167,0,1,0,0,0
0.6,32.5,0.5,0.4,0.3,0.506538,0.176295,0.396663,0.999207,3.134311,0.173342,11.066099,26.630945,-0.001438,0.089013,0.473424,0.924539,0.520548,0.145996,0,1,0,0,0
0.6,32.5,0.6,0.5,0.0,0.506538,0.176295,0.396663,0.999207,3.134311,0.17357,11.066099,26.630945,0.098562,0.05287,0.473424,0.924539,0.5085,0.151988,0,1,1,0,0
0.6,32.5,0.6,0.5,0.1,0.506538,0.176295,0.396663,0.999207,3.134311,0.17355,11.066099,26.630945,0.098562,0.05287,0.473424,0.924539,0.5085,0.15197,0,1,1,0,0
0.6,32.5,0.6,0.5,0.3,0.506538,0.176295,0.396663,0.999207,3.134311,0.173387,11.066099,26.630945,0.098562,0.05287,0.473424,0.924539,0.5085,0.151828,0,1,1,0,0
0.6,32.5,0.7,0.6,0.0,0.506538,0.176295,0.396663,0.999207,3.134311,0.17357,11.066099,26.630945,0.198562,0.029818,0.473424,0.924539,0.500816,0.155688,0,1,1,0,0
0.6,32.5,0.7,0.6,0.1,0.506538,0.176295,0.396663,0.999207,3.134311,0.173553,11.066099,26.630945,0.198562,0.029818,0.473424,0.924539,0.500816,0.155672,0,1,1,0,0
0.6,32.5,0.7,0.6,0.3,0.506538,0.176295,0.396663,0.999207,3.134311,0.173418,11.066099,26.630945,0.198562,0.029818,0.473424,0.924539,0.500816,0.155551,0,1,1,0,0
0.6,32.5,0.8,0.7,0.0,0.506538,0.176295,0.396663,0.999207,3.134311,0.17357,11.066099,26.630945,0.298562,0.013218,0.473424,0.924539,0.495283,0.158351,0,1,1,0,0
0.6,32.5,0.8,0.7,0.1,0.506538,0.176295,0.396663,0.999207,3.134311,0.173556,11.066099,26.630945,0.298562,0.013218,0.473424,0.924539,0.495283,0.158338,0,1,1,0,0
0.6,32.5,0.8,0.7,0.3,0.506538,0.176295,0.396663,0.999207,3.134311,0.17344,11.066099,26.630945,0.298562,0.013218,0.473424,0.924539,0.495283,0.158232,0,1,1,0,0
0.6,32.5,0.9,0.8,0.0,0.506538,0.176295,0.396663,0.999207,3.134311,0.17357,11.066099,26.630945,0.398562,0.004757,0.473424,0.924539,0.492462,0.159709,0,1,1,0,0
0.6,32.5,0.9,0.8,0.1,0.506538,0.176295,0.396663,0.999207,3.134311,0.173558,11.066099,26.630945,0.398562,0.004757,0.473424,0.924539,0.492462,0.159697,0,1,1,0,0
0.6,32.5,0.9,0.8,0.3,0.506538,0.176295,0.396663,0.999207,3.134311,0.173456,11.066099,26.630945,0.398562,0.004757,0.473424,0.924539,0.492462,0.159604,0,1,1,0,0
0.6,32.5,1.0,0.9,0.0,0.506538,0.176295,0.396663,0.999207,3.134311,0.17357,11.066099,26.630945,0.498562,0.000632,0.473424,0.924539,0.491088,0.160371,0,1,1,0,0
0.6,32.5,1.0,0.9,0.1,0.506538,0.176295,0.396663,0.999207,3.134311,0.173559,11.066099,26.630945,0.498562,0.000632,0.473424,0.924539,0.491088,0.160361,0,1,1,0,0
0.6,32.5,1.0,0.9,0.3,0.506538,0.176295,0.396663,0.999207,3.134311,0.173469,11.066099,26.630945,0.498562,0.000632,0.473424,0.924539,0.491088,0.160277,0,1,1,0,0
0.6,35.0,0.3,0.2,0.0,0.556739,0.176295,0.396663,0.999207,3.134311,0.17357,12.038659,28.860644,-0.251134,0.262501,0.502452,0.908434,0.588053,0.116287,0,1,0,0,0
0.6,35.0,0.3,0.2,0.1,0.556739,0.176295,0.396663,0.999207,3.134311,0.173519,12.038659,28.860644,-0.251134,0.262501,0.502452,0.908434,0.588053,0.116253,0,1,0,0,0
0.6,35.0,0.3,0.2,0.3,0.556739,0.176295,0.396663,0.999207,3.134311,0.173113,12.038659,28.860644,-0.251134,0.262501,0.502452,0.908434,0.588053,0.11598,0,1,0,0,0
0.6,35.0,0.4,0.3,0.0,0.556739,0.176295,0.396663,0.999207,3.134311,0.17357,12.038659,28.860644,-0.151134,0.174398,0.502452,0.908434,0.558686,0.130179,0,1,0,0,0
0.6,35.0,0.4,0.3,0.1,0.556739,0.176295,0.396663,0.999207,3.134311,0.173536,12.038659,28.860644,-0.151134,0.174398,0.502452,0.908434,0.558686,0.130153,0,1,0,0,0
0.6,35.0,0.4,0.3,0.3,0.556739,0.176295,0.396663,0.999207,3.134311,0.173265,12.038659,28.860644,-0.151134,0.174398,0.502452,0.908434,0.558686,0.12995,0,1,0,0,0
0.6,35.0,0.5,0.4,0.0,0.556739,0.176295,0.396663,0.999207,3.134311,0.17357,12.038659,28.860644,-0.051134,0.113917,0.502452,0.908434,0.538526,0.139715,0,1,0,0,0
0.6,35.0,0.5,0.4,0.1,0.556739,0.176295,0.396663,0.999207,3.134311,0.173545,12.038659,28.860644,-0.051134,0.113917,0.502452,0.908434,0.538526,0.139695,0,1,0,0,0
0.6,35.0,0.5,0.4,0.3,0.556739,0.176295,0.396663,0.999207,3.134311,0.173342,12.038659,28.860644,-0.051134,0.113917,0.502452,0.908434,0.538526,0.139531,0,1,0,0,0
0.6,35.0,0.6,0.5,0.0,0.556739,0.176295,0.396663,0.999207,3.134311,0.17357,12.038659,28.860644,0.048866,0.068813,0.502452,0.908434,0.523491,0.146827,0,1,1,0,0
0.6,35.0,0.6,0.5,0.1,0.556739,0.176295,0.396663,0.999207,3.134311,0.17355,12.038659,28.860644,0.048866,0.068813,0.502452,0.908434,0.523491,0.14681,0,1,1,0,0
0.6,35.0,0.6,0.5,0.3,0.556739,0.176295,0.396663,0.999207,3.134311,0.173387,12.038659,28.860644,0.048866,0.068813,0.502452,0.908434,0.523491,0.146672,0,1,1,0,0
0.6,35.0,0.7,0.6,0.0,0.556739,0.176295,0.396663,0.999207,3.134311,0.17357,12.038659,28.860644,0.148866,0.044176,0.502452,0.908434,0.515278,0.150712,0,1,1,0,0
0.6,35.0,0.7,0.6,0.1,0.556739,0.176295,0.396663,0.999207,3.134311,0.173553,12.038659,28.860644,0.148866,0.044176,0.502452,0.908434,0.515278,0.150697,0,1,1,0,0
0.6,35.0,0.7,0.6,0.3,0.556739,0.176295,0.396663,0.999207,3.134311,0.173418,12.038659,28.860644,0.148866,0.044176,0.502452,0.908434,0.515278,0.150579,0,1,1,0,0
0.6,35.0,0.8,0.7,0.0,0.556739,0.176295,0.396663,0.999207,3.134311,0.17357,12.038659,28.860644,0.248866,0.024297,0.502452,0.908434,0.508652,0.153846,0,1,1,0,0
0.6,35.0,0.8,0.7,0.1,0.556739,0.176295,0.396663,0.999207,3.134311,0.173556,12.038659,28.860644,0.248866,0.024297,0.502452,0.908434,0.508652,0.153833,0,1,1,0,0
0.6,35.0,0.8,0.7,0.3,0.556739,0.176295,0.396663,0.999207,3.134311,0.17344,12.038659,28.860644,0.248866,0.024297,0.502452,0.908434,0.508652,0.15373,0,1,1,0,0
0.6,35.0,0.9,0.8,0.0,0.556739,0.176295,0.396663,0.999207,3.134311,0.17357,12.038659,28.860644,0.348866,0.011025,0.502452,0.908434,0.504228,0.155939,0,1,1,0,0
0.6,35.0,0.9,0.8,0.1,0.556739,0.176295,0.396663,0.999207,3.134311,0.173558,12.038659,28.860644,0.348866,0.011025,0.502452,0.908434,0.504228,0.155927,0,1,1,0,0
0.6,35.0,0.9,0.8,0.3,0.556739,0.176295,0.396663,0.999207,3.134311,0.173456,12.038659,28.860644,0.348866,0.011025,0.502452,0.908434,0.504228,0.155836,0,1,1,0,0
0.6,35.0,1.0,0.9,0.0,0.556739,0.176295,0.396663,0.999207,3.134311,0.17357,12.038659,28.860644,0.448866,0.004005,0.502452,0.908434,0.501888,0.157046,0,1,1,0,0
0.6,35.0,1.0,0.9,0.1,0.556739,0.176295,0.396663,0.999207,3.134311,0.173559,12.038659,28.860644,0.448866,0.004005,0.502452,0.908434,0.501888,0.157035,0,1,1,0,0
0.6,35.0,1.0,0.9,0.3,0.556739,0.176295,0.396663,0.999207,3.134311,0.173469,12.038659,28.860644,0.448866,0.004005,0.502452,0.908434,0.501888,0.156954,0,1,1,0,0
0.65,5.0,0.3,0.2,0.0,0.069563,0.190986,0.429718,0.999563,2.893211,0.160415,1.613854,3.939305,0.231138,0.0,0.080477,1.0,0.360013,0.160415,1,0,1,0,0
0.65,5.0,0.3,0.2,0.1,0.069563,0.190986,0.429718,0.999563,2.893211,0.160364,1.613854,3.939305,0.231138,0.0,0.080477,1.0,0.360013,0.160364,1,0,1,0,0
0.65,5.0,0.3,0.2,0.3,0.069563,0.190986,0.429718,0.999563,2.893211,0.159957,1.613854,3.939305,0.231138,0.0,0.080477,1.0,0.360013,0.159957,1,0,1,0,0
0.65,5.0,0.4,0.3,0.0,0.069563,0.190986,0.429718,0.999563,2.893211,0.160415,1.613854,3.939305,0.331138,0.0,0.080477,1.0,0.360013,0.160415,1,0,1,0,0
0.65,5.0,0.4,0.3,0.1,0.069563,0.190986,0.429718,0.999563,2.893211,0.160381,1.613854,3.939305,0.331138,0.0,0.080477,1.0,0.360013,0.160381,1,0,1,0,0
0.65,5.0,0.4,0.3,0.3,0.069563,0.190986,0.429718,0.999563,2.893211,0.160109,1.613854,3.939305,0.331138,0.0,0.080477,1.0,0.360013,0.160109,1,0,1,0,0
0.65,5.0,0.5,0.4,0.0,0.069563,0.190986,0.429718,0.999563,2.893211,0.160415,1.613854,3.939305,0.431138,0.0,0.080477,1.0,0.360013,0.160415,1,0,1,0,0
0.65,5.0,0.5,0.4,0.1,0.069563,0.190986,0.429718,0.999563,2.893211,0.160389,1.613854,3.939305,0.431138,0.0,0.080477,1.0,0.360013,0.160389,1,0,1,0,0
0.65,5.0,0.5,0.4,0.3,0.069563,0.190986,0.429718,0.999563,2.893211,0.160186,1.613854,3.939305,0.431138,0.0,0.080477,1.0,0.360013,0.160186,1,0,1,0,0
0.65,5.0,0.6,0.5,0.0,0.069563,0.190986,0.429718,0.999563,2.893211,0.160415,1.613854,3.939305,0.531138,0.0,0.080477,1.0,0.360013,0.160415,1,0,1,0,0
0.65,5.0,0.6,0.5,0.1,0.069563,0.190986,0.429718,0.999563,2.893211,0.160394,1.613854,3.939305,0.531138,0.0,0.080477,1.0,0.360013,0.160394,1,0,1,0,0
0.65,5.0,0.6,0.5,0.3,0.069563,0.190986,0.429718,0.999563,2.893211,0.160232,1.613854,3.939305,0.531138,0.0,0.080477,1.0,0.360013,0.160232,1,0,1,0,0
0.65,5.0,0.7,0.6,0.0,0.069563,0.190986,0.429718,0.999563,2.893211,0.160415,1.613854,3.939305,0.631138,0.0,0.080477,1.0,0.360013,0.160415,1,0,1,0,0
0.65,5.0,0.7,0.6,0.1,0.069563,0.190986,0.429718,0.999563,2.893211,0.160398,1.613854,3.939305,0.631138,0.0,0.080477,1.0,0.360013,0.160398,1,0,1,0,0
0.65,5.0,0.7,0.6,0.3,0.069563,0.190986,0.429718,0.999563,2.893211,0.160262,1.613854,3.939305,0.631138,0.0,0.080477,1.0,0.360013,0.160262,1,0,1,0,0
0.65,5.0,0.8,0.7,0.0,0.069563,0.190986,0.429718,0.999563,2.893211,0.160415,1.613854,3.939305,0.731138,0.0,0.080477,1.0,0.360013,0.160415,1,0,1,0,0
0.65,5.0,0.8,0.7,0.1,0.069563,0.190986,0.429718,0.999563,2.893211,0.1604,1.613854,3.939305,0.731138,0.0,0.080477,1.0,0.360013,0.1604,1,0,1,0,0
0.65,5.0,0.8,0.7,0.3,0.069563,0.190986,0.429718,0.999563,2.893211,0.160284,1.613854,3.939305,0.731138,0.0,0.080477,1.0,0.360013,0.160284,1,0,1,0,0
0.65,5.0,0.9,0.8,0.0,0.069563,0.190986,0.429718,0.999563,2.893211,0.160415,1.613854,3.939305,0.831138,0.0,0.080477,1.0,0.360013,0.160415,1,0,1,0,0
0.65,5.0,0.9,0.8,0.1,0.069563,0.190986,0.429718,0.999563,2.893211,0.160402,1.613854,3.939305,0.831138,0.0,0.080477,1.0,0.360013,0.160402,1,0,1,0,0
0.65,5.0,0.9,0.8,0.3,0.069563,0.190986,0.429718,0.999563,2.893211,0.1603,1.613854,3.939305,0.831138,0.0,0.080477,1.0,0.360013,0.1603,1,0,1,0,0
0.65,5.0,1.0,0.9,0.0,0.069563,0.190986,0.429718,0.999563,2.893211,0.160415,1.613854,3.939305,0.931138,0.0,0.080477,1.0,0.360013,0.160415,1,0,1,0,0
0.65,5.0,1.0,0.9,0.1,0.069563,0.190986,0.429718,0.999563,2.893211,0.160403,1.613854,3.939305,0.931138,0.0,0.080477,1.0,0.360013,0.160403,1,0,1,0,0
0.65,5.0,1.0,0.9,0.3,0.069563,0.190986,0.429718,0.999563,2.893211,0.160313,1.613854,3.939305,0.931138,0.0,0.080477,1.0,0.360013,0.160313,1,0,1,0,0
0.65,7.5,0.3,0.2,0.0,0.104678,0.190986,0.429718,0.999563,2.893211,0.160415,2.424156,5.916089,0.196376,0.0,0.120884,1.0,0.373482,0.160415,1,0,1,0,0
0.65,7.5,0.3,0.2,0.1,0.104678,0.190986,0.429718,0.999563,2.893211,0.160364,2.424156,5.916089,0.196376,0.0,0.120884,1.0,0.373482,0.160364,1,0,1,0,0
0.65,7.5,0.3,0.2,0.3,0.104678,0.190986,0.429718,0.999563,2.893211,0.159957,2.424156,5.916089,0.196376,0.0,0.120884,1.0,0.373482,0.159957,1,0,1,0,0
0.65,7.5,0.4,0.3,0.0,0.104678,0.190986,0.429718,0.999563,2.893211,0.160415,2.424156,5.916089,0.296376,0.0,0.120884,1.0,0.373482,0.160415,1,0,1,0,0
0.65,7.5,0.4,0.3,0.1,0.104678,0.190986,0.429718,0.999563,2.893211,0.160381,2.424156,5.916089,0.296376,0.0,0.120884,1.0,0.373482,0.160381,1,0,1,0,0
0.65,7.5,0.4,0.3,0.3,0.104678,0.190986,0.429718,0.999563,2.893211,0.160109,2.424156,5.916089,0.296376,0.0,0.120884,1.0,0.373482,0.160109,1,0,1,0,0
0.65,7.5,0.5,0.4,0.0,0.104678,0.190986,0.429718,0.999563,2.893211,0.160415,2.424156,5.916089,0.396376,0.0,0.120884,1.0,0.373482,0.160415,1,0,1,0,0
0.65,7.5,0.5,0.4,0.1,0.104678,0.190986,0.429718,0.999563,2.893211,0.160389,2.424156,5.916089,0.396376,0.0,0.120884,1.0,0.373482,0.160389,1,0,1,0,0
0.65,7.5,0.5,0.4,0.3,0.104678,0.190986,0.429718,0.999563,2.893211,0.160186,2.424156,5.916089,0.396376,0.0,0.120884,1.0,0.373482,0.160186,1,0,1,0,0
0.65,7.5,0.6,0.5,0.0,0.104678,0.190986,0.429718,0.999563,2.893211,0.160415,2.424156,5.916089,0.496376,0.0,0.120884,1.0,0.373482,0.160415,1,0,1,0,0
0.65,7.5,0.6,0.5,0.1,0.104678,0.190986,0.429718,0.999563,2.893211,0.160394,2.424156,5.916089,0.496376,0.0,0.120884,1.0,0.373482,0.160394,1,0,1,0,0
0.65,7.5,0.6,0.5,0.3,0.104678,0.190986,0.429718,0.999563,2.893211,0.160232,2.424156,5.916089,0.496376,0.0,0.120884,1.0,0.373482,0.160232,1,0,1,0,0
0.65,7.5,0.7,0.6,0.0,0.104678,0.190986,0.429718,0.999563,2.893211,0.160415,2.424156,5.916089,0.596376,0.0,0.120884,1.0,0.373482,0.160415,1,0,1,0,0
0.65,7.5,0.7,0.6,0.1,0.104678,0.190986,0.429718,0.999563,2.893211,0.160398,2.424156,5.916089,0.596376,0.0,0.120884,1.0,0.373482,0.160398,1,0,1,0,0
0.65,7.5,0.7,0.6,0.3,0.104678,0.190986,0.429718,0.999563,2.893211,0.160262,2.424156,5.916089,0.596376,0.0,0.120884,1.0,0.373482,0.160262,1,0,1,0,0
0.65,7.5,0.8,0.7,0.0,0.104678,0.190986,0.429718,0.999563,2.893211,0.160415,2.424156,5.916089,0.696376,0.0,0.120884,1.0,0.373482,0.160415,1,0,1,0,0
0.65,7.5,0.8,0.7,0.1,0.104678,0.190986,0.429718,0.999563,2.893211,0.1604,2.424156,5.916089,0.696376,0.0,0.120884,1.0,0.373482,0.1604,1,0,1,0,0
0.65,7.5,0.8,0.7,0.3,0.104678,0.190986,0.429718,0.999563,2.893211,0.160284,2.424156,5.916089,0.696376,0.0,0.120884,1.0,0.373482,0.160284,1,0,1,0,0
0.65,7.5,0.9,0.8,0.0,0.104678,0.190986,0.429718,0.999563,2.893211,0.160415,2.424156,5.916089,0.796376,0.0,0.120884,1.0,0.373482,0.160415,1,0,1,0,0
0.65,7.5,0.9,0.8,0.1,0.104678,0.190986,0.429718,0.999563,2.893211,0.160402,2.424156,5.916089,0.796376,0.0,0.120884,1.0,0.373482,0.160402,1,0,1,0,0
0.65,7.5,0.9,0.8,0.3,0.104678,0.190986,0.429718,0.999563,2.893211,0.1603,2.424156,5.916089,0.796376,0.0,0.120884,1.0,0.373482,0.1603,1,0,1,0,0
0.65,7.5,1.0,0.9,0.0,0.104678,0.190986,0.429718,0.999563,2.893211,0.160415,2.424156,5.916089,0.896376,0.0,0.120884,1.0,0.373482,0.160415,1,0,1,0,0
0.65,7.5,1.0,0.9,0.1,0.104678,0.190986,0.429718,0.999563,2.893211,0.160403,2.424156,5.916089,0.896376,0.0,0.120884,1.0,0.373482,0.160403,1,0,1,0,0
0.65,7.5,1.0,0.9,0.3,0.104678,0.190986,0.429718,0.999563,2.893211,0.160313,2.424156,5.916089,0.896376,0.0,0.120884,1.0,0.373482,0.160313,1,0,1,0,0
0.65,10.0,0.3,0.2,0.0,0.140199,0.190986,0.429718,0.999563,2.893211,0.160415,3.238603,7.90144,0.161213,0.0,0.161498,1.0,0.38702,0.160415,1,0,1,0,0
0.65,10.0,0.3,0.2,0.1,0.140199,0.190986,0.429718,0.999563,2.893211,0.160364,3.238603,7.90144,0.161213,0.0,0.161498,1.0,0.38702,0.160364,1,0,1,0,0
0.65,10.0,0.3,0.2,0.3,0.140199,0.190986,0.429718,0.999563,2.893211,0.159957,3.238603,7.90144,0.161213,0.0,0.161498,1.0,0.38702,0.159957,1,0,1,0,0
0.65,10.0,0.4,0.3,0.0,0.140199,0.190986,0.429718,0.999563,2.893211,0.160415,3.238603,7.90144,0.261213,0.0,0.161498,1.0,0.38702,0.160415,1,0,1,0,0
0.65,10.0,0.4,0.3,0.1,0.140199,0.190986,0.429718,0.999563,2.893211,0.160381,3.238603,7.90144,0.261213,0.0,0.161498,1.0,0.38702,0.160381,1,0,1,0,0
0.65,10.0,0.4,0.3,0.3,0.140199,0.190986,0.429718,0.999563,2.893211,0.160109,3.238603,7.90144,0.261213,0.0,0.161498,1.0,0.38702,0.160109,1,0,1,0,0
0.65,10.0,0.5,0.4,0.0,0.140199,0.190986,0.429718,0.999563,2.893211,0.160415,3.238603,7.90144,0.361213,0.0,0.161498,1.0,0.38702,0.160415,1,0,1,0,0
0.65,10.0,0.5,0.4,0.1,0.140199,0.190986,0.429718,0.999563,2.893211,0.160389,3.238603,7.90144,0.361213,0.0,0.161498,1.0,0.38702,0.160389,1,0,1,0,0
0.65,10.0,0.5,0.4,0.3,0.140199,0.190986,0.429718,0.999563,2.893211,0.160186,3.238603,7.90144,0.361213,0.0,0.161498,1.0,0.38702,0.160186,1,0,1,0,0
0.65,10.0,0.6,0.5,0.0,0.140199,0.190986,0.429718,0.999563,2.893211,0.160415,3.238603,7.90144,0.461213,0.0,0.161498,1.0,0.38702,0.160415,1,0,1,0,0
0.65,10.0,0.6,0.5,0.1,0.140199,0.190986,0.429718,0.999563,2.893211,0.160394,3.238603,7.90144,0.461213,0.0,0.161498,1.0,0.38702,0.160394,1,0,1,0,0
0.65,10.0,0.6,0.5,0.3,0.140199,0.190986,0.429718,0.999563,2.893211,0.160232,3.238603,7.90144,0.461213,0.0,0.161498,1.0,0.38702,0.160232,1,0,1,0,0
0.65,10.0,0.7,0.6,0.0,0.140199,0.190986,0.429718,0.999563,2.893211,0.160415,3.238603,7.90144,0.561213,0.0,0.161498,1.0,0.38702,0.160415,1,0,1,0,0
0.65,10.0,0.7,0.6,0.1,0.140199,0.190986,0.429718,0.999563,2.893211,0.160398,3.238603,7.90144,0.561213,0.0,0.161498,1.0,0.38702,0.160398,1,0,1,0,0
0.65,10.0,0.7,0.6,0.3,0.140199,0.190986,0.429718,0.999563,2.893211,0.160262,3.238603,7.90144,0.561213,0.0,0.161498,1.0,0.38702,0.160262,1,0,1,0,0
0.65,10.0,0.8,0.7,0.0,0.140199,0.190986,0.429718,0.999563,2.893211,0.160415,3.238603,7.90144,0.661213,0.0,0.161498,1.0,0.38702,0.160415,1,0,1,0,0
0.65,10.0,0.8,0.7,0.1,0.140199,0.190986,0.429718,0.999563,2.893211,0.1604,3.238603,7.90144,0.661213,0.0,0.161498,1.0,0.38702,0.1604,1,0,1,0,0
0.65,10.0,0.8,0.7,0.3,0.140199,0.190986,0.429718,0.999563,2.893211,0.160284,3.238603,7.90144,0.661213,0.0,0.161498,1.0,0.38702,0.160284,1,0,1,0,0
0.65,10.0,0.9,0.8,0.0,0.140199,0.190986,0.429718,0.999563,2.893211,0.160415,3.238603,7.90144,0.761213,0.0,0.161498,1.0,0.38702,0.160415,1,0,1,0,0
0.65,10.0,0.9,0.8,0.1,0.140199,0.190986,0.429718,0.999563,2.893211,0.160402,3.238603,7.90144,0.761213,0.0,0.161498,1.0,0.38702,0.160402,1,0,1,0,0
0.65,10.0,0.9,0.8,0.3,0.140199,0.190986,0.429718,0.999563,2.893211,0.1603,3.238603,7.90144,0.761213,0.0,0.161498,1.0,0.38702,0.1603,1,0,1,0,0
0.65,10.0,1.0,0.9,0.0,0.140199,0.190986,0.429718,0.999563,2.893211,0.160415,3.238603,7.90144,0.861213,0.0,0.161498,1.0,0.38702,0.160415,1,0,1,0,0
0.65,10.0,1.0,0.9,0.1,0.140199,0.190986,0.429718,0.999563,2.893211,0.160403,3.238603,7.90144,0.861213,0.0,0.161498,1.0,0.38702,0.160403,1,0,1,0,0
0.65,10.0,1.0,0.9,0.3,0.140199,0.190986,0.429718,0.999563,2.893211,0.160313,3.238603,7.90144,0.861213,0.0,0.161498,1.0,0.38702,0.160313,1,0,1,0,0
0.65,12.5,0.3,0.2,0.0,0.176271,0.190986,0.429718,0.999563,2.893211,0.160415,4.058731,9.898225,0.125504,0.007655,0.202395,1.0,0.403204,0.159187,1,0,1,0,0
0.65,12.5,0.3,0.2,0.1,0.176271,0.190986,0.429718,0.999563,2.893211,0.160364,4.058731,9.898225,0.125504,0.007655,0.202395,1.0,0.403204,0.159136,1,0,1,0,0
0.65,12.5,0.3,0.2,0.3,0.176271,0.190986,0.429718,0.999563,2.893211,0.159957,4.058731,9.898225,0.125504,0.007655,0.202395,1.0,0.403204,0.158732,1,0,1,0,0
0.65,12.5,0.4,0.3,0.0,0.176271,0.190986,0.429718,0.999563,2.893211,0.160415,4.058731,9.898225,0.225504,0.0,0.202395,1.0,0.400653,0.160415,1,0,1,0,0
0.65,12.5,0.4,0.3,0.1,0.176271,0.190986,0.429718,0.999563,2.893211,0.160381,4.058731,9.898225,0.225504,0.0,0.202395,1.0,0.400653,0.160381,1,0,1,0,0
0.65,12.5,0.4,0.3,0.3,0.176271,0.190986,0.429718,0.999563,2.893211,0.160109,4.058731,9.898225,0.225504,0.0,0.202395,1.0,0.400653,0.160109,1,0,1,0,0
0.65,12.5,0.5,0.4,0.0,0.176271,0.190986,0.429718,0.999563,2.893211,0.160415,4.058731,9.898225,0.325504,0.0,0.202395,1.0,0.400653,0.160415,1,0,1,0,0
0.65,12.5,0.5,0.4,0.1,0.176271,0.190986,0.429718,0.999563,2.893211,0.160389,4.058731,9.898225,0.325504,0.0,0.202395,1.0,0.400653,0.160389,1,0,1,0,0
0.65,12.5,0.5,0.4,0.3,0.176271,0.190986,0.429718,0.999563,2.893211,0.160186,4.058731,9.898225,0.325504,0.0,0.202395,1.0,0.400653,0.160186,1,0,1,0,0
0.65,12.5,0.6,0.5,0.0,0.176271,0.190986,0.429718,0.999563,2.893211,0.160415,4.058731,9.898225,0.425504,0.0,0.202395,1.0,0.400653,0.160415,1,0,1,0,0
0.65,12.5,0.6,0.5,0.1,0.176271,0.190986,0.429718,0.999563,2.893211,0.160394,4.058731,9.898225,0.425504,0.0,0.202395,1.0,0.400653,0.160394,1,0,1,0,0
0.65,12.5,0.6,0.5,0.3,0.176271,0.190986,0.429718,0.999563,2.893211,0.160232,4.058731,9.898225,0.425504,0.0,0.202395,1.0,0.400653,0.160232,1,0,1,0,0
0.65,12.5,0.7,0.6,0.0,0.176271,0.190986,0.429718,0.999563,2.893211,0.160415,4.058731,9.898225,0.525504,0.0,0.202395,1.0,0.400653,0.160415,1,0,1,0,0
0.65,12.5,0.7,0.6,0.1,0.176271,0.190986,0.429718,0.999563,2.893211,0.160398,4.058731,9.898225,0.525504,0.0,0.202395,1.0,0.400653,0.160398,1,0,1,0,0
0.65,12.5,0.7,0.6,0.3,0.176271,0.190986,0.429718,0.999563,2.893211,0.160262,4.058731,9.898225,0.525504,0.0,0.202395,1.0,0.400653,0.160262,1,0,1,0,0
0.65,12.5,0.8,0.7,0.0,0.176271,0.190986,0.429718,0.999563,2.893211,0.160415,4.058731,9.898225,0.625504,0.0,0.202395,1.0,0.400653,0.160415,1,0,1,0,0
0.65,12.5,0.8,0.7,0.1,0.176271,0.190986,0.429718,0.999563,2.893211,0.1604,4.058731,9.898225,0.625504,0.0,0.202395,1.0,0.400653,0.1604,1,0,1,0,0
0.65,12.5,0.8,0.7,0.3,0.176271,0.190986,0.429718,0.999563,2.893211,0.160284,4.058731,9.898225,0.625504,0.0,0.202395,1.0,0.400653,0.160284,1,0,1,0,0
0.65,12.5,0.9,0.8,0.0,0.176271,0.190986,0.429718,0.999563,2.893211,0.160415,4.058731,9.898225,0.725504,0.0,0.202395,1.0,0.400653,0.160415,1,0,1,0,0
0.65,12.5,0.9,0.8,0.1,0.176271,0.190986,0.429718,0.999563,2.893211,0.160402,4.058731,9.898225,0.725504,0.0,0.202395,1.0,0.400653,0.160402,1,0,1,0,0
0.65,12.5,0.9,0.8,0.3,0.176271,0.190986,0.429718,0.999563,2.893211,0.1603,4.058731,9.898225,0.725504,0.0,0.202395,1.0,0.400653,0.1603,1,0,1,0,0
0.65,12.5,1.0,0.9,0.0,0.176271,0.190986,0.429718,0.999563,2.893211,0.160415,4.058731,9.898225,0.825504,0.0,0.202395,1.0,0.400653,0.160415,1,0,1,0,0
0.65,12.5,1.0,0.9,0.1,0.176271,0.190986,0.429718,0.999563,2.893211,0.160403,4.058731,9.898225,0.825504,0.0,0.202395,1.0,0.400653,0.160403,1,0,1,0,0
0.65,12.5,1.0,0.9,0.3,0.176271,0.190986,0.429718,0.999563,2.893211,0.160313,4.058731,9.898225,0.825504,0.0,0.202395,1.0,0.400653,0.160313,1,0,1,0,0
0.65,15.0,0.3,0.2,0.0,0.213048,0.190986,0.429718,0.999563,2.893211,0.160415,4.886207,11.909322,0.089097,0.027111,0.242113,0.998454,0.422929,0.155824,1,0,1,0,0
0.65,15.0,0.3,0.2,0.1,0.213048,0.190986,0.429718,0.999563,2.893211,0.160364,4.886207,11.909322,0.089097,0.027111,0.242113,0.998454,0.422929,0.155775,1,0,1,0,0
0.65,15.0,0.3,0.2,0.3,0.213048,0.190986,0.429718,0.999563,2.893211,0.159957,4.886207,11.909322,0.089097,0.027111,0.242113,0.998454,0.422929,0.15538,1,0,1,0,0
0.65,15.0,0.4,0.3,0.0,0.213048,0.190986,0.429718,0.999563,2.893211,0.160415,4.886207,11.909322,0.189097,0.001881,0.242113,0.998454,0.414519,0.159866,1,0,1,0,0
0.65,15.0,0.4,0.3,0.1,0.213048,0.190986,0.429718,0.999563,2.893211,0.160381,4.886207,11.909322,0.189097,0.001881,0.242113,0.998454,0.414519,0.159832,1,0,1,0,0
0.65,15.0,0.4,0.3,0.3,0.213048,0.190986,0.429718,0.999563,2.893211,0.160109,4.886207,11.909322,0.189097,0.001881,0.242113,0.998454,0.414519,0.159561,1,0,1,0,0
0.65,15.0,0.5,0.4,0.0,0.213048,0.190986,0.429718,0.999563,2.893211,0.160415,4.886207,11.909322,0.289097,0.0,0.242113,0.998454,0.413892,0.160167,1,0,1,0,0
0.65,15.0,0.5,0.4,0.1,0.213048,0.190986,0.429718,0.999563,2.893211,0.160389,4.886207,11.909322,0.289097,0.0,0.242113,0.998454,0.413892,0.160141,1,0,1,0,0
0.65,15.0,0.5,0.4,0.3,0.213048,0.190986,0.429718,0.999563,2.893211,0.160186,4.886207,11.909322,0.289097,0.0,0.242113,0.998454,0.413892,0.159938,1,0,1,0,0
0.65,15.0,0.6,0.5,0.0,0.213048,0.190986,0.429718,0.999563,2.893211,0.160415,4.886207,11.909322,0.389097,0.0,0.242113,0.998454,0.413892,0.160167,1,0,1,0,0
0.65,15.0,0.6,0.5,0.1,0.213048,0.190986,0.429718,0.999563,2.893211,0.160394,4.886207,11.909322,0.389097,0.0,0.242113,0.998454,0.413892,0.160146,1,0,1,0,0
0.65,15.0,0.6,0.5,0.3,0.213048,0.190986,0.429718,0.999563,2.893211,0.160232,4.886207,11.909322,0.389097,0.0,0.242113,0.998454,0.413892,0.159984,1,0,1,0,0
0.65,15.0,0.7,0.6,0.0,0.213048,0.190986,0.429718,0.999563,2.893211,0.160415,4.886207,11.909322,0.489097,0.0,0.242113,0.998454,0.413892,0.160167,1,0,1,0,0
0.65,15.0,0.7,0.6,0.1,0.213048,0.190986,0.429718,0.999563,2.893211,0.160398,4.886207,11.909322,0.489097,0.0,0.242113,0.998454,0.413892,0.16015,1,0,1,0,0
0.65,15.0,0.7,0.6,0.3,0.213048,0.190986,0.429718,0.999563,2.893211,0.160262,4.886207,11.909322,0.489097,0.0,0.242113,0.998454,0.413892,0.160014,1,0,1,0,0
0.65,15.0,0.8,0.7,0.0,0.213048,0.190986,0.429718,0.999563,2.893211,0.160415,4.886207,11.909322,0.589097,0.0,0.242113,0.998454,0.413892,0.160167,1,0,1,0,0
0.65,15.0,0.8,0.7,0.1,0.213048,0.190986,0.429718,0.999563,2.893211,0.1604,4.886207,11.909322,0.589097,0.0,0.242113,0.998454,0.413892,0.160152,1,0,1,0,0
0.65,15.0,0.8,0.7,0.3,0.213048,0.190986,0.429718,0.999563,2.893211,0.160284,4.886207,11.909322,0.589097,0.0,0.242113,0.998454,0.413892,0.160036,1,0,1,0,0
0.65,15.0,0.9,0.8,0.0,0.213048,0.190986,0.429718,0.999563,2.893211,0.160415,4.886207,11.909322,0.689097,0.0,0.242113,0.998454,0.413892,0.160167,1,0,1,0,0
0.65,15.0,0.9,0.8,0.1,0.213048,0.190986,0.429718,0.999563,2.893211,0.160402,4.886207,11.909322,0.689097,0.0,0.242113,0.998454,0.413892,0.160154,1,0,1,0,0
0.65,15.0,0.9,0.8,0.3,0.213048,0.190986,0.429718,0.999563,2.893211,0.1603,4.886207,11.909322,0.689097,0.0,0.242113,0.998454,0.413892,0.160052,1,0,1,0,0
0.65,15.0,1.0,0.9,0.0,0.213048,0.190986,0.429718,0.999563,2.893211,0.160415,4.886207,11.909322,0.789097,0.0,0.242113,0.998454,0.413892,0.160167,1,0,1,0,0
0.65,15.0,1.0,0.9,0.1,0.213048,0.190986,0.429718,0.999563,2.893211,0.160403,4.886207,11.909322,0.789097,0.0,0.242113,0.998454,0.413892,0.160155,1,0,1,0,0
0.65,15.0,1.0,0.9,0.3,0.213048,0.190986,0.429718,0.999563,2.893211,0.160313,4.886207,11.909322,0.789097,0.0,0.242113,0.998454,0.413892,0.160065,1,0,1,0,0
0.65,17.5,0.3,0.2,0.0,0.250696,0.190986,0.429718,0.999563,2.893211,0.160415,5.722859,13.937619,0.051828,0.0513,0.279733,0.994354,0.443532,0.151326,1,0,1,0,0
0.65,17.5,0.3,0.2,0.1,0.250696,0.190986,0.429718,0.999563,2.893211,0.160364,5.722859,13.937619,0.051828,0.0513,0.279733,0.994354,0.443532,0.151278,1,0,1,0,0
0.65,17.5,0.3,0.2,0.3,0.250696,0.190986,0.429718,0.999563,2.893211,0.159957,5.722859,13.937619,0.051828,0.0513,0.279733,0.994354,0.443532,0.150894,1,0,1,0,0
0.65,17.5,0.4,0.3,0.0,0.250696,0.190986,0.429718,0.999563,2.893211,0.160415,5.722859,13.937619,0.151828,0.01211,0.279733,0.994354,0.430468,0.157577,1,0,1,0,0
0.65,17.5,0.4,0.3,0.1,0.250696,0.190986,0.429718,0.999563,2.893211,0.160381,5.722859,13.937619,0.151828,0.01211,0.279733,0.994354,0.430468,0.157544,1,0,1,0,0
0.65,17.5,0.4,0.3,0.3,0.250696,0.190986,0.429718,0.999563,2.893211,0.160109,5.722859,13.937619,0.151828,0.01211,0.279733,0.994354,0.430468,0.157278,1,0,1,0,0
0.65,17.5,0.5,0.4,0.0,0.250696,0.190986,0.429718,0.999563,2.893211,0.160415,5.722859,13.937619,0.251828,0.000371,0.279733,0.994354,0.426555,0.15945,1,0,1,0,0
0.65,17.5,0.5,0.4,0.1,0.250696,0.190986,0.429718,0.999563,2.893211,0.160389,5.722859,13.937619,0.251828,0.000371,0.279733,0.994354,0.426555,0.159424,1,0,1,0,0
0.65,17.5,0.5,0.4,0.3,0.250696,0.190986,0.429718,0.999563,2.893211,0.160186,5.722859,13.937619,0.251828,0.000371,0.279733,0.994354,0.426555,0.159222,1,0,1,0,0
0.65,17.5,0.6,0.5,0.0,0.250696,0.190986,0.429718,0.999563,2.893211,0.160415,5.722859,13.937619,0.351828,0.0,0.279733,0.994354,0.426432,0.159509,1,0,1,0,0
0.65,17.5,0.6,0.5,0.1,0.250696,0.190986,0.429718,0.999563,2.893211,0.160394,5.722859,13.937619,0.351828,0.0,0.279733,0.994354,0.426432,0.159489,1,0,1,0,0
0.65,17.5,0.6,0.5,0.3,0.250696,0.190986,0.429718,0.999563,2.893211,0.160232,5.722859,13.937619,0.351828,0.0,0.279733,0.994354,0.426432,0.159327,1,0,1,0,0
0.65,17.5,0.7,0.6,0.0,0.250696,0.190986,0.429718,0.999563,2.893211,0.160415,5.722859,13.937619,0.451828,0.0,0.279733,0.994354,0.426432,0.159509,1,0,1,0,0
0.65,17.5,0.7,0.6,0.1,0.250696,0.190986,0.429718,0.999563,2.893211,0.160398,5.722859,13.937619,0.451828,0.0,0.279733,0.994354,0.426432,0.159492,1,0,1,0,0
0.65,17.5,0.7,0.6,0.3,0.250696,0.190986,0.429718,0.999563,2.893211,0.160262,5.722859,13.937619,0.451828,0.0,0.279733,0.994354,0.426432,0.159357,1,0,1,0,0
0.65,17.5,0.8,0.7,0.0,0.250696,0.190986,0.429718,0.999563,2.893211,0.160415,5.722859,13.937619,0.551828,0.0,0.279733,0.994354,0.426432,0.159509,1,0,1,0,0
0.65,17.5,0.8,0.7,0.1,0.250696,0.190986,0.429718,0.999563,2.893211,0.1604,5.722859,13.937619,0.551828,0.0,0.279733,0.994354,0.426432,0.159494,1,0,1,0,0
0.65,17.5,0.8,0.7,0.3,0.250696,0.190986,0.429718,0.999563,2.893211,0.160284,5.722859,13.937619,0.551828,0.0,0.279733,0.994354,0.426432,0.159379,1,0,1,0,0
0.65,17.5,0.9,0.8,0.0,0.250696,0.190986,0.429718,0.999563,2.893211,0.160415,5.722859,13.937619,0.651828,0.0,0.279733,0.994354,0.426432,0.159509,1,0,1,0,0
0.65,17.5,0.9,0.8,0.1,0.250696,0.190986,0.429718,0.999563,2.893211,0.160402,5.722859,13.937619,0.651828,0.0,0.279733,0.994354,0.426432,0.159496,1,0,1,0,0
0.65,17.5,0.9,0.8,0.3,0.250696,0.190986,0.429718,0.999563,2.893211,0.1603,5.722859,13.937619,0.651828,0.0,0.279733,0.994354,0.426432,0.159395,1,0,1,0,0
0.65,17.5,1.0,0.9,0.0,0.250696,0.190986,0.429718,0.999563,2.893211,0.160415,5.722859,13.937619,0.751828,0.0,0.279733,0.994354,0.426432,0.159509,1,0,1,0,0
0.65,17.5,1.0,0.9,0.1,0.250696,0.190986,0.429718,0.999563,2.893211,0.160403,5.722859,13.937619,0.751828,0.0,0.279733,0.994354,0.426432,0.159498,1,0,1,0,0
0.65,17.5,1.0,0.9,0.3,0.250696,0.190986,0.429718,0.999563,2.893211,0.160313,5.722859,13.937619,0.751828,0.0,0.279733,0.994354,0.426432,0.159408,1,0,1,0,0
0.65,20.0,0.3,0.2,0.0,0.289395,0.190986,0.429718,0.999563,2.893211,0.160415,6.570705,15.986012,0.013519,0.077579,0.315355,0.987697,0.464166,0.146149,1,0,1,0,0
0.65,20.0,0.3,0.2,0.1,0.289395,0.190986,0.429718,0.999563,2.893211,0.160364,6.570705,15.986012,0.013519,0.077579,0.315355,0.987697,0.464166,0.146103,1,0,1,0,0
0.65,20.0,0.3,0.2,0.3,0.289395,0.190986,0.429718,0.999563,2.893211,0.159957,6.570705,15.986012,0.013519,0.077579,0.315355,0.987697,0.464166,0.145732,1,0,1,0,0
0.65,20.0,0.4,0.3,0.0,0.289395,0.190986,0.429718,0.999563,2.893211,0.160415,6.570705,15.986012,0.113519,0.029791,0.315355,0.987697,0.448236,0.153721,1,0,1,0,0
0.65,20.0,0.4,0.3,0.1,0.289395,0.190986,0.429718,0.999563,2.893211,0.160381,6.570705,15.986012,0.113519,0.029791,0.315355,0.987697,0.448236,0.153689,1,0,1,0,0
0.65,20.0,0.4,0.3,0.3,0.289395,0.190986,0.429718,0.999563,2.893211,0.160109,6.570705,15.986012,0.113519,0.029791,0.315355,0.987697,0.448236,0.153429,1,0,1,0,0
0.65,20.0,0.5,0.4,0.0,0.289395,0.190986,0.429718,0.999563,2.893211,0.160415,6.570705,15.986012,0.213519,0.006655,0.315355,0.987697,0.440525,0.157387,1,0,1,0,0
0.65,20.0,0.5,0.4,0.1,0.289395,0.190986,0.429718,0.999563,2.893211,0.160389,6.570705,15.986012,0.213519,0.006655,0.315355,0.987697,0.440525,0.157362,1,0,1,0,0
0.65,20.0,0.5,0.4,0.3,0.289395,0.190986,0.429718,0.999563,2.893211,0.160186,6.570705,15.986012,0.213519,0.006655,0.315355,0.987697,0.440525,0.157162,1,0,1,0,0
0.65,20.0,0.6,0.5,0.0,0.289395,0.190986,0.429718,0.999563,2.893211,0.160415,6.570705,15.986012,0.313519,0.0,0.315355,0.987697,0.438306,0.158441,1,0,1,0,0
0.65,20.0,0.6,0.5,0.1,0.289395,0.190986,0.429718,0.999563,2.893211,0.160394,6.570705,15.986012,0.313519,0.0,0.315355,0.987697,0.438306,0.158421,1,0,1,0,0
0.65,20.0,0.6,0.5,0.3,0.289395,0.190986,0.429718,0.999563,2.893211,0.160232,6.570705,15.986012,0.313519,0.0,0.315355,0.987697,0.438306,0.15826,1,0,1,0,0
0.65,20.0,0.7,0.6,0.0,0.289395,0.190986,0.429718,0.999563,2.893211,0.160415,6.570705,15.986012,0.413519,0.0,0.315355,0.987697,0.438306,0.158441,1,0,1,0,0
0.65,20.0,0.7,0.6,0.1,0.289395,0.190986,0.429718,0.999563,2.893211,0.160398,6.570705,15.986012,0.413519,0.0,0.315355,0.987697,0.438306,0.158424,1,0,1,0,0
0.65,20.0,0.7,0.6,0.3,0.289395,0.190986,0.429718,0.999563,2.893211,0.160262,6.570705,15.986012,0.413519,0.0,0.315355,0.987697,0.438306,0.15829,1,0,1,0,0
0.65,20.0,0.8,0.7,0.0,0.289395,0.190986,0.429718,0.999563,2.893211,0.160415,6.570705,15.986012,0.513519,0.0,0.315355,0.987697,0.438306,0.158441,1,0,1,0,0
0.65,20.0,0.8,0.7,0.1,0.289395,0.190986,0.429718,0.999563,2.893211,0.1604,6.570705,15.986012,0.513519,0.0,0.315355,0.987697,0.438306,0.158427,1,0,1,0,0
0.65,20.0,0.8,0.7,0.3,0.289395,0.190986,0.429718,0.999563,2.893211,0.160284,6.570705,15.986012,0.513519,0.0,0.315355,0.987697,0.438306,0.158312,1,0,1,0,0
0.65,20.0,0.9,0.8,0.0,0.289395,0.190986,0.429718,0.999563,2.893211,0.160415,6.570705,15.986012,0.613519,0.0,0.315355,0.987697,0.438306,0.158441,1,0,1,0,0
0.65,20.0,0.9,0.8,0.1,0.289395,0.190986,0.429718,0.999563,2.893211,0.160402,6.570705,15.986012,0.613519,0.0,0.315355,0.987697,0.438306,0.158428,1,0,1,0,0
0.65,20.0,0.9,0.8,0.3,0.289395,0.190986,0.429718,0.999563,2.893211,0.1603,6.570705,15.986012,0.613519,0.0,0.315355,0.987697,0.438306,0.158328,1,0,1,0,0
0.65,20.0,1.0,0.9,0.0,0.289395,0.190986,0.429718,0.999563,2.893211,0.160415,6.570705,15.986012,0.713519,0.0,0.315355,0.987697,0.438306,0.158441,1,0,1,0,0
0.65,20.0,1.0,0.9,0.1,0.289395,0.190986,0.429718,0.999563,2.893211,0.160403,6.570705,15.986012,0.713519,0.0,0.315355,0.987697,0.438306,0.15843,1,0,1,0,0
0.65,20.0,1.0,0.9,0.3,0.289395,0.190986,0.429718,0.999563,2.893211,0.160313,6.570705,15.986012,0.713519,0.0,0.315355,0.987697,0.438306,0.158341,1,0,1,0,0
0.65,22.5,0.3,0.2,0.0,0.329344,0.190986,0.429718,0.999563,2.893211,0.160415,7.431985,18.057406,-0.026028,0.110111,0.350799,0.980191,0.486824,0.139923,1,0,0,0,0
0.65,22.5,0.3,0.2,0.1,0.329344,0.190986,0.429718,0.999563,2.893211,0.160364,7.431985,18.057406,-0.026028,0.110111,0.350799,0.980191,0.486824,0.139879,1,0,0,0,0
0.65,22.5,0.3,0.2,0.3,0.329344,0.190986,0.429718,0.999563,2.893211,0.159957,7.431985,18.057406,-0.026028,0.110111,0.350799,0.980191,0.486824,0.139524,1,0,0,0,0
0.65,22.5,0.4,0.3,0.0,0.329344,0.190986,0.429718,0.999563,2.893211,0.160415,7.431985,18.057406,0.073972,0.049147,0.350799,0.980191,0.466503,0.149509,1,0,1,0,0
0.65,22.5,0.4,0.3,0.1,0.329344,0.190986,0.429718,0.999563,2.893211,0.160381,7.431985,18.057406,0.073972,0.049147,0.350799,0.980191,0.466503,0.149478,1,0,1,0,0
0.65,22.5,0.4,0.3,0.3,0.329344,0.190986,0.429718,0.999563,2.893211,0.160109,7.431985,18.057406,0.073972,0.049147,0.350799,0.980191,0.466503,0.149225,1,0,1,0,0
0.65,22.5,0.5,0.4,0.0,0.329344,0.190986,0.429718,0.999563,2.893211,0.160415,7.431985,18.057406,0.173972,0.017957,0.350799,0.980191,0.456106,0.154413,1,0,1,0,0
0.65,22.5,0.5,0.4,0.1,0.329344,0.190986,0.429718,0.999563,2.893211,0.160389,7.431985,18.057406,0.173972,0.017957,0.350799,0.980191,0.456106,0.154389,1,0,1,0,0
0.65,22.5,0.5,0.4,0.3,0.329344,0.190986,0.429718,0.999563,2.893211,0.160186,7.431985,18.057406,0.173972,0.017957,0.350799,0.980191,0.456106,0.154193,1,0,1,0,0
0.65,22.5,0.6,0.5,0.0,0.329344,0.190986,0.429718,0.999563,2.893211,0.160415,7.431985,18.057406,0.273972,0.00318,0.350799,0.980191,0.451181,0.156737,1,0,1,0,0
0.65,22.5,0.6,0.5,0.1,0.329344,0.190986,0.429718,0.999563,2.893211,0.160394,7.431985,18.057406,0.273972,0.00318,0.350799,0.980191,0.451181,0.156717,1,0,1,0,0
0.65,22.5,0.6,0.5,0.3,0.329344,0.190986,0.429718,0.999563,2.893211,0.160232,7.431985,18.057406,0.273972,0.00318,0.350799,0.980191,0.451181,0.156558,1,0,1,0,0
0.65,22.5,0.7,0.6,0.0,0.329344,0.190986,0.429718,0.999563,2.893211,0.160415,7.431985,18.057406,0.373972,0.0,0.350799,0.980191,0.450121,0.157237,1,0,1,0,0
0.65,22.5,0.7,0.6,0.1,0.329344,0.190986,0.429718,0.999563,2.893211,0.160398,7.431985,18.057406,0.373972,0.0,0.350799,0.980191,0.450121,0.15722,1,0,1,0,0
0.65,22.5,0.7,0.6,0.3,0.329344,0.190986,0.429718,0.999563,2.893211,0.160262,7.431985,18.057406,0.373972,0.0,0.350799,0.980191,0.450121,0.157087,1,0,1,0,0
0.65,22.5,0.8,0.7,0.0,0.329344,0.190986,0.429718,0.999563,2.893211,0.160415,7.431985,18.057406,0.473972,0.0,0.350799,0.980191,0.450121,0.157237,1,0,1,0,0
0.65,22.5,0.8,0.7,0.1,0.329344,0.190986,0.429718,0.999563,2.893211,0.1604,7.431985,18.057406,0.473972,0.0,0.350799,0.980191,0.450121,0.157223,1,0,1,0,0
0.65,22.5,0.8,0.7,0.3,0.329344,0.190986,0.429718,0.999563,2.893211,0.160284,7.431985,18.057406,0.473972,0.0,0.350799,0.980191,0.450121,0.157109,1,0,1,0,0
0.65,22.5,0.9,0.8,0.0,0.329344,0.190986,0.429718,0.999563,2.893211,0.160415,7.431985,18.057406,0.573972,0.0,0.350799,0.980191,0.450121,0.157237,1,0,1,0,0
0.65,22.5,0.9,0.8,0.1,0.329344,0.190986,0.429718,0.999563,2.893211,0.160402,7.431985,18.057406,0.573972,0.0,0.350799,0.980191,0.450121,0.157225,1,0,1,0,0
0.65,22.5,0.9,0.8,0.3,0.329344,0.190986,0.429718,0.999563,2.893211,0.1603,7.431985,18.057406,0.573972,0.0,0.350799,0.980191,0.450121,0.157125,1,0,1,0,0
0.65,22.5,1.0,0.9,0.0,0.329344,0.190986,0.429718,0.999563,2.893211,0.160415,7.431985,18.057406,0.673972,0.0,0.350799,0.980191,0.450121,0.157237,1,0,1,0,0
0.65,22.5,1.0,0.9,0.1,0.329344,0.190986,0.429718,0.999563,2.893211,0.160403,7.431985,18.057406,0.673972,0.0,0.350799,0.980191,0.450121,0.157226,1,0,1,0,0
0.65,22.5,1.0,0.9,0.3,0.329344,0.190986,0.429718,0.999563,2.893211,0.160313,7.431985,18.057406,0.673972,0.0,0.350799,0.980191,0.450121,0.157137,1,0,1,0,0
0.65,25.0,0.3,0.2,0.0,0.370764,0.190986,0.429718,0.999563,2.893211,0.160415,8.309196,20.154705,-0.067031,0.141955,0.383126,0.968775,0.508215,0.133345,0,0,0,0,0
0.65,25.0,0.3,0.2,0.1,0.370764,0.190986,0.429718,0.999563,2.893211,0.160364,8.309196,20.154705,-0.067031,0.141955,0.383126,0.968775,0.508215,0.133303,0,0,0,0,0
0.65,25.0,0.3,0.2,0.3,0.370764,0.190986,0.429718,0.999563,2.893211,0.159957,8.309196,20.154705,-0.067031,0.141955,0.383126,0.968775,0.508215,0.132964,0,0,0,0,0
0.65,25.0,0.4,0.3,0.0,0.370764,0.190986,0.429718,0.999563,2.893211,0.160415,8.309196,20.154705,0.032969,0.068576,0.383126,0.968775,0.483755,0.144749,0,0,1,0,0
0.65,25.0,0.4,0.3,0.1,0.370764,0.190986,0.429718,0.999563,2.893211,0.160381,8.309196,20.154705,0.032969,0.068576,0.383126,0.968775,0.483755,0.144718,0,0,1,0,0
0.65,25.0,0.4,0.3,0.3,0.370764,0.190986,0.429718,0.999563,2.893211,0.160109,8.309196,20.154705,0.032969,0.068576,0.383126,0.968775,0.483755,0.144473,0,0,1,0,0
0.65,25.0,0.5,0.4,0.0,0.370764,0.190986,0.429718,0.999563,2.893211,0.160415,8.309196,20.154705,0.132969,0.033573,0.383126,0.968775,0.472087,0.150188,0,0,1,0,0
0.65,25.0,0.5,0.4,0.1,0.370764,0.190986,0.429718,0.999563,2.893211,0.160389,8.309196,20.154705,0.132969,0.033573,0.383126,0.968775,0.472087,0.150165,0,0,1,0,0
0.65,25.0,0.5,0.4,0.3,0.370764,0.190986,0.429718,0.999563,2.893211,0.160186,8.309196,20.154705,0.132969,0.033573,0.383126,0.968775,0.472087,0.149974,0,0,1,0,0
0.65,25.0,0.6,0.5,0.0,0.370764,0.190986,0.429718,0.999563,2.893211,0.160415,8.309196,20.154705,0.232969,0.010936,0.383126,0.968775,0.464542,0.153706,0,0,1,0,0
0.65,25.0,0.6,0.5,0.1,0.370764,0.190986,0.429718,0.999563,2.893211,0.160394,8.309196,20.154705,0.232969,0.010936,0.383126,0.968775,0.464542,0.153687,0,0,1,0,0
0.65,25.0,0.6,0.5,0.3,0.370764,0.190986,0.429718,0.999563,2.893211,0.160232,8.309196,20.154705,0.232969,0.010936,0.383126,0.968775,0.464542,0.153531,0,0,1,0,0
0.65,25.0,0.7,0.6,0.0,0.370764,0.190986,0.429718,0.999563,2.893211,0.160415,8.309196,20.154705,0.332969,0.001745,0.383126,0.968775,0.461478,0.155134,0,0,1,0,0
0.65,25.0,0.7,0.6,0.1,0.370764,0.190986,0.429718,0.999563,2.893211,0.160398,8.309196,20.154705,0.332969,0.001745,0.383126,0.968775,0.461478,0.155118,0,0,1,0,0
0.65,25.0,0.7,0.6,0.3,0.370764,0.190986,0.429718,0.999563,2.893211,0.160262,8.309196,20.154705,0.332969,0.001745,0.383126,0.968775,0.461478,0.154987,0,0,1,0,0
0.65,25.0,0.8,0.7,0.0,0.370764,0.190986,0.429718,0.999563,2.893211,0.160415,8.309196,20.154705,0.432969,0.0,0.383126,0.968775,0.460896,0.155406,0,0,1,0,0
0.65,25.0,0.8,0.7,0.1,0.370764,0.190986,0.429718,0.999563,2.893211,0.1604,8.309196,20.154705,0.432969,0.0,0.383126,0.968775,0.460896,0.155392,0,0,1,0,0
0.65,25.0,0.8,0.7,0.3,0.370764,0.190986,0.429718,0.999563,2.893211,0.160284,8.309196,20.154705,0.432969,0.0,0.383126,0.968775,0.460896,0.155279,0,0,1,0,0
0.65,25.0,0.9,0.8,0.0,0.370764,0.190986,0.429718,0.999563,2.893211,0.160415,8.309196,20.154705,0.532969,0.0,0.383126,0.968775,0.460896,0.155406,0,0,1,0,0
0.65,25.0,0.9,0.8,0.1,0.370764,0.190986,0.429718,0.999563,2.893211,0.160402,8.309196,20.154705,0.532969,0.0,0.383126,0.968775,0.460896,0.155393,0,0,1,0,0
0.65,25.0,0.9,0.8,0.3,0.370764,0.190986,0.429718,0.999563,2.893211,0.1603,8.309196,20.154705,0.532969,0.0,0.383126,0.968775,0.460896,0.155295,0,0,1,0,0
0.65,25.0,1.0,0.9,0.0,0.370764,0.190986,0.429718,0.999563,2.893211,0.160415,8.309196,20.154705,0.632969,0.0,0.383126,0.968775,0.460896,0.155406,0,0,1,0,0
0.65,25.0,1.0,0.9,0.1,0.370764,0.190986,0.429718,0.999563,2.893211,0.160403,8.309196,20.154705,0.632969,0.0,0.383126,0.968775,0.460896,0.155395,0,0,1,0,0
0.65,25.0,1.0,0.9,0.3,0.370764,0.190986,0.429718,0.999563,2.893211,0.160313,8.309196,20.154705,0.632969,0.0,0.383126,0.968775,0.460896,0.155307,0,0,1,0,0
0.65,27.5,0.3,0.2,0.0,0.413906,0.190986,0.429718,0.999563,2.893211,0.160415,9.20513,22.280809,-0.109739,0.171901,0.41356,0.954532,0.528341,0.126799,0,0,0,0,0
0.65,27.5,0.3,0.2,0.1,0.413906,0.190986,0.429718,0.999563,2.893211,0.160364,9.20513,22.280809,-0.109739,0.171901,0.41356,0.954532,0.528341,0.126759,0,0,0,0,0
0.65,27.5,0.3,0.2,0.3,0.413906,0.190986,0.429718,0.999563,2.893211,0.159957,9.20513,22.280809,-0.109739,0.171901,0.41356,0.954532,0.528341,0.126437,0,0,0,0,0
0.65,27.5,0.4,0.3,0.0,0.413906,0.190986,0.429718,0.999563,2.893211,0.160415,9.20513,22.280809,-0.009739,0.094355,0.41356,0.954532,0.502493,0.138673,0,0,0,0,0
0.65,27.5,0.4,0.3,0.1,0.413906,0.190986,0.429718,0.999563,2.893211,0.160381,9.20513,22.280809,-0.009739,0.094355,0.41356,0.954532,0.502493,0.138644,0,0,0,0,0
0.65,27.5,0.4,0.3,0.3,0.413906,0.190986,0.429718,0.999563,2.893211,0.160109,9.20513,22.280809,-0.009739,0.094355,0.41356,0.954532,0.502493,0.138409,0,0,0,0,0
0.65,27.5,0.5,0.4,0.0,0.413906,0.190986,0.429718,0.999563,2.893211,0.160415,9.20513,22.280809,0.090261,0.049907,0.41356,0.954532,0.487676,0.145479,0,0,1,0,0
0.65,27.5,0.5,0.4,0.1,0.413906,0.190986,0.429718,0.999563,2.893211,0.160389,9.20513,22.280809,0.090261,0.049907,0.41356,0.954532,0.487676,0.145456,0,0,1,0,0
0.65,27.5,0.5,0.4,0.3,0.413906,0.190986,0.429718,0.999563,2.893211,0.160186,9.20513,22.280809,0.090261,0.049907,0.41356,0.954532,0.487676,0.145272,0,0,1,0,0
0.65,27.5,0.6,0.5,0.0,0.413906,0.190986,0.429718,0.999563,2.893211,0.160415,9.20513,22.280809,0.190261,0.023269,0.41356,0.954532,0.478797,0.149558,0,0,1,0,0
0.65,27.5,0.6,0.5,0.1,0.413906,0.190986,0.429718,0.999563,2.893211,0.160394,9.20513,22.280809,0.190261,0.023269,0.41356,0.954532,0.478797,0.149539,0,0,1,0,0
0.65,27.5,0.6,0.5,0.3,0.413906,0.190986,0.429718,0.999563,2.893211,0.160232,9.20513,22.280809,0.190261,0.023269,0.41356,0.954532,0.478797,0.149387,0,0,1,0,0
0.65,27.5,0.7,0.6,0.0,0.413906,0.190986,0.429718,0.999563,2.893211,0.160415,9.20513,22.280809,0.290261,0.008071,0.41356,0.954532,0.473731,0.151885,0,0,1,0,0
0.65,27.5,0.7,0.6,0.1,0.413906,0.190986,0.429718,0.999563,2.893211,0.160398,9.20513,22.280809,0.290261,0.008071,0.41356,0.954532,0.473731,0.151869,0,0,1,0,0
0.65,27.5,0.7,0.6,0.3,0.413906,0.190986,0.429718,0.999563,2.893211,0.160262,9.20513,22.280809,0.290261,0.008071,0.41356,0.954532,0.473731,0.151741,0,0,1,0,0
0.65,27.5,0.8,0.7,0.0,0.413906,0.190986,0.429718,0.999563,2.893211,0.160415,9.20513,22.280809,0.390261,0.001167,0.41356,0.954532,0.47143,0.152942,0,0,1,0,0
0.65,27.5,0.8,0.7,0.1,0.413906,0.190986,0.429718,0.999563,2.893211,0.1604,9.20513,22.280809,0.390261,0.001167,0.41356,0.954532,0.47143,0.152928,0,0,1,0,0
0.65,27.5,0.8,0.7,0.3,0.413906,0.190986,0.429718,0.999563,2.893211,0.160284,9.20513,22.280809,0.390261,0.001167,0.41356,0.954532,0.47143,0.152818,0,0,1,0,0
0.65,27.5,0.9,0.8,0.0,0.413906,0.190986,0.429718,0.999563,2.893211,0.160415,9.20513,22.280809,0.490261,0.0,0.41356,0.954532,0.471041,0.153121,0,0,1,0,0
0.65,27.5,0.9,0.8,0.1,0.413906,0.190986,0.429718,0.999563,2.893211,0.160402,9.20513,22.280809,0.490261,0.0,0.41356,0.954532,0.471041,0.153109,0,0,1,0,0
0.65,27.5,0.9,0.8,0.3,0.413906,0.190986,0.429718,0.999563,2.893211,0.1603,9.20513,22.280809,0.490261,0.0,0.41356,0.954532,0.471041,0.153012,0,0,1,0,0
0.65,27.5,1.0,0.9,0.0,0.413906,0.190986,0.429718,0.999563,2.893211,0.160415,9.20513,22.280809,0.590261,0.0,0.41356,0.954532,0.471041,0.153121,0,0,1,0,0
0.65,27.5,1.0,0.9,0.1,0.413906,0.190986,0.429718,0.999563,2.893211,0.160403,9.20513,22.280809,0.590261,0.0,0.41356,0.954532,0.471041,0.15311,0,0,1,0,0
0.65,27.5,1.0,0.9,0.3,0.413906,0.190986,0.429718,0.999563,2.893211,0.160313,9.20513,22.280809,0.590261,0.0,0.41356,0.954532,0.471041,0.153024,0,0,1,0,0
0.65,30.0,0.3,0.2,0.0,0.459055,0.190986,0.429718,0.999563,2.893211,0.160415,10.122921,24.438603,-0.154433,0.201976,0.443587,0.939644,0.548375,0.120288,0,0,0,0,0
0.65,30.0,0.3,0.2,0.1,0.459055,0.190986,0.429718,0.999563,2.893211,0.160364,10.122921,24.438603,-0.154433,0.201976,0.443587,0.939644,0.548375,0.12025,0,0,0,0,0
0.65,30.0,0.3,0.2,0.3,0.459055,0.190986,0.429718,0.999563,2.893211,0.159957,10.122921,24.438603,-0.154433,0.201976,0.443587,0.939644,0.548375,0.119945,0,0,0,0,0
0.65,30.0,0.4,0.3,0.0,0.459055,0.190986,0.429718,0.999563,2.893211,0.160415,10.122921,24.438603,-0.054433,0.121855,0.443587,0.939644,0.521668,0.132365,0,0,0,0,0
0.65,30.0,0.4,0.3,0.1,0.459055,0.190986,0.429718,0.999563,2.893211,0.160381,10.122921,24.438603,-0.054433,0.121855,0.443587,0.939644,0.521668,0.132337,0,0,0,0,0
0.65,30.0,0.4,0.3,0.3,0.459055,0.190986,0.429718,0.999563,2.893211,0.160109,10.122921,24.438603,-0.054433,0.121855,0.443587,0.939644,0.521668,0.132113,0,0,0,0,0
0.65,30.0,0.5,0.4,0.0,0.459055,0.190986,0.429718,0.999563,2.893211,0.160415,10.122921,24.438603,0.045567,0.066439,0.443587,0.939644,0.503196,0.140718,0,0,1,0,0
0.65,30.0,0.5,0.4,0.1,0.459055,0.190986,0.429718,0.999563,2.893211,0.160389,10.122921,24.438603,0.045567,0.066439,0.443587,0.939644,0.503196,0.140696,0,0,1,0,0
0.65,30.0,0.5,0.4,0.3,0.459055,0.190986,0.429718,0.999563,2.893211,0.160186,10.122921,24.438603,0.045567,0.066439,0.443587,0.939644,0.503196,0.140517,0,0,1,0,0
0.65,30.0,0.6,0.5,0.0,0.459055,0.190986,0.429718,0.999563,2.893211,0.160415,10.122921,24.438603,0.145567,0.038399,0.443587,0.939644,0.49385,0.144945,0,0,1,0,0
0.65,30.0,0.6,0.5,0.1,0.459055,0.190986,0.429718,0.999563,2.893211,0.160394,10.122921,24.438603,0.145567,0.038399,0.443587,0.939644,0.49385,0.144926,0,0,1,0,0
0.65,30.0,0.6,0.5,0.3,0.459055,0.190986,0.429718,0.999563,2.893211,0.160232,10.122921,24.438603,0.145567,0.038399,0.443587,0.939644,0.49385,0.144779,0,0,1,0,0
0.65,30.0,0.7,0.6,0.0,0.459055,0.190986,0.429718,0.999563,2.893211,0.160415,10.122921,24.438603,0.245567,0.017438,0.443587,0.939644,0.486863,0.148104,0,0,1,0,0
0.65,30.0,0.7,0.6,0.1,0.459055,0.190986,0.429718,0.999563,2.893211,0.160398,10.122921,24.438603,0.245567,0.017438,0.443587,0.939644,0.486863,0.148089,0,0,1,0,0
0.65,30.0,0.7,0.6,0.3,0.459055,0.190986,0.429718,0.999563,2.893211,0.160262,10.122921,24.438603,0.245567,0.017438,0.443587,0.939644,0.486863,0.147963,0,0,1,0,0
0.65,30.0,0.8,0.7,0.0,0.459055,0.190986,0.429718,0.999563,2.893211,0.160415,10.122921,24.438603,0.345567,0.006076,0.443587,0.939644,0.483075,0.149817,0,0,1,0,0
0.65,30.0,0.8,0.7,0.1,0.459055,0.190986,0.429718,0.999563,2.893211,0.1604,10.122921,24.438603,0.345567,0.006076,0.443587,0.939644,0.483075,0.149803,0,0,1,0,0
0.65,30.0,0.8,0.7,0.3,0.459055,0.190986,0.429718,0.999563,2.893211,0.160284,10.122921,24.438603,0.345567,0.006076,0.443587,0.939644,0.483075,0.149695,0,0,1,0,0
0.65,30.0,0.9,0.8,0.0,0.459055,0.190986,0.429718,0.999563,2.893211,0.160415,10.122921,24.438603,0.445567,0.000808,0.443587,0.939644,0.481319,0.150611,0,0,1,0,0
0.65,30.0,0.9,0.8,0.1,0.459055,0.190986,0.429718,0.999563,2.893211,0.160402,10.122921,24.438603,0.445567,0.000808,0.443587,0.939644,0.481319,0.150599,0,0,1,0,0
0.65,30.0,0.9,0.8,0.3,0.459055,0.190986,0.429718,0.999563,2.893211,0.1603,10.122921,24.438603,0.445567,0.000808,0.443587,0.939644,0.481319,0.150503,0,0,1,0,0
0.65,30.0,1.0,0.9,0.0,0.459055,0.190986,0.429718,0.999563,2.893211,0.160415,10.122921,24.438603,0.545567,0.0,0.443587,0.939644,0.48105,0.150733,0,0,1,0,0
0.65,30.0,1.0,0.9,0.1,0.459055,0.190986,0.429718,0.999563,2.893211,0.160403,10.122921,24.438603,0.545567,0.0,0.443587,0.939644,0.48105,0.150722,0,0,1,0,0
0.65,30.0,1.0,0.9,0.3,0.459055,0.190986,0.429718,0.999563,2.893211,0.160313,10.122921,24.438603,0.545567,0.0,0.443587,0.939644,0.48105,0.150637,0,0,1,0,0
0.65,32.5,0.3,0.2,0.0,0.506538,0.190986,0.429718,0.999563,2.893211,0.160415,11.066099,26.630945,-0.201438,0.232064,0.473424,0.924539,0.56835,0.113892,0,0,0,0,0
0.65,32.5,0.3,0.2,0.1,0.506538,0.190986,0.429718,0.999563,2.893211,0.160364,11.066099,26.630945,-0.201438,0.232064,0.473424,0.924539,0.56835,0.113856,0,0,0,0,0
0.65,32.5,0.3,0.2,0.3,0.506538,0.190986,0.429718,0.999563,2.893211,0.159957,11.066099,26.630945,-0.201438,0.232064,0.473424,0.924539,0.56835,0.113567,0,0,0,0,0
0.65,32.5,0.4,0.3,0.0,0.506538,0.190986,0.429718,0.999563,2.893211,0.160415,11.066099,26.630945,-0.101438,0.14849,0.473424,0.924539,0.540492,0.126287,0,0,0,0,0
0.65,32.5,0.4,0.3,0.1,0.506538,0.190986,0.429718,0.999563,2.893211,0.160381,11.066099,26.630945,-0.101438,0.14849,0.473424,0.924539,0.540492,0.12626,0,0,0,0,0
0.65,32.5,0.4,0.3,0.3,0.506538,0.190986,0.429718,0.999563,2.893211,0.160109,11.066099,26.630945,-0.101438,0.14849,0.473424,0.924539,0.540492,0.126047,0,0,0,0,0
0.65,32.5,0.5,0.4,0.0,0.506538,0.190986,0.429718,0.999563,2.893211,0.160415,11.066099,26.630945,-0.001438,0.089013,0.473424,0.924539,0.520666,0.135108,0,0,0,0,0
0.65,32.5,0.5,0.4,0.1,0.506538,0.190986,0.429718,0.999563,2.893211,0.160389,11.066099,26.630945,-0.001438,0.089013,0.473424,0.924539,0.520666,0.135087,0,0,0,0,0
0.65,32.5,0.5,0.4,0.3,0.506538,0.190986,0.429718,0.999563,2.893211,0.160186,11.066099,26.630945,-0.001438,0.089013,0.473424,0.924539,0.520666,0.134915,0,0,0,0,0
0.65,32.5,0.6,0.5,0.0,0.506538,0.190986,0.429718,0.999563,2.893211,0.160415,11.066099,26.630945,0.098562,0.05287,0.473424,0.924539,0.508619,0.140468,0,0,1,0,0
0.65,32.5,0.6,0.5,0.1,0.506538,0.190986,0.429718,0.999563,2.893211,0.160394,11.066099,26.630945,0.098562,0.05287,0.473424,0.924539,0.508619,0.140451,0,0,1,0,0
0.65,32.5,0.6,0.5,0.3,0.506538,0.190986,0.429718,0.999563,2.893211,0.160232,11.066099,26.630945,0.098562,0.05287,0.473424,0.924539,0.508619,0.140308,0,0,1,0,0
0.65,32.5,0.7,0.6,0.0,0.506538,0.190986,0.429718,0.999563,2.893211,0.160415,11.066099,26.630945,0.198562,0.029818,0.473424,0.924539,0.500935,0.143887,0,0,1,0,0
0.65,32.5,0.7,0.6,0.1,0.506538,0.190986,0.429718,0.999563,2.893211,0.160398,11.066099,26.630945,0.198562,0.029818,0.473424,0.924539,0.500935,0.143872,0,0,1,0,0
0.65,32.5,0.7,0.6,0.3,0.506538,0.190986,0.429718,0.999563,2.893211,0.160262,11.066099,26.630945,0.198562,0.029818,0.473424,0.924539,0.500935,0.14375,0,0,1,0,0
0.65,32.5,0.8,0.7,0.0,0.506538,0.190986,0.429718,0.999563,2.893211,0.160415,11.066099,26.630945,0.298562,0.013218,0.473424,0.924539,0.495401,0.146349,0,0,1,0,0
0.65,32.5,0.8,0.7,0.1,0.506538,0.190986,0.429718,0.999563,2.893211,0.1604,11.066099,26.630945,0.298562,0.013218,0.473424,0.924539,0.495401,0.146336,0,0,1,0,0
0.65,32.5,0.8,0.7,0.3,0.506538,0.190986,0.429718,0.999563,2.893211,0.160284,11.066099,26.630945,0.298562,0.013218,0.473424,0.924539,0.495401,0.14623,0,0,1,0,0
0.65,32.5,0.9,0.8,0.0,0.506538,0.190986,0.429718,0.999563,2.893211,0.160415,11.066099,26.630945,0.398562,0.004757,0.473424,0.924539,0.492581,0.147604,0,0,1,0,0
0.65,32.5,0.9,0.8,0.1,0.506538,0.190986,0.429718,0.999563,2.893211,0.160402,11.066099,26.630945,0.398562,0.004757,0.473424,0.924539,0.492581,0.147592,0,0,1,0,0
0.65,32.5,0.9,0.8,0.3,0.506538,0.190986,0.429718,0.999563,2.893211,0.1603,11.066099,26.630945,0.398562,0.004757,0.473424,0.924539,0.492581,0.147499,0,0,1,0,0
0.65,32.5,1.0,0.9,0.0,0.506538,0.190986,0.429718,0.999563,2.893211,0.160415,11.066099,26.630945,0.498562,0.000632,0.473424,0.924539,0.491206,0.148216,0,0,1,0,0
0.65,32.5,1.0,0.9,0.1,0.506538,0.190986,0.429718,0.999563,2.893211,0.160403,11.066099,26.630945,0.498562,0.000632,0.473424,0.924539,0.491206,0.148205,0,0,1,0,0
0.65,32.5,1.0,0.9,0.3,0.506538,0.190986,0.429718,0.999563,2.893211,0.160313,11.066099,26.630945,0.498562,0.000632,0.473424,0.924539,0.491206,0.148122,0,0,1,0,0
0.65,35.0,0.3,0.2,0.0,0.556739,0.190986,0.429718,0.999563,2.893211,0.160415,12.038659,28.860644,-0.251134,0.262501,0.502452,0.908434,0.588172,0.107473,0,0,0,0,0
0.65,35.0,0.3,0.2,0.1,0.556739,0.190986,0.429718,0.999563,2.893211,0.160364,12.038659,28.860644,-0.251134,0.262501,0.502452,0.908434,0.588172,0.107439,0,0,0,0,0
0.65,35.0,0.3,0.2,0.3,0.556739,0.190986,0.429718,0.999563,2.893211,0.159957,12.038659,28.860644,-0.251134,0.262501,0.502452,0.908434,0.588172,0.107166,0,0,0,0,0
0.65,35.0,0.4,0.3,0.0,0.556739,0.190986,0.429718,0.999563,2.893211,0.160415,12.038659,28.860644,-0.151134,0.174398,0.502452,0.908434,0.558804,0.120312,0,0,0,0,0
0.65,35.0,0.4,0.3,0.1,0.556739,0.190986,0.429718,0.999563,2.893211,0.160381,12.038659,28.860644,-0.151134,0.174398,0.502452,0.908434,0.558804,0.120286,0,0,0,0,0
0.65,35.0,0.4,0.3,0.3,0.556739,0.190986,0.429718,0.999563,2.893211,0.160109,12.038659,28.860644,-0.151134,0.174398,0.502452,0.908434,0.558804,0.120083,0,0,0,0,0
0.65,35.0,0.5,0.4,0.0,0.556739,0.190986,0.429718,0.999563,2.893211,0.160415,12.038659,28.860644,-0.051134,0.113917,0.502452,0.908434,0.538644,0.129125,0,0,0,0,0
0.65,35.0,0.5,0.4,0.1,0.556739,0.190986,0.429718,0.999563,2.893211,0.160389,12.038659,28.860644,-0.051134,0.113917,0.502452,0.908434,0.538644,0.129105,0,0,0,0,0
0.65,35.0,0.5,0.4,0.3,0.556739,0.190986,0.429718,0.999563,2.893211,0.160186,12.038659,28.860644,-0.051134,0.113917,0.502452,0.908434,0.538644,0.128941,0,0,0,0,0
0.65,35.0,0.6,0.5,0.0,0.556739,0.190986,0.429718,0.999563,2.893211,0.160415,12.038659,28.860644,0.048866,0.068813,0.502452,0.908434,0.523609,0.135698,0,0,1,0,0
0.65,35.0,0.6,0.5,0.1,0.556739,0.190986,0.429718,0.999563,2.893211,0.160394,12.038659,28.860644,0.048866,0.068813,0.502452,0.908434,0.523609,0.135681,0,0,1,0,0
0.65,35.0,0.6,0.5,0.3,0.556739,0.190986,0.429718,0.999563,2.893211,0.160232,12.038659,28.860644,0.048866,0.068813,0.502452,0.908434,0.523609,0.135543,0,0,1,0,0
0.65,35.0,0.7,0.6,0.0,0.556739,0.190986,0.429718,0.999563,2.893211,0.160415,12.038659,28.860644,0.148866,0.044176,0.502452,0.908434,0.515397,0.139289,0,0,1,0,0
0.65,35.0,0.7,0.6,0.1,0.556739,0.190986,0.429718,0.999563,2.893211,0.160398,12.038659,28.860644,0.148866,0.044176,0.502452,0.908434,0.515397,0.139274,0,0,1,0,0
0.65,35.0,0.7,0.6,0.3,0.556739,0.190986,0.429718,0.999563,2.893211,0.160262,12.038659,28.860644,0.148866,0.044176,0.502452,0.908434,0.515397,0.139156,0,0,1,0,0
0.65,35.0,0.8,0.7,0.0,0.556739,0.190986,0.429718,0.999563,2.893211,0.160415,12.038659,28.860644,0.248866,0.024297,0.502452,0.908434,0.508771,0.142185,0,0,1,0,0
0.65,35.0,0.8,0.7,0.1,0.556739,0.190986,0.429718,0.999563,2.893211,0.1604,12.038659,28.860644,0.248866,0.024297,0.502452,0.908434,0.508771,0.142173,0,0,1,0,0
0.65,35.0,0.8,0.7,0.3,0.556739,0.190986,0.429718,0.999563,2.893211,0.160284,12.038659,28.860644,0.248866,0.024297,0.502452,0.908434,0.508771,0.14207,0,0,1,0,0
0.65,35.0,0.9,0.8,0.0,0.556739,0.190986,0.429718,0.999563,2.893211,0.160415,12.038659,28.860644,0.348866,0.011025,0.502452,0.908434,0.504347,0.14412,0,0,1,0,0
0.65,35.0,0.9,0.8,0.1,0.556739,0.190986,0.429718,0.999563,2.893211,0.160402,12.038659,28.860644,0.348866,0.011025,0.502452,0.908434,0.504347,0.144108,0,0,1,0,0
0.65,35.0,0.9,0.8,0.3,0.556739,0.190986,0.429718,0.999563,2.893211,0.1603,12.038659,28.860644,0.348866,0.011025,0.502452,0.908434,0.504347,0.144017,0,0,1,0,0
0.65,35.0,1.0,0.9,0.0,0.556739,0.190986,0.429718,0.999563,2.893211,0.160415,12.038659,28.860644,0.448866,0.004005,0.502452,0.908434,0.502007,0.145143,0,0,1,0,0
0.65,35.0,1.0,0.9,0.1,0.556739,0.190986,0.429718,0.999563,2.893211,0.160403,12.038659,28.860644,0.448866,0.004005,0.502452,0.908434,0.502007,0.145132,0,0,1,0,0
0.65,35.0,1.0,0.9,0.3,0.556739,0.190986,0.429718,0.999563,2.893211,0.160313,12.038659,28.860644,0.448866,0.004005,0.502452,0.908434,0.502007,0.14505,0,0,1,0,0
0.7,5.0,0.3,0.2,0.0,0.069563,0.205677,0.462774,0.999759,2.686553,0.149069,1.613854,3.939305,0.231138,0.0,0.080477,1.0,0.360079,0.149069,1,0,1,0,0
0.7,5.0,0.3,0.2,0.1,0.069563,0.205677,0.462774,0.999759,2.686553,0.149018,1.613854,3.939305,0.231138,0.0,0.080477,1.0,0.360079,0.149018,1,0,1,0,0
0.7,5.0,0.3,0.2,0.3,0.069563,0.205677,0.462774,0.999759,2.686553,0.148611,1.613854,3.939305,0.231138,0.0,0.080477,1.0,0.360079,0.148611,1,0,1,0,0
0.7,5.0,0.4,0.3,0.0,0.069563,0.205677,0.462774,0.999759,2.686553,0.149069,1.613854,3.939305,0.331138,0.0,0.080477,1.0,0.360079,0.149069,1,0,1,0,0
0.7,5.0,0.4,0.3,0.1,0.069563,0.205677,0.462774,0.999759,2.686553,0.149035,1.613854,3.939305,0.331138,0.0,0.080477,1.0,0.360079,0.149035,1,0,1,0,0
0.7,5.0,0.4,0.3,0.3,0.069563,0.205677,0.462774,0.999759,2.686553,0.148764,1.613854,3.939305,0.331138,0.0,0.080477,1.0,0.360079,0.148764,1,0,1,0,0
0.7,5.0,0.5,0.4,0.0,0.069563,0.205677,0.462774,0.999759,2.686553,0.149069,1.613854,3.939305,0.431138,0.0,0.080477,1.0,0.360079,0.149069,1,0,1,0,0
0.7,5.0,0.5,0.4,0.1,0.069563,0.205677,0.462774,0.999759,2.686553,0.149044,1.613854,3.939305,0.431138,0.0,0.080477,1.0,0.360079,0.149044,1,0,1,0,0
0.7,5.0,0.5,0.4,0.3,0.069563,0.205677,0.462774,0.999759,2.686553,0.14884,1.613854,3.939305,0.431138,0.0,0.080477,1.0,0.360079,0.14884,1,0,1,0,0
0.7,5.0,0.6,0.5,0.0,0.069563,0.205677,0.462774,0.999759,2.686553,0.149069,1.613854,3.939305,0.531138,0.0,0.080477,1.0,0.360079,0.149069,1,0,1,0,0
0.7,5.0,0.6,0.5,0.1,0.069563,0.205677,0.462774,0.999759,2.686553,0.149049,1.613854,3.939305,0.531138,0.0,0.080477,1.0,0.360079,0.149049,1,0,1,0,0
0.7,5.0,0.6,0.5,0.3,0.069563,0.205677,0.462774,0.999759,2.686553,0.148886,1.613854,3.939305,0.531138,0.0,0.080477,1.0,0.360079,0.148886,1,0,1,0,0
0.7,5.0,0.7,0.6,0.0,0.069563,0.205677,0.462774,0.999759,2.686553,0.149069,1.613854,3.939305,0.631138,0.0,0.080477,1.0,0.360079,0.149069,1,0,1,0,0
0.7,5.0,0.7,0.6,0.1,0.069563,0.205677,0.462774,0.999759,2.686553,0.149052,1.613854,3.939305,0.631138,0.0,0.080477,1.0,0.360079,0.149052,1,0,1,0,0
0.7,5.0,0.7,0.6,0.3,0.069563,0.205677,0.462774,0.999759,2.686553,0.148916,1.613854,3.939305,0.631138,0.0,0.080477,1.0,0.360079,0.148916,1,0,1,0,0
0.7,5.0,0.8,0.7,0.0,0.069563,0.205677,0.462774,0.999759,2.686553,0.149069,1.613854,3.939305,0.731138,0.0,0.080477,1.0,0.360079,0.149069,1,0,1,0,0
0.7,5.0,0.8,0.7,0.1,0.069563,0.205677,0.462774,0.999759,2.686553,0.149055,1.613854,3.939305,0.731138,0.0,0.080477,1.0,0.360079,0.149055,1,0,1,0,0
0.7,5.0,0.8,0.7,0.3,0.069563,0.205677,0.462774,0.999759,2.686553,0.148938,1.613854,3.939305,0.731138,0.0,0.080477,1.0,0.360079,0.148938,1,0,1,0,0
0.7,5.0,0.9,0.8,0.0,0.069563,0.205677,0.462774,0.999759,2.686553,0.149069,1.613854,3.939305,0.831138,0.0,0.080477,1.0,0.360079,0.149069,1,0,1,0,0
0.7,5.0,0.9,0.8,0.1,0.069563,0.205677,0.462774,0.999759,2.686553,0.149056,1.613854,3.939305,0.831138,0.0,0.080477,1.0,0.360079,0.149056,1,0,1,0,0
0.7,5.0,0.9,0.8,0.3,0.069563,0.205677,0.462774,0.999759,2.686553,0.148955,1.613854,3.939305,0.831138,0.0,0.080477,1.0,0.360079,0.148955,1,0,1,0,0
0.7,5.0,1.0,0.9,0.0,0.069563,0.205677,0.462774,0.999759,2.686553,0.149069,1.613854,3.939305,0.931138,0.0,0.080477,1.0,0.360079,0.149069,1,0,1,0,0
0.7,5.0,1.0,0.9,0.1,0.069563,0.205677,0.462774,0.999759,2.686553,0.149058,1.613854,3.939305,0.931138,0.0,0.080477,1.0,0.360079,0.149058,1,0,1,0,0
0.7,5.0,1.0,0.9,0.3,0.069563,0.205677,0.462774,0.999759,2.686553,0.148967,1.613854,3.939305,0.931138,0.0,0.080477,1.0,0.360079,0.148967,1,0,1,0,0
0.7,7.5,0.3,0.2,0.0,0.104678,0.205677,0.462774,0.999759,2.686553,0.149069,2.424156,5.916089,0.196376,0.0,0.120884,1.0,0.373548,0.149069,1,0,1,0,0
0.7,7.5,0.3,0.2,0.1,0.104678,0.205677,0.462774,0.999759,2.686553,0.149018,2.424156,5.916089,0.196376,0.0,0.120884,1.0,0.373548,0.149018,1,0,1,0,0
0.7,7.5,0.3,0.2,0.3,0.104678,0.205677,0.462774,0.999759,2.686553,0.148611,2.424156,5.916089,0.196376,0.0,0.120884,1.0,0.373548,0.148611,1,0,1,0,0
0.7,7.5,0.4,0.3,0.0,0.104678,0.205677,0.462774,0.999759,2.686553,0.149069,2.424156,5.916089,0.296376,0.0,0.120884,1.0,0.373548,0.149069,1,0,1,0,0
0.7,7.5,0.4,0.3,0.1,0.104678,0.205677,0.462774,0.999759,2.686553,0.149035,2.424156,5.916089,0.296376,0.0,0.120884,1.0,0.373548,0.149035,1,0,1,0,0
0.7,7.5,0.4,0.3,0.3,0.104678,0.205677,0.462774,0.999759,2.686553,0.148764,2.424156,5.916089,0.296376,0.0,0.120884,1.0,0.373548,0.148764,1,0,1,0,0
0.7,7.5,0.5,0.4,0.0,0.104678,0.205677,0.462774,0.999759,2.686553,0.149069,2.424156,5.916089,0.396376,0.0,0.120884,1.0,0.373548,0.149069,1,0,1,0,0
0.7,7.5,0.5,0.4,0.1,0.104678,0.205677,0.462774,0.999759,2.686553,0.149044,2.424156,5.916089,0.396376,0.0,0.120884,1.0,0.373548,0.149044,1,0,1,0,0
0.7,7.5,0.5,0.4,0.3,0.104678,0.205677,0.462774,0.999759,2.686553,0.14884,2.424156,5.916089,0.396376,0.0,0.120884,1.0,0.373548,0.14884,1,0,1,0,0
0.7,7.5,0.6,0.5,0.0,0.104678,0.205677,0.462774,0.999759,2.686553,0.149069,2.424156,5.916089,0.496376,0.0,0.120884,1.0,0.373548,0.149069,1,0,1,0,0
0.7,7.5,0.6,0.5,0.1,0.104678,0.205677,0.462774,0.999759,2.686553,0.149049,2.424156,5.916089,0.496376,0.0,0.120884,1.0,0.373548,0.149049,1,0,1,0,0
0.7,7.5,0.6,0.5,0.3,0.104678,0.205677,0.462774,0.999759,2.686553,0.148886,2.424156,5.916089,0.496376,0.0,0.120884,1.0,0.373548,0.148886,1,0,1,0,0
0.7,7.5,0.7,0.6,0.0,0.104678,0.205677,0.462774,0.999759,2.686553,0.149069,2.424156,5.916089,0.596376,0.0,0.120884,1.0,0.373548,0.149069,1,0,1,0,0
0.7,7.5,0.7,0.6,0.1,0.104678,0.205677,0.462774,0.999759,2.686553,0.149052,2.424156,5.916089,0.596376,0.0,0.120884,1.0,0.373548,0.149052,1,0,1,0,0
0.7,7.5,0.7,0.6,0.3,0.104678,0.205677,0.462774,0.999759,2.686553,0.148916,2.424156,5.916089,0.596376,0.0,0.120884,1.0,0.373548,0.148916,1,0,1,0,0
0.7,7.5,0.8,0.7,0.0,0.104678,0.205677,0.462774,0.999759,2.686553,0.149069,2.424156,5.916089,0.696376,0.0,0.120884,1.0,0.373548,0.149069,1,0,1,0,0
0.7,7.5,0.8,0.7,0.1,0.104678,0.205677,0.462774,0.999759,2.686553,0.149055,2.424156,5.916089,0.696376,0.0,0.120884,1.0,0.373548,0.149055,1,0,1,0,0
0.7,7.5,0.8,0.7,0.3,0.104678,0.205677,0.462774,0.999759,2.686553,0.148938,2.424156,5.916089,0.696376,0.0,0.120884,1.0,0.373548,0.148938,1,0,1,0,0
0.7,7.5,0.9,0.8,0.0,0.104678,0.205677,0.462774,0.999759,2.686553,0.149069,2.424156,5.916089,0.796376,0.0,0.120884,1.0,0.373548,0.149069,1,0,1,0,0
0.7,7.5,0.9,0.8,0.1,0.104678,0.205677,0.462774,0.999759,2.686553,0.149056,2.424156,5.916089,0.796376,0.0,0.120884,1.0,0.373548,0.149056,1,0,1,0,0
0.7,7.5,0.9,0.8,0.3,0.104678,0.205677,0.462774,0.999759,2.686553,0.148955,2.424156,5.916089,0.796376,0.0,0.120884,1.0,0.373548,0.148955,1,0,1,0,0
0.7,7.5,1.0,0.9,0.0,0.104678,0.205677,0.462774,0.999759,2.686553,0.149069,2.424156,5.916089,0.896376,0.0,0.120884,1.0,0.373548,0.149069,1,0,1,0,0
0.7,7.5,1.0,0.9,0.1,0.104678,0.205677,0.462774,0.999759,2.686553,0.149058,2.424156,5.916089,0.896376,0.0,0.120884,1.0,0.373548,0.149058,1,0,1,0,0
0.7,7.5,1.0,0.9,0.3,0.104678,0.205677,0.462774,0.999759,2.686553,0.148967,2.424156,5.916089,0.896376,0.0,0.120884,1.0,0.373548,0.148967,1,0,1,0,0
0.7,10.0,0.3,0.2,0.0,0.140199,0.205677,0.462774,0.999759,2.686553,0.149069,3.238603,7.90144,0.161213,0.0,0.161498,1.0,0.387086,0.149069,1,0,1,0,0
0.7,10.0,0.3,0.2,0.1,0.140199,0.205677,0.462774,0.999759,2.686553,0.149018,3.238603,7.90144,0.161213,0.0,0.161498,1.0,0.387086,0.149018,1,0,1,0,0
0.7,10.0,0.3,0.2,0.3,0.140199,0.205677,0.462774,0.999759,2.686553,0.148611,3.238603,7.90144,0.161213,0.0,0.161498,1.0,0.387086,0.148611,1,0,1,0,0
0.7,10.0,0.4,0.3,0.0,0.140199,0.205677,0.462774,0.999759,2.686553,0.149069,3.238603,7.90144,0.261213,0.0,0.161498,1.0,0.387086,0.149069,1,0,1,0,0
0.7,10.0,0.4,0.3,0.1,0.140199,0.205677,0.462774,0.999759,2.686553,0.149035,3.238603,7.90144,0.261213,0.0,0.161498,1.0,0.387086,0.149035,1,0,1,0,0
0.7,10.0,0.4,0.3,0.3,0.140199,0.205677,0.462774,0.999759,2.686553,0.148764,3.238603,7.90144,0.261213,0.0,0.161498,1.0,0.387086,0.148764,1,0,1,0,0
0.7,10.0,0.5,0.4,0.0,0.140199,0.205677,0.462774,0.999759,2.686553,0.149069,3.238603,7.90144,0.361213,0.0,0.161498,1.0,0.387086,0.149069,1,0,1,0,0
0.7,10.0,0.5,0.4,0.1,0.140199,0.205677,0.462774,0.999759,2.686553,0.149044,3.238603,7.90144,0.361213,0.0,0.161498,1.0,0.387086,0.149044,1,0,1,0,0
0.7,10.0,0.5,0.4,0.3,0.140199,0.205677,0.462774,0.999759,2.686553,0.14884,3.238603,7.90144,0.361213,0.0,0.161498,1.0,0.387086,0.14884,1,0,1,0,0
0.7,10.0,0.6,0.5,0.0,0.140199,0.205677,0.462774,0.999759,2.686553,0.149069,3.238603,7.90144,0.461213,0.0,0.161498,1.0,0.387086,0.149069,1,0,1,0,0
0.7,10.0,0.6,0.5,0.1,0.140199,0.205677,0.462774,0.999759,2.686553,0.149049,3.238603,7.90144,0.461213,0.0,0.161498,1.0,0.387086,0.149049,1,0,1,0,0
0.7,10.0,0.6,0.5,0.3,0.140199,0.205677,0.462774,0.999759,2.686553,0.148886,3.238603,7.90144,0.461213,0.0,0.161498,1.0,0.387086,0.148886,1,0,1,0,0
0.7,10.0,0.7,0.6,0.0,0.140199,0.205677,0.462774,0.999759,2.686553,0.149069,3.238603,7.90144,0.561213,0.0,0.161498,1.0,0.387086,0.149069,1,0,1,0,0
0.7,10.0,0.7,0.6,0.1,0.140199,0.205677,0.462774,0.999759,2.686553,0.149052,3.238603,7.90144,0.561213,0.0,0.161498,1.0,0.387086,0.149052,1,0,1,0,0
0.7,10.0,0.7,0.6,0.3,0.140199,0.205677,0.462774,0.999759,2.686553,0.148916,3.238603,7.90144,0.561213,0.0,0.161498,1.0,0.387086,0.148916,1,0,1,0,0
0.7,10.0,0.8,0.7,0.0,0.140199,0.205677,0.462774,0.999759,2.686553,0.149069,3.238603,7.90144,0.661213,0.0,0.161498,1.0,0.387086,0.149069,1,0,1,0,0
0.7,10.0,0.8,0.7,0.1,0.140199,0.205677,0.462774,0.999759,2.686553,0.149055,3.238603,7.90144,0.661213,0.0,0.161498,1.0,0.387086,0.149055,1,0,1,0,0
0.7,10.0,0.8,0.7,0.3,0.140199,0.205677,0.462774,0.999759,2.686553,0.148938,3.238603,7.90144,0.661213,0.0,0.161498,1.0,0.387086,0.148938,1,0,1,0,0
0.7,10.0,0.9,0.8,0.0,0.140199,0.205677,0.462774,0.999759,2.686553,0.149069,3.238603,7.90144,0.761213,0.0,0.161498,1.0,0.387086,0.149069,1,0,1,0,0
0.7,10.0,0.9,0.8,0.1,0.140199,0.205677,0.462774,0.999759,2.686553,0.149056,3.238603,7.90144,0.761213,0.0,0.161498,1.0,0.387086,0.149056,1,0,1,0,0
0.7,10.0,0.9,0.8,0.3,0.140199,0.205677,0.462774,0.999759,2.686553,0.148955,3.238603,7.90144,0.761213,0.0,0.161498,1.0,0.387086,0.148955,1,0,1,0,0
0.7,10.0,1.0,0.9,0.0,0.140199,0.205677,0.462774,0.999759,2.686553,0.149069,3.238603,7.90144,0.861213,0.0,0.161498,1.0,0.387086,0.149069,1,0,1,0,0
0.7,10.0,1.0,0.9,0.1,0.140199,0.205677,0.462774,0.999759,2.686553,0.149058,3.238603,7.90144,0.861213,0.0,0.161498,1.0,0.387086,0.149058,1,0,1,0,0
0.7,10.0,1.0,0.9,0.3,0.140199,0.205677,0.462774,0.999759,2.686553,0.148967,3.238603,7.90144,0.861213,0.0,0.161498,1.0,0.387086,0.148967,1,0,1,0,0
0.7,12.5,0.3,0.2,0.0,0.176271,0.205677,0.462774,0.999759,2.686553,0.149069,4.058731,9.898225,0.125504,0.007655,0.202395,1.0,0.40327,0.147928,1,0,1,0,0
0.7,12.5,0.3,0.2,0.1,0.176271,0.205677,0.462774,0.999759,2.686553,0.149018,4.058731,9.898225,0.125504,0.007655,0.202395,1.0,0.40327,0.147878,1,0,1,0,0
0.7,12.5,0.3,0.2,0.3,0.176271,0.205677,0.462774,0.999759,2.686553,0.148611,4.058731,9.898225,0.125504,0.007655,0.202395,1.0,0.40327,0.147473,1,0,1,0,0
0.7,12.5,0.4,0.3,0.0,0.176271,0.205677,0.462774,0.999759,2.686553,0.149069,4.058731,9.898225,0.225504,0.0,0.202395,1.0,0.400718,0.149069,1,0,1,0,0
0.7,12.5,0.4,0.3,0.1,0.176271,0.205677,0.462774,0.999759,2.686553,0.149035,4.058731,9.898225,0.225504,0.0,0.202395,1.0,0.400718,0.149035,1,0,1,0,0
0.7,12.5,0.4,0.3,0.3,0.176271,0.205677,0.462774,0.999759,2.686553,0.148764,4.058731,9.898225,0.225504,0.0,0.202395,1.0,0.400718,0.148764,1,0,1,0,0
0.7,12.5,0.5,0.4,0.0,0.176271,0.205677,0.462774,0.999759,2.686553,0.149069,4.058731,9.898225,0.325504,0.0,0.202395,1.0,0.400718,0.149069,1,0,1,0,0
0.7,12.5,0.5,0.4,0.1,0.176271,0.205677,0.462774,0.999759,2.686553,0.149044,4.058731,9.898225,0.325504,0.0,0.202395,1.0,0.400718,0.149044,1,0,1,0,0
0.7,12.5,0.5,0.4,0.3,0.176271,0.205677,0.462774,0.999759,2.686553,0.14884,4.058731,9.898225,0.325504,0.0,0.202395,1.0,0.400718,0.14884,1,0,1,0,0
0.7,12.5,0.6,0.5,0.0,0.176271,0.205677,0.462774,0.999759,2.686553,0.149069,4.058731,9.898225,0.425504,0.0,0.202395,1.0,0.400718,0.149069,1,0,1,0,0
0.7,12.5,0.6,0.5,0.1,0.176271,0.205677,0.462774,0.999759,2.686553,0.149049,4.058731,9.898225,0.425504,0.0,0.202395,1.0,0.400718,0.149049,1,0,1,0,0
0.7,12.5,0.6,0.5,0.3,0.176271,0.205677,0.462774,0.999759,2.686553,0.148886,4.058731,9.898225,0.425504,0.0,0.202395,1.0,0.400718,0.148886,1,0,1,0,0
0.7,12.5,0.7,0.6,0.0,0.176271,0.205677,0.462774,0.999759,2.686553,0.149069,4.058731,9.898225,0.525504,0.0,0.202395,1.0,0.400718,0.149069,1,0,1,0,0
0.7,12.5,0.7,0.6,0.1,0.176271,0.205677,0.462774,0.999759,2.686553,0.149052,4.058731,9.898225,0.525504,0.0,0.202395,1.0,0.400718,0.149052,1,0,1,0,0
0.7,12.5,0.7,0.6,0.3,0.176271,0.205677,0.462774,0.999759,2.686553,0.148916,4.058731,9.898225,0.525504,0.0,0.202395,1.0,0.400718,0.148916,1,0,1,0,0
0.7,12.5,0.8,0.7,0.0,0.176271,0.205677,0.462774,0.999759,2.686553,0.149069,4.058731,9.898225,0.625504,0.0,0.202395,1.0,0.400718,0.149069,1,0,1,0,0
0.7,12.5,0.8,0.7,0.1,0.176271,0.205677,0.462774,0.999759,2.686553,0.149055,4.058731,9.898225,0.625504,0.0,0.202395,1.0,0.400718,0.149055,1,0,1,0,0
0.7,12.5,0.8,0.7,0.3,0.176271,0.205677,0.462774,0.999759,2.686553,0.148938,4.058731,9.898225,0.625504,0.0,0.202395,1.0,0.400718,0.148938,1,0,1,0,0
0.7,12.5,0.9,0.8,0.0,0.176271,0.205677,0.462774,0.999759,2.686553,0.149069,4.058731,9.898225,0.725504,0.0,0.202395,1.0,0.400718,0.149069,1,0,1,0,0
0.7,12.5,0.9,0.8,0.1,0.176271,0.205677,0.462774,0.999759,2.686553,0.149056,4.058731,9.898225,0.725504,0.0,0.202395,1.0,0.400718,0.149056,1,0,1,0,0
0.7,12.5,0.9,0.8,0.3,0.176271,0.205677,0.462774,0.999759,2.686553,0.148955,4.058731,9.898225,0.725504,0.0,0.202395,1.0,0.400718,0.148955,1,0,1,0,0
0.7,12.5,1.0,0.9,0.0,0.176271,0.205677,0.462774,0.999759,2.686553,0.149069,4.058731,9.898225,0.825504,0.0,0.202395,1.0,0.400718,0.149069,1,0,1,0,0
0.7,12.5,1.0,0.9,0.1,0.176271,0.205677,0.462774,0.999759,2.686553,0.149058,4.058731,9.898225,0.825504,0.0,0.202395,1.0,0.400718,0.149058,1,0,1,0,0
0.7,12.5,1.0,0.9,0.3,0.176271,0.205677,0.462774,0.999759,2.686553,0.148967,4.058731,9.898225,0.825504,0.0,0.202395,1.0,0.400718,0.148967,1,0,1,0,0
0.7,15.0,0.3,0.2,0.0,0.213048,0.205677,0.462774,0.999759,2.686553,0.149069,4.886207,11.909322,0.089097,0.027111,0.242113,0.998454,0.422994,0.144804,1,0,1,0,0
0.7,15.0,0.3,0.2,0.1,0.213048,0.205677,0.462774,0.999759,2.686553,0.149018,4.886207,11.909322,0.089097,0.027111,0.242113,0.998454,0.422994,0.144754,1,0,1,0,0
0.7,15.0,0.3,0.2,0.3,0.213048,0.205677,0.462774,0.999759,2.686553,0.148611,4.886207,11.909322,0.089097,0.027111,0.242113,0.998454,0.422994,0.144359,1,0,1,0,0
0.7,15.0,0.4,0.3,0.0,0.213048,0.205677,0.462774,0.999759,2.686553,0.149069,4.886207,11.909322,0.189097,0.001881,0.242113,0.998454,0.414584,0.148559,1,0,1,0,0
0.7,15.0,0.4,0.3,0.1,0.213048,0.205677,0.462774,0.999759,2.686553,0.149035,4.886207,11.909322,0.189097,0.001881,0.242113,0.998454,0.414584,0.148525,1,0,1,0,0
0.7,15.0,0.4,0.3,0.3,0.213048,0.205677,0.462774,0.999759,2.686553,0.148764,4.886207,11.909322,0.189097,0.001881,0.242113,0.998454,0.414584,0.148255,1,0,1,0,0
0.7,15.0,0.5,0.4,0.0,0.213048,0.205677,0.462774,0.999759,2.686553,0.149069,4.886207,11.909322,0.289097,0.0,0.242113,0.998454,0.413957,0.148839,1,0,1,0,0
0.7,15.0,0.5,0.4,0.1,0.213048,0.205677,0.462774,0.999759,2.686553,0.149044,4.886207,11.909322,0.289097,0.0,0.242113,0.998454,0.413957,0.148813,1,0,1,0,0
0.7,15.0,0.5,0.4,0.3,0.213048,0.205677,0.462774,0.999759,2.686553,0.14884,4.886207,11.909322,0.289097,0.0,0.242113,0.998454,0.413957,0.14861,1,0,1,0,0
0.7,15.0,0.6,0.5,0.0,0.213048,0.205677,0.462774,0.999759,2.686553,0.149069,4.886207,11.909322,0.389097,0.0,0.242113,0.998454,0.413957,0.148839,1,0,1,0,0
0.7,15.0,0.6,0.5,0.1,0.213048,0.205677,0.462774,0.999759,2.686553,0.149049,4.886207,11.909322,0.389097,0.0,0.242113,0.998454,0.413957,0.148818,1,0,1,0,0
0.7,15.0,0.6,0.5,0.3,0.213048,0.205677,0.462774,0.999759,2.686553,0.148886,4.886207,11.909322,0.389097,0.0,0.242113,0.998454,0.413957,0.148656,1,0,1,0,0
0.7,15.0,0.7,0.6,0.0,0.213048,0.205677,0.462774,0.999759,2.686553,0.149069,4.886207,11.909322,0.489097,0.0,0.242113,0.998454,0.413957,0.148839,1,0,1,0,0
0.7,15.0,0.7,0.6,0.1,0.213048,0.205677,0.462774,0.999759,2.686553,0.149052,4.886207,11.909322,0.489097,0.0,0.242113,0.998454,0.413957,0.148822,1,0,1,0,0
0.7,15.0,0.7,0.6,0.3,0.213048,0.205677,0.462774,0.999759,2.686553,0.148916,4.886207,11.909322,0.489097,0.0,0.242113,0.998454,0.413957,0.148686,1,0,1,0,0
0.7,15.0,0.8,0.7,0.0,0.213048,0.205677,0.462774,0.999759,2.686553,0.149069,4.886207,11.909322,0.589097,0.0,0.242113,0.998454,0.413957,0.148839,1,0,1,0,0
0.7,15.0,0.8,0.7,0.1,0.213048,0.205677,0.462774,0.999759,2.686553,0.149055,4.886207,11.909322,0.589097,0.0,0.242113,0.998454,0.413957,0.148824,1,0,1,0,0
0.7,15.0,0.8,0.7,0.3,0.213048,0.205677,0.462774,0.999759,2.686553,0.148938,4.886207,11.909322,0.589097,0.0,0.242113,0.998454,0.413957,0.148708,1,0,1,0,0
0.7,15.0,0.9,0.8,0.0,0.213048,0.205677,0.462774,0.999759,2.686553,0.149069,4.886207,11.909322,0.689097,0.0,0.242113,0.998454,0.413957,0.148839,1,0,1,0,0
0.7,15.0,0.9,0.8,0.1,0.213048,0.205677,0.462774,0.999759,2.686553,0.149056,4.886207,11.909322,0.689097,0.0,0.242113,0.998454,0.413957,0.148826,1,0,1,0,0
0.7,15.0,0.9,0.8,0.3,0.213048,0.205677,0.462774,0.999759,2.686553,0.148955,4.886207,11.909322,0.689097,0.0,0.242113,0.998454,0.413957,0.148724,1,0,1,0,0
0.7,15.0,1.0,0.9,0.0,0.213048,0.205677,0.462774,0.999759,2.686553,0.149069,4.886207,11.909322,0.789097,0.0,0.242113,0.998454,0.413957,0.148839,1,0,1,0,0
0.7,15.0,1.0,0.9,0.1,0.213048,0.205677,0.462774,0.999759,2.686553,0.149058,4.886207,11.909322,0.789097,0.0,0.242113,0.998454,0.413957,0.148828,1,0,1,0,0
0.7,15.0,1.0,0.9,0.3,0.213048,0.205677,0.462774,0.999759,2.686553,0.148967,4.886207,11.909322,0.789097,0.0,0.242113,0.998454,0.413957,0.148737,1,0,1,0,0
0.7,17.5,0.3,0.2,0.0,0.250696,0.205677,0.462774,0.999759,2.686553,0.149069,5.722859,13.937619,0.051828,0.0513,0.279733,0.994354,0.443597,0.140623,1,0,1,0,0
0.7,17.5,0.3,0.2,0.1,0.250696,0.205677,0.462774,0.999759,2.686553,0.149018,5.722859,13.937619,0.051828,0.0513,0.279733,0.994354,0.443597,0.140575,1,0,1,0,0
0.7,17.5,0.3,0.2,0.3,0.250696,0.205677,0.462774,0.999759,2.686553,0.148611,5.722859,13.937619,0.051828,0.0513,0.279733,0.994354,0.443597,0.140191,1,0,1,0,0
0.7,17.5,0.4,0.3,0.0,0.250696,0.205677,0.462774,0.999759,2.686553,0.149069,5.722859,13.937619,0.151828,0.01211,0.279733,0.994354,0.430534,0.146433,1,0,1,0,0
0.7,17.5,0.4,0.3,0.1,0.250696,0.205677,0.462774,0.999759,2.686553,0.149035,5.722859,13.937619,0.151828,0.01211,0.279733,0.994354,0.430534,0.146399,1,0,1,0,0
0.7,17.5,0.4,0.3,0.3,0.250696,0.205677,0.462774,0.999759,2.686553,0.148764,5.722859,13.937619,0.151828,0.01211,0.279733,0.994354,0.430534,0.146133,1,0,1,0,0
0.7,17.5,0.5,0.4,0.0,0.250696,0.205677,0.462774,0.999759,2.686553,0.149069,5.722859,13.937619,0.251828,0.000371,0.279733,0.994354,0.426621,0.148173,1,0,1,0,0
0.7,17.5,0.5,0.4,0.1,0.250696,0.205677,0.462774,0.999759,2.686553,0.149044,5.722859,13.937619,0.251828,0.000371,0.279733,0.994354,0.426621,0.148147,1,0,1,0,0
0.7,17.5,0.5,0.4,0.3,0.250696,0.205677,0.462774,0.999759,2.686553,0.14884,5.722859,13.937619,0.251828,0.000371,0.279733,0.994354,0.426621,0.147945,1,0,1,0,0
0.7,17.5,0.6,0.5,0.0,0.250696,0.205677,0.462774,0.999759,2.686553,0.149069,5.722859,13.937619,0.351828,0.0,0.279733,0.994354,0.426497,0.148228,1,0,1,0,0
0.7,17.5,0.6,0.5,0.1,0.250696,0.205677,0.462774,0.999759,2.686553,0.149049,5.722859,13.937619,0.351828,0.0,0.279733,0.994354,0.426497,0.148207,1,0,1,0,0
0.7,17.5,0.6,0.5,0.3,0.250696,0.205677,0.462774,0.999759,2.686553,0.148886,5.722859,13.937619,0.351828,0.0,0.279733,0.994354,0.426497,0.148045,1,0,1,0,0
0.7,17.5,0.7,0.6,0.0,0.250696,0.205677,0.462774,0.999759,2.686553,0.149069,5.722859,13.937619,0.451828,0.0,0.279733,0.994354,0.426497,0.148228,1,0,1,0,0
0.7,17.5,0.7,0.6,0.1,0.250696,0.205677,0.462774,0.999759,2.686553,0.149052,5.722859,13.937619,0.451828,0.0,0.279733,0.994354,0.426497,0.148211,1,0,1,0,0
0.7,17.5,0.7,0.6,0.3,0.250696,0.205677,0.462774,0.999759,2.686553,0.148916,5.722859,13.937619,0.451828,0.0,0.279733,0.994354,0.426497,0.148076,1,0,1,0,0
0.7,17.5,0.8,0.7,0.0,0.250696,0.205677,0.462774,0.999759,2.686553,0.149069,5.722859,13.937619,0.551828,0.0,0.279733,0.994354,0.426497,0.148228,1,0,1,0,0
0.7,17.5,0.8,0.7,0.1,0.250696,0.205677,0.462774,0.999759,2.686553,0.149055,5.722859,13.937619,0.551828,0.0,0.279733,0.994354,0.426497,0.148213,1,0,1,0,0
0.7,17.5,0.8,0.7,0.3,0.250696,0.205677,0.462774,0.999759,2.686553,0.148938,5.722859,13.937619,0.551828,0.0,0.279733,0.994354,0.426497,0.148097,1,0,1,0,0
0.7,17.5,0.9,0.8,0.0,0.250696,0.205677,0.462774,0.999759,2.686553,0.149069,5.722859,13.937619,0.651828,0.0,0.279733,0.994354,0.426497,0.148228,1,0,1,0,0
0.7,17.5,0.9,0.8,0.1,0.250696,0.205677,0.462774,0.999759,2.686553,0.149056,5.722859,13.937619,0.651828,0.0,0.279733,0.994354,0.426497,0.148215,1,0,1,0,0
0.7,17.5,0.9,0.8,0.3,0.250696,0.205677,0.462774,0.999759,2.686553,0.148955,5.722859,13.937619,0.651828,0.0,0.279733,0.994354,0.426497,0.148114,1,0,1,0,0
0.7,17.5,1.0,0.9,0.0,0.250696,0.205677,0.462774,0.999759,2.686553,0.149069,5.722859,13.937619,0.751828,0.0,0.279733,0.994354,0.426497,0.148228,1,0,1,0,0
0.7,17.5,1.0,0.9,0.1,0.250696,0.205677,0.462774,0.999759,2.686553,0.149058,5.722859,13.937619,0.751828,0.0,0.279733,0.994354,0.426497,0.148216,1,0,1,0,0
0.7,17.5,1.0,0.9,0.3,0.250696,0.205677,0.462774,0.999759,2.686553,0.148967,5.722859,13.937619,0.751828,0.0,0.279733,0.994354,0.426497,0.148126,1,0,1,0,0
0.7,20.0,0.3,0.2,0.0,0.289395,0.205677,0.462774,0.999759,2.686553,0.149069,6.570705,15.986012,0.013519,0.077579,0.315355,0.987697,0.464231,0.135813,1,0,1,0,0
0.7,20.0,0.3,0.2,0.1,0.289395,0.205677,0.462774,0.999759,2.686553,0.149018,6.570705,15.986012,0.013519,0.077579,0.315355,0.987697,0.464231,0.135766,1,0,1,0,0
0.7,20.0,0.3,0.2,0.3,0.289395,0.205677,0.462774,0.999759,2.686553,0.148611,6.570705,15.986012,0.013519,0.077579,0.315355,0.987697,0.464231,0.135395,1,0,1,0,0
0.7,20.0,0.4,0.3,0.0,0.289395,0.205677,0.462774,0.999759,2.686553,0.149069,6.570705,15.986012,0.113519,0.029791,0.315355,0.987697,0.448302,0.142849,1,0,1,0,0
0.7,20.0,0.4,0.3,0.1,0.289395,0.205677,0.462774,0.999759,2.686553,0.149035,6.570705,15.986012,0.113519,0.029791,0.315355,0.987697,0.448302,0.142816,1,0,1,0,0
0.7,20.0,0.4,0.3,0.3,0.289395,0.205677,0.462774,0.999759,2.686553,0.148764,6.570705,15.986012,0.113519,0.029791,0.315355,0.987697,0.448302,0.142556,1,0,1,0,0
0.7,20.0,0.5,0.4,0.0,0.289395,0.205677,0.462774,0.999759,2.686553,0.149069,6.570705,15.986012,0.213519,0.006655,0.315355,0.987697,0.44059,0.146255,1,0,1,0,0
0.7,20.0,0.5,0.4,0.1,0.289395,0.205677,0.462774,0.999759,2.686553,0.149044,6.570705,15.986012,0.213519,0.006655,0.315355,0.987697,0.44059,0.14623,1,0,1,0,0
0.7,20.0,0.5,0.4,0.3,0.289395,0.205677,0.462774,0.999759,2.686553,0.14884,6.570705,15.986012,0.213519,0.006655,0.315355,0.987697,0.44059,0.146031,1,0,1,0,0
0.7,20.0,0.6,0.5,0.0,0.289395,0.205677,0.462774,0.999759,2.686553,0.149069,6.570705,15.986012,0.313519,0.0,0.315355,0.987697,0.438371,0.147235,1,0,1,0,0
0.7,20.0,0.6,0.5,0.1,0.289395,0.205677,0.462774,0.999759,2.686553,0.149049,6.570705,15.986012,0.313519,0.0,0.315355,0.987697,0.438371,0.147215,1,0,1,0,0
0.7,20.0,0.6,0.5,0.3,0.289395,0.205677,0.462774,0.999759,2.686553,0.148886,6.570705,15.986012,0.313519,0.0,0.315355,0.987697,0.438371,0.147054,1,0,1,0,0
0.7,20.0,0.7,0.6,0.0,0.289395,0.205677,0.462774,0.999759,2.686553,0.149069,6.570705,15.986012,0.413519,0.0,0.315355,0.987697,0.438371,0.147235,1,0,1,0,0
0.7,20.0,0.7,0.6,0.1,0.289395,0.205677,0.462774,0.999759,2.686553,0.149052,6.570705,15.986012,0.413519,0.0,0.315355,0.987697,0.438371,0.147218,1,0,1,0,0
0.7,20.0,0.7,0.6,0.3,0.289395,0.205677,0.462774,0.999759,2.686553,0.148916,6.570705,15.986012,0.413519,0.0,0.315355,0.987697,0.438371,0.147084,1,0,1,0,0
0.7,20.0,0.8,0.7,0.0,0.289395,0.205677,0.462774,0.999759,2.686553,0.149069,6.570705,15.986012,0.513519,0.0,0.315355,0.987697,0.438371,0.147235,1,0,1,0,0
0.7,20.0,0.8,0.7,0.1,0.289395,0.205677,0.462774,0.999759,2.686553,0.149055,6.570705,15.986012,0.513519,0.0,0.315355,0.987697,0.438371,0.147221,1,0,1,0,0
0.7,20.0,0.8,0.7,0.3,0.289395,0.205677,0.462774,0.999759,2.686553,0.148938,6.570705,15.986012,0.513519,0.0,0.315355,0.987697,0.438371,0.147106,1,0,1,0,0
0.7,20.0,0.9,0.8,0.0,0.289395,0.205677,0.462774,0.999759,2.686553,0.149069,6.570705,15.986012,0.613519,0.0,0.315355,0.987697,0.438371,0.147235,1,0,1,0,0
0.7,20.0,0.9,0.8,0.1,0.289395,0.205677,0.462774,0.999759,2.686553,0.149056,6.570705,15.986012,0.613519,0.0,0.315355,0.987697,0.438371,0.147223,1,0,1,0,0
0.7,20.0,0.9,0.8,0.3,0.289395,0.205677,0.462774,0.999759,2.686553,0.148955,6.570705,15.986012,0.613519,0.0,0.315355,0.987697,0.438371,0.147122,1,0,1,0,0
0.7,20.0,1.0,0.9,0.0,0.289395,0.205677,0.462774,0.999759,2.686553,0.149069,6.570705,15.986012,0.713519,0.0,0.315355,0.987697,0.438371,0.147235,1,0,1,0,0
0.7,20.0,1.0,0.9,0.1,0.289395,0.205677,0.462774,0.999759,2.686553,0.149058,6.570705,15.986012,0.713519,0.0,0.315355,0.987697,0.438371,0.147224,1,0,1,0,0
0.7,20.0,1.0,0.9,0.3,0.289395,0.205677,0.462774,0.999759,2.686553,0.148967,6.570705,15.986012,0.713519,0.0,0.315355,0.987697,0.438371,0.147135,1,0,1,0,0
0.7,22.5,0.3,0.2,0.0,0.329344,0.205677,0.462774,0.999759,2.686553,0.149069,7.431985,18.057406,-0.026028,0.110111,0.350799,0.980191,0.48689,0.130027,1,0,0,0,0
0.7,22.5,0.3,0.2,0.1,0.329344,0.205677,0.462774,0.999759,2.686553,0.149018,7.431985,18.057406,-0.026028,0.110111,0.350799,0.980191,0.48689,0.129983,1,0,0,0,0
0.7,22.5,0.3,0.2,0.3,0.329344,0.205677,0.462774,0.999759,2.686553,0.148611,7.431985,18.057406,-0.026028,0.110111,0.350799,0.980191,0.48689,0.129628,1,0,0,0,0
0.7,22.5,0.4,0.3,0.0,0.329344,0.205677,0.462774,0.999759,2.686553,0.149069,7.431985,18.057406,0.073972,0.049147,0.350799,0.980191,0.466568,0.138935,1,0,1,0,0
0.7,22.5,0.4,0.3,0.1,0.329344,0.205677,0.462774,0.999759,2.686553,0.149035,7.431985,18.057406,0.073972,0.049147,0.350799,0.980191,0.466568,0.138903,1,0,1,0,0
0.7,22.5,0.4,0.3,0.3,0.329344,0.205677,0.462774,0.999759,2.686553,0.148764,7.431985,18.057406,0.073972,0.049147,0.350799,0.980191,0.466568,0.13865,1,0,1,0,0
0.7,22.5,0.5,0.4,0.0,0.329344,0.205677,0.462774,0.999759,2.686553,0.149069,7.431985,18.057406,0.173972,0.017957,0.350799,0.980191,0.456172,0.143492,1,0,1,0,0
0.7,22.5,0.5,0.4,0.1,0.329344,0.205677,0.462774,0.999759,2.686553,0.149044,7.431985,18.057406,0.173972,0.017957,0.350799,0.980191,0.456172,0.143468,1,0,1,0,0
0.7,22.5,0.5,0.4,0.3,0.329344,0.205677,0.462774,0.999759,2.686553,0.14884,7.431985,18.057406,0.173972,0.017957,0.350799,0.980191,0.456172,0.143272,1,0,1,0,0
0.7,22.5,0.6,0.5,0.0,0.329344,0.205677,0.462774,0.999759,2.686553,0.149069,7.431985,18.057406,0.273972,0.00318,0.350799,0.980191,0.451246,0.145652,1,0,1,0,0
0.7,22.5,0.6,0.5,0.1,0.329344,0.205677,0.462774,0.999759,2.686553,0.149049,7.431985,18.057406,0.273972,0.00318,0.350799,0.980191,0.451246,0.145632,1,0,1,0,0
0.7,22.5,0.6,0.5,0.3,0.329344,0.205677,0.462774,0.999759,2.686553,0.148886,7.431985,18.057406,0.273972,0.00318,0.350799,0.980191,0.451246,0.145473,1,0,1,0,0
0.7,22.5,0.7,0.6,0.0,0.329344,0.205677,0.462774,0.999759,2.686553,0.149069,7.431985,18.057406,0.373972,0.0,0.350799,0.980191,0.450186,0.146116,1,0,1,0,0
0.7,22.5,0.7,0.6,0.1,0.329344,0.205677,0.462774,0.999759,2.686553,0.149052,7.431985,18.057406,0.373972,0.0,0.350799,0.980191,0.450186,0.1461,1,0,1,0,0
0.7,22.5,0.7,0.6,0.3,0.329344,0.205677,0.462774,0.999759,2.686553,0.148916,7.431985,18.057406,0.373972,0.0,0.350799,0.980191,0.450186,0.145967,1,0,1,0,0
0.7,22.5,0.8,0.7,0.0,0.329344,0.205677,0.462774,0.999759,2.686553,0.149069,7.431985,18.057406,0.473972,0.0,0.350799,0.980191,0.450186,0.146116,1,0,1,0,0
0.7,22.5,0.8,0.7,0.1,0.329344,0.205677,0.462774,0.999759,2.686553,0.149055,7.431985,18.057406,0.473972,0.0,0.350799,0.980191,0.450186,0.146102,1,0,1,0,0
0.7,22.5,0.8,0.7,0.3,0.329344,0.205677,0.462774,0.999759,2.686553,0.148938,7.431985,18.057406,0.473972,0.0,0.350799,0.980191,0.450186,0.145988,1,0,1,0,0
0.7,22.5,0.9,0.8,0.0,0.329344,0.205677,0.462774,0.999759,2.686553,0.149069,7.431985,18.057406,0.573972,0.0,0.350799,0.980191,0.450186,0.146116,1,0,1,0,0
0.7,22.5,0.9,0.8,0.1,0.329344,0.205677,0.462774,0.999759,2.686553,0.149056,7.431985,18.057406,0.573972,0.0,0.350799,0.980191,0.450186,0.146104,1,0,1,0,0
0.7,22.5,0.9,0.8,0.3,0.329344,0.205677,0.462774,0.999759,2.686553,0.148955,7.431985,18.057406,0.573972,0.0,0.350799,0.980191,0.450186,0.146004,1,0,1,0,0
0.7,22.5,1.0,0.9,0.0,0.329344,0.205677,0.462774,0.999759,2.686553,0.149069,7.431985,18.057406,0.673972,0.0,0.350799,0.980191,0.450186,0.146116,1,0,1,0,0
0.7,22.5,1.0,0.9,0.1,0.329344,0.205677,0.462774,0.999759,2.686553,0.149058,7.431985,18.057406,0.673972,0.0,0.350799,0.980191,0.450186,0.146105,1,0,1,0,0
0.7,22.5,1.0,0.9,0.3,0.329344,0.205677,0.462774,0.999759,2.686553,0.148967,7.431985,18.057406,0.673972,0.0,0.350799,0.980191,0.450186,0.146017,1,0,1,0,0
0.7,25.0,0.3,0.2,0.0,0.370764,0.205677,0.462774,0.999759,2.686553,0.149069,8.309196,20.154705,-0.067031,0.141955,0.383126,0.968775,0.50828,0.123914,0,0,0,0,0
0.7,25.0,0.3,0.2,0.1,0.370764,0.205677,0.462774,0.999759,2.686553,0.149018,8.309196,20.154705,-0.067031,0.141955,0.383126,0.968775,0.50828,0.123872,0,0,0,0,0
0.7,25.0,0.3,0.2,0.3,0.370764,0.205677,0.462774,0.999759,2.686553,0.148611,8.309196,20.154705,-0.067031,0.141955,0.383126,0.968775,0.50828,0.123533,0,0,0,0,0
0.7,25.0,0.4,0.3,0.0,0.370764,0.205677,0.462774,0.999759,2.686553,0.149069,8.309196,20.154705,0.032969,0.068576,0.383126,0.968775,0.48382,0.134511,0,0,1,0,0
0.7,25.0,0.4,0.3,0.1,0.370764,0.205677,0.462774,0.999759,2.686553,0.149035,8.309196,20.154705,0.032969,0.068576,0.383126,0.968775,0.48382,0.134481,0,0,1,0,0
0.7,25.0,0.4,0.3,0.3,0.370764,0.205677,0.462774,0.999759,2.686553,0.148764,8.309196,20.154705,0.032969,0.068576,0.383126,0.968775,0.48382,0.134236,0,0,1,0,0
0.7,25.0,0.5,0.4,0.0,0.370764,0.205677,0.462774,0.999759,2.686553,0.149069,8.309196,20.154705,0.132969,0.033573,0.383126,0.968775,0.472152,0.139566,0,0,1,0,0
0.7,25.0,0.5,0.4,0.1,0.370764,0.205677,0.462774,0.999759,2.686553,0.149044,8.309196,20.154705,0.132969,0.033573,0.383126,0.968775,0.472152,0.139542,0,0,1,0,0
0.7,25.0,0.5,0.4,0.3,0.370764,0.205677,0.462774,0.999759,2.686553,0.14884,8.309196,20.154705,0.132969,0.033573,0.383126,0.968775,0.472152,0.139352,0,0,1,0,0
0.7,25.0,0.6,0.5,0.0,0.370764,0.205677,0.462774,0.999759,2.686553,0.149069,8.309196,20.154705,0.232969,0.010936,0.383126,0.968775,0.464607,0.142835,0,0,1,0,0
0.7,25.0,0.6,0.5,0.1,0.370764,0.205677,0.462774,0.999759,2.686553,0.149049,8.309196,20.154705,0.232969,0.010936,0.383126,0.968775,0.464607,0.142816,0,0,1,0,0
0.7,25.0,0.6,0.5,0.3,0.370764,0.205677,0.462774,0.999759,2.686553,0.148886,8.309196,20.154705,0.232969,0.010936,0.383126,0.968775,0.464607,0.14266,0,0,1,0,0
0.7,25.0,0.7,0.6,0.0,0.370764,0.205677,0.462774,0.999759,2.686553,0.149069,8.309196,20.154705,0.332969,0.001745,0.383126,0.968775,0.461543,0.144162,0,0,1,0,0
0.7,25.0,0.7,0.6,0.1,0.370764,0.205677,0.462774,0.999759,2.686553,0.149052,8.309196,20.154705,0.332969,0.001745,0.383126,0.968775,0.461543,0.144146,0,0,1,0,0
0.7,25.0,0.7,0.6,0.3,0.370764,0.205677,0.462774,0.999759,2.686553,0.148916,8.309196,20.154705,0.332969,0.001745,0.383126,0.968775,0.461543,0.144015,0,0,1,0,0
0.7,25.0,0.8,0.7,0.0,0.370764,0.205677,0.462774,0.999759,2.686553,0.149069,8.309196,20.154705,0.432969,0.0,0.383126,0.968775,0.460962,0.144415,0,0,1,0,0
0.7,25.0,0.8,0.7,0.1,0.370764,0.205677,0.462774,0.999759,2.686553,0.149055,8.309196,20.154705,0.432969,0.0,0.383126,0.968775,0.460962,0.1444,0,0,1,0,0
0.7,25.0,0.8,0.7,0.3,0.370764,0.205677,0.462774,0.999759,2.686553,0.148938,8.309196,20.154705,0.432969,0.0,0.383126,0.968775,0.460962,0.144288,0,0,1,0,0
0.7,25.0,0.9,0.8,0.0,0.370764,0.205677,0.462774,0.999759,2.686553,0.149069,8.309196,20.154705,0.532969,0.0,0.383126,0.968775,0.460962,0.144415,0,0,1,0,0
0.7,25.0,0.9,0.8,0.1,0.370764,0.205677,0.462774,0.999759,2.686553,0.149056,8.309196,20.154705,0.532969,0.0,0.383126,0.968775,0.460962,0.144402,0,0,1,0,0
0.7,25.0,0.9,0.8,0.3,0.370764,0.205677,0.462774,0.999759,2.686553,0.148955,8.309196,20.154705,0.532969,0.0,0.383126,0.968775,0.460962,0.144304,0,0,1,0,0
0.7,25.0,1.0,0.9,0.0,0.370764,0.205677,0.462774,0.999759,2.686553,0.149069,8.309196,20.154705,0.632969,0.0,0.383126,0.968775,0.460962,0.144415,0,0,1,0,0
0.7,25.0,1.0,0.9,0.1,0.370764,0.205677,0.462774,0.999759,2.686553,0.149058,8.309196,20.154705,0.632969,0.0,0.383126,0.968775,0.460962,0.144404,0,0,1,0,0
0.7,25.0,1.0,0.9,0.3,0.370764,0.205677,0.462774,0.999759,2.686553,0.148967,8.309196,20.154705,0.632969,0.0,0.383126,0.968775,0.460962,0.144316,0,0,1,0,0
0.7,27.5,0.3,0.2,0.0,0.413906,0.205677,0.462774,0.999759,2.686553,0.149069,9.20513,22.280809,-0.109739,0.171901,0.41356,0.954532,0.528407,0.117831,0,0,0,0,0
0.7,27.5,0.3,0.2,0.1,0.413906,0.205677,0.462774,0.999759,2.686553,0.149018,9.20513,22.280809,-0.109739,0.171901,0.41356,0.954532,0.528407,0.117791,0,0,0,0,0
0.7,27.5,0.3,0.2,0.3,0.413906,0.205677,0.462774,0.999759,2.686553,0.148611,9.20513,22.280809,-0.109739,0.171901,0.41356,0.954532,0.528407,0.117469,0,0,0,0,0
0.7,27.5,0.4,0.3,0.0,0.413906,0.205677,0.462774,0.999759,2.686553,0.149069,9.20513,22.280809,-0.009739,0.094355,0.41356,0.954532,0.502558,0.128865,0,0,0,0,0
0.7,27.5,0.4,0.3,0.1,0.413906,0.205677,0.462774,0.999759,2.686553,0.149035,9.20513,22.280809,-0.009739,0.094355,0.41356,0.954532,0.502558,0.128836,0,0,0,0,0
0.7,27.5,0.4,0.3,0.3,0.413906,0.205677,0.462774,0.999759,2.686553,0.148764,9.20513,22.280809,-0.009739,0.094355,0.41356,0.954532,0.502558,0.128601,0,0,0,0,0
0.7,27.5,0.5,0.4,0.0,0.413906,0.205677,0.462774,0.999759,2.686553,0.149069,9.20513,22.280809,0.090261,0.049907,0.41356,0.954532,0.487742,0.13519,0,0,1,0,0
0.7,27.5,0.5,0.4,0.1,0.413906,0.205677,0.462774,0.999759,2.686553,0.149044,9.20513,22.280809,0.090261,0.049907,0.41356,0.954532,0.487742,0.135167,0,0,1,0,0
0.7,27.5,0.5,0.4,0.3,0.413906,0.205677,0.462774,0.999759,2.686553,0.14884,9.20513,22.280809,0.090261,0.049907,0.41356,0.954532,0.487742,0.134982,0,0,1,0,0
0.7,27.5,0.6,0.5,0.0,0.413906,0.205677,0.462774,0.999759,2.686553,0.149069,9.20513,22.280809,0.190261,0.023269,0.41356,0.954532,0.478863,0.13898,0,0,1,0,0
0.7,27.5,0.6,0.5,0.1,0.413906,0.205677,0.462774,0.999759,2.686553,0.149049,9.20513,22.280809,0.190261,0.023269,0.41356,0.954532,0.478863,0.138961,0,0,1,0,0
0.7,27.5,0.6,0.5,0.3,0.413906,0.205677,0.462774,0.999759,2.686553,0.148886,9.20513,22.280809,0.190261,0.023269,0.41356,0.954532,0.478863,0.138809,0,0,1,0,0
0.7,27.5,0.7,0.6,0.0,0.413906,0.205677,0.462774,0.999759,2.686553,0.149069,9.20513,22.280809,0.290261,0.008071,0.41356,0.954532,0.473797,0.141143,0,0,1,0,0
0.7,27.5,0.7,0.6,0.1,0.413906,0.205677,0.462774,0.999759,2.686553,0.149052,9.20513,22.280809,0.290261,0.008071,0.41356,0.954532,0.473797,0.141127,0,0,1,0,0
0.7,27.5,0.7,0.6,0.3,0.413906,0.205677,0.462774,0.999759,2.686553,0.148916,9.20513,22.280809,0.290261,0.008071,0.41356,0.954532,0.473797,0.140998,0,0,1,0,0
0.7,27.5,0.8,0.7,0.0,0.413906,0.205677,0.462774,0.999759,2.686553,0.149069,9.20513,22.280809,0.390261,0.001167,0.41356,0.954532,0.471495,0.142125,0,0,1,0,0
0.7,27.5,0.8,0.7,0.1,0.413906,0.205677,0.462774,0.999759,2.686553,0.149055,9.20513,22.280809,0.390261,0.001167,0.41356,0.954532,0.471495,0.142111,0,0,1,0,0
0.7,27.5,0.8,0.7,0.3,0.413906,0.205677,0.462774,0.999759,2.686553,0.148938,9.20513,22.280809,0.390261,0.001167,0.41356,0.954532,0.471495,0.142001,0,0,1,0,0
0.7,27.5,0.9,0.8,0.0,0.413906,0.205677,0.462774,0.999759,2.686553,0.149069,9.20513,22.280809,0.490261,0.0,0.41356,0.954532,0.471106,0.142291,0,0,1,0,0
0.7,27.5,0.9,0.8,0.1,0.413906,0.205677,0.462774,0.999759,2.686553,0.149056,9.20513,22.280809,0.490261,0.0,0.41356,0.954532,0.471106,0.142279,0,0,1,0,0
0.7,27.5,0.9,0.8,0.3,0.413906,0.205677,0.462774,0.999759,2.686553,0.148955,9.20513,22.280809,0.490261,0.0,0.41356,0.954532,0.471106,0.142182,0,0,1,0,0
0.7,27.5,1.0,0.9,0.0,0.413906,0.205677,0.462774,0.999759,2.686553,0.149069,9.20513,22.280809,0.590261,0.0,0.41356,0.954532,0.471106,0.142291,0,0,1,0,0
0.7,27.5,1.0,0.9,0.1,0.413906,0.205677,0.462774,0.999759,2.686553,0.149058,9.20513,22.280809,0.590261,0.0,0.41356,0.954532,0.471106,0.142281,0,0,1,0,0
0.7,27.5,1.0,0.9,0.3,0.413906,0.205677,0.462774,0.999759,2.686553,0.148967,9.20513,22.280809,0.590261,0.0,0.41356,0.954532,0.471106,0.142194,0,0,1,0,0
0.7,30.0,0.3,0.2,0.0,0.459055,0.205677,0.462774,0.999759,2.686553,0.149069,10.122921,24.438603,-0.154433,0.201976,0.443587,0.939644,0.548441,0.111781,0,0,0,0,0
0.7,30.0,0.3,0.2,0.1,0.459055,0.205677,0.462774,0.999759,2.686553,0.149018,10.122921,24.438603,-0.154433,0.201976,0.443587,0.939644,0.548441,0.111743,0,0,0,0,0
0.7,30.0,0.3,0.2,0.3,0.459055,0.205677,0.462774,0.999759,2.686553,0.148611,10.122921,24.438603,-0.154433,0.201976,0.443587,0.939644,0.548441,0.111437,0,0,0,0,0
0.7,30.0,0.4,0.3,0.0,0.459055,0.205677,0.462774,0.999759,2.686553,0.149069,10.122921,24.438603,-0.054433,0.121855,0.443587,0.939644,0.521734,0.123004,0,0,0,0,0
0.7,30.0,0.4,0.3,0.1,0.459055,0.205677,0.462774,0.999759,2.686553,0.149035,10.122921,24.438603,-0.054433,0.121855,0.443587,0.939644,0.521734,0.122976,0,0,0,0,0
0.7,30.0,0.4,0.3,0.3,0.459055,0.205677,0.462774,0.999759,2.686553,0.148764,10.122921,24.438603,-0.054433,0.121855,0.443587,0.939644,0.521734,0.122752,0,0,0,0,0
0.7,30.0,0.5,0.4,0.0,0.459055,0.205677,0.462774,0.999759,2.686553,0.149069,10.122921,24.438603,0.045567,0.066439,0.443587,0.939644,0.503262,0.130766,0,0,1,0,0
0.7,30.0,0.5,0.4,0.1,0.459055,0.205677,0.462774,0.999759,2.686553,0.149044,10.122921,24.438603,0.045567,0.066439,0.443587,0.939644,0.503262,0.130743,0,0,1,0,0
0.7,30.0,0.5,0.4,0.3,0.459055,0.205677,0.462774,0.999759,2.686553,0.14884,10.122921,24.438603,0.045567,0.066439,0.443587,0.939644,0.503262,0.130565,0,0,1,0,0
0.7,30.0,0.6,0.5,0.0,0.459055,0.205677,0.462774,0.999759,2.686553,0.149069,10.122921,24.438603,0.145567,0.038399,0.443587,0.939644,0.493915,0.134693,0,0,1,0,0
0.7,30.0,0.6,0.5,0.1,0.459055,0.205677,0.462774,0.999759,2.686553,0.149049,10.122921,24.438603,0.145567,0.038399,0.443587,0.939644,0.493915,0.134675,0,0,1,0,0
0.7,30.0,0.6,0.5,0.3,0.459055,0.205677,0.462774,0.999759,2.686553,0.148886,10.122921,24.438603,0.145567,0.038399,0.443587,0.939644,0.493915,0.134528,0,0,1,0,0
0.7,30.0,0.7,0.6,0.0,0.459055,0.205677,0.462774,0.999759,2.686553,0.149069,10.122921,24.438603,0.245567,0.017438,0.443587,0.939644,0.486928,0.137629,0,0,1,0,0
0.7,30.0,0.7,0.6,0.1,0.459055,0.205677,0.462774,0.999759,2.686553,0.149052,10.122921,24.438603,0.245567,0.017438,0.443587,0.939644,0.486928,0.137614,0,0,1,0,0
0.7,30.0,0.7,0.6,0.3,0.459055,0.205677,0.462774,0.999759,2.686553,0.148916,10.122921,24.438603,0.245567,0.017438,0.443587,0.939644,0.486928,0.137488,0,0,1,0,0
0.7,30.0,0.8,0.7,0.0,0.459055,0.205677,0.462774,0.999759,2.686553,0.149069,10.122921,24.438603,0.345567,0.006076,0.443587,0.939644,0.483141,0.139221,0,0,1,0,0
0.7,30.0,0.8,0.7,0.1,0.459055,0.205677,0.462774,0.999759,2.686553,0.149055,10.122921,24.438603,0.345567,0.006076,0.443587,0.939644,0.483141,0.139207,0,0,1,0,0
0.7,30.0,0.8,0.7,0.3,0.459055,0.205677,0.462774,0.999759,2.686553,0.148938,10.122921,24.438603,0.345567,0.006076,0.443587,0.939644,0.483141,0.139099,0,0,1,0,0
0.7,30.0,0.9,0.8,0.0,0.459055,0.205677,0.462774,0.999759,2.686553,0.149069,10.122921,24.438603,0.445567,0.000808,0.443587,0.939644,0.481385,0.139959,0,0,1,0,0
0.7,30.0,0.9,0.8,0.1,0.459055,0.205677,0.462774,0.999759,2.686553,0.149056,10.122921,24.438603,0.445567,0.000808,0.443587,0.939644,0.481385,0.139947,0,0,1,0,0
0.7,30.0,0.9,0.8,0.3,0.459055,0.205677,0.462774,0.999759,2.686553,0.148955,10.122921,24.438603,0.445567,0.000808,0.443587,0.939644,0.481385,0.139851,0,0,1,0,0
0.7,30.0,1.0,0.9,0.0,0.459055,0.205677,0.462774,0.999759,2.686553,0.149069,10.122921,24.438603,0.545567,0.0,0.443587,0.939644,0.481115,0.140072,0,0,1,0,0
0.7,30.0,1.0,0.9,0.1,0.459055,0.205677,0.462774,0.999759,2.686553,0.149058,10.122921,24.438603,0.545567,0.0,0.443587,0.939644,0.481115,0.140061,0,0,1,0,0
0.7,30.0,1.0,0.9,0.3,0.459055,0.205677,0.462774,0.999759,2.686553,0.148967,10.122921,24.438603,0.545567,0.0,0.443587,0.939644,0.481115,0.139976,0,0,1,0,0
0.7,32.5,0.3,0.2,0.0,0.506538,0.205677,0.462774,0.999759,2.686553,0.149069,11.066099,26.630945,-0.201438,0.232064,0.473424,0.924539,0.568415,0.105837,0,0,0,0,0
0.7,32.5,0.3,0.2,0.1,0.506538,0.205677,0.462774,0.999759,2.686553,0.149018,11.066099,26.630945,-0.201438,0.232064,0.473424,0.924539,0.568415,0.105801,0,0,0,0,0
0.7,32.5,0.3,0.2,0.3,0.506538,0.205677,0.462774,0.999759,2.686553,0.148611,11.066099,26.630945,-0.201438,0.232064,0.473424,0.924539,0.568415,0.105512,0,0,0,0,0
0.7,32.5,0.4,0.3,0.0,0.506538,0.205677,0.462774,0.999759,2.686553,0.149069,11.066099,26.630945,-0.101438,0.14849,0.473424,0.924539,0.540558,0.117355,0,0,0,0,0
0.7,32.5,0.4,0.3,0.1,0.506538,0.205677,0.462774,0.999759,2.686553,0.149035,11.066099,26.630945,-0.101438,0.14849,0.473424,0.924539,0.540558,0.117329,0,0,0,0,0
0.7,32.5,0.4,0.3,0.3,0.506538,0.205677,0.462774,0.999759,2.686553,0.148764,11.066099,26.630945,-0.101438,0.14849,0.473424,0.924539,0.540558,0.117115,0,0,0,0,0
0.7,32.5,0.5,0.4,0.0,0.506538,0.205677,0.462774,0.999759,2.686553,0.149069,11.066099,26.630945,-0.001438,0.089013,0.473424,0.924539,0.520732,0.125553,0,0,0,0,0
0.7,32.5,0.5,0.4,0.1,0.506538,0.205677,0.462774,0.999759,2.686553,0.149044,11.066099,26.630945,-0.001438,0.089013,0.473424,0.924539,0.520732,0.125531,0,0,0,0,0
0.7,32.5,0.5,0.4,0.3,0.506538,0.205677,0.462774,0.999759,2.686553,0.14884,11.066099,26.630945,-0.001438,0.089013,0.473424,0.924539,0.520732,0.12536,0,0,0,0,0
0.7,32.5,0.6,0.5,0.0,0.506538,0.205677,0.462774,0.999759,2.686553,0.149069,11.066099,26.630945,0.098562,0.05287,0.473424,0.924539,0.508684,0.130534,0,0,1,0,0
0.7,32.5,0.6,0.5,0.1,0.506538,0.205677,0.462774,0.999759,2.686553,0.149049,11.066099,26.630945,0.098562,0.05287,0.473424,0.924539,0.508684,0.130516,0,0,1,0,0
0.7,32.5,0.6,0.5,0.3,0.506538,0.205677,0.462774,0.999759,2.686553,0.148886,11.066099,26.630945,0.098562,0.05287,0.473424,0.924539,0.508684,0.130373,0,0,1,0,0
0.7,32.5,0.7,0.6,0.0,0.506538,0.205677,0.462774,0.999759,2.686553,0.149069,11.066099,26.630945,0.198562,0.029818,0.473424,0.924539,0.501,0.133711,0,0,1,0,0
0.7,32.5,0.7,0.6,0.1,0.506538,0.205677,0.462774,0.999759,2.686553,0.149052,11.066099,26.630945,0.198562,0.029818,0.473424,0.924539,0.501,0.133696,0,0,1,0,0
0.7,32.5,0.7,0.6,0.3,0.506538,0.205677,0.462774,0.999759,2.686553,0.148916,11.066099,26.630945,0.198562,0.029818,0.473424,0.924539,0.501,0.133574,0,0,1,0,0
0.7,32.5,0.8,0.7,0.0,0.506538,0.205677,0.462774,0.999759,2.686553,0.149069,11.066099,26.630945,0.298562,0.013218,0.473424,0.924539,0.495467,0.135999,0,0,1,0,0
0.7,32.5,0.8,0.7,0.1,0.506538,0.205677,0.462774,0.999759,2.686553,0.149055,11.066099,26.630945,0.298562,0.013218,0.473424,0.924539,0.495467,0.135985,0,0,1,0,0
0.7,32.5,0.8,0.7,0.3,0.506538,0.205677,0.462774,0.999759,2.686553,0.148938,11.066099,26.630945,0.298562,0.013218,0.473424,0.924539,0.495467,0.135879,0,0,1,0,0
0.7,32.5,0.9,0.8,0.0,0.506538,0.205677,0.462774,0.999759,2.686553,0.149069,11.066099,26.630945,0.398562,0.004757,0.473424,0.924539,0.492646,0.137165,0,0,1,0,0
0.7,32.5,0.9,0.8,0.1,0.506538,0.205677,0.462774,0.999759,2.686553,0.149056,11.066099,26.630945,0.398562,0.004757,0.473424,0.924539,0.492646,0.137153,0,0,1,0,0
0.7,32.5,0.9,0.8,0.3,0.506538,0.205677,0.462774,0.999759,2.686553,0.148955,11.066099,26.630945,0.398562,0.004757,0.473424,0.924539,0.492646,0.137059,0,0,1,0,0
0.7,32.5,1.0,0.9,0.0,0.506538,0.205677,0.462774,0.999759,2.686553,0.149069,11.066099,26.630945,0.498562,0.000632,0.473424,0.924539,0.491272,0.137733,0,0,1,0,0
0.7,32.5,1.0,0.9,0.1,0.506538,0.205677,0.462774,0.999759,2.686553,0.149058,11.066099,26.630945,0.498562,0.000632,0.473424,0.924539,0.491272,0.137723,0,0,1,0,0
0.7,32.5,1.0,0.9,0.3,0.506538,0.205677,0.462774,0.999759,2.686553,0.148967,11.066099,26.630945,0.498562,0.000632,0.473424,0.924539,0.491272,0.137639,0,0,1,0,0
0.7,35.0,0.3,0.2,0.0,0.556739,0.205677,0.462774,0.999759,2.686553,0.149069,12.038659,28.860644,-0.251134,0.262501,0.502452,0.908434,0.588237,0.099872,0,0,0,0,0
0.7,35.0,0.3,0.2,0.1,0.556739,0.205677,0.462774,0.999759,2.686553,0.149018,12.038659,28.860644,-0.251134,0.262501,0.502452,0.908434,0.588237,0.099838,0,0,0,0,0
0.7,35.0,0.3,0.2,0.3,0.556739,0.205677,0.462774,0.999759,2.686553,0.148611,12.038659,28.860644,-0.251134,0.262501,0.502452,0.908434,0.588237,0.099565,0,0,0,0,0
0.7,35.0,0.4,0.3,0.0,0.556739,0.205677,0.462774,0.999759,2.686553,0.149069,12.038659,28.860644,-0.151134,0.174398,0.502452,0.908434,0.55887,0.111803,0,0,0,0,0
0.7,35.0,0.4,0.3,0.1,0.556739,0.205677,0.462774,0.999759,2.686553,0.149035,12.038659,28.860644,-0.151134,0.174398,0.502452,0.908434,0.55887,0.111777,0,0,0,0,0
0.7,35.0,0.4,0.3,0.3,0.556739,0.205677,0.462774,0.999759,2.686553,0.148764,12.038659,28.860644,-0.151134,0.174398,0.502452,0.908434,0.55887,0.111574,0,0,0,0,0
0.7,35.0,0.5,0.4,0.0,0.556739,0.205677,0.462774,0.999759,2.686553,0.149069,12.038659,28.860644,-0.051134,0.113917,0.502452,0.908434,0.538709,0.119993,0,0,0,0,0
0.7,35.0,0.5,0.4,0.1,0.556739,0.205677,0.462774,0.999759,2.686553,0.149044,12.038659,28.860644,-0.051134,0.113917,0.502452,0.908434,0.538709,0.119972,0,0,0,0,0
0.7,35.0,0.5,0.4,0.3,0.556739,0.205677,0.462774,0.999759,2.686553,0.14884,12.038659,28.860644,-0.051134,0.113917,0.502452,0.908434,0.538709,0.119809,0,0,0,0,0
0.7,35.0,0.6,0.5,0.0,0.556739,0.205677,0.462774,0.999759,2.686553,0.149069,12.038659,28.860644,0.048866,0.068813,0.502452,0.908434,0.523675,0.126101,0,0,1,0,0
0.7,35.0,0.6,0.5,0.1,0.556739,0.205677,0.462774,0.999759,2.686553,0.149049,12.038659,28.860644,0.048866,0.068813,0.502452,0.908434,0.523675,0.126084,0,0,1,0,0
0.7,35.0,0.6,0.5,0.3,0.556739,0.205677,0.462774,0.999759,2.686553,0.148886,12.038659,28.860644,0.048866,0.068813,0.502452,0.908434,0.523675,0.125946,0,0,1,0,0
0.7,35.0,0.7,0.6,0.0,0.556739,0.205677,0.462774,0.999759,2.686553,0.149069,12.038659,28.860644,0.148866,0.044176,0.502452,0.908434,0.515462,0.129437,0,0,1,0,0
0.7,35.0,0.7,0.6,0.1,0.556739,0.205677,0.462774,0.999759,2.686553,0.149052,12.038659,28.860644,0.148866,0.044176,0.502452,0.908434,0.515462,0.129423,0,0,1,0,0
0.7,35.0,0.7,0.6,0.3,0.556739,0.205677,0.462774,0.999759,2.686553,0.148916,12.038659,28.860644,0.148866,0.044176,0.502452,0.908434,0.515462,0.129305,0,0,1,0,0
0.7,35.0,0.8,0.7,0.0,0.556739,0.205677,0.462774,0.999759,2.686553,0.149069,12.038659,28.860644,0.248866,0.024297,0.502452,0.908434,0.508836,0.132129,0,0,1,0,0
0.7,35.0,0.8,0.7,0.1,0.556739,0.205677,0.462774,0.999759,2.686553,0.149055,12.038659,28.860644,0.248866,0.024297,0.502452,0.908434,0.508836,0.132116,0,0,1,0,0
0.7,35.0,0.8,0.7,0.3,0.556739,0.205677,0.462774,0.999759,2.686553,0.148938,12.038659,28.860644,0.248866,0.024297,0.502452,0.908434,0.508836,0.132013,0,0,1,0,0
0.7,35.0,0.9,0.8,0.0,0.556739,0.205677,0.462774,0.999759,2.686553,0.149069,12.038659,28.860644,0.348866,0.011025,0.502452,0.908434,0.504412,0.133927,0,0,1,0,0
0.7,35.0,0.9,0.8,0.1,0.556739,0.205677,0.462774,0.999759,2.686553,0.149056,12.038659,28.860644,0.348866,0.011025,0.502452,0.908434,0.504412,0.133915,0,0,1,0,0
0.7,35.0,0.9,0.8,0.3,0.556739,0.205677,0.462774,0.999759,2.686553,0.148955,12.038659,28.860644,0.348866,0.011025,0.502452,0.908434,0.504412,0.133824,0,0,1,0,0
0.7,35.0,1.0,0.9,0.0,0.556739,0.205677,0.462774,0.999759,2.686553,0.149069,12.038659,28.860644,0.448866,0.004005,0.502452,0.908434,0.502072,0.134877,0,0,1,0,0
0.7,35.0,1.0,0.9,0.1,0.556739,0.205677,0.462774,0.999759,2.686553,0.149058,12.038659,28.860644,0.448866,0.004005,0.502452,0.908434,0.502072,0.134867,0,0,1,0,0
0.7,35.0,1.0,0.9,0.3,0.556739,0.205677,0.462774,0.999759,2.686553,0.148967,12.038659,28.860644,0.448866,0.004005,0.502452,0.908434,0.502072,0.134785,0,0,1,0,0
0.75,5.0,0.3,0.2,0.0,0.069563,0.220368,0.495829,0.999867,2.507449,0.139196,1.613854,3.939305,0.231138,0.0,0.080477,1.0,0.360115,0.139196,1,0,1,0,0
0.75,5.0,0.3,0.2,0.1,0.069563,0.220368,0.495829,0.999867,2.507449,0.139146,1.613854,3.939305,0.231138,0.0,0.080477,1.0,0.360115,0.139146,1,0,1,0,0
0.75,5.0,0.3,0.2,0.3,0.069563,0.220368,0.495829,0.999867,2.507449,0.138738,1.613854,3.939305,0.231138,0.0,0.080477,1.0,0.360115,0.138738,1,0,1,0,0
0.75,5.0,0.4,0.3,0.0,0.069563,0.220368,0.495829,0.999867,2.507449,0.139196,1.613854,3.939305,0.331138,0.0,0.080477,1.0,0.360115,0.139196,1,0,1,0,0
0.75,5.0,0.4,0.3,0.1,0.069563,0.220368,0.495829,0.999867,2.507449,0.139163,1.613854,3.939305,0.331138,0.0,0.080477,1.0,0.360115,0.139163,1,0,1,0,0
0.75,5.0,0.4,0.3,0.3,0.069563,0.220368,0.495829,0.999867,2.507449,0.138891,1.613854,3.939305,0.331138,0.0,0.080477,1.0,0.360115,0.138891,1,0,1,0,0
0.75,5.0,0.5,0.4,0.0,0.069563,0.220368,0.495829,0.999867,2.507449,0.139196,1.613854,3.939305,0.431138,0.0,0.080477,1.0,0.360115,0.139196,1,0,1,0,0
0.75,5.0,0.5,0.4,0.1,0.069563,0.220368,0.495829,0.999867,2.507449,0.139171,1.613854,3.939305,0.431138,0.0,0.080477,1.0,0.360115,0.139171,1,0,1,0,0
0.75,5.0,0.5,0.4,0.3,0.069563,0.220368,0.495829,0.999867,2.507449,0.138967,1.613854,3.939305,0.431138,0.0,0.080477,1.0,0.360115,0.138967,1,0,1,0,0
0.75,5.0,0.6,0.5,0.0,0.069563,0.220368,0.495829,0.999867,2.507449,0.139196,1.613854,3.939305,0.531138,0.0,0.080477,1.0,0.360115,0.139196,1,0,1,0,0
0.75,5.0,0.6,0.5,0.1,0.069563,0.220368,0.495829,0.999867,2.507449,0.139176,1.613854,3.939305,0.531138,0.0,0.080477,1.0,0.360115,0.139176,1,0,1,0,0
0.75,5.0,0.6,0.5,0.3,0.069563,0.220368,0.495829,0.999867,2.507449,0.139013,1.613854,3.939305,0.531138,0.0,0.080477,1.0,0.360115,0.139013,1,0,1,0,0
0.75,5.0,0.7,0.6,0.0,0.069563,0.220368,0.495829,0.999867,2.507449,0.139196,1.613854,3.939305,0.631138,0.0,0.080477,1.0,0.360115,0.139196,1,0,1,0,0
0.75,5.0,0.7,0.6,0.1,0.069563,0.220368,0.495829,0.999867,2.507449,0.13918,1.613854,3.939305,0.631138,0.0,0.080477,1.0,0.360115,0.13918,1,0,1,0,0
0.75,5.0,0.7,0.6,0.3,0.069563,0.220368,0.495829,0.999867,2.507449,0.139044,1.613854,3.939305,0.631138,0.0,0.080477,1.0,0.360115,0.139044,1,0,1,0,0
0.75,5.0,0.8,0.7,0.0,0.069563,0.220368,0.495829,0.999867,2.507449,0.139196,1.613854,3.939305,0.731138,0.0,0.080477,1.0,0.360115,0.139196,1,0,1,0,0
0.75,5.0,0.8,0.7,0.1,0.069563,0.220368,0.495829,0.999867,2.507449,0.139182,1.613854,3.939305,0.731138,0.0,0.080477,1.0,0.360115,0.139182,1,0,1,0,0
0.75,5.0,0.8,0.7,0.3,0.069563,0.220368,0.495829,0.999867,2.507449,0.139066,1.613854,3.939305,0.731138,0.0,0.080477,1.0,0.360115,0.139066,1,0,1,0,0
0.75,5.0,0.9,0.8,0.0,0.069563,0.220368,0.495829,0.999867,2.507449,0.139196,1.613854,3.939305,0.831138,0.0,0.080477,1.0,0.360115,0.139196,1,0,1,0,0
0.75,5.0,0.9,0.8,0.1,0.069563,0.220368,0.495829,0.999867,2.507449,0.139184,1.613854,3.939305,0.831138,0.0,0.080477,1.0,0.360115,0.139184,1,0,1,0,0
0.75,5.0,0.9,0.8,0.3,0.069563,0.220368,0.495829,0.999867,2.507449,0.139082,1.613854,3.939305,0.831138,0.0,0.080477,1.0,0.360115,0.139082,1,0,1,0,0
0.75,5.0,1.0,0.9,0.0,0.069563,0.220368,0.495829,0.999867,2.507449,0.139196,1.613854,3.939305,0.931138,0.0,0.080477,1.0,0.360115,0.139196,1,0,1,0,0
0.75,5.0,1.0,0.9,0.1,0.069563,0.220368,0.495829,0.999867,2.507449,0.139185,1.613854,3.939305,0.931138,0.0,0.080477,1.0,0.360115,0.139185,1,0,1,0,0
0.75,5.0,1.0,0.9,0.3,0.069563,0.220368,0.495829,0.999867,2.507449,0.139095,1.613854,3.939305,0.931138,0.0,0.080477,1.0,0.360115,0.139095,1,0,1,0,0
0.75,7.5,0.3,0.2,0.0,0.104678,0.220368,0.495829,0.999867,2.507449,0.139196,2.424156,5.916089,0.196376,0.0,0.120884,1.0,0.373584,0.139196,1,0,1,0,0
0.75,7.5,0.3,0.2,0.1,0.104678,0.220368,0.495829,0.999867,2.507449,0.139146,2.424156,5.916089,0.196376,0.0,0.120884,1.0,0.373584,0.139146,1,0,1,0,0
0.75,7.5,0.3,0.2,0.3,0.104678,0.220368,0.495829,0.999867,2.507449,0.138738,2.424156,5.916089,0.196376,0.0,0.120884,1.0,0.373584,0.138738,1,0,1,0,0
0.75,7.5,0.4,0.3,0.0,0.104678,0.220368,0.495829,0.999867,2.507449,0.139196,2.424156,5.916089,0.296376,0.0,0.120884,1.0,0.373584,0.139196,1,0,1,0,0
0.75,7.5,0.4,0.3,0.1,0.104678,0.220368,0.495829,0.999867,2.507449,0.139163,2.424156,5.916089,0.296376,0.0,0.120884,1.0,0.373584,0.139163,1,0,1,0,0
0.75,7.5,0.4,0.3,0.3,0.104678,0.220368,0.495829,0.999867,2.507449,0.138891,2.424156,5.916089,0.296376,0.0,0.120884,1.0,0.373584,0.138891,1,0,1,0,0
0.75,7.5,0.5,0.4,0.0,0.104678,0.220368,0.495829,0.999867,2.507449,0.139196,2.424156,5.916089,0.396376,0.0,0.120884,1.0,0.373584,0.139196,1,0,1,0,0
0.75,7.5,0.5,0.4,0.1,0.104678,0.220368,0.495829,0.999867,2.507449,0.139171,2.424156,5.916089,0.396376,0.0,0.120884,1.0,0.373584,0.139171,1,0,1,0,0
0.75,7.5,0.5,0.4,0.3,0.104678,0.220368,0.495829,0.999867,2.507449,0.138967,2.424156,5.916089,0.396376,0.0,0.120884,1.0,0.373584,0.138967,1,0,1,0,0
0.75,7.5,0.6,0.5,0.0,0.104678,0.220368,0.495829,0.999867,2.507449,0.139196,2.424156,5.916089,0.496376,0.0,0.120884,1.0,0.373584,0.139196,1,0,1,0,0
0.75,7.5,0.6,0.5,0.1,0.104678,0.220368,0.495829,0.999867,2.507449,0.139176,2.424156,5.916089,0.496376,0.0,0.120884,1.0,0.373584,0.139176,1,0,1,0,0
0.75,7.5,0.6,0.5,0.3,0.104678,0.220368,0.495829,0.999867,2.507449,0.139013,2.424156,5.916089,0.496376,0.0,0.120884,1.0,0.373584,0.139013,1,0,1,0,0
0.75,7.5,0.7,0.6,0.0,0.104678,0.220368,0.495829,0.999867,2.507449,0.139196,2.424156,5.916089,0.596376,0.0,0.120884,1.0,0.373584,0.139196,1,0,1,0,0
0.75,7.5,0.7,0.6,0.1,0.104678,0.220368,0.495829,0.999867,2.507449,0.13918,2.424156,5.916089,0.596376,0.0,0.120884,1.0,0.373584,0.13918,1,0,1,0,0
0.75,7.5,0.7,0.6,0.3,0.104678,0.220368,0.495829,0.999867,2.507449,0.139044,2.424156,5.916089,0.596376,0.0,0.120884,1.0,0.373584,0.139044,1,0,1,0,0
0.75,7.5,0.8,0.7,0.0,0.104678,0.220368,0.495829,0.999867,2.507449,0.139196,2.424156,5.916089,0.696376,0.0,0.120884,1.0,0.373584,0.139196,1,0,1,0,0
0.75,7.5,0.8,0.7,0.1,0.104678,0.220368,0.495829,0.999867,2.507449,0.139182,2.424156,5.916089,0.696376,0.0,0.120884,1.0,0.373584,0.139182,1,0,1,0,0
0.75,7.5,0.8,0.7,0.3,0.104678,0.220368,0.495829,0.999867,2.507449,0.139066,2.424156,5.916089,0.696376,0.0,0.120884,1.0,0.373584,0.139066,1,0,1,0,0
0.75,7.5,0.9,0.8,0.0,0.104678,0.220368,0.495829,0.999867,2.507449,0.139196,2.424156,5.916089,0.796376,0.0,0.120884,1.0,0.373584,0.139196,1,0,1,0,0
0.75,7.5,0.9,0.8,0.1,0.104678,0.220368,0.495829,0.999867,2.507449,0.139184,2.424156,5.916089,0.796376,0.0,0.120884,1.0,0.373584,0.139184,1,0,1,0,0
0.75,7.5,0.9,0.8,0.3,0.104678,0.220368,0.495829,0.999867,2.507449,0.139082,2.424156,5.916089,0.796376,0.0,0.120884,1.0,0.373584,0.139082,1,0,1,0,0
0.75,7.5,1.0,0.9,0.0,0.104678,0.220368,0.495829,0.999867,2.507449,0.139196,2.424156,5.916089,0.896376,0.0,0.120884,1.0,0.373584,0.139196,1,0,1,0,0
0.75,7.5,1.0,0.9,0.1,0.104678,0.220368,0.495829,0.999867,2.507449,0.139185,2.424156,5.916089,0.896376,0.0,0.120884,1.0,0.373584,0.139185,1,0,1,0,0
0.75,7.5,1.0,0.9,0.3,0.104678,0.220368,0.495829,0.999867,2.507449,0.139095,2.424156,5.916089,0.896376,0.0,0.120884,1.0,0.373584,0.139095,1,0,1,0,0
0.75,10.0,0.3,0.2,0.0,0.140199,0.220368,0.495829,0.999867,2.507449,0.139196,3.238603,7.90144,0.161213,0.0,0.161498,1.0,0.387122,0.139196,1,0,1,0,0
0.75,10.0,0.3,0.2,0.1,0.140199,0.220368,0.495829,0.999867,2.507449,0.139146,3.238603,7.90144,0.161213,0.0,0.161498,1.0,0.387122,0.139146,1,0,1,0,0
0.75,10.0,0.3,0.2,0.3,0.140199,0.220368,0.495829,0.999867,2.507449,0.138738,3.238603,7.90144,0.161213,0.0,0.161498,1.0,0.387122,0.138738,1,0,1,0,0
0.75,10.0,0.4,0.3,0.0,0.140199,0.220368,0.495829,0.999867,2.507449,0.139196,3.238603,7.90144,0.261213,0.0,0.161498,1.0,0.387122,0.139196,1,0,1,0,0
0.75,10.0,0.4,0.3,0.1,0.140199,0.220368,0.495829,0.999867,2.507449,0.139163,3.238603,7.90144,0.261213,0.0,0.161498,1.0,0.387122,0.139163,1,0,1,0,0
0.75,10.0,0.4,0.3,0.3,0.140199,0.220368,0.495829,0.999867,2.507449,0.138891,3.238603,7.90144,0.261213,0.0,0.161498,1.0,0.387122,0.138891,1,0,1,0,0
0.75,10.0,0.5,0.4,0.0,0.140199,0.220368,0.495829,0.999867,2.507449,0.139196,3.238603,7.90144,0.361213,0.0,0.161498,1.0,0.387122,0.139196,1,0,1,0,0
0.75,10.0,0.5,0.4,0.1,0.140199,0.220368,0.495829,0.999867,2.507449,0.139171,3.238603,7.90144,0.361213,0.0,0.161498,1.0,0.387122,0.139171,1,0,1,0,0
0.75,10.0,0.5,0.4,0.3,0.140199,0.220368,0.495829,0.999867,2.507449,0.138967,3.238603,7.90144,0.361213,0.0,0.161498,1.0,0.387122,0.138967,1,0,1,0,0
0.75,10.0,0.6,0.5,0.0,0.140199,0.220368,0.495829,0.999867,2.507449,0.139196,3.238603,7.90144,0.461213,0.0,0.161498,1.0,0.387122,0.139196,1,0,1,0,0
0.75,10.0,0.6,0.5,0.1,0.140199,0.220368,0.495829,0.999867,2.507449,0.139176,3.238603,7.90144,0.461213,0.0,0.161498,1.0,0.387122,0.139176,1,0,1,0,0
0.75,10.0,0.6,0.5,0.3,0.140199,0.220368,0.495829,0.999867,2.507449,0.139013,3.238603,7.90144,0.461213,0.0,0.161498,1.0,0.387122,0.139013,1,0,1,0,0
0.75,10.0,0.7,0.6,0.0,0.140199,0.220368,0.495829,0.999867,2.507449,0.139196,3.238603,7.90144,0.561213,0.0,0.161498,1.0,0.387122,0.139196,1,0,1,0,0
0.75,10.0,0.7,0.6,0.1,0.140199,0.220368,0.495829,0.999867,2.507449,0.13918,3.238603,7.90144,0.561213,0.0,0.161498,1.0,0.387122,0.13918,1,0,1,0,0
0.75,10.0,0.7,0.6,0.3,0.140199,0.220368,0.495829,0.999867,2.507449,0.139044,3.238603,7.90144,0.561213,0.0,0.161498,1.0,0.387122,0.139044,1,0,1,0,0
0.75,10.0,0.8,0.7,0.0,0.140199,0.220368,0.495829,0.999867,2.507449,0.139196,3.238603,7.90144,0.661213,0.0,0.161498,1.0,0.387122,0.139196,1,0,1,0,0
0.75,10.0,0.8,0.7,0.1,0.140199,0.220368,0.495829,0.999867,2.507449,0.139182,3.238603,7.90144,0.661213,0.0,0.161498,1.0,0.387122,0.139182,1,0,1,0,0
0.75,10.0,0.8,0.7,0.3,0.140199,0.220368,0.495829,0.999867,2.507449,0.139066,3.238603,7.90144,0.661213,0.0,0.161498,1.0,0.387122,0.139066,1,0,1,0,0
0.75,10.0,0.9,0.8,0.0,0.140199,0.220368,0.495829,0.999867,2.507449,0.139196,3.238603,7.90144,0.761213,0.0,0.161498,1.0,0.387122,0.139196,1,0,1,0,0
0.75,10.0,0.9,0.8,0.1,0.140199,0.220368,0.495829,0.999867,2.507449,0.139184,3.238603,7.90144,0.761213,0.0,0.161498,1.0,0.387122,0.139184,1,0,1,0,0
0.75,10.0,0.9,0.8,0.3,0.140199,0.220368,0.495829,0.999867,2.507449,0.139082,3.238603,7.90144,0.761213,0.0,0.161498,1.0,0.387122,0.139082,1,0,1,0,0
0.75,10.0,1.0,0.9,0.0,0.140199,0.220368,0.495829,0.999867,2.507449,0.139196,3.238603,7.90144,0.861213,0.0,0.161498,1.0,0.387122,0.139196,1,0,1,0,0
0.75,10.0,1.0,0.9,0.1,0.140199,0.220368,0.495829,0.999867,2.507449,0.139185,3.238603,7.90144,0.861213,0.0,0.161498,1.0,0.387122,0.139185,1,0,1,0,0
0.75,10.0,1.0,0.9,0.3,0.140199,0.220368,0.495829,0.999867,2.507449,0.139095,3.238603,7.90144,0.861213,0.0,0.161498,1.0,0.387122,0.139095,1,0,1,0,0
0.75,12.5,0.3,0.2,0.0,0.176271,0.220368,0.495829,0.999867,2.507449,0.139196,4.058731,9.898225,0.125504,0.007655,0.202395,1.0,0.403306,0.138131,1,0,1,0,0
0.75,12.5,0.3,0.2,0.1,0.176271,0.220368,0.495829,0.999867,2.507449,0.139146,4.058731,9.898225,0.125504,0.007655,0.202395,1.0,0.403306,0.13808,1,0,1,0,0
0.75,12.5,0.3,0.2,0.3,0.176271,0.220368,0.495829,0.999867,2.507449,0.138738,4.058731,9.898225,0.125504,0.007655,0.202395,1.0,0.403306,0.137676,1,0,1,0,0
0.75,12.5,0.4,0.3,0.0,0.176271,0.220368,0.495829,0.999867,2.507449,0.139196,4.058731,9.898225,0.225504,0.0,0.202395,1.0,0.400754,0.139196,1,0,1,0,0
0.75,12.5,0.4,0.3,0.1,0.176271,0.220368,0.495829,0.999867,2.507449,0.139163,4.058731,9.898225,0.225504,0.0,0.202395,1.0,0.400754,0.139163,1,0,1,0,0
0.75,12.5,0.4,0.3,0.3,0.176271,0.220368,0.495829,0.999867,2.507449,0.138891,4.058731,9.898225,0.225504,0.0,0.202395,1.0,0.400754,0.138891,1,0,1,0,0
0.75,12.5,0.5,0.4,0.0,0.176271,0.220368,0.495829,0.999867,2.507449,0.139196,4.058731,9.898225,0.325504,0.0,0.202395,1.0,0.400754,0.139196,1,0,1,0,0
0.75,12.5,0.5,0.4,0.1,0.176271,0.220368,0.495829,0.999867,2.507449,0.139171,4.058731,9.898225,0.325504,0.0,0.202395,1.0,0.400754,0.139171,1,0,1,0,0
0.75,12.5,0.5,0.4,0.3,0.176271,0.220368,0.495829,0.999867,2.507449,0.138967,4.058731,9.898225,0.325504,0.0,0.202395,1.0,0.400754,0.138967,1,0,1,0,0
0.75,12.5,0.6,0.5,0.0,0.176271,0.220368,0.495829,0.999867,2.507449,0.139196,4.058731,9.898225,0.425504,0.0,0.202395,1.0,0.400754,0.139196,1,0,1,0,0
0.75,12.5,0.6,0.5,0.1,0.176271,0.220368,0.495829,0.999867,2.507449,0.139176,4.058731,9.898225,0.425504,0.0,0.202395,1.0,0.400754,0.139176,1,0,1,0,0
0.75,12.5,0.6,0.5,0.3,0.176271,0.220368,0.495829,0.999867,2.507449,0.139013,4.058731,9.898225,0.425504,0.0,0.202395,1.0,0.400754,0.139013,1,0,1,0,0
0.75,12.5,0.7,0.6,0.0,0.176271,0.220368,0.495829,0.999867,2.507449,0.139196,4.058731,9.898225,0.525504,0.0,0.202395,1.0,0.400754,0.139196,1,0,1,0,0
0.75,12.5,0.7,0.6,0.1,0.176271,0.220368,0.495829,0.999867,2.507449,0.13918,4.058731,9.898225,0.525504,0.0,0.202395,1.0,0.400754,0.13918,1,0,1,0,0
0.75,12.5,0.7,0.6,0.3,0.176271,0.220368,0.495829,0.999867,2.507449,0.139044,4.058731,9.898225,0.525504,0.0,0.202395,1.0,0.400754,0.139044,1,0,1,0,0
0.75,12.5,0.8,0.7,0.0,0.176271,0.220368,0.495829,0.999867,2.507449,0.139196,4.058731,9.898225,0.625504,0.0,0.202395,1.0,0.400754,0.139196,1,0,1,0,0
0.75,12.5,0.8,0.7,0.1,0.176271,0.220368,0.495829,0.999867,2.507449,0.139182,4.058731,9.898225,0.625504,0.0,0.202395,1.0,0.400754,0.139182,1,0,1,0,0
0.75,12.5,0.8,0.7,0.3,0.176271,0.220368,0.495829,0.999867,2.507449,0.139066,4.058731,9.898225,0.625504,0.0,0.202395,1.0,0.400754,0.139066,1,0,1,0,0
0.75,12.5,0.9,0.8,0.0,0.176271,0.220368,0.495829,0.999867,2.507449,0.139196,4.058731,9.898225,0.725504,0.0,0.202395,1.0,0.400754,0.139196,1,0,1,0,0
0.75,12.5,0.9,0.8,0.1,0.176271,0.220368,0.495829,0.999867,2.507449,0.139184,4.058731,9.898225,0.725504,0.0,0.202395,1.0,0.400754,0.139184,1,0,1,0,0
0.75,12.5,0.9,0.8,0.3,0.176271,0.220368,0.495829,0.999867,2.507449,0.139082,4.058731,9.898225,0.725504,0.0,0.202395,1.0,0.400754,0.139082,1,0,1,0,0
0.75,12.5,1.0,0.9,0.0,0.176271,0.220368,0.495829,0.999867,2.507449,0.139196,4.058731,9.898225,0.825504,0.0,0.202395,1.0,0.400754,0.139196,1,0,1,0,0
0.75,12.5,1.0,0.9,0.1,0.176271,0.220368,0.495829,0.999867,2.507449,0.139185,4.058731,9.898225,0.825504,0.0,0.202395,1.0,0.400754,0.139185,1,0,1,0,0
0.75,12.5,1.0,0.9,0.3,0.176271,0.220368,0.495829,0.999867,2.507449,0.139095,4.058731,9.898225,0.825504,0.0,0.202395,1.0,0.400754,0.139095,1,0,1,0,0
0.75,15.0,0.3,0.2,0.0,0.213048,0.220368,0.495829,0.999867,2.507449,0.139196,4.886207,11.909322,0.089097,0.027111,0.242113,0.998454,0.42303,0.135213,1,0,1,0,0
0.75,15.0,0.3,0.2,0.1,0.213048,0.220368,0.495829,0.999867,2.507449,0.139146,4.886207,11.909322,0.089097,0.027111,0.242113,0.998454,0.42303,0.135164,1,0,1,0,0
0.75,15.0,0.3,0.2,0.3,0.213048,0.220368,0.495829,0.999867,2.507449,0.138738,4.886207,11.909322,0.089097,0.027111,0.242113,0.998454,0.42303,0.134768,1,0,1,0,0
0.75,15.0,0.4,0.3,0.0,0.213048,0.220368,0.495829,0.999867,2.507449,0.139196,4.886207,11.909322,0.189097,0.001881,0.242113,0.998454,0.41462,0.13872,1,0,1,0,0
0.75,15.0,0.4,0.3,0.1,0.213048,0.220368,0.495829,0.999867,2.507449,0.139163,4.886207,11.909322,0.189097,0.001881,0.242113,0.998454,0.41462,0.138686,1,0,1,0,0
0.75,15.0,0.4,0.3,0.3,0.213048,0.220368,0.495829,0.999867,2.507449,0.138891,4.886207,11.909322,0.189097,0.001881,0.242113,0.998454,0.41462,0.138415,1,0,1,0,0
0.75,15.0,0.5,0.4,0.0,0.213048,0.220368,0.495829,0.999867,2.507449,0.139196,4.886207,11.909322,0.289097,0.0,0.242113,0.998454,0.413993,0.138981,1,0,1,0,0
0.75,15.0,0.5,0.4,0.1,0.213048,0.220368,0.495829,0.999867,2.507449,0.139171,4.886207,11.909322,0.289097,0.0,0.242113,0.998454,0.413993,0.138956,1,0,1,0,0
0.75,15.0,0.5,0.4,0.3,0.213048,0.220368,0.495829,0.999867,2.507449,0.138967,4.886207,11.909322,0.289097,0.0,0.242113,0.998454,0.413993,0.138753,1,0,1,0,0
0.75,15.0,0.6,0.5,0.0,0.213048,0.220368,0.495829,0.999867,2.507449,0.139196,4.886207,11.909322,0.389097,0.0,0.242113,0.998454,0.413993,0.138981,1,0,1,0,0
0.75,15.0,0.6,0.5,0.1,0.213048,0.220368,0.495829,0.999867,2.507449,0.139176,4.886207,11.909322,0.389097,0.0,0.242113,0.998454,0.413993,0.138961,1,0,1,0,0
0.75,15.0,0.6,0.5,0.3,0.213048,0.220368,0.495829,0.999867,2.507449,0.139013,4.886207,11.909322,0.389097,0.0,0.242113,0.998454,0.413993,0.138798,1,0,1,0,0
0.75,15.0,0.7,0.6,0.0,0.213048,0.220368,0.495829,0.999867,2.507449,0.139196,4.886207,11.909322,0.489097,0.0,0.242113,0.998454,0.413993,0.138981,1,0,1,0,0
0.75,15.0,0.7,0.6,0.1,0.213048,0.220368,0.495829,0.999867,2.507449,0.13918,4.886207,11.909322,0.489097,0.0,0.242113,0.998454,0.413993,0.138964,1,0,1,0,0
0.75,15.0,0.7,0.6,0.3,0.213048,0.220368,0.495829,0.999867,2.507449,0.139044,4.886207,11.909322,0.489097,0.0,0.242113,0.998454,0.413993,0.138829,1,0,1,0,0
0.75,15.0,0.8,0.7,0.0,0.213048,0.220368,0.495829,0.999867,2.507449,0.139196,4.886207,11.909322,0.589097,0.0,0.242113,0.998454,0.413993,0.138981,1,0,1,0,0
0.75,15.0,0.8,0.7,0.1,0.213048,0.220368,0.495829,0.999867,2.507449,0.139182,4.886207,11.909322,0.589097,0.0,0.242113,0.998454,0.413993,0.138967,1,0,1,0,0
0.75,15.0,0.8,0.7,0.3,0.213048,0.220368,0.495829,0.999867,2.507449,0.139066,4.886207,11.909322,0.589097,0.0,0.242113,0.998454,0.413993,0.138851,1,0,1,0,0
0.75,15.0,0.9,0.8,0.0,0.213048,0.220368,0.495829,0.999867,2.507449,0.139196,4.886207,11.909322,0.689097,0.0,0.242113,0.998454,0.413993,0.138981,1,0,1,0,0
0.75,15.0,0.9,0.8,0.1,0.213048,0.220368,0.495829,0.999867,2.507449,0.139184,4.886207,11.909322,0.689097,0.0,0.242113,0.998454,0.413993,0.138969,1,0,1,0,0
0.75,15.0,0.9,0.8,0.3,0.213048,0.220368,0.495829,0.999867,2.507449,0.139082,4.886207,11.909322,0.689097,0.0,0.242113,0.998454,0.413993,0.138867,1,0,1,0,0
0.75,15.0,1.0,0.9,0.0,0.213048,0.220368,0.495829,0.999867,2.507449,0.139196,4.886207,11.909322,0.789097,0.0,0.242113,0.998454,0.413993,0.138981,1,0,1,0,0
0.75,15.0,1.0,0.9,0.1,0.213048,0.220368,0.495829,0.999867,2.507449,0.139185,4.886207,11.909322,0.789097,0.0,0.242113,0.998454,0.413993,0.13897,1,0,1,0,0
0.75,15.0,1.0,0.9,0.3,0.213048,0.220368,0.495829,0.999867,2.507449,0.139095,4.886207,11.909322,0.789097,0.0,0.242113,0.998454,0.413993,0.13888,1,0,1,0,0
0.75,17.5,0.3,0.2,0.0,0.250696,0.220368,0.495829,0.999867,2.507449,0.139196,5.722859,13.937619,0.051828,0.0513,0.279733,0.994354,0.443633,0.13131,1,0,1,0,0
0.75,17.5,0.3,0.2,0.1,0.250696,0.220368,0.495829,0.999867,2.507449,0.139146,5.722859,13.937619,0.051828,0.0513,0.279733,0.994354,0.443633,0.131262,1,0,1,0,0
0.75,17.5,0.3,0.2,0.3,0.250696,0.220368,0.495829,0.999867,2.507449,0.138738,5.722859,13.937619,0.051828,0.0513,0.279733,0.994354,0.443633,0.130878,1,0,1,0,0
0.75,17.5,0.4,0.3,0.0,0.250696,0.220368,0.495829,0.999867,2.507449,0.139196,5.722859,13.937619,0.151828,0.01211,0.279733,0.994354,0.43057,0.136734,1,0,1,0,0
0.75,17.5,0.4,0.3,0.1,0.250696,0.220368,0.495829,0.999867,2.507449,0.139163,5.722859,13.937619,0.151828,0.01211,0.279733,0.994354,0.43057,0.136701,1,0,1,0,0
0.75,17.5,0.4,0.3,0.3,0.250696,0.220368,0.495829,0.999867,2.507449,0.138891,5.722859,13.937619,0.151828,0.01211,0.279733,0.994354,0.43057,0.136434,1,0,1,0,0
0.75,17.5,0.5,0.4,0.0,0.250696,0.220368,0.495829,0.999867,2.507449,0.139196,5.722859,13.937619,0.251828,0.000371,0.279733,0.994354,0.426657,0.138359,1,0,1,0,0
0.75,17.5,0.5,0.4,0.1,0.250696,0.220368,0.495829,0.999867,2.507449,0.139171,5.722859,13.937619,0.251828,0.000371,0.279733,0.994354,0.426657,0.138334,1,0,1,0,0
0.75,17.5,0.5,0.4,0.3,0.250696,0.220368,0.495829,0.999867,2.507449,0.138967,5.722859,13.937619,0.251828,0.000371,0.279733,0.994354,0.426657,0.138131,1,0,1,0,0
0.75,17.5,0.6,0.5,0.0,0.250696,0.220368,0.495829,0.999867,2.507449,0.139196,5.722859,13.937619,0.351828,0.0,0.279733,0.994354,0.426533,0.138411,1,0,1,0,0
0.75,17.5,0.6,0.5,0.1,0.250696,0.220368,0.495829,0.999867,2.507449,0.139176,5.722859,13.937619,0.351828,0.0,0.279733,0.994354,0.426533,0.13839,1,0,1,0,0
0.75,17.5,0.6,0.5,0.3,0.250696,0.220368,0.495829,0.999867,2.507449,0.139013,5.722859,13.937619,0.351828,0.0,0.279733,0.994354,0.426533,0.138228,1,0,1,0,0
0.75,17.5,0.7,0.6,0.0,0.250696,0.220368,0.495829,0.999867,2.507449,0.139196,5.722859,13.937619,0.451828,0.0,0.279733,0.994354,0.426533,0.138411,1,0,1,0,0
0.75,17.5,0.7,0.6,0.1,0.250696,0.220368,0.495829,0.999867,2.507449,0.13918,5.722859,13.937619,0.451828,0.0,0.279733,0.994354,0.426533,0.138394,1,0,1,0,0
0.75,17.5,0.7,0.6,0.3,0.250696,0.220368,0.495829,0.999867,2.507449,0.139044,5.722859,13.937619,0.451828,0.0,0.279733,0.994354,0.426533,0.138259,1,0,1,0,0
0.75,17.5,0.8,0.7,0.0,0.250696,0.220368,0.495829,0.999867,2.507449,0.139196,5.722859,13.937619,0.551828,0.0,0.279733,0.994354,0.426533,0.138411,1,0,1,0,0
0.75,17.5,0.8,0.7,0.1,0.250696,0.220368,0.495829,0.999867,2.507449,0.139182,5.722859,13.937619,0.551828,0.0,0.279733,0.994354,0.426533,0.138396,1,0,1,0,0
0.75,17.5,0.8,0.7,0.3,0.250696,0.220368,0.495829,0.999867,2.507449,0.139066,5.722859,13.937619,0.551828,0.0,0.279733,0.994354,0.426533,0.13828,1,0,1,0,0
0.75,17.5,0.9,0.8,0.0,0.250696,0.220368,0.495829,0.999867,2.507449,0.139196,5.722859,13.937619,0.651828,0.0,0.279733,0.994354,0.426533,0.138411,1,0,1,0,0
0.75,17.5,0.9,0.8,0.1,0.250696,0.220368,0.495829,0.999867,2.507449,0.139184,5.722859,13.937619,0.651828,0.0,0.279733,0.994354,0.426533,0.138398,1,0,1,0,0
0.75,17.5,0.9,0.8,0.3,0.250696,0.220368,0.495829,0.999867,2.507449,0.139082,5.722859,13.937619,0.651828,0.0,0.279733,0.994354,0.426533,0.138297,1,0,1,0,0
0.75,17.5,1.0,0.9,0.0,0.250696,0.220368,0.495829,0.999867,2.507449,0.139196,5.722859,13.937619,0.751828,0.0,0.279733,0.994354,0.426533,0.138411,1,0,1,0,0
0.75,17.5,1.0,0.9,0.1,0.250696,0.220368,0.495829,0.999867,2.507449,0.139185,5.722859,13.937619,0.751828,0.0,0.279733,0.994354,0.426533,0.138399,1,0,1,0,0
0.75,17.5,1.0,0.9,0.3,0.250696,0.220368,0.495829,0.999867,2.507449,0.139095,5.722859,13.937619,0.751828,0.0,0.279733,0.994354,0.426533,0.138309,1,0,1,0,0
0.75,20.0,0.3,0.2,0.0,0.289395,0.220368,0.495829,0.999867,2.507449,0.139196,6.570705,15.986012,0.013519,0.077579,0.315355,0.987697,0.464267,0.126818,1,0,1,0,0
0.75,20.0,0.3,0.2,0.1,0.289395,0.220368,0.495829,0.999867,2.507449,0.139146,6.570705,15.986012,0.013519,0.077579,0.315355,0.987697,0.464267,0.126772,1,0,1,0,0
0.75,20.0,0.3,0.2,0.3,0.289395,0.220368,0.495829,0.999867,2.507449,0.138738,6.570705,15.986012,0.013519,0.077579,0.315355,0.987697,0.464267,0.1264,1,0,1,0,0
0.75,20.0,0.4,0.3,0.0,0.289395,0.220368,0.495829,0.999867,2.507449,0.139196,6.570705,15.986012,0.113519,0.029791,0.315355,0.987697,0.448338,0.133388,1,0,1,0,0
0.75,20.0,0.4,0.3,0.1,0.289395,0.220368,0.495829,0.999867,2.507449,0.139163,6.570705,15.986012,0.113519,0.029791,0.315355,0.987697,0.448338,0.133356,1,0,1,0,0
0.75,20.0,0.4,0.3,0.3,0.289395,0.220368,0.495829,0.999867,2.507449,0.138891,6.570705,15.986012,0.113519,0.029791,0.315355,0.987697,0.448338,0.133095,1,0,1,0,0
0.75,20.0,0.5,0.4,0.0,0.289395,0.220368,0.495829,0.999867,2.507449,0.139196,6.570705,15.986012,0.213519,0.006655,0.315355,0.987697,0.440626,0.136569,1,0,1,0,0
0.75,20.0,0.5,0.4,0.1,0.289395,0.220368,0.495829,0.999867,2.507449,0.139171,6.570705,15.986012,0.213519,0.006655,0.315355,0.987697,0.440626,0.136544,1,0,1,0,0
0.75,20.0,0.5,0.4,0.3,0.289395,0.220368,0.495829,0.999867,2.507449,0.138967,6.570705,15.986012,0.213519,0.006655,0.315355,0.987697,0.440626,0.136344,1,0,1,0,0
0.75,20.0,0.6,0.5,0.0,0.289395,0.220368,0.495829,0.999867,2.507449,0.139196,6.570705,15.986012,0.313519,0.0,0.315355,0.987697,0.438407,0.137484,1,0,1,0,0
0.75,20.0,0.6,0.5,0.1,0.289395,0.220368,0.495829,0.999867,2.507449,0.139176,6.570705,15.986012,0.313519,0.0,0.315355,0.987697,0.438407,0.137464,1,0,1,0,0
0.75,20.0,0.6,0.5,0.3,0.289395,0.220368,0.495829,0.999867,2.507449,0.139013,6.570705,15.986012,0.313519,0.0,0.315355,0.987697,0.438407,0.137303,1,0,1,0,0
0.75,20.0,0.7,0.6,0.0,0.289395,0.220368,0.495829,0.999867,2.507449,0.139196,6.570705,15.986012,0.413519,0.0,0.315355,0.987697,0.438407,0.137484,1,0,1,0,0
0.75,20.0,0.7,0.6,0.1,0.289395,0.220368,0.495829,0.999867,2.507449,0.13918,6.570705,15.986012,0.413519,0.0,0.315355,0.987697,0.438407,0.137467,1,0,1,0,0
0.75,20.0,0.7,0.6,0.3,0.289395,0.220368,0.495829,0.999867,2.507449,0.139044,6.570705,15.986012,0.413519,0.0,0.315355,0.987697,0.438407,0.137333,1,0,1,0,0
0.75,20.0,0.8,0.7,0.0,0.289395,0.220368,0.495829,0.999867,2.507449,0.139196,6.570705,15.986012,0.513519,0.0,0.315355,0.987697,0.438407,0.137484,1,0,1,0,0
0.75,20.0,0.8,0.7,0.1,0.289395,0.220368,0.495829,0.999867,2.507449,0.139182,6.570705,15.986012,0.513519,0.0,0.315355,0.987697,0.438407,0.13747,1,0,1,0,0
0.75,20.0,0.8,0.7,0.3,0.289395,0.220368,0.495829,0.999867,2.507449,0.139066,6.570705,15.986012,0.513519,0.0,0.315355,0.987697,0.438407,0.137355,1,0,1,0,0
0.75,20.0,0.9,0.8,0.0,0.289395,0.220368,0.495829,0.999867,2.507449,0.139196,6.570705,15.986012,0.613519,0.0,0.315355,0.987697,0.438407,0.137484,1,0,1,0,0
0.75,20.0,0.9,0.8,0.1,0.289395,0.220368,0.495829,0.999867,2.507449,0.139184,6.570705,15.986012,0.613519,0.0,0.315355,0.987697,0.438407,0.137471,1,0,1,0,0
0.75,20.0,0.9,0.8,0.3,0.289395,0.220368,0.495829,0.999867,2.507449,0.139082,6.570705,15.986012,0.613519,0.0,0.315355,0.987697,0.438407,0.137371,1,0,1,0,0
0.75,20.0,1.0,0.9,0.0,0.289395,0.220368,0.495829,0.999867,2.507449,0.139196,6.570705,15.986012,0.713519,0.0,0.315355,0.987697,0.438407,0.137484,1,0,1,0,0
0.75,20.0,1.0,0.9,0.1,0.289395,0.220368,0.495829,0.999867,2.507449,0.139185,6.570705,15.986012,0.713519,0.0,0.315355,0.987697,0.438407,0.137473,1,0,1,0,0
0.75,20.0,1.0,0.9,0.3,0.289395,0.220368,0.495829,0.999867,2.507449,0.139095,6.570705,15.986012,0.713519,0.0,0.315355,0.987697,0.438407,0.137383,1,0,1,0,0
0.75,22.5,0.3,0.2,0.0,0.329344,0.220368,0.495829,0.999867,2.507449,0.139196,7.431985,18.057406,-0.026028,0.110111,0.350799,0.980191,0.486926,0.121416,1,0,0,0,0
0.75,22.5,0.3,0.2,0.1,0.329344,0.220368,0.495829,0.999867,2.507449,0.139146,7.431985,18.057406,-0.026028,0.110111,0.350799,0.980191,0.486926,0.121371,1,0,0,0,0
0.75,22.5,0.3,0.2,0.3,0.329344,0.220368,0.495829,0.999867,2.507449,0.138738,7.431985,18.057406,-0.026028,0.110111,0.350799,0.980191,0.486926,0.121016,1,0,0,0,0
0.75,22.5,0.4,0.3,0.0,0.329344,0.220368,0.495829,0.999867,2.507449,0.139196,7.431985,18.057406,0.073972,0.049147,0.350799,0.980191,0.466604,0.129734,1,0,1,0,0
0.75,22.5,0.4,0.3,0.1,0.329344,0.220368,0.495829,0.999867,2.507449,0.139163,7.431985,18.057406,0.073972,0.049147,0.350799,0.980191,0.466604,0.129702,1,0,1,0,0
0.75,22.5,0.4,0.3,0.3,0.329344,0.220368,0.495829,0.999867,2.507449,0.138891,7.431985,18.057406,0.073972,0.049147,0.350799,0.980191,0.466604,0.129449,1,0,1,0,0
0.75,22.5,0.5,0.4,0.0,0.329344,0.220368,0.495829,0.999867,2.507449,0.139196,7.431985,18.057406,0.173972,0.017957,0.350799,0.980191,0.456208,0.133989,1,0,1,0,0
0.75,22.5,0.5,0.4,0.1,0.329344,0.220368,0.495829,0.999867,2.507449,0.139171,7.431985,18.057406,0.173972,0.017957,0.350799,0.980191,0.456208,0.133965,1,0,1,0,0
0.75,22.5,0.5,0.4,0.3,0.329344,0.220368,0.495829,0.999867,2.507449,0.138967,7.431985,18.057406,0.173972,0.017957,0.350799,0.980191,0.456208,0.133768,1,0,1,0,0
0.75,22.5,0.6,0.5,0.0,0.329344,0.220368,0.495829,0.999867,2.507449,0.139196,7.431985,18.057406,0.273972,0.00318,0.350799,0.980191,0.451282,0.136005,1,0,1,0,0
0.75,22.5,0.6,0.5,0.1,0.329344,0.220368,0.495829,0.999867,2.507449,0.139176,7.431985,18.057406,0.273972,0.00318,0.350799,0.980191,0.451282,0.135985,1,0,1,0,0
0.75,22.5,0.6,0.5,0.3,0.329344,0.220368,0.495829,0.999867,2.507449,0.139013,7.431985,18.057406,0.273972,0.00318,0.350799,0.980191,0.451282,0.135826,1,0,1,0,0
0.75,22.5,0.7,0.6,0.0,0.329344,0.220368,0.495829,0.999867,2.507449,0.139196,7.431985,18.057406,0.373972,0.0,0.350799,0.980191,0.450222,0.136439,1,0,1,0,0
0.75,22.5,0.7,0.6,0.1,0.329344,0.220368,0.495829,0.999867,2.507449,0.13918,7.431985,18.057406,0.373972,0.0,0.350799,0.980191,0.450222,0.136423,1,0,1,0,0
0.75,22.5,0.7,0.6,0.3,0.329344,0.220368,0.495829,0.999867,2.507449,0.139044,7.431985,18.057406,0.373972,0.0,0.350799,0.980191,0.450222,0.136289,1,0,1,0,0
0.75,22.5,0.8,0.7,0.0,0.329344,0.220368,0.495829,0.999867,2.507449,0.139196,7.431985,18.057406,0.473972,0.0,0.350799,0.980191,0.450222,0.136439,1,0,1,0,0
0.75,22.5,0.8,0.7,0.1,0.329344,0.220368,0.495829,0.999867,2.507449,0.139182,7.431985,18.057406,0.473972,0.0,0.350799,0.980191,0.450222,0.136425,1,0,1,0,0
0.75,22.5,0.8,0.7,0.3,0.329344,0.220368,0.495829,0.999867,2.507449,0.139066,7.431985,18.057406,0.473972,0.0,0.350799,0.980191,0.450222,0.136311,1,0,1,0,0
0.75,22.5,0.9,0.8,0.0,0.329344,0.220368,0.495829,0.999867,2.507449,0.139196,7.431985,18.057406,0.573972,0.0,0.350799,0.980191,0.450222,0.136439,1,0,1,0,0
0.75,22.5,0.9,0.8,0.1,0.329344,0.220368,0.495829,0.999867,2.507449,0.139184,7.431985,18.057406,0.573972,0.0,0.350799,0.980191,0.450222,0.136427,1,0,1,0,0
0.75,22.5,0.9,0.8,0.3,0.329344,0.220368,0.495829,0.999867,2.507449,0.139082,7.431985,18.057406,0.573972,0.0,0.350799,0.980191,0.450222,0.136327,1,0,1,0,0
0.75,22.5,1.0,0.9,0.0,0.329344,0.220368,0.495829,0.999867,2.507449,0.139196,7.431985,18.057406,0.673972,0.0,0.350799,0.980191,0.450222,0.136439,1,0,1,0,0
0.75,22.5,1.0,0.9,0.1,0.329344,0.220368,0.495829,0.999867,2.507449,0.139185,7.431985,18.057406,0.673972,0.0,0.350799,0.980191,0.450222,0.136428,1,0,1,0,0
0.75,22.5,1.0,0.9,0.3,0.329344,0.220368,0.495829,0.999867,2.507449,0.139095,7.431985,18.057406,0.673972,0.0,0.350799,0.980191,0.450222,0.136339,1,0,1,0,0
0.75,25.0,0.3,0.2,0.0,0.370764,0.220368,0.495829,0.999867,2.507449,0.139196,8.309196,20.154705,-0.067031,0.141955,0.383126,0.968775,0.508316,0.115707,0,0,0,0,0
0.75,25.0,0.3,0.2,0.1,0.370764,0.220368,0.495829,0.999867,2.507449,0.139146,8.309196,20.154705,-0.067031,0.141955,0.383126,0.968775,0.508316,0.115665,0,0,0,0,0
0.75,25.0,0.3,0.2,0.3,0.370764,0.220368,0.495829,0.999867,2.507449,0.138738,8.309196,20.154705,-0.067031,0.141955,0.383126,0.968775,0.508316,0.115326,0,0,0,0,0
0.75,25.0,0.4,0.3,0.0,0.370764,0.220368,0.495829,0.999867,2.507449,0.139196,8.309196,20.154705,0.032969,0.068576,0.383126,0.968775,0.483856,0.125603,0,0,1,0,0
0.75,25.0,0.4,0.3,0.1,0.370764,0.220368,0.495829,0.999867,2.507449,0.139163,8.309196,20.154705,0.032969,0.068576,0.383126,0.968775,0.483856,0.125572,0,0,1,0,0
0.75,25.0,0.4,0.3,0.3,0.370764,0.220368,0.495829,0.999867,2.507449,0.138891,8.309196,20.154705,0.032969,0.068576,0.383126,0.968775,0.483856,0.125327,0,0,1,0,0
0.75,25.0,0.5,0.4,0.0,0.370764,0.220368,0.495829,0.999867,2.507449,0.139196,8.309196,20.154705,0.132969,0.033573,0.383126,0.968775,0.472189,0.130323,0,0,1,0,0
0.75,25.0,0.5,0.4,0.1,0.370764,0.220368,0.495829,0.999867,2.507449,0.139171,8.309196,20.154705,0.132969,0.033573,0.383126,0.968775,0.472189,0.130299,0,0,1,0,0
0.75,25.0,0.5,0.4,0.3,0.370764,0.220368,0.495829,0.999867,2.507449,0.138967,8.309196,20.154705,0.132969,0.033573,0.383126,0.968775,0.472189,0.130108,0,0,1,0,0
0.75,25.0,0.6,0.5,0.0,0.370764,0.220368,0.495829,0.999867,2.507449,0.139196,8.309196,20.154705,0.232969,0.010936,0.383126,0.968775,0.464643,0.133375,0,0,1,0,0
0.75,25.0,0.6,0.5,0.1,0.370764,0.220368,0.495829,0.999867,2.507449,0.139176,8.309196,20.154705,0.232969,0.010936,0.383126,0.968775,0.464643,0.133356,0,0,1,0,0
0.75,25.0,0.6,0.5,0.3,0.370764,0.220368,0.495829,0.999867,2.507449,0.139013,8.309196,20.154705,0.232969,0.010936,0.383126,0.968775,0.464643,0.1332,0,0,1,0,0
0.75,25.0,0.7,0.6,0.0,0.370764,0.220368,0.495829,0.999867,2.507449,0.139196,8.309196,20.154705,0.332969,0.001745,0.383126,0.968775,0.461579,0.134615,0,0,1,0,0
0.75,25.0,0.7,0.6,0.1,0.370764,0.220368,0.495829,0.999867,2.507449,0.13918,8.309196,20.154705,0.332969,0.001745,0.383126,0.968775,0.461579,0.134598,0,0,1,0,0
0.75,25.0,0.7,0.6,0.3,0.370764,0.220368,0.495829,0.999867,2.507449,0.139044,8.309196,20.154705,0.332969,0.001745,0.383126,0.968775,0.461579,0.134467,0,0,1,0,0
0.75,25.0,0.8,0.7,0.0,0.370764,0.220368,0.495829,0.999867,2.507449,0.139196,8.309196,20.154705,0.432969,0.0,0.383126,0.968775,0.460998,0.13485,0,0,1,0,0
0.75,25.0,0.8,0.7,0.1,0.370764,0.220368,0.495829,0.999867,2.507449,0.139182,8.309196,20.154705,0.432969,0.0,0.383126,0.968775,0.460998,0.134836,0,0,1,0,0
0.75,25.0,0.8,0.7,0.3,0.370764,0.220368,0.495829,0.999867,2.507449,0.139066,8.309196,20.154705,0.432969,0.0,0.383126,0.968775,0.460998,0.134723,0,0,1,0,0
0.75,25.0,0.9,0.8,0.0,0.370764,0.220368,0.495829,0.999867,2.507449,0.139196,8.309196,20.154705,0.532969,0.0,0.383126,0.968775,0.460998,0.13485,0,0,1,0,0
0.75,25.0,0.9,0.8,0.1,0.370764,0.220368,0.495829,0.999867,2.507449,0.139184,8.309196,20.154705,0.532969,0.0,0.383126,0.968775,0.460998,0.134838,0,0,1,0,0
0.75,25.0,0.9,0.8,0.3,0.370764,0.220368,0.495829,0.999867,2.507449,0.139082,8.309196,20.154705,0.532969,0.0,0.383126,0.968775,0.460998,0.134739,0,0,1,0,0
0.75,25.0,1.0,0.9,0.0,0.370764,0.220368,0.495829,0.999867,2.507449,0.139196,8.309196,20.154705,0.632969,0.0,0.383126,0.968775,0.460998,0.13485,0,0,1,0,0
0.75,25.0,1.0,0.9,0.1,0.370764,0.220368,0.495829,0.999867,2.507449,0.139185,8.309196,20.154705,0.632969,0.0,0.383126,0.968775,0.460998,0.134839,0,0,1,0,0
0.75,25.0,1.0,0.9,0.3,0.370764,0.220368,0.495829,0.999867,2.507449,0.139095,8.309196,20.154705,0.632969,0.0,0.383126,0.968775,0.460998,0.134751,0,0,1,0,0
0.75,27.5,0.3,0.2,0.0,0.413906,0.220368,0.495829,0.999867,2.507449,0.139196,9.20513,22.280809,-0.109739,0.171901,0.41356,0.954532,0.528443,0.110027,0,0,0,0,0
0.75,27.5,0.3,0.2,0.1,0.413906,0.220368,0.495829,0.999867,2.507449,0.139146,9.20513,22.280809,-0.109739,0.171901,0.41356,0.954532,0.528443,0.109987,0,0,0,0,0
0.75,27.5,0.3,0.2,0.3,0.413906,0.220368,0.495829,0.999867,2.507449,0.138738,9.20513,22.280809,-0.109739,0.171901,0.41356,0.954532,0.528443,0.109665,0,0,0,0,0
0.75,27.5,0.4,0.3,0.0,0.413906,0.220368,0.495829,0.999867,2.507449,0.139196,9.20513,22.280809,-0.009739,0.094355,0.41356,0.954532,0.502594,0.120331,0,0,0,0,0
0.75,27.5,0.4,0.3,0.1,0.413906,0.220368,0.495829,0.999867,2.507449,0.139163,9.20513,22.280809,-0.009739,0.094355,0.41356,0.954532,0.502594,0.120301,0,0,0,0,0
0.75,27.5,0.4,0.3,0.3,0.413906,0.220368,0.495829,0.999867,2.507449,0.138891,9.20513,22.280809,-0.009739,0.094355,0.41356,0.954532,0.502594,0.120067,0,0,0,0,0
0.75,27.5,0.5,0.4,0.0,0.413906,0.220368,0.495829,0.999867,2.507449,0.139196,9.20513,22.280809,0.090261,0.049907,0.41356,0.954532,0.487778,0.126237,0,0,1,0,0
0.75,27.5,0.5,0.4,0.1,0.413906,0.220368,0.495829,0.999867,2.507449,0.139171,9.20513,22.280809,0.090261,0.049907,0.41356,0.954532,0.487778,0.126213,0,0,1,0,0
0.75,27.5,0.5,0.4,0.3,0.413906,0.220368,0.495829,0.999867,2.507449,0.138967,9.20513,22.280809,0.090261,0.049907,0.41356,0.954532,0.487778,0.126029,0,0,1,0,0
0.75,27.5,0.6,0.5,0.0,0.413906,0.220368,0.495829,0.999867,2.507449,0.139196,9.20513,22.280809,0.190261,0.023269,0.41356,0.954532,0.478899,0.129776,0,0,1,0,0
0.75,27.5,0.6,0.5,0.1,0.413906,0.220368,0.495829,0.999867,2.507449,0.139176,9.20513,22.280809,0.190261,0.023269,0.41356,0.954532,0.478899,0.129757,0,0,1,0,0
0.75,27.5,0.6,0.5,0.3,0.413906,0.220368,0.495829,0.999867,2.507449,0.139013,9.20513,22.280809,0.190261,0.023269,0.41356,0.954532,0.478899,0.129605,0,0,1,0,0
0.75,27.5,0.7,0.6,0.0,0.413906,0.220368,0.495829,0.999867,2.507449,0.139196,9.20513,22.280809,0.290261,0.008071,0.41356,0.954532,0.473833,0.131795,0,0,1,0,0
0.75,27.5,0.7,0.6,0.1,0.413906,0.220368,0.495829,0.999867,2.507449,0.13918,9.20513,22.280809,0.290261,0.008071,0.41356,0.954532,0.473833,0.131779,0,0,1,0,0
0.75,27.5,0.7,0.6,0.3,0.413906,0.220368,0.495829,0.999867,2.507449,0.139044,9.20513,22.280809,0.290261,0.008071,0.41356,0.954532,0.473833,0.13165,0,0,1,0,0
0.75,27.5,0.8,0.7,0.0,0.413906,0.220368,0.495829,0.999867,2.507449,0.139196,9.20513,22.280809,0.390261,0.001167,0.41356,0.954532,0.471531,0.132712,0,0,1,0,0
0.75,27.5,0.8,0.7,0.1,0.413906,0.220368,0.495829,0.999867,2.507449,0.139182,9.20513,22.280809,0.390261,0.001167,0.41356,0.954532,0.471531,0.132699,0,0,1,0,0
0.75,27.5,0.8,0.7,0.3,0.413906,0.220368,0.495829,0.999867,2.507449,0.139066,9.20513,22.280809,0.390261,0.001167,0.41356,0.954532,0.471531,0.132588,0,0,1,0,0
0.75,27.5,0.9,0.8,0.0,0.413906,0.220368,0.495829,0.999867,2.507449,0.139196,9.20513,22.280809,0.490261,0.0,0.41356,0.954532,0.471142,0.132868,0,0,1,0,0
0.75,27.5,0.9,0.8,0.1,0.413906,0.220368,0.495829,0.999867,2.507449,0.139184,9.20513,22.280809,0.490261,0.0,0.41356,0.954532,0.471142,0.132855,0,0,1,0,0
0.75,27.5,0.9,0.8,0.3,0.413906,0.220368,0.495829,0.999867,2.507449,0.139082,9.20513,22.280809,0.490261,0.0,0.41356,0.954532,0.471142,0.132758,0,0,1,0,0
0.75,27.5,1.0,0.9,0.0,0.413906,0.220368,0.495829,0.999867,2.507449,0.139196,9.20513,22.280809,0.590261,0.0,0.41356,0.954532,0.471142,0.132868,0,0,1,0,0
0.75,27.5,1.0,0.9,0.1,0.413906,0.220368,0.495829,0.999867,2.507449,0.139185,9.20513,22.280809,0.590261,0.0,0.41356,0.954532,0.471142,0.132857,0,0,1,0,0
0.75,27.5,1.0,0.9,0.3,0.413906,0.220368,0.495829,0.999867,2.507449,0.139095,9.20513,22.280809,0.590261,0.0,0.41356,0.954532,0.471142,0.13277,0,0,1,0,0
0.75,30.0,0.3,0.2,0.0,0.459055,0.220368,0.495829,0.999867,2.507449,0.139196,10.122921,24.438603,-0.154433,0.201976,0.443587,0.939644,0.548477,0.104378,0,0,0,0,0
0.75,30.0,0.3,0.2,0.1,0.459055,0.220368,0.495829,0.999867,2.507449,0.139146,10.122921,24.438603,-0.154433,0.201976,0.443587,0.939644,0.548477,0.10434,0,0,0,0,0
0.75,30.0,0.3,0.2,0.3,0.459055,0.220368,0.495829,0.999867,2.507449,0.138738,10.122921,24.438603,-0.154433,0.201976,0.443587,0.939644,0.548477,0.104034,0,0,0,0,0
0.75,30.0,0.4,0.3,0.0,0.459055,0.220368,0.495829,0.999867,2.507449,0.139196,10.122921,24.438603,-0.054433,0.121855,0.443587,0.939644,0.52177,0.114857,0,0,0,0,0
0.75,30.0,0.4,0.3,0.1,0.459055,0.220368,0.495829,0.999867,2.507449,0.139163,10.122921,24.438603,-0.054433,0.121855,0.443587,0.939644,0.52177,0.114829,0,0,0,0,0
0.75,30.0,0.4,0.3,0.3,0.459055,0.220368,0.495829,0.999867,2.507449,0.138891,10.122921,24.438603,-0.054433,0.121855,0.443587,0.939644,0.52177,0.114605,0,0,0,0,0
0.75,30.0,0.5,0.4,0.0,0.459055,0.220368,0.495829,0.999867,2.507449,0.139196,10.122921,24.438603,0.045567,0.066439,0.443587,0.939644,0.503298,0.122105,0,0,1,0,0
0.75,30.0,0.5,0.4,0.1,0.459055,0.220368,0.495829,0.999867,2.507449,0.139171,10.122921,24.438603,0.045567,0.066439,0.443587,0.939644,0.503298,0.122083,0,0,1,0,0
0.75,30.0,0.5,0.4,0.3,0.459055,0.220368,0.495829,0.999867,2.507449,0.138967,10.122921,24.438603,0.045567,0.066439,0.443587,0.939644,0.503298,0.121904,0,0,1,0,0
0.75,30.0,0.6,0.5,0.0,0.459055,0.220368,0.495829,0.999867,2.507449,0.139196,10.122921,24.438603,0.145567,0.038399,0.443587,0.939644,0.493951,0.125773,0,0,1,0,0
0.75,30.0,0.6,0.5,0.1,0.459055,0.220368,0.495829,0.999867,2.507449,0.139176,10.122921,24.438603,0.145567,0.038399,0.443587,0.939644,0.493951,0.125754,0,0,1,0,0
0.75,30.0,0.6,0.5,0.3,0.459055,0.220368,0.495829,0.999867,2.507449,0.139013,10.122921,24.438603,0.145567,0.038399,0.443587,0.939644,0.493951,0.125607,0,0,1,0,0
0.75,30.0,0.7,0.6,0.0,0.459055,0.220368,0.495829,0.999867,2.507449,0.139196,10.122921,24.438603,0.245567,0.017438,0.443587,0.939644,0.486964,0.128514,0,0,1,0,0
0.75,30.0,0.7,0.6,0.1,0.459055,0.220368,0.495829,0.999867,2.507449,0.13918,10.122921,24.438603,0.245567,0.017438,0.443587,0.939644,0.486964,0.128499,0,0,1,0,0
0.75,30.0,0.7,0.6,0.3,0.459055,0.220368,0.495829,0.999867,2.507449,0.139044,10.122921,24.438603,0.245567,0.017438,0.443587,0.939644,0.486964,0.128373,0,0,1,0,0
0.75,30.0,0.8,0.7,0.0,0.459055,0.220368,0.495829,0.999867,2.507449,0.139196,10.122921,24.438603,0.345567,0.006076,0.443587,0.939644,0.483177,0.130001,0,0,1,0,0
0.75,30.0,0.8,0.7,0.1,0.459055,0.220368,0.495829,0.999867,2.507449,0.139182,10.122921,24.438603,0.345567,0.006076,0.443587,0.939644,0.483177,0.129987,0,0,1,0,0
0.75,30.0,0.8,0.7,0.3,0.459055,0.220368,0.495829,0.999867,2.507449,0.139066,10.122921,24.438603,0.345567,0.006076,0.443587,0.939644,0.483177,0.129878,0,0,1,0,0
0.75,30.0,0.9,0.8,0.0,0.459055,0.220368,0.495829,0.999867,2.507449,0.139196,10.122921,24.438603,0.445567,0.000808,0.443587,0.939644,0.481421,0.130689,0,0,1,0,0
0.75,30.0,0.9,0.8,0.1,0.459055,0.220368,0.495829,0.999867,2.507449,0.139184,10.122921,24.438603,0.445567,0.000808,0.443587,0.939644,0.481421,0.130677,0,0,1,0,0
0.75,30.0,0.9,0.8,0.3,0.459055,0.220368,0.495829,0.999867,2.507449,0.139082,10.122921,24.438603,0.445567,0.000808,0.443587,0.939644,0.481421,0.130582,0,0,1,0,0
0.75,30.0,1.0,0.9,0.0,0.459055,0.220368,0.495829,0.999867,2.507449,0.139196,10.122921,24.438603,0.545567,0.0,0.443587,0.939644,0.481151,0.130795,0,0,1,0,0
0.75,30.0,1.0,0.9,0.1,0.459055,0.220368,0.495829,0.999867,2.507449,0.139185,10.122921,24.438603,0.545567,0.0,0.443587,0.939644,0.481151,0.130785,0,0,1,0,0
0.75,30.0,1.0,0.9,0.3,0.459055,0.220368,0.495829,0.999867,2.507449,0.139095,10.122921,24.438603,0.545567,0.0,0.443587,0.939644,0.481151,0.130699,0,0,1,0,0
0.75,32.5,0.3,0.2,0.0,0.506538,0.220368,0.495829,0.999867,2.507449,0.139196,11.066099,26.630945,-0.201438,0.232064,0.473424,0.924539,0.568451,0.098828,0,0,0,0,0
0.75,32.5,0.3,0.2,0.1,0.506538,0.220368,0.495829,0.999867,2.507449,0.139146,11.066099,26.630945,-0.201438,0.232064,0.473424,0.924539,0.568451,0.098792,0,0,0,0,0
0.75,32.5,0.3,0.2,0.3,0.506538,0.220368,0.495829,0.999867,2.507449,0.138738,11.066099,26.630945,-0.201438,0.232064,0.473424,0.924539,0.568451,0.098502,0,0,0,0,0
0.75,32.5,0.4,0.3,0.0,0.506538,0.220368,0.495829,0.999867,2.507449,0.139196,11.066099,26.630945,-0.101438,0.14849,0.473424,0.924539,0.540594,0.109583,0,0,0,0,0
0.75,32.5,0.4,0.3,0.1,0.506538,0.220368,0.495829,0.999867,2.507449,0.139163,11.066099,26.630945,-0.101438,0.14849,0.473424,0.924539,0.540594,0.109556,0,0,0,0,0
0.75,32.5,0.4,0.3,0.3,0.506538,0.220368,0.495829,0.999867,2.507449,0.138891,11.066099,26.630945,-0.101438,0.14849,0.473424,0.924539,0.540594,0.109342,0,0,0,0,0
0.75,32.5,0.5,0.4,0.0,0.506538,0.220368,0.495829,0.999867,2.507449,0.139196,11.066099,26.630945,-0.001438,0.089013,0.473424,0.924539,0.520768,0.117237,0,0,0,0,0
0.75,32.5,0.5,0.4,0.1,0.506538,0.220368,0.495829,0.999867,2.507449,0.139171,11.066099,26.630945,-0.001438,0.089013,0.473424,0.924539,0.520768,0.117216,0,0,0,0,0
0.75,32.5,0.5,0.4,0.3,0.506538,0.220368,0.495829,0.999867,2.507449,0.138967,11.066099,26.630945,-0.001438,0.089013,0.473424,0.924539,0.520768,0.117044,0,0,0,0,0
0.75,32.5,0.6,0.5,0.0,0.506538,0.220368,0.495829,0.999867,2.507449,0.139196,11.066099,26.630945,0.098562,0.05287,0.473424,0.924539,0.50872,0.121889,0,0,1,0,0
0.75,32.5,0.6,0.5,0.1,0.506538,0.220368,0.495829,0.999867,2.507449,0.139176,11.066099,26.630945,0.098562,0.05287,0.473424,0.924539,0.50872,0.121871,0,0,1,0,0
0.75,32.5,0.6,0.5,0.3,0.506538,0.220368,0.495829,0.999867,2.507449,0.139013,11.066099,26.630945,0.098562,0.05287,0.473424,0.924539,0.50872,0.121728,0,0,1,0,0
0.75,32.5,0.7,0.6,0.0,0.506538,0.220368,0.495829,0.999867,2.507449,0.139196,11.066099,26.630945,0.198562,0.029818,0.473424,0.924539,0.501036,0.124855,0,0,1,0,0
0.75,32.5,0.7,0.6,0.1,0.506538,0.220368,0.495829,0.999867,2.507449,0.13918,11.066099,26.630945,0.198562,0.029818,0.473424,0.924539,0.501036,0.12484,0,0,1,0,0
0.75,32.5,0.7,0.6,0.3,0.506538,0.220368,0.495829,0.999867,2.507449,0.139044,11.066099,26.630945,0.198562,0.029818,0.473424,0.924539,0.501036,0.124718,0,0,1,0,0
0.75,32.5,0.8,0.7,0.0,0.506538,0.220368,0.495829,0.999867,2.507449,0.139196,11.066099,26.630945,0.298562,0.013218,0.473424,0.924539,0.495503,0.126992,0,0,1,0,0
0.75,32.5,0.8,0.7,0.1,0.506538,0.220368,0.495829,0.999867,2.507449,0.139182,11.066099,26.630945,0.298562,0.013218,0.473424,0.924539,0.495503,0.126978,0,0,1,0,0
0.75,32.5,0.8,0.7,0.3,0.506538,0.220368,0.495829,0.999867,2.507449,0.139066,11.066099,26.630945,0.298562,0.013218,0.473424,0.924539,0.495503,0.126872,0,0,1,0,0
0.75,32.5,0.9,0.8,0.0,0.506538,0.220368,0.495829,0.999867,2.507449,0.139196,11.066099,26.630945,0.398562,0.004757,0.473424,0.924539,0.492682,0.12808,0,0,1,0,0
0.75,32.5,0.9,0.8,0.1,0.506538,0.220368,0.495829,0.999867,2.507449,0.139184,11.066099,26.630945,0.398562,0.004757,0.473424,0.924539,0.492682,0.128069,0,0,1,0,0
0.75,32.5,0.9,0.8,0.3,0.506538,0.220368,0.495829,0.999867,2.507449,0.139082,11.066099,26.630945,0.398562,0.004757,0.473424,0.924539,0.492682,0.127975,0,0,1,0,0
0.75,32.5,1.0,0.9,0.0,0.506538,0.220368,0.495829,0.999867,2.507449,0.139196,11.066099,26.630945,0.498562,0.000632,0.473424,0.924539,0.491308,0.128611,0,0,1,0,0
0.75,32.5,1.0,0.9,0.1,0.506538,0.220368,0.495829,0.999867,2.507449,0.139185,11.066099,26.630945,0.498562,0.000632,0.473424,0.924539,0.491308,0.128601,0,0,1,0,0
0.75,32.5,1.0,0.9,0.3,0.506538,0.220368,0.495829,0.999867,2.507449,0.139095,11.066099,26.630945,0.498562,0.000632,0.473424,0.924539,0.491308,0.128517,0,0,1,0,0
0.75,35.0,0.3,0.2,0.0,0.556739,0.220368,0.495829,0.999867,2.507449,0.139196,12.038659,28.860644,-0.251134,0.262501,0.502452,0.908434,0.588273,0.093257,0,0,0,0,0
0.75,35.0,0.3,0.2,0.1,0.556739,0.220368,0.495829,0.999867,2.507449,0.139146,12.038659,28.860644,-0.251134,0.262501,0.502452,0.908434,0.588273,0.093223,0,0,0,0,0
0.75,35.0,0.3,0.2,0.3,0.556739,0.220368,0.495829,0.999867,2.507449,0.138738,12.038659,28.860644,-0.251134,0.262501,0.502452,0.908434,0.588273,0.09295,0,0,0,0,0
0.75,35.0,0.4,0.3,0.0,0.556739,0.220368,0.495829,0.999867,2.507449,0.139196,12.038659,28.860644,-0.151134,0.174398,0.502452,0.908434,0.558906,0.104398,0,0,0,0,0
0.75,35.0,0.4,0.3,0.1,0.556739,0.220368,0.495829,0.999867,2.507449,0.139163,12.038659,28.860644,-0.151134,0.174398,0.502452,0.908434,0.558906,0.104373,0,0,0,0,0
0.75,35.0,0.4,0.3,0.3,0.556739,0.220368,0.495829,0.999867,2.507449,0.138891,12.038659,28.860644,-0.151134,0.174398,0.502452,0.908434,0.558906,0.104169,0,0,0,0,0
0.75,35.0,0.5,0.4,0.0,0.556739,0.220368,0.495829,0.999867,2.507449,0.139196,12.038659,28.860644,-0.051134,0.113917,0.502452,0.908434,0.538745,0.112046,0,0,0,0,0
0.75,35.0,0.5,0.4,0.1,0.556739,0.220368,0.495829,0.999867,2.507449,0.139171,12.038659,28.860644,-0.051134,0.113917,0.502452,0.908434,0.538745,0.112025,0,0,0,0,0
0.75,35.0,0.5,0.4,0.3,0.556739,0.220368,0.495829,0.999867,2.507449,0.138967,12.038659,28.860644,-0.051134,0.113917,0.502452,0.908434,0.538745,0.111861,0,0,0,0,0
0.75,35.0,0.6,0.5,0.0,0.556739,0.220368,0.495829,0.999867,2.507449,0.139196,12.038659,28.860644,0.048866,0.068813,0.502452,0.908434,0.523711,0.117749,0,0,1,0,0
0.75,35.0,0.6,0.5,0.1,0.556739,0.220368,0.495829,0.999867,2.507449,0.139176,12.038659,28.860644,0.048866,0.068813,0.502452,0.908434,0.523711,0.117732,0,0,1,0,0
0.75,35.0,0.6,0.5,0.3,0.556739,0.220368,0.495829,0.999867,2.507449,0.139013,12.038659,28.860644,0.048866,0.068813,0.502452,0.908434,0.523711,0.117594,0,0,1,0,0
0.75,35.0,0.7,0.6,0.0,0.556739,0.220368,0.495829,0.999867,2.507449,0.139196,12.038659,28.860644,0.148866,0.044176,0.502452,0.908434,0.515498,0.120865,0,0,1,0,0
0.75,35.0,0.7,0.6,0.1,0.556739,0.220368,0.495829,0.999867,2.507449,0.13918,12.038659,28.860644,0.148866,0.044176,0.502452,0.908434,0.515498,0.12085,0,0,1,0,0
0.75,35.0,0.7,0.6,0.3,0.556739,0.220368,0.495829,0.999867,2.507449,0.139044,12.038659,28.860644,0.148866,0.044176,0.502452,0.908434,0.515498,0.120732,0,0,1,0,0
0.75,35.0,0.8,0.7,0.0,0.556739,0.220368,0.495829,0.999867,2.507449,0.139196,12.038659,28.860644,0.248866,0.024297,0.502452,0.908434,0.508872,0.123379,0,0,1,0,0
0.75,35.0,0.8,0.7,0.1,0.556739,0.220368,0.495829,0.999867,2.507449,0.139182,12.038659,28.860644,0.248866,0.024297,0.502452,0.908434,0.508872,0.123366,0,0,1,0,0
0.75,35.0,0.8,0.7,0.3,0.556739,0.220368,0.495829,0.999867,2.507449,0.139066,12.038659,28.860644,0.248866,0.024297,0.502452,0.908434,0.508872,0.123262,0,0,1,0,0
0.75,35.0,0.9,0.8,0.0,0.556739,0.220368,0.495829,0.999867,2.507449,0.139196,12.038659,28.860644,0.348866,0.011025,0.502452,0.908434,0.504448,0.125057,0,0,1,0,0
0.75,35.0,0.9,0.8,0.1,0.556739,0.220368,0.495829,0.999867,2.507449,0.139184,12.038659,28.860644,0.348866,0.011025,0.502452,0.908434,0.504448,0.125045,0,0,1,0,0
0.75,35.0,0.9,0.8,0.3,0.556739,0.220368,0.495829,0.999867,2.507449,0.139082,12.038659,28.860644,0.348866,0.011025,0.502452,0.908434,0.504448,0.124954,0,0,1,0,0
0.75,35.0,1.0,0.9,0.0,0.556739,0.220368,0.495829,0.999867,2.507449,0.139196,12.038659,28.860644,0.448866,0.004005,0.502452,0.908434,0.502108,0.125944,0,0,1,0,0
0.75,35.0,1.0,0.9,0.1,0.556739,0.220368,0.495829,0.999867,2.507449,0.139185,12.038659,28.860644,0.448866,0.004005,0.502452,0.908434,0.502108,0.125934,0,0,1,0,0
0.75,35.0,1.0,0.9,0.3,0.556739,0.220368,0.495829,0.999867,2.507449,0.139095,12.038659,28.860644,0.448866,0.004005,0.502452,0.908434,0.502108,0.125852,0,0,1,0,0
0.8,5.0,0.3,0.2,0.0,0.069563,0.23506,0.528884,0.999927,2.350734,0.130535,1.613854,3.939305,0.231138,0.0,0.080477,1.0,0.360135,0.130535,1,0,1,0,0
0.8,5.0,0.3,0.2,0.1,0.069563,0.23506,0.528884,0.999927,2.350734,0.130484,1.613854,3.939305,0.231138,0.0,0.080477,1.0,0.360135,0.130484,1,0,1,0,0
0.8,5.0,0.3,0.2,0.3,0.069563,0.23506,0.528884,0.999927,2.350734,0.130076,1.613854,3.939305,0.231138,0.0,0.080477,1.0,0.360135,0.130076,1,0,1,0,0
0.8,5.0,0.4,0.3,0.0,0.069563,0.23506,0.528884,0.999927,2.350734,0.130535,1.613854,3.939305,0.331138,0.0,0.080477,1.0,0.360135,0.130535,1,0,1,0,0
0.8,5.0,0.4,0.3,0.1,0.069563,0.23506,0.528884,0.999927,2.350734,0.130501,1.613854,3.939305,0.331138,0.0,0.080477,1.0,0.360135,0.130501,1,0,1,0,0
0.8,5.0,0.4,0.3,0.3,0.069563,0.23506,0.528884,0.999927,2.350734,0.130229,1.613854,3.939305,0.331138,0.0,0.080477,1.0,0.360135,0.130229,1,0,1,0,0
0.8,5.0,0.5,0.4,0.0,0.069563,0.23506,0.528884,0.999927,2.350734,0.130535,1.613854,3.939305,0.431138,0.0,0.080477,1.0,0.360135,0.130535,1,0,1,0,0
0.8,5.0,0.5,0.4,0.1,0.069563,0.23506,0.528884,0.999927,2.350734,0.130509,1.613854,3.939305,0.431138,0.0,0.080477,1.0,0.360135,0.130509,1,0,1,0,0
0.8,5.0,0.5,0.4,0.3,0.069563,0.23506,0.528884,0.999927,2.350734,0.130305,1.613854,3.939305,0.431138,0.0,0.080477,1.0,0.360135,0.130305,1,0,1,0,0
0.8,5.0,0.6,0.5,0.0,0.069563,0.23506,0.528884,0.999927,2.350734,0.130535,1.613854,3.939305,0.531138,0.0,0.080477,1.0,0.360135,0.130535,1,0,1,0,0
0.8,5.0,0.6,0.5,0.1,0.069563,0.23506,0.528884,0.999927,2.350734,0.130514,1.613854,3.939305,0.531138,0.0,0.080477,1.0,0.360135,0.130514,1,0,1,0,0
0.8,5.0,0.6,0.5,0.3,0.069563,0.23506,0.528884,0.999927,2.350734,0.130351,1.613854,3.939305,0.531138,0.0,0.080477,1.0,0.360135,0.130351,1,0,1,0,0
0.8,5.0,0.7,0.6,0.0,0.069563,0.23506,0.528884,0.999927,2.350734,0.130535,1.613854,3.939305,0.631138,0.0,0.080477,1.0,0.360135,0.130535,1,0,1,0,0
0.8,5.0,0.7,0.6,0.1,0.069563,0.23506,0.528884,0.999927,2.350734,0.130518,1.613854,3.939305,0.631138,0.0,0.080477,1.0,0.360135,0.130518,1,0,1,0,0
0.8,5.0,0.7,0.6,0.3,0.069563,0.23506,0.528884,0.999927,2.350734,0.130382,1.613854,3.939305,0.631138,0.0,0.080477,1.0,0.360135,0.130382,1,0,1,0,0
0.8,5.0,0.8,0.7,0.0,0.069563,0.23506,0.528884,0.999927,2.350734,0.130535,1.613854,3.939305,0.731138,0.0,0.080477,1.0,0.360135,0.130535,1,0,1,0,0
0.8,5.0,0.8,0.7,0.1,0.069563,0.23506,0.528884,0.999927,2.350734,0.13052,1.613854,3.939305,0.731138,0.0,0.080477,1.0,0.360135,0.13052,1,0,1,0,0
0.8,5.0,0.8,0.7,0.3,0.069563,0.23506,0.528884,0.999927,2.350734,0.130404,1.613854,3.939305,0.731138,0.0,0.080477,1.0,0.360135,0.130404,1,0,1,0,0
0.8,5.0,0.9,0.8,0.0,0.069563,0.23506,0.528884,0.999927,2.350734,0.130535,1.613854,3.939305,0.831138,0.0,0.080477,1.0,0.360135,0.130535,1,0,1,0,0
0.8,5.0,0.9,0.8,0.1,0.069563,0.23506,0.528884,0.999927,2.350734,0.130522,1.613854,3.939305,0.831138,0.0,0.080477,1.0,0.360135,0.130522,1,0,1,0,0
0.8,5.0,0.9,0.8,0.3,0.069563,0.23506,0.528884,0.999927,2.350734,0.13042,1.613854,3.939305,0.831138,0.0,0.080477,1.0,0.360135,0.13042,1,0,1,0,0
0.8,5.0,1.0,0.9,0.0,0.069563,0.23506,0.528884,0.999927,2.350734,0.130535,1.613854,3.939305,0.931138,0.0,0.080477,1.0,0.360135,0.130535,1,0,1,0,0
0.8,5.0,1.0,0.9,0.1,0.069563,0.23506,0.528884,0.999927,2.350734,0.130523,1.613854,3.939305,0.931138,0.0,0.080477,1.0,0.360135,0.130523,1,0,1,0,0
0.8,5.0,1.0,0.9,0.3,0.069563,0.23506,0.528884,0.999927,2.350734,0.130433,1.613854,3.939305,0.931138,0.0,0.080477,1.0,0.360135,0.130433,1,0,1,0,0
0.8,7.5,0.3,0.2,0.0,0.104678,0.23506,0.528884,0.999927,2.350734,0.130535,2.424156,5.916089,0.196376,0.0,0.120884,1.0,0.373604,0.130535,1,0,1,0,0
0.8,7.5,0.3,0.2,0.1,0.104678,0.23506,0.528884,0.999927,2.350734,0.130484,2.424156,5.916089,0.196376,0.0,0.120884,1.0,0.373604,0.130484,1,0,1,0,0
0.8,7.5,0.3,0.2,0.3,0.104678,0.23506,0.528884,0.999927,2.350734,0.130076,2.424156,5.916089,0.196376,0.0,0.120884,1.0,0.373604,0.130076,1,0,1,0,0
0.8,7.5,0.4,0.3,0.0,0.104678,0.23506,0.528884,0.999927,2.350734,0.130535,2.424156,5.916089,0.296376,0.0,0.120884,1.0,0.373604,0.130535,1,0,1,0,0
0.8,7.5,0.4,0.3,0.1,0.104678,0.23506,0.528884,0.999927,2.350734,0.130501,2.424156,5.916089,0.296376,0.0,0.120884,1.0,0.373604,0.130501,1,0,1,0,0
0.8,7.5,0.4,0.3,0.3,0.104678,0.23506,0.528884,0.999927,2.350734,0.130229,2.424156,5.916089,0.296376,0.0,0.120884,1.0,0.373604,0.130229,1,0,1,0,0
0.8,7.5,0.5,0.4,0.0,0.104678,0.23506,0.528884,0.999927,2.350734,0.130535,2.424156,5.916089,0.396376,0.0,0.120884,1.0,0.373604,0.130535,1,0,1,0,0
0.8,7.5,0.5,0.4,0.1,0.104678,0.23506,0.528884,0.999927,2.350734,0.130509,2.424156,5.916089,0.396376,0.0,0.120884,1.0,0.373604,0.130509,1,0,1,0,0
0.8,7.5,0.5,0.4,0.3,0.104678,0.23506,0.528884,0.999927,2.350734,0.130305,2.424156,5.916089,0.396376,0.0,0.120884,1.0,0.373604,0.130305,1,0,1,0,0
0.8,7.5,0.6,0.5,0.0,0.104678,0.23506,0.528884,0.999927,2.350734,0.130535,2.424156,5.916089,0.496376,0.0,0.120884,1.0,0.373604,0.130535,1,0,1,0,0
0.8,7.5,0.6,0.5,0.1,0.104678,0.23506,0.528884,0.999927,2.350734,0.130514,2.424156,5.916089,0.496376,0.0,0.120884,1.0,0.373604,0.130514,1,0,1,0,0
0.8,7.5,0.6,0.5,0.3,0.104678,0.23506,0.528884,0.999927,2.350734,0.130351,2.424156,5.916089,0.496376,0.0,0.120884,1.0,0.373604,0.130351,1,0,1,0,0
0.8,7.5,0.7,0.6,0.0,0.104678,0.23506,0.528884,0.999927,2.350734,0.130535,2.424156,5.916089,0.596376,0.0,0.120884,1.0,0.373604,0.130535,1,0,1,0,0
0.8,7.5,0.7,0.6,0.1,0.104678,0.23506,0.528884,0.999927,2.350734,0.130518,2.424156,5.916089,0.596376,0.0,0.120884,1.0,0.373604,0.130518,1,0,1,0,0
0.8,7.5,0.7,0.6,0.3,0.104678,0.23506,0.528884,0.999927,2.350734,0.130382,2.424156,5.916089,0.596376,0.0,0.120884,1.0,0.373604,0.130382,1,0,1,0,0
0.8,7.5,0.8,0.7,0.0,0.104678,0.23506,0.528884,0.999927,2.350734,0.130535,2.424156,5.916089,0.696376,0.0,0.120884,1.0,0.373604,0.130535,1,0,1,0,0
0.8,7.5,0.8,0.7,0.1,0.104678,0.23506,0.528884,0.999927,2.350734,0.13052,2.424156,5.916089,0.696376,0.0,0.120884,1.0,0.373604,0.13052,1,0,1,0,0
0.8,7.5,0.8,0.7,0.3,0.104678,0.23506,0.528884,0.999927,2.350734,0.130404,2.424156,5.916089,0.696376,0.0,0.120884,1.0,0.373604,0.130404,1,0,1,0,0
0.8,7.5,0.9,0.8,0.0,0.104678,0.23506,0.528884,0.999927,2.350734,0.130535,2.424156,5.916089,0.796376,0.0,0.120884,1.0,0.373604,0.130535,1,0,1,0,0
0.8,7.5,0.9,0.8,0.1,0.104678,0.23506,0.528884,0.999927,2.350734,0.130522,2.424156,5.916089,0.796376,0.0,0.120884,1.0,0.373604,0.130522,1,0,1,0,0
0.8,7.5,0.9,0.8,0.3,0.104678,0.23506,0.528884,0.999927,2.350734,0.13042,2.424156,5.916089,0.796376,0.0,0.120884,1.0,0.373604,0.13042,1,0,1,0,0
0.8,7.5,1.0,0.9,0.0,0.104678,0.23506,0.528884,0.999927,2.350734,0.130535,2.424156,5.916089,0.896376,0.0,0.120884,1.0,0.373604,0.130535,1,0,1,0,0
0.8,7.5,1.0,0.9,0.1,0.104678,0.23506,0.528884,0.999927,2.350734,0.130523,2.424156,5.916089,0.896376,0.0,0.120884,1.0,0.373604,0.130523,1,0,1,0,0
0.8,7.5,1.0,0.9,0.3,0.104678,0.23506,0.528884,0.999927,2.350734,0.130433,2.424156,5.916089,0.896376,0.0,0.120884,1.0,0.373604,0.130433,1,0,1,0,0
0.8,10.0,0.3,0.2,0.0,0.140199,0.23506,0.528884,0.999927,2.350734,0.130535,3.238603,7.90144,0.161213,0.0,0.161498,1.0,0.387142,0.130535,1,0,1,0,0
0.8,10.0,0.3,0.2,0.1,0.140199,0.23506,0.528884,0.999927,2.350734,0.130484,3.238603,7.90144,0.161213,0.0,0.161498,1.0,0.387142,0.130484,1,0,1,0,0
0.8,10.0,0.3,0.2,0.3,0.140199,0.23506,0.528884,0.999927,2.350734,0.130076,3.238603,7.90144,0.161213,0.0,0.161498,1.0,0.387142,0.130076,1,0,1,0,0
0.8,10.0,0.4,0.3,0.0,0.140199,0.23506,0.528884,0.999927,2.350734,0.130535,3.238603,7.90144,0.261213,0.0,0.161498,1.0,0.387142,0.130535,1,0,1,0,0
0.8,10.0,0.4,0.3,0.1,0.140199,0.23506,0.528884,0.999927,2.350734,0.130501,3.238603,7.90144,0.261213,0.0,0.161498,1.0,0.387142,0.130501,1,0,1,0,0
0.8,10.0,0.4,0.3,0.3,0.140199,0.23506,0.528884,0.999927,2.350734,0.130229,3.238603,7.90144,0.261213,0.0,0.161498,1.0,0.387142,0.130229,1,0,1,0,0
0.8,10.0,0.5,0.4,0.0,0.140199,0.23506,0.528884,0.999927,2.350734,0.130535,3.238603,7.90144,0.361213,0.0,0.161498,1.0,0.387142,0.130535,1,0,1,0,0
0.8,10.0,0.5,0.4,0.1,0.140199,0.23506,0.528884,0.999927,2.350734,0.130509,3.238603,7.90144,0.361213,0.0,0.161498,1.0,0.387142,0.130509,1,0,1,0,0
0.8,10.0,0.5,0.4,0.3,0.140199,0.23506,0.528884,0.999927,2.350734,0.130305,3.238603,7.90144,0.361213,0.0,0.161498,1.0,0.387142,0.130305,1,0,1,0,0
0.8,10.0,0.6,0.5,0.0,0.140199,0.23506,0.528884,0.999927,2.350734,0.130535,3.238603,7.90144,0.461213,0.0,0.161498,1.0,0.387142,0.130535,1,0,1,0,0
0.8,10.0,0.6,0.5,0.1,0.140199,0.23506,0.528884,0.999927,2.350734,0.130514,3.238603,7.90144,0.461213,0.0,0.161498,1.0,0.387142,0.130514,1,0,1,0,0
0.8,10.0,0.6,0.5,0.3,0.140199,0.23506,0.528884,0.999927,2.350734,0.130351,3.238603,7.90144,0.461213,0.0,0.161498,1.0,0.387142,0.130351,1,0,1,0,0
0.8,10.0,0.7,0.6,0.0,0.140199,0.23506,0.528884,0.999927,2.350734,0.130535,3.238603,7.90144,0.561213,0.0,0.161498,1.0,0.387142,0.130535,1,0,1,0,0
0.8,10.0,0.7,0.6,0.1,0.140199,0.23506,0.528884,0.999927,2.350734,0.130518,3.238603,7.90144,0.561213,0.0,0.161498,1.0,0.387142,0.130518,1,0,1,0,0
0.8,10.0,0.7,0.6,0.3,0.140199,0.23506,0.528884,0.999927,2.350734,0.130382,3.238603,7.90144,0.561213,0.0,0.161498,1.0,0.387142,0.130382,1,0,1,0,0
0.8,10.0,0.8,0.7,0.0,0.140199,0.23506,0.528884,0.999927,2.350734,0.130535,3.238603,7.90144,0.661213,0.0,0.161498,1.0,0.387142,0.130535,1,0,1,0,0
0.8,10.0,0.8,0.7,0.1,0.140199,0.23506,0.528884,0.999927,2.350734,0.13052,3.238603,7.90144,0.661213,0.0,0.161498,1.0,0.387142,0.13052,1,0,1,0,0
0.8,10.0,0.8,0.7,0.3,0.140199,0.23506,0.528884,0.999927,2.350734,0.130404,3.238603,7.90144,0.661213,0.0,0.161498,1.0,0.387142,0.130404,1,0,1,0,0
0.8,10.0,0.9,0.8,0.0,0.140199,0.23506,0.528884,0.999927,2.350734,0.130535,3.238603,7.90144,0.761213,0.0,0.161498,1.0,0.387142,0.130535,1,0,1,0,0
0.8,10.0,0.9,0.8,0.1,0.140199,0.23506,0.528884,0.999927,2.350734,0.130522,3.238603,7.90144,0.761213,0.0,0.161498,1.0,0.387142,0.130522,1,0,1,0,0
0.8,10.0,0.9,0.8,0.3,0.140199,0.23506,0.528884,0.999927,2.350734,0.13042,3.238603,7.90144,0.761213,0.0,0.161498,1.0,0.387142,0.13042,1,0,1,0,0
0.8,10.0,1.0,0.9,0.0,0.140199,0.23506,0.528884,0.999927,2.350734,0.130535,3.238603,7.90144,0.861213,0.0,0.161498,1.0,0.387142,0.130535,1,0,1,0,0
0.8,10.0,1.0,0.9,0.1,0.140199,0.23506,0.528884,0.999927,2.350734,0.130523,3.238603,7.90144,0.861213,0.0,0.161498,1.0,0.387142,0.130523,1,0,1,0,0
0.8,10.0,1.0,0.9,0.3,0.140199,0.23506,0.528884,0.999927,2.350734,0.130433,3.238603,7.90144,0.861213,0.0,0.161498,1.0,0.387142,0.130433,1,0,1,0,0
0.8,12.5,0.3,0.2,0.0,0.176271,0.23506,0.528884,0.999927,2.350734,0.130535,4.058731,9.898225,0.125504,0.007655,0.202395,1.0,0.403326,0.129535,1,0,1,0,0
0.8,12.5,0.3,0.2,0.1,0.176271,0.23506,0.528884,0.999927,2.350734,0.130484,4.058731,9.898225,0.125504,0.007655,0.202395,1.0,0.403326,0.129485,1,0,1,0,0
0.8,12.5,0.3,0.2,0.3,0.176271,0.23506,0.528884,0.999927,2.350734,0.130076,4.058731,9.898225,0.125504,0.007655,0.202395,1.0,0.403326,0.12908,1,0,1,0,0
0.8,12.5,0.4,0.3,0.0,0.176271,0.23506,0.528884,0.999927,2.350734,0.130535,4.058731,9.898225,0.225504,0.0,0.202395,1.0,0.400774,0.130535,1,0,1,0,0
0.8,12.5,0.4,0.3,0.1,0.176271,0.23506,0.528884,0.999927,2.350734,0.130501,4.058731,9.898225,0.225504,0.0,0.202395,1.0,0.400774,0.130501,1,0,1,0,0
0.8,12.5,0.4,0.3,0.3,0.176271,0.23506,0.528884,0.999927,2.350734,0.130229,4.058731,9.898225,0.225504,0.0,0.202395,1.0,0.400774,0.130229,1,0,1,0,0
0.8,12.5,0.5,0.4,0.0,0.176271,0.23506,0.528884,0.999927,2.350734,0.130535,4.058731,9.898225,0.325504,0.0,0.202395,1.0,0.400774,0.130535,1,0,1,0,0
0.8,12.5,0.5,0.4,0.1,0.176271,0.23506,0.528884,0.999927,2.350734,0.130509,4.058731,9.898225,0.325504,0.0,0.202395,1.0,0.400774,0.130509,1,0,1,0,0
0.8,12.5,0.5,0.4,0.3,0.176271,0.23506,0.528884,0.999927,2.350734,0.130305,4.058731,9.898225,0.325504,0.0,0.202395,1.0,0.400774,0.130305,1,0,1,0,0
0.8,12.5,0.6,0.5,0.0,0.176271,0.23506,0.528884,0.999927,2.350734,0.130535,4.058731,9.898225,0.425504,0.0,0.202395,1.0,0.400774,0.130535,1,0,1,0,0
0.8,12.5,0.6,0.5,0.1,0.176271,0.23506,0.528884,0.999927,2.350734,0.130514,4.058731,9.898225,0.425504,0.0,0.202395,1.0,0.400774,0.130514,1,0,1,0,0
0.8,12.5,0.6,0.5,0.3,0.176271,0.23506,0.528884,0.999927,2.350734,0.130351,4.058731,9.898225,0.425504,0.0,0.202395,1.0,0.400774,0.130351,1,0,1,0,0
0.8,12.5,0.7,0.6,0.0,0.176271,0.23506,0.528884,0.999927,2.350734,0.130535,4.058731,9.898225,0.525504,0.0,0.202395,1.0,0.400774,0.130535,1,0,1,0,0
0.8,12.5,0.7,0.6,0.1,0.176271,0.23506,0.528884,0.999927,2.350734,0.130518,4.058731,9.898225,0.525504,0.0,0.202395,1.0,0.400774,0.130518,1,0,1,0,0
0.8,12.5,0.7,0.6,0.3,0.176271,0.23506,0.528884,0.999927,2.350734,0.130382,4.058731,9.898225,0.525504,0.0,0.202395,1.0,0.400774,0.130382,1,0,1,0,0
0.8,12.5,0.8,0.7,0.0,0.176271,0.23506,0.528884,0.999927,2.350734,0.130535,4.058731,9.898225,0.625504,0.0,0.202395,1.0,0.400774,0.130535,1,0,1,0,0
0.8,12.5,0.8,0.7,0.1,0.176271,0.23506,0.528884,0.999927,2.350734,0.13052,4.058731,9.898225,0.625504,0.0,0.202395,1.0,0.400774,0.13052,1,0,1,0,0
0.8,12.5,0.8,0.7,0.3,0.176271,0.23506,0.528884,0.999927,2.350734,0.130404,4.058731,9.898225,0.625504,0.0,0.202395,1.0,0.400774,0.130404,1,0,1,0,0
0.8,12.5,0.9,0.8,0.0,0.176271,0.23506,0.528884,0.999927,2.350734,0.130535,4.058731,9.898225,0.725504,0.0,0.202395,1.0,0.400774,0.130535,1,0,1,0,0
0.8,12.5,0.9,0.8,0.1,0.176271,0.23506,0.528884,0.999927,2.350734,0.130522,4.058731,9.898225,0.725504,0.0,0.202395,1.0,0.400774,0.130522,1,0,1,0,0
0.8,12.5,0.9,0.8,0.3,0.176271,0.23506,0.528884,0.999927,2.350734,0.13042,4.058731,9.898225,0.725504,0.0,0.202395,1.0,0.400774,0.13042,1,0,1,0,0
0.8,12.5,1.0,0.9,0.0,0.176271,0.23506,0.528884,0.999927,2.350734,0.130535,4.058731,9.898225,0.825504,0.0,0.202395,1.0,0.400774,0.130535,1,0,1,0,0
0.8,12.5,1.0,0.9,0.1,0.176271,0.23506,0.528884,0.999927,2.350734,0.130523,4.058731,9.898225,0.825504,0.0,0.202395,1.0,0.400774,0.130523,1,0,1,0,0
0.8,12.5,1.0,0.9,0.3,0.176271,0.23506,0.528884,0.999927,2.350734,0.130433,4.058731,9.898225,0.825504,0.0,0.202395,1.0,0.400774,0.130433,1,0,1,0,0
0.8,15.0,0.3,0.2,0.0,0.213048,0.23506,0.528884,0.999927,2.350734,0.130535,4.886207,11.909322,0.089097,0.027111,0.242113,0.998454,0.42305,0.126799,1,0,1,0,0
0.8,15.0,0.3,0.2,0.1,0.213048,0.23506,0.528884,0.999927,2.350734,0.130484,4.886207,11.909322,0.089097,0.027111,0.242113,0.998454,0.42305,0.12675,1,0,1,0,0
0.8,15.0,0.3,0.2,0.3,0.213048,0.23506,0.528884,0.999927,2.350734,0.130076,4.886207,11.909322,0.089097,0.027111,0.242113,0.998454,0.42305,0.126354,1,0,1,0,0
0.8,15.0,0.4,0.3,0.0,0.213048,0.23506,0.528884,0.999927,2.350734,0.130535,4.886207,11.909322,0.189097,0.001881,0.242113,0.998454,0.41464,0.130088,1,0,1,0,0
0.8,15.0,0.4,0.3,0.1,0.213048,0.23506,0.528884,0.999927,2.350734,0.130501,4.886207,11.909322,0.189097,0.001881,0.242113,0.998454,0.41464,0.130054,1,0,1,0,0
0.8,15.0,0.4,0.3,0.3,0.213048,0.23506,0.528884,0.999927,2.350734,0.130229,4.886207,11.909322,0.189097,0.001881,0.242113,0.998454,0.41464,0.129783,1,0,1,0,0
0.8,15.0,0.5,0.4,0.0,0.213048,0.23506,0.528884,0.999927,2.350734,0.130535,4.886207,11.909322,0.289097,0.0,0.242113,0.998454,0.414013,0.130333,1,0,1,0,0
0.8,15.0,0.5,0.4,0.1,0.213048,0.23506,0.528884,0.999927,2.350734,0.130509,4.886207,11.909322,0.289097,0.0,0.242113,0.998454,0.414013,0.130307,1,0,1,0,0
0.8,15.0,0.5,0.4,0.3,0.213048,0.23506,0.528884,0.999927,2.350734,0.130305,4.886207,11.909322,0.289097,0.0,0.242113,0.998454,0.414013,0.130104,1,0,1,0,0
0.8,15.0,0.6,0.5,0.0,0.213048,0.23506,0.528884,0.999927,2.350734,0.130535,4.886207,11.909322,0.389097,0.0,0.242113,0.998454,0.414013,0.130333,1,0,1,0,0
0.8,15.0,0.6,0.5,0.1,0.213048,0.23506,0.528884,0.999927,2.350734,0.130514,4.886207,11.909322,0.389097,0.0,0.242113,0.998454,0.414013,0.130312,1,0,1,0,0
0.8,15.0,0.6,0.5,0.3,0.213048,0.23506,0.528884,0.999927,2.350734,0.130351,4.886207,11.909322,0.389097,0.0,0.242113,0.998454,0.414013,0.13015,1,0,1,0,0
0.8,15.0,0.7,0.6,0.0,0.213048,0.23506,0.528884,0.999927,2.350734,0.130535,4.886207,11.909322,0.489097,0.0,0.242113,0.998454,0.414013,0.130333,1,0,1,0,0
0.8,15.0,0.7,0.6,0.1,0.213048,0.23506,0.528884,0.999927,2.350734,0.130518,4.886207,11.909322,0.489097,0.0,0.242113,0.998454,0.414013,0.130316,1,0,1,0,0
0.8,15.0,0.7,0.6,0.3,0.213048,0.23506,0.528884,0.999927,2.350734,0.130382,4.886207,11.909322,0.489097,0.0,0.242113,0.998454,0.414013,0.13018,1,0,1,0,0
0.8,15.0,0.8,0.7,0.0,0.213048,0.23506,0.528884,0.999927,2.350734,0.130535,4.886207,11.909322,0.589097,0.0,0.242113,0.998454,0.414013,0.130333,1,0,1,0,0
0.8,15.0,0.8,0.7,0.1,0.213048,0.23506,0.528884,0.999927,2.350734,0.13052,4.886207,11.909322,0.589097,0.0,0.242113,0.998454,0.414013,0.130318,1,0,1,0,0
0.8,15.0,0.8,0.7,0.3,0.213048,0.23506,0.528884,0.999927,2.350734,0.130404,4.886207,11.909322,0.589097,0.0,0.242113,0.998454,0.414013,0.130202,1,0,1,0,0
0.8,15.0,0.9,0.8,0.0,0.213048,0.23506,0.528884,0.999927,2.350734,0.130535,4.886207,11.909322,0.689097,0.0,0.242113,0.998454,0.414013,0.130333,1,0,1,0,0
0.8,15.0,0.9,0.8,0.1,0.213048,0.23506,0.528884,0.999927,2.350734,0.130522,4.886207,11.909322,0.689097,0.0,0.242113,0.998454,0.414013,0.13032,1,0,1,0,0
0.8,15.0,0.9,0.8,0.3,0.213048,0.23506,0.528884,0.999927,2.350734,0.13042,4.886207,11.909322,0.689097,0.0,0.242113,0.998454,0.414013,0.130218,1,0,1,0,0
0.8,15.0,1.0,0.9,0.0,0.213048,0.23506,0.528884,0.999927,2.350734,0.130535,4.886207,11.909322,0.789097,0.0,0.242113,0.998454,0.414013,0.130333,1,0,1,0,0
0.8,15.0,1.0,0.9,0.1,0.213048,0.23506,0.528884,0.999927,2.350734,0.130523,4.886207,11.909322,0.789097,0.0,0.242113,0.998454,0.414013,0.130322,1,0,1,0,0
0.8,15.0,1.0,0.9,0.3,0.213048,0.23506,0.528884,0.999927,2.350734,0.130433,4.886207,11.909322,0.789097,0.0,0.242113,0.998454,0.414013,0.130231,1,0,1,0,0
0.8,17.5,0.3,0.2,0.0,0.250696,0.23506,0.528884,0.999927,2.350734,0.130535,5.722859,13.937619,0.051828,0.0513,0.279733,0.994354,0.443653,0.123139,1,0,1,0,0
0.8,17.5,0.3,0.2,0.1,0.250696,0.23506,0.528884,0.999927,2.350734,0.130484,5.722859,13.937619,0.051828,0.0513,0.279733,0.994354,0.443653,0.123091,1,0,1,0,0
0.8,17.5,0.3,0.2,0.3,0.250696,0.23506,0.528884,0.999927,2.350734,0.130076,5.722859,13.937619,0.051828,0.0513,0.279733,0.994354,0.443653,0.122706,1,0,1,0,0
0.8,17.5,0.4,0.3,0.0,0.250696,0.23506,0.528884,0.999927,2.350734,0.130535,5.722859,13.937619,0.151828,0.01211,0.279733,0.994354,0.43059,0.128226,1,0,1,0,0
0.8,17.5,0.4,0.3,0.1,0.250696,0.23506,0.528884,0.999927,2.350734,0.130501,5.722859,13.937619,0.151828,0.01211,0.279733,0.994354,0.43059,0.128192,1,0,1,0,0
0.8,17.5,0.4,0.3,0.3,0.250696,0.23506,0.528884,0.999927,2.350734,0.130229,5.722859,13.937619,0.151828,0.01211,0.279733,0.994354,0.43059,0.127926,1,0,1,0,0
0.8,17.5,0.5,0.4,0.0,0.250696,0.23506,0.528884,0.999927,2.350734,0.130535,5.722859,13.937619,0.251828,0.000371,0.279733,0.994354,0.426677,0.129749,1,0,1,0,0
0.8,17.5,0.5,0.4,0.1,0.250696,0.23506,0.528884,0.999927,2.350734,0.130509,5.722859,13.937619,0.251828,0.000371,0.279733,0.994354,0.426677,0.129724,1,0,1,0,0
0.8,17.5,0.5,0.4,0.3,0.250696,0.23506,0.528884,0.999927,2.350734,0.130305,5.722859,13.937619,0.251828,0.000371,0.279733,0.994354,0.426677,0.129522,1,0,1,0,0
0.8,17.5,0.6,0.5,0.0,0.250696,0.23506,0.528884,0.999927,2.350734,0.130535,5.722859,13.937619,0.351828,0.0,0.279733,0.994354,0.426553,0.129798,1,0,1,0,0
0.8,17.5,0.6,0.5,0.1,0.250696,0.23506,0.528884,0.999927,2.350734,0.130514,5.722859,13.937619,0.351828,0.0,0.279733,0.994354,0.426553,0.129777,1,0,1,0,0
0.8,17.5,0.6,0.5,0.3,0.250696,0.23506,0.528884,0.999927,2.350734,0.130351,5.722859,13.937619,0.351828,0.0,0.279733,0.994354,0.426553,0.129615,1,0,1,0,0
0.8,17.5,0.7,0.6,0.0,0.250696,0.23506,0.528884,0.999927,2.350734,0.130535,5.722859,13.937619,0.451828,0.0,0.279733,0.994354,0.426553,0.129798,1,0,1,0,0
0.8,17.5,0.7,0.6,0.1,0.250696,0.23506,0.528884,0.999927,2.350734,0.130518,5.722859,13.937619,0.451828,0.0,0.279733,0.994354,0.426553,0.129781,1,0,1,0,0
0.8,17.5,0.7,0.6,0.3,0.250696,0.23506,0.528884,0.999927,2.350734,0.130382,5.722859,13.937619,0.451828,0.0,0.279733,0.994354,0.426553,0.129646,1,0,1,0,0
0.8,17.5,0.8,0.7,0.0,0.250696,0.23506,0.528884,0.999927,2.350734,0.130535,5.722859,13.937619,0.551828,0.0,0.279733,0.994354,0.426553,0.129798,1,0,1,0,0
0.8,17.5,0.8,0.7,0.1,0.250696,0.23506,0.528884,0.999927,2.350734,0.13052,5.722859,13.937619,0.551828,0.0,0.279733,0.994354,0.426553,0.129783,1,0,1,0,0
0.8,17.5,0.8,0.7,0.3,0.250696,0.23506,0.528884,0.999927,2.350734,0.130404,5.722859,13.937619,0.551828,0.0,0.279733,0.994354,0.426553,0.129667,1,0,1,0,0
0.8,17.5,0.9,0.8,0.0,0.250696,0.23506,0.528884,0.999927,2.350734,0.130535,5.722859,13.937619,0.651828,0.0,0.279733,0.994354,0.426553,0.129798,1,0,1,0,0
0.8,17.5,0.9,0.8,0.1,0.250696,0.23506,0.528884,0.999927,2.350734,0.130522,5.722859,13.937619,0.651828,0.0,0.279733,0.994354,0.426553,0.129785,1,0,1,0,0
0.8,17.5,0.9,0.8,0.3,0.250696,0.23506,0.528884,0.999927,2.350734,0.13042,5.722859,13.937619,0.651828,0.0,0.279733,0.994354,0.426553,0.129684,1,0,1,0,0
0.8,17.5,1.0,0.9,0.0,0.250696,0.23506,0.528884,0.999927,2.350734,0.130535,5.722859,13.937619,0.751828,0.0,0.279733,0.994354,0.426553,0.129798,1,0,1,0,0
0.8,17.5,1.0,0.9,0.1,0.250696,0.23506,0.528884,0.999927,2.350734,0.130523,5.722859,13.937619,0.751828,0.0,0.279733,0.994354,0.426553,0.129786,1,0,1,0,0
0.8,17.5,1.0,0.9,0.3,0.250696,0.23506,0.528884,0.999927,2.350734,0.130433,5.722859,13.937619,0.751828,0.0,0.279733,0.994354,0.426553,0.129696,1,0,1,0,0
0.8,20.0,0.3,0.2,0.0,0.289395,0.23506,0.528884,0.999927,2.350734,0.130535,6.570705,15.986012,0.013519,0.077579,0.315355,0.987697,0.464287,0.118926,1,0,1,0,0
0.8,20.0,0.3,0.2,0.1,0.289395,0.23506,0.528884,0.999927,2.350734,0.130484,6.570705,15.986012,0.013519,0.077579,0.315355,0.987697,0.464287,0.11888,1,0,1,0,0
0.8,20.0,0.3,0.2,0.3,0.289395,0.23506,0.528884,0.999927,2.350734,0.130076,6.570705,15.986012,0.013519,0.077579,0.315355,0.987697,0.464287,0.118509,1,0,1,0,0
0.8,20.0,0.4,0.3,0.0,0.289395,0.23506,0.528884,0.999927,2.350734,0.130535,6.570705,15.986012,0.113519,0.029791,0.315355,0.987697,0.448358,0.125088,1,0,1,0,0
0.8,20.0,0.4,0.3,0.1,0.289395,0.23506,0.528884,0.999927,2.350734,0.130501,6.570705,15.986012,0.113519,0.029791,0.315355,0.987697,0.448358,0.125055,1,0,1,0,0
0.8,20.0,0.4,0.3,0.3,0.289395,0.23506,0.528884,0.999927,2.350734,0.130229,6.570705,15.986012,0.113519,0.029791,0.315355,0.987697,0.448358,0.124795,1,0,1,0,0
0.8,20.0,0.5,0.4,0.0,0.289395,0.23506,0.528884,0.999927,2.350734,0.130535,6.570705,15.986012,0.213519,0.006655,0.315355,0.987697,0.440646,0.128071,1,0,1,0,0
0.8,20.0,0.5,0.4,0.1,0.289395,0.23506,0.528884,0.999927,2.350734,0.130509,6.570705,15.986012,0.213519,0.006655,0.315355,0.987697,0.440646,0.128046,1,0,1,0,0
0.8,20.0,0.5,0.4,0.3,0.289395,0.23506,0.528884,0.999927,2.350734,0.130305,6.570705,15.986012,0.213519,0.006655,0.315355,0.987697,0.440646,0.127846,1,0,1,0,0
0.8,20.0,0.6,0.5,0.0,0.289395,0.23506,0.528884,0.999927,2.350734,0.130535,6.570705,15.986012,0.313519,0.0,0.315355,0.987697,0.438427,0.128929,1,0,1,0,0
0.8,20.0,0.6,0.5,0.1,0.289395,0.23506,0.528884,0.999927,2.350734,0.130514,6.570705,15.986012,0.313519,0.0,0.315355,0.987697,0.438427,0.128908,1,0,1,0,0
0.8,20.0,0.6,0.5,0.3,0.289395,0.23506,0.528884,0.999927,2.350734,0.130351,6.570705,15.986012,0.313519,0.0,0.315355,0.987697,0.438427,0.128747,1,0,1,0,0
0.8,20.0,0.7,0.6,0.0,0.289395,0.23506,0.528884,0.999927,2.350734,0.130535,6.570705,15.986012,0.413519,0.0,0.315355,0.987697,0.438427,0.128929,1,0,1,0,0
0.8,20.0,0.7,0.6,0.1,0.289395,0.23506,0.528884,0.999927,2.350734,0.130518,6.570705,15.986012,0.413519,0.0,0.315355,0.987697,0.438427,0.128912,1,0,1,0,0
0.8,20.0,0.7,0.6,0.3,0.289395,0.23506,0.528884,0.999927,2.350734,0.130382,6.570705,15.986012,0.413519,0.0,0.315355,0.987697,0.438427,0.128778,1,0,1,0,0
0.8,20.0,0.8,0.7,0.0,0.289395,0.23506,0.528884,0.999927,2.350734,0.130535,6.570705,15.986012,0.513519,0.0,0.315355,0.987697,0.438427,0.128929,1,0,1,0,0
0.8,20.0,0.8,0.7,0.1,0.289395,0.23506,0.528884,0.999927,2.350734,0.13052,6.570705,15.986012,0.513519,0.0,0.315355,0.987697,0.438427,0.128914,1,0,1,0,0
0.8,20.0,0.8,0.7,0.3,0.289395,0.23506,0.528884,0.999927,2.350734,0.130404,6.570705,15.986012,0.513519,0.0,0.315355,0.987697,0.438427,0.128799,1,0,1,0,0
0.8,20.0,0.9,0.8,0.0,0.289395,0.23506,0.528884,0.999927,2.350734,0.130535,6.570705,15.986012,0.613519,0.0,0.315355,0.987697,0.438427,0.128929,1,0,1,0,0
0.8,20.0,0.9,0.8,0.1,0.289395,0.23506,0.528884,0.999927,2.350734,0.130522,6.570705,15.986012,0.613519,0.0,0.315355,0.987697,0.438427,0.128916,1,0,1,0,0
0.8,20.0,0.9,0.8,0.3,0.289395,0.23506,0.528884,0.999927,2.350734,0.13042,6.570705,15.986012,0.613519,0.0,0.315355,0.987697,0.438427,0.128815,1,0,1,0,0
0.8,20.0,1.0,0.9,0.0,0.289395,0.23506,0.528884,0.999927,2.350734,0.130535,6.570705,15.986012,0.713519,0.0,0.315355,0.987697,0.438427,0.128929,1,0,1,0,0
0.8,20.0,1.0,0.9,0.1,0.289395,0.23506,0.528884,0.999927,2.350734,0.130523,6.570705,15.986012,0.713519,0.0,0.315355,0.987697,0.438427,0.128917,1,0,1,0,0
0.8,20.0,1.0,0.9,0.3,0.289395,0.23506,0.528884,0.999927,2.350734,0.130433,6.570705,15.986012,0.713519,0.0,0.315355,0.987697,0.438427,0.128828,1,0,1,0,0
0.8,22.5,0.3,0.2,0.0,0.329344,0.23506,0.528884,0.999927,2.350734,0.130535,7.431985,18.057406,-0.026028,0.110111,0.350799,0.980191,0.486946,0.11386,1,0,0,0,0
0.8,22.5,0.3,0.2,0.1,0.329344,0.23506,0.528884,0.999927,2.350734,0.130484,7.431985,18.057406,-0.026028,0.110111,0.350799,0.980191,0.486946,0.113816,1,0,0,0,0
0.8,22.5,0.3,0.2,0.3,0.329344,0.23506,0.528884,0.999927,2.350734,0.130076,7.431985,18.057406,-0.026028,0.110111,0.350799,0.980191,0.486946,0.11346,1,0,0,0,0
0.8,22.5,0.4,0.3,0.0,0.329344,0.23506,0.528884,0.999927,2.350734,0.130535,7.431985,18.057406,0.073972,0.049147,0.350799,0.980191,0.466624,0.121661,1,0,1,0,0
0.8,22.5,0.4,0.3,0.1,0.329344,0.23506,0.528884,0.999927,2.350734,0.130501,7.431985,18.057406,0.073972,0.049147,0.350799,0.980191,0.466624,0.121629,1,0,1,0,0
0.8,22.5,0.4,0.3,0.3,0.329344,0.23506,0.528884,0.999927,2.350734,0.130229,7.431985,18.057406,0.073972,0.049147,0.350799,0.980191,0.466624,0.121376,1,0,1,0,0
0.8,22.5,0.5,0.4,0.0,0.329344,0.23506,0.528884,0.999927,2.350734,0.130535,7.431985,18.057406,0.173972,0.017957,0.350799,0.980191,0.456228,0.125651,1,0,1,0,0
0.8,22.5,0.5,0.4,0.1,0.329344,0.23506,0.528884,0.999927,2.350734,0.130509,7.431985,18.057406,0.173972,0.017957,0.350799,0.980191,0.456228,0.125627,1,0,1,0,0
0.8,22.5,0.5,0.4,0.3,0.329344,0.23506,0.528884,0.999927,2.350734,0.130305,7.431985,18.057406,0.173972,0.017957,0.350799,0.980191,0.456228,0.125431,1,0,1,0,0
0.8,22.5,0.6,0.5,0.0,0.329344,0.23506,0.528884,0.999927,2.350734,0.130535,7.431985,18.057406,0.273972,0.00318,0.350799,0.980191,0.451302,0.127542,1,0,1,0,0
0.8,22.5,0.6,0.5,0.1,0.329344,0.23506,0.528884,0.999927,2.350734,0.130514,7.431985,18.057406,0.273972,0.00318,0.350799,0.980191,0.451302,0.127522,1,0,1,0,0
0.8,22.5,0.6,0.5,0.3,0.329344,0.23506,0.528884,0.999927,2.350734,0.130351,7.431985,18.057406,0.273972,0.00318,0.350799,0.980191,0.451302,0.127363,1,0,1,0,0
0.8,22.5,0.7,0.6,0.0,0.329344,0.23506,0.528884,0.999927,2.350734,0.130535,7.431985,18.057406,0.373972,0.0,0.350799,0.980191,0.450242,0.127949,1,0,1,0,0
0.8,22.5,0.7,0.6,0.1,0.329344,0.23506,0.528884,0.999927,2.350734,0.130518,7.431985,18.057406,0.373972,0.0,0.350799,0.980191,0.450242,0.127932,1,0,1,0,0
0.8,22.5,0.7,0.6,0.3,0.329344,0.23506,0.528884,0.999927,2.350734,0.130382,7.431985,18.057406,0.373972,0.0,0.350799,0.980191,0.450242,0.127799,1,0,1,0,0
0.8,22.5,0.8,0.7,0.0,0.329344,0.23506,0.528884,0.999927,2.350734,0.130535,7.431985,18.057406,0.473972,0.0,0.350799,0.980191,0.450242,0.127949,1,0,1,0,0
0.8,22.5,0.8,0.7,0.1,0.329344,0.23506,0.528884,0.999927,2.350734,0.13052,7.431985,18.057406,0.473972,0.0,0.350799,0.980191,0.450242,0.127935,1,0,1,0,0
0.8,22.5,0.8,0.7,0.3,0.329344,0.23506,0.528884,0.999927,2.350734,0.130404,7.431985,18.057406,0.473972,0.0,0.350799,0.980191,0.450242,0.12782,1,0,1,0,0
0.8,22.5,0.9,0.8,0.0,0.329344,0.23506,0.528884,0.999927,2.350734,0.130535,7.431985,18.057406,0.573972,0.0,0.350799,0.980191,0.450242,0.127949,1,0,1,0,0
0.8,22.5,0.9,0.8,0.1,0.329344,0.23506,0.528884,0.999927,2.350734,0.130522,7.431985,18.057406,0.573972,0.0,0.350799,0.980191,0.450242,0.127936,1,0,1,0,0
0.8,22.5,0.9,0.8,0.3,0.329344,0.23506,0.528884,0.999927,2.350734,0.13042,7.431985,18.057406,0.573972,0.0,0.350799,0.980191,0.450242,0.127837,1,0,1,0,0
0.8,22.5,1.0,0.9,0.0,0.329344,0.23506,0.528884,0.999927,2.350734,0.130535,7.431985,18.057406,0.673972,0.0,0.350799,0.980191,0.450242,0.127949,1,0,1,0,0
0.8,22.5,1.0,0.9,0.1,0.329344,0.23506,0.528884,0.999927,2.350734,0.130523,7.431985,18.057406,0.673972,0.0,0.350799,0.980191,0.450242,0.127938,1,0,1,0,0
0.8,22.5,1.0,0.9,0.3,0.329344,0.23506,0.528884,0.999927,2.350734,0.130433,7.431985,18.057406,0.673972,0.0,0.350799,0.980191,0.450242,0.127849,1,0,1,0,0
0.8,25.0,0.3,0.2,0.0,0.370764,0.23506,0.528884,0.999927,2.350734,0.130535,8.309196,20.154705,-0.067031,0.141955,0.383126,0.968775,0.508336,0.108507,0,0,0,0,0
0.8,25.0,0.3,0.2,0.1,0.370764,0.23506,0.528884,0.999927,2.350734,0.130484,8.309196,20.154705,-0.067031,0.141955,0.383126,0.968775,0.508336,0.108465,0,0,0,0,0
0.8,25.0,0.3,0.2,0.3,0.370764,0.23506,0.528884,0.999927,2.350734,0.130076,8.309196,20.154705,-0.067031,0.141955,0.383126,0.968775,0.508336,0.108126,0,0,0,0,0
0.8,25.0,0.4,0.3,0.0,0.370764,0.23506,0.528884,0.999927,2.350734,0.130535,8.309196,20.154705,0.032969,0.068576,0.383126,0.968775,0.483876,0.117787,0,0,1,0,0
0.8,25.0,0.4,0.3,0.1,0.370764,0.23506,0.528884,0.999927,2.350734,0.130501,8.309196,20.154705,0.032969,0.068576,0.383126,0.968775,0.483876,0.117756,0,0,1,0,0
0.8,25.0,0.4,0.3,0.3,0.370764,0.23506,0.528884,0.999927,2.350734,0.130229,8.309196,20.154705,0.032969,0.068576,0.383126,0.968775,0.483876,0.117511,0,0,1,0,0
0.8,25.0,0.5,0.4,0.0,0.370764,0.23506,0.528884,0.999927,2.350734,0.130535,8.309196,20.154705,0.132969,0.033573,0.383126,0.968775,0.472208,0.122213,0,0,1,0,0
0.8,25.0,0.5,0.4,0.1,0.370764,0.23506,0.528884,0.999927,2.350734,0.130509,8.309196,20.154705,0.132969,0.033573,0.383126,0.968775,0.472208,0.122189,0,0,1,0,0
0.8,25.0,0.5,0.4,0.3,0.370764,0.23506,0.528884,0.999927,2.350734,0.130305,8.309196,20.154705,0.132969,0.033573,0.383126,0.968775,0.472208,0.121998,0,0,1,0,0
0.8,25.0,0.6,0.5,0.0,0.370764,0.23506,0.528884,0.999927,2.350734,0.130535,8.309196,20.154705,0.232969,0.010936,0.383126,0.968775,0.464663,0.125076,0,0,1,0,0
0.8,25.0,0.6,0.5,0.1,0.370764,0.23506,0.528884,0.999927,2.350734,0.130514,8.309196,20.154705,0.232969,0.010936,0.383126,0.968775,0.464663,0.125056,0,0,1,0,0
0.8,25.0,0.6,0.5,0.3,0.370764,0.23506,0.528884,0.999927,2.350734,0.130351,8.309196,20.154705,0.232969,0.010936,0.383126,0.968775,0.464663,0.1249,0,0,1,0,0
0.8,25.0,0.7,0.6,0.0,0.370764,0.23506,0.528884,0.999927,2.350734,0.130535,8.309196,20.154705,0.332969,0.001745,0.383126,0.968775,0.461599,0.126238,0,0,1,0,0
0.8,25.0,0.7,0.6,0.1,0.370764,0.23506,0.528884,0.999927,2.350734,0.130518,8.309196,20.154705,0.332969,0.001745,0.383126,0.968775,0.461599,0.126222,0,0,1,0,0
0.8,25.0,0.7,0.6,0.3,0.370764,0.23506,0.528884,0.999927,2.350734,0.130382,8.309196,20.154705,0.332969,0.001745,0.383126,0.968775,0.461599,0.12609,0,0,1,0,0
0.8,25.0,0.8,0.7,0.0,0.370764,0.23506,0.528884,0.999927,2.350734,0.130535,8.309196,20.154705,0.432969,0.0,0.383126,0.968775,0.461018,0.126459,0,0,1,0,0
0.8,25.0,0.8,0.7,0.1,0.370764,0.23506,0.528884,0.999927,2.350734,0.13052,8.309196,20.154705,0.432969,0.0,0.383126,0.968775,0.461018,0.126445,0,0,1,0,0
0.8,25.0,0.8,0.7,0.3,0.370764,0.23506,0.528884,0.999927,2.350734,0.130404,8.309196,20.154705,0.432969,0.0,0.383126,0.968775,0.461018,0.126332,0,0,1,0,0
0.8,25.0,0.9,0.8,0.0,0.370764,0.23506,0.528884,0.999927,2.350734,0.130535,8.309196,20.154705,0.532969,0.0,0.383126,0.968775,0.461018,0.126459,0,0,1,0,0
0.8,25.0,0.9,0.8,0.1,0.370764,0.23506,0.528884,0.999927,2.350734,0.130522,8.309196,20.154705,0.532969,0.0,0.383126,0.968775,0.461018,0.126446,0,0,1,0,0
0.8,25.0,0.9,0.8,0.3,0.370764,0.23506,0.528884,0.999927,2.350734,0.13042,8.309196,20.154705,0.532969,0.0,0.383126,0.968775,0.461018,0.126348,0,0,1,0,0
0.8,25.0,1.0,0.9,0.0,0.370764,0.23506,0.528884,0.999927,2.350734,0.130535,8.309196,20.154705,0.632969,0.0,0.383126,0.968775,0.461018,0.126459,0,0,1,0,0
0.8,25.0,1.0,0.9,0.1,0.370764,0.23506,0.528884,0.999927,2.350734,0.130523,8.309196,20.154705,0.632969,0.0,0.383126,0.968775,0.461018,0.126448,0,0,1,0,0
0.8,25.0,1.0,0.9,0.3,0.370764,0.23506,0.528884,0.999927,2.350734,0.130433,8.309196,20.154705,0.632969,0.0,0.383126,0.968775,0.461018,0.12636,0,0,1,0,0
0.8,27.5,0.3,0.2,0.0,0.413906,0.23506,0.528884,0.999927,2.350734,0.130535,9.20513,22.280809,-0.109739,0.171901,0.41356,0.954532,0.528463,0.103181,0,0,0,0,0
0.8,27.5,0.3,0.2,0.1,0.413906,0.23506,0.528884,0.999927,2.350734,0.130484,9.20513,22.280809,-0.109739,0.171901,0.41356,0.954532,0.528463,0.10314,0,0,0,0,0
0.8,27.5,0.3,0.2,0.3,0.413906,0.23506,0.528884,0.999927,2.350734,0.130076,9.20513,22.280809,-0.109739,0.171901,0.41356,0.954532,0.528463,0.102818,0,0,0,0,0
0.8,27.5,0.4,0.3,0.0,0.413906,0.23506,0.528884,0.999927,2.350734,0.130535,9.20513,22.280809,-0.009739,0.094355,0.41356,0.954532,0.502614,0.112843,0,0,0,0,0
0.8,27.5,0.4,0.3,0.1,0.413906,0.23506,0.528884,0.999927,2.350734,0.130501,9.20513,22.280809,-0.009739,0.094355,0.41356,0.954532,0.502614,0.112813,0,0,0,0,0
0.8,27.5,0.4,0.3,0.3,0.413906,0.23506,0.528884,0.999927,2.350734,0.130229,9.20513,22.280809,-0.009739,0.094355,0.41356,0.954532,0.502614,0.112579,0,0,0,0,0
0.8,27.5,0.5,0.4,0.0,0.413906,0.23506,0.528884,0.999927,2.350734,0.130535,9.20513,22.280809,0.090261,0.049907,0.41356,0.954532,0.487798,0.118381,0,0,1,0,0
0.8,27.5,0.5,0.4,0.1,0.413906,0.23506,0.528884,0.999927,2.350734,0.130509,9.20513,22.280809,0.090261,0.049907,0.41356,0.954532,0.487798,0.118358,0,0,1,0,0
0.8,27.5,0.5,0.4,0.3,0.413906,0.23506,0.528884,0.999927,2.350734,0.130305,9.20513,22.280809,0.090261,0.049907,0.41356,0.954532,0.487798,0.118173,0,0,1,0,0
0.8,27.5,0.6,0.5,0.0,0.413906,0.23506,0.528884,0.999927,2.350734,0.130535,9.20513,22.280809,0.190261,0.023269,0.41356,0.954532,0.478919,0.1217,0,0,1,0,0
0.8,27.5,0.6,0.5,0.1,0.413906,0.23506,0.528884,0.999927,2.350734,0.130514,9.20513,22.280809,0.190261,0.023269,0.41356,0.954532,0.478919,0.121681,0,0,1,0,0
0.8,27.5,0.6,0.5,0.3,0.413906,0.23506,0.528884,0.999927,2.350734,0.130351,9.20513,22.280809,0.190261,0.023269,0.41356,0.954532,0.478919,0.121529,0,0,1,0,0
0.8,27.5,0.7,0.6,0.0,0.413906,0.23506,0.528884,0.999927,2.350734,0.130535,9.20513,22.280809,0.290261,0.008071,0.41356,0.954532,0.473853,0.123594,0,0,1,0,0
0.8,27.5,0.7,0.6,0.1,0.413906,0.23506,0.528884,0.999927,2.350734,0.130518,9.20513,22.280809,0.290261,0.008071,0.41356,0.954532,0.473853,0.123578,0,0,1,0,0
0.8,27.5,0.7,0.6,0.3,0.413906,0.23506,0.528884,0.999927,2.350734,0.130382,9.20513,22.280809,0.290261,0.008071,0.41356,0.954532,0.473853,0.123449,0,0,1,0,0
0.8,27.5,0.8,0.7,0.0,0.413906,0.23506,0.528884,0.999927,2.350734,0.130535,9.20513,22.280809,0.390261,0.001167,0.41356,0.954532,0.471551,0.124454,0,0,1,0,0
0.8,27.5,0.8,0.7,0.1,0.413906,0.23506,0.528884,0.999927,2.350734,0.13052,9.20513,22.280809,0.390261,0.001167,0.41356,0.954532,0.471551,0.12444,0,0,1,0,0
0.8,27.5,0.8,0.7,0.3,0.413906,0.23506,0.528884,0.999927,2.350734,0.130404,9.20513,22.280809,0.390261,0.001167,0.41356,0.954532,0.471551,0.124329,0,0,1,0,0
0.8,27.5,0.9,0.8,0.0,0.413906,0.23506,0.528884,0.999927,2.350734,0.130535,9.20513,22.280809,0.490261,0.0,0.41356,0.954532,0.471162,0.124599,0,0,1,0,0
0.8,27.5,0.9,0.8,0.1,0.413906,0.23506,0.528884,0.999927,2.350734,0.130522,9.20513,22.280809,0.490261,0.0,0.41356,0.954532,0.471162,0.124587,0,0,1,0,0
0.8,27.5,0.9,0.8,0.3,0.413906,0.23506,0.528884,0.999927,2.350734,0.13042,9.20513,22.280809,0.490261,0.0,0.41356,0.954532,0.471162,0.12449,0,0,1,0,0
0.8,27.5,1.0,0.9,0.0,0.413906,0.23506,0.528884,0.999927,2.350734,0.130535,9.20513,22.280809,0.590261,0.0,0.41356,0.954532,0.471162,0.124599,0,0,1,0,0
0.8,27.5,1.0,0.9,0.1,0.413906,0.23506,0.528884,0.999927,2.350734,0.130523,9.20513,22.280809,0.590261,0.0,0.41356,0.954532,0.471162,0.124589,0,0,1,0,0
0.8,27.5,1.0,0.9,0.3,0.413906,0.23506,0.528884,0.999927,2.350734,0.130433,9.20513,22.280809,0.590261,0.0,0.41356,0.954532,0.471162,0.124502,0,0,1,0,0
0.8,30.0,0.3,0.2,0.0,0.459055,0.23506,0.528884,0.999927,2.350734,0.130535,10.122921,24.438603,-0.154433,0.201976,0.443587,0.939644,0.548497,0.097883,0,0,0,0,0
0.8,30.0,0.3,0.2,0.1,0.459055,0.23506,0.528884,0.999927,2.350734,0.130484,10.122921,24.438603,-0.154433,0.201976,0.443587,0.939644,0.548497,0.097844,0,0,0,0,0
0.8,30.0,0.3,0.2,0.3,0.459055,0.23506,0.528884,0.999927,2.350734,0.130076,10.122921,24.438603,-0.154433,0.201976,0.443587,0.939644,0.548497,0.097539,0,0,0,0,0
0.8,30.0,0.4,0.3,0.0,0.459055,0.23506,0.528884,0.999927,2.350734,0.130535,10.122921,24.438603,-0.054433,0.121855,0.443587,0.939644,0.52179,0.10771,0,0,0,0,0
0.8,30.0,0.4,0.3,0.1,0.459055,0.23506,0.528884,0.999927,2.350734,0.130501,10.122921,24.438603,-0.054433,0.121855,0.443587,0.939644,0.52179,0.107682,0,0,0,0,0
0.8,30.0,0.4,0.3,0.3,0.459055,0.23506,0.528884,0.999927,2.350734,0.130229,10.122921,24.438603,-0.054433,0.121855,0.443587,0.939644,0.52179,0.107458,0,0,0,0,0
0.8,30.0,0.5,0.4,0.0,0.459055,0.23506,0.528884,0.999927,2.350734,0.130535,10.122921,24.438603,0.045567,0.066439,0.443587,0.939644,0.503318,0.114507,0,0,1,0,0
0.8,30.0,0.5,0.4,0.1,0.459055,0.23506,0.528884,0.999927,2.350734,0.130509,10.122921,24.438603,0.045567,0.066439,0.443587,0.939644,0.503318,0.114485,0,0,1,0,0
0.8,30.0,0.5,0.4,0.3,0.459055,0.23506,0.528884,0.999927,2.350734,0.130305,10.122921,24.438603,0.045567,0.066439,0.443587,0.939644,0.503318,0.114306,0,0,1,0,0
0.8,30.0,0.6,0.5,0.0,0.459055,0.23506,0.528884,0.999927,2.350734,0.130535,10.122921,24.438603,0.145567,0.038399,0.443587,0.939644,0.493971,0.117946,0,0,1,0,0
0.8,30.0,0.6,0.5,0.1,0.459055,0.23506,0.528884,0.999927,2.350734,0.130514,10.122921,24.438603,0.145567,0.038399,0.443587,0.939644,0.493971,0.117928,0,0,1,0,0
0.8,30.0,0.6,0.5,0.3,0.459055,0.23506,0.528884,0.999927,2.350734,0.130351,10.122921,24.438603,0.145567,0.038399,0.443587,0.939644,0.493971,0.117781,0,0,1,0,0
0.8,30.0,0.7,0.6,0.0,0.459055,0.23506,0.528884,0.999927,2.350734,0.130535,10.122921,24.438603,0.245567,0.017438,0.443587,0.939644,0.486984,0.120517,0,0,1,0,0
0.8,30.0,0.7,0.6,0.1,0.459055,0.23506,0.528884,0.999927,2.350734,0.130518,10.122921,24.438603,0.245567,0.017438,0.443587,0.939644,0.486984,0.120502,0,0,1,0,0
0.8,30.0,0.7,0.6,0.3,0.459055,0.23506,0.528884,0.999927,2.350734,0.130382,10.122921,24.438603,0.245567,0.017438,0.443587,0.939644,0.486984,0.120376,0,0,1,0,0
0.8,30.0,0.8,0.7,0.0,0.459055,0.23506,0.528884,0.999927,2.350734,0.130535,10.122921,24.438603,0.345567,0.006076,0.443587,0.939644,0.483196,0.121911,0,0,1,0,0
0.8,30.0,0.8,0.7,0.1,0.459055,0.23506,0.528884,0.999927,2.350734,0.13052,10.122921,24.438603,0.345567,0.006076,0.443587,0.939644,0.483196,0.121897,0,0,1,0,0
0.8,30.0,0.8,0.7,0.3,0.459055,0.23506,0.528884,0.999927,2.350734,0.130404,10.122921,24.438603,0.345567,0.006076,0.443587,0.939644,0.483196,0.121789,0,0,1,0,0
0.8,30.0,0.9,0.8,0.0,0.459055,0.23506,0.528884,0.999927,2.350734,0.130535,10.122921,24.438603,0.445567,0.000808,0.443587,0.939644,0.481441,0.122557,0,0,1,0,0
0.8,30.0,0.9,0.8,0.1,0.459055,0.23506,0.528884,0.999927,2.350734,0.130522,10.122921,24.438603,0.445567,0.000808,0.443587,0.939644,0.481441,0.122545,0,0,1,0,0
0.8,30.0,0.9,0.8,0.3,0.459055,0.23506,0.528884,0.999927,2.350734,0.13042,10.122921,24.438603,0.445567,0.000808,0.443587,0.939644,0.481441,0.122449,0,0,1,0,0
0.8,30.0,1.0,0.9,0.0,0.459055,0.23506,0.528884,0.999927,2.350734,0.130535,10.122921,24.438603,0.545567,0.0,0.443587,0.939644,0.481171,0.122656,0,0,1,0,0
0.8,30.0,1.0,0.9,0.1,0.459055,0.23506,0.528884,0.999927,2.350734,0.130523,10.122921,24.438603,0.545567,0.0,0.443587,0.939644,0.481171,0.122645,0,0,1,0,0
0.8,30.0,1.0,0.9,0.3,0.459055,0.23506,0.528884,0.999927,2.350734,0.130433,10.122921,24.438603,0.545567,0.0,0.443587,0.939644,0.481171,0.12256,0,0,1,0,0
0.8,32.5,0.3,0.2,0.0,0.506538,0.23506,0.528884,0.999927,2.350734,0.130535,11.066099,26.630945,-0.201438,0.232064,0.473424,0.924539,0.568471,0.092678,0,0,0,0,0
0.8,32.5,0.3,0.2,0.1,0.506538,0.23506,0.528884,0.999927,2.350734,0.130484,11.066099,26.630945,-0.201438,0.232064,0.473424,0.924539,0.568471,0.092642,0,0,0,0,0
0.8,32.5,0.3,0.2,0.3,0.506538,0.23506,0.528884,0.999927,2.350734,0.130076,11.066099,26.630945,-0.201438,0.232064,0.473424,0.924539,0.568471,0.092352,0,0,0,0,0
0.8,32.5,0.4,0.3,0.0,0.506538,0.23506,0.528884,0.999927,2.350734,0.130535,11.066099,26.630945,-0.101438,0.14849,0.473424,0.924539,0.540613,0.102764,0,0,0,0,0
0.8,32.5,0.4,0.3,0.1,0.506538,0.23506,0.528884,0.999927,2.350734,0.130501,11.066099,26.630945,-0.101438,0.14849,0.473424,0.924539,0.540613,0.102737,0,0,0,0,0
0.8,32.5,0.4,0.3,0.3,0.506538,0.23506,0.528884,0.999927,2.350734,0.130229,11.066099,26.630945,-0.101438,0.14849,0.473424,0.924539,0.540613,0.102523,0,0,0,0,0
0.8,32.5,0.5,0.4,0.0,0.506538,0.23506,0.528884,0.999927,2.350734,0.130535,11.066099,26.630945,-0.001438,0.089013,0.473424,0.924539,0.520788,0.109942,0,0,0,0,0
0.8,32.5,0.5,0.4,0.1,0.506538,0.23506,0.528884,0.999927,2.350734,0.130509,11.066099,26.630945,-0.001438,0.089013,0.473424,0.924539,0.520788,0.10992,0,0,0,0,0
0.8,32.5,0.5,0.4,0.3,0.506538,0.23506,0.528884,0.999927,2.350734,0.130305,11.066099,26.630945,-0.001438,0.089013,0.473424,0.924539,0.520788,0.109749,0,0,0,0,0
0.8,32.5,0.6,0.5,0.0,0.506538,0.23506,0.528884,0.999927,2.350734,0.130535,11.066099,26.630945,0.098562,0.05287,0.473424,0.924539,0.50874,0.114304,0,0,1,0,0
0.8,32.5,0.6,0.5,0.1,0.506538,0.23506,0.528884,0.999927,2.350734,0.130514,11.066099,26.630945,0.098562,0.05287,0.473424,0.924539,0.50874,0.114286,0,0,1,0,0
0.8,32.5,0.6,0.5,0.3,0.506538,0.23506,0.528884,0.999927,2.350734,0.130351,11.066099,26.630945,0.098562,0.05287,0.473424,0.924539,0.50874,0.114143,0,0,1,0,0
0.8,32.5,0.7,0.6,0.0,0.506538,0.23506,0.528884,0.999927,2.350734,0.130535,11.066099,26.630945,0.198562,0.029818,0.473424,0.924539,0.501056,0.117086,0,0,1,0,0
0.8,32.5,0.7,0.6,0.1,0.506538,0.23506,0.528884,0.999927,2.350734,0.130518,11.066099,26.630945,0.198562,0.029818,0.473424,0.924539,0.501056,0.117071,0,0,1,0,0
0.8,32.5,0.7,0.6,0.3,0.506538,0.23506,0.528884,0.999927,2.350734,0.130382,11.066099,26.630945,0.198562,0.029818,0.473424,0.924539,0.501056,0.116949,0,0,1,0,0
0.8,32.5,0.8,0.7,0.0,0.506538,0.23506,0.528884,0.999927,2.350734,0.130535,11.066099,26.630945,0.298562,0.013218,0.473424,0.924539,0.495523,0.119089,0,0,1,0,0
0.8,32.5,0.8,0.7,0.1,0.506538,0.23506,0.528884,0.999927,2.350734,0.13052,11.066099,26.630945,0.298562,0.013218,0.473424,0.924539,0.495523,0.119076,0,0,1,0,0
0.8,32.5,0.8,0.7,0.3,0.506538,0.23506,0.528884,0.999927,2.350734,0.130404,11.066099,26.630945,0.298562,0.013218,0.473424,0.924539,0.495523,0.11897,0,0,1,0,0
0.8,32.5,0.9,0.8,0.0,0.506538,0.23506,0.528884,0.999927,2.350734,0.130535,11.066099,26.630945,0.398562,0.004757,0.473424,0.924539,0.492702,0.12011,0,0,1,0,0
0.8,32.5,0.9,0.8,0.1,0.506538,0.23506,0.528884,0.999927,2.350734,0.130522,11.066099,26.630945,0.398562,0.004757,0.473424,0.924539,0.492702,0.120099,0,0,1,0,0
0.8,32.5,0.9,0.8,0.3,0.506538,0.23506,0.528884,0.999927,2.350734,0.13042,11.066099,26.630945,0.398562,0.004757,0.473424,0.924539,0.492702,0.120005,0,0,1,0,0
0.8,32.5,1.0,0.9,0.0,0.506538,0.23506,0.528884,0.999927,2.350734,0.130535,11.066099,26.630945,0.498562,0.000632,0.473424,0.924539,0.491328,0.120608,0,0,1,0,0
0.8,32.5,1.0,0.9,0.1,0.506538,0.23506,0.528884,0.999927,2.350734,0.130523,11.066099,26.630945,0.498562,0.000632,0.473424,0.924539,0.491328,0.120598,0,0,1,0,0
0.8,32.5,1.0,0.9,0.3,0.506538,0.23506,0.528884,0.999927,2.350734,0.130433,11.066099,26.630945,0.498562,0.000632,0.473424,0.924539,0.491328,0.120514,0,0,1,0,0
0.8,35.0,0.3,0.2,0.0,0.556739,0.23506,0.528884,0.999927,2.350734,0.130535,12.038659,28.860644,-0.251134,0.262501,0.502452,0.908434,0.588293,0.087454,0,0,0,0,0
0.8,35.0,0.3,0.2,0.1,0.556739,0.23506,0.528884,0.999927,2.350734,0.130484,12.038659,28.860644,-0.251134,0.262501,0.502452,0.908434,0.588293,0.08742,0,0,0,0,0
0.8,35.0,0.3,0.2,0.3,0.556739,0.23506,0.528884,0.999927,2.350734,0.130076,12.038659,28.860644,-0.251134,0.262501,0.502452,0.908434,0.588293,0.087147,0,0,0,0,0
0.8,35.0,0.4,0.3,0.0,0.556739,0.23506,0.528884,0.999927,2.350734,0.130535,12.038659,28.860644,-0.151134,0.174398,0.502452,0.908434,0.558926,0.097902,0,0,0,0,0
0.8,35.0,0.4,0.3,0.1,0.556739,0.23506,0.528884,0.999927,2.350734,0.130501,12.038659,28.860644,-0.151134,0.174398,0.502452,0.908434,0.558926,0.097876,0,0,0,0,0
0.8,35.0,0.4,0.3,0.3,0.556739,0.23506,0.528884,0.999927,2.350734,0.130229,12.038659,28.860644,-0.151134,0.174398,0.502452,0.908434,0.558926,0.097672,0,0,0,0,0
0.8,35.0,0.5,0.4,0.0,0.556739,0.23506,0.528884,0.999927,2.350734,0.130535,12.038659,28.860644,-0.051134,0.113917,0.502452,0.908434,0.538765,0.105074,0,0,0,0,0
0.8,35.0,0.5,0.4,0.1,0.556739,0.23506,0.528884,0.999927,2.350734,0.130509,12.038659,28.860644,-0.051134,0.113917,0.502452,0.908434,0.538765,0.105053,0,0,0,0,0
0.8,35.0,0.5,0.4,0.3,0.556739,0.23506,0.528884,0.999927,2.350734,0.130305,12.038659,28.860644,-0.051134,0.113917,0.502452,0.908434,0.538765,0.104889,0,0,0,0,0
0.8,35.0,0.6,0.5,0.0,0.556739,0.23506,0.528884,0.999927,2.350734,0.130535,12.038659,28.860644,0.048866,0.068813,0.502452,0.908434,0.523731,0.110422,0,0,1,0,0
0.8,35.0,0.6,0.5,0.1,0.556739,0.23506,0.528884,0.999927,2.350734,0.130514,12.038659,28.860644,0.048866,0.068813,0.502452,0.908434,0.523731,0.110405,0,0,1,0,0
0.8,35.0,0.6,0.5,0.3,0.556739,0.23506,0.528884,0.999927,2.350734,0.130351,12.038659,28.860644,0.048866,0.068813,0.502452,0.908434,0.523731,0.110267,0,0,1,0,0
0.8,35.0,0.7,0.6,0.0,0.556739,0.23506,0.528884,0.999927,2.350734,0.130535,12.038659,28.860644,0.148866,0.044176,0.502452,0.908434,0.515518,0.113344,0,0,1,0,0
0.8,35.0,0.7,0.6,0.1,0.556739,0.23506,0.528884,0.999927,2.350734,0.130518,12.038659,28.860644,0.148866,0.044176,0.502452,0.908434,0.515518,0.113329,0,0,1,0,0
0.8,35.0,0.7,0.6,0.3,0.556739,0.23506,0.528884,0.999927,2.350734,0.130382,12.038659,28.860644,0.148866,0.044176,0.502452,0.908434,0.515518,0.113211,0,0,1,0,0
0.8,35.0,0.8,0.7,0.0,0.556739,0.23506,0.528884,0.999927,2.350734,0.130535,12.038659,28.860644,0.248866,0.024297,0.502452,0.908434,0.508892,0.115701,0,0,1,0,0
0.8,35.0,0.8,0.7,0.1,0.556739,0.23506,0.528884,0.999927,2.350734,0.13052,12.038659,28.860644,0.248866,0.024297,0.502452,0.908434,0.508892,0.115688,0,0,1,0,0
0.8,35.0,0.8,0.7,0.3,0.556739,0.23506,0.528884,0.999927,2.350734,0.130404,12.038659,28.860644,0.248866,0.024297,0.502452,0.908434,0.508892,0.115585,0,0,1,0,0
0.8,35.0,0.9,0.8,0.0,0.556739,0.23506,0.528884,0.999927,2.350734,0.130535,12.038659,28.860644,0.348866,0.011025,0.502452,0.908434,0.504468,0.117275,0,0,1,0,0
0.8,35.0,0.9,0.8,0.1,0.556739,0.23506,0.528884,0.999927,2.350734,0.130522,12.038659,28.860644,0.348866,0.011025,0.502452,0.908434,0.504468,0.117263,0,0,1,0,0
0.8,35.0,0.9,0.8,0.3,0.556739,0.23506,0.528884,0.999927,2.350734,0.13042,12.038659,28.860644,0.348866,0.011025,0.502452,0.908434,0.504468,0.117172,0,0,1,0,0
0.8,35.0,1.0,0.9,0.0,0.556739,0.23506,0.528884,0.999927,2.350734,0.130535,12.038659,28.860644,0.448866,0.004005,0.502452,0.908434,0.502128,0.118107,0,0,1,0,0
0.8,35.0,1.0,0.9,0.1,0.556739,0.23506,0.528884,0.999927,2.350734,0.130523,12.038659,28.860644,0.448866,0.004005,0.502452,0.908434,0.502128,0.118097,0,0,1,0,0
0.8,35.0,1.0,0.9,0.3,0.556739,0.23506,0.528884,0.999927,2.350734,0.130433,12.038659,28.860644,0.448866,0.004005,0.502452,0.908434,0.502128,0.118015,0,0,1,0,0
0.85,5.0,0.3,0.2,0.0,0.069563,0.249751,0.561939,0.99996,2.212455,0.122878,1.613854,3.939305,0.231138,0.0,0.080477,1.0,0.360146,0.122878,1,0,1,0,0
0.85,5.0,0.3,0.2,0.1,0.069563,0.249751,0.561939,0.99996,2.212455,0.122827,1.613854,3.939305,0.231138,0.0,0.080477,1.0,0.360146,0.122827,1,0,1,0,0
0.85,5.0,0.3,0.2,0.3,0.069563,0.249751,0.561939,0.99996,2.212455,0.12242,1.613854,3.939305,0.231138,0.0,0.080477,1.0,0.360146,0.12242,1,0,1,0,0
0.85,5.0,0.4,0.3,0.0,0.069563,0.249751,0.561939,0.99996,2.212455,0.122878,1.613854,3.939305,0.331138,0.0,0.080477,1.0,0.360146,0.122878,1,0,1,0,0
0.85,5.0,0.4,0.3,0.1,0.069563,0.249751,0.561939,0.99996,2.212455,0.122844,1.613854,3.939305,0.331138,0.0,0.080477,1.0,0.360146,0.122844,1,0,1,0,0
0.85,5.0,0.4,0.3,0.3,0.069563,0.249751,0.561939,0.99996,2.212455,0.122572,1.613854,3.939305,0.331138,0.0,0.080477,1.0,0.360146,0.122572,1,0,1,0,0
0.85,5.0,0.5,0.4,0.0,0.069563,0.249751,0.561939,0.99996,2.212455,0.122878,1.613854,3.939305,0.431138,0.0,0.080477,1.0,0.360146,0.122878,1,0,1,0,0
0.85,5.0,0.5,0.4,0.1,0.069563,0.249751,0.561939,0.99996,2.212455,0.122853,1.613854,3.939305,0.431138,0.0,0.080477,1.0,0.360146,0.122853,1,0,1,0,0
0.85,5.0,0.5,0.4,0.3,0.069563,0.249751,0.561939,0.99996,2.212455,0.122649,1.613854,3.939305,0.431138,0.0,0.080477,1.0,0.360146,0.122649,1,0,1,0,0
0.85,5.0,0.6,0.5,0.0,0.069563,0.249751,0.561939,0.99996,2.212455,0.122878,1.613854,3.939305,0.531138,0.0,0.080477,1.0,0.360146,0.122878,1,0,1,0,0
0.85,5.0,0.6,0.5,0.1,0.069563,0.249751,0.561939,0.99996,2.212455,0.122858,1.613854,3.939305,0.531138,0.0,0.080477,1.0,0.360146,0.122858,1,0,1,0,0
0.85,5.0,0.6,0.5,0.3,0.069563,0.249751,0.561939,0.99996,2.212455,0.122695,1.613854,3.939305,0.531138,0.0,0.080477,1.0,0.360146,0.122695,1,0,1,0,0
0.85,5.0,0.7,0.6,0.0,0.069563,0.249751,0.561939,0.99996,2.212455,0.122878,1.613854,3.939305,0.631138,0.0,0.080477,1.0,0.360146,0.122878,1,0,1,0,0
0.85,5.0,0.7,0.6,0.1,0.069563,0.249751,0.561939,0.99996,2.212455,0.122861,1.613854,3.939305,0.631138,0.0,0.080477,1.0,0.360146,0.122861,1,0,1,0,0
0.85,5.0,0.7,0.6,0.3,0.069563,0.249751,0.561939,0.99996,2.212455,0.122725,1.613854,3.939305,0.631138,0.0,0.080477,1.0,0.360146,0.122725,1,0,1,0,0
0.85,5.0,0.8,0.7,0.0,0.069563,0.249751,0.561939,0.99996,2.212455,0.122878,1.613854,3.939305,0.731138,0.0,0.080477,1.0,0.360146,0.122878,1,0,1,0,0
0.85,5.0,0.8,0.7,0.1,0.069563,0.249751,0.561939,0.99996,2.212455,0.122864,1.613854,3.939305,0.731138,0.0,0.080477,1.0,0.360146,0.122864,1,0,1,0,0
0.85,5.0,0.8,0.7,0.3,0.069563,0.249751,0.561939,0.99996,2.212455,0.122747,1.613854,3.939305,0.731138,0.0,0.080477,1.0,0.360146,0.122747,1,0,1,0,0
0.85,5.0,0.9,0.8,0.0,0.069563,0.249751,0.561939,0.99996,2.212455,0.122878,1.613854,3.939305,0.831138,0.0,0.080477,1.0,0.360146,0.122878,1,0,1,0,0
0.85,5.0,0.9,0.8,0.1,0.069563,0.249751,0.561939,0.99996,2.212455,0.122865,1.613854,3.939305,0.831138,0.0,0.080477,1.0,0.360146,0.122865,1,0,1,0,0
0.85,5.0,0.9,0.8,0.3,0.069563,0.249751,0.561939,0.99996,2.212455,0.122764,1.613854,3.939305,0.831138,0.0,0.080477,1.0,0.360146,0.122764,1,0,1,0,0
0.85,5.0,1.0,0.9,0.0,0.069563,0.249751,0.561939,0.99996,2.212455,0.122878,1.613854,3.939305,0.931138,0.0,0.080477,1.0,0.360146,0.122878,1,0,1,0,0
0.85,5.0,1.0,0.9,0.1,0.069563,0.249751,0.561939,0.99996,2.212455,0.122867,1.613854,3.939305,0.931138,0.0,0.080477,1.0,0.360146,0.122867,1,0,1,0,0
0.85,5.0,1.0,0.9,0.3,0.069563,0.249751,0.561939,0.99996,2.212455,0.122776,1.613854,3.939305,0.931138,0.0,0.080477,1.0,0.360146,0.122776,1,0,1,0,0
0.85,7.5,0.3,0.2,0.0,0.104678,0.249751,0.561939,0.99996,2.212455,0.122878,2.424156,5.916089,0.196376,0.0,0.120884,1.0,0.373615,0.122878,1,0,1,0,0
0.85,7.5,0.3,0.2,0.1,0.104678,0.249751,0.561939,0.99996,2.212455,0.122827,2.424156,5.916089,0.196376,0.0,0.120884,1.0,0.373615,0.122827,1,0,1,0,0
0.85,7.5,0.3,0.2,0.3,0.104678,0.249751,0.561939,0.99996,2.212455,0.12242,2.424156,5.916089,0.196376,0.0,0.120884,1.0,0.373615,0.12242,1,0,1,0,0
0.85,7.5,0.4,0.3,0.0,0.104678,0.249751,0.561939,0.99996,2.212455,0.122878,2.424156,5.916089,0.296376,0.0,0.120884,1.0,0.373615,0.122878,1,0,1,0,0
0.85,7.5,0.4,0.3,0.1,0.104678,0.249751,0.561939,0.99996,2.212455,0.122844,2.424156,5.916089,0.296376,0.0,0.120884,1.0,0.373615,0.122844,1,0,1,0,0
0.85,7.5,0.4,0.3,0.3,0.104678,0.249751,0.561939,0.99996,2.212455,0.122572,2.424156,5.916089,0.296376,0.0,0.120884,1.0,0.373615,0.122572,1,0,1,0,0
0.85,7.5,0.5,0.4,0.0,0.104678,0.249751,0.561939,0.99996,2.212455,0.122878,2.424156,5.916089,0.396376,0.0,0.120884,1.0,0.373615,0.122878,1,0,1,0,0
0.85,7.5,0.5,0.4,0.1,0.104678,0.249751,0.561939,0.99996,2.212455,0.122853,2.424156,5.916089,0.396376,0.0,0.120884,1.0,0.373615,0.122853,1,0,1,0,0
0.85,7.5,0.5,0.4,0.3,0.104678,0.249751,0.561939,0.99996,2.212455,0.122649,2.424156,5.916089,0.396376,0.0,0.120884,1.0,0.373615,0.122649,1,0,1,0,0
0.85,7.5,0.6,0.5,0.0,0.104678,0.249751,0.561939,0.99996,2.212455,0.122878,2.424156,5.916089,0.496376,0.0,0.120884,1.0,0.373615,0.122878,1,0,1,0,0
0.85,7.5,0.6,0.5,0.1,0.104678,0.249751,0.561939,0.99996,2.212455,0.122858,2.424156,5.916089,0.496376,0.0,0.120884,1.0,0.373615,0.122858,1,0,1,0,0
0.85,7.5,0.6,0.5,0.3,0.104678,0.249751,0.561939,0.99996,2.212455,0.122695,2.424156,5.916089,0.496376,0.0,0.120884,1.0,0.373615,0.122695,1,0,1,0,0
0.85,7.5,0.7,0.6,0.0,0.104678,0.249751,0.561939,0.99996,2.212455,0.122878,2.424156,5.916089,0.596376,0.0,0.120884,1.0,0.373615,0.122878,1,0,1,0,0
0.85,7.5,0.7,0.6,0.1,0.104678,0.249751,0.561939,0.99996,2.212455,0.122861,2.424156,5.916089,0.596376,0.0,0.120884,1.0,0.373615,0.122861,1,0,1,0,0
0.85,7.5,0.7,0.6,0.3,0.104678,0.249751,0.561939,0.99996,2.212455,0.122725,2.424156,5.916089,0.596376,0.0,0.120884,1.0,0.373615,0.122725,1,0,1,0,0
0.85,7.5,0.8,0.7,0.0,0.104678,0.249751,0.561939,0.99996,2.212455,0.122878,2.424156,5.916089,0.696376,0.0,0.120884,1.0,0.373615,0.122878,1,0,1,0,0
0.85,7.5,0.8,0.7,0.1,0.104678,0.249751,0.561939,0.99996,2.212455,0.122864,2.424156,5.916089,0.696376,0.0,0.120884,1.0,0.373615,0.122864,1,0,1,0,0
0.85,7.5,0.8,0.7,0.3,0.104678,0.249751,0.561939,0.99996,2.212455,0.122747,2.424156,5.916089,0.696376,0.0,0.120884,1.0,0.373615,0.122747,1,0,1,0,0
0.85,7.5,0.9,0.8,0.0,0.104678,0.249751,0.561939,0.99996,2.212455,0.122878,2.424156,5.916089,0.796376,0.0,0.120884,1.0,0.373615,0.122878,1,0,1,0,0
0.85,7.5,0.9,0.8,0.1,0.104678,0.249751,0.561939,0.99996,2.212455,0.122865,2.424156,5.916089,0.796376,0.0,0.120884,1.0,0.373615,0.122865,1,0,1,0,0
0.85,7.5,0.9,0.8,0.3,0.104678,0.249751,0.561939,0.99996,2.212455,0.122764,2.424156,5.916089,0.796376,0.0,0.120884,1.0,0.373615,0.122764,1,0,1,0,0
0.85,7.5,1.0,0.9,0.0,0.104678,0.249751,0.561939,0.99996,2.212455,0.122878,2.424156,5.916089,0.896376,0.0,0.120884,1.0,0.373615,0.122878,1,0,1,0,0
0.85,7.5,1.0,0.9,0.1,0.104678,0.249751,0.561939,0.99996,2.212455,0.122867,2.424156,5.916089,0.896376,0.0,0.120884,1.0,0.373615,0.122867,1,0,1,0,0
0.85,7.5,1.0,0.9,0.3,0.104678,0.249751,0.561939,0.99996,2.212455,0.122776,2.424156,5.916089,0.896376,0.0,0.120884,1.0,0.373615,0.122776,1,0,1,0,0
0.85,10.0,0.3,0.2,0.0,0.140199,0.249751,0.561939,0.99996,2.212455,0.122878,3.238603,7.90144,0.161213,0.0,0.161498,1.0,0.387152,0.122878,1,0,1,0,0
0.85,10.0,0.3,0.2,0.1,0.140199,0.249751,0.561939,0.99996,2.212455,0.122827,3.238603,7.90144,0.161213,0.0,0.161498,1.0,0.387152,0.122827,1,0,1,0,0
0.85,10.0,0.3,0.2,0.3,0.140199,0.249751,0.561939,0.99996,2.212455,0.12242,3.238603,7.90144,0.161213,0.0,0.161498,1.0,0.387152,0.12242,1,0,1,0,0
0.85,10.0,0.4,0.3,0.0,0.140199,0.249751,0.561939,0.99996,2.212455,0.122878,3.238603,7.90144,0.261213,0.0,0.161498,1.0,0.387152,0.122878,1,0,1,0,0
0.85,10.0,0.4,0.3,0.1,0.140199,0.249751,0.561939,0.99996,2.212455,0.122844,3.238603,7.90144,0.261213,0.0,0.161498,1.0,0.387152,0.122844,1,0,1,0,0
0.85,10.0,0.4,0.3,0.3,0.140199,0.249751,0.561939,0.99996,2.212455,0.122572,3.238603,7.90144,0.261213,0.0,0.161498,1.0,0.387152,0.122572,1,0,1,0,0
0.85,10.0,0.5,0.4,0.0,0.140199,0.249751,0.561939,0.99996,2.212455,0.122878,3.238603,7.90144,0.361213,0.0,0.161498,1.0,0.387152,0.122878,1,0,1,0,0
0.85,10.0,0.5,0.4,0.1,0.140199,0.249751,0.561939,0.99996,2.212455,0.122853,3.238603,7.90144,0.361213,0.0,0.161498,1.0,0.387152,0.122853,1,0,1,0,0
0.85,10.0,0.5,0.4,0.3,0.140199,0.249751,0.561939,0.99996,2.212455,0.122649,3.238603,7.90144,0.361213,0.0,0.161498,1.0,0.387152,0.122649,1,0,1,0,0
0.85,10.0,0.6,0.5,0.0,0.140199,0.249751,0.561939,0.99996,2.212455,0.122878,3.238603,7.90144,0.461213,0.0,0.161498,1.0,0.387152,0.122878,1,0,1,0,0
0.85,10.0,0.6,0.5,0.1,0.140199,0.249751,0.561939,0.99996,2.212455,0.122858,3.238603,7.90144,0.461213,0.0,0.161498,1.0,0.387152,0.122858,1,0,1,0,0
0.85,10.0,0.6,0.5,0.3,0.140199,0.249751,0.561939,0.99996,2.212455,0.122695,3.238603,7.90144,0.461213,0.0,0.161498,1.0,0.387152,0.122695,1,0,1,0,0
0.85,10.0,0.7,0.6,0.0,0.140199,0.249751,0.561939,0.99996,2.212455,0.122878,3.238603,7.90144,0.561213,0.0,0.161498,1.0,0.387152,0.122878,1,0,1,0,0
0.85,10.0,0.7,0.6,0.1,0.140199,0.249751,0.561939,0.99996,2.212455,0.122861,3.238603,7.90144,0.561213,0.0,0.161498,1.0,0.387152,0.122861,1,0,1,0,0
0.85,10.0,0.7,0.6,0.3,0.140199,0.249751,0.561939,0.99996,2.212455,0.122725,3.238603,7.90144,0.561213,0.0,0.161498,1.0,0.387152,0.122725,1,0,1,0,0
0.85,10.0,0.8,0.7,0.0,0.140199,0.249751,0.561939,0.99996,2.212455,0.122878,3.238603,7.90144,0.661213,0.0,0.161498,1.0,0.387152,0.122878,1,0,1,0,0
0.85,10.0,0.8,0.7,0.1,0.140199,0.249751,0.561939,0.99996,2.212455,0.122864,3.238603,7.90144,0.661213,0.0,0.161498,1.0,0.387152,0.122864,1,0,1,0,0
0.85,10.0,0.8,0.7,0.3,0.140199,0.249751,0.561939,0.99996,2.212455,0.122747,3.238603,7.90144,0.661213,0.0,0.161498,1.0,0.387152,0.122747,1,0,1,0,0
0.85,10.0,0.9,0.8,0.0,0.140199,0.249751,0.561939,0.99996,2.212455,0.122878,3.238603,7.90144,0.761213,0.0,0.161498,1.0,0.387152,0.122878,1,0,1,0,0
0.85,10.0,0.9,0.8,0.1,0.140199,0.249751,0.561939,0.99996,2.212455,0.122865,3.238603,7.90144,0.761213,0.0,0.161498,1.0,0.387152,0.122865,1,0,1,0,0
0.85,10.0,0.9,0.8,0.3,0.140199,0.249751,0.561939,0.99996,2.212455,0.122764,3.238603,7.90144,0.761213,0.0,0.161498,1.0,0.387152,0.122764,1,0,1,0,0
0.85,10.0,1.0,0.9,0.0,0.140199,0.249751,0.561939,0.99996,2.212455,0.122878,3.238603,7.90144,0.861213,0.0,0.161498,1.0,0.387152,0.122878,1,0,1,0,0
0.85,10.0,1.0,0.9,0.1,0.140199,0.249751,0.561939,0.99996,2.212455,0.122867,3.238603,7.90144,0.861213,0.0,0.161498,1.0,0.387152,0.122867,1,0,1,0,0
0.85,10.0,1.0,0.9,0.3,0.140199,0.249751,0.561939,0.99996,2.212455,0.122776,3.238603,7.90144,0.861213,0.0,0.161498,1.0,0.387152,0.122776,1,0,1,0,0
0.85,12.5,0.3,0.2,0.0,0.176271,0.249751,0.561939,0.99996,2.212455,0.122878,4.058731,9.898225,0.125504,0.007655,0.202395,1.0,0.403337,0.121937,1,0,1,0,0
0.85,12.5,0.3,0.2,0.1,0.176271,0.249751,0.561939,0.99996,2.212455,0.122827,4.058731,9.898225,0.125504,0.007655,0.202395,1.0,0.403337,0.121887,1,0,1,0,0
0.85,12.5,0.3,0.2,0.3,0.176271,0.249751,0.561939,0.99996,2.212455,0.12242,4.058731,9.898225,0.125504,0.007655,0.202395,1.0,0.403337,0.121482,1,0,1,0,0
0.85,12.5,0.4,0.3,0.0,0.176271,0.249751,0.561939,0.99996,2.212455,0.122878,4.058731,9.898225,0.225504,0.0,0.202395,1.0,0.400785,0.122878,1,0,1,0,0
0.85,12.5,0.4,0.3,0.1,0.176271,0.249751,0.561939,0.99996,2.212455,0.122844,4.058731,9.898225,0.225504,0.0,0.202395,1.0,0.400785,0.122844,1,0,1,0,0
0.85,12.5,0.4,0.3,0.3,0.176271,0.249751,0.561939,0.99996,2.212455,0.122572,4.058731,9.898225,0.225504,0.0,0.202395,1.0,0.400785,0.122572,1,0,1,0,0
0.85,12.5,0.5,0.4,0.0,0.176271,0.249751,0.561939,0.99996,2.212455,0.122878,4.058731,9.898225,0.325504,0.0,0.202395,1.0,0.400785,0.122878,1,0,1,0,0
0.85,12.5,0.5,0.4,0.1,0.176271,0.249751,0.561939,0.99996,2.212455,0.122853,4.058731,9.898225,0.325504,0.0,0.202395,1.0,0.400785,0.122853,1,0,1,0,0
0.85,12.5,0.5,0.4,0.3,0.176271,0.249751,0.561939,0.99996,2.212455,0.122649,4.058731,9.898225,0.325504,0.0,0.202395,1.0,0.400785,0.122649,1,0,1,0,0
0.85,12.5,0.6,0.5,0.0,0.176271,0.249751,0.561939,0.99996,2.212455,0.122878,4.058731,9.898225,0.425504,0.0,0.202395,1.0,0.400785,0.122878,1,0,1,0,0
0.85,12.5,0.6,0.5,0.1,0.176271,0.249751,0.561939,0.99996,2.212455,0.122858,4.058731,9.898225,0.425504,0.0,0.202395,1.0,0.400785,0.122858,1,0,1,0,0
0.85,12.5,0.6,0.5,0.3,0.176271,0.249751,0.561939,0.99996,2.212455,0.122695,4.058731,9.898225,0.425504,0.0,0.202395,1.0,0.400785,0.122695,1,0,1,0,0
0.85,12.5,0.7,0.6,0.0,0.176271,0.249751,0.561939,0.99996,2.212455,0.122878,4.058731,9.898225,0.525504,0.0,0.202395,1.0,0.400785,0.122878,1,0,1,0,0
0.85,12.5,0.7,0.6,0.1,0.176271,0.249751,0.561939,0.99996,2.212455,0.122861,4.058731,9.898225,0.525504,0.0,0.202395,1.0,0.400785,0.122861,1,0,1,0,0
0.85,12.5,0.7,0.6,0.3,0.176271,0.249751,0.561939,0.99996,2.212455,0.122725,4.058731,9.898225,0.525504,0.0,0.202395,1.0,0.400785,0.122725,1,0,1,0,0
0.85,12.5,0.8,0.7,0.0,0.176271,0.249751,0.561939,0.99996,2.212455,0.122878,4.058731,9.898225,0.625504,0.0,0.202395,1.0,0.400785,0.122878,1,0,1,0,0
0.85,12.5,0.8,0.7,0.1,0.176271,0.249751,0.561939,0.99996,2.212455,0.122864,4.058731,9.898225,0.625504,0.0,0.202395,1.0,0.400785,0.122864,1,0,1,0,0
0.85,12.5,0.8,0.7,0.3,0.176271,0.249751,0.561939,0.99996,2.212455,0.122747,4.058731,9.898225,0.625504,0.0,0.202395,1.0,0.400785,0.122747,1,0,1,0,0
0.85,12.5,0.9,0.8,0.0,0.176271,0.249751,0.561939,0.99996,2.212455,0.122878,4.058731,9.898225,0.725504,0.0,0.202395,1.0,0.400785,0.122878,1,0,1,0,0
0.85,12.5,0.9,0.8,0.1,0.176271,0.249751,0.561939,0.99996,2.212455,0.122865,4.058731,9.898225,0.725504,0.0,0.202395,1.0,0.400785,0.122865,1,0,1,0,0
0.85,12.5,0.9,0.8,0.3,0.176271,0.249751,0.561939,0.99996,2.212455,0.122764,4.058731,9.898225,0.725504,0.0,0.202395,1.0,0.400785,0.122764,1,0,1,0,0
0.85,12.5,1.0,0.9,0.0,0.176271,0.249751,0.561939,0.99996,2.212455,0.122878,4.058731,9.898225,0.825504,0.0,0.202395,1.0,0.400785,0.122878,1,0,1,0,0
0.85,12.5,1.0,0.9,0.1,0.176271,0.249751,0.561939,0.99996,2.212455,0.122867,4.058731,9.898225,0.825504,0.0,0.202395,1.0,0.400785,0.122867,1,0,1,0,0
0.85,12.5,1.0,0.9,0.3,0.176271,0.249751,0.561939,0.99996,2.212455,0.122776,4.058731,9.898225,0.825504,0.0,0.202395,1.0,0.400785,0.122776,1,0,1,0,0
0.85,15.0,0.3,0.2,0.0,0.213048,0.249751,0.561939,0.99996,2.212455,0.122878,4.886207,11.909322,0.089097,0.027111,0.242113,0.998454,0.423061,0.119362,1,0,1,0,0
0.85,15.0,0.3,0.2,0.1,0.213048,0.249751,0.561939,0.99996,2.212455,0.122827,4.886207,11.909322,0.089097,0.027111,0.242113,0.998454,0.423061,0.119313,1,0,1,0,0
0.85,15.0,0.3,0.2,0.3,0.213048,0.249751,0.561939,0.99996,2.212455,0.12242,4.886207,11.909322,0.089097,0.027111,0.242113,0.998454,0.423061,0.118917,1,0,1,0,0
0.85,15.0,0.4,0.3,0.0,0.213048,0.249751,0.561939,0.99996,2.212455,0.122878,4.886207,11.909322,0.189097,0.001881,0.242113,0.998454,0.414651,0.122458,1,0,1,0,0
0.85,15.0,0.4,0.3,0.1,0.213048,0.249751,0.561939,0.99996,2.212455,0.122844,4.886207,11.909322,0.189097,0.001881,0.242113,0.998454,0.414651,0.122424,1,0,1,0,0
0.85,15.0,0.4,0.3,0.3,0.213048,0.249751,0.561939,0.99996,2.212455,0.122572,4.886207,11.909322,0.189097,0.001881,0.242113,0.998454,0.414651,0.122153,1,0,1,0,0
0.85,15.0,0.5,0.4,0.0,0.213048,0.249751,0.561939,0.99996,2.212455,0.122878,4.886207,11.909322,0.289097,0.0,0.242113,0.998454,0.414024,0.122688,1,0,1,0,0
0.85,15.0,0.5,0.4,0.1,0.213048,0.249751,0.561939,0.99996,2.212455,0.122853,4.886207,11.909322,0.289097,0.0,0.242113,0.998454,0.414024,0.122663,1,0,1,0,0
0.85,15.0,0.5,0.4,0.3,0.213048,0.249751,0.561939,0.99996,2.212455,0.122649,4.886207,11.909322,0.289097,0.0,0.242113,0.998454,0.414024,0.122459,1,0,1,0,0
0.85,15.0,0.6,0.5,0.0,0.213048,0.249751,0.561939,0.99996,2.212455,0.122878,4.886207,11.909322,0.389097,0.0,0.242113,0.998454,0.414024,0.122688,1,0,1,0,0
0.85,15.0,0.6,0.5,0.1,0.213048,0.249751,0.561939,0.99996,2.212455,0.122858,4.886207,11.909322,0.389097,0.0,0.242113,0.998454,0.414024,0.122668,1,0,1,0,0
0.85,15.0,0.6,0.5,0.3,0.213048,0.249751,0.561939,0.99996,2.212455,0.122695,4.886207,11.909322,0.389097,0.0,0.242113,0.998454,0.414024,0.122505,1,0,1,0,0
0.85,15.0,0.7,0.6,0.0,0.213048,0.249751,0.561939,0.99996,2.212455,0.122878,4.886207,11.909322,0.489097,0.0,0.242113,0.998454,0.414024,0.122688,1,0,1,0,0
0.85,15.0,0.7,0.6,0.1,0.213048,0.249751,0.561939,0.99996,2.212455,0.122861,4.886207,11.909322,0.489097,0.0,0.242113,0.998454,0.414024,0.122671,1,0,1,0,0
0.85,15.0,0.7,0.6,0.3,0.213048,0.249751,0.561939,0.99996,2.212455,0.122725,4.886207,11.909322,0.489097,0.0,0.242113,0.998454,0.414024,0.122536,1,0,1,0,0
0.85,15.0,0.8,0.7,0.0,0.213048,0.249751,0.561939,0.99996,2.212455,0.122878,4.886207,11.909322,0.589097,0.0,0.242113,0.998454,0.414024,0.122688,1,0,1,0,0
0.85,15.0,0.8,0.7,0.1,0.213048,0.249751,0.561939,0.99996,2.212455,0.122864,4.886207,11.909322,0.589097,0.0,0.242113,0.998454,0.414024,0.122674,1,0,1,0,0
0.85,15.0,0.8,0.7,0.3,0.213048,0.249751,0.561939,0.99996,2.212455,0.122747,4.886207,11.909322,0.589097,0.0,0.242113,0.998454,0.414024,0.122557,1,0,1,0,0
0.85,15.0,0.9,0.8,0.0,0.213048,0.249751,0.561939,0.99996,2.212455,0.122878,4.886207,11.909322,0.689097,0.0,0.242113,0.998454,0.414024,0.122688,1,0,1,0,0
0.85,15.0,0.9,0.8,0.1,0.213048,0.249751,0.561939,0.99996,2.212455,0.122865,4.886207,11.909322,0.689097,0.0,0.242113,0.998454,0.414024,0.122676,1,0,1,0,0
0.85,15.0,0.9,0.8,0.3,0.213048,0.249751,0.561939,0.99996,2.212455,0.122764,4.886207,11.909322,0.689097,0.0,0.242113,0.998454,0.414024,0.122574,1,0,1,0,0
0.85,15.0,1.0,0.9,0.0,0.213048,0.249751,0.561939,0.99996,2.212455,0.122878,4.886207,11.909322,0.789097,0.0,0.242113,0.998454,0.414024,0.122688,1,0,1,0,0
0.85,15.0,1.0,0.9,0.1,0.213048,0.249751,0.561939,0.99996,2.212455,0.122867,4.886207,11.909322,0.789097,0.0,0.242113,0.998454,0.414024,0.122677,1,0,1,0,0
0.85,15.0,1.0,0.9,0.3,0.213048,0.249751,0.561939,0.99996,2.212455,0.122776,4.886207,11.909322,0.789097,0.0,0.242113,0.998454,0.414024,0.122587,1,0,1,0,0
0.85,17.5,0.3,0.2,0.0,0.250696,0.249751,0.561939,0.99996,2.212455,0.122878,5.722859,13.937619,0.051828,0.0513,0.279733,0.994354,0.443664,0.115916,1,0,1,0,0
0.85,17.5,0.3,0.2,0.1,0.250696,0.249751,0.561939,0.99996,2.212455,0.122827,5.722859,13.937619,0.051828,0.0513,0.279733,0.994354,0.443664,0.115868,1,0,1,0,0
0.85,17.5,0.3,0.2,0.3,0.250696,0.249751,0.561939,0.99996,2.212455,0.12242,5.722859,13.937619,0.051828,0.0513,0.279733,0.994354,0.443664,0.115484,1,0,1,0,0
0.85,17.5,0.4,0.3,0.0,0.250696,0.249751,0.561939,0.99996,2.212455,0.122878,5.722859,13.937619,0.151828,0.01211,0.279733,0.994354,0.430601,0.120705,1,0,1,0,0
0.85,17.5,0.4,0.3,0.1,0.250696,0.249751,0.561939,0.99996,2.212455,0.122844,5.722859,13.937619,0.151828,0.01211,0.279733,0.994354,0.430601,0.120671,1,0,1,0,0
0.85,17.5,0.4,0.3,0.3,0.250696,0.249751,0.561939,0.99996,2.212455,0.122572,5.722859,13.937619,0.151828,0.01211,0.279733,0.994354,0.430601,0.120404,1,0,1,0,0
0.85,17.5,0.5,0.4,0.0,0.250696,0.249751,0.561939,0.99996,2.212455,0.122878,5.722859,13.937619,0.251828,0.000371,0.279733,0.994354,0.426688,0.122139,1,0,1,0,0
0.85,17.5,0.5,0.4,0.1,0.250696,0.249751,0.561939,0.99996,2.212455,0.122853,5.722859,13.937619,0.251828,0.000371,0.279733,0.994354,0.426688,0.122114,1,0,1,0,0
0.85,17.5,0.5,0.4,0.3,0.250696,0.249751,0.561939,0.99996,2.212455,0.122649,5.722859,13.937619,0.251828,0.000371,0.279733,0.994354,0.426688,0.121911,1,0,1,0,0
0.85,17.5,0.6,0.5,0.0,0.250696,0.249751,0.561939,0.99996,2.212455,0.122878,5.722859,13.937619,0.351828,0.0,0.279733,0.994354,0.426564,0.122184,1,0,1,0,0
0.85,17.5,0.6,0.5,0.1,0.250696,0.249751,0.561939,0.99996,2.212455,0.122858,5.722859,13.937619,0.351828,0.0,0.279733,0.994354,0.426564,0.122164,1,0,1,0,0
0.85,17.5,0.6,0.5,0.3,0.250696,0.249751,0.561939,0.99996,2.212455,0.122695,5.722859,13.937619,0.351828,0.0,0.279733,0.994354,0.426564,0.122002,1,0,1,0,0
0.85,17.5,0.7,0.6,0.0,0.250696,0.249751,0.561939,0.99996,2.212455,0.122878,5.722859,13.937619,0.451828,0.0,0.279733,0.994354,0.426564,0.122184,1,0,1,0,0
0.85,17.5,0.7,0.6,0.1,0.250696,0.249751,0.561939,0.99996,2.212455,0.122861,5.722859,13.937619,0.451828,0.0,0.279733,0.994354,0.426564,0.122167,1,0,1,0,0
0.85,17.5,0.7,0.6,0.3,0.250696,0.249751,0.561939,0.99996,2.212455,0.122725,5.722859,13.937619,0.451828,0.0,0.279733,0.994354,0.426564,0.122032,1,0,1,0,0
0.85,17.5,0.8,0.7,0.0,0.250696,0.249751,0.561939,0.99996,2.212455,0.122878,5.722859,13.937619,0.551828,0.0,0.279733,0.994354,0.426564,0.122184,1,0,1,0,0
0.85,17.5,0.8,0.7,0.1,0.250696,0.249751,0.561939,0.99996,2.212455,0.122864,5.722859,13.937619,0.551828,0.0,0.279733,0.994354,0.426564,0.12217,1,0,1,0,0
0.85,17.5,0.8,0.7,0.3,0.250696,0.249751,0.561939,0.99996,2.212455,0.122747,5.722859,13.937619,0.551828,0.0,0.279733,0.994354,0.426564,0.122054,1,0,1,0,0
0.85,17.5,0.9,0.8,0.0,0.250696,0.249751,0.561939,0.99996,2.212455,0.122878,5.722859,13.937619,0.651828,0.0,0.279733,0.994354,0.426564,0.122184,1,0,1,0,0
0.85,17.5,0.9,0.8,0.1,0.250696,0.249751,0.561939,0.99996,2.212455,0.122865,5.722859,13.937619,0.651828,0.0,0.279733,0.994354,0.426564,0.122172,1,0,1,0,0
0.85,17.5,0.9,0.8,0.3,0.250696,0.249751,0.561939,0.99996,2.212455,0.122764,5.722859,13.937619,0.651828,0.0,0.279733,0.994354,0.426564,0.12207,1,0,1,0,0
0.85,17.5,1.0,0.9,0.0,0.250696,0.249751,0.561939,0.99996,2.212455,0.122878,5.722859,13.937619,0.751828,0.0,0.279733,0.994354,0.426564,0.122184,1,0,1,0,0
0.85,17.5,1.0,0.9,0.1,0.250696,0.249751,0.561939,0.99996,2.212455,0.122867,5.722859,13.937619,0.751828,0.0,0.279733,0.994354,0.426564,0.122173,1,0,1,0,0
0.85,17.5,1.0,0.9,0.3,0.250696,0.249751,0.561939,0.99996,2.212455,0.122776,5.722859,13.937619,0.751828,0.0,0.279733,0.994354,0.426564,0.122083,1,0,1,0,0
0.85,20.0,0.3,0.2,0.0,0.289395,0.249751,0.561939,0.99996,2.212455,0.122878,6.570705,15.986012,0.013519,0.077579,0.315355,0.987697,0.464298,0.111951,1,0,1,0,0
0.85,20.0,0.3,0.2,0.1,0.289395,0.249751,0.561939,0.99996,2.212455,0.122827,6.570705,15.986012,0.013519,0.077579,0.315355,0.987697,0.464298,0.111905,1,0,1,0,0
0.85,20.0,0.3,0.2,0.3,0.289395,0.249751,0.561939,0.99996,2.212455,0.12242,6.570705,15.986012,0.013519,0.077579,0.315355,0.987697,0.464298,0.111533,1,0,1,0,0
0.85,20.0,0.4,0.3,0.0,0.289395,0.249751,0.561939,0.99996,2.212455,0.122878,6.570705,15.986012,0.113519,0.029791,0.315355,0.987697,0.448368,0.117751,1,0,1,0,0
0.85,20.0,0.4,0.3,0.1,0.289395,0.249751,0.561939,0.99996,2.212455,0.122844,6.570705,15.986012,0.113519,0.029791,0.315355,0.987697,0.448368,0.117718,1,0,1,0,0
0.85,20.0,0.4,0.3,0.3,0.289395,0.249751,0.561939,0.99996,2.212455,0.122572,6.570705,15.986012,0.113519,0.029791,0.315355,0.987697,0.448368,0.117458,1,0,1,0,0
0.85,20.0,0.5,0.4,0.0,0.289395,0.249751,0.561939,0.99996,2.212455,0.122878,6.570705,15.986012,0.213519,0.006655,0.315355,0.987697,0.440657,0.120559,1,0,1,0,0
0.85,20.0,0.5,0.4,0.1,0.289395,0.249751,0.561939,0.99996,2.212455,0.122853,6.570705,15.986012,0.213519,0.006655,0.315355,0.987697,0.440657,0.120534,1,0,1,0,0
0.85,20.0,0.5,0.4,0.3,0.289395,0.249751,0.561939,0.99996,2.212455,0.122649,6.570705,15.986012,0.213519,0.006655,0.315355,0.987697,0.440657,0.120334,1,0,1,0,0
0.85,20.0,0.6,0.5,0.0,0.289395,0.249751,0.561939,0.99996,2.212455,0.122878,6.570705,15.986012,0.313519,0.0,0.315355,0.987697,0.438438,0.121366,1,0,1,0,0
0.85,20.0,0.6,0.5,0.1,0.289395,0.249751,0.561939,0.99996,2.212455,0.122858,6.570705,15.986012,0.313519,0.0,0.315355,0.987697,0.438438,0.121346,1,0,1,0,0
0.85,20.0,0.6,0.5,0.3,0.289395,0.249751,0.561939,0.99996,2.212455,0.122695,6.570705,15.986012,0.313519,0.0,0.315355,0.987697,0.438438,0.121185,1,0,1,0,0
0.85,20.0,0.7,0.6,0.0,0.289395,0.249751,0.561939,0.99996,2.212455,0.122878,6.570705,15.986012,0.413519,0.0,0.315355,0.987697,0.438438,0.121366,1,0,1,0,0
0.85,20.0,0.7,0.6,0.1,0.289395,0.249751,0.561939,0.99996,2.212455,0.122861,6.570705,15.986012,0.413519,0.0,0.315355,0.987697,0.438438,0.12135,1,0,1,0,0
0.85,20.0,0.7,0.6,0.3,0.289395,0.249751,0.561939,0.99996,2.212455,0.122725,6.570705,15.986012,0.413519,0.0,0.315355,0.987697,0.438438,0.121215,1,0,1,0,0
0.85,20.0,0.8,0.7,0.0,0.289395,0.249751,0.561939,0.99996,2.212455,0.122878,6.570705,15.986012,0.513519,0.0,0.315355,0.987697,0.438438,0.121366,1,0,1,0,0
0.85,20.0,0.8,0.7,0.1,0.289395,0.249751,0.561939,0.99996,2.212455,0.122864,6.570705,15.986012,0.513519,0.0,0.315355,0.987697,0.438438,0.121352,1,0,1,0,0
0.85,20.0,0.8,0.7,0.3,0.289395,0.249751,0.561939,0.99996,2.212455,0.122747,6.570705,15.986012,0.513519,0.0,0.315355,0.987697,0.438438,0.121237,1,0,1,0,0
0.85,20.0,0.9,0.8,0.0,0.289395,0.249751,0.561939,0.99996,2.212455,0.122878,6.570705,15.986012,0.613519,0.0,0.315355,0.987697,0.438438,0.121366,1,0,1,0,0
0.85,20.0,0.9,0.8,0.1,0.289395,0.249751,0.561939,0.99996,2.212455,0.122865,6.570705,15.986012,0.613519,0.0,0.315355,0.987697,0.438438,0.121354,1,0,1,0,0
0.85,20.0,0.9,0.8,0.3,0.289395,0.249751,0.561939,0.99996,2.212455,0.122764,6.570705,15.986012,0.613519,0.0,0.315355,0.987697,0.438438,0.121253,1,0,1,0,0
0.85,20.0,1.0,0.9,0.0,0.289395,0.249751,0.561939,0.99996,2.212455,0.122878,6.570705,15.986012,0.713519,0.0,0.315355,0.987697,0.438438,0.121366,1,0,1,0,0
0.85,20.0,1.0,0.9,0.1,0.289395,0.249751,0.561939,0.99996,2.212455,0.122867,6.570705,15.986012,0.713519,0.0,0.315355,0.987697,0.438438,0.121355,1,0,1,0,0
0.85,20.0,1.0,0.9,0.3,0.289395,0.249751,0.561939,0.99996,2.212455,0.122776,6.570705,15.986012,0.713519,0.0,0.315355,0.987697,0.438438,0.121266,1,0,1,0,0
0.85,22.5,0.3,0.2,0.0,0.329344,0.249751,0.561939,0.99996,2.212455,0.122878,7.431985,18.057406,-0.026028,0.110111,0.350799,0.980191,0.486957,0.107182,1,0,0,0,0
0.85,22.5,0.3,0.2,0.1,0.329344,0.249751,0.561939,0.99996,2.212455,0.122827,7.431985,18.057406,-0.026028,0.110111,0.350799,0.980191,0.486957,0.107137,1,0,0,0,0
0.85,22.5,0.3,0.2,0.3,0.329344,0.249751,0.561939,0.99996,2.212455,0.12242,7.431985,18.057406,-0.026028,0.110111,0.350799,0.980191,0.486957,0.106782,1,0,0,0,0
0.85,22.5,0.4,0.3,0.0,0.329344,0.249751,0.561939,0.99996,2.212455,0.122878,7.431985,18.057406,0.073972,0.049147,0.350799,0.980191,0.466635,0.114525,1,0,1,0,0
0.85,22.5,0.4,0.3,0.1,0.329344,0.249751,0.561939,0.99996,2.212455,0.122844,7.431985,18.057406,0.073972,0.049147,0.350799,0.980191,0.466635,0.114493,1,0,1,0,0
0.85,22.5,0.4,0.3,0.3,0.329344,0.249751,0.561939,0.99996,2.212455,0.122572,7.431985,18.057406,0.073972,0.049147,0.350799,0.980191,0.466635,0.11424,1,0,1,0,0
0.85,22.5,0.5,0.4,0.0,0.329344,0.249751,0.561939,0.99996,2.212455,0.122878,7.431985,18.057406,0.173972,0.017957,0.350799,0.980191,0.456239,0.118281,1,0,1,0,0
0.85,22.5,0.5,0.4,0.1,0.329344,0.249751,0.561939,0.99996,2.212455,0.122853,7.431985,18.057406,0.173972,0.017957,0.350799,0.980191,0.456239,0.118257,1,0,1,0,0
0.85,22.5,0.5,0.4,0.3,0.329344,0.249751,0.561939,0.99996,2.212455,0.122649,7.431985,18.057406,0.173972,0.017957,0.350799,0.980191,0.456239,0.118061,1,0,1,0,0
0.85,22.5,0.6,0.5,0.0,0.329344,0.249751,0.561939,0.99996,2.212455,0.122878,7.431985,18.057406,0.273972,0.00318,0.350799,0.980191,0.451313,0.120061,1,0,1,0,0
0.85,22.5,0.6,0.5,0.1,0.329344,0.249751,0.561939,0.99996,2.212455,0.122858,7.431985,18.057406,0.273972,0.00318,0.350799,0.980191,0.451313,0.120041,1,0,1,0,0
0.85,22.5,0.6,0.5,0.3,0.329344,0.249751,0.561939,0.99996,2.212455,0.122695,7.431985,18.057406,0.273972,0.00318,0.350799,0.980191,0.451313,0.119882,1,0,1,0,0
0.85,22.5,0.7,0.6,0.0,0.329344,0.249751,0.561939,0.99996,2.212455,0.122878,7.431985,18.057406,0.373972,0.0,0.350799,0.980191,0.450253,0.120444,1,0,1,0,0
0.85,22.5,0.7,0.6,0.1,0.329344,0.249751,0.561939,0.99996,2.212455,0.122861,7.431985,18.057406,0.373972,0.0,0.350799,0.980191,0.450253,0.120427,1,0,1,0,0
0.85,22.5,0.7,0.6,0.3,0.329344,0.249751,0.561939,0.99996,2.212455,0.122725,7.431985,18.057406,0.373972,0.0,0.350799,0.980191,0.450253,0.120294,1,0,1,0,0
0.85,22.5,0.8,0.7,0.0,0.329344,0.249751,0.561939,0.99996,2.212455,0.122878,7.431985,18.057406,0.473972,0.0,0.350799,0.980191,0.450253,0.120444,1,0,1,0,0
0.85,22.5,0.8,0.7,0.1,0.329344,0.249751,0.561939,0.99996,2.212455,0.122864,7.431985,18.057406,0.473972,0.0,0.350799,0.980191,0.450253,0.12043,1,0,1,0,0
0.85,22.5,0.8,0.7,0.3,0.329344,0.249751,0.561939,0.99996,2.212455,0.122747,7.431985,18.057406,0.473972,0.0,0.350799,0.980191,0.450253,0.120316,1,0,1,0,0
0.85,22.5,0.9,0.8,0.0,0.329344,0.249751,0.561939,0.99996,2.212455,0.122878,7.431985,18.057406,0.573972,0.0,0.350799,0.980191,0.450253,0.120444,1,0,1,0,0
0.85,22.5,0.9,0.8,0.1,0.329344,0.249751,0.561939,0.99996,2.212455,0.122865,7.431985,18.057406,0.573972,0.0,0.350799,0.980191,0.450253,0.120432,1,0,1,0,0
0.85,22.5,0.9,0.8,0.3,0.329344,0.249751,0.561939,0.99996,2.212455,0.122764,7.431985,18.057406,0.573972,0.0,0.350799,0.980191,0.450253,0.120332,1,0,1,0,0
0.85,22.5,1.0,0.9,0.0,0.329344,0.249751,0.561939,0.99996,2.212455,0.122878,7.431985,18.057406,0.673972,0.0,0.350799,0.980191,0.450253,0.120444,1,0,1,0,0
0.85,22.5,1.0,0.9,0.1,0.329344,0.249751,0.561939,0.99996,2.212455,0.122867,7.431985,18.057406,0.673972,0.0,0.350799,0.980191,0.450253,0.120433,1,0,1,0,0
0.85,22.5,1.0,0.9,0.3,0.329344,0.249751,0.561939,0.99996,2.212455,0.122776,7.431985,18.057406,0.673972,0.0,0.350799,0.980191,0.450253,0.120344,1,0,1,0,0
0.85,25.0,0.3,0.2,0.0,0.370764,0.249751,0.561939,0.99996,2.212455,0.122878,8.309196,20.154705,-0.067031,0.141955,0.383126,0.968775,0.508347,0.102143,0,0,0,0,0
0.85,25.0,0.3,0.2,0.1,0.370764,0.249751,0.561939,0.99996,2.212455,0.122827,8.309196,20.154705,-0.067031,0.141955,0.383126,0.968775,0.508347,0.1021,0,0,0,0,0
0.85,25.0,0.3,0.2,0.3,0.370764,0.249751,0.561939,0.99996,2.212455,0.12242,8.309196,20.154705,-0.067031,0.141955,0.383126,0.968775,0.508347,0.101762,0,0,0,0,0
0.85,25.0,0.4,0.3,0.0,0.370764,0.249751,0.561939,0.99996,2.212455,0.122878,8.309196,20.154705,0.032969,0.068576,0.383126,0.968775,0.483887,0.110878,0,0,1,0,0
0.85,25.0,0.4,0.3,0.1,0.370764,0.249751,0.561939,0.99996,2.212455,0.122844,8.309196,20.154705,0.032969,0.068576,0.383126,0.968775,0.483887,0.110847,0,0,1,0,0
0.85,25.0,0.4,0.3,0.3,0.370764,0.249751,0.561939,0.99996,2.212455,0.122572,8.309196,20.154705,0.032969,0.068576,0.383126,0.968775,0.483887,0.110602,0,0,1,0,0
0.85,25.0,0.5,0.4,0.0,0.370764,0.249751,0.561939,0.99996,2.212455,0.122878,8.309196,20.154705,0.132969,0.033573,0.383126,0.968775,0.472219,0.115045,0,0,1,0,0
0.85,25.0,0.5,0.4,0.1,0.370764,0.249751,0.561939,0.99996,2.212455,0.122853,8.309196,20.154705,0.132969,0.033573,0.383126,0.968775,0.472219,0.115021,0,0,1,0,0
0.85,25.0,0.5,0.4,0.3,0.370764,0.249751,0.561939,0.99996,2.212455,0.122649,8.309196,20.154705,0.132969,0.033573,0.383126,0.968775,0.472219,0.11483,0,0,1,0,0
0.85,25.0,0.6,0.5,0.0,0.370764,0.249751,0.561939,0.99996,2.212455,0.122878,8.309196,20.154705,0.232969,0.010936,0.383126,0.968775,0.464674,0.117739,0,0,1,0,0
0.85,25.0,0.6,0.5,0.1,0.370764,0.249751,0.561939,0.99996,2.212455,0.122858,8.309196,20.154705,0.232969,0.010936,0.383126,0.968775,0.464674,0.11772,0,0,1,0,0
0.85,25.0,0.6,0.5,0.3,0.370764,0.249751,0.561939,0.99996,2.212455,0.122695,8.309196,20.154705,0.232969,0.010936,0.383126,0.968775,0.464674,0.117564,0,0,1,0,0
0.85,25.0,0.7,0.6,0.0,0.370764,0.249751,0.561939,0.99996,2.212455,0.122878,8.309196,20.154705,0.332969,0.001745,0.383126,0.968775,0.46161,0.118834,0,0,1,0,0
0.85,25.0,0.7,0.6,0.1,0.370764,0.249751,0.561939,0.99996,2.212455,0.122861,8.309196,20.154705,0.332969,0.001745,0.383126,0.968775,0.46161,0.118817,0,0,1,0,0
0.85,25.0,0.7,0.6,0.3,0.370764,0.249751,0.561939,0.99996,2.212455,0.122725,8.309196,20.154705,0.332969,0.001745,0.383126,0.968775,0.46161,0.118686,0,0,1,0,0
0.85,25.0,0.8,0.7,0.0,0.370764,0.249751,0.561939,0.99996,2.212455,0.122878,8.309196,20.154705,0.432969,0.0,0.383126,0.968775,0.461029,0.119041,0,0,1,0,0
0.85,25.0,0.8,0.7,0.1,0.370764,0.249751,0.561939,0.99996,2.212455,0.122864,8.309196,20.154705,0.432969,0.0,0.383126,0.968775,0.461029,0.119027,0,0,1,0,0
0.85,25.0,0.8,0.7,0.3,0.370764,0.249751,0.561939,0.99996,2.212455,0.122747,8.309196,20.154705,0.432969,0.0,0.383126,0.968775,0.461029,0.118914,0,0,1,0,0
0.85,25.0,0.9,0.8,0.0,0.370764,0.249751,0.561939,0.99996,2.212455,0.122878,8.309196,20.154705,0.532969,0.0,0.383126,0.968775,0.461029,0.119041,0,0,1,0,0
0.85,25.0,0.9,0.8,0.1,0.370764,0.249751,0.561939,0.99996,2.212455,0.122865,8.309196,20.154705,0.532969,0.0,0.383126,0.968775,0.461029,0.119029,0,0,1,0,0
0.85,25.0,0.9,0.8,0.3,0.370764,0.249751,0.561939,0.99996,2.212455,0.122764,8.309196,20.154705,0.532969,0.0,0.383126,0.968775,0.461029,0.11893,0,0,1,0,0
0.85,25.0,1.0,0.9,0.0,0.370764,0.249751,0.561939,0.99996,2.212455,0.122878,8.309196,20.154705,0.632969,0.0,0.383126,0.968775,0.461029,0.119041,0,0,1,0,0
0.85,25.0,1.0,0.9,0.1,0.370764,0.249751,0.561939,0.99996,2.212455,0.122867,8.309196,20.154705,0.632969,0.0,0.383126,0.968775,0.461029,0.11903,0,0,1,0,0
0.85,25.0,1.0,0.9,0.3,0.370764,0.249751,0.561939,0.99996,2.212455,0.122776,8.309196,20.154705,0.632969,0.0,0.383126,0.968775,0.461029,0.118943,0,0,1,0,0
0.85,27.5,0.3,0.2,0.0,0.413906,0.249751,0.561939,0.99996,2.212455,0.122878,9.20513,22.280809,-0.109739,0.171901,0.41356,0.954532,0.528474,0.097129,0,0,0,0,0
0.85,27.5,0.3,0.2,0.1,0.413906,0.249751,0.561939,0.99996,2.212455,0.122827,9.20513,22.280809,-0.109739,0.171901,0.41356,0.954532,0.528474,0.097088,0,0,0,0,0
0.85,27.5,0.3,0.2,0.3,0.413906,0.249751,0.561939,0.99996,2.212455,0.12242,9.20513,22.280809,-0.109739,0.171901,0.41356,0.954532,0.528474,0.096766,0,0,0,0,0
0.85,27.5,0.4,0.3,0.0,0.413906,0.249751,0.561939,0.99996,2.212455,0.122878,9.20513,22.280809,-0.009739,0.094355,0.41356,0.954532,0.502625,0.106224,0,0,0,0,0
0.85,27.5,0.4,0.3,0.1,0.413906,0.249751,0.561939,0.99996,2.212455,0.122844,9.20513,22.280809,-0.009739,0.094355,0.41356,0.954532,0.502625,0.106195,0,0,0,0,0
0.85,27.5,0.4,0.3,0.3,0.413906,0.249751,0.561939,0.99996,2.212455,0.122572,9.20513,22.280809,-0.009739,0.094355,0.41356,0.954532,0.502625,0.10596,0,0,0,0,0
0.85,27.5,0.5,0.4,0.0,0.413906,0.249751,0.561939,0.99996,2.212455,0.122878,9.20513,22.280809,0.090261,0.049907,0.41356,0.954532,0.487809,0.111438,0,0,1,0,0
0.85,27.5,0.5,0.4,0.1,0.413906,0.249751,0.561939,0.99996,2.212455,0.122853,9.20513,22.280809,0.090261,0.049907,0.41356,0.954532,0.487809,0.111414,0,0,1,0,0
0.85,27.5,0.5,0.4,0.3,0.413906,0.249751,0.561939,0.99996,2.212455,0.122649,9.20513,22.280809,0.090261,0.049907,0.41356,0.954532,0.487809,0.11123,0,0,1,0,0
0.85,27.5,0.6,0.5,0.0,0.413906,0.249751,0.561939,0.99996,2.212455,0.122878,9.20513,22.280809,0.190261,0.023269,0.41356,0.954532,0.47893,0.114562,0,0,1,0,0
0.85,27.5,0.6,0.5,0.1,0.413906,0.249751,0.561939,0.99996,2.212455,0.122858,9.20513,22.280809,0.190261,0.023269,0.41356,0.954532,0.47893,0.114543,0,0,1,0,0
0.85,27.5,0.6,0.5,0.3,0.413906,0.249751,0.561939,0.99996,2.212455,0.122695,9.20513,22.280809,0.190261,0.023269,0.41356,0.954532,0.47893,0.114391,0,0,1,0,0
0.85,27.5,0.7,0.6,0.0,0.413906,0.249751,0.561939,0.99996,2.212455,0.122878,9.20513,22.280809,0.290261,0.008071,0.41356,0.954532,0.473863,0.116345,0,0,1,0,0
0.85,27.5,0.7,0.6,0.1,0.413906,0.249751,0.561939,0.99996,2.212455,0.122861,9.20513,22.280809,0.290261,0.008071,0.41356,0.954532,0.473863,0.116328,0,0,1,0,0
0.85,27.5,0.7,0.6,0.3,0.413906,0.249751,0.561939,0.99996,2.212455,0.122725,9.20513,22.280809,0.290261,0.008071,0.41356,0.954532,0.473863,0.1162,0,0,1,0,0
0.85,27.5,0.8,0.7,0.0,0.413906,0.249751,0.561939,0.99996,2.212455,0.122878,9.20513,22.280809,0.390261,0.001167,0.41356,0.954532,0.471562,0.117154,0,0,1,0,0
0.85,27.5,0.8,0.7,0.1,0.413906,0.249751,0.561939,0.99996,2.212455,0.122864,9.20513,22.280809,0.390261,0.001167,0.41356,0.954532,0.471562,0.11714,0,0,1,0,0
0.85,27.5,0.8,0.7,0.3,0.413906,0.249751,0.561939,0.99996,2.212455,0.122747,9.20513,22.280809,0.390261,0.001167,0.41356,0.954532,0.471562,0.117029,0,0,1,0,0
0.85,27.5,0.9,0.8,0.0,0.413906,0.249751,0.561939,0.99996,2.212455,0.122878,9.20513,22.280809,0.490261,0.0,0.41356,0.954532,0.471173,0.117291,0,0,1,0,0
0.85,27.5,0.9,0.8,0.1,0.413906,0.249751,0.561939,0.99996,2.212455,0.122865,9.20513,22.280809,0.490261,0.0,0.41356,0.954532,0.471173,0.117279,0,0,1,0,0
0.85,27.5,0.9,0.8,0.3,0.413906,0.249751,0.561939,0.99996,2.212455,0.122764,9.20513,22.280809,0.490261,0.0,0.41356,0.954532,0.471173,0.117182,0,0,1,0,0
0.85,27.5,1.0,0.9,0.0,0.413906,0.249751,0.561939,0.99996,2.212455,0.122878,9.20513,22.280809,0.590261,0.0,0.41356,0.954532,0.471173,0.117291,0,0,1,0,0
0.85,27.5,1.0,0.9,0.1,0.413906,0.249751,0.561939,0.99996,2.212455,0.122867,9.20513,22.280809,0.590261,0.0,0.41356,0.954532,0.471173,0.11728,0,0,1,0,0
0.85,27.5,1.0,0.9,0.3,0.413906,0.249751,0.561939,0.99996,2.212455,0.122776,9.20513,22.280809,0.590261,0.0,0.41356,0.954532,0.471173,0.117194,0,0,1,0,0
0.85,30.0,0.3,0.2,0.0,0.459055,0.249751,0.561939,0.99996,2.212455,0.122878,10.122921,24.438603,-0.154433,0.201976,0.443587,0.939644,0.548507,0.092141,0,0,0,0,0
0.85,30.0,0.3,0.2,0.1,0.459055,0.249751,0.561939,0.99996,2.212455,0.122827,10.122921,24.438603,-0.154433,0.201976,0.443587,0.939644,0.548507,0.092103,0,0,0,0,0
0.85,30.0,0.3,0.2,0.3,0.459055,0.249751,0.561939,0.99996,2.212455,0.12242,10.122921,24.438603,-0.154433,0.201976,0.443587,0.939644,0.548507,0.091797,0,0,0,0,0
0.85,30.0,0.4,0.3,0.0,0.459055,0.249751,0.561939,0.99996,2.212455,0.122878,10.122921,24.438603,-0.054433,0.121855,0.443587,0.939644,0.521801,0.101392,0,0,0,0,0
0.85,30.0,0.4,0.3,0.1,0.459055,0.249751,0.561939,0.99996,2.212455,0.122844,10.122921,24.438603,-0.054433,0.121855,0.443587,0.939644,0.521801,0.101364,0,0,0,0,0
0.85,30.0,0.4,0.3,0.3,0.459055,0.249751,0.561939,0.99996,2.212455,0.122572,10.122921,24.438603,-0.054433,0.121855,0.443587,0.939644,0.521801,0.10114,0,0,0,0,0
0.85,30.0,0.5,0.4,0.0,0.459055,0.249751,0.561939,0.99996,2.212455,0.122878,10.122921,24.438603,0.045567,0.066439,0.443587,0.939644,0.503329,0.107791,0,0,1,0,0
0.85,30.0,0.5,0.4,0.1,0.459055,0.249751,0.561939,0.99996,2.212455,0.122853,10.122921,24.438603,0.045567,0.066439,0.443587,0.939644,0.503329,0.107768,0,0,1,0,0
0.85,30.0,0.5,0.4,0.3,0.459055,0.249751,0.561939,0.99996,2.212455,0.122649,10.122921,24.438603,0.045567,0.066439,0.443587,0.939644,0.503329,0.107589,0,0,1,0,0
0.85,30.0,0.6,0.5,0.0,0.459055,0.249751,0.561939,0.99996,2.212455,0.122878,10.122921,24.438603,0.145567,0.038399,0.443587,0.939644,0.493982,0.111028,0,0,1,0,0
0.85,30.0,0.6,0.5,0.1,0.459055,0.249751,0.561939,0.99996,2.212455,0.122858,10.122921,24.438603,0.145567,0.038399,0.443587,0.939644,0.493982,0.11101,0,0,1,0,0
0.85,30.0,0.6,0.5,0.3,0.459055,0.249751,0.561939,0.99996,2.212455,0.122695,10.122921,24.438603,0.145567,0.038399,0.443587,0.939644,0.493982,0.110862,0,0,1,0,0
0.85,30.0,0.7,0.6,0.0,0.459055,0.249751,0.561939,0.99996,2.212455,0.122878,10.122921,24.438603,0.245567,0.017438,0.443587,0.939644,0.486995,0.113448,0,0,1,0,0
0.85,30.0,0.7,0.6,0.1,0.459055,0.249751,0.561939,0.99996,2.212455,0.122861,10.122921,24.438603,0.245567,0.017438,0.443587,0.939644,0.486995,0.113433,0,0,1,0,0
0.85,30.0,0.7,0.6,0.3,0.459055,0.249751,0.561939,0.99996,2.212455,0.122725,10.122921,24.438603,0.245567,0.017438,0.443587,0.939644,0.486995,0.113307,0,0,1,0,0
0.85,30.0,0.8,0.7,0.0,0.459055,0.249751,0.561939,0.99996,2.212455,0.122878,10.122921,24.438603,0.345567,0.006076,0.443587,0.939644,0.483207,0.11476,0,0,1,0,0
0.85,30.0,0.8,0.7,0.1,0.459055,0.249751,0.561939,0.99996,2.212455,0.122864,10.122921,24.438603,0.345567,0.006076,0.443587,0.939644,0.483207,0.114747,0,0,1,0,0
0.85,30.0,0.8,0.7,0.3,0.459055,0.249751,0.561939,0.99996,2.212455,0.122747,10.122921,24.438603,0.345567,0.006076,0.443587,0.939644,0.483207,0.114638,0,0,1,0,0
0.85,30.0,0.9,0.8,0.0,0.459055,0.249751,0.561939,0.99996,2.212455,0.122878,10.122921,24.438603,0.445567,0.000808,0.443587,0.939644,0.481452,0.115368,0,0,1,0,0
0.85,30.0,0.9,0.8,0.1,0.459055,0.249751,0.561939,0.99996,2.212455,0.122865,10.122921,24.438603,0.445567,0.000808,0.443587,0.939644,0.481452,0.115356,0,0,1,0,0
0.85,30.0,0.9,0.8,0.3,0.459055,0.249751,0.561939,0.99996,2.212455,0.122764,10.122921,24.438603,0.445567,0.000808,0.443587,0.939644,0.481452,0.115261,0,0,1,0,0
0.85,30.0,1.0,0.9,0.0,0.459055,0.249751,0.561939,0.99996,2.212455,0.122878,10.122921,24.438603,0.545567,0.0,0.443587,0.939644,0.481182,0.115462,0,0,1,0,0
0.85,30.0,1.0,0.9,0.1,0.459055,0.249751,0.561939,0.99996,2.212455,0.122867,10.122921,24.438603,0.545567,0.0,0.443587,0.939644,0.481182,0.115451,0,0,1,0,0
0.85,30.0,1.0,0.9,0.3,0.459055,0.249751,0.561939,0.99996,2.212455,0.122776,10.122921,24.438603,0.545567,0.0,0.443587,0.939644,0.481182,0.115366,0,0,1,0,0
0.85,32.5,0.3,0.2,0.0,0.506538,0.249751,0.561939,0.99996,2.212455,0.122878,11.066099,26.630945,-0.201438,0.232064,0.473424,0.924539,0.568482,0.087242,0,0,0,0,0
0.85,32.5,0.3,0.2,0.1,0.506538,0.249751,0.561939,0.99996,2.212455,0.122827,11.066099,26.630945,-0.201438,0.232064,0.473424,0.924539,0.568482,0.087206,0,0,0,0,0
0.85,32.5,0.3,0.2,0.3,0.506538,0.249751,0.561939,0.99996,2.212455,0.12242,11.066099,26.630945,-0.201438,0.232064,0.473424,0.924539,0.568482,0.086916,0,0,0,0,0
0.85,32.5,0.4,0.3,0.0,0.506538,0.249751,0.561939,0.99996,2.212455,0.122878,11.066099,26.630945,-0.101438,0.14849,0.473424,0.924539,0.540624,0.096736,0,0,0,0,0
0.85,32.5,0.4,0.3,0.1,0.506538,0.249751,0.561939,0.99996,2.212455,0.122844,11.066099,26.630945,-0.101438,0.14849,0.473424,0.924539,0.540624,0.09671,0,0,0,0,0
0.85,32.5,0.4,0.3,0.3,0.506538,0.249751,0.561939,0.99996,2.212455,0.122572,11.066099,26.630945,-0.101438,0.14849,0.473424,0.924539,0.540624,0.096496,0,0,0,0,0
0.85,32.5,0.5,0.4,0.0,0.506538,0.249751,0.561939,0.99996,2.212455,0.122878,11.066099,26.630945,-0.001438,0.089013,0.473424,0.924539,0.520799,0.103493,0,0,0,0,0
0.85,32.5,0.5,0.4,0.1,0.506538,0.249751,0.561939,0.99996,2.212455,0.122853,11.066099,26.630945,-0.001438,0.089013,0.473424,0.924539,0.520799,0.103472,0,0,0,0,0
0.85,32.5,0.5,0.4,0.3,0.506538,0.249751,0.561939,0.99996,2.212455,0.122649,11.066099,26.630945,-0.001438,0.089013,0.473424,0.924539,0.520799,0.1033,0,0,0,0,0
0.85,32.5,0.6,0.5,0.0,0.506538,0.249751,0.561939,0.99996,2.212455,0.122878,11.066099,26.630945,0.098562,0.05287,0.473424,0.924539,0.508751,0.107599,0,0,1,0,0
0.85,32.5,0.6,0.5,0.1,0.506538,0.249751,0.561939,0.99996,2.212455,0.122858,11.066099,26.630945,0.098562,0.05287,0.473424,0.924539,0.508751,0.107581,0,0,1,0,0
0.85,32.5,0.6,0.5,0.3,0.506538,0.249751,0.561939,0.99996,2.212455,0.122695,11.066099,26.630945,0.098562,0.05287,0.473424,0.924539,0.508751,0.107439,0,0,1,0,0
0.85,32.5,0.7,0.6,0.0,0.506538,0.249751,0.561939,0.99996,2.212455,0.122878,11.066099,26.630945,0.198562,0.029818,0.473424,0.924539,0.501067,0.110218,0,0,1,0,0
0.85,32.5,0.7,0.6,0.1,0.506538,0.249751,0.561939,0.99996,2.212455,0.122861,11.066099,26.630945,0.198562,0.029818,0.473424,0.924539,0.501067,0.110203,0,0,1,0,0
0.85,32.5,0.7,0.6,0.3,0.506538,0.249751,0.561939,0.99996,2.212455,0.122725,11.066099,26.630945,0.198562,0.029818,0.473424,0.924539,0.501067,0.110081,0,0,1,0,0
0.85,32.5,0.8,0.7,0.0,0.506538,0.249751,0.561939,0.99996,2.212455,0.122878,11.066099,26.630945,0.298562,0.013218,0.473424,0.924539,0.495534,0.112104,0,0,1,0,0
0.85,32.5,0.8,0.7,0.1,0.506538,0.249751,0.561939,0.99996,2.212455,0.122864,11.066099,26.630945,0.298562,0.013218,0.473424,0.924539,0.495534,0.112091,0,0,1,0,0
0.85,32.5,0.8,0.7,0.3,0.506538,0.249751,0.561939,0.99996,2.212455,0.122747,11.066099,26.630945,0.298562,0.013218,0.473424,0.924539,0.495534,0.111984,0,0,1,0,0
0.85,32.5,0.9,0.8,0.0,0.506538,0.249751,0.561939,0.99996,2.212455,0.122878,11.066099,26.630945,0.398562,0.004757,0.473424,0.924539,0.492713,0.113065,0,0,1,0,0
0.85,32.5,0.9,0.8,0.1,0.506538,0.249751,0.561939,0.99996,2.212455,0.122865,11.066099,26.630945,0.398562,0.004757,0.473424,0.924539,0.492713,0.113054,0,0,1,0,0
0.85,32.5,0.9,0.8,0.3,0.506538,0.249751,0.561939,0.99996,2.212455,0.122764,11.066099,26.630945,0.398562,0.004757,0.473424,0.924539,0.492713,0.11296,0,0,1,0,0
0.85,32.5,1.0,0.9,0.0,0.506538,0.249751,0.561939,0.99996,2.212455,0.122878,11.066099,26.630945,0.498562,0.000632,0.473424,0.924539,0.491338,0.113534,0,0,1,0,0
0.85,32.5,1.0,0.9,0.1,0.506538,0.249751,0.561939,0.99996,2.212455,0.122867,11.066099,26.630945,0.498562,0.000632,0.473424,0.924539,0.491338,0.113523,0,0,1,0,0
0.85,32.5,1.0,0.9,0.3,0.506538,0.249751,0.561939,0.99996,2.212455,0.122776,11.066099,26.630945,0.498562,0.000632,0.473424,0.924539,0.491338,0.11344,0,0,1,0,0
0.85,35.0,0.3,0.2,0.0,0.556739,0.249751,0.561939,0.99996,2.212455,0.122878,12.038659,28.860644,-0.251134,0.262501,0.502452,0.908434,0.588304,0.082325,0,0,0,0,0
0.85,35.0,0.3,0.2,0.1,0.556739,0.249751,0.561939,0.99996,2.212455,0.122827,12.038659,28.860644,-0.251134,0.262501,0.502452,0.908434,0.588304,0.08229,0,0,0,0,0
0.85,35.0,0.3,0.2,0.3,0.556739,0.249751,0.561939,0.99996,2.212455,0.12242,12.038659,28.860644,-0.251134,0.262501,0.502452,0.908434,0.588304,0.082017,0,0,0,0,0
0.85,35.0,0.4,0.3,0.0,0.556739,0.249751,0.561939,0.99996,2.212455,0.122878,12.038659,28.860644,-0.151134,0.174398,0.502452,0.908434,0.558937,0.092159,0,0,0,0,0
0.85,35.0,0.4,0.3,0.1,0.556739,0.249751,0.561939,0.99996,2.212455,0.122844,12.038659,28.860644,-0.151134,0.174398,0.502452,0.908434,0.558937,0.092134,0,0,0,0,0
0.85,35.0,0.4,0.3,0.3,0.556739,0.249751,0.561939,0.99996,2.212455,0.122572,12.038659,28.860644,-0.151134,0.174398,0.502452,0.908434,0.558937,0.09193,0,0,0,0,0
0.85,35.0,0.5,0.4,0.0,0.556739,0.249751,0.561939,0.99996,2.212455,0.122878,12.038659,28.860644,-0.051134,0.113917,0.502452,0.908434,0.538776,0.098911,0,0,0,0,0
0.85,35.0,0.5,0.4,0.1,0.556739,0.249751,0.561939,0.99996,2.212455,0.122853,12.038659,28.860644,-0.051134,0.113917,0.502452,0.908434,0.538776,0.09889,0,0,0,0,0
0.85,35.0,0.5,0.4,0.3,0.556739,0.249751,0.561939,0.99996,2.212455,0.122649,12.038659,28.860644,-0.051134,0.113917,0.502452,0.908434,0.538776,0.098726,0,0,0,0,0
0.85,35.0,0.6,0.5,0.0,0.556739,0.249751,0.561939,0.99996,2.212455,0.122878,12.038659,28.860644,0.048866,0.068813,0.502452,0.908434,0.523742,0.103945,0,0,1,0,0
0.85,35.0,0.6,0.5,0.1,0.556739,0.249751,0.561939,0.99996,2.212455,0.122858,12.038659,28.860644,0.048866,0.068813,0.502452,0.908434,0.523742,0.103928,0,0,1,0,0
0.85,35.0,0.6,0.5,0.3,0.556739,0.249751,0.561939,0.99996,2.212455,0.122695,12.038659,28.860644,0.048866,0.068813,0.502452,0.908434,0.523742,0.10379,0,0,1,0,0
0.85,35.0,0.7,0.6,0.0,0.556739,0.249751,0.561939,0.99996,2.212455,0.122878,12.038659,28.860644,0.148866,0.044176,0.502452,0.908434,0.515529,0.106696,0,0,1,0,0
0.85,35.0,0.7,0.6,0.1,0.556739,0.249751,0.561939,0.99996,2.212455,0.122861,12.038659,28.860644,0.148866,0.044176,0.502452,0.908434,0.515529,0.106681,0,0,1,0,0
0.85,35.0,0.7,0.6,0.3,0.556739,0.249751,0.561939,0.99996,2.212455,0.122725,12.038659,28.860644,0.148866,0.044176,0.502452,0.908434,0.515529,0.106563,0,0,1,0,0
0.85,35.0,0.8,0.7,0.0,0.556739,0.249751,0.561939,0.99996,2.212455,0.122878,12.038659,28.860644,0.248866,0.024297,0.502452,0.908434,0.508903,0.108915,0,0,1,0,0
0.85,35.0,0.8,0.7,0.1,0.556739,0.249751,0.561939,0.99996,2.212455,0.122864,12.038659,28.860644,0.248866,0.024297,0.502452,0.908434,0.508903,0.108902,0,0,1,0,0
0.85,35.0,0.8,0.7,0.3,0.556739,0.249751,0.561939,0.99996,2.212455,0.122747,12.038659,28.860644,0.248866,0.024297,0.502452,0.908434,0.508903,0.108798,0,0,1,0,0
0.85,35.0,0.9,0.8,0.0,0.556739,0.249751,0.561939,0.99996,2.212455,0.122878,12.038659,28.860644,0.348866,0.011025,0.502452,0.908434,0.504479,0.110396,0,0,1,0,0
0.85,35.0,0.9,0.8,0.1,0.556739,0.249751,0.561939,0.99996,2.212455,0.122865,12.038659,28.860644,0.348866,0.011025,0.502452,0.908434,0.504479,0.110385,0,0,1,0,0
0.85,35.0,0.9,0.8,0.3,0.556739,0.249751,0.561939,0.99996,2.212455,0.122764,12.038659,28.860644,0.348866,0.011025,0.502452,0.908434,0.504479,0.110293,0,0,1,0,0
0.85,35.0,1.0,0.9,0.0,0.556739,0.249751,0.561939,0.99996,2.212455,0.122878,12.038659,28.860644,0.448866,0.004005,0.502452,0.908434,0.502139,0.11118,0,0,1,0,0
0.85,35.0,1.0,0.9,0.1,0.556739,0.249751,0.561939,0.99996,2.212455,0.122867,12.038659,28.860644,0.448866,0.004005,0.502452,0.908434,0.502139,0.111169,0,0,1,0,0
0.85,35.0,1.0,0.9,0.3,0.556739,0.249751,0.561939,0.99996,2.212455,0.122776,12.038659,28.860644,0.448866,0.004005,0.502452,0.908434,0.502139,0.111087,0,0,1,0,0
0.9,5.0,0.3,0.2,0.0,0.069563,0.264442,0.594995,0.999978,2.089541,0.116065,1.613854,3.939305,0.231138,0.0,0.080477,1.0,0.360152,0.116065,1,0,1,0,0
0.9,5.0,0.3,0.2,0.1,0.069563,0.264442,0.594995,0.999978,2.089541,0.116014,1.613854,3.939305,0.231138,0.0,0.080477,1.0,0.360152,0.116014,1,0,1,0,0
0.9,5.0,0.3,0.2,0.3,0.069563,0.264442,0.594995,0.999978,2.089541,0.115606,1.613854,3.939305,0.231138,0.0,0.080477,1.0,0.360152,0.115606,1,0,1,0,0
0.9,5.0,0.4,0.3,0.0,0.069563,0.264442,0.594995,0.999978,2.089541,0.116065,1.613854,3.939305,0.331138,0.0,0.080477,1.0,0.360152,0.116065,1,0,1,0,0
0.9,5.0,0.4,0.3,0.1,0.069563,0.264442,0.594995,0.999978,2.089541,0.116031,1.613854,3.939305,0.331138,0.0,0.080477,1.0,0.360152,0.116031,1,0,1,0,0
0.9,5.0,0.4,0.3,0.3,0.069563,0.264442,0.594995,0.999978,2.089541,0.115759,1.613854,3.939305,0.331138,0.0,0.080477,1.0,0.360152,0.115759,1,0,1,0,0
0.9,5.0,0.5,0.4,0.0,0.069563,0.264442,0.594995,0.999978,2.089541,0.116065,1.613854,3.939305,0.431138,0.0,0.080477,1.0,0.360152,0.116065,1,0,1,0,0
0.9,5.0,0.5,0.4,0.1,0.069563,0.264442,0.594995,0.999978,2.089541,0.116039,1.613854,3.939305,0.431138,0.0,0.080477,1.0,0.360152,0.116039,1,0,1,0,0
0.9,5.0,0.5,0.4,0.3,0.069563,0.264442,0.594995,0.999978,2.089541,0.115835,1.613854,3.939305,0.431138,0.0,0.080477,1.0,0.360152,0.115835,1,0,1,0,0
0.9,5.0,0.6,0.5,0.0,0.069563,0.264442,0.594995,0.999978,2.089541,0.116065,1.613854,3.939305,0.531138,0.0,0.080477,1.0,0.360152,0.116065,1,0,1,0,0
0.9,5.0,0.6,0.5,0.1,0.069563,0.264442,0.594995,0.999978,2.089541,0.116044,1.613854,3.939305,0.531138,0.0,0.080477,1.0,0.360152,0.116044,1,0,1,0,0
0.9,5.0,0.6,0.5,0.3,0.069563,0.264442,0.594995,0.999978,2.089541,0.115881,1.613854,3.939305,0.531138,0.0,0.080477,1.0,0.360152,0.115881,1,0,1,0,0
0.9,5.0,0.7,0.6,0.0,0.069563,0.264442,0.594995,0.999978,2.089541,0.116065,1.613854,3.939305,0.631138,0.0,0.080477,1.0,0.360152,0.116065,1,0,1,0,0
0.9,5.0,0.7,0.6,0.1,0.069563,0.264442,0.594995,0.999978,2.089541,0.116048,1.613854,3.939305,0.631138,0.0,0.080477,1.0,0.360152,0.116048,1,0,1,0,0
0.9,5.0,0.7,0.6,0.3,0.069563,0.264442,0.594995,0.999978,2.089541,0.115912,1.613854,3.939305,0.631138,0.0,0.080477,1.0,0.360152,0.115912,1,0,1,0,0
0.9,5.0,0.8,0.7,0.0,0.069563,0.264442,0.594995,0.999978,2.089541,0.116065,1.613854,3.939305,0.731138,0.0,0.080477,1.0,0.360152,0.116065,1,0,1,0,0
0.9,5.0,0.8,0.7,0.1,0.069563,0.264442,0.594995,0.999978,2.089541,0.11605,1.613854,3.939305,0.731138,0.0,0.080477,1.0,0.360152,0.11605,1,0,1,0,0
0.9,5.0,0.8,0.7,0.3,0.069563,0.264442,0.594995,0.999978,2.089541,0.115934,1.613854,3.939305,0.731138,0.0,0.080477,1.0,0.360152,0.115934,1,0,1,0,0
0.9,5.0,0.9,0.8,0.0,0.069563,0.264442,0.594995,0.999978,2.089541,0.116065,1.613854,3.939305,0.831138,0.0,0.080477,1.0,0.360152,0.116065,1,0,1,0,0
0.9,5.0,0.9,0.8,0.1,0.069563,0.264442,0.594995,0.999978,2.089541,0.116052,1.613854,3.939305,0.831138,0.0,0.080477,1.0,0.360152,0.116052,1,0,1,0,0
0.9,5.0,0.9,0.8,0.3,0.069563,0.264442,0.594995,0.999978,2.089541,0.11595,1.613854,3.939305,0.831138,0.0,0.080477,1.0,0.360152,0.11595,1,0,1,0,0
0.9,5.0,1.0,0.9,0.0,0.069563,0.264442,0.594995,0.999978,2.089541,0.116065,1.613854,3.939305,0.931138,0.0,0.080477,1.0,0.360152,0.116065,1,0,1,0,0
0.9,5.0,1.0,0.9,0.1,0.069563,0.264442,0.594995,0.999978,2.089541,0.116053,1.613854,3.939305,0.931138,0.0,0.080477,1.0,0.360152,0.116053,1,0,1,0,0
0.9,5.0,1.0,0.9,0.3,0.069563,0.264442,0.594995,0.999978,2.089541,0.115963,1.613854,3.939305,0.931138,0.0,0.080477,1.0,0.360152,0.115963,1,0,1,0,0
0.9,7.5,0.3,0.2,0.0,0.104678,0.264442,0.594995,0.999978,2.089541,0.116065,2.424156,5.916089,0.196376,0.0,0.120884,1.0,0.373621,0.116065,1,0,1,0,0
0.9,7.5,0.3,0.2,0.1,0.104678,0.264442,0.594995,0.999978,2.089541,0.116014,2.424156,5.916089,0.196376,0.0,0.120884,1.0,0.373621,0.116014,1,0,1,0,0
0.9,7.5,0.3,0.2,0.3,0.104678,0.264442,0.594995,0.999978,2.089541,0.115606,2.424156,5.916089,0.196376,0.0,0.120884,1.0,0.373621,0.115606,1,0,1,0,0
0.9,7.5,0.4,0.3,0.0,0.104678,0.264442,0.594995,0.999978,2.089541,0.116065,2.424156,5.916089,0.296376,0.0,0.120884,1.0,0.373621,0.116065,1,0,1,0,0
0.9,7.5,0.4,0.3,0.1,0.104678,0.264442,0.594995,0.999978,2.089541,0.116031,2.424156,5.916089,0.296376,0.0,0.120884,1.0,0.373621,0.116031,1,0,1,0,0
0.9,7.5,0.4,0.3,0.3,0.104678,0.264442,0.594995,0.999978,2.089541,0.115759,2.424156,5.916089,0.296376,0.0,0.120884,1.0,0.373621,0.115759,1,0,1,0,0
0.9,7.5,0.5,0.4,0.0,0.104678,0.264442,0.594995,0.999978,2.089541,0.116065,2.424156,5.916089,0.396376,0.0,0.120884,1.0,0.373621,0.116065,1,0,1,0,0
0.9,7.5,0.5,0.4,0.1,0.104678,0.264442,0.594995,0.999978,2.089541,0.116039,2.424156,5.916089,0.396376,0.0,0.120884,1.0,0.373621,0.116039,1,0,1,0,0
0.9,7.5,0.5,0.4,0.3,0.104678,0.264442,0.594995,0.999978,2.089541,0.115835,2.424156,5.916089,0.396376,0.0,0.120884,1.0,0.373621,0.115835,1,0,1,0,0
0.9,7.5,0.6,0.5,0.0,0.104678,0.264442,0.594995,0.999978,2.089541,0.116065,2.424156,5.916089,0.496376,0.0,0.120884,1.0,0.373621,0.116065,1,0,1,0,0
0.9,7.5,0.6,0.5,0.1,0.104678,0.264442,0.594995,0.999978,2.089541,0.116044,2.424156,5.916089,0.496376,0.0,0.120884,1.0,0.373621,0.116044,1,0,1,0,0
0.9,7.5,0.6,0.5,0.3,0.104678,0.264442,0.594995,0.999978,2.089541,0.115881,2.424156,5.916089,0.496376,0.0,0.120884,1.0,0.373621,0.115881,1,0,1,0,0
0.9,7.5,0.7,0.6,0.0,0.104678,0.264442,0.594995,0.999978,2.089541,0.116065,2.424156,5.916089,0.596376,0.0,0.120884,1.0,0.373621,0.116065,1,0,1,0,0
0.9,7.5,0.7,0.6,0.1,0.104678,0.264442,0.594995,0.999978,2.089541,0.116048,2.424156,5.916089,0.596376,0.0,0.120884,1.0,0.373621,0.116048,1,0,1,0,0
0.9,7.5,0.7,0.6,0.3,0.104678,0.264442,0.594995,0.999978,2.089541,0.115912,2.424156,5.916089,0.596376,0.0,0.120884,1.0,0.373621,0.115912,1,0,1,0,0
0.9,7.5,0.8,0.7,0.0,0.104678,0.264442,0.594995,0.999978,2.089541,0.116065,2.424156,5.916089,0.696376,0.0,0.120884,1.0,0.373621,0.116065,1,0,1,0,0
0.9,7.5,0.8,0.7,0.1,0.104678,0.264442,0.594995,0.999978,2.089541,0.11605,2.424156,5.916089,0.696376,0.0,0.120884,1.0,0.373621,0.11605,1,0,1,0,0
0.9,7.5,0.8,0.7,0.3,0.104678,0.264442,0.594995,0.999978,2.089541,0.115934,2.424156,5.916089,0.696376,0.0,0.120884,1.0,0.373621,0.115934,1,0,1,0,0
0.9,7.5,0.9,0.8,0.0,0.104678,0.264442,0.594995,0.999978,2.089541,0.116065,2.424156,5.916089,0.796376,0.0,0.120884,1.0,0.373621,0.116065,1,0,1,0,0
0.9,7.5,0.9,0.8,0.1,0.104678,0.264442,0.594995,0.999978,2.089541,0.116052,2.424156,5.916089,0.796376,0.0,0.120884,1.0,0.373621,0.116052,1,0,1,0,0
0.9,7.5,0.9,0.8,0.3,0.104678,0.264442,0.594995,0.999978,2.089541,0.11595,2.424156,5.916089,0.796376,0.0,0.120884,1.0,0.373621,0.11595,1,0,1,0,0
0.9,7.5,1.0,0.9,0.0,0.104678,0.264442,0.594995,0.999978,2.089541,0.116065,2.424156,5.916089,0.896376,0.0,0.120884,1.0,0.373621,0.116065,1,0,1,0,0
0.9,7.5,1.0,0.9,0.1,0.104678,0.264442,0.594995,0.999978,2.089541,0.116053,2.424156,5.916089,0.896376,0.0,0.120884,1.0,0.373621,0.116053,1,0,1,0,0
0.9,7.5,1.0,0.9,0.3,0.104678,0.264442,0.594995,0.999978,2.089541,0.115963,2.424156,5.916089,0.896376,0.0,0.120884,1.0,0.373621,0.115963,1,0,1,0,0
0.9,10.0,0.3,0.2,0.0,0.140199,0.264442,0.594995,0.999978,2.089541,0.116065,3.238603,7.90144,0.161213,0.0,0.161498,1.0,0.387159,0.116065,1,0,1,0,0
0.9,10.0,0.3,0.2,0.1,0.140199,0.264442,0.594995,0.999978,2.089541,0.116014,3.238603,7.90144,0.161213,0.0,0.161498,1.0,0.387159,0.116014,1,0,1,0,0
0.9,10.0,0.3,0.2,0.3,0.140199,0.264442,0.594995,0.999978,2.089541,0.115606,3.238603,7.90144,0.161213,0.0,0.161498,1.0,0.387159,0.115606,1,0,1,0,0
0.9,10.0,0.4,0.3,0.0,0.140199,0.264442,0.594995,0.999978,2.089541,0.116065,3.238603,7.90144,0.261213,0.0,0.161498,1.0,0.387159,0.116065,1,0,1,0,0
0.9,10.0,0.4,0.3,0.1,0.140199,0.264442,0.594995,0.999978,2.089541,0.116031,3.238603,7.90144,0.261213,0.0,0.161498,1.0,0.387159,0.116031,1,0,1,0,0
0.9,10.0,0.4,0.3,0.3,0.140199,0.264442,0.594995,0.999978,2.089541,0.115759,3.238603,7.90144,0.261213,0.0,0.161498,1.0,0.387159,0.115759,1,0,1,0,0
0.9,10.0,0.5,0.4,0.0,0.140199,0.264442,0.594995,0.999978,2.089541,0.116065,3.238603,7.90144,0.361213,0.0,0.161498,1.0,0.387159,0.116065,1,0,1,0,0
0.9,10.0,0.5,0.4,0.1,0.140199,0.264442,0.594995,0.999978,2.089541,0.116039,3.238603,7.90144,0.361213,0.0,0.161498,1.0,0.387159,0.116039,1,0,1,0,0
0.9,10.0,0.5,0.4,0.3,0.140199,0.264442,0.594995,0.999978,2.089541,0.115835,3.238603,7.90144,0.361213,0.0,0.161498,1.0,0.387159,0.115835,1,0,1,0,0
0.9,10.0,0.6,0.5,0.0,0.140199,0.264442,0.594995,0.999978,2.089541,0.116065,3.238603,7.90144,0.461213,0.0,0.161498,1.0,0.387159,0.116065,1,0,1,0,0
0.9,10.0,0.6,0.5,0.1,0.140199,0.264442,0.594995,0.999978,2.089541,0.116044,3.238603,7.90144,0.461213,0.0,0.161498,1.0,0.387159,0.116044,1,0,1,0,0
0.9,10.0,0.6,0.5,0.3,0.140199,0.264442,0.594995,0.999978,2.089541,0.115881,3.238603,7.90144,0.461213,0.0,0.161498,1.0,0.387159,0.115881,1,0,1,0,0
0.9,10.0,0.7,0.6,0.0,0.140199,0.264442,0.594995,0.999978,2.089541,0.116065,3.238603,7.90144,0.561213,0.0,0.161498,1.0,0.387159,0.116065,1,0,1,0,0
0.9,10.0,0.7,0.6,0.1,0.140199,0.264442,0.594995,0.999978,2.089541,0.116048,3.238603,7.90144,0.561213,0.0,0.161498,1.0,0.387159,0.116048,1,0,1,0,0
0.9,10.0,0.7,0.6,0.3,0.140199,0.264442,0.594995,0.999978,2.089541,0.115912,3.238603,7.90144,0.561213,0.0,0.161498,1.0,0.387159,0.115912,1,0,1,0,0
0.9,10.0,0.8,0.7,0.0,0.140199,0.264442,0.594995,0.999978,2.089541,0.116065,3.238603,7.90144,0.661213,0.0,0.161498,1.0,0.387159,0.116065,1,0,1,0,0
0.9,10.0,0.8,0.7,0.1,0.140199,0.264442,0.594995,0.999978,2.089541,0.11605,3.238603,7.90144,0.661213,0.0,0.161498,1.0,0.387159,0.11605,1,0,1,0,0
0.9,10.0,0.8,0.7,0.3,0.140199,0.264442,0.594995,0.999978,2.089541,0.115934,3.238603,7.90144,0.661213,0.0,0.161498,1.0,0.387159,0.115934,1,0,1,0,0
0.9,10.0,0.9,0.8,0.0,0.140199,0.264442,0.594995,0.999978,2.089541,0.116065,3.238603,7.90144,0.761213,0.0,0.161498,1.0,0.387159,0.116065,1,0,1,0,0
0.9,10.0,0.9,0.8,0.1,0.140199,0.264442,0.594995,0.999978,2.089541,0.116052,3.238603,7.90144,0.761213,0.0,0.161498,1.0,0.387159,0.116052,1,0,1,0,0
0.9,10.0,0.9,0.8,0.3,0.140199,0.264442,0.594995,0.999978,2.089541,0.11595,3.238603,7.90144,0.761213,0.0,0.161498,1.0,0.387159,0.11595,1,0,1,0,0
0.9,10.0,1.0,0.9,0.0,0.140199,0.264442,0.594995,0.999978,2.089541,0.116065,3.238603,7.90144,0.861213,0.0,0.161498,1.0,0.387159,0.116065,1,0,1,0,0
0.9,10.0,1.0,0.9,0.1,0.140199,0.264442,0.594995,0.999978,2.089541,0.116053,3.238603,7.90144,0.861213,0.0,0.161498,1.0,0.387159,0.116053,1,0,1,0,0
0.9,10.0,1.0,0.9,0.3,0.140199,0.264442,0.594995,0.999978,2.089541,0.115963,3.238603,7.90144,0.861213,0.0,0.161498,1.0,0.387159,0.115963,1,0,1,0,0
0.9,12.5,0.3,0.2,0.0,0.176271,0.264442,0.594995,0.999978,2.089541,0.116065,4.058731,9.898225,0.125504,0.007655,0.202395,1.0,0.403343,0.115176,1,0,1,0,0
0.9,12.5,0.3,0.2,0.1,0.176271,0.264442,0.594995,0.999978,2.089541,0.116014,4.058731,9.898225,0.125504,0.007655,0.202395,1.0,0.403343,0.115125,1,0,1,0,0
0.9,12.5,0.3,0.2,0.3,0.176271,0.264442,0.594995,0.999978,2.089541,0.115606,4.058731,9.898225,0.125504,0.007655,0.202395,1.0,0.403343,0.114721,1,0,1,0,0
0.9,12.5,0.4,0.3,0.0,0.176271,0.264442,0.594995,0.999978,2.089541,0.116065,4.058731,9.898225,0.225504,0.0,0.202395,1.0,0.400791,0.116065,1,0,1,0,0
0.9,12.5,0.4,0.3,0.1,0.176271,0.264442,0.594995,0.999978,2.089541,0.116031,4.058731,9.898225,0.225504,0.0,0.202395,1.0,0.400791,0.116031,1,0,1,0,0
0.9,12.5,0.4,0.3,0.3,0.176271,0.264442,0.594995,0.999978,2.089541,0.115759,4.058731,9.898225,0.225504,0.0,0.202395,1.0,0.400791,0.115759,1,0,1,0,0
0.9,12.5,0.5,0.4,0.0,0.176271,0.264442,0.594995,0.999978,2.089541,0.116065,4.058731,9.898225,0.325504,0.0,0.202395,1.0,0.400791,0.116065,1,0,1,0,0
0.9,12.5,0.5,0.4,0.1,0.176271,0.264442,0.594995,0.999978,2.089541,0.116039,4.058731,9.898225,0.325504,0.0,0.202395,1.0,0.400791,0.116039,1,0,1,0,0
0.9,12.5,0.5,0.4,0.3,0.176271,0.264442,0.594995,0.999978,2.089541,0.115835,4.058731,9.898225,0.325504,0.0,0.202395,1.0,0.400791,0.115835,1,0,1,0,0
0.9,12.5,0.6,0.5,0.0,0.176271,0.264442,0.594995,0.999978,2.089541,0.116065,4.058731,9.898225,0.425504,0.0,0.202395,1.0,0.400791,0.116065,1,0,1,0,0
0.9,12.5,0.6,0.5,0.1,0.176271,0.264442,0.594995,0.999978,2.089541,0.116044,4.058731,9.898225,0.425504,0.0,0.202395,1.0,0.400791,0.116044,1,0,1,0,0
0.9,12.5,0.6,0.5,0.3,0.176271,0.264442,0.594995,0.999978,2.089541,0.115881,4.058731,9.898225,0.425504,0.0,0.202395,1.0,0.400791,0.115881,1,0,1,0,0
0.9,12.5,0.7,0.6,0.0,0.176271,0.264442,0.594995,0.999978,2.089541,0.116065,4.058731,9.898225,0.525504,0.0,0.202395,1.0,0.400791,0.116065,1,0,1,0,0
0.9,12.5,0.7,0.6,0.1,0.176271,0.264442,0.594995,0.999978,2.089541,0.116048,4.058731,9.898225,0.525504,0.0,0.202395,1.0,0.400791,0.116048,1,0,1,0,0
0.9,12.5,0.7,0.6,0.3,0.176271,0.264442,0.594995,0.999978,2.089541,0.115912,4.058731,9.898225,0.525504,0.0,0.202395,1.0,0.400791,0.115912,1,0,1,0,0
0.9,12.5,0.8,0.7,0.0,0.176271,0.264442,0.594995,0.999978,2.089541,0.116065,4.058731,9.898225,0.625504,0.0,0.202395,1.0,0.400791,0.116065,1,0,1,0,0
0.9,12.5,0.8,0.7,0.1,0.176271,0.264442,0.594995,0.999978,2.089541,0.11605,4.058731,9.898225,0.625504,0.0,0.202395,1.0,0.400791,0.11605,1,0,1,0,0
0.9,12.5,0.8,0.7,0.3,0.176271,0.264442,0.594995,0.999978,2.089541,0.115934,4.058731,9.898225,0.625504,0.0,0.202395,1.0,0.400791,0.115934,1,0,1,0,0
0.9,12.5,0.9,0.8,0.0,0.176271,0.264442,0.594995,0.999978,2.089541,0.116065,4.058731,9.898225,0.725504,0.0,0.202395,1.0,0.400791,0.116065,1,0,1,0,0
0.9,12.5,0.9,0.8,0.1,0.176271,0.264442,0.594995,0.999978,2.089541,0.116052,4.058731,9.898225,0.725504,0.0,0.202395,1.0,0.400791,0.116052,1,0,1,0,0
0.9,12.5,0.9,0.8,0.3,0.176271,0.264442,0.594995,0.999978,2.089541,0.11595,4.058731,9.898225,0.725504,0.0,0.202395,1.0,0.400791,0.11595,1,0,1,0,0
0.9,12.5,1.0,0.9,0.0,0.176271,0.264442,0.594995,0.999978,2.089541,0.116065,4.058731,9.898225,0.825504,0.0,0.202395,1.0,0.400791,0.116065,1,0,1,0,0
0.9,12.5,1.0,0.9,0.1,0.176271,0.264442,0.594995,0.999978,2.089541,0.116053,4.058731,9.898225,0.825504,0.0,0.202395,1.0,0.400791,0.116053,1,0,1,0,0
0.9,12.5,1.0,0.9,0.3,0.176271,0.264442,0.594995,0.999978,2.089541,0.115963,4.058731,9.898225,0.825504,0.0,0.202395,1.0,0.400791,0.115963,1,0,1,0,0
0.9,15.0,0.3,0.2,0.0,0.213048,0.264442,0.594995,0.999978,2.089541,0.116065,4.886207,11.909322,0.089097,0.027111,0.242113,0.998454,0.423067,0.112743,1,0,1,0,0
0.9,15.0,0.3,0.2,0.1,0.213048,0.264442,0.594995,0.999978,2.089541,0.116014,4.886207,11.909322,0.089097,0.027111,0.242113,0.998454,0.423067,0.112694,1,0,1,0,0
0.9,15.0,0.3,0.2,0.3,0.213048,0.264442,0.594995,0.999978,2.089541,0.115606,4.886207,11.909322,0.089097,0.027111,0.242113,0.998454,0.423067,0.112298,1,0,1,0,0
0.9,15.0,0.4,0.3,0.0,0.213048,0.264442,0.594995,0.999978,2.089541,0.116065,4.886207,11.909322,0.189097,0.001881,0.242113,0.998454,0.414657,0.115667,1,0,1,0,0
0.9,15.0,0.4,0.3,0.1,0.213048,0.264442,0.594995,0.999978,2.089541,0.116031,4.886207,11.909322,0.189097,0.001881,0.242113,0.998454,0.414657,0.115633,1,0,1,0,0
0.9,15.0,0.4,0.3,0.3,0.213048,0.264442,0.594995,0.999978,2.089541,0.115759,4.886207,11.909322,0.189097,0.001881,0.242113,0.998454,0.414657,0.115363,1,0,1,0,0
0.9,15.0,0.5,0.4,0.0,0.213048,0.264442,0.594995,0.999978,2.089541,0.116065,4.886207,11.909322,0.289097,0.0,0.242113,0.998454,0.41403,0.115885,1,0,1,0,0
0.9,15.0,0.5,0.4,0.1,0.213048,0.264442,0.594995,0.999978,2.089541,0.116039,4.886207,11.909322,0.289097,0.0,0.242113,0.998454,0.41403,0.11586,1,0,1,0,0
0.9,15.0,0.5,0.4,0.3,0.213048,0.264442,0.594995,0.999978,2.089541,0.115835,4.886207,11.909322,0.289097,0.0,0.242113,0.998454,0.41403,0.115656,1,0,1,0,0
0.9,15.0,0.6,0.5,0.0,0.213048,0.264442,0.594995,0.999978,2.089541,0.116065,4.886207,11.909322,0.389097,0.0,0.242113,0.998454,0.41403,0.115885,1,0,1,0,0
0.9,15.0,0.6,0.5,0.1,0.213048,0.264442,0.594995,0.999978,2.089541,0.116044,4.886207,11.909322,0.389097,0.0,0.242113,0.998454,0.41403,0.115865,1,0,1,0,0
0.9,15.0,0.6,0.5,0.3,0.213048,0.264442,0.594995,0.999978,2.089541,0.115881,4.886207,11.909322,0.389097,0.0,0.242113,0.998454,0.41403,0.115702,1,0,1,0,0
0.9,15.0,0.7,0.6,0.0,0.213048,0.264442,0.594995,0.999978,2.089541,0.116065,4.886207,11.909322,0.489097,0.0,0.242113,0.998454,0.41403,0.115885,1,0,1,0,0
0.9,15.0,0.7,0.6,0.1,0.213048,0.264442,0.594995,0.999978,2.089541,0.116048,4.886207,11.909322,0.489097,0.0,0.242113,0.998454,0.41403,0.115868,1,0,1,0,0
0.9,15.0,0.7,0.6,0.3,0.213048,0.264442,0.594995,0.999978,2.089541,0.115912,4.886207,11.909322,0.489097,0.0,0.242113,0.998454,0.41403,0.115733,1,0,1,0,0
0.9,15.0,0.8,0.7,0.0,0.213048,0.264442,0.594995,0.999978,2.089541,0.116065,4.886207,11.909322,0.589097,0.0,0.242113,0.998454,0.41403,0.115885,1,0,1,0,0
0.9,15.0,0.8,0.7,0.1,0.213048,0.264442,0.594995,0.999978,2.089541,0.11605,4.886207,11.909322,0.589097,0.0,0.242113,0.998454,0.41403,0.115871,1,0,1,0,0
0.9,15.0,0.8,0.7,0.3,0.213048,0.264442,0.594995,0.999978,2.089541,0.115934,4.886207,11.909322,0.589097,0.0,0.242113,0.998454,0.41403,0.115754,1,0,1,0,0
0.9,15.0,0.9,0.8,0.0,0.213048,0.264442,0.594995,0.999978,2.089541,0.116065,4.886207,11.909322,0.689097,0.0,0.242113,0.998454,0.41403,0.115885,1,0,1,0,0
0.9,15.0,0.9,0.8,0.1,0.213048,0.264442,0.594995,0.999978,2.089541,0.116052,4.886207,11.909322,0.689097,0.0,0.242113,0.998454,0.41403,0.115872,1,0,1,0,0
0.9,15.0,0.9,0.8,0.3,0.213048,0.264442,0.594995,0.999978,2.089541,0.11595,4.886207,11.909322,0.689097,0.0,0.242113,0.998454,0.41403,0.115771,1,0,1,0,0
0.9,15.0,1.0,0.9,0.0,0.213048,0.264442,0.594995,0.999978,2.089541,0.116065,4.886207,11.909322,0.789097,0.0,0.242113,0.998454,0.41403,0.115885,1,0,1,0,0
0.9,15.0,1.0,0.9,0.1,0.213048,0.264442,0.594995,0.999978,2.089541,0.116053,4.886207,11.909322,0.789097,0.0,0.242113,0.998454,0.41403,0.115874,1,0,1,0,0
0.9,15.0,1.0,0.9,0.3,0.213048,0.264442,0.594995,0.999978,2.089541,0.115963,4.886207,11.909322,0.789097,0.0,0.242113,0.998454,0.41403,0.115783,1,0,1,0,0
0.9,17.5,0.3,0.2,0.0,0.250696,0.264442,0.594995,0.999978,2.089541,0.116065,5.722859,13.937619,0.051828,0.0513,0.279733,0.994354,0.44367,0.109489,1,0,1,0,0
0.9,17.5,0.3,0.2,0.1,0.250696,0.264442,0.594995,0.999978,2.089541,0.116014,5.722859,13.937619,0.051828,0.0513,0.279733,0.994354,0.44367,0.109441,1,0,1,0,0
0.9,17.5,0.3,0.2,0.3,0.250696,0.264442,0.594995,0.999978,2.089541,0.115606,5.722859,13.937619,0.051828,0.0513,0.279733,0.994354,0.44367,0.109056,1,0,1,0,0
0.9,17.5,0.4,0.3,0.0,0.250696,0.264442,0.594995,0.999978,2.089541,0.116065,5.722859,13.937619,0.151828,0.01211,0.279733,0.994354,0.430607,0.114012,1,0,1,0,0
0.9,17.5,0.4,0.3,0.1,0.250696,0.264442,0.594995,0.999978,2.089541,0.116031,5.722859,13.937619,0.151828,0.01211,0.279733,0.994354,0.430607,0.113978,1,0,1,0,0
0.9,17.5,0.4,0.3,0.3,0.250696,0.264442,0.594995,0.999978,2.089541,0.115759,5.722859,13.937619,0.151828,0.01211,0.279733,0.994354,0.430607,0.113711,1,0,1,0,0
0.9,17.5,0.5,0.4,0.0,0.250696,0.264442,0.594995,0.999978,2.089541,0.116065,5.722859,13.937619,0.251828,0.000371,0.279733,0.994354,0.426694,0.115366,1,0,1,0,0
0.9,17.5,0.5,0.4,0.1,0.250696,0.264442,0.594995,0.999978,2.089541,0.116039,5.722859,13.937619,0.251828,0.000371,0.279733,0.994354,0.426694,0.115341,1,0,1,0,0
0.9,17.5,0.5,0.4,0.3,0.250696,0.264442,0.594995,0.999978,2.089541,0.115835,5.722859,13.937619,0.251828,0.000371,0.279733,0.994354,0.426694,0.115138,1,0,1,0,0
0.9,17.5,0.6,0.5,0.0,0.250696,0.264442,0.594995,0.999978,2.089541,0.116065,5.722859,13.937619,0.351828,0.0,0.279733,0.994354,0.42657,0.115409,1,0,1,0,0
0.9,17.5,0.6,0.5,0.1,0.250696,0.264442,0.594995,0.999978,2.089541,0.116044,5.722859,13.937619,0.351828,0.0,0.279733,0.994354,0.42657,0.115389,1,0,1,0,0
0.9,17.5,0.6,0.5,0.3,0.250696,0.264442,0.594995,0.999978,2.089541,0.115881,5.722859,13.937619,0.351828,0.0,0.279733,0.994354,0.42657,0.115227,1,0,1,0,0
0.9,17.5,0.7,0.6,0.0,0.250696,0.264442,0.594995,0.999978,2.089541,0.116065,5.722859,13.937619,0.451828,0.0,0.279733,0.994354,0.42657,0.115409,1,0,1,0,0
0.9,17.5,0.7,0.6,0.1,0.250696,0.264442,0.594995,0.999978,2.089541,0.116048,5.722859,13.937619,0.451828,0.0,0.279733,0.994354,0.42657,0.115392,1,0,1,0,0
0.9,17.5,0.7,0.6,0.3,0.250696,0.264442,0.594995,0.999978,2.089541,0.115912,5.722859,13.937619,0.451828,0.0,0.279733,0.994354,0.42657,0.115257,1,0,1,0,0
0.9,17.5,0.8,0.7,0.0,0.250696,0.264442,0.594995,0.999978,2.089541,0.116065,5.722859,13.937619,0.551828,0.0,0.279733,0.994354,0.42657,0.115409,1,0,1,0,0
0.9,17.5,0.8,0.7,0.1,0.250696,0.264442,0.594995,0.999978,2.089541,0.11605,5.722859,13.937619,0.551828,0.0,0.279733,0.994354,0.42657,0.115395,1,0,1,0,0
0.9,17.5,0.8,0.7,0.3,0.250696,0.264442,0.594995,0.999978,2.089541,0.115934,5.722859,13.937619,0.551828,0.0,0.279733,0.994354,0.42657,0.115279,1,0,1,0,0
0.9,17.5,0.9,0.8,0.0,0.250696,0.264442,0.594995,0.999978,2.089541,0.116065,5.722859,13.937619,0.651828,0.0,0.279733,0.994354,0.42657,0.115409,1,0,1,0,0
0.9,17.5,0.9,0.8,0.1,0.250696,0.264442,0.594995,0.999978,2.089541,0.116052,5.722859,13.937619,0.651828,0.0,0.279733,0.994354,0.42657,0.115397,1,0,1,0,0
0.9,17.5,0.9,0.8,0.3,0.250696,0.264442,0.594995,0.999978,2.089541,0.11595,5.722859,13.937619,0.651828,0.0,0.279733,0.994354,0.42657,0.115295,1,0,1,0,0
0.9,17.5,1.0,0.9,0.0,0.250696,0.264442,0.594995,0.999978,2.089541,0.116065,5.722859,13.937619,0.751828,0.0,0.279733,0.994354,0.42657,0.115409,1,0,1,0,0
0.9,17.5,1.0,0.9,0.1,0.250696,0.264442,0.594995,0.999978,2.089541,0.116053,5.722859,13.937619,0.751828,0.0,0.279733,0.994354,0.42657,0.115398,1,0,1,0,0
0.9,17.5,1.0,0.9,0.3,0.250696,0.264442,0.594995,0.999978,2.089541,0.115963,5.722859,13.937619,0.751828,0.0,0.279733,0.994354,0.42657,0.115308,1,0,1,0,0
0.9,20.0,0.3,0.2,0.0,0.289395,0.264442,0.594995,0.999978,2.089541,0.116065,6.570705,15.986012,0.013519,0.077579,0.315355,0.987697,0.464304,0.105743,1,0,1,0,0
0.9,20.0,0.3,0.2,0.1,0.289395,0.264442,0.594995,0.999978,2.089541,0.116014,6.570705,15.986012,0.013519,0.077579,0.315355,0.987697,0.464304,0.105697,1,0,1,0,0
0.9,20.0,0.3,0.2,0.3,0.289395,0.264442,0.594995,0.999978,2.089541,0.115606,6.570705,15.986012,0.013519,0.077579,0.315355,0.987697,0.464304,0.105325,1,0,1,0,0
0.9,20.0,0.4,0.3,0.0,0.289395,0.264442,0.594995,0.999978,2.089541,0.116065,6.570705,15.986012,0.113519,0.029791,0.315355,0.987697,0.448375,0.111222,1,0,1,0,0
0.9,20.0,0.4,0.3,0.1,0.289395,0.264442,0.594995,0.999978,2.089541,0.116031,6.570705,15.986012,0.113519,0.029791,0.315355,0.987697,0.448375,0.111189,1,0,1,0,0
0.9,20.0,0.4,0.3,0.3,0.289395,0.264442,0.594995,0.999978,2.089541,0.115759,6.570705,15.986012,0.113519,0.029791,0.315355,0.987697,0.448375,0.110929,1,0,1,0,0
0.9,20.0,0.5,0.4,0.0,0.289395,0.264442,0.594995,0.999978,2.089541,0.116065,6.570705,15.986012,0.213519,0.006655,0.315355,0.987697,0.440663,0.113874,1,0,1,0,0
0.9,20.0,0.5,0.4,0.1,0.289395,0.264442,0.594995,0.999978,2.089541,0.116039,6.570705,15.986012,0.213519,0.006655,0.315355,0.987697,0.440663,0.113849,1,0,1,0,0
0.9,20.0,0.5,0.4,0.3,0.289395,0.264442,0.594995,0.999978,2.089541,0.115835,6.570705,15.986012,0.213519,0.006655,0.315355,0.987697,0.440663,0.113649,1,0,1,0,0
0.9,20.0,0.6,0.5,0.0,0.289395,0.264442,0.594995,0.999978,2.089541,0.116065,6.570705,15.986012,0.313519,0.0,0.315355,0.987697,0.438444,0.114637,1,0,1,0,0
0.9,20.0,0.6,0.5,0.1,0.289395,0.264442,0.594995,0.999978,2.089541,0.116044,6.570705,15.986012,0.313519,0.0,0.315355,0.987697,0.438444,0.114616,1,0,1,0,0
0.9,20.0,0.6,0.5,0.3,0.289395,0.264442,0.594995,0.999978,2.089541,0.115881,6.570705,15.986012,0.313519,0.0,0.315355,0.987697,0.438444,0.114455,1,0,1,0,0
0.9,20.0,0.7,0.6,0.0,0.289395,0.264442,0.594995,0.999978,2.089541,0.116065,6.570705,15.986012,0.413519,0.0,0.315355,0.987697,0.438444,0.114637,1,0,1,0,0
0.9,20.0,0.7,0.6,0.1,0.289395,0.264442,0.594995,0.999978,2.089541,0.116048,6.570705,15.986012,0.413519,0.0,0.315355,0.987697,0.438444,0.11462,1,0,1,0,0
0.9,20.0,0.7,0.6,0.3,0.289395,0.264442,0.594995,0.999978,2.089541,0.115912,6.570705,15.986012,0.413519,0.0,0.315355,0.987697,0.438444,0.114486,1,0,1,0,0
0.9,20.0,0.8,0.7,0.0,0.289395,0.264442,0.594995,0.999978,2.089541,0.116065,6.570705,15.986012,0.513519,0.0,0.315355,0.987697,0.438444,0.114637,1,0,1,0,0
0.9,20.0,0.8,0.7,0.1,0.289395,0.264442,0.594995,0.999978,2.089541,0.11605,6.570705,15.986012,0.513519,0.0,0.315355,0.987697,0.438444,0.114622,1,0,1,0,0
0.9,20.0,0.8,0.7,0.3,0.289395,0.264442,0.594995,0.999978,2.089541,0.115934,6.570705,15.986012,0.513519,0.0,0.315355,0.987697,0.438444,0.114507,1,0,1,0,0
0.9,20.0,0.9,0.8,0.0,0.289395,0.264442,0.594995,0.999978,2.089541,0.116065,6.570705,15.986012,0.613519,0.0,0.315355,0.987697,0.438444,0.114637,1,0,1,0,0
0.9,20.0,0.9,0.8,0.1,0.289395,0.264442,0.594995,0.999978,2.089541,0.116052,6.570705,15.986012,0.613519,0.0,0.315355,0.987697,0.438444,0.114624,1,0,1,0,0
0.9,20.0,0.9,0.8,0.3,0.289395,0.264442,0.594995,0.999978,2.089541,0.11595,6.570705,15.986012,0.613519,0.0,0.315355,0.987697,0.438444,0.114523,1,0,1,0,0
0.9,20.0,1.0,0.9,0.0,0.289395,0.264442,0.594995,0.999978,2.089541,0.116065,6.570705,15.986012,0.713519,0.0,0.315355,0.987697,0.438444,0.114637,1,0,1,0,0
0.9,20.0,1.0,0.9,0.1,0.289395,0.264442,0.594995,0.999978,2.089541,0.116053,6.570705,15.986012,0.713519,0.0,0.315355,0.987697,0.438444,0.114625,1,0,1,0,0
0.9,20.0,1.0,0.9,0.3,0.289395,0.264442,0.594995,0.999978,2.089541,0.115963,6.570705,15.986012,0.713519,0.0,0.315355,0.987697,0.438444,0.114536,1,0,1,0,0
0.9,22.5,0.3,0.2,0.0,0.329344,0.264442,0.594995,0.999978,2.089541,0.116065,7.431985,18.057406,-0.026028,0.110111,0.350799,0.980191,0.486963,0.101239,1,0,0,0,0
0.9,22.5,0.3,0.2,0.1,0.329344,0.264442,0.594995,0.999978,2.089541,0.116014,7.431985,18.057406,-0.026028,0.110111,0.350799,0.980191,0.486963,0.101194,1,0,0,0,0
0.9,22.5,0.3,0.2,0.3,0.329344,0.264442,0.594995,0.999978,2.089541,0.115606,7.431985,18.057406,-0.026028,0.110111,0.350799,0.980191,0.486963,0.100839,1,0,0,0,0
0.9,22.5,0.4,0.3,0.0,0.329344,0.264442,0.594995,0.999978,2.089541,0.116065,7.431985,18.057406,0.073972,0.049147,0.350799,0.980191,0.466641,0.108174,1,0,1,0,0
0.9,22.5,0.4,0.3,0.1,0.329344,0.264442,0.594995,0.999978,2.089541,0.116031,7.431985,18.057406,0.073972,0.049147,0.350799,0.980191,0.466641,0.108143,1,0,1,0,0
0.9,22.5,0.4,0.3,0.3,0.329344,0.264442,0.594995,0.999978,2.089541,0.115759,7.431985,18.057406,0.073972,0.049147,0.350799,0.980191,0.466641,0.107889,1,0,1,0,0
0.9,22.5,0.5,0.4,0.0,0.329344,0.264442,0.594995,0.999978,2.089541,0.116065,7.431985,18.057406,0.173972,0.017957,0.350799,0.980191,0.456245,0.111723,1,0,1,0,0
0.9,22.5,0.5,0.4,0.1,0.329344,0.264442,0.594995,0.999978,2.089541,0.116039,7.431985,18.057406,0.173972,0.017957,0.350799,0.980191,0.456245,0.111698,1,0,1,0,0
0.9,22.5,0.5,0.4,0.3,0.329344,0.264442,0.594995,0.999978,2.089541,0.115835,7.431985,18.057406,0.173972,0.017957,0.350799,0.980191,0.456245,0.111502,1,0,1,0,0
0.9,22.5,0.6,0.5,0.0,0.329344,0.264442,0.594995,0.999978,2.089541,0.116065,7.431985,18.057406,0.273972,0.00318,0.350799,0.980191,0.451319,0.113404,1,0,1,0,0
0.9,22.5,0.6,0.5,0.1,0.329344,0.264442,0.594995,0.999978,2.089541,0.116044,7.431985,18.057406,0.273972,0.00318,0.350799,0.980191,0.451319,0.113384,1,0,1,0,0
0.9,22.5,0.6,0.5,0.3,0.329344,0.264442,0.594995,0.999978,2.089541,0.115881,7.431985,18.057406,0.273972,0.00318,0.350799,0.980191,0.451319,0.113224,1,0,1,0,0
0.9,22.5,0.7,0.6,0.0,0.329344,0.264442,0.594995,0.999978,2.089541,0.116065,7.431985,18.057406,0.373972,0.0,0.350799,0.980191,0.450259,0.113765,1,0,1,0,0
0.9,22.5,0.7,0.6,0.1,0.329344,0.264442,0.594995,0.999978,2.089541,0.116048,7.431985,18.057406,0.373972,0.0,0.350799,0.980191,0.450259,0.113749,1,0,1,0,0
0.9,22.5,0.7,0.6,0.3,0.329344,0.264442,0.594995,0.999978,2.089541,0.115912,7.431985,18.057406,0.373972,0.0,0.350799,0.980191,0.450259,0.113616,1,0,1,0,0
0.9,22.5,0.8,0.7,0.0,0.329344,0.264442,0.594995,0.999978,2.089541,0.116065,7.431985,18.057406,0.473972,0.0,0.350799,0.980191,0.450259,0.113765,1,0,1,0,0
0.9,22.5,0.8,0.7,0.1,0.329344,0.264442,0.594995,0.999978,2.089541,0.11605,7.431985,18.057406,0.473972,0.0,0.350799,0.980191,0.450259,0.113751,1,0,1,0,0
0.9,22.5,0.8,0.7,0.3,0.329344,0.264442,0.594995,0.999978,2.089541,0.115934,7.431985,18.057406,0.473972,0.0,0.350799,0.980191,0.450259,0.113637,1,0,1,0,0
0.9,22.5,0.9,0.8,0.0,0.329344,0.264442,0.594995,0.999978,2.089541,0.116065,7.431985,18.057406,0.573972,0.0,0.350799,0.980191,0.450259,0.113765,1,0,1,0,0
0.9,22.5,0.9,0.8,0.1,0.329344,0.264442,0.594995,0.999978,2.089541,0.116052,7.431985,18.057406,0.573972,0.0,0.350799,0.980191,0.450259,0.113753,1,0,1,0,0
0.9,22.5,0.9,0.8,0.3,0.329344,0.264442,0.594995,0.999978,2.089541,0.11595,7.431985,18.057406,0.573972,0.0,0.350799,0.980191,0.450259,0.113653,1,0,1,0,0
0.9,22.5,1.0,0.9,0.0,0.329344,0.264442,0.594995,0.999978,2.089541,0.116065,7.431985,18.057406,0.673972,0.0,0.350799,0.980191,0.450259,0.113765,1,0,1,0,0
0.9,22.5,1.0,0.9,0.1,0.329344,0.264442,0.594995,0.999978,2.089541,0.116053,7.431985,18.057406,0.673972,0.0,0.350799,0.980191,0.450259,0.113754,1,0,1,0,0
0.9,22.5,1.0,0.9,0.3,0.329344,0.264442,0.594995,0.999978,2.089541,0.115963,7.431985,18.057406,0.673972,0.0,0.350799,0.980191,0.450259,0.113666,1,0,1,0,0
0.9,25.0,0.3,0.2,0.0,0.370764,0.264442,0.594995,0.999978,2.089541,0.116065,8.309196,20.154705,-0.067031,0.141955,0.383126,0.968775,0.508353,0.096479,0,0,0,0,0
0.9,25.0,0.3,0.2,0.1,0.370764,0.264442,0.594995,0.999978,2.089541,0.116014,8.309196,20.154705,-0.067031,0.141955,0.383126,0.968775,0.508353,0.096437,0,0,0,0,0
0.9,25.0,0.3,0.2,0.3,0.370764,0.264442,0.594995,0.999978,2.089541,0.115606,8.309196,20.154705,-0.067031,0.141955,0.383126,0.968775,0.508353,0.096098,0,0,0,0,0
0.9,25.0,0.4,0.3,0.0,0.370764,0.264442,0.594995,0.999978,2.089541,0.116065,8.309196,20.154705,0.032969,0.068576,0.383126,0.968775,0.483893,0.10473,0,0,1,0,0
0.9,25.0,0.4,0.3,0.1,0.370764,0.264442,0.594995,0.999978,2.089541,0.116031,8.309196,20.154705,0.032969,0.068576,0.383126,0.968775,0.483893,0.104699,0,0,1,0,0
0.9,25.0,0.4,0.3,0.3,0.370764,0.264442,0.594995,0.999978,2.089541,0.115759,8.309196,20.154705,0.032969,0.068576,0.383126,0.968775,0.483893,0.104454,0,0,1,0,0
0.9,25.0,0.5,0.4,0.0,0.370764,0.264442,0.594995,0.999978,2.089541,0.116065,8.309196,20.154705,0.132969,0.033573,0.383126,0.968775,0.472225,0.108666,0,0,1,0,0
0.9,25.0,0.5,0.4,0.1,0.370764,0.264442,0.594995,0.999978,2.089541,0.116039,8.309196,20.154705,0.132969,0.033573,0.383126,0.968775,0.472225,0.108642,0,0,1,0,0
0.9,25.0,0.5,0.4,0.3,0.370764,0.264442,0.594995,0.999978,2.089541,0.115835,8.309196,20.154705,0.132969,0.033573,0.383126,0.968775,0.472225,0.108451,0,0,1,0,0
0.9,25.0,0.6,0.5,0.0,0.370764,0.264442,0.594995,0.999978,2.089541,0.116065,8.309196,20.154705,0.232969,0.010936,0.383126,0.968775,0.46468,0.111211,0,0,1,0,0
0.9,25.0,0.6,0.5,0.1,0.370764,0.264442,0.594995,0.999978,2.089541,0.116044,8.309196,20.154705,0.232969,0.010936,0.383126,0.968775,0.46468,0.111191,0,0,1,0,0
0.9,25.0,0.6,0.5,0.3,0.370764,0.264442,0.594995,0.999978,2.089541,0.115881,8.309196,20.154705,0.232969,0.010936,0.383126,0.968775,0.46468,0.111035,0,0,1,0,0
0.9,25.0,0.7,0.6,0.0,0.370764,0.264442,0.594995,0.999978,2.089541,0.116065,8.309196,20.154705,0.332969,0.001745,0.383126,0.968775,0.461616,0.112244,0,0,1,0,0
0.9,25.0,0.7,0.6,0.1,0.370764,0.264442,0.594995,0.999978,2.089541,0.116048,8.309196,20.154705,0.332969,0.001745,0.383126,0.968775,0.461616,0.112228,0,0,1,0,0
0.9,25.0,0.7,0.6,0.3,0.370764,0.264442,0.594995,0.999978,2.089541,0.115912,8.309196,20.154705,0.332969,0.001745,0.383126,0.968775,0.461616,0.112096,0,0,1,0,0
0.9,25.0,0.8,0.7,0.0,0.370764,0.264442,0.594995,0.999978,2.089541,0.116065,8.309196,20.154705,0.432969,0.0,0.383126,0.968775,0.461035,0.11244,0,0,1,0,0
0.9,25.0,0.8,0.7,0.1,0.370764,0.264442,0.594995,0.999978,2.089541,0.11605,8.309196,20.154705,0.432969,0.0,0.383126,0.968775,0.461035,0.112426,0,0,1,0,0
0.9,25.0,0.8,0.7,0.3,0.370764,0.264442,0.594995,0.999978,2.089541,0.115934,8.309196,20.154705,0.432969,0.0,0.383126,0.968775,0.461035,0.112313,0,0,1,0,0
0.9,25.0,0.9,0.8,0.0,0.370764,0.264442,0.594995,0.999978,2.089541,0.116065,8.309196,20.154705,0.532969,0.0,0.383126,0.968775,0.461035,0.11244,0,0,1,0,0
0.9,25.0,0.9,0.8,0.1,0.370764,0.264442,0.594995,0.999978,2.089541,0.116052,8.309196,20.154705,0.532969,0.0,0.383126,0.968775,0.461035,0.112428,0,0,1,0,0
0.9,25.0,0.9,0.8,0.3,0.370764,0.264442,0.594995,0.999978,2.089541,0.11595,8.309196,20.154705,0.532969,0.0,0.383126,0.968775,0.461035,0.112329,0,0,1,0,0
0.9,25.0,1.0,0.9,0.0,0.370764,0.264442,0.594995,0.999978,2.089541,0.116065,8.309196,20.154705,0.632969,0.0,0.383126,0.968775,0.461035,0.11244,0,0,1,0,0
0.9,25.0,1.0,0.9,0.1,0.370764,0.264442,0.594995,0.999978,2.089541,0.116053,8.309196,20.154705,0.632969,0.0,0.383126,0.968775,0.461035,0.112429,0,0,1,0,0
0.9,25.0,1.0,0.9,0.3,0.370764,0.264442,0.594995,0.999978,2.089541,0.115963,8.309196,20.154705,0.632969,0.0,0.383126,0.968775,0.461035,0.112342,0,0,1,0,0
0.9,27.5,0.3,0.2,0.0,0.413906,0.264442,0.594995,0.999978,2.089541,0.116065,9.20513,22.280809,-0.109739,0.171901,0.41356,0.954532,0.52848,0.091743,0,0,0,0,0
0.9,27.5,0.3,0.2,0.1,0.413906,0.264442,0.594995,0.999978,2.089541,0.116014,9.20513,22.280809,-0.109739,0.171901,0.41356,0.954532,0.52848,0.091703,0,0,0,0,0
0.9,27.5,0.3,0.2,0.3,0.413906,0.264442,0.594995,0.999978,2.089541,0.115606,9.20513,22.280809,-0.109739,0.171901,0.41356,0.954532,0.52848,0.09138,0,0,0,0,0
0.9,27.5,0.4,0.3,0.0,0.413906,0.264442,0.594995,0.999978,2.089541,0.116065,9.20513,22.280809,-0.009739,0.094355,0.41356,0.954532,0.502631,0.100334,0,0,0,0,0
0.9,27.5,0.4,0.3,0.1,0.413906,0.264442,0.594995,0.999978,2.089541,0.116031,9.20513,22.280809,-0.009739,0.094355,0.41356,0.954532,0.502631,0.100305,0,0,0,0,0
0.9,27.5,0.4,0.3,0.3,0.413906,0.264442,0.594995,0.999978,2.089541,0.115759,9.20513,22.280809,-0.009739,0.094355,0.41356,0.954532,0.502631,0.10007,0,0,0,0,0
0.9,27.5,0.5,0.4,0.0,0.413906,0.264442,0.594995,0.999978,2.089541,0.116065,9.20513,22.280809,0.090261,0.049907,0.41356,0.954532,0.487815,0.105258,0,0,1,0,0
0.9,27.5,0.5,0.4,0.1,0.413906,0.264442,0.594995,0.999978,2.089541,0.116039,9.20513,22.280809,0.090261,0.049907,0.41356,0.954532,0.487815,0.105235,0,0,1,0,0
0.9,27.5,0.5,0.4,0.3,0.413906,0.264442,0.594995,0.999978,2.089541,0.115835,9.20513,22.280809,0.090261,0.049907,0.41356,0.954532,0.487815,0.10505,0,0,1,0,0
0.9,27.5,0.6,0.5,0.0,0.413906,0.264442,0.594995,0.999978,2.089541,0.116065,9.20513,22.280809,0.190261,0.023269,0.41356,0.954532,0.478936,0.108209,0,0,1,0,0
0.9,27.5,0.6,0.5,0.1,0.413906,0.264442,0.594995,0.999978,2.089541,0.116044,9.20513,22.280809,0.190261,0.023269,0.41356,0.954532,0.478936,0.10819,0,0,1,0,0
0.9,27.5,0.6,0.5,0.3,0.413906,0.264442,0.594995,0.999978,2.089541,0.115881,9.20513,22.280809,0.190261,0.023269,0.41356,0.954532,0.478936,0.108038,0,0,1,0,0
0.9,27.5,0.7,0.6,0.0,0.413906,0.264442,0.594995,0.999978,2.089541,0.116065,9.20513,22.280809,0.290261,0.008071,0.41356,0.954532,0.47387,0.109893,0,0,1,0,0
0.9,27.5,0.7,0.6,0.1,0.413906,0.264442,0.594995,0.999978,2.089541,0.116048,9.20513,22.280809,0.290261,0.008071,0.41356,0.954532,0.47387,0.109877,0,0,1,0,0
0.9,27.5,0.7,0.6,0.3,0.413906,0.264442,0.594995,0.999978,2.089541,0.115912,9.20513,22.280809,0.290261,0.008071,0.41356,0.954532,0.47387,0.109748,0,0,1,0,0
0.9,27.5,0.8,0.7,0.0,0.413906,0.264442,0.594995,0.999978,2.089541,0.116065,9.20513,22.280809,0.390261,0.001167,0.41356,0.954532,0.471568,0.110658,0,0,1,0,0
0.9,27.5,0.8,0.7,0.1,0.413906,0.264442,0.594995,0.999978,2.089541,0.11605,9.20513,22.280809,0.390261,0.001167,0.41356,0.954532,0.471568,0.110644,0,0,1,0,0
0.9,27.5,0.8,0.7,0.3,0.413906,0.264442,0.594995,0.999978,2.089541,0.115934,9.20513,22.280809,0.390261,0.001167,0.41356,0.954532,0.471568,0.110533,0,0,1,0,0
0.9,27.5,0.9,0.8,0.0,0.413906,0.264442,0.594995,0.999978,2.089541,0.116065,9.20513,22.280809,0.490261,0.0,0.41356,0.954532,0.471179,0.110787,0,0,1,0,0
0.9,27.5,0.9,0.8,0.1,0.413906,0.264442,0.594995,0.999978,2.089541,0.116052,9.20513,22.280809,0.490261,0.0,0.41356,0.954532,0.471179,0.110775,0,0,1,0,0
0.9,27.5,0.9,0.8,0.3,0.413906,0.264442,0.594995,0.999978,2.089541,0.11595,9.20513,22.280809,0.490261,0.0,0.41356,0.954532,0.471179,0.110678,0,0,1,0,0
0.9,27.5,1.0,0.9,0.0,0.413906,0.264442,0.594995,0.999978,2.089541,0.116065,9.20513,22.280809,0.590261,0.0,0.41356,0.954532,0.471179,0.110787,0,0,1,0,0
0.9,27.5,1.0,0.9,0.1,0.413906,0.264442,0.594995,0.999978,2.089541,0.116053,9.20513,22.280809,0.590261,0.0,0.41356,0.954532,0.471179,0.110777,0,0,1,0,0
0.9,27.5,1.0,0.9,0.3,0.413906,0.264442,0.594995,0.999978,2.089541,0.115963,9.20513,22.280809,0.590261,0.0,0.41356,0.954532,0.471179,0.11069,0,0,1,0,0
0.9,30.0,0.3,0.2,0.0,0.459055,0.264442,0.594995,0.999978,2.089541,0.116065,10.122921,24.438603,-0.154433,0.201976,0.443587,0.939644,0.548514,0.087032,0,0,0,0,0
0.9,30.0,0.3,0.2,0.1,0.459055,0.264442,0.594995,0.999978,2.089541,0.116014,10.122921,24.438603,-0.154433,0.201976,0.443587,0.939644,0.548514,0.086994,0,0,0,0,0
0.9,30.0,0.3,0.2,0.3,0.459055,0.264442,0.594995,0.999978,2.089541,0.115606,10.122921,24.438603,-0.154433,0.201976,0.443587,0.939644,0.548514,0.086688,0,0,0,0,0
0.9,30.0,0.4,0.3,0.0,0.459055,0.264442,0.594995,0.999978,2.089541,0.116065,10.122921,24.438603,-0.054433,0.121855,0.443587,0.939644,0.521807,0.09577,0,0,0,0,0
0.9,30.0,0.4,0.3,0.1,0.459055,0.264442,0.594995,0.999978,2.089541,0.116031,10.122921,24.438603,-0.054433,0.121855,0.443587,0.939644,0.521807,0.095742,0,0,0,0,0
0.9,30.0,0.4,0.3,0.3,0.459055,0.264442,0.594995,0.999978,2.089541,0.115759,10.122921,24.438603,-0.054433,0.121855,0.443587,0.939644,0.521807,0.095518,0,0,0,0,0
0.9,30.0,0.5,0.4,0.0,0.459055,0.264442,0.594995,0.999978,2.089541,0.116065,10.122921,24.438603,0.045567,0.066439,0.443587,0.939644,0.503335,0.101814,0,0,1,0,0
0.9,30.0,0.5,0.4,0.1,0.459055,0.264442,0.594995,0.999978,2.089541,0.116039,10.122921,24.438603,0.045567,0.066439,0.443587,0.939644,0.503335,0.101791,0,0,1,0,0
0.9,30.0,0.5,0.4,0.3,0.459055,0.264442,0.594995,0.999978,2.089541,0.115835,10.122921,24.438603,0.045567,0.066439,0.443587,0.939644,0.503335,0.101612,0,0,1,0,0
0.9,30.0,0.6,0.5,0.0,0.459055,0.264442,0.594995,0.999978,2.089541,0.116065,10.122921,24.438603,0.145567,0.038399,0.443587,0.939644,0.493988,0.104872,0,0,1,0,0
0.9,30.0,0.6,0.5,0.1,0.459055,0.264442,0.594995,0.999978,2.089541,0.116044,10.122921,24.438603,0.145567,0.038399,0.443587,0.939644,0.493988,0.104853,0,0,1,0,0
0.9,30.0,0.6,0.5,0.3,0.459055,0.264442,0.594995,0.999978,2.089541,0.115881,10.122921,24.438603,0.145567,0.038399,0.443587,0.939644,0.493988,0.104706,0,0,1,0,0
0.9,30.0,0.7,0.6,0.0,0.459055,0.264442,0.594995,0.999978,2.089541,0.116065,10.122921,24.438603,0.245567,0.017438,0.443587,0.939644,0.487001,0.107158,0,0,1,0,0
0.9,30.0,0.7,0.6,0.1,0.459055,0.264442,0.594995,0.999978,2.089541,0.116048,10.122921,24.438603,0.245567,0.017438,0.443587,0.939644,0.487001,0.107142,0,0,1,0,0
0.9,30.0,0.7,0.6,0.3,0.459055,0.264442,0.594995,0.999978,2.089541,0.115912,10.122921,24.438603,0.245567,0.017438,0.443587,0.939644,0.487001,0.107016,0,0,1,0,0
0.9,30.0,0.8,0.7,0.0,0.459055,0.264442,0.594995,0.999978,2.089541,0.116065,10.122921,24.438603,0.345567,0.006076,0.443587,0.939644,0.483214,0.108397,0,0,1,0,0
0.9,30.0,0.8,0.7,0.1,0.459055,0.264442,0.594995,0.999978,2.089541,0.11605,10.122921,24.438603,0.345567,0.006076,0.443587,0.939644,0.483214,0.108383,0,0,1,0,0
0.9,30.0,0.8,0.7,0.3,0.459055,0.264442,0.594995,0.999978,2.089541,0.115934,10.122921,24.438603,0.345567,0.006076,0.443587,0.939644,0.483214,0.108274,0,0,1,0,0
0.9,30.0,0.9,0.8,0.0,0.459055,0.264442,0.594995,0.999978,2.089541,0.116065,10.122921,24.438603,0.445567,0.000808,0.443587,0.939644,0.481458,0.108971,0,0,1,0,0
0.9,30.0,0.9,0.8,0.1,0.459055,0.264442,0.594995,0.999978,2.089541,0.116052,10.122921,24.438603,0.445567,0.000808,0.443587,0.939644,0.481458,0.108959,0,0,1,0,0
0.9,30.0,0.9,0.8,0.3,0.459055,0.264442,0.594995,0.999978,2.089541,0.11595,10.122921,24.438603,0.445567,0.000808,0.443587,0.939644,0.481458,0.108864,0,0,1,0,0
0.9,30.0,1.0,0.9,0.0,0.459055,0.264442,0.594995,0.999978,2.089541,0.116065,10.122921,24.438603,0.545567,0.0,0.443587,0.939644,0.481188,0.109059,0,0,1,0,0
0.9,30.0,1.0,0.9,0.1,0.459055,0.264442,0.594995,0.999978,2.089541,0.116053,10.122921,24.438603,0.545567,0.0,0.443587,0.939644,0.481188,0.109049,0,0,1,0,0
0.9,30.0,1.0,0.9,0.3,0.459055,0.264442,0.594995,0.999978,2.089541,0.115963,10.122921,24.438603,0.545567,0.0,0.443587,0.939644,0.481188,0.108964,0,0,1,0,0
0.9,32.5,0.3,0.2,0.0,0.506538,0.264442,0.594995,0.999978,2.089541,0.116065,11.066099,26.630945,-0.201438,0.232064,0.473424,0.924539,0.568488,0.082404,0,0,0,0,0
0.9,32.5,0.3,0.2,0.1,0.506538,0.264442,0.594995,0.999978,2.089541,0.116014,11.066099,26.630945,-0.201438,0.232064,0.473424,0.924539,0.568488,0.082368,0,0,0,0,0
0.9,32.5,0.3,0.2,0.3,0.506538,0.264442,0.594995,0.999978,2.089541,0.115606,11.066099,26.630945,-0.201438,0.232064,0.473424,0.924539,0.568488,0.082079,0,0,0,0,0
0.9,32.5,0.4,0.3,0.0,0.506538,0.264442,0.594995,0.999978,2.089541,0.116065,11.066099,26.630945,-0.101438,0.14849,0.473424,0.924539,0.54063,0.091372,0,0,0,0,0
0.9,32.5,0.4,0.3,0.1,0.506538,0.264442,0.594995,0.999978,2.089541,0.116031,11.066099,26.630945,-0.101438,0.14849,0.473424,0.924539,0.54063,0.091346,0,0,0,0,0
0.9,32.5,0.4,0.3,0.3,0.506538,0.264442,0.594995,0.999978,2.089541,0.115759,11.066099,26.630945,-0.101438,0.14849,0.473424,0.924539,0.54063,0.091132,0,0,0,0,0
0.9,32.5,0.5,0.4,0.0,0.506538,0.264442,0.594995,0.999978,2.089541,0.116065,11.066099,26.630945,-0.001438,0.089013,0.473424,0.924539,0.520805,0.097755,0,0,0,0,0
0.9,32.5,0.5,0.4,0.1,0.506538,0.264442,0.594995,0.999978,2.089541,0.116039,11.066099,26.630945,-0.001438,0.089013,0.473424,0.924539,0.520805,0.097733,0,0,0,0,0
0.9,32.5,0.5,0.4,0.3,0.506538,0.264442,0.594995,0.999978,2.089541,0.115835,11.066099,26.630945,-0.001438,0.089013,0.473424,0.924539,0.520805,0.097561,0,0,0,0,0
0.9,32.5,0.6,0.5,0.0,0.506538,0.264442,0.594995,0.999978,2.089541,0.116065,11.066099,26.630945,0.098562,0.05287,0.473424,0.924539,0.508757,0.101633,0,0,1,0,0
0.9,32.5,0.6,0.5,0.1,0.506538,0.264442,0.594995,0.999978,2.089541,0.116044,11.066099,26.630945,0.098562,0.05287,0.473424,0.924539,0.508757,0.101615,0,0,1,0,0
0.9,32.5,0.6,0.5,0.3,0.506538,0.264442,0.594995,0.999978,2.089541,0.115881,11.066099,26.630945,0.098562,0.05287,0.473424,0.924539,0.508757,0.101472,0,0,1,0,0
0.9,32.5,0.7,0.6,0.0,0.506538,0.264442,0.594995,0.999978,2.089541,0.116065,11.066099,26.630945,0.198562,0.029818,0.473424,0.924539,0.501073,0.104107,0,0,1,0,0
0.9,32.5,0.7,0.6,0.1,0.506538,0.264442,0.594995,0.999978,2.089541,0.116048,11.066099,26.630945,0.198562,0.029818,0.473424,0.924539,0.501073,0.104091,0,0,1,0,0
0.9,32.5,0.7,0.6,0.3,0.506538,0.264442,0.594995,0.999978,2.089541,0.115912,11.066099,26.630945,0.198562,0.029818,0.473424,0.924539,0.501073,0.103969,0,0,1,0,0
0.9,32.5,0.8,0.7,0.0,0.506538,0.264442,0.594995,0.999978,2.089541,0.116065,11.066099,26.630945,0.298562,0.013218,0.473424,0.924539,0.49554,0.105888,0,0,1,0,0
0.9,32.5,0.8,0.7,0.1,0.506538,0.264442,0.594995,0.999978,2.089541,0.11605,11.066099,26.630945,0.298562,0.013218,0.473424,0.924539,0.49554,0.105875,0,0,1,0,0
0.9,32.5,0.8,0.7,0.3,0.506538,0.264442,0.594995,0.999978,2.089541,0.115934,11.066099,26.630945,0.298562,0.013218,0.473424,0.924539,0.49554,0.105768,0,0,1,0,0
0.9,32.5,0.9,0.8,0.0,0.506538,0.264442,0.594995,0.999978,2.089541,0.116065,11.066099,26.630945,0.398562,0.004757,0.473424,0.924539,0.492719,0.106796,0,0,1,0,0
0.9,32.5,0.9,0.8,0.1,0.506538,0.264442,0.594995,0.999978,2.089541,0.116052,11.066099,26.630945,0.398562,0.004757,0.473424,0.924539,0.492719,0.106784,0,0,1,0,0
0.9,32.5,0.9,0.8,0.3,0.506538,0.264442,0.594995,0.999978,2.089541,0.11595,11.066099,26.630945,0.398562,0.004757,0.473424,0.924539,0.492719,0.10669,0,0,1,0,0
0.9,32.5,1.0,0.9,0.0,0.506538,0.264442,0.594995,0.999978,2.089541,0.116065,11.066099,26.630945,0.498562,0.000632,0.473424,0.924539,0.491345,0.107238,0,0,1,0,0
0.9,32.5,1.0,0.9,0.1,0.506538,0.264442,0.594995,0.999978,2.089541,0.116053,11.066099,26.630945,0.498562,0.000632,0.473424,0.924539,0.491345,0.107228,0,0,1,0,0
0.9,32.5,1.0,0.9,0.3,0.506538,0.264442,0.594995,0.999978,2.089541,0.115963,11.066099,26.630945,0.498562,0.000632,0.473424,0.924539,0.491345,0.107144,0,0,1,0,0
0.9,35.0,0.3,0.2,0.0,0.556739,0.264442,0.594995,0.999978,2.089541,0.116065,12.038659,28.860644,-0.251134,0.262501,0.502452,0.908434,0.58831,0.07776,0,0,0,0,0
0.9,35.0,0.3,0.2,0.1,0.556739,0.264442,0.594995,0.999978,2.089541,0.116014,12.038659,28.860644,-0.251134,0.262501,0.502452,0.908434,0.58831,0.077726,0,0,0,0,0
0.9,35.0,0.3,0.2,0.3,0.556739,0.264442,0.594995,0.999978,2.089541,0.115606,12.038659,28.860644,-0.251134,0.262501,0.502452,0.908434,0.58831,0.077452,0,0,0,0,0
0.9,35.0,0.4,0.3,0.0,0.556739,0.264442,0.594995,0.999978,2.089541,0.116065,12.038659,28.860644,-0.151134,0.174398,0.502452,0.908434,0.558943,0.087049,0,0,0,0,0
0.9,35.0,0.4,0.3,0.1,0.556739,0.264442,0.594995,0.999978,2.089541,0.116031,12.038659,28.860644,-0.151134,0.174398,0.502452,0.908434,0.558943,0.087023,0,0,0,0,0
0.9,35.0,0.4,0.3,0.3,0.556739,0.264442,0.594995,0.999978,2.089541,0.115759,12.038659,28.860644,-0.151134,0.174398,0.502452,0.908434,0.558943,0.08682,0,0,0,0,0
0.9,35.0,0.5,0.4,0.0,0.556739,0.264442,0.594995,0.999978,2.089541,0.116065,12.038659,28.860644,-0.051134,0.113917,0.502452,0.908434,0.538782,0.093426,0,0,0,0,0
0.9,35.0,0.5,0.4,0.1,0.556739,0.264442,0.594995,0.999978,2.089541,0.116039,12.038659,28.860644,-0.051134,0.113917,0.502452,0.908434,0.538782,0.093405,0,0,0,0,0
0.9,35.0,0.5,0.4,0.3,0.556739,0.264442,0.594995,0.999978,2.089541,0.115835,12.038659,28.860644,-0.051134,0.113917,0.502452,0.908434,0.538782,0.093241,0,0,0,0,0
0.9,35.0,0.6,0.5,0.0,0.556739,0.264442,0.594995,0.999978,2.089541,0.116065,12.038659,28.860644,0.048866,0.068813,0.502452,0.908434,0.523748,0.098182,0,0,1,0,0
0.9,35.0,0.6,0.5,0.1,0.556739,0.264442,0.594995,0.999978,2.089541,0.116044,12.038659,28.860644,0.048866,0.068813,0.502452,0.908434,0.523748,0.098164,0,0,1,0,0
0.9,35.0,0.6,0.5,0.3,0.556739,0.264442,0.594995,0.999978,2.089541,0.115881,12.038659,28.860644,0.048866,0.068813,0.502452,0.908434,0.523748,0.098026,0,0,1,0,0
0.9,35.0,0.7,0.6,0.0,0.556739,0.264442,0.594995,0.999978,2.089541,0.116065,12.038659,28.860644,0.148866,0.044176,0.502452,0.908434,0.515535,0.100779,0,0,1,0,0
0.9,35.0,0.7,0.6,0.1,0.556739,0.264442,0.594995,0.999978,2.089541,0.116048,12.038659,28.860644,0.148866,0.044176,0.502452,0.908434,0.515535,0.100764,0,0,1,0,0
0.9,35.0,0.7,0.6,0.3,0.556739,0.264442,0.594995,0.999978,2.089541,0.115912,12.038659,28.860644,0.148866,0.044176,0.502452,0.908434,0.515535,0.100647,0,0,1,0,0
0.9,35.0,0.8,0.7,0.0,0.556739,0.264442,0.594995,0.999978,2.089541,0.116065,12.038659,28.860644,0.248866,0.024297,0.502452,0.908434,0.508909,0.102875,0,0,1,0,0
0.9,35.0,0.8,0.7,0.1,0.556739,0.264442,0.594995,0.999978,2.089541,0.11605,12.038659,28.860644,0.248866,0.024297,0.502452,0.908434,0.508909,0.102862,0,0,1,0,0
0.9,35.0,0.8,0.7,0.3,0.556739,0.264442,0.594995,0.999978,2.089541,0.115934,12.038659,28.860644,0.248866,0.024297,0.502452,0.908434,0.508909,0.102759,0,0,1,0,0
0.9,35.0,0.9,0.8,0.0,0.556739,0.264442,0.594995,0.999978,2.089541,0.116065,12.038659,28.860644,0.348866,0.011025,0.502452,0.908434,0.504485,0.104275,0,0,1,0,0
0.9,35.0,0.9,0.8,0.1,0.556739,0.264442,0.594995,0.999978,2.089541,0.116052,12.038659,28.860644,0.348866,0.011025,0.502452,0.908434,0.504485,0.104263,0,0,1,0,0
0.9,35.0,0.9,0.8,0.3,0.556739,0.264442,0.594995,0.999978,2.089541,0.11595,12.038659,28.860644,0.348866,0.011025,0.502452,0.908434,0.504485,0.104172,0,0,1,0,0
0.9,35.0,1.0,0.9,0.0,0.556739,0.264442,0.594995,0.999978,2.089541,0.116065,12.038659,28.860644,0.448866,0.004005,0.502452,0.908434,0.502145,0.105015,0,0,1,0,0
0.9,35.0,1.0,0.9,0.1,0.556739,0.264442,0.594995,0.999978,2.089541,0.116053,12.038659,28.860644,0.448866,0.004005,0.502452,0.908434,0.502145,0.105004,0,0,1,0,0
0.9,35.0,1.0,0.9,0.3,0.556739,0.264442,0.594995,0.999978,2.089541,0.115963,12.038659,28.860644,0.448866,0.004005,0.502452,0.908434,0.502145,0.104923,0,0,1,0,0
