t,x,y,z,roll,pitch,yaw,v
0.000000,-19.178141,-5.488460,0.205370,-0.033581,0.010440,-0.165521,0.000000
0.016667,-19.175823,-5.488718,0.205342,-0.033640,0.010533,-0.164019,0.139908
0.033333,-19.173338,-5.488799,0.205177,-0.033426,0.010674,-0.165171,0.149195
0.050000,-19.169905,-5.488535,0.205073,-0.033371,0.010800,-0.167781,0.206598
0.066667,-19.166204,-5.488046,0.205098,-0.033798,0.011068,-0.171891,0.223951
0.083333,-19.161589,-5.487514,0.205406,-0.034738,0.011720,-0.175748,0.278781
0.100000,-19.156284,-5.486465,0.204629,-0.032709,0.011791,-0.180176,0.324425
0.116667,-19.150372,-5.485800,0.204315,-0.031419,0.012492,-0.183996,0.357002
0.133333,-19.143953,-5.484575,0.203670,-0.028018,0.012977,-0.187833,0.392040
0.150000,-19.137333,-5.483988,0.203365,-0.026221,0.013380,-0.191251,0.398785
0.166667,-19.130041,-5.483803,0.202999,-0.023257,0.014892,-0.192754,0.437648
0.183333,-19.122263,-5.483840,0.202775,-0.021539,0.015111,-0.194892,0.466695
0.200000,-19.114250,-5.484476,0.202828,-0.021375,0.015551,-0.196627,0.482277
0.216667,-19.106461,-5.485491,0.203240,-0.022382,0.015997,-0.198635,0.471329
0.233333,-19.098207,-5.485974,0.202703,-0.021621,0.015517,-0.201351,0.496033
0.250000,-19.089691,-5.489655,0.204002,-0.028878,0.014775,-0.201773,0.556683
0.266667,-19.080347,-5.491126,0.203149,-0.026712,0.014745,-0.201168,0.567547
0.283333,-19.071098,-5.494057,0.203670,-0.030156,0.014424,-0.201160,0.582125
0.300000,-19.061878,-5.496229,0.204059,-0.031597,0.014513,-0.200924,0.568343
0.316667,-19.052710,-5.498363,0.204338,-0.033491,0.014137,-0.201405,0.564826
0.333333,-19.043625,-5.500283,0.204176,-0.034611,0.013424,-0.202339,0.557125
0.350000,-19.034624,-5.501700,0.203679,-0.033608,0.013874,-0.202504,0.546700
0.366667,-19.025471,-5.504094,0.203912,-0.035715,0.013382,-0.202862,0.567671
0.383333,-19.016308,-5.506231,0.204018,-0.036717,0.013950,-0.202757,0.564531
0.400000,-19.007559,-5.507976,0.204353,-0.038340,0.014459,-0.203915,0.535277
0.416667,-18.998180,-5.509693,0.204015,-0.038287,0.013864,-0.204503,0.572060
0.433333,-18.988945,-5.511429,0.203548,-0.037806,0.013911,-0.204652,0.563829
0.450000,-18.979414,-5.513760,0.203465,-0.038498,0.013956,-0.203803,0.588713
0.466667,-18.970163,-5.515980,0.203851,-0.039713,0.014271,-0.204079,0.570800
0.483333,-18.961124,-5.517406,0.203475,-0.038321,0.014959,-0.204443,0.549036
0.500000,-18.952019,-5.519077,0.203230,-0.038373,0.014792,-0.204935,0.555473
0.516667,-18.942791,-5.521583,0.203247,-0.041236,0.013870,-0.205284,0.573715
0.533333,-18.933702,-5.523922,0.203659,-0.043769,0.013760,-0.206041,0.563086
0.550000,-18.924616,-5.526304,0.204114,-0.046740,0.013066,-0.206759,0.563608
0.566667,-18.915970,-5.527372,0.203735,-0.046050,0.012854,-0.208496,0.522708
0.583333,-18.907309,-5.529598,0.204088,-0.049661,0.012230,-0.209978,0.536556
0.600000,-18.898834,-5.531012,0.203995,-0.049468,0.013606,-0.211287,0.515489
0.616667,-18.890516,-5.533282,0.204660,-0.052613,0.015592,-0.212935,0.517331
0.633333,-18.881931,-5.535542,0.205352,-0.055017,0.017666,-0.214300,0.532651
0.650000,-18.873510,-5.538324,0.206762,-0.059028,0.019855,-0.215684,0.532122
0.666667,-18.864874,-5.541587,0.208142,-0.065269,0.020695,-0.217162,0.553940
0.683333,-18.856262,-5.543234,0.207945,-0.065341,0.022623,-0.218977,0.526060
0.700000,-18.847513,-5.544619,0.207579,-0.064952,0.023399,-0.221330,0.531475
0.716667,-18.838217,-5.546620,0.207311,-0.065074,0.023489,-0.222204,0.570569
0.733333,-18.828798,-5.547914,0.205966,-0.061133,0.024493,-0.221924,0.570415
0.750000,-18.819220,-5.549795,0.205408,-0.059808,0.024456,-0.220803,0.585695
0.766667,-18.810284,-5.551324,0.205490,-0.059241,0.025521,-0.220913,0.543950
0.783333,-18.800602,-5.552200,0.204452,-0.056087,0.024995,-0.220607,0.583277
0.800000,-18.790831,-5.553388,0.203634,-0.053970,0.024108,-0.220448,0.590597
0.816667,-18.781181,-5.554764,0.203104,-0.052169,0.023466,-0.219976,0.584811
0.833333,-18.772150,-5.556123,0.203206,-0.052330,0.022894,-0.220354,0.547978
0.850000,-18.763258,-5.556539,0.202489,-0.049410,0.022146,-0.221759,0.534108
0.866667,-18.753717,-5.557531,0.201534,-0.047284,0.020438,-0.221690,0.575521
0.883333,-18.744606,-5.558929,0.201600,-0.047504,0.019117,-0.222050,0.553083
0.900000,-18.735741,-5.559859,0.201224,-0.045851,0.018441,-0.222767,0.534836
0.916667,-18.727146,-5.561685,0.201730,-0.048391,0.017657,-0.223456,0.527185
0.933333,-18.718292,-5.563108,0.201892,-0.050163,0.016423,-0.224141,0.538051
0.950000,-18.710215,-5.563623,0.201206,-0.049664,0.015551,-0.227717,0.485643
0.966667,-18.701786,-5.564619,0.201234,-0.050380,0.015745,-0.228687,0.509231
0.983333,-18.693798,-5.565059,0.201136,-0.050086,0.016445,-0.231650,0.480006
1.000000,-18.685844,-5.565873,0.201396,-0.051058,0.017409,-0.233939,0.479708
1.016667,-18.677752,-5.566797,0.201388,-0.052525,0.017573,-0.236399,0.488728
1.033333,-18.669302,-5.567630,0.200836,-0.051867,0.018265,-0.238010,0.509431
1.050000,-18.660170,-5.567829,0.199877,-0.049162,0.017619,-0.239059,0.548074
1.066667,-18.651091,-5.569126,0.199947,-0.050200,0.017825,-0.239590,0.550269
1.083333,-18.642469,-5.568991,0.199311,-0.047552,0.017834,-0.241766,0.517337
1.100000,-18.633909,-5.570340,0.199648,-0.050583,0.017285,-0.243276,0.519954
1.116667,-18.625732,-5.570342,0.199304,-0.049969,0.017807,-0.246350,0.490608
1.133333,-18.617085,-5.571157,0.199081,-0.050152,0.017584,-0.248032,0.521174
1.150000,-18.608612,-5.571645,0.198993,-0.050099,0.016417,-0.251767,0.509190
1.166667,-18.600342,-5.572731,0.199172,-0.049616,0.016491,-0.253990,0.500474
1.183333,-18.591602,-5.574956,0.199510,-0.052016,0.014502,-0.255503,0.541094
1.200000,-18.582832,-5.577107,0.199631,-0.052399,0.013930,-0.255730,0.541802
1.216667,-18.573778,-5.578842,0.199094,-0.051300,0.012181,-0.256087,0.553132
1.233333,-18.565378,-5.580886,0.199238,-0.052199,0.011354,-0.257247,0.518707
1.250000,-18.556732,-5.583065,0.199571,-0.052718,0.010850,-0.256909,0.534970
1.266667,-18.548077,-5.585135,0.199416,-0.052323,0.010196,-0.257176,0.533977
1.283333,-18.539295,-5.588590,0.200307,-0.056623,0.008258,-0.257394,0.566214
1.300000,-18.530405,-5.590072,0.199606,-0.053517,0.007406,-0.257125,0.540765
1.316667,-18.522352,-5.591882,0.199528,-0.052725,0.006867,-0.258239,0.495231
1.333333,-18.513319,-5.593618,0.198763,-0.050880,0.005373,-0.258082,0.551912
1.350000,-18.504787,-5.595036,0.198271,-0.048255,0.005750,-0.258731,0.518908
1.366667,-18.496414,-5.597741,0.198421,-0.050382,0.005172,-0.259896,0.527971
1.383333,-18.487766,-5.600459,0.198974,-0.052973,0.005321,-0.259273,0.543899
1.400000,-18.479156,-5.603301,0.199416,-0.055338,0.004735,-0.258742,0.544001
1.416667,-18.470306,-5.605519,0.199172,-0.055307,0.004736,-0.258054,0.547432
1.433333,-18.461477,-5.607862,0.199303,-0.055997,0.004521,-0.258573,0.548085
1.450000,-18.452112,-5.610433,0.198929,-0.055158,0.003700,-0.257796,0.582681
1.466667,-18.442677,-5.613792,0.198933,-0.057004,0.001662,-0.257445,0.600949
1.483333,-18.433582,-5.617589,0.199779,-0.060369,0.000982,-0.255772,0.591305
1.500000,-18.424236,-5.620575,0.199226,-0.059474,0.000121,-0.254569,0.588693
1.516667,-18.413870,-5.623508,0.197962,-0.056903,-0.002255,-0.251463,0.646395
1.533333,-18.404213,-5.626467,0.197426,-0.055361,-0.003127,-0.249266,0.606009
1.550000,-18.394615,-5.630467,0.197861,-0.057593,-0.004770,-0.246892,0.623870
1.566667,-18.384918,-5.633472,0.197251,-0.056437,-0.006509,-0.245056,0.609114
1.583333,-18.375879,-5.636358,0.197285,-0.055872,-0.006483,-0.243521,0.569314
1.600000,-18.366795,-5.639042,0.197166,-0.054481,-0.005925,-0.242122,0.568367
1.616667,-18.357731,-5.642481,0.197676,-0.054625,-0.005249,-0.239376,0.581652
1.633333,-18.348516,-5.645967,0.198140,-0.055215,-0.004940,-0.236899,0.591110
1.650000,-18.338247,-5.649794,0.197577,-0.055854,-0.007056,-0.233568,0.657547
1.666667,-18.328754,-5.652865,0.197321,-0.055730,-0.007909,-0.231743,0.598632
1.683333,-18.319521,-5.655518,0.196915,-0.054510,-0.007517,-0.230160,0.576417
1.700000,-18.310696,-5.658065,0.197138,-0.055017,-0.007530,-0.229351,0.551142
1.716667,-18.301413,-5.660602,0.197128,-0.055451,-0.008593,-0.228724,0.577406
1.733333,-18.291954,-5.663218,0.197272,-0.055731,-0.009777,-0.227626,0.588825
1.750000,-18.282560,-5.665430,0.197165,-0.055910,-0.011033,-0.226714,0.579031
1.766667,-18.273712,-5.667276,0.196538,-0.054164,-0.011827,-0.226668,0.542326
1.783333,-18.265017,-5.669431,0.196447,-0.053028,-0.010923,-0.226164,0.537517
1.800000,-18.255487,-5.672104,0.195704,-0.052061,-0.011959,-0.225146,0.593810
1.816667,-18.246422,-5.675390,0.196455,-0.054036,-0.011174,-0.223734,0.578575
1.833333,-18.236423,-5.677575,0.195357,-0.051569,-0.012370,-0.222322,0.614050
1.850000,-18.227345,-5.680104,0.195319,-0.050499,-0.011858,-0.220990,0.565480
1.866667,-18.217970,-5.682638,0.195340,-0.050159,-0.012319,-0.219963,0.582662
1.883333,-18.208235,-5.685684,0.194585,-0.049843,-0.014558,-0.218079,0.612031
1.900000,-18.199081,-5.688964,0.194827,-0.050798,-0.015402,-0.216132,0.583411
1.916667,-18.190325,-5.692636,0.195901,-0.053867,-0.015908,-0.214318,0.569704
1.933333,-18.182379,-5.697484,0.198637,-0.063321,-0.016106,-0.213780,0.558521
1.950000,-18.174278,-5.702033,0.200947,-0.071868,-0.015834,-0.213253,0.557411
1.966667,-18.166016,-5.706630,0.203490,-0.081685,-0.015613,-0.212444,0.567326
1.983333,-18.156620,-5.709616,0.203423,-0.084297,-0.016757,-0.210905,0.591511
2.000000,-18.147675,-5.712038,0.204020,-0.086477,-0.016664,-0.210523,0.556058
2.016667,-18.138941,-5.713382,0.204062,-0.086243,-0.016393,-0.210595,0.530195
2.033333,-18.130089,-5.714459,0.203626,-0.084782,-0.016237,-0.211247,0.535038
2.050000,-18.121925,-5.715556,0.203666,-0.084421,-0.014761,-0.212689,0.494204
2.066667,-18.113674,-5.716696,0.204154,-0.084766,-0.013016,-0.214103,0.499775
2.083333,-18.105165,-5.718012,0.204546,-0.085235,-0.011782,-0.215654,0.516596
2.100000,-18.097122,-5.719204,0.205521,-0.086573,-0.009698,-0.217283,0.487865
2.116667,-18.088900,-5.719790,0.205410,-0.086117,-0.009100,-0.219941,0.494606
2.133333,-18.080111,-5.720323,0.204205,-0.083648,-0.009014,-0.221616,0.528311
2.150000,-18.071871,-5.721219,0.204013,-0.083021,-0.008100,-0.223929,0.497302
2.166667,-18.063560,-5.722013,0.203746,-0.081774,-0.007236,-0.226294,0.500889
2.183333,-18.055336,-5.723591,0.204310,-0.083005,-0.006332,-0.228054,0.502474
2.200000,-18.047176,-5.725967,0.205661,-0.087566,-0.006474,-0.229396,0.509905
2.216667,-18.038736,-5.727238,0.205408,-0.086398,-0.006860,-0.230183,0.512109
2.233333,-18.030319,-5.728889,0.205242,-0.085718,-0.006213,-0.230212,0.514655
2.250000,-18.021677,-5.732275,0.206734,-0.092107,-0.007111,-0.230333,0.556911
2.266667,-18.013006,-5.734056,0.206706,-0.092859,-0.006921,-0.230929,0.531115
2.283333,-18.005087,-5.736287,0.207531,-0.096760,-0.006162,-0.232817,0.493640
2.300000,-17.996990,-5.738230,0.208225,-0.099416,-0.005028,-0.234562,0.499596
2.316667,-17.988884,-5.739901,0.208649,-0.099648,-0.004267,-0.235992,0.496604
2.333333,-17.980402,-5.742116,0.209173,-0.100355,-0.004270,-0.236784,0.525984
2.350000,-17.971846,-5.744144,0.209293,-0.099457,-0.004532,-0.237230,0.527605
2.366667,-17.963198,-5.746533,0.209714,-0.099276,-0.003825,-0.236460,0.538309
2.383333,-17.954515,-5.749762,0.210865,-0.102188,-0.003377,-0.235727,0.555788
2.400000,-17.946096,-5.752502,0.211690,-0.104058,-0.002978,-0.235244,0.531237
2.416667,-17.937775,-5.754692,0.211976,-0.103399,-0.001548,-0.235102,0.516293
2.433333,-17.929873,-5.757318,0.213077,-0.105259,-0.000117,-0.235196,0.499622
2.450000,-17.921566,-5.759529,0.213935,-0.105644,0.000845,-0.234863,0.515745
2.466667,-17.914066,-5.761145,0.215657,-0.108221,0.002907,-0.236515,0.460315
2.483333,-17.906282,-5.761747,0.216010,-0.109597,0.002464,-0.240147,0.468429
2.500000,-17.898664,-5.761812,0.215939,-0.109167,0.002481,-0.243991,0.457093
2.516667,-17.891001,-5.761118,0.214750,-0.105886,0.001900,-0.249143,0.461704
2.533333,-17.883564,-5.761026,0.214057,-0.103636,0.001806,-0.254311,0.446239
2.550000,-17.875708,-5.760810,0.212870,-0.099406,0.000678,-0.258263,0.471560
2.566667,-17.868399,-5.762114,0.213288,-0.100729,-0.000238,-0.261815,0.445454
2.583333,-17.860502,-5.761811,0.211994,-0.095591,-0.000746,-0.264912,0.474132
2.600000,-17.852743,-5.762339,0.211759,-0.093735,-0.000273,-0.267526,0.466622
2.616667,-17.845139,-5.762618,0.211296,-0.091671,-0.000366,-0.270869,0.456583
2.633333,-17.837046,-5.763054,0.210872,-0.088459,-0.000385,-0.272566,0.486278
2.650000,-17.828648,-5.764713,0.210982,-0.088032,-0.001042,-0.273527,0.513615
2.666667,-17.820646,-5.767609,0.212132,-0.092606,-0.001902,-0.275068,0.510554
2.683333,-17.813034,-5.769771,0.212850,-0.094586,-0.001861,-0.277018,0.474797
2.700000,-17.804783,-5.772491,0.213281,-0.098424,-0.003312,-0.278320,0.521275
2.716667,-17.796272,-5.773844,0.212635,-0.096405,-0.003893,-0.279923,0.517051
2.733333,-17.787163,-5.776316,0.212714,-0.097630,-0.006230,-0.279472,0.566336
2.750000,-17.778046,-5.778210,0.212201,-0.096244,-0.007633,-0.279056,0.558713
2.766667,-17.768980,-5.780607,0.212348,-0.096649,-0.009067,-0.278763,0.562631
2.783333,-17.760334,-5.782641,0.212463,-0.097008,-0.010150,-0.279031,0.532925
2.800000,-17.751465,-5.783993,0.211645,-0.094694,-0.010782,-0.279399,0.538292
2.816667,-17.741926,-5.784647,0.209972,-0.089244,-0.012416,-0.279869,0.573666
2.833333,-17.733070,-5.786254,0.209341,-0.087888,-0.013187,-0.280737,0.540021
2.850000,-17.724226,-5.787375,0.208704,-0.083989,-0.012645,-0.281097,0.534912
2.866667,-17.715208,-5.790501,0.209322,-0.087514,-0.014441,-0.281255,0.572647
2.883333,-17.706680,-5.792508,0.209608,-0.086889,-0.014790,-0.281665,0.525651
2.900000,-17.697868,-5.794224,0.208925,-0.084311,-0.015678,-0.282343,0.538645
2.916667,-17.688721,-5.796505,0.208539,-0.082675,-0.017178,-0.282011,0.565667
2.933333,-17.679714,-5.799404,0.208234,-0.082703,-0.019028,-0.281454,0.567697
2.950000,-17.670866,-5.802812,0.208880,-0.085204,-0.020908,-0.281132,0.568898
2.966667,-17.661795,-5.805227,0.208567,-0.085169,-0.023263,-0.280852,0.563241
2.983333,-17.653500,-5.807111,0.208457,-0.084431,-0.024139,-0.281563,0.510379
3.000000,-17.644508,-5.807879,0.206311,-0.078639,-0.026352,-0.282830,0.541442
3.016667,-17.635721,-5.809503,0.205053,-0.075157,-0.028037,-0.283301,0.536154
3.033333,-17.627167,-5.813749,0.205775,-0.078864,-0.030362,-0.281859,0.573021
3.050000,-17.617924,-5.816945,0.205224,-0.078009,-0.032101,-0.279587,0.586784
3.066667,-17.608902,-5.820603,0.205473,-0.078998,-0.033407,-0.277149,0.584126
3.083333,-17.599390,-5.822808,0.204250,-0.076285,-0.036145,-0.275934,0.585849
3.100000,-17.590628,-5.825734,0.204643,-0.077094,-0.037620,-0.274816,0.554268
3.116667,-17.582373,-5.829073,0.205615,-0.079954,-0.038295,-0.273831,0.534290
3.133333,-17.573469,-5.831772,0.204989,-0.078546,-0.038918,-0.272196,0.558223
3.150000,-17.564274,-5.835167,0.204774,-0.079449,-0.040361,-0.270725,0.588124
3.166667,-17.555014,-5.838444,0.204522,-0.080203,-0.041522,-0.268977,0.589362
3.183333,-17.546146,-5.842702,0.206060,-0.085493,-0.042438,-0.267538,0.590213
3.200000,-17.537107,-5.845640,0.206111,-0.085527,-0.043654,-0.267178,0.570253
3.216667,-17.529020,-5.848337,0.206932,-0.086542,-0.043561,-0.267561,0.511510
3.233333,-17.520586,-5.850638,0.207235,-0.085561,-0.043539,-0.267052,0.524556
3.250000,-17.512001,-5.853358,0.207885,-0.085831,-0.043100,-0.265854,0.540332
3.266667,-17.503473,-5.854966,0.207547,-0.083034,-0.043213,-0.265828,0.520676
3.283333,-17.495016,-5.856831,0.207568,-0.081764,-0.043003,-0.265483,0.519628
3.300000,-17.486210,-5.859080,0.207750,-0.081533,-0.043490,-0.264945,0.545336
3.316667,-17.478046,-5.861900,0.209134,-0.085673,-0.043867,-0.265606,0.518208
3.333333,-17.469398,-5.863045,0.208501,-0.081613,-0.044247,-0.265599,0.523402
3.350000,-17.461178,-5.864138,0.207792,-0.077574,-0.043672,-0.266328,0.497576
3.366667,-17.451994,-5.864706,0.205359,-0.068604,-0.044029,-0.266004,0.552086
3.383333,-17.443743,-5.866931,0.205424,-0.065971,-0.042706,-0.265084,0.512769
3.400000,-17.435154,-5.869727,0.205495,-0.064721,-0.042374,-0.264147,0.541932
3.416667,-17.426729,-5.872872,0.206130,-0.065519,-0.042537,-0.263407,0.539573
3.433333,-17.418171,-5.875773,0.206286,-0.064607,-0.041989,-0.262269,0.542187
3.450000,-17.408628,-5.877114,0.204245,-0.057056,-0.042172,-0.260513,0.578177
3.466667,-17.400301,-5.879462,0.204098,-0.055373,-0.042130,-0.259859,0.519129
3.483333,-17.392174,-5.882382,0.204909,-0.056874,-0.041549,-0.259334,0.518154
3.500000,-17.384218,-5.884242,0.204983,-0.055996,-0.041562,-0.260425,0.490194
3.516667,-17.375801,-5.886862,0.205094,-0.057332,-0.043102,-0.261432,0.528932
3.533333,-17.367922,-5.889749,0.206141,-0.059636,-0.042780,-0.262132,0.503486
3.550000,-17.360001,-5.892675,0.207376,-0.062457,-0.041973,-0.262847,0.506679
3.566667,-17.351875,-5.894487,0.207914,-0.060125,-0.039382,-0.261989,0.499487
3.583333,-17.343493,-5.899030,0.209405,-0.067574,-0.040231,-0.261940,0.572076
3.600000,-17.335064,-5.901474,0.209727,-0.067233,-0.038880,-0.261605,0.526542
3.616667,-17.327129,-5.903856,0.210332,-0.067050,-0.038638,-0.262561,0.497077
3.633333,-17.318558,-5.906795,0.210680,-0.068005,-0.039243,-0.262328,0.543675
3.650000,-17.310482,-5.910213,0.211932,-0.071559,-0.038784,-0.262413,0.526155
3.666667,-17.303061,-5.913083,0.213511,-0.075986,-0.037754,-0.264204,0.477438
3.683333,-17.295486,-5.915913,0.214894,-0.079757,-0.037808,-0.266087,0.485122
3.700000,-17.288303,-5.917860,0.216012,-0.081751,-0.036903,-0.268217,0.446535
3.716667,-17.281290,-5.920017,0.217804,-0.086259,-0.036368,-0.271114,0.440255
3.733333,-17.273066,-5.920928,0.217399,-0.083830,-0.037101,-0.273543,0.496489
3.750000,-17.265507,-5.921649,0.217397,-0.082103,-0.037176,-0.276951,0.455590
3.766667,-17.257612,-5.923339,0.217916,-0.082920,-0.037804,-0.279445,0.484396
3.783333,-17.249800,-5.925029,0.218294,-0.083505,-0.037066,-0.281420,0.479597
3.800000,-17.241955,-5.927435,0.219291,-0.086890,-0.035808,-0.283131,0.492337
3.816667,-17.234253,-5.929211,0.220062,-0.087960,-0.033204,-0.284466,0.474236
3.833333,-17.225960,-5.930081,0.219845,-0.086420,-0.032340,-0.286819,0.500318
3.850000,-17.218237,-5.931686,0.220464,-0.088405,-0.031911,-0.290398,0.473278
3.866667,-17.210249,-5.933484,0.221102,-0.090051,-0.031321,-0.293197,0.491266
3.883333,-17.202631,-5.934530,0.221577,-0.089877,-0.030117,-0.296735,0.461363
3.900000,-17.194803,-5.936281,0.221974,-0.092332,-0.030680,-0.300579,0.481278
3.916667,-17.186819,-5.937624,0.222069,-0.092287,-0.030338,-0.303682,0.485777
3.933333,-17.178522,-5.939770,0.222150,-0.094210,-0.030799,-0.305998,0.514204
3.950000,-17.170567,-5.940886,0.222217,-0.093945,-0.030272,-0.309247,0.482001
3.966667,-17.162678,-5.942050,0.222996,-0.094641,-0.029569,-0.312432,0.478456
3.983333,-17.155132,-5.942932,0.223300,-0.094511,-0.028856,-0.316314,0.455812
4.000000,-17.147404,-5.943916,0.223795,-0.095166,-0.028310,-0.319812,0.467456
4.016667,-17.140759,-5.943822,0.224702,-0.095565,-0.026578,-0.325424,0.398752
4.033333,-17.133986,-5.942639,0.224661,-0.094632,-0.026328,-0.333322,0.412527
4.050000,-17.127748,-5.941107,0.224783,-0.092853,-0.024692,-0.341361,0.385354
4.066667,-17.121262,-5.940068,0.224788,-0.092720,-0.024115,-0.349323,0.394170
4.083333,-17.114851,-5.938972,0.224770,-0.091050,-0.023059,-0.356728,0.390219
4.100000,-17.109026,-5.936868,0.224437,-0.088226,-0.021465,-0.366358,0.371608
4.116667,-17.103292,-5.935502,0.225134,-0.088971,-0.020112,-0.375287,0.353640
4.133333,-17.097700,-5.933551,0.225156,-0.087418,-0.017849,-0.384193,0.355359
4.150000,-17.091612,-5.932099,0.224956,-0.087347,-0.017289,-0.393244,0.375547
4.166667,-17.085878,-5.930060,0.224759,-0.086294,-0.015706,-0.403035,0.365115
4.183333,-17.079777,-5.928520,0.225047,-0.086033,-0.014823,-0.412302,0.377573
4.200000,-17.073792,-5.927725,0.225284,-0.086961,-0.014013,-0.420680,0.362269
4.216667,-17.068022,-5.926399,0.225521,-0.086844,-0.012095,-0.429539,0.355216
4.233333,-17.062241,-5.924045,0.225311,-0.083063,-0.009650,-0.438825,0.374527
4.250000,-17.056343,-5.922877,0.224578,-0.084806,-0.010939,-0.449937,0.360722
4.266667,-17.050093,-5.921103,0.224245,-0.082475,-0.010192,-0.458750,0.389840
4.283333,-17.044622,-5.919665,0.224715,-0.083633,-0.009095,-0.468898,0.339355
4.300000,-17.038670,-5.918159,0.224060,-0.083873,-0.009653,-0.479412,0.368435
4.316667,-17.032679,-5.916631,0.224148,-0.083209,-0.008872,-0.488538,0.370963
4.333333,-17.027142,-5.916831,0.224618,-0.085700,-0.008708,-0.496043,0.332440
4.350000,-17.021244,-5.917309,0.225357,-0.089089,-0.008096,-0.502507,0.355008
4.366667,-17.014967,-5.917789,0.226068,-0.091726,-0.007614,-0.508742,0.377728
4.383333,-17.008730,-5.916941,0.224876,-0.091666,-0.008429,-0.517920,0.377667
4.400000,-17.002472,-5.916274,0.224396,-0.091431,-0.008764,-0.525500,0.377608
4.416667,-16.996666,-5.916773,0.224923,-0.094606,-0.009280,-0.533125,0.349641
4.433333,-16.989853,-5.916472,0.224217,-0.091700,-0.008628,-0.539602,0.409180
4.450000,-16.983011,-5.916963,0.224189,-0.090472,-0.007492,-0.545946,0.411554
4.466667,-16.976801,-5.917184,0.225205,-0.090852,-0.005893,-0.554268,0.372856
4.483333,-16.970886,-5.918195,0.226528,-0.093867,-0.005049,-0.562657,0.360022
4.500000,-16.964994,-5.918604,0.227736,-0.095692,-0.003934,-0.571493,0.354361
4.516667,-16.958956,-5.918590,0.228772,-0.095708,-0.001758,-0.579432,0.362321
4.533333,-16.952944,-5.917786,0.229527,-0.094413,0.001091,-0.588648,0.363929
4.550000,-16.946638,-5.917110,0.230040,-0.093233,0.002717,-0.598000,0.380508
4.566667,-16.940342,-5.917742,0.230979,-0.094368,0.003574,-0.605376,0.379670
4.583333,-16.933493,-5.917950,0.229921,-0.093553,0.001892,-0.614831,0.411146
4.600000,-16.926653,-5.918033,0.229364,-0.092116,0.001510,-0.623536,0.410415
4.616667,-16.919785,-5.918257,0.229044,-0.091573,0.000900,-0.632549,0.412321
4.633333,-16.912846,-5.919322,0.228810,-0.092477,-0.000203,-0.640927,0.421218
4.650000,-16.905685,-5.920218,0.228383,-0.092796,-0.001400,-0.649432,0.432962
4.666667,-16.899172,-5.920101,0.228287,-0.092274,-0.000896,-0.659520,0.390879
4.683333,-16.892801,-5.919530,0.228211,-0.091257,0.000794,-0.669760,0.383764
4.700000,-16.886206,-5.919919,0.227429,-0.090687,-0.000081,-0.679652,0.396425
4.716667,-16.879969,-5.919276,0.226927,-0.088122,0.000667,-0.690371,0.376207
4.733333,-16.873714,-5.918759,0.226637,-0.085263,0.002564,-0.699880,0.376531
4.750000,-16.867828,-5.918377,0.226535,-0.083686,0.004391,-0.710029,0.353909
4.766667,-16.861784,-5.917500,0.226606,-0.080024,0.007922,-0.719736,0.366460
4.783333,-16.856016,-5.919668,0.227062,-0.083807,0.008560,-0.727904,0.369703
4.800000,-16.849413,-5.921635,0.227185,-0.083880,0.008791,-0.734269,0.413398
4.816667,-16.842657,-5.922877,0.226103,-0.082649,0.008293,-0.742263,0.412144
4.833333,-16.836624,-5.924479,0.226337,-0.084120,0.009181,-0.750195,0.374524
4.850000,-16.828962,-5.924974,0.224006,-0.078035,0.009147,-0.758295,0.460669
4.866667,-16.821369,-5.925565,0.222361,-0.072769,0.009154,-0.766968,0.456966
4.883333,-16.814415,-5.927197,0.221364,-0.070999,0.009348,-0.775070,0.428584
4.900000,-16.807432,-5.928827,0.220470,-0.068256,0.010775,-0.782559,0.430229
4.916667,-16.800495,-5.931727,0.219615,-0.066811,0.012261,-0.787854,0.451142
4.933333,-16.793922,-5.935535,0.219835,-0.068235,0.013594,-0.793522,0.455756
4.950000,-16.786615,-5.938821,0.218967,-0.065235,0.015681,-0.798042,0.480724
4.966667,-16.779436,-5.942796,0.218740,-0.063308,0.017138,-0.802247,0.492372
4.983333,-16.772690,-5.947510,0.218784,-0.063067,0.019253,-0.805031,0.493805
5.000000,-16.765850,-5.952402,0.218383,-0.062376,0.019883,-0.808511,0.504528
5.016667,-16.757666,-5.958014,0.217354,-0.058779,0.019123,-0.807951,0.595434
5.033333,-16.750196,-5.963342,0.216970,-0.056678,0.019947,-0.808238,0.550475
5.050000,-16.743326,-5.968981,0.217152,-0.057167,0.020347,-0.809547,0.533309
5.066667,-16.736460,-5.974480,0.216858,-0.055940,0.021208,-0.810892,0.527816
5.083333,-16.729221,-5.981082,0.216008,-0.055897,0.020302,-0.810486,0.587811
5.100000,-16.721722,-5.986733,0.215047,-0.053734,0.020266,-0.811495,0.563423
5.116667,-16.714222,-5.992269,0.214359,-0.051578,0.020788,-0.812328,0.559300
5.133333,-16.707464,-5.998847,0.214172,-0.052640,0.020737,-0.813460,0.565837
5.150000,-16.700039,-6.004421,0.213474,-0.050691,0.022356,-0.813760,0.557070
5.166667,-16.692657,-6.009758,0.213351,-0.049266,0.022192,-0.815255,0.546516
5.183333,-16.686941,-6.016755,0.215813,-0.057010,0.021934,-0.815504,0.542138
5.200000,-16.681002,-6.022756,0.217792,-0.062968,0.022135,-0.816934,0.506578
5.216667,-16.674496,-6.028065,0.218776,-0.065350,0.022666,-0.818900,0.503836
5.233333,-16.668461,-6.033657,0.219525,-0.068087,0.022933,-0.820750,0.493657
5.250000,-16.661966,-6.039303,0.219384,-0.068607,0.022953,-0.822750,0.516344
5.266667,-16.655338,-6.045535,0.218420,-0.069718,0.021664,-0.825129,0.545855
5.283333,-16.648621,-6.051059,0.217524,-0.067865,0.022676,-0.827726,0.521822
5.300000,-16.642036,-6.056550,0.216282,-0.065140,0.022876,-0.830842,0.514393
5.316667,-16.635418,-6.062769,0.215303,-0.063549,0.021952,-0.833394,0.544948
5.333333,-16.628832,-6.069690,0.215292,-0.063020,0.021193,-0.832627,0.573225
5.350000,-16.625208,-6.078271,0.217459,-0.062931,0.024931,-0.824214,0.558901
5.366667,-16.620083,-6.087911,0.216734,-0.063388,0.022218,-0.818210,0.655047
5.383333,-16.614529,-6.096343,0.215279,-0.061276,0.020221,-0.813666,0.605811
5.400000,-16.609285,-6.103873,0.214527,-0.057910,0.021147,-0.809824,0.550551
5.416667,-16.603943,-6.111856,0.214490,-0.055782,0.021246,-0.805453,0.576308
5.433333,-16.599112,-6.120258,0.214792,-0.056630,0.021931,-0.800111,0.581564
5.450000,-16.594414,-6.128185,0.215280,-0.057945,0.023409,-0.795376,0.552841
5.466667,-16.589340,-6.135941,0.215830,-0.058924,0.024753,-0.790840,0.556070
5.483333,-16.584122,-6.143554,0.216472,-0.060053,0.025994,-0.786934,0.553825
5.500000,-16.579168,-6.150743,0.217792,-0.062292,0.027912,-0.783609,0.523830
5.516667,-16.574200,-6.158126,0.218671,-0.064837,0.028795,-0.780125,0.533947
5.533333,-16.568062,-6.164917,0.218249,-0.063364,0.027337,-0.778449,0.549229
5.550000,-16.562138,-6.171790,0.219059,-0.064531,0.027156,-0.776839,0.544393
5.566667,-16.556093,-6.178330,0.219020,-0.064532,0.026060,-0.775888,0.534337
5.583333,-16.550583,-6.184409,0.220117,-0.066343,0.026987,-0.775275,0.492273
5.600000,-16.545519,-6.190364,0.221879,-0.068523,0.029468,-0.773571,0.469033
5.616667,-16.540192,-6.195871,0.223569,-0.069245,0.032493,-0.772785,0.459720
5.633333,-16.534248,-6.202308,0.224627,-0.070967,0.032960,-0.771717,0.525661
5.650000,-16.528234,-6.208518,0.225987,-0.072517,0.034330,-0.771187,0.518696
5.666667,-16.522522,-6.215106,0.228145,-0.075542,0.037191,-0.769576,0.523186
5.683333,-16.516573,-6.221491,0.229398,-0.078156,0.038407,-0.768793,0.523629
5.700000,-16.510408,-6.228191,0.230309,-0.081306,0.038369,-0.767816,0.546271
5.716667,-16.504107,-6.234826,0.230673,-0.083908,0.036510,-0.767190,0.549014
5.733333,-16.497564,-6.241520,0.230401,-0.085684,0.033746,-0.766605,0.561615
5.750000,-16.491131,-6.247022,0.230503,-0.086305,0.032881,-0.768031,0.507910
5.766667,-16.484367,-6.252191,0.229940,-0.086025,0.031235,-0.769680,0.510748
5.783333,-16.477646,-6.257152,0.229972,-0.086246,0.029222,-0.772461,0.501243
5.800000,-16.469982,-6.261913,0.228227,-0.085254,0.024226,-0.776575,0.541353
5.816667,-16.462255,-6.266628,0.226389,-0.084085,0.018737,-0.781146,0.543099
5.833333,-16.455595,-6.271213,0.225928,-0.084399,0.017230,-0.784955,0.485139
5.850000,-16.448544,-6.275603,0.225382,-0.083215,0.016240,-0.788876,0.498403
5.866667,-16.440905,-6.281003,0.224362,-0.084309,0.011812,-0.792852,0.561297
5.883333,-16.432972,-6.285317,0.222768,-0.082744,0.007715,-0.798391,0.541774
5.900000,-16.425894,-6.289598,0.222026,-0.082712,0.005805,-0.803544,0.496327
5.916667,-16.418715,-6.294317,0.221102,-0.083188,0.002655,-0.808577,0.515488
5.933333,-16.411995,-6.299118,0.220303,-0.083053,-0.000085,-0.813160,0.495485
5.950000,-16.405790,-6.303432,0.220327,-0.082814,-0.000664,-0.816738,0.453449
5.966667,-16.398897,-6.308168,0.219171,-0.082231,-0.003477,-0.820198,0.501798
5.983333,-16.391848,-6.313417,0.217851,-0.082542,-0.007977,-0.824410,0.527330
6.000000,-16.384912,-6.318275,0.216985,-0.082692,-0.011274,-0.828896,0.508058
6.016667,-16.378269,-6.323195,0.216782,-0.083119,-0.012350,-0.832202,0.495973
6.033333,-16.371458,-6.328372,0.216111,-0.084707,-0.015780,-0.836310,0.513353
6.050000,-16.364042,-6.332624,0.214946,-0.082963,-0.018870,-0.841908,0.512896
6.066667,-16.357357,-6.336547,0.214487,-0.081936,-0.020756,-0.847645,0.465061
6.083333,-16.350643,-6.341248,0.214084,-0.081739,-0.023868,-0.852532,0.491752
6.100000,-16.343317,-6.345613,0.212071,-0.079203,-0.028877,-0.858235,0.511674
6.116667,-16.336639,-6.349797,0.211150,-0.078317,-0.031275,-0.863854,0.472816
6.133333,-16.330378,-6.354064,0.210415,-0.077817,-0.032960,-0.868503,0.454670
6.150000,-16.324024,-6.358628,0.210069,-0.078537,-0.034563,-0.873708,0.469342
6.166667,-16.316584,-6.363629,0.208109,-0.076636,-0.039222,-0.879264,0.537905
6.183333,-16.309420,-6.368557,0.206439,-0.075595,-0.043026,-0.884385,0.521738
6.200000,-16.303598,-6.373387,0.206750,-0.078102,-0.043364,-0.889415,0.453841
6.216667,-16.297329,-6.378214,0.206929,-0.079449,-0.043793,-0.894438,0.474727
6.233333,-16.290693,-6.382847,0.206896,-0.078571,-0.043614,-0.899336,0.485595
6.250000,-16.284742,-6.387456,0.207334,-0.080369,-0.043543,-0.904525,0.451609
6.266667,-16.278540,-6.392152,0.207750,-0.081683,-0.043242,-0.909705,0.466786
6.283333,-16.272257,-6.396212,0.208091,-0.081061,-0.041654,-0.916049,0.448821
6.300000,-16.264833,-6.401017,0.206960,-0.078415,-0.044095,-0.922707,0.530586
6.316667,-16.258512,-6.406017,0.207200,-0.079738,-0.045651,-0.929449,0.483570
6.333333,-16.252203,-6.410392,0.207473,-0.079665,-0.045956,-0.936534,0.460659
6.350000,-16.245094,-6.415002,0.207159,-0.077562,-0.047151,-0.942526,0.508360
6.366667,-16.239128,-6.420344,0.208119,-0.081358,-0.048399,-0.948834,0.480515
6.383333,-16.233006,-6.425370,0.208778,-0.083772,-0.049944,-0.955503,0.475254
6.400000,-16.227188,-6.430398,0.209615,-0.087690,-0.051608,-0.962704,0.461359
6.416667,-16.221457,-6.435260,0.210253,-0.091325,-0.052513,-0.969939,0.450971
6.433333,-16.214418,-6.439048,0.209736,-0.088888,-0.052934,-0.977758,0.479551
6.450000,-16.208277,-6.443624,0.209979,-0.089480,-0.053540,-0.984675,0.459545
6.466667,-16.200935,-6.447742,0.208872,-0.085646,-0.054133,-0.990455,0.505061
6.483333,-16.194412,-6.451908,0.208437,-0.084704,-0.053852,-0.996859,0.464370
6.500000,-16.188572,-6.456051,0.209154,-0.087337,-0.053435,-1.004848,0.429642
6.516667,-16.182562,-6.460120,0.209134,-0.087592,-0.052766,-1.012226,0.435471
6.533333,-16.177341,-6.464844,0.210288,-0.092620,-0.052572,-1.020199,0.422451
6.550000,-16.171890,-6.469820,0.211708,-0.097827,-0.053054,-1.028174,0.442859
6.566667,-16.165174,-6.474151,0.211226,-0.095110,-0.052394,-1.034183,0.479460
6.583333,-16.159164,-6.479513,0.211561,-0.096825,-0.052549,-1.039140,0.483260
6.600000,-16.152679,-6.484206,0.211024,-0.095527,-0.054662,-1.046456,0.480282
6.616667,-16.146591,-6.488711,0.210945,-0.093968,-0.055082,-1.052445,0.454448
6.633333,-16.140963,-6.493275,0.210984,-0.092754,-0.055367,-1.058581,0.434780
6.650000,-16.136171,-6.498416,0.211424,-0.092215,-0.054996,-1.063343,0.421642
6.666667,-16.131502,-6.503560,0.212234,-0.093033,-0.054639,-1.068902,0.416810
6.683333,-16.125937,-6.508201,0.212783,-0.091445,-0.054588,-1.073772,0.434825
6.700000,-16.120604,-6.513779,0.213285,-0.093618,-0.056672,-1.077419,0.463031
6.716667,-16.113754,-6.518380,0.212391,-0.090207,-0.059291,-1.082937,0.495055
6.733333,-16.108479,-6.522282,0.213694,-0.091699,-0.060366,-1.090416,0.393731
6.750000,-16.104534,-6.525735,0.216358,-0.097306,-0.059160,-1.096554,0.314547
6.766667,-16.098894,-6.530061,0.216459,-0.097509,-0.061297,-1.102206,0.426477
6.783333,-16.093657,-6.534107,0.216757,-0.098935,-0.064042,-1.109808,0.397081
6.800000,-16.089609,-6.537270,0.218890,-0.100664,-0.061798,-1.115886,0.308198
6.816667,-16.084570,-6.541710,0.218537,-0.100214,-0.064161,-1.121596,0.403003
6.833333,-16.079573,-6.545097,0.219206,-0.099049,-0.063872,-1.127816,0.362214
6.850000,-16.074789,-6.547824,0.220762,-0.100451,-0.063006,-1.135972,0.330381
6.866667,-16.068781,-6.550992,0.220812,-0.099556,-0.064585,-1.145438,0.407535
6.883333,-16.062965,-6.555583,0.220361,-0.101493,-0.069400,-1.154470,0.444556
6.900000,-16.057287,-6.559757,0.220321,-0.102986,-0.071326,-1.162703,0.422810
6.916667,-16.051126,-6.563352,0.220396,-0.102062,-0.072259,-1.172410,0.427986
6.933333,-16.045864,-6.567098,0.221431,-0.102488,-0.072012,-1.181275,0.387554
6.950000,-16.040119,-6.571612,0.222274,-0.102358,-0.071793,-1.187445,0.438397
6.966667,-16.035437,-6.576025,0.224019,-0.104988,-0.071155,-1.194127,0.386046
6.983333,-16.030643,-6.580613,0.225245,-0.107079,-0.071553,-1.201377,0.398110
7.000000,-16.025694,-6.585479,0.225828,-0.107927,-0.072193,-1.208147,0.416460
7.016667,-16.021444,-6.590446,0.227110,-0.110054,-0.071343,-1.214427,0.392197
7.033333,-16.016136,-6.596853,0.227795,-0.109062,-0.068792,-1.213793,0.499225
7.050000,-16.010973,-6.602943,0.227584,-0.109451,-0.068155,-1.217387,0.479057
7.066667,-16.006441,-6.609099,0.227970,-0.111062,-0.068313,-1.222975,0.458629
7.083333,-16.000793,-6.615181,0.226550,-0.108338,-0.071697,-1.230226,0.498012
7.100000,-15.995584,-6.621074,0.226255,-0.106996,-0.073449,-1.237032,0.471899
7.116667,-15.991399,-6.626914,0.226872,-0.107522,-0.073069,-1.242582,0.431097
7.133333,-15.986591,-6.633628,0.225924,-0.106443,-0.075254,-1.248443,0.495455
7.150000,-15.981788,-6.638773,0.226028,-0.103628,-0.073616,-1.255634,0.422358
7.166667,-15.977120,-6.644686,0.225583,-0.102047,-0.074570,-1.262909,0.451951
7.183333,-15.971129,-6.650461,0.223195,-0.094029,-0.076800,-1.270384,0.499291
7.200000,-15.967192,-6.655872,0.223848,-0.092785,-0.075260,-1.277189,0.401535
7.216667,-15.961666,-6.662149,0.221613,-0.085720,-0.077680,-1.284158,0.501759
7.233333,-15.957376,-6.668239,0.221076,-0.082043,-0.078194,-1.289968,0.446963
7.250000,-15.953442,-6.674450,0.220924,-0.079301,-0.078136,-1.294649,0.441135
7.266667,-15.949669,-6.680869,0.220723,-0.076660,-0.077688,-1.299052,0.446697
7.283333,-15.947000,-6.688314,0.220958,-0.076882,-0.077315,-1.301082,0.474590
7.300000,-15.944041,-6.695689,0.221421,-0.077115,-0.076985,-1.303793,0.476732
7.316667,-15.940994,-6.703088,0.221712,-0.077468,-0.076939,-1.307691,0.480115
7.333333,-15.939181,-6.710491,0.222922,-0.080282,-0.076225,-1.310868,0.457327
7.350000,-15.936615,-6.717938,0.223445,-0.080672,-0.074885,-1.313445,0.472594
7.366667,-15.933855,-6.725440,0.223808,-0.081604,-0.074113,-1.316388,0.479619
7.383333,-15.932269,-6.733131,0.224955,-0.086148,-0.072533,-1.319146,0.471164
7.400000,-15.928748,-6.740385,0.224049,-0.083920,-0.070460,-1.322975,0.483808
7.416667,-15.926074,-6.748107,0.224690,-0.086275,-0.068777,-1.326862,0.490336
7.433333,-15.923135,-6.755673,0.224819,-0.087479,-0.068435,-1.332216,0.486983
7.450000,-15.920794,-6.763389,0.225797,-0.091022,-0.068942,-1.337799,0.483813
7.466667,-15.918948,-6.771192,0.227334,-0.096773,-0.068270,-1.341480,0.481092
7.483333,-15.916318,-6.778159,0.227834,-0.097860,-0.066989,-1.345981,0.446821
7.500000,-15.913580,-6.785708,0.227664,-0.098737,-0.066291,-1.349840,0.481801
7.516667,-15.909984,-6.793029,0.227115,-0.096785,-0.063923,-1.353127,0.489391
7.533333,-15.906209,-6.799840,0.227060,-0.095658,-0.061071,-1.357731,0.467254
7.550000,-15.903488,-6.806765,0.228002,-0.098995,-0.059916,-1.363725,0.446373
7.566667,-15.898521,-6.812559,0.226934,-0.093911,-0.058179,-1.371825,0.457910
7.583333,-15.894239,-6.818500,0.226826,-0.090952,-0.055394,-1.378519,0.439372
7.600000,-15.890386,-6.825132,0.226649,-0.088905,-0.054678,-1.384386,0.460242
7.616667,-15.887143,-6.832255,0.226824,-0.089279,-0.054101,-1.389569,0.469577
7.633333,-15.883337,-6.838564,0.227070,-0.088341,-0.052612,-1.396630,0.442092
7.650000,-15.879623,-6.845067,0.227431,-0.086730,-0.050009,-1.401930,0.449325
7.666667,-15.876795,-6.851956,0.228406,-0.088120,-0.047250,-1.406952,0.446845
7.683333,-15.874282,-6.858873,0.229721,-0.090969,-0.045126,-1.412885,0.441560
7.700000,-15.870926,-6.865231,0.229861,-0.089232,-0.041535,-1.418366,0.431318
7.716667,-15.867758,-6.871711,0.229615,-0.087755,-0.037942,-1.423927,0.432817
7.733333,-15.864479,-6.878729,0.229461,-0.086259,-0.033865,-1.427796,0.464772
7.750000,-15.861138,-6.885994,0.229713,-0.085165,-0.029076,-1.431160,0.479782
7.766667,-15.857589,-6.893143,0.230032,-0.083628,-0.023750,-1.434596,0.478889
7.783333,-15.854558,-6.900430,0.231084,-0.084895,-0.018811,-1.438726,0.473504
7.800000,-15.851388,-6.909008,0.232328,-0.087228,-0.014679,-1.438824,0.548690
7.816667,-15.847232,-6.917598,0.232306,-0.086060,-0.009150,-1.436279,0.572594
7.833333,-15.844472,-6.926185,0.233809,-0.089326,-0.004217,-1.435296,0.541171
7.850000,-15.840515,-6.933344,0.234695,-0.088147,0.000645,-1.439093,0.490769
7.866667,-15.837307,-6.939859,0.236173,-0.091357,0.005255,-1.445951,0.435725
7.883333,-15.835121,-6.946218,0.238505,-0.099947,0.010702,-1.452116,0.403457
7.900000,-15.832039,-6.953073,0.239252,-0.102096,0.014284,-1.458936,0.450939
7.916667,-15.827271,-6.959797,0.238317,-0.097817,0.017758,-1.466309,0.494630
7.933333,-15.824569,-6.967677,0.238828,-0.102541,0.018099,-1.474329,0.499776
7.950000,-15.821325,-6.975042,0.239126,-0.104055,0.019942,-1.481595,0.482866
7.966667,-15.818151,-6.982109,0.239553,-0.105741,0.023301,-1.488228,0.464830
7.983333,-15.814164,-6.988587,0.239433,-0.103046,0.029383,-1.493910,0.456423
8.000000,-15.811563,-6.996029,0.239972,-0.105273,0.033019,-1.499469,0.472972
8.016667,-15.810070,-7.003831,0.241564,-0.111246,0.037696,-1.503930,0.476620
8.033333,-15.807208,-7.011278,0.242746,-0.113054,0.043042,-1.508869,0.478668
8.050000,-15.803998,-7.018639,0.243342,-0.111333,0.047045,-1.514414,0.481852
8.066667,-15.800572,-7.024975,0.244554,-0.110913,0.051866,-1.522587,0.432151
8.083333,-15.795673,-7.031112,0.243982,-0.104232,0.057664,-1.530354,0.471151
8.100000,-15.792388,-7.037689,0.244041,-0.103145,0.061769,-1.538465,0.441142
8.116667,-15.788618,-7.045057,0.242744,-0.098556,0.065853,-1.544292,0.496591
8.133333,-15.786926,-7.053332,0.242516,-0.100442,0.069646,-1.548455,0.506772
8.150000,-15.784200,-7.061464,0.241982,-0.099572,0.073665,-1.553401,0.514587
8.166667,-15.781240,-7.069989,0.242050,-0.098856,0.077397,-1.557315,0.541435
8.183333,-15.778518,-7.079226,0.241653,-0.095726,0.080739,-1.557229,0.577840
8.200000,-15.777286,-7.088915,0.242190,-0.097874,0.082934,-1.556239,0.585985
8.216667,-15.775928,-7.097710,0.242597,-0.099890,0.084122,-1.559719,0.533941
8.233333,-15.774560,-7.106867,0.242306,-0.102635,0.083862,-1.563634,0.555524
8.250000,-15.773706,-7.115610,0.244123,-0.109333,0.085377,-1.566180,0.527062
8.266667,-15.771594,-7.123335,0.245397,-0.113125,0.087365,-1.571219,0.480558
8.283333,-15.770956,-7.131341,0.248206,-0.121760,0.089872,-1.573919,0.481889
8.300000,-15.769299,-7.139735,0.249447,-0.126106,0.089548,-1.577710,0.513351
8.316667,-15.766575,-7.147205,0.250363,-0.128919,0.088736,-1.583560,0.477044
8.333333,-15.764989,-7.154853,0.251559,-0.133298,0.087767,-1.588635,0.468642
8.350000,-15.762042,-7.163153,0.252079,-0.133865,0.089653,-1.587628,0.528447
8.366667,-15.759224,-7.171156,0.251397,-0.135445,0.087302,-1.592320,0.509121
8.383333,-15.756288,-7.178422,0.251465,-0.136626,0.086058,-1.598550,0.470190
8.400000,-15.752621,-7.185216,0.249738,-0.132864,0.082303,-1.606279,0.463222
8.416667,-15.748808,-7.191879,0.248176,-0.128668,0.079055,-1.614063,0.460624
8.433333,-15.744328,-7.198471,0.245213,-0.121366,0.074342,-1.622734,0.478217
8.450000,-15.743018,-7.205005,0.245873,-0.121623,0.074329,-1.627153,0.399840
8.466667,-15.742353,-7.212459,0.245399,-0.120703,0.072144,-1.630418,0.448981
8.483333,-15.739484,-7.219782,0.242722,-0.111447,0.069862,-1.634415,0.471925
8.500000,-15.738176,-7.227508,0.241537,-0.107558,0.067654,-1.637798,0.470163
8.516667,-15.738718,-7.235760,0.241416,-0.110423,0.063084,-1.640975,0.496194
8.533333,-15.738322,-7.243556,0.241452,-0.109782,0.061798,-1.643523,0.468351
8.550000,-15.738344,-7.251248,0.242040,-0.112061,0.058401,-1.647813,0.461513
8.566667,-15.738681,-7.258695,0.243268,-0.116799,0.054959,-1.652755,0.447291
8.583333,-15.740332,-7.266135,0.245332,-0.126823,0.049587,-1.657547,0.457262
8.600000,-15.742771,-7.273837,0.247578,-0.139919,0.042420,-1.662525,0.484739
8.616667,-15.742293,-7.281153,0.247024,-0.139904,0.038437,-1.666155,0.439873
8.633333,-15.741925,-7.288496,0.246739,-0.141402,0.034319,-1.670883,0.441122
8.650000,-15.741218,-7.295835,0.246170,-0.141494,0.030661,-1.675911,0.442439
8.666667,-15.739078,-7.303049,0.244825,-0.135784,0.028400,-1.680828,0.451433
8.683333,-15.737252,-7.310178,0.243445,-0.132511,0.026314,-1.686705,0.441577
8.700000,-15.735861,-7.317686,0.242587,-0.131769,0.023725,-1.692513,0.458111
8.716667,-15.733654,-7.325550,0.241205,-0.128056,0.019535,-1.698306,0.490066
8.733333,-15.732662,-7.334285,0.239859,-0.128375,0.012392,-1.703415,0.527478
8.750000,-15.731321,-7.342401,0.239315,-0.126489,0.007863,-1.707776,0.493576
8.766667,-15.730443,-7.350405,0.238876,-0.125091,0.002313,-1.711837,0.483106
8.783333,-15.728926,-7.357755,0.238133,-0.122007,-0.002459,-1.716857,0.450325
8.800000,-15.726937,-7.364069,0.237616,-0.118557,-0.005841,-1.723118,0.397198
8.816667,-15.723531,-7.370070,0.235773,-0.111622,-0.009807,-1.730977,0.413978
8.833333,-15.721251,-7.376407,0.235188,-0.109493,-0.015369,-1.738033,0.404122
8.850000,-15.718473,-7.382222,0.234429,-0.106571,-0.019493,-1.745859,0.386622
8.866667,-15.715748,-7.387999,0.233721,-0.104185,-0.023126,-1.753980,0.383281
8.883333,-15.713628,-7.394454,0.233138,-0.103860,-0.027672,-1.761376,0.407678
8.900000,-15.712101,-7.401182,0.233252,-0.105786,-0.032129,-1.768251,0.413927
8.916667,-15.710478,-7.408566,0.232803,-0.106500,-0.037384,-1.774284,0.453580
8.933333,-15.708465,-7.415098,0.232730,-0.107438,-0.042231,-1.781858,0.410151
8.950000,-15.706571,-7.421971,0.231914,-0.109000,-0.048509,-1.789916,0.427731
8.966667,-15.704618,-7.429163,0.231429,-0.110586,-0.054829,-1.797399,0.447142
8.983333,-15.702415,-7.435977,0.230867,-0.111552,-0.060984,-1.805866,0.429649
9.000000,-15.699383,-7.441843,0.230496,-0.111262,-0.065877,-1.815916,0.396217
9.016667,-15.696597,-7.447857,0.229790,-0.110550,-0.070998,-1.825316,0.397715
9.033333,-15.692888,-7.452963,0.229311,-0.108927,-0.074814,-1.836289,0.378626
9.050000,-15.689717,-7.458256,0.228251,-0.106797,-0.079322,-1.846220,0.370204
9.066667,-15.687028,-7.464129,0.227190,-0.106590,-0.085207,-1.855815,0.387579
9.083333,-15.684706,-7.470462,0.226485,-0.107436,-0.091857,-1.865098,0.404713
9.100000,-15.681622,-7.475542,0.227097,-0.108585,-0.095361,-1.875608,0.356564
9.116667,-15.677924,-7.480748,0.227261,-0.108853,-0.099209,-1.887495,0.383129
9.133333,-15.674247,-7.486527,0.226656,-0.107750,-0.103451,-1.898719,0.411026
9.150000,-15.671128,-7.491673,0.225926,-0.110646,-0.108803,-1.911844,0.361008
9.166667,-15.667167,-7.497524,0.222713,-0.110083,-0.116726,-1.926757,0.423949
9.183333,-15.664291,-7.506295,0.216969,-0.108534,-0.133150,-1.940097,0.553813
9.200000,-15.664758,-7.515195,0.213098,-0.115285,-0.152979,-1.950329,0.534771
9.216667,-15.661863,-7.523561,0.208148,-0.111748,-0.166455,-1.958807,0.531132
9.233333,-15.660177,-7.530359,0.205265,-0.115547,-0.182263,-1.970718,0.420254
9.250000,-15.656323,-7.534234,0.205998,-0.117880,-0.188310,-1.980343,0.327877
9.266667,-15.653322,-7.537560,0.207174,-0.125256,-0.197040,-1.991555,0.268834
9.283333,-15.650020,-7.541601,0.207814,-0.131115,-0.206815,-2.002399,0.313097
9.300000,-15.645566,-7.545042,0.208940,-0.134846,-0.213597,-2.013514,0.337681
9.316667,-15.638397,-7.547119,0.208875,-0.133259,-0.217037,-2.030569,0.447825
9.333333,-15.629476,-7.548383,0.208073,-0.128616,-0.218409,-2.050938,0.540644
9.350000,-15.618971,-7.548454,0.207201,-0.122431,-0.216831,-2.074513,0.630298
9.366667,-15.607730,-7.548956,0.204704,-0.110656,-0.213715,-2.097095,0.675129
9.383333,-15.597735,-7.550077,0.201346,-0.102079,-0.214975,-2.121477,0.603434
9.400000,-15.586261,-7.550407,0.197062,-0.085125,-0.210165,-2.143405,0.688761
9.416667,-15.575898,-7.549426,0.194421,-0.073341,-0.204182,-2.165989,0.624542
9.433333,-15.564142,-7.552258,0.187873,-0.050423,-0.200048,-2.187284,0.725547
9.450000,-15.553658,-7.556391,0.180498,-0.028051,-0.201201,-2.208820,0.676124
9.466667,-15.548149,-7.559628,0.177380,-0.019452,-0.204479,-2.221960,0.383419
9.483333,-15.542290,-7.563506,0.173966,-0.007257,-0.206576,-2.233400,0.421560
9.500000,-15.539179,-7.566225,0.172558,-0.004194,-0.209507,-2.243219,0.247896
9.516667,-15.536512,-7.567575,0.172820,-0.003538,-0.209468,-2.252252,0.179348
9.533333,-15.534537,-7.570000,0.172777,-0.001810,-0.210019,-2.259585,0.187617
9.550000,-15.533185,-7.572042,0.173111,-0.001626,-0.210773,-2.267390,0.146942
9.566667,-15.531729,-7.574530,0.173382,-0.000172,-0.210915,-2.274169,0.173003
9.583333,-15.530736,-7.577041,0.173651,0.000718,-0.211159,-2.280668,0.161983
9.600000,-15.530381,-7.580029,0.174081,0.001508,-0.211306,-2.285721,0.180588
9.616667,-15.529992,-7.583148,0.174522,0.002644,-0.211484,-2.292113,0.188562
9.633333,-15.530017,-7.586803,0.175042,0.003662,-0.211817,-2.297459,0.219331
9.650000,-15.530156,-7.590596,0.175561,0.005181,-0.212010,-2.303485,0.227690
9.666667,-15.530948,-7.594746,0.176248,0.005733,-0.212778,-2.308617,0.253484
9.683333,-15.531573,-7.598904,0.176854,0.007026,-0.213270,-2.314403,0.252289
9.700000,-15.532308,-7.603263,0.177336,0.008796,-0.213304,-2.318945,0.265240
9.716667,-15.533216,-7.607504,0.177804,0.010436,-0.213344,-2.324009,0.260237
9.733333,-15.534838,-7.612191,0.178384,0.011753,-0.213280,-2.327135,0.297586
9.750000,-15.536180,-7.616992,0.178768,0.014362,-0.212906,-2.331329,0.299075
9.766667,-15.537712,-7.622255,0.179137,0.016226,-0.213445,-2.336359,0.328926
9.783333,-15.539289,-7.627953,0.179406,0.019011,-0.213974,-2.341344,0.354695
9.800000,-15.541111,-7.633672,0.179864,0.021246,-0.215242,-2.346349,0.360162
9.816667,-15.542185,-7.638926,0.180409,0.023859,-0.215623,-2.352700,0.321745
9.833333,-15.543038,-7.645653,0.179255,0.031785,-0.217554,-2.359032,0.406841
9.850000,-15.543955,-7.652194,0.178487,0.038583,-0.218567,-2.365094,0.396280
9.866667,-15.544972,-7.658206,0.178096,0.043733,-0.219649,-2.372257,0.365876
9.883333,-15.545671,-7.664660,0.177524,0.050579,-0.220520,-2.379770,0.389476
9.900000,-15.547056,-7.670827,0.177052,0.056081,-0.221531,-2.386340,0.379285
9.916667,-15.548163,-7.677389,0.176553,0.063501,-0.221916,-2.392097,0.399243
9.933333,-15.549919,-7.683088,0.176501,0.069001,-0.222147,-2.397474,0.357835
9.950000,-15.552505,-7.688117,0.176982,0.071350,-0.222232,-2.401941,0.339266
9.966667,-15.556158,-7.692752,0.177875,0.072667,-0.221895,-2.404267,0.354090
9.983333,-15.559933,-7.697434,0.178368,0.076016,-0.223041,-2.407050,0.360870
10.000000,-15.564291,-7.702073,0.179081,0.078891,-0.224380,-2.409261,0.381894
10.016667,-15.569452,-7.706345,0.179948,0.080853,-0.225557,-2.410168,0.401976
10.033333,-15.575334,-7.709249,0.181892,0.079390,-0.226031,-2.409209,0.393563
10.050000,-15.581467,-7.711727,0.184035,0.076346,-0.226434,-2.407359,0.396889
10.066667,-15.588545,-7.714414,0.186091,0.073895,-0.227310,-2.402883,0.454261
10.083333,-15.595835,-7.717190,0.188120,0.070927,-0.228688,-2.399012,0.468026
10.100000,-15.603942,-7.719741,0.190376,0.067387,-0.229848,-2.393416,0.509945
10.116667,-15.612519,-7.721955,0.192857,0.062666,-0.230211,-2.385551,0.531508
10.133333,-15.621126,-7.724014,0.195603,0.057446,-0.230771,-2.378152,0.530992
10.150000,-15.630157,-7.725502,0.198579,0.050807,-0.230313,-2.368864,0.549181
10.166667,-15.638897,-7.727678,0.200967,0.046428,-0.230455,-2.359828,0.540382
10.183333,-15.647433,-7.729411,0.203539,0.040962,-0.230431,-2.350426,0.522626
10.200000,-15.655569,-7.732490,0.204873,0.039982,-0.231128,-2.341421,0.521935
10.216667,-15.663714,-7.734377,0.207294,0.035429,-0.230867,-2.331946,0.501661
10.233333,-15.671370,-7.737691,0.208293,0.035912,-0.231448,-2.322114,0.500502
10.250000,-15.679270,-7.740857,0.209665,0.035262,-0.231767,-2.312125,0.510665
10.266667,-15.687003,-7.745019,0.210116,0.037705,-0.232817,-2.301767,0.526940
10.283333,-15.695191,-7.748837,0.211161,0.038062,-0.233576,-2.291004,0.542079
10.300000,-15.703299,-7.752931,0.212064,0.039487,-0.234320,-2.279744,0.544913
10.316667,-15.711430,-7.756932,0.212970,0.040608,-0.235025,-2.268496,0.543742
10.333333,-15.718512,-7.760177,0.214063,0.040868,-0.235453,-2.258908,0.467399
10.350000,-15.725547,-7.763745,0.214698,0.041483,-0.236528,-2.248431,0.473303
10.366667,-15.733176,-7.767605,0.215396,0.041793,-0.238412,-2.237184,0.513017
10.383333,-15.740879,-7.771456,0.216201,0.041833,-0.239729,-2.226278,0.516696
10.400000,-15.748895,-7.775500,0.217280,0.041525,-0.241195,-2.214492,0.538681
10.416667,-15.757076,-7.779843,0.218181,0.041579,-0.242618,-2.202351,0.555783
10.433333,-15.765272,-7.784283,0.219138,0.042173,-0.243906,-2.189923,0.559258
10.450000,-15.773435,-7.788278,0.220519,0.040600,-0.245173,-2.178516,0.545273
10.466667,-15.781878,-7.791130,0.223074,0.034654,-0.245795,-2.167521,0.534739
10.483333,-15.790055,-7.794230,0.225427,0.030042,-0.245683,-2.156177,0.524702
10.500000,-15.797994,-7.796862,0.228362,0.023946,-0.244947,-2.145863,0.501785
10.516667,-15.806098,-7.799763,0.231227,0.017038,-0.244935,-2.136237,0.516475
10.533333,-15.814127,-7.803349,0.233641,0.011772,-0.245268,-2.125973,0.527611
10.550000,-15.822143,-7.806588,0.236615,0.005026,-0.245412,-2.114178,0.518722
10.566667,-15.830087,-7.809759,0.239340,-0.001016,-0.245499,-2.104440,0.513215
10.583333,-15.837025,-7.813313,0.241878,-0.005625,-0.245278,-2.095061,0.467714
10.600000,-15.843249,-7.816358,0.244473,-0.010977,-0.244813,-2.085433,0.415773
10.616667,-15.848272,-7.819244,0.246281,-0.013262,-0.244279,-2.079225,0.347592
10.633333,-15.852426,-7.822284,0.247858,-0.014858,-0.243669,-2.074385,0.308794
10.650000,-15.856572,-7.825941,0.249018,-0.014792,-0.243298,-2.068089,0.331723
10.666667,-15.860230,-7.829635,0.249789,-0.013319,-0.242778,-2.062606,0.311958
10.683333,-15.864102,-7.833149,0.250883,-0.013552,-0.242782,-2.057806,0.313737
10.700000,-15.868431,-7.837210,0.252002,-0.013431,-0.242725,-2.050829,0.356117
10.716667,-15.872766,-7.841863,0.252793,-0.011954,-0.243227,-2.044056,0.381523
10.733333,-15.876630,-7.846652,0.253253,-0.009279,-0.243530,-2.037844,0.369235
10.750000,-15.880722,-7.851428,0.254026,-0.007645,-0.244078,-2.031208,0.377363
10.766667,-15.884728,-7.855546,0.254939,-0.007162,-0.244507,-2.026217,0.344740
10.783333,-15.888965,-7.860216,0.255766,-0.006269,-0.245266,-2.018785,0.378292
10.800000,-15.893715,-7.865141,0.256761,-0.006008,-0.246441,-2.011388,0.410564
10.816667,-15.898709,-7.869699,0.258189,-0.007465,-0.247605,-2.004404,0.405681
10.833333,-15.903708,-7.874562,0.259402,-0.008196,-0.248638,-1.996201,0.418426
10.850000,-15.908372,-7.879031,0.260559,-0.008773,-0.249527,-1.989317,0.387584
10.866667,-15.913051,-7.883527,0.261909,-0.010012,-0.250163,-1.981787,0.389312
10.883333,-15.916806,-7.887905,0.262740,-0.009416,-0.250951,-1.976350,0.346080
10.900000,-15.920761,-7.892729,0.263677,-0.009309,-0.252287,-1.969534,0.374285
10.916667,-15.925153,-7.897347,0.265037,-0.010530,-0.253234,-1.963008,0.382376
10.933333,-15.930556,-7.901113,0.267340,-0.014996,-0.253064,-1.955115,0.395187
10.950000,-15.936249,-7.904891,0.269539,-0.018933,-0.252883,-1.947201,0.409910
10.966667,-15.941419,-7.909137,0.271039,-0.020968,-0.253787,-1.938557,0.401409
10.983333,-15.947729,-7.912925,0.273357,-0.025515,-0.253150,-1.927825,0.441605
11.000000,-15.954506,-7.917394,0.275359,-0.029371,-0.252853,-1.916008,0.487075
11.016667,-15.961374,-7.922412,0.277154,-0.031973,-0.252784,-1.903599,0.510378
11.033333,-15.968699,-7.927671,0.279155,-0.035868,-0.253256,-1.890673,0.541005
11.050000,-15.976301,-7.932703,0.281531,-0.040466,-0.252580,-1.877283,0.546998
11.066667,-15.984162,-7.937857,0.284017,-0.045445,-0.252203,-1.863600,0.564008
11.083333,-15.991716,-7.942467,0.286670,-0.050821,-0.251913,-1.850256,0.530979
11.100000,-15.998777,-7.948419,0.287688,-0.052441,-0.252722,-1.836054,0.554092
11.116667,-16.006729,-7.953018,0.290464,-0.057526,-0.250412,-1.820617,0.551157
11.133333,-16.014162,-7.958529,0.292479,-0.060138,-0.248944,-1.804961,0.555213
11.150000,-16.021210,-7.963464,0.294877,-0.063280,-0.247158,-1.790935,0.516215
11.166667,-16.028124,-7.968320,0.297646,-0.066151,-0.244535,-1.776521,0.506929
11.183333,-16.034363,-7.973396,0.300014,-0.067906,-0.242535,-1.763626,0.482578
11.200000,-16.040155,-7.979319,0.301385,-0.068269,-0.241986,-1.751535,0.497094
11.216667,-16.046545,-7.984932,0.303376,-0.070355,-0.240215,-1.738647,0.510287
11.233333,-16.053461,-7.991049,0.305215,-0.072879,-0.238215,-1.724118,0.553997
11.250000,-16.060017,-7.997307,0.306869,-0.073583,-0.235470,-1.708965,0.543780
11.266667,-16.066395,-8.002759,0.309032,-0.076707,-0.233242,-1.695494,0.503435
11.283333,-16.072617,-8.008317,0.311272,-0.079949,-0.231575,-1.682699,0.500567
11.300000,-16.078176,-8.014585,0.312824,-0.080433,-0.230183,-1.668854,0.502694
11.316667,-16.083857,-8.020835,0.314424,-0.080507,-0.228370,-1.655432,0.506745
11.333333,-16.089138,-8.027693,0.316059,-0.080099,-0.228229,-1.642085,0.519352
11.350000,-16.095020,-8.034840,0.317349,-0.081107,-0.228744,-1.628242,0.555375
11.366667,-16.100927,-8.041628,0.319152,-0.082584,-0.228309,-1.615063,0.539912
11.383333,-16.106451,-8.048965,0.320260,-0.082174,-0.228116,-1.601285,0.551057
11.400000,-16.110817,-8.055064,0.321740,-0.080684,-0.227481,-1.590271,0.450024
11.416667,-16.115803,-8.062265,0.322151,-0.080639,-0.228339,-1.577237,0.525524
11.433333,-16.120998,-8.069251,0.323149,-0.080992,-0.227737,-1.563932,0.522358
11.450000,-16.126175,-8.076105,0.324394,-0.081201,-0.225885,-1.549951,0.515353
11.466667,-16.131979,-8.082932,0.326392,-0.083033,-0.222647,-1.534469,0.537618
11.483333,-16.137705,-8.089930,0.328319,-0.085378,-0.219893,-1.519856,0.542522
11.500000,-16.143419,-8.097037,0.330756,-0.088225,-0.217453,-1.504167,0.547200
11.516667,-16.149233,-8.103709,0.333668,-0.092618,-0.215174,-1.488891,0.530965
11.533333,-16.154442,-8.110117,0.336620,-0.095929,-0.212915,-1.475416,0.495472
11.550000,-16.159170,-8.117691,0.338442,-0.097883,-0.212725,-1.461514,0.535729
11.566667,-16.164772,-8.126011,0.340327,-0.102139,-0.212576,-1.445575,0.601801
11.583333,-16.170551,-8.132366,0.343120,-0.108221,-0.209988,-1.430352,0.515405
11.600000,-16.176603,-8.139161,0.345601,-0.114585,-0.207144,-1.413530,0.545960
11.616667,-16.181282,-8.147541,0.348021,-0.119027,-0.205182,-1.392385,0.575856
11.633333,-16.184042,-8.154688,0.348959,-0.121272,-0.203669,-1.376231,0.459674
11.650000,-16.188995,-8.160953,0.352187,-0.128283,-0.199261,-1.361365,0.479183
11.666667,-16.193956,-8.167137,0.355336,-0.134751,-0.193763,-1.346254,0.475708
11.683333,-16.198484,-8.174150,0.358561,-0.141720,-0.189372,-1.330020,0.500835
11.700000,-16.202724,-8.181093,0.361639,-0.148471,-0.184511,-1.313226,0.488154
11.716667,-16.208155,-8.188312,0.365793,-0.157377,-0.177787,-1.295710,0.541970
11.733333,-16.212727,-8.195609,0.369109,-0.164061,-0.172341,-1.278687,0.516684
11.750000,-16.215384,-8.203386,0.369807,-0.163935,-0.170492,-1.263974,0.493112
11.766667,-16.218430,-8.211653,0.371211,-0.165481,-0.168053,-1.248365,0.528588
11.783333,-16.220301,-8.217888,0.372018,-0.165427,-0.167249,-1.240478,0.390589
11.800000,-16.221445,-8.222731,0.373149,-0.166459,-0.165473,-1.234978,0.298568
11.816667,-16.221403,-8.226954,0.373473,-0.165856,-0.165132,-1.231971,0.253385
11.833333,-16.220808,-8.230374,0.374329,-0.166640,-0.165121,-1.230859,0.208332
11.850000,-16.219927,-8.232607,0.376530,-0.170533,-0.165282,-1.232481,0.144010
11.866667,-16.217478,-8.234550,0.376621,-0.169361,-0.167228,-1.236320,0.187557
11.883333,-16.214214,-8.235870,0.376338,-0.167704,-0.169847,-1.241897,0.211238
11.900000,-16.210506,-8.236512,0.376087,-0.166650,-0.172672,-1.249675,0.225781
11.916667,-16.206284,-8.235803,0.375321,-0.164580,-0.175889,-1.260905,0.256924
11.933333,-16.201290,-8.234875,0.374698,-0.162962,-0.178996,-1.272658,0.304735
11.950000,-16.196505,-8.233336,0.374077,-0.161256,-0.182442,-1.285580,0.301602
11.966667,-16.191835,-8.230807,0.373292,-0.161127,-0.185740,-1.300927,0.318610
11.983333,-16.185045,-8.227407,0.370848,-0.153826,-0.187877,-1.317788,0.455626
12.000000,-16.178463,-8.223092,0.368815,-0.147868,-0.189738,-1.336665,0.472245
12.016667,-16.171301,-8.218814,0.366639,-0.141741,-0.191304,-1.355407,0.500554
12.033333,-16.164759,-8.214985,0.365059,-0.140406,-0.194588,-1.374648,0.454821
12.050000,-16.156725,-8.209645,0.362034,-0.133128,-0.197582,-1.398751,0.578783
12.066667,-16.147629,-8.205812,0.358553,-0.122197,-0.199882,-1.418625,0.592241
12.083333,-16.139439,-8.203628,0.355513,-0.115546,-0.203528,-1.436169,0.508594
12.100000,-16.133030,-8.200824,0.354769,-0.112732,-0.204400,-1.452639,0.419711
12.116667,-16.127026,-8.199218,0.354145,-0.110068,-0.204948,-1.466455,0.372924
12.133333,-16.121864,-8.197463,0.354112,-0.108871,-0.205200,-1.480935,0.327086
12.150000,-16.116636,-8.196278,0.353869,-0.107285,-0.205691,-1.494932,0.321645
12.166667,-16.111097,-8.195289,0.353733,-0.104128,-0.205282,-1.507999,0.337592
12.183333,-16.106903,-8.195577,0.354225,-0.104116,-0.205269,-1.518030,0.252248
12.200000,-16.102293,-8.198052,0.353723,-0.101565,-0.205137,-1.522571,0.313967
12.216667,-16.098934,-8.199626,0.354656,-0.102258,-0.204706,-1.529818,0.222550
12.233333,-16.095665,-8.202073,0.355271,-0.102026,-0.205369,-1.536061,0.245018
12.250000,-16.092319,-8.204240,0.355693,-0.102119,-0.206967,-1.544780,0.239152
12.266667,-16.088350,-8.206362,0.355953,-0.100186,-0.208796,-1.553620,0.270047
12.283333,-16.084717,-8.208670,0.356280,-0.099289,-0.211032,-1.562436,0.258270
12.300000,-16.081837,-8.210975,0.357100,-0.099075,-0.211977,-1.568871,0.221335
12.316667,-16.079222,-8.213019,0.358053,-0.099804,-0.212895,-1.575908,0.199167
12.333333,-16.076923,-8.215466,0.358972,-0.100933,-0.214011,-1.581893,0.201391
12.350000,-16.074459,-8.218221,0.359694,-0.101622,-0.215738,-1.587411,0.221787
12.366667,-16.071489,-8.220183,0.360445,-0.102183,-0.216402,-1.594926,0.213582
12.383333,-16.068542,-8.222170,0.361100,-0.102595,-0.217701,-1.602886,0.213233
12.400000,-16.064997,-8.224134,0.361303,-0.101632,-0.219187,-1.612154,0.243218
12.416667,-16.061911,-8.226335,0.362114,-0.101782,-0.220288,-1.619350,0.227403
12.433333,-16.057816,-8.228562,0.361786,-0.099366,-0.223575,-1.629913,0.279710
12.450000,-16.054296,-8.231433,0.361852,-0.098074,-0.227244,-1.639295,0.272481
12.466667,-16.050404,-8.234195,0.361442,-0.095592,-0.230992,-1.648947,0.286386
12.483333,-16.046879,-8.235969,0.361721,-0.094943,-0.233995,-1.658850,0.236757
12.500000,-16.042933,-8.237033,0.361669,-0.093733,-0.236230,-1.669590,0.245238
12.516667,-16.039370,-8.237780,0.362198,-0.094741,-0.238308,-1.680967,0.218420
12.533333,-16.036001,-8.238366,0.363045,-0.097727,-0.240753,-1.692877,0.205144
12.550000,-16.032207,-8.238417,0.363731,-0.100959,-0.242991,-1.706193,0.227643
12.566667,-16.027987,-8.238038,0.364344,-0.103756,-0.245619,-1.721796,0.254275
12.583333,-16.023451,-8.237301,0.364805,-0.106105,-0.247563,-1.737275,0.275712
12.600000,-16.018520,-8.236176,0.364960,-0.107315,-0.248831,-1.752974,0.303425
12.616667,-16.014032,-8.236466,0.365382,-0.110028,-0.250627,-1.763841,0.269841
12.633333,-16.008932,-8.235816,0.365469,-0.110258,-0.251678,-1.777784,0.308493
12.650000,-16.002644,-8.234460,0.364620,-0.108154,-0.251802,-1.795180,0.385985
12.666667,-15.995617,-8.232204,0.363863,-0.105680,-0.250874,-1.814949,0.442787
12.683333,-15.989049,-8.228880,0.363410,-0.105623,-0.250815,-1.837177,0.441685
12.700000,-15.981410,-8.226784,0.362150,-0.100037,-0.249684,-1.857214,0.475279
12.716667,-15.974035,-8.225498,0.360357,-0.092920,-0.248538,-1.874644,0.449158
12.733333,-15.967768,-8.225141,0.358595,-0.088768,-0.249785,-1.890557,0.376665
12.750000,-15.961307,-8.224432,0.357293,-0.085249,-0.250585,-1.907388,0.389993
12.766667,-15.955685,-8.223932,0.356479,-0.086173,-0.253555,-1.924449,0.338645
12.783333,-15.946877,-8.223474,0.354528,-0.078600,-0.253157,-1.942187,0.529147
12.800000,-15.938728,-8.222611,0.352839,-0.073820,-0.254047,-1.960582,0.491677
12.816667,-15.930163,-8.221651,0.351146,-0.069955,-0.255851,-1.981250,0.517117
12.833333,-15.920808,-8.221464,0.349211,-0.064232,-0.257714,-2.001943,0.561445
12.850000,-15.910856,-8.221368,0.346716,-0.058903,-0.260705,-2.025304,0.597123
12.866667,-15.899782,-8.221613,0.344504,-0.050153,-0.261658,-2.047242,0.664607
12.883333,-15.893345,-8.220998,0.345504,-0.054302,-0.264456,-2.064033,0.387997
12.900000,-15.886430,-8.221411,0.345713,-0.055611,-0.267934,-2.080734,0.415645
12.916667,-15.878605,-8.221394,0.345968,-0.055123,-0.269978,-2.097680,0.469495
12.933333,-15.869355,-8.221240,0.345144,-0.050882,-0.270652,-2.117018,0.555058
12.950000,-15.859036,-8.220602,0.343417,-0.046032,-0.270410,-2.139549,0.620308
12.966667,-15.846658,-8.219568,0.340456,-0.034989,-0.267504,-2.165115,0.745307
12.983333,-15.833528,-8.219186,0.336684,-0.023105,-0.263548,-2.190756,0.788145
13.000000,-15.819924,-8.218906,0.334081,-0.010576,-0.259257,-2.216377,0.816365
13.016667,-15.810182,-8.218811,0.333207,-0.008084,-0.259849,-2.237460,0.584592
13.033333,-15.800524,-8.220335,0.330953,-0.003371,-0.263061,-2.259630,0.586642
13.050000,-15.789833,-8.221272,0.329940,0.000942,-0.263426,-2.281919,0.643898
13.066667,-15.780378,-8.221734,0.327816,0.009765,-0.264402,-2.302678,0.567962
13.083333,-15.771999,-8.221297,0.326362,0.017108,-0.261014,-2.317707,0.503422
13.100000,-15.762984,-8.223124,0.322529,0.033924,-0.259192,-2.333203,0.551893
13.116667,-15.757648,-8.222525,0.321458,0.038965,-0.257963,-2.344013,0.322216
13.133333,-15.754721,-8.221956,0.320952,0.040682,-0.257647,-2.348582,0.178890
13.150000,-15.753474,-8.221193,0.320612,0.040751,-0.257649,-2.350012,0.087685
13.166667,-15.753359,-8.220299,0.320571,0.040456,-0.257778,-2.351906,0.054118
13.183333,-15.755522,-8.219687,0.320959,0.037489,-0.258687,-2.348444,0.134875
13.200000,-15.759299,-8.218663,0.321753,0.032206,-0.260054,-2.342134,0.234819
13.216667,-15.764665,-8.217535,0.322930,0.024841,-0.261741,-2.333217,0.328962
13.233333,-15.772051,-8.216293,0.324638,0.015552,-0.263863,-2.321101,0.449391
13.250000,-15.779317,-8.214526,0.326468,0.005230,-0.266267,-2.310054,0.448671
13.266667,-15.784307,-8.213173,0.327304,0.003345,-0.265993,-2.298187,0.310193
13.283333,-15.788898,-8.211717,0.327480,0.000498,-0.266546,-2.288620,0.288985
13.300000,-15.791778,-8.210138,0.327226,0.000650,-0.265329,-2.281231,0.197053
13.316667,-15.794321,-8.208164,0.327226,-0.000370,-0.265741,-2.278560,0.193180
13.333333,-15.795691,-8.206424,0.326627,0.000903,-0.265200,-2.276762,0.132914
13.350000,-15.798093,-8.204825,0.326957,-0.001597,-0.265329,-2.271892,0.173079
13.366667,-15.800476,-8.204200,0.326626,-0.002168,-0.266554,-2.266729,0.147839
13.383333,-15.801796,-8.202580,0.327338,-0.004744,-0.265943,-2.265936,0.125346
13.400000,-15.801896,-8.202250,0.326583,-0.002109,-0.265279,-2.265077,0.020745
13.416667,-15.802659,-8.201338,0.326637,-0.003218,-0.265732,-2.265351,0.071329
13.433333,-15.803532,-8.200842,0.326705,-0.004356,-0.266002,-2.263832,0.060221
13.450000,-15.804040,-8.200184,0.326725,-0.005090,-0.266631,-2.264474,0.049890
13.466667,-15.803917,-8.199657,0.326592,-0.004985,-0.266349,-2.265800,0.032437
13.483333,-15.804388,-8.199682,0.326644,-0.005120,-0.266431,-2.265035,0.028306
13.500000,-15.804447,-8.199409,0.326558,-0.004696,-0.266235,-2.266345,0.016745
13.516667,-15.804125,-8.199077,0.326458,-0.003715,-0.266177,-2.270188,0.027800
13.533333,-15.805317,-8.199403,0.326825,-0.004361,-0.266106,-2.268659,0.074154
13.550000,-15.806106,-8.199538,0.326859,-0.003996,-0.265751,-2.268926,0.048014
13.566667,-15.807035,-8.199728,0.327035,-0.003530,-0.265517,-2.270452,0.056940
13.583333,-15.808460,-8.200242,0.327401,-0.003711,-0.265122,-2.269994,0.090881
13.600000,-15.809434,-8.200636,0.327717,-0.003540,-0.264760,-2.271546,0.063021
13.616667,-15.810369,-8.200912,0.328056,-0.003454,-0.264464,-2.273780,0.058480
13.633333,-15.810454,-8.201161,0.328130,-0.001954,-0.263785,-2.278072,0.015798
13.650000,-15.810540,-8.201687,0.328321,-0.000713,-0.263338,-2.281798,0.031946
13.666667,-15.810448,-8.202196,0.328465,0.000561,-0.262501,-2.285737,0.031056
13.683333,-15.810242,-8.202683,0.328748,0.001364,-0.262153,-2.290572,0.031745
13.700000,-15.810150,-8.203146,0.329102,0.001612,-0.261776,-2.295034,0.028290
13.716667,-15.809996,-8.203600,0.329400,0.002345,-0.261127,-2.299842,0.028771
13.733333,-15.809989,-8.204115,0.329681,0.003153,-0.260495,-2.304210,0.030902
13.750000,-15.809839,-8.204889,0.329821,0.005004,-0.259690,-2.308306,0.047324
13.766667,-15.810215,-8.205584,0.330182,0.005431,-0.259169,-2.311487,0.047366
13.783333,-15.810567,-8.206318,0.330541,0.006343,-0.258570,-2.315245,0.048858
13.800000,-15.811413,-8.207071,0.331126,0.006049,-0.258352,-2.318210,0.067966
13.816667,-15.812606,-8.208322,0.331643,0.006791,-0.258128,-2.319782,0.103689
13.833333,-15.814227,-8.209615,0.332098,0.007568,-0.257516,-2.319926,0.124430
13.850000,-15.816778,-8.210787,0.333101,0.005747,-0.257837,-2.320125,0.168447
13.866667,-15.818935,-8.212467,0.333734,0.006361,-0.257330,-2.319424,0.164067
13.883333,-15.821801,-8.214589,0.334595,0.005765,-0.257796,-2.316685,0.213951
13.900000,-15.823754,-8.216042,0.335111,0.006691,-0.257728,-2.318686,0.146039
13.916667,-15.826543,-8.217898,0.335767,0.007300,-0.257645,-2.317975,0.201011
13.933333,-15.829983,-8.220148,0.336483,0.007600,-0.257956,-2.314388,0.246615
13.950000,-15.834100,-8.222724,0.337059,0.008508,-0.258376,-2.309440,0.291386
13.966667,-15.839184,-8.225060,0.337835,0.007407,-0.259707,-2.304181,0.335714
13.983333,-15.844379,-8.227939,0.338392,0.008446,-0.260389,-2.296834,0.356374
14.000000,-15.850520,-8.229744,0.339670,0.005222,-0.261668,-2.290372,0.384035
14.016667,-15.856577,-8.231984,0.341196,0.002315,-0.262195,-2.280717,0.387467
14.033333,-15.862164,-8.234010,0.342676,-0.000790,-0.262542,-2.271496,0.356604
14.050000,-15.867137,-8.235444,0.344536,-0.004307,-0.262577,-2.265490,0.310512
14.066667,-15.871560,-8.237432,0.345759,-0.005998,-0.262390,-2.259534,0.290972
14.083333,-15.875949,-8.240188,0.346830,-0.006101,-0.262449,-2.252103,0.310917
14.100000,-15.880275,-8.242446,0.348145,-0.007554,-0.261695,-2.244097,0.292792
14.116667,-15.882892,-8.244004,0.348589,-0.005670,-0.261620,-2.245073,0.182743
14.133333,-15.885781,-8.245417,0.349657,-0.005670,-0.260925,-2.244497,0.192980
14.150000,-15.889206,-8.247664,0.350674,-0.005425,-0.260550,-2.241250,0.245787
14.166667,-15.893037,-8.250638,0.351603,-0.004838,-0.260430,-2.236430,0.290972
14.183333,-15.896575,-8.253511,0.352488,-0.003804,-0.260328,-2.233583,0.273477
14.200000,-15.900281,-8.256756,0.353535,-0.003166,-0.260403,-2.229543,0.295529
14.216667,-15.903565,-8.259830,0.354345,-0.001401,-0.259998,-2.227255,0.269941
14.233333,-15.907475,-8.263038,0.355537,-0.001461,-0.259983,-2.222935,0.303385
14.250000,-15.910943,-8.266210,0.356649,-0.001065,-0.259450,-2.218937,0.282011
14.266667,-15.914551,-8.268730,0.358478,-0.002937,-0.258565,-2.214668,0.264062
14.283333,-15.917264,-8.272549,0.358838,-0.000138,-0.258987,-2.212644,0.281057
14.300000,-15.920127,-8.275854,0.360025,0.000176,-0.258642,-2.210003,0.262374
14.316667,-15.922789,-8.279367,0.360720,0.001256,-0.259114,-2.208041,0.264465
14.333333,-15.925159,-8.282212,0.361914,0.000843,-0.258817,-2.207472,0.222193
14.350000,-15.927857,-8.285636,0.363343,-0.000110,-0.259001,-2.205440,0.261538
14.366667,-15.929910,-8.288902,0.364420,0.000393,-0.258756,-2.205934,0.231455
14.383333,-15.931888,-8.292355,0.365524,0.001308,-0.258446,-2.206835,0.238726
14.400000,-15.934070,-8.295922,0.366754,0.001648,-0.258079,-2.207123,0.250923
14.416667,-15.936028,-8.299791,0.367551,0.003512,-0.258093,-2.208284,0.260200
14.433333,-15.937758,-8.303789,0.368349,0.005696,-0.257813,-2.210144,0.261363
14.450000,-15.939761,-8.308072,0.369186,0.007915,-0.257664,-2.211158,0.283684
14.466667,-15.941954,-8.312376,0.370092,0.010155,-0.257634,-2.212344,0.289812
14.483333,-15.944299,-8.316448,0.371409,0.010873,-0.256990,-2.212503,0.281950
14.500000,-15.946502,-8.320127,0.372721,0.011845,-0.256004,-2.213402,0.257254
14.516667,-15.948668,-8.324451,0.373551,0.013860,-0.255591,-2.213707,0.290239
14.533333,-15.951244,-8.328259,0.375003,0.013622,-0.255157,-2.214535,0.275797
14.550000,-15.954220,-8.332271,0.376632,0.012295,-0.255180,-2.215015,0.299702
14.566667,-15.957756,-8.335919,0.378583,0.009335,-0.255075,-2.215381,0.304870
14.583333,-15.960658,-8.340122,0.380127,0.009115,-0.254029,-2.215242,0.306445
14.600000,-15.963567,-8.345123,0.381260,0.010580,-0.253520,-2.215106,0.347126
14.616667,-15.966759,-8.349507,0.383006,0.010445,-0.252462,-2.215185,0.325377
14.633333,-15.970304,-8.353754,0.384860,0.009671,-0.251349,-2.214780,0.331905
14.650000,-15.974196,-8.357874,0.386911,0.008355,-0.250505,-2.214124,0.340089
14.666667,-15.978230,-8.362186,0.388941,0.007257,-0.249616,-2.212345,0.354272
14.683333,-15.981884,-8.366420,0.390885,0.006212,-0.248806,-2.212337,0.335553
14.700000,-15.985424,-8.371126,0.392635,0.006209,-0.247990,-2.211832,0.353348
14.716667,-15.988816,-8.375937,0.393637,0.008032,-0.247806,-2.210998,0.353167
14.733333,-15.992735,-8.380727,0.395014,0.009034,-0.247412,-2.209125,0.371336
14.750000,-15.996644,-8.385603,0.396487,0.009618,-0.247073,-2.208075,0.374978
14.766667,-16.000847,-8.390320,0.398061,0.009290,-0.246780,-2.206925,0.379059
14.783333,-16.005018,-8.395182,0.399455,0.010460,-0.246099,-2.204710,0.384364
14.800000,-16.010450,-8.399590,0.401648,0.006810,-0.246814,-2.202954,0.419768
14.816667,-16.015699,-8.403927,0.403898,0.003916,-0.246621,-2.200487,0.408513
14.833333,-16.019928,-8.408505,0.405455,0.002790,-0.246650,-2.198444,0.373952
14.850000,-16.025146,-8.413048,0.407348,0.000757,-0.246266,-2.194413,0.415110
14.866667,-16.030569,-8.417679,0.409306,-0.001461,-0.245514,-2.190376,0.427860
14.883333,-16.036100,-8.422135,0.411507,-0.004647,-0.244462,-2.187182,0.426194
14.900000,-16.041246,-8.426847,0.413159,-0.005682,-0.243815,-2.184542,0.418611
14.916667,-16.046341,-8.431362,0.415164,-0.007320,-0.242313,-2.182151,0.408464
14.933333,-16.051029,-8.436490,0.416802,-0.007344,-0.240919,-2.179818,0.416882
14.950000,-16.055141,-8.442619,0.417181,-0.003424,-0.240054,-2.177850,0.442857
14.966667,-16.059418,-8.448214,0.418330,-0.001620,-0.238578,-2.176389,0.422488
14.983333,-16.064167,-8.453953,0.419616,-0.000134,-0.237115,-2.174168,0.446967
15.000000,-16.069260,-8.459778,0.421028,0.001132,-0.235755,-2.171319,0.464238
15.016667,-16.074404,-8.465437,0.422219,0.002951,-0.234478,-2.167845,0.458862
15.033333,-16.079567,-8.470680,0.423541,0.003694,-0.232735,-2.163815,0.441523
15.050000,-16.084587,-8.476068,0.424924,0.004903,-0.230704,-2.159528,0.441867
15.066667,-16.090036,-8.481374,0.426613,0.004472,-0.229152,-2.155599,0.456319
15.083333,-16.095612,-8.487065,0.428104,0.004399,-0.228112,-2.151489,0.478031
15.100000,-16.101208,-8.492983,0.429554,0.004688,-0.227403,-2.146923,0.488676
15.116667,-16.106674,-8.499008,0.430989,0.005484,-0.226576,-2.142005,0.488131
15.133333,-16.111971,-8.505020,0.432360,0.006473,-0.225824,-2.137265,0.480745
15.150000,-16.117666,-8.511089,0.434067,0.006514,-0.225054,-2.132268,0.499379
15.166667,-16.123241,-8.516790,0.435549,0.006422,-0.224443,-2.127897,0.478440
15.183333,-16.128344,-8.522498,0.437037,0.006566,-0.223072,-2.125016,0.459344
15.200000,-16.133484,-8.528413,0.438549,0.006957,-0.221517,-2.122159,0.470173
15.216667,-16.138935,-8.534348,0.440436,0.006149,-0.220130,-2.119229,0.483541
15.233333,-16.143967,-8.540363,0.442115,0.006159,-0.217912,-2.116186,0.470512
15.250000,-16.148432,-8.547034,0.443126,0.008134,-0.216765,-2.113997,0.481642
15.266667,-16.152422,-8.554033,0.443884,0.010486,-0.216489,-2.112211,0.483392
15.283333,-16.156569,-8.561337,0.445050,0.012839,-0.216328,-2.109344,0.503948
15.300000,-16.160517,-8.568517,0.446129,0.015596,-0.215862,-2.106813,0.491598
15.316667,-16.164400,-8.576010,0.446883,0.019905,-0.215486,-2.103412,0.506372
15.333333,-16.169538,-8.582861,0.448460,0.018610,-0.216791,-2.099797,0.513840
15.350000,-16.173840,-8.589492,0.449845,0.019368,-0.216837,-2.097538,0.474220
15.366667,-16.177771,-8.595778,0.451311,0.020491,-0.216241,-2.096636,0.444870
15.383333,-16.181776,-8.602052,0.453086,0.020825,-0.215471,-2.095877,0.446577
15.400000,-16.186007,-8.607976,0.455290,0.019176,-0.214732,-2.095582,0.436780
15.416667,-16.190487,-8.614538,0.457080,0.017617,-0.215531,-2.095281,0.476751
15.433333,-16.194382,-8.620625,0.459039,0.016712,-0.215078,-2.095329,0.433600
15.450000,-16.198179,-8.626864,0.460753,0.016558,-0.214957,-2.095695,0.438228
15.466667,-16.202709,-8.632765,0.463191,0.013693,-0.214596,-2.094677,0.446325
15.483333,-16.206932,-8.638359,0.465474,0.011262,-0.213244,-2.093584,0.420550
15.500000,-16.210825,-8.643784,0.467651,0.008754,-0.211439,-2.093304,0.400609
15.516667,-16.214663,-8.648978,0.470262,0.004846,-0.209059,-2.092906,0.387507
15.533333,-16.218079,-8.654147,0.472764,0.001617,-0.206134,-2.093814,0.371744
15.550000,-16.220861,-8.659783,0.474772,0.001423,-0.203045,-2.095050,0.377147
15.566667,-16.222906,-8.665433,0.476975,0.000751,-0.199100,-2.095838,0.360491
15.583333,-16.224340,-8.671307,0.478557,0.002307,-0.195595,-2.098620,0.362776
15.600000,-16.226305,-8.676581,0.480934,0.001320,-0.191943,-2.101352,0.337725
15.616667,-16.228687,-8.681585,0.483626,-0.000299,-0.187696,-2.103028,0.332524
15.633333,-16.231121,-8.685861,0.486553,-0.003897,-0.183897,-2.105387,0.295171
15.650000,-16.234423,-8.690248,0.489731,-0.007823,-0.179383,-2.105339,0.329430
15.666667,-16.237886,-8.694134,0.493522,-0.013930,-0.175030,-2.106407,0.312347
15.683333,-16.240704,-8.697610,0.497360,-0.020833,-0.170494,-2.108900,0.268462
15.700000,-16.243973,-8.700911,0.501581,-0.030301,-0.167094,-2.112176,0.278739
15.716667,-16.246700,-8.703947,0.506015,-0.040199,-0.163462,-2.116899,0.244897
15.733333,-16.247309,-8.707086,0.509957,-0.047125,-0.158951,-2.123996,0.191819
15.750000,-16.246208,-8.709987,0.513464,-0.052792,-0.155146,-2.134054,0.186169
15.766667,-16.245192,-8.712748,0.516748,-0.059846,-0.153586,-2.145597,0.176527
15.783333,-16.243326,-8.715970,0.519213,-0.063898,-0.152122,-2.157765,0.223406
15.800000,-16.239300,-8.719703,0.520303,-0.060697,-0.148960,-2.170325,0.329426
15.816667,-16.235497,-8.723552,0.521179,-0.057844,-0.146837,-2.183790,0.324665
15.833333,-16.234373,-8.728445,0.522899,-0.060798,-0.148739,-2.194486,0.301236
15.850000,-16.232639,-8.733617,0.523876,-0.061140,-0.149681,-2.203956,0.327279
15.866667,-16.230858,-8.738774,0.523936,-0.059962,-0.151039,-2.214723,0.327388
15.883333,-16.226967,-8.744224,0.522175,-0.051692,-0.149640,-2.227187,0.401752
15.900000,-16.223118,-8.749703,0.520349,-0.043204,-0.148354,-2.240513,0.401791
15.916667,-16.220440,-8.755508,0.519381,-0.037487,-0.148643,-2.251504,0.383575
15.933333,-16.217028,-8.762374,0.517069,-0.025489,-0.148622,-2.261856,0.460003
15.950000,-16.213511,-8.770909,0.513405,-0.008495,-0.148666,-2.270684,0.553898
15.966667,-16.209167,-8.781350,0.507719,0.016178,-0.148880,-2.277887,0.678485
15.983333,-16.210402,-8.786090,0.509231,0.013935,-0.147781,-2.282965,0.293867
16.000000,-16.211441,-8.791409,0.509832,0.015904,-0.148066,-2.289068,0.325213
16.016667,-16.212984,-8.796911,0.510345,0.017373,-0.149098,-2.294955,0.342842
16.033333,-16.215298,-8.802613,0.510988,0.019030,-0.149940,-2.299762,0.369211
16.050000,-16.218588,-8.808446,0.511776,0.020123,-0.151038,-2.303063,0.401800
16.066667,-16.222372,-8.814371,0.512567,0.021184,-0.152102,-2.305757,0.421829
16.083333,-16.226295,-8.820535,0.513079,0.022933,-0.153591,-2.308759,0.438383
16.100000,-16.230114,-8.826573,0.513552,0.025412,-0.153709,-2.311445,0.428681
16.116667,-16.234781,-8.831932,0.514927,0.025154,-0.152687,-2.312488,0.426377
16.133333,-16.240013,-8.837277,0.516524,0.024216,-0.151053,-2.312207,0.448778
16.150000,-16.245928,-8.841433,0.519387,0.018582,-0.148293,-2.311687,0.433700
16.166667,-16.251226,-8.846587,0.521409,0.016689,-0.145258,-2.310946,0.443535
16.183333,-16.256208,-8.853022,0.522224,0.018395,-0.143510,-2.310506,0.488262
16.200000,-16.260977,-8.859313,0.523337,0.019702,-0.141204,-2.310238,0.473654
16.216667,-16.266335,-8.864725,0.525166,0.016707,-0.139409,-2.311116,0.456932
16.233333,-16.270973,-8.870262,0.527070,0.015039,-0.136914,-2.312195,0.433398
16.250000,-16.275894,-8.875940,0.528733,0.013709,-0.134717,-2.312968,0.450829
16.266667,-16.281063,-8.881473,0.530424,0.012268,-0.132723,-2.313186,0.454274
16.283333,-16.286627,-8.886962,0.532280,0.010100,-0.130595,-2.312516,0.468953
16.300000,-16.292252,-8.892249,0.534352,0.007961,-0.127705,-2.311386,0.463176
16.316667,-16.298176,-8.897048,0.536891,0.004185,-0.124080,-2.309199,0.457442
16.333333,-16.304243,-8.901399,0.539775,-0.000469,-0.119814,-2.306228,0.447956
16.350000,-16.309908,-8.906547,0.541610,-0.003240,-0.117370,-2.304226,0.459270
16.366667,-16.315332,-8.911238,0.543892,-0.007436,-0.114205,-2.303037,0.430296
16.383333,-16.320452,-8.915807,0.546208,-0.010898,-0.110284,-2.301915,0.411705
16.400000,-16.326265,-8.920671,0.548414,-0.014624,-0.107180,-2.300057,0.454790
16.416667,-16.331963,-8.925415,0.550837,-0.018117,-0.102960,-2.298312,0.444847
16.433333,-16.338644,-8.928499,0.555631,-0.027265,-0.096529,-2.295685,0.441536
16.450000,-16.346491,-8.934757,0.556647,-0.022150,-0.090164,-2.285971,0.602202
16.466667,-16.356516,-8.940454,0.558249,-0.025688,-0.089539,-2.277657,0.691849
16.483333,-16.366798,-8.947661,0.557638,-0.027273,-0.092172,-2.268219,0.753400
16.500000,-16.375029,-8.952415,0.559741,-0.030418,-0.088727,-2.262100,0.570248
16.516667,-16.382853,-8.957150,0.562202,-0.031910,-0.083538,-2.254684,0.548740
16.533333,-16.390959,-8.962173,0.564422,-0.033856,-0.079478,-2.247212,0.572150
16.550000,-16.399076,-8.966829,0.567109,-0.037066,-0.075187,-2.239791,0.561513
16.566667,-16.406252,-8.972065,0.568844,-0.036844,-0.071242,-2.232736,0.532952
16.583333,-16.413769,-8.977189,0.570596,-0.040319,-0.069329,-2.227267,0.545834
16.600000,-16.420935,-8.983182,0.571403,-0.041207,-0.068227,-2.221892,0.560494
16.616667,-16.427542,-8.987633,0.574238,-0.045287,-0.063911,-2.217020,0.477981
16.633333,-16.433680,-8.992633,0.576193,-0.046896,-0.060105,-2.212467,0.475003
16.650000,-16.439333,-8.997677,0.578164,-0.048020,-0.056353,-2.208595,0.454587
16.666667,-16.445610,-9.002330,0.580882,-0.051857,-0.052433,-2.204370,0.468815
16.683333,-16.451681,-9.008097,0.582385,-0.053474,-0.050456,-2.200672,0.502408
16.700000,-16.458059,-9.014393,0.583575,-0.056157,-0.050055,-2.197412,0.537738
16.716667,-16.464270,-9.020509,0.585253,-0.060236,-0.049211,-2.195287,0.522973
16.733333,-16.470137,-9.027304,0.585999,-0.062472,-0.049145,-2.193173,0.538641
16.750000,-16.475292,-9.033852,0.586936,-0.065587,-0.048235,-2.192650,0.500039
16.766667,-16.480024,-9.040450,0.588093,-0.068209,-0.046428,-2.192334,0.487195
16.783333,-16.483961,-9.045538,0.591249,-0.074229,-0.042174,-2.193847,0.385984
16.800000,-16.487223,-9.051879,0.592796,-0.076793,-0.039406,-2.195483,0.427838
16.816667,-16.490349,-9.057860,0.594649,-0.080095,-0.036870,-2.198184,0.404947
16.833333,-16.493357,-9.063519,0.597303,-0.084494,-0.032616,-2.201471,0.384529
16.850000,-16.496790,-9.070049,0.598586,-0.085920,-0.029436,-2.203457,0.442642
16.866667,-16.500284,-9.076832,0.599310,-0.087779,-0.028142,-2.206878,0.457783
16.883333,-16.503380,-9.083364,0.600604,-0.089819,-0.025871,-2.211154,0.433741
16.900000,-16.506804,-9.089380,0.603186,-0.093671,-0.021866,-2.214857,0.415308
16.916667,-16.509478,-9.096997,0.603154,-0.090602,-0.019534,-2.218342,0.484366
16.933333,-16.512455,-9.104058,0.604176,-0.091508,-0.017271,-2.222927,0.459784
16.950000,-16.516233,-9.110782,0.605539,-0.092484,-0.015263,-2.226144,0.462743
16.966667,-16.519749,-9.118090,0.605966,-0.090797,-0.014379,-2.229736,0.486570
16.983333,-16.523277,-9.125012,0.606925,-0.091179,-0.013310,-2.233437,0.466208
17.000000,-16.527182,-9.132689,0.606456,-0.090463,-0.014263,-2.237404,0.516721
17.016667,-16.530365,-9.139965,0.606420,-0.088517,-0.013441,-2.242559,0.476544
17.033333,-16.533836,-9.147174,0.605848,-0.085548,-0.012507,-2.247033,0.480066
17.050000,-16.537750,-9.154207,0.605417,-0.083123,-0.010276,-2.250417,0.482940
17.066667,-16.541832,-9.161081,0.605721,-0.081301,-0.007041,-2.253279,0.479676
17.083333,-16.546312,-9.168855,0.604489,-0.078431,-0.006716,-2.256445,0.538329
17.100000,-16.550232,-9.175911,0.604676,-0.076374,-0.003194,-2.259343,0.484307
17.116667,-16.554432,-9.182733,0.605294,-0.076820,-0.000037,-2.263092,0.480654
17.133333,-16.559015,-9.190118,0.605935,-0.077435,0.002104,-2.265964,0.521514
17.150000,-16.562840,-9.197486,0.607144,-0.078479,0.003952,-2.269471,0.498085
17.166667,-16.566277,-9.203892,0.609460,-0.082998,0.006292,-2.274336,0.436179
17.183333,-16.569065,-9.211147,0.610568,-0.084854,0.006946,-2.280073,0.466378
17.200000,-16.571762,-9.217952,0.612450,-0.088436,0.008098,-2.287069,0.439168
17.216667,-16.574411,-9.224618,0.614776,-0.092569,0.009395,-2.292941,0.430401
17.233333,-16.576571,-9.230796,0.617615,-0.098050,0.010983,-2.299897,0.392660
17.250000,-16.579470,-9.238534,0.617911,-0.099719,0.008926,-2.305503,0.495803
17.266667,-16.582933,-9.245147,0.620123,-0.106771,0.008485,-2.310734,0.447901
17.283333,-16.586098,-9.252194,0.621600,-0.111919,0.007997,-2.316111,0.463525
17.300000,-16.588091,-9.259347,0.622982,-0.115170,0.008217,-2.323246,0.445505
17.316667,-16.590851,-9.266275,0.625168,-0.121073,0.008515,-2.329684,0.447475
17.333333,-16.594271,-9.272517,0.627916,-0.129650,0.007956,-2.336121,0.427036
17.350000,-16.596352,-9.280235,0.627362,-0.130385,0.006139,-2.343184,0.479621
17.366667,-16.599977,-9.287477,0.627976,-0.135223,0.001992,-2.349146,0.485950
17.383333,-16.601526,-9.295074,0.626596,-0.134438,-0.001845,-2.358704,0.465138
17.400000,-16.602133,-9.301514,0.627173,-0.135778,-0.001861,-2.368749,0.388120
17.416667,-16.604042,-9.308290,0.627986,-0.139483,-0.003429,-2.377296,0.422438
17.433333,-16.606001,-9.315445,0.629144,-0.141665,-0.003063,-2.383459,0.445067
17.450000,-16.607725,-9.323170,0.628659,-0.142906,-0.004721,-2.390317,0.474891
17.466667,-16.608982,-9.330132,0.629020,-0.145354,-0.005054,-2.399377,0.424519
17.483333,-16.611101,-9.336624,0.629983,-0.150808,-0.006669,-2.408747,0.409726
17.500000,-16.611883,-9.344655,0.628324,-0.147960,-0.009195,-2.419054,0.484133
17.516667,-16.614079,-9.350558,0.629851,-0.152622,-0.008885,-2.428389,0.377895
17.533333,-16.617493,-9.358482,0.628150,-0.151839,-0.013396,-2.435978,0.517698
17.550000,-16.618162,-9.365210,0.627454,-0.150290,-0.013286,-2.448189,0.405627
17.566667,-16.619812,-9.372009,0.626861,-0.149420,-0.013531,-2.458597,0.419820
17.583333,-16.621281,-9.379098,0.625792,-0.146638,-0.013824,-2.469592,0.434352
17.600000,-16.623947,-9.385873,0.624441,-0.145191,-0.014205,-2.478624,0.436845
17.616667,-16.627359,-9.392898,0.622339,-0.142688,-0.016069,-2.486772,0.468579
17.633333,-16.631498,-9.399542,0.620653,-0.141690,-0.017845,-2.494146,0.469677
17.650000,-16.635727,-9.406318,0.618833,-0.139304,-0.018909,-2.501260,0.479224
17.666667,-16.640331,-9.413133,0.616560,-0.136431,-0.021519,-2.508897,0.493474
17.683333,-16.644300,-9.419949,0.614381,-0.131567,-0.021908,-2.516507,0.473244
17.700000,-16.650360,-9.425509,0.613959,-0.133447,-0.024741,-2.522367,0.493471
17.716667,-16.656841,-9.431099,0.615036,-0.137415,-0.027525,-2.524615,0.513510
17.733333,-16.662611,-9.435200,0.617907,-0.145062,-0.026655,-2.526408,0.424715
17.750000,-16.667622,-9.440545,0.619450,-0.149787,-0.027477,-2.528571,0.439595
17.766667,-16.672554,-9.445645,0.621761,-0.157121,-0.028200,-2.531618,0.425709
17.783333,-16.676107,-9.451641,0.622896,-0.160556,-0.030974,-2.538359,0.418177
17.800000,-16.678625,-9.457517,0.624729,-0.165385,-0.033374,-2.545183,0.383537
17.816667,-16.680599,-9.463048,0.627032,-0.170132,-0.034403,-2.552699,0.352382
17.833333,-16.682083,-9.469175,0.628738,-0.173974,-0.036232,-2.561823,0.378269
17.850000,-16.682154,-9.475050,0.630865,-0.177739,-0.036298,-2.572785,0.352503
17.866667,-16.682711,-9.481508,0.631633,-0.179255,-0.038059,-2.582574,0.388935
17.883333,-16.682735,-9.487321,0.632141,-0.180427,-0.040436,-2.594389,0.348762
17.900000,-16.682775,-9.493625,0.631019,-0.180076,-0.044151,-2.607237,0.378235
17.916667,-16.682535,-9.499585,0.631383,-0.182102,-0.046305,-2.618851,0.357918
17.933333,-16.681973,-9.505984,0.630836,-0.182494,-0.049829,-2.632861,0.385431
17.950000,-16.681307,-9.512371,0.630948,-0.183574,-0.051023,-2.645558,0.385281
17.966667,-16.681797,-9.518815,0.630547,-0.185065,-0.054153,-2.657852,0.387756
17.983333,-16.682228,-9.524632,0.631679,-0.188186,-0.054585,-2.668487,0.349945
18.000000,-16.682968,-9.530942,0.631196,-0.190249,-0.057812,-2.680831,0.381223
18.016667,-16.683109,-9.537058,0.631147,-0.192650,-0.059417,-2.694100,0.367053
18.033333,-16.683136,-9.543477,0.631590,-0.195377,-0.060717,-2.708053,0.385154
18.050000,-16.684189,-9.549218,0.632779,-0.199972,-0.061459,-2.720449,0.350212
18.066667,-16.685238,-9.555856,0.631363,-0.198234,-0.064866,-2.733588,0.403198
18.083333,-16.685371,-9.562332,0.630214,-0.196770,-0.067005,-2.748406,0.388667
18.100000,-16.686100,-9.568033,0.631165,-0.199368,-0.066979,-2.759446,0.344846
18.116667,-16.688087,-9.573364,0.632223,-0.204427,-0.068390,-2.770052,0.341368
18.133333,-16.689869,-9.578795,0.633797,-0.209126,-0.068281,-2.779495,0.342953
18.150000,-16.691462,-9.583835,0.635681,-0.213611,-0.068027,-2.790647,0.317094
18.166667,-16.693985,-9.589017,0.637328,-0.217769,-0.067721,-2.800124,0.345839
18.183333,-16.696947,-9.594275,0.638123,-0.221287,-0.069020,-2.809927,0.362077
18.200000,-16.699846,-9.601335,0.635975,-0.218602,-0.076722,-2.821777,0.457928
18.216667,-16.702024,-9.608825,0.632192,-0.214147,-0.086132,-2.836053,0.468027
18.233333,-16.702763,-9.615830,0.630526,-0.210707,-0.091261,-2.850651,0.422668
18.250000,-16.703911,-9.622450,0.629004,-0.207260,-0.094743,-2.863104,0.403098
18.266667,-16.706161,-9.629342,0.626074,-0.204802,-0.103138,-2.876848,0.435023
18.283333,-16.707836,-9.635477,0.624325,-0.203694,-0.109297,-2.890574,0.381567
18.300000,-16.709654,-9.642375,0.621789,-0.199115,-0.115287,-2.904318,0.428004
18.316667,-16.711061,-9.648335,0.620526,-0.197569,-0.119357,-2.917618,0.367465
18.333333,-16.712107,-9.654172,0.619781,-0.195412,-0.122084,-2.931306,0.355760
18.350000,-16.714422,-9.660633,0.616957,-0.189650,-0.127609,-2.943157,0.411812
18.366667,-16.715376,-9.666259,0.615861,-0.187769,-0.131747,-2.958708,0.342359
18.383333,-16.716639,-9.671697,0.615300,-0.184835,-0.133200,-2.971764,0.334951
18.400000,-16.718763,-9.677442,0.613716,-0.178579,-0.134619,-2.983365,0.367516
18.416667,-16.722231,-9.682273,0.612592,-0.175458,-0.137209,-2.993098,0.356814
18.433333,-16.725321,-9.686546,0.612652,-0.172882,-0.137655,-3.002467,0.316409
18.450000,-16.729301,-9.691389,0.611073,-0.167284,-0.141097,-3.011927,0.376128
18.466667,-16.732426,-9.695983,0.610251,-0.161603,-0.142420,-3.021569,0.333334
18.483333,-16.736208,-9.699526,0.609845,-0.159047,-0.144567,-3.030495,0.310947
18.500000,-16.740747,-9.700164,0.612319,-0.168875,-0.148499,-3.038776,0.275046
18.516667,-16.744682,-9.703365,0.612342,-0.166806,-0.149799,-3.046523,0.304364
18.533333,-16.748915,-9.706066,0.612695,-0.166459,-0.151946,-3.054108,0.301243
18.550000,-16.752996,-9.708523,0.613111,-0.165978,-0.153712,-3.062023,0.285840
18.566667,-16.757488,-9.710656,0.614015,-0.167192,-0.156415,-3.069784,0.298361
18.583333,-16.761730,-9.712965,0.614616,-0.167618,-0.159222,-3.077984,0.289775
18.600000,-16.766071,-9.715378,0.615166,-0.167913,-0.162916,-3.086763,0.297995
18.616667,-16.770493,-9.717601,0.615472,-0.167085,-0.165659,-3.094123,0.296919
18.633333,-16.775023,-9.720021,0.615513,-0.164471,-0.167458,-3.100606,0.308163
18.650000,-16.779644,-9.721776,0.615947,-0.163212,-0.168487,-3.106591,0.296606
18.666667,-16.783993,-9.725101,0.615648,-0.158427,-0.169717,-3.114274,0.328471
18.683333,-16.787640,-9.729534,0.614860,-0.151701,-0.170071,-3.123582,0.344403
18.700000,-16.790962,-9.733541,0.614360,-0.146281,-0.170933,-3.132783,0.312337
18.716667,-16.793564,-9.737061,0.614988,-0.143087,-0.170728,-3.141226,0.262579
18.733333,-16.796095,-9.741043,0.615277,-0.138446,-0.170451,3.133398,0.283127
18.750000,-16.798496,-9.744116,0.616832,-0.136413,-0.169576,3.126436,0.233986
18.766667,-16.801189,-9.747286,0.617741,-0.134879,-0.169815,3.118933,0.249575
18.783333,-16.804289,-9.749590,0.619336,-0.135479,-0.170194,3.113265,0.231722
18.800000,-16.807297,-9.752335,0.620923,-0.135871,-0.170249,3.107035,0.244316
18.816667,-16.810314,-9.755397,0.622271,-0.137062,-0.171026,3.099308,0.257946
18.833333,-16.813274,-9.759244,0.622640,-0.137728,-0.173150,3.088978,0.291251
18.850000,-16.815865,-9.764305,0.622522,-0.135916,-0.175189,3.076852,0.341127
18.866667,-16.818045,-9.769898,0.622147,-0.134691,-0.178072,3.062331,0.360189
18.883333,-16.819962,-9.777619,0.620400,-0.128175,-0.179008,3.048988,0.477321
18.900000,-16.823023,-9.787614,0.614325,-0.113832,-0.183156,3.035316,0.627170
18.916667,-16.825336,-9.797709,0.608375,-0.099119,-0.189142,3.019216,0.621439
18.933333,-16.825768,-9.807361,0.603527,-0.087175,-0.193113,3.002530,0.579648
18.950000,-16.825399,-9.814834,0.602571,-0.083615,-0.197931,2.985827,0.448923
18.966667,-16.825127,-9.822080,0.602420,-0.080840,-0.203039,2.970025,0.435069
18.983333,-16.824587,-9.829618,0.602394,-0.078844,-0.208290,2.952869,0.453486
19.000000,-16.824268,-9.837027,0.602386,-0.078247,-0.214653,2.935025,0.444899
19.016667,-16.824291,-9.843999,0.602868,-0.079744,-0.221710,2.917622,0.418341
19.033333,-16.824497,-9.850744,0.602859,-0.082734,-0.230724,2.898851,0.404909
19.050000,-16.825232,-9.856477,0.603419,-0.087798,-0.239973,2.882837,0.346763
19.066667,-16.826567,-9.865789,0.600958,-0.081837,-0.245988,2.866562,0.564471
19.083333,-16.826117,-9.876390,0.598890,-0.073886,-0.246494,2.848799,0.636636
19.100000,-16.825069,-9.887033,0.596648,-0.066418,-0.246602,2.828925,0.641607
19.116667,-16.822866,-9.897442,0.594998,-0.062128,-0.245623,2.806503,0.638395
19.133333,-16.819679,-9.908519,0.593180,-0.056299,-0.244239,2.779831,0.691580
19.150000,-16.817623,-9.921153,0.588672,-0.044853,-0.244018,2.750759,0.768030
19.166667,-16.816305,-9.936419,0.581278,-0.024688,-0.242638,2.719807,0.919392
19.183333,-16.814589,-9.951380,0.575597,-0.004806,-0.239472,2.691000,0.903507
19.200000,-16.807625,-9.955850,0.580623,-0.015350,-0.231578,2.679811,0.496492
19.216667,-16.825510,-9.962831,0.579165,0.050253,-0.236091,2.672977,1.151959
19.233333,-16.842234,-9.988311,0.576489,0.123611,-0.240147,2.607261,1.828695
19.250000,-16.836132,-9.973450,0.598711,0.071987,-0.232988,2.597773,0.963896
19.266667,-16.843060,-9.969890,0.604899,0.081355,-0.228414,2.588591,0.467323
19.283333,-16.865620,-9.991616,0.591978,0.175045,-0.219004,2.563199,1.879259
19.300000,-16.876249,-10.003483,0.588940,0.214169,-0.205268,2.538714,0.955876
19.316667,-16.869490,-9.990272,0.598724,0.166999,-0.194354,2.527534,0.890409
19.333333,-16.876862,-9.986570,0.595549,0.174612,-0.190705,2.517097,0.494932
19.350000,-16.899437,-9.993977,0.582058,0.231013,-0.201177,2.496444,1.425553
19.366667,-16.916683,-9.993930,0.575006,0.252486,-0.214996,2.485540,1.034779
19.383333,-16.914244,-9.969655,0.581980,0.183406,-0.235436,2.481923,1.463826
19.400000,-16.917700,-9.953514,0.583070,0.155290,-0.247337,2.484419,0.990408
19.416667,-16.916767,-9.942078,0.585685,0.124801,-0.247689,2.479330,0.688466
19.433333,-16.912464,-9.935663,0.587381,0.096515,-0.237958,2.472088,0.463441
19.450000,-16.901705,-9.922538,0.593656,0.044973,-0.227871,2.473667,1.018305
19.466667,-16.901804,-9.920677,0.588928,0.054408,-0.210653,2.484662,0.111796
19.483333,-16.897753,-9.923117,0.592714,0.045961,-0.188473,2.477032,0.283740
19.500000,-16.899570,-9.928170,0.598811,0.050479,-0.172696,2.465999,0.322229
19.516667,-16.902678,-9.929891,0.603193,0.049943,-0.162373,2.457400,0.213095
19.533333,-16.907934,-9.929041,0.605466,0.047497,-0.159008,2.451111,0.319493
19.550000,-16.915520,-9.927629,0.604536,0.048858,-0.162899,2.441986,0.462943
19.566667,-16.922445,-9.923323,0.603617,0.041687,-0.171635,2.432939,0.489330
19.583333,-16.923412,-9.916231,0.609122,0.013250,-0.177375,2.424148,0.429429
19.600000,-16.927355,-9.915132,0.611015,0.008870,-0.177415,2.415409,0.245578
19.616667,-16.929510,-9.910649,0.614284,-0.007768,-0.182102,2.406734,0.298412
19.633333,-16.934214,-9.911201,0.614853,-0.006177,-0.182010,2.397578,0.284149
19.650000,-16.938686,-9.910746,0.616212,-0.009063,-0.183147,2.386871,0.269754
19.666667,-16.944048,-9.912476,0.616270,-0.002745,-0.180704,2.376907,0.338025
19.683333,-16.948978,-9.912217,0.617077,-0.000892,-0.179047,2.369495,0.296236
19.700000,-16.953629,-9.910805,0.618175,-0.000676,-0.177232,2.363672,0.291593
19.716667,-16.957439,-9.907159,0.620101,-0.006903,-0.176937,2.359241,0.316442
19.733333,-16.962683,-9.906893,0.620819,-0.002340,-0.172421,2.353765,0.315003
19.750000,-16.967045,-9.903775,0.622536,-0.003736,-0.169939,2.350587,0.321698
19.766667,-16.972158,-9.900499,0.623100,0.000064,-0.168695,2.349356,0.364375
19.783333,-16.976740,-9.896513,0.624313,0.003838,-0.165671,2.350421,0.364377
19.800000,-16.981441,-9.891493,0.625339,0.008542,-0.162397,2.355248,0.412681
19.816667,-16.983826,-9.883288,0.628028,-0.000104,-0.163972,2.358841,0.512631
19.833333,-16.987757,-9.877969,0.628999,0.002983,-0.162313,2.363069,0.396868
19.850000,-16.991348,-9.871805,0.630459,0.002516,-0.162227,2.368196,0.428019
19.866667,-16.994381,-9.865960,0.631607,0.003171,-0.162379,2.373069,0.395099
19.883333,-16.997482,-9.859773,0.632608,0.003922,-0.162337,2.378758,0.415271
19.900000,-17.000553,-9.853484,0.633518,0.005005,-0.162358,2.384313,0.419895
19.916667,-17.003811,-9.847489,0.634289,0.005792,-0.162601,2.390171,0.409368
19.933333,-17.006874,-9.842099,0.634929,0.007508,-0.162236,2.394981,0.371986
19.950000,-17.010523,-9.837769,0.635536,0.010666,-0.161548,2.397429,0.339771
19.966667,-17.014116,-9.833075,0.636442,0.011761,-0.161128,2.399436,0.354693
19.983333,-17.017666,-9.829671,0.637340,0.014161,-0.159547,2.399507,0.295066
20.000000,-17.021570,-9.827074,0.638113,0.017890,-0.157857,2.398040,0.281345
20.016667,-17.025682,-9.824106,0.638957,0.021247,-0.156385,2.397126,0.304281
20.033333,-17.029768,-9.820885,0.639862,0.023958,-0.155110,2.396732,0.312172
20.050000,-17.033522,-9.818095,0.640801,0.027119,-0.153385,2.396671,0.280600
20.066667,-17.036825,-9.815436,0.642019,0.027931,-0.151691,2.394742,0.254436
20.083333,-17.040699,-9.812813,0.642990,0.028880,-0.150336,2.392550,0.280718
20.100000,-17.044476,-9.811019,0.644094,0.031000,-0.148153,2.389494,0.250856
20.116667,-17.049313,-9.809484,0.644266,0.033677,-0.147840,2.384426,0.304476
20.133333,-17.054579,-9.807616,0.644233,0.035475,-0.149167,2.378775,0.335266
20.150000,-17.060326,-9.805055,0.643655,0.035019,-0.153724,2.372616,0.377513
20.166667,-17.065044,-9.804028,0.643990,0.033824,-0.155483,2.365207,0.289756
20.183333,-17.070036,-9.803982,0.644037,0.033500,-0.156631,2.356224,0.299504
20.200000,-17.076229,-9.800908,0.643044,0.028574,-0.163534,2.349175,0.414838
20.216667,-17.080944,-9.802430,0.642491,0.030940,-0.164331,2.334165,0.297273
20.233333,-17.086376,-9.803224,0.642288,0.032942,-0.165614,2.323246,0.329386
20.250000,-17.090561,-9.803719,0.643282,0.031433,-0.165758,2.313047,0.252834
20.266667,-17.095411,-9.805725,0.643915,0.033461,-0.164090,2.302051,0.314942
20.283333,-17.101961,-9.808581,0.642786,0.044970,-0.161564,2.293149,0.428732
20.300000,-17.104845,-9.807717,0.644725,0.038781,-0.161857,2.284285,0.180634
20.316667,-17.108164,-9.806267,0.646027,0.035547,-0.162740,2.277061,0.217316
20.333333,-17.112837,-9.805942,0.646099,0.040315,-0.161595,2.271247,0.281058
20.350000,-17.116615,-9.803817,0.646939,0.040898,-0.161583,2.266920,0.260095
20.366667,-17.120800,-9.801894,0.647494,0.043681,-0.160715,2.263093,0.276315
20.383333,-17.124769,-9.799791,0.648391,0.045104,-0.160511,2.259710,0.269509
20.400000,-17.128244,-9.796100,0.649797,0.043018,-0.161116,2.258240,0.304203
20.416667,-17.131447,-9.791970,0.651179,0.042272,-0.161332,2.258214,0.313540
20.433333,-17.134596,-9.787470,0.652838,0.040153,-0.161743,2.257561,0.329563
20.450000,-17.138525,-9.783390,0.653886,0.040570,-0.162255,2.256601,0.339851
20.466667,-17.141594,-9.778041,0.655850,0.037147,-0.162990,2.257032,0.370020
20.483333,-17.145218,-9.773515,0.656828,0.037444,-0.163291,2.256356,0.347892
20.500000,-17.148546,-9.768525,0.657784,0.037231,-0.163704,2.257210,0.359870
20.516667,-17.152027,-9.763106,0.658983,0.036949,-0.163259,2.259474,0.386429
20.533333,-17.155245,-9.758072,0.659853,0.038750,-0.162334,2.261561,0.358493
20.550000,-17.158644,-9.753050,0.660481,0.041574,-0.160872,2.264361,0.363847
20.566667,-17.162548,-9.748218,0.660399,0.046639,-0.159535,2.267162,0.372748
20.583333,-17.165598,-9.743203,0.661310,0.046469,-0.158584,2.266806,0.352144
20.600000,-17.169790,-9.738641,0.661357,0.050812,-0.156937,2.267567,0.371763
20.616667,-17.173244,-9.734636,0.661534,0.056203,-0.154677,2.267982,0.317305
20.633333,-17.175810,-9.731247,0.661365,0.063866,-0.152579,2.269615,0.255045
20.650000,-17.177473,-9.727122,0.661258,0.069231,-0.150999,2.272323,0.266841
20.666667,-17.179567,-9.723291,0.660872,0.076259,-0.148891,2.275420,0.261959
20.683333,-17.181341,-9.719019,0.660818,0.081742,-0.146502,2.280426,0.277563
20.700000,-17.182915,-9.714967,0.660407,0.087538,-0.144374,2.284118,0.260818
20.716667,-17.184252,-9.711538,0.660088,0.094217,-0.141084,2.287831,0.220797
20.733333,-17.185127,-9.706900,0.660052,0.097804,-0.139021,2.293041,0.283234
20.750000,-17.186920,-9.701305,0.659833,0.101212,-0.139117,2.298576,0.352472
20.766667,-17.187677,-9.696094,0.660087,0.104072,-0.137387,2.303819,0.315993
20.783333,-17.187576,-9.690623,0.660862,0.104655,-0.135316,2.308294,0.328273
20.800000,-17.188292,-9.685602,0.660717,0.107650,-0.133742,2.311397,0.304307
20.816667,-17.188421,-9.681308,0.660819,0.110687,-0.131072,2.313322,0.257781
20.833333,-17.189028,-9.677244,0.660769,0.115651,-0.128354,2.316061,0.246517
20.850000,-17.189058,-9.672565,0.661313,0.117379,-0.126736,2.318233,0.280787
20.866667,-17.189350,-9.667175,0.661872,0.119051,-0.125184,2.323172,0.323827
20.883333,-17.190689,-9.661330,0.662071,0.120855,-0.125193,2.328432,0.359788
20.900000,-17.191513,-9.656075,0.662562,0.122999,-0.123992,2.333049,0.319194
20.916667,-17.192961,-9.650850,0.662443,0.126095,-0.124209,2.335966,0.325266
20.933333,-17.194742,-9.645358,0.662315,0.129882,-0.123670,2.341444,0.346434
20.950000,-17.195969,-9.640813,0.662492,0.134389,-0.121690,2.343933,0.282466
20.966667,-17.197241,-9.635725,0.662861,0.138068,-0.119328,2.349064,0.314670
20.983333,-17.198826,-9.630690,0.663015,0.142769,-0.116940,2.353399,0.316738
21.000000,-17.200741,-9.625396,0.663495,0.148168,-0.113400,2.360826,0.337774
21.016667,-17.202833,-9.617689,0.663510,0.150240,-0.113087,2.369324,0.479138
21.033333,-17.206356,-9.610913,0.662137,0.155727,-0.114598,2.376150,0.458216
21.050000,-17.208139,-9.603621,0.662867,0.154784,-0.115034,2.383132,0.450402
21.066667,-17.210119,-9.598969,0.664791,0.156009,-0.112043,2.386953,0.303348
21.083333,-17.214348,-9.593602,0.664720,0.159820,-0.112961,2.391601,0.409975
21.100000,-17.219524,-9.585336,0.663182,0.158526,-0.120388,2.395591,0.585210
21.116667,-17.223667,-9.579853,0.663238,0.162087,-0.119820,2.400758,0.412310
21.133333,-17.226738,-9.575033,0.664252,0.165486,-0.117994,2.405056,0.342900
21.150000,-17.230234,-9.570241,0.665057,0.169047,-0.115787,2.409623,0.355919
21.166667,-17.232880,-9.563920,0.666651,0.166853,-0.117037,2.415332,0.411134
21.183333,-17.234837,-9.556931,0.668169,0.162467,-0.119400,2.421992,0.435496
21.200000,-17.237965,-9.550442,0.668767,0.161092,-0.122657,2.428488,0.432205
21.216667,-17.240324,-9.544088,0.670124,0.159417,-0.123628,2.436565,0.406640
21.233333,-17.242945,-9.537676,0.671068,0.158099,-0.125052,2.444789,0.415641
21.250000,-17.245195,-9.531342,0.671878,0.157055,-0.125850,2.451575,0.403336
21.266667,-17.248207,-9.525586,0.672640,0.157595,-0.126175,2.457670,0.389747
21.283333,-17.251350,-9.519823,0.673335,0.158069,-0.126525,2.463961,0.393872
21.300000,-17.255667,-9.514488,0.673443,0.161224,-0.127295,2.470288,0.411739
21.316667,-17.258705,-9.507344,0.674821,0.158278,-0.128170,2.476822,0.465796
21.333333,-17.262915,-9.500464,0.675456,0.157740,-0.129745,2.483160,0.483928
21.350000,-17.267410,-9.493136,0.675980,0.156615,-0.131997,2.489827,0.515828
21.366667,-17.272352,-9.485137,0.676325,0.156360,-0.133891,2.499414,0.564171
21.383333,-17.276871,-9.478979,0.677053,0.156706,-0.133792,2.504487,0.458269
21.400000,-17.281960,-9.472705,0.676953,0.157904,-0.134726,2.509604,0.484709
21.416667,-17.285942,-9.468976,0.676983,0.163876,-0.131519,2.510195,0.327344
21.433333,-17.289825,-9.463852,0.677897,0.166139,-0.128398,2.514938,0.385762
21.450000,-17.295130,-9.458588,0.677678,0.170270,-0.127796,2.519710,0.448392
21.466667,-17.301046,-9.451409,0.677723,0.167549,-0.133999,2.523850,0.558143
21.483333,-17.305891,-9.443631,0.677938,0.163404,-0.138250,2.529672,0.549813
21.500000,-17.310312,-9.435232,0.678998,0.158984,-0.141707,2.538455,0.569497
21.516667,-17.314684,-9.427487,0.680547,0.155240,-0.143692,2.546738,0.533606
21.533333,-17.319227,-9.419545,0.682227,0.151197,-0.145716,2.555420,0.548992
21.550000,-17.323929,-9.412022,0.683940,0.148133,-0.147494,2.563653,0.532308
21.566667,-17.328594,-9.405290,0.685209,0.145978,-0.148668,2.570382,0.491434
21.583333,-17.333376,-9.399537,0.686429,0.145441,-0.148750,2.575379,0.448826
21.600000,-17.337755,-9.394180,0.687789,0.145214,-0.147337,2.581061,0.415143
21.616667,-17.343481,-9.389272,0.688114,0.146521,-0.148001,2.584370,0.452511
21.633333,-17.349688,-9.384325,0.688184,0.148281,-0.148778,2.587688,0.476200
21.650000,-17.354397,-9.378065,0.689063,0.145589,-0.150794,2.588305,0.470009
21.666667,-17.359499,-9.370483,0.690489,0.139599,-0.154673,2.591432,0.548317
21.683333,-17.365213,-9.363192,0.691902,0.134576,-0.158478,2.598364,0.555850
21.700000,-17.370537,-9.356175,0.693580,0.129132,-0.160890,2.605334,0.528428
21.716667,-17.375998,-9.349905,0.695335,0.123685,-0.163872,2.609742,0.498894
21.733333,-17.381334,-9.344020,0.697340,0.118419,-0.167072,2.613845,0.476672
21.750000,-17.386236,-9.337963,0.700282,0.111440,-0.169336,2.618901,0.467512
21.766667,-17.389496,-9.334244,0.704876,0.107989,-0.164191,2.623127,0.296735
21.783333,-17.394749,-9.330961,0.707200,0.107430,-0.163036,2.624896,0.371649
21.800000,-17.401381,-9.325074,0.708198,0.101485,-0.169005,2.626647,0.532070
21.816667,-17.410007,-9.317710,0.706826,0.095090,-0.181272,2.628932,0.680561
21.833333,-17.418779,-9.312263,0.704034,0.095372,-0.191909,2.631512,0.619512
21.850000,-17.424475,-9.302655,0.706657,0.082165,-0.199770,2.639633,0.670165
21.866667,-17.429377,-9.294287,0.711891,0.075134,-0.198786,2.656442,0.581908
21.883333,-17.434889,-9.284556,0.715500,0.065006,-0.203690,2.668602,0.670993
21.900000,-17.443298,-9.275841,0.715277,0.060431,-0.214513,2.677311,0.726674
21.916667,-17.453409,-9.267609,0.712168,0.059103,-0.229596,2.683819,0.782298
21.933333,-17.467413,-9.263708,0.704396,0.076324,-0.246977,2.691880,0.872209
21.950000,-17.466400,-9.249696,0.713644,0.042980,-0.248271,2.702936,0.842933
21.966667,-17.471945,-9.238528,0.719006,0.032589,-0.250062,2.725211,0.748094
21.983333,-17.476187,-9.227758,0.724389,0.020063,-0.250722,2.743739,0.694508
22.000000,-17.484463,-9.222293,0.722841,0.028036,-0.253679,2.759971,0.595071
22.016667,-17.494741,-9.219841,0.717485,0.046997,-0.258549,2.773110,0.634026
22.033333,-17.500420,-9.215488,0.716320,0.052569,-0.256944,2.784923,0.429269
22.050000,-17.505606,-9.211521,0.715976,0.056976,-0.257599,2.794010,0.391772
22.066667,-17.511305,-9.207760,0.715177,0.061691,-0.258973,2.803677,0.409707
22.083333,-17.516081,-9.203842,0.715152,0.064247,-0.259428,2.811917,0.370635
22.100000,-17.524420,-9.202278,0.711340,0.077683,-0.263880,2.819855,0.509060
22.116667,-17.529476,-9.198303,0.711339,0.080222,-0.264022,2.827905,0.385903
22.133333,-17.533989,-9.194014,0.711863,0.080836,-0.262777,2.837647,0.373575
22.150000,-17.538347,-9.188412,0.713012,0.079789,-0.261072,2.848561,0.425855
22.166667,-17.543276,-9.182110,0.713991,0.079267,-0.259230,2.861978,0.480018
22.183333,-17.548489,-9.175274,0.715078,0.078867,-0.257234,2.876720,0.515802
22.200000,-17.554037,-9.168017,0.716376,0.078514,-0.255804,2.892561,0.548081
22.216667,-17.558533,-9.160030,0.718851,0.075617,-0.253155,2.909353,0.549919
22.233333,-17.564745,-9.151370,0.719945,0.073135,-0.252789,2.928857,0.639480
22.250000,-17.571802,-9.141878,0.720868,0.069468,-0.253819,2.949788,0.709677
22.266667,-17.577799,-9.132277,0.722844,0.065617,-0.252517,2.971040,0.679174
22.283333,-17.584772,-9.123136,0.723764,0.061850,-0.254425,2.993011,0.689873
22.300000,-17.590591,-9.113927,0.725160,0.057907,-0.254104,3.014253,0.653599
22.316667,-17.597723,-9.106426,0.725053,0.058921,-0.255557,3.035694,0.620990
22.333333,-17.604950,-9.097551,0.725626,0.056117,-0.258003,3.056230,0.686712
22.350000,-17.612555,-9.089329,0.725749,0.055925,-0.260211,3.076887,0.672002
22.366667,-17.622757,-9.080594,0.724428,0.054798,-0.267043,3.099652,0.805843
22.383333,-17.632696,-9.072757,0.722811,0.055075,-0.274179,3.120471,0.759446
22.400000,-17.641985,-9.065120,0.721879,0.056480,-0.280109,3.140602,0.721513
22.416667,-17.650103,-9.057761,0.721657,0.057780,-0.283865,-3.121980,0.657390
22.433333,-17.656984,-9.050885,0.722225,0.060012,-0.283508,-3.099614,0.583690
22.450000,-17.663879,-9.041929,0.724183,0.054268,-0.284215,-3.077834,0.678162
22.466667,-17.669371,-9.031339,0.728101,0.041758,-0.281272,-3.055071,0.715772
22.483333,-17.674593,-9.025523,0.728221,0.044037,-0.276379,-3.032188,0.468971
22.500000,-17.680830,-9.009918,0.735374,0.011449,-0.274228,-3.006678,1.008314
22.516667,-17.688671,-9.000017,0.737762,-0.002697,-0.271686,-2.978558,0.757792
22.533333,-17.697763,-8.993267,0.736570,-0.006629,-0.269778,-2.947826,0.679444
22.550000,-17.706804,-8.985864,0.737800,-0.015223,-0.270890,-2.920039,0.701119
22.566667,-17.715706,-8.977760,0.740646,-0.026766,-0.271484,-2.893153,0.722254
22.583333,-17.723394,-8.972212,0.741835,-0.032074,-0.269731,-2.866422,0.568890
22.600000,-17.730453,-8.966434,0.743678,-0.038140,-0.267871,-2.842790,0.547349
22.616667,-17.735109,-8.959924,0.746452,-0.045991,-0.265365,-2.826614,0.480203
22.633333,-17.738255,-8.953901,0.748123,-0.049016,-0.270262,-2.826117,0.407657
22.650000,-17.739368,-8.948091,0.747907,-0.049031,-0.270065,-2.825641,0.354992
22.666667,-17.740183,-8.942700,0.747004,-0.047722,-0.269834,-2.824284,0.327081
22.683333,-17.741577,-8.937157,0.746899,-0.049234,-0.271246,-2.821011,0.342981
22.700000,-17.745440,-8.932228,0.747757,-0.053586,-0.274543,-2.810137,0.375702
22.716667,-17.750423,-8.927077,0.748406,-0.058310,-0.276029,-2.793741,0.430037
22.733333,-17.754515,-8.922582,0.748155,-0.058308,-0.273210,-2.775537,0.364714
22.750000,-17.758541,-8.918457,0.748526,-0.060197,-0.271881,-2.758176,0.345845
22.766667,-17.762526,-8.914402,0.749417,-0.063299,-0.270477,-2.741510,0.341099
22.783333,-17.767578,-8.909643,0.751536,-0.071588,-0.269263,-2.722841,0.416449
22.800000,-17.773178,-8.905064,0.754006,-0.081391,-0.268352,-2.703958,0.434045
22.816667,-17.778122,-8.900817,0.756953,-0.092261,-0.266709,-2.686829,0.391043
22.833333,-17.782606,-8.898376,0.758821,-0.098888,-0.265695,-2.672334,0.306315
22.850000,-17.786806,-8.895033,0.762056,-0.110722,-0.264883,-2.660420,0.322102
22.866667,-17.790422,-8.893925,0.763334,-0.114605,-0.263956,-2.650037,0.226939
22.883333,-17.793503,-8.893227,0.764357,-0.117197,-0.263782,-2.643742,0.189509
22.900000,-17.795094,-8.893807,0.764487,-0.116591,-0.262619,-2.641094,0.101606
22.916667,-17.796551,-8.894783,0.764825,-0.116583,-0.261944,-2.639986,0.105219
22.933333,-17.798130,-8.896237,0.765269,-0.117031,-0.261149,-2.639006,0.128815
22.950000,-17.799902,-8.898302,0.765568,-0.116350,-0.260210,-2.637987,0.163248
22.966667,-17.801790,-8.900679,0.765811,-0.115144,-0.258848,-2.636923,0.182124
22.983333,-17.803946,-8.903403,0.765935,-0.113100,-0.257343,-2.636381,0.208443
23.000000,-17.805727,-8.906292,0.765832,-0.109643,-0.255837,-2.638221,0.203630
23.016667,-17.807499,-8.909328,0.765922,-0.106045,-0.254275,-2.641261,0.210941
23.033333,-17.809202,-8.912957,0.765520,-0.101368,-0.253150,-2.645879,0.240515
23.050000,-17.811104,-8.916398,0.765580,-0.098271,-0.252052,-2.650670,0.235882
23.066667,-17.813105,-8.920142,0.765608,-0.094947,-0.251135,-2.656179,0.254712
23.083333,-17.816092,-8.924014,0.765956,-0.092485,-0.250271,-2.660305,0.293408
23.100000,-17.819256,-8.928059,0.766318,-0.089918,-0.249354,-2.664990,0.308116
23.116667,-17.822617,-8.932348,0.766608,-0.087082,-0.248797,-2.669990,0.326962
23.133333,-17.825689,-8.936197,0.767334,-0.085519,-0.247863,-2.675101,0.295507
23.150000,-17.828844,-8.940588,0.767603,-0.082740,-0.247355,-2.680714,0.324393
23.166667,-17.832050,-8.945053,0.768041,-0.080158,-0.246695,-2.686725,0.329821
23.183333,-17.835541,-8.949783,0.768238,-0.077250,-0.246824,-2.693074,0.352718
23.200000,-17.838755,-8.954673,0.768352,-0.073649,-0.246147,-2.699372,0.351070
23.216667,-17.841057,-8.960369,0.767783,-0.066865,-0.245238,-2.706526,0.368635
23.233333,-17.844288,-8.964951,0.768004,-0.063792,-0.245309,-2.712409,0.336371
23.250000,-17.847248,-8.969460,0.767798,-0.058287,-0.244164,-2.716884,0.323631
23.266667,-17.850628,-8.974132,0.767611,-0.052668,-0.242829,-2.720587,0.345983
23.283333,-17.853504,-8.978930,0.767305,-0.045237,-0.240367,-2.723848,0.335642
23.300000,-17.856619,-8.982706,0.768007,-0.041431,-0.238022,-2.727235,0.293716
23.316667,-17.859985,-8.985590,0.769425,-0.041104,-0.236125,-2.730740,0.265970
23.333333,-17.863346,-8.988163,0.771183,-0.042502,-0.234195,-2.734860,0.253957
23.350000,-17.866938,-8.991024,0.772936,-0.043326,-0.232019,-2.738541,0.275508
23.366667,-17.871010,-8.994821,0.773805,-0.041192,-0.230536,-2.741941,0.334048
23.383333,-17.874964,-8.998190,0.775384,-0.040750,-0.228549,-2.746082,0.311688
23.400000,-17.878864,-9.001284,0.777058,-0.041126,-0.225940,-2.750128,0.298709
23.416667,-17.882782,-9.004417,0.778713,-0.041219,-0.223271,-2.754569,0.301011
23.433333,-17.886518,-9.006596,0.781491,-0.044513,-0.219849,-2.759046,0.259502
23.450000,-17.890522,-9.008509,0.784264,-0.047693,-0.216354,-2.762839,0.266227
23.466667,-17.894468,-9.010680,0.786742,-0.049795,-0.212976,-2.766455,0.270259
23.483333,-17.898256,-9.011994,0.790192,-0.055719,-0.209670,-2.770646,0.240569
23.500000,-17.901978,-9.015122,0.791693,-0.056153,-0.207994,-2.775425,0.291678
23.516667,-17.904673,-9.020907,0.790875,-0.048903,-0.207429,-2.783185,0.382918
23.533333,-17.906294,-9.025030,0.792382,-0.049250,-0.205457,-2.792949,0.265803
23.550000,-17.908508,-9.029226,0.793760,-0.049289,-0.203332,-2.801205,0.284678
23.566667,-17.910706,-9.033763,0.794380,-0.047869,-0.202475,-2.810934,0.302444
23.583333,-17.913498,-9.038945,0.794022,-0.043400,-0.201685,-2.819194,0.353202
23.600000,-17.917589,-9.047892,0.789600,-0.024371,-0.202861,-2.825113,0.590251
23.616667,-17.920736,-9.050718,0.791616,-0.024380,-0.199164,-2.830198,0.253812
23.633333,-17.922529,-9.055427,0.792751,-0.020406,-0.195640,-2.838069,0.302286
23.650000,-17.924002,-9.057982,0.795488,-0.020271,-0.189924,-2.843845,0.176980
23.666667,-17.926302,-9.060380,0.797463,-0.018421,-0.184975,-2.847788,0.199353
23.683333,-17.929579,-9.061614,0.799985,-0.018908,-0.180419,-2.848819,0.210090
23.700000,-17.933046,-9.063194,0.801980,-0.018114,-0.176387,-2.849542,0.228640
23.716667,-17.936649,-9.064419,0.804028,-0.017444,-0.172145,-2.849450,0.228323
23.733333,-17.940531,-9.064861,0.806451,-0.017935,-0.167922,-2.848547,0.234396
23.750000,-17.944807,-9.065401,0.808390,-0.017361,-0.164073,-2.846010,0.258612
23.766667,-17.948893,-9.066025,0.810246,-0.016878,-0.160724,-2.844339,0.247972
23.783333,-17.953266,-9.066828,0.811751,-0.015653,-0.158234,-2.843057,0.266799
23.800000,-17.957363,-9.067082,0.813308,-0.016362,-0.156085,-2.842061,0.246293
23.816667,-17.961491,-9.068521,0.814001,-0.014350,-0.154934,-2.841386,0.262271
23.833333,-17.966932,-9.068975,0.814830,-0.014908,-0.154795,-2.838731,0.327634
23.850000,-17.973829,-9.068458,0.815700,-0.019385,-0.157368,-2.835579,0.414983
23.866667,-17.977308,-9.067529,0.819122,-0.027055,-0.155169,-2.836234,0.216052
23.883333,-17.981735,-9.064464,0.824666,-0.046597,-0.156048,-2.839855,0.323070
23.900000,-17.986122,-9.063133,0.828303,-0.059271,-0.157153,-2.843135,0.275051
23.916667,-17.990988,-9.060938,0.832957,-0.076536,-0.159357,-2.846487,0.320279
23.933333,-17.995663,-9.061951,0.833845,-0.076220,-0.158296,-2.846214,0.287002
23.950000,-17.999895,-9.064110,0.834187,-0.073828,-0.157137,-2.847871,0.285079
23.966667,-18.004622,-9.066568,0.834358,-0.070653,-0.155669,-2.848925,0.319657
23.983333,-18.010101,-9.068161,0.834834,-0.067530,-0.153039,-2.847018,0.342394
24.000000,-18.016161,-9.068804,0.836229,-0.067322,-0.150181,-2.844206,0.365619
24.016667,-18.022570,-9.068125,0.838634,-0.070634,-0.147175,-2.840350,0.386674
24.033333,-18.028032,-9.068590,0.840449,-0.069960,-0.142913,-2.837500,0.328946
24.050000,-18.034365,-9.068683,0.842922,-0.072856,-0.139664,-2.830984,0.379984
24.066667,-18.040148,-9.069743,0.843816,-0.072059,-0.137805,-2.828582,0.352771
24.083333,-18.044910,-9.070816,0.844906,-0.071257,-0.134994,-2.828411,0.292920
24.100000,-18.049902,-9.073068,0.845226,-0.067818,-0.132931,-2.827822,0.328552
24.116667,-18.054035,-9.076535,0.844969,-0.060638,-0.129619,-2.828945,0.323708
24.133333,-18.058538,-9.079803,0.845350,-0.055101,-0.125874,-2.829548,0.333854
24.150000,-18.063519,-9.082582,0.845633,-0.050510,-0.123958,-2.829996,0.342180
24.166667,-18.069859,-9.083638,0.847051,-0.054481,-0.125026,-2.831679,0.385639
24.183333,-18.075354,-9.086152,0.847622,-0.051747,-0.123922,-2.832624,0.362568
24.200000,-18.080763,-9.088690,0.847853,-0.047329,-0.122255,-2.832708,0.358497
24.216667,-18.086502,-9.091182,0.848332,-0.042723,-0.119951,-2.831770,0.375412
24.233333,-18.092543,-9.092880,0.849083,-0.040549,-0.118740,-2.830881,0.376489
24.250000,-18.099516,-9.094739,0.849552,-0.038652,-0.118215,-2.828965,0.433004
24.266667,-18.106533,-9.096266,0.850805,-0.039557,-0.117633,-2.828030,0.430879
24.283333,-18.114290,-9.098069,0.851413,-0.037628,-0.116503,-2.824760,0.477843
24.300000,-18.121899,-9.099445,0.852689,-0.038029,-0.115263,-2.821588,0.463912
24.316667,-18.129168,-9.101151,0.853839,-0.037618,-0.113536,-2.819651,0.447974
24.333333,-18.136236,-9.103485,0.854235,-0.034564,-0.111305,-2.818064,0.446651
24.350000,-18.143246,-9.105570,0.855195,-0.033141,-0.108601,-2.817383,0.438777
24.366667,-18.150806,-9.107866,0.856060,-0.032145,-0.106704,-2.817110,0.474107
24.383333,-18.158642,-9.110448,0.856440,-0.030475,-0.105848,-2.816977,0.494983
24.400000,-18.165852,-9.113545,0.856917,-0.027191,-0.103332,-2.817069,0.470821
24.416667,-18.173374,-9.115447,0.858270,-0.028822,-0.102389,-2.817496,0.465553
24.433333,-18.180506,-9.118331,0.858947,-0.026277,-0.100133,-2.817593,0.461557
24.450000,-18.187553,-9.120737,0.860112,-0.027298,-0.098862,-2.819624,0.446824
24.466667,-18.194729,-9.122899,0.861737,-0.028619,-0.097232,-2.820555,0.449645
24.483333,-18.201546,-9.125191,0.863116,-0.028194,-0.095010,-2.820949,0.431506
24.500000,-18.209833,-9.125524,0.866058,-0.035954,-0.093933,-2.820549,0.497647
24.516667,-18.217562,-9.127597,0.867833,-0.037715,-0.092440,-2.820991,0.480110
24.533333,-18.224688,-9.129835,0.869509,-0.038746,-0.090739,-2.822403,0.448147
24.550000,-18.231789,-9.132481,0.871148,-0.038678,-0.088275,-2.822706,0.454670
24.566667,-18.239685,-9.134255,0.873327,-0.044561,-0.088268,-2.823974,0.485605
24.583333,-18.247566,-9.138042,0.873188,-0.043515,-0.090304,-2.825443,0.524629
24.600000,-18.254576,-9.143690,0.871188,-0.035062,-0.092316,-2.827273,0.540097
24.616667,-18.261196,-9.145760,0.873227,-0.039092,-0.092264,-2.829731,0.416179
24.633333,-18.267857,-9.150001,0.872758,-0.034302,-0.092936,-2.831680,0.473764
24.650000,-18.274788,-9.153335,0.873299,-0.033550,-0.093890,-2.833865,0.461489
24.666667,-18.281729,-9.156154,0.874611,-0.034557,-0.094388,-2.836321,0.449489
24.683333,-18.288315,-9.159390,0.875753,-0.035203,-0.094377,-2.839456,0.440308
24.700000,-18.295179,-9.163139,0.875927,-0.034248,-0.095699,-2.842473,0.469291
24.716667,-18.301283,-9.166976,0.876547,-0.034071,-0.095699,-2.846192,0.432552
24.733333,-18.307234,-9.170588,0.877269,-0.035388,-0.096656,-2.851412,0.417696
24.750000,-18.312599,-9.174746,0.877523,-0.032730,-0.095638,-2.856003,0.407242
24.766667,-18.318027,-9.179122,0.877456,-0.029203,-0.094527,-2.860909,0.418366
24.783333,-18.323803,-9.183264,0.877528,-0.025911,-0.093152,-2.865100,0.426424
24.800000,-18.329714,-9.187147,0.877607,-0.022474,-0.091664,-2.868948,0.424344
24.816667,-18.336250,-9.190662,0.877929,-0.020351,-0.090014,-2.871499,0.445306
24.833333,-18.343019,-9.193954,0.878475,-0.018218,-0.087496,-2.872945,0.451610
24.850000,-18.352144,-9.194186,0.880660,-0.028606,-0.089132,-2.874181,0.547663
24.866667,-18.360485,-9.196279,0.881719,-0.030862,-0.089203,-2.874043,0.515956
24.883333,-18.368105,-9.199283,0.882514,-0.028596,-0.087502,-2.873506,0.491439
24.900000,-18.376184,-9.201958,0.883269,-0.027949,-0.086878,-2.872477,0.510652
24.916667,-18.383904,-9.203998,0.884898,-0.029411,-0.085546,-2.872073,0.479042
24.933333,-18.391357,-9.206239,0.886575,-0.031178,-0.084750,-2.872463,0.467013
24.950000,-18.398649,-9.208293,0.888323,-0.034219,-0.083962,-2.874081,0.454537
24.966667,-18.405697,-9.210284,0.890162,-0.037471,-0.082686,-2.876516,0.439414
24.983333,-18.412828,-9.211871,0.892299,-0.042145,-0.081750,-2.878910,0.438360
25.000000,-18.419775,-9.213769,0.894139,-0.045400,-0.080434,-2.880961,0.432068
25.016667,-18.427132,-9.216825,0.894777,-0.045472,-0.079918,-2.882852,0.477980
25.033333,-18.434244,-9.220743,0.894451,-0.043183,-0.079585,-2.885548,0.487206
25.050000,-18.441282,-9.224714,0.894254,-0.039997,-0.078463,-2.888447,0.484868
25.066667,-18.449188,-9.227621,0.895018,-0.041737,-0.078579,-2.891153,0.505404
25.083333,-18.456699,-9.231817,0.894247,-0.037393,-0.078467,-2.894279,0.516227
25.100000,-18.464651,-9.235036,0.894523,-0.036252,-0.077520,-2.895997,0.514707
25.116667,-18.472710,-9.237668,0.895121,-0.036620,-0.076420,-2.897392,0.508651
25.133333,-18.480753,-9.241116,0.894797,-0.033183,-0.075415,-2.898385,0.525060
25.150000,-18.489208,-9.243538,0.895525,-0.034122,-0.075003,-2.899540,0.527725
25.166667,-18.497103,-9.246803,0.895722,-0.031437,-0.073436,-2.900613,0.512591
25.183333,-18.504578,-9.250913,0.895027,-0.025503,-0.071829,-2.902493,0.511801
25.200000,-18.512653,-9.253456,0.895291,-0.024807,-0.070511,-2.903922,0.508007
25.216667,-18.520609,-9.256539,0.895437,-0.022243,-0.068791,-2.905605,0.511927
25.233333,-18.528482,-9.259626,0.895523,-0.018786,-0.067193,-2.907067,0.507425
25.250000,-18.536589,-9.263248,0.894776,-0.014266,-0.066336,-2.908377,0.532718
25.266667,-18.544859,-9.265919,0.894875,-0.011795,-0.065311,-2.908914,0.521440
25.283333,-18.552963,-9.269024,0.894579,-0.007763,-0.064106,-2.909326,0.520730
25.300000,-18.561602,-9.271828,0.894519,-0.004389,-0.062795,-2.908596,0.544921
25.316667,-18.570238,-9.274476,0.894356,-0.000254,-0.060780,-2.907401,0.542005
25.333333,-18.579248,-9.276663,0.894528,0.002115,-0.059470,-2.906025,0.556313
25.350000,-18.589211,-9.277536,0.895617,-0.001557,-0.060355,-2.904911,0.600019
25.366667,-18.597765,-9.279864,0.895853,0.000739,-0.059007,-2.904766,0.531933
25.383333,-18.606724,-9.282266,0.896111,0.002503,-0.058819,-2.904679,0.556504
25.400000,-18.616074,-9.283602,0.897308,-0.000078,-0.059309,-2.904526,0.566688
25.416667,-18.625093,-9.285822,0.897532,0.000746,-0.059364,-2.904353,0.557344
25.433333,-18.634077,-9.287816,0.897777,0.002086,-0.059376,-2.903168,0.552136
25.450000,-18.643225,-9.289756,0.898152,0.002668,-0.059747,-2.902491,0.561063
25.466667,-18.652546,-9.291344,0.898861,0.001612,-0.059559,-2.901277,0.567330
25.483333,-18.661249,-9.292986,0.899987,-0.000265,-0.058878,-2.901413,0.531409
25.500000,-18.669987,-9.295276,0.900622,-0.000490,-0.058603,-2.901872,0.541957
25.516667,-18.678730,-9.298631,0.900339,0.003030,-0.058717,-2.902103,0.561894
25.533333,-18.687723,-9.300546,0.901235,0.002169,-0.059071,-2.901777,0.551686
25.550000,-18.696074,-9.303937,0.900559,0.007593,-0.058320,-2.901788,0.540764
25.566667,-18.705025,-9.306422,0.900832,0.009320,-0.058303,-2.901191,0.557388
25.583333,-18.713800,-9.308120,0.901922,0.008520,-0.057760,-2.901281,0.536303
25.600000,-18.722256,-9.310928,0.901871,0.011967,-0.057284,-2.901019,0.534572
25.616667,-18.730541,-9.313043,0.902512,0.012901,-0.057315,-2.901363,0.513062
25.633333,-18.739340,-9.313832,0.903751,0.009867,-0.057679,-2.900525,0.530038
25.650000,-18.747843,-9.315347,0.904365,0.009090,-0.057454,-2.900681,0.518206
25.666667,-18.756529,-9.316859,0.905264,0.008040,-0.057010,-2.900635,0.529006
25.683333,-18.765118,-9.318090,0.906453,0.005801,-0.056473,-2.901290,0.520595
25.700000,-18.774063,-9.320455,0.906593,0.007524,-0.056952,-2.901474,0.555156
25.716667,-18.782772,-9.321829,0.907729,0.005540,-0.057040,-2.901523,0.529003
25.733333,-18.791306,-9.323311,0.908578,0.003507,-0.057069,-2.902352,0.519673
25.750000,-18.799908,-9.325000,0.909420,0.002324,-0.057352,-2.903682,0.525983
25.766667,-18.808533,-9.326308,0.910770,-0.000243,-0.057737,-2.904876,0.523423
25.783333,-18.817120,-9.327866,0.911502,-0.002069,-0.059322,-2.906655,0.523618
25.800000,-18.825367,-9.329428,0.912319,-0.002994,-0.059326,-2.908095,0.503641
25.816667,-18.834068,-9.330552,0.913426,-0.005411,-0.059357,-2.908217,0.526420
25.833333,-18.842527,-9.331779,0.914569,-0.007872,-0.059245,-2.908960,0.512860
25.850000,-18.850630,-9.332860,0.916354,-0.011414,-0.058331,-2.910394,0.490449
25.866667,-18.858856,-9.335049,0.916949,-0.011929,-0.058660,-2.912469,0.510754
25.883333,-18.867096,-9.338005,0.916877,-0.009824,-0.059076,-2.914463,0.525244
25.900000,-18.875292,-9.341936,0.915824,-0.004261,-0.059685,-2.915968,0.545391
25.916667,-18.883659,-9.343373,0.917112,-0.008250,-0.059549,-2.917703,0.509404
25.933333,-18.891951,-9.345121,0.918215,-0.011206,-0.059056,-2.919643,0.508411
25.950000,-18.900282,-9.347205,0.919285,-0.013269,-0.058621,-2.921793,0.515276
25.966667,-18.908442,-9.349528,0.920251,-0.015227,-0.058172,-2.924385,0.509035
25.983333,-18.916464,-9.353461,0.919302,-0.010536,-0.058626,-2.927112,0.536071
26.000000,-18.924864,-9.355836,0.919557,-0.010876,-0.058684,-2.928757,0.523750
26.016667,-18.933365,-9.357825,0.920128,-0.013164,-0.058689,-2.930408,0.523843
26.033333,-18.941734,-9.360262,0.920649,-0.014024,-0.058183,-2.932071,0.523016
26.050000,-18.950071,-9.362638,0.921259,-0.015142,-0.057540,-2.934367,0.520148
26.066667,-18.956707,-9.366035,0.921240,-0.012044,-0.054499,-2.938659,0.447252
26.083333,-18.965391,-9.368002,0.922291,-0.014764,-0.055389,-2.939680,0.534254
26.100000,-18.972635,-9.371077,0.922862,-0.012656,-0.053868,-2.942689,0.472176
26.116667,-18.980276,-9.373615,0.923426,-0.012873,-0.053809,-2.945378,0.483092
26.133333,-18.987850,-9.375857,0.924166,-0.012517,-0.052443,-2.947046,0.473938
26.150000,-18.995832,-9.377996,0.924335,-0.012474,-0.052254,-2.949313,0.495834
26.166667,-19.002998,-9.380867,0.924374,-0.009428,-0.051028,-2.951463,0.463169
26.183333,-19.011278,-9.382840,0.924889,-0.009260,-0.050873,-2.952540,0.510700
26.200000,-19.018951,-9.385356,0.925755,-0.009276,-0.050479,-2.955160,0.484510
26.216667,-19.025671,-9.388797,0.925875,-0.006205,-0.049045,-2.959674,0.452960
26.233333,-19.033407,-9.391175,0.926596,-0.006600,-0.048259,-2.962255,0.485615
26.250000,-19.040707,-9.394107,0.926950,-0.005194,-0.047792,-2.966265,0.471967
26.266667,-19.047970,-9.396373,0.928308,-0.005671,-0.045586,-2.968521,0.456506
26.283333,-19.055943,-9.398817,0.928819,-0.005972,-0.044611,-2.970966,0.500339
26.300000,-19.063496,-9.401523,0.929796,-0.005277,-0.042363,-2.973869,0.481383
26.316667,-19.071430,-9.403822,0.930768,-0.006049,-0.040755,-2.976707,0.495660
26.333333,-19.079535,-9.406553,0.931081,-0.004042,-0.039505,-2.979314,0.513132
26.350000,-19.087444,-9.408530,0.932272,-0.004872,-0.037543,-2.981687,0.489186
26.366667,-19.095690,-9.410467,0.933176,-0.005940,-0.035788,-2.983085,0.508195
26.383333,-19.104761,-9.412860,0.933116,-0.006369,-0.036602,-2.985016,0.562897
26.400000,-19.113026,-9.415376,0.933680,-0.006825,-0.035640,-2.987821,0.518338
26.416667,-19.120989,-9.418220,0.933996,-0.006376,-0.034401,-2.991498,0.507345
26.433333,-19.129135,-9.420679,0.934273,-0.007257,-0.034581,-2.995221,0.510569
26.450000,-19.137079,-9.423038,0.934835,-0.007411,-0.033894,-2.998485,0.497224
26.466667,-19.145044,-9.425903,0.934575,-0.005188,-0.033657,-3.001811,0.507878
26.483333,-19.153097,-9.428416,0.934738,-0.005128,-0.033745,-3.005179,0.506148
26.500000,-19.160822,-9.431383,0.934648,-0.002992,-0.033942,-3.009009,0.496495
26.516667,-19.167963,-9.434036,0.934980,-0.002290,-0.032483,-3.013129,0.457082
26.533333,-19.175268,-9.436551,0.935553,-0.002799,-0.031354,-3.017816,0.463554
26.550000,-19.182446,-9.439766,0.935498,0.000013,-0.029792,-3.022152,0.471867
26.566667,-19.189659,-9.442719,0.935454,0.002103,-0.029178,-3.026896,0.467668
26.583333,-19.197094,-9.445752,0.935373,0.003781,-0.028741,-3.031528,0.481796
26.600000,-19.205008,-9.447935,0.935585,0.003633,-0.028459,-3.034874,0.492549
26.616667,-19.212807,-9.450372,0.935882,0.004307,-0.027170,-3.038311,0.490255
26.633333,-19.220631,-9.452686,0.936338,0.003681,-0.026305,-3.042583,0.489548
26.650000,-19.228308,-9.455810,0.936028,0.005945,-0.025407,-3.047218,0.497285
26.666667,-19.236300,-9.458382,0.936151,0.006420,-0.025031,-3.051715,0.503729
26.683333,-19.244442,-9.460302,0.936453,0.006199,-0.024392,-3.054763,0.501956
26.700000,-19.252714,-9.461809,0.936840,0.004197,-0.024089,-3.057482,0.504497
26.716667,-19.260523,-9.463733,0.937400,0.003250,-0.022941,-3.061290,0.482527
26.733333,-19.268898,-9.465884,0.937521,0.003951,-0.022199,-3.064011,0.518826
26.750000,-19.276997,-9.468475,0.937356,0.006332,-0.020890,-3.066905,0.510181
26.766667,-19.285088,-9.472153,0.935778,0.013726,-0.020103,-3.068927,0.533247
26.783333,-19.293659,-9.472250,0.937258,0.007167,-0.021130,-3.072031,0.514331
26.800000,-19.301617,-9.475394,0.936391,0.011829,-0.020735,-3.075348,0.513368
26.816667,-19.310068,-9.477996,0.936066,0.014995,-0.020031,-3.077371,0.530570
26.833333,-19.318100,-9.480550,0.935948,0.017545,-0.019369,-3.081004,0.505687
26.850000,-19.326197,-9.482925,0.935603,0.021049,-0.017849,-3.083095,0.506280
26.866667,-19.334686,-9.484995,0.935460,0.023784,-0.016561,-3.084526,0.524292
26.883333,-19.343327,-9.486379,0.935840,0.023231,-0.015914,-3.086329,0.525024
26.900000,-19.351881,-9.487146,0.936463,0.020187,-0.016095,-3.089603,0.515330
26.916667,-19.360361,-9.487873,0.937664,0.016902,-0.016040,-3.093013,0.510669
26.933333,-19.368774,-9.488865,0.938219,0.014896,-0.015665,-3.095610,0.508294
26.950000,-19.377363,-9.490607,0.938007,0.015564,-0.015712,-3.098425,0.525824
26.966667,-19.385826,-9.492183,0.938411,0.015814,-0.014818,-3.100997,0.516498
26.983333,-19.394352,-9.493526,0.938710,0.015180,-0.014553,-3.103963,0.517865
27.000000,-19.402504,-9.495179,0.938572,0.016379,-0.013926,-3.107274,0.499071
27.016667,-19.410406,-9.496833,0.938614,0.017961,-0.012344,-3.110339,0.484399
27.033333,-19.418430,-9.498605,0.938761,0.019472,-0.011279,-3.113728,0.493052
27.050000,-19.426701,-9.501177,0.937836,0.023728,-0.010800,-3.117359,0.519659
27.066667,-19.435196,-9.502172,0.938477,0.022102,-0.010155,-3.120641,0.513209
27.083333,-19.443743,-9.503495,0.938555,0.022892,-0.009054,-3.122619,0.518915
27.100000,-19.452343,-9.504683,0.938808,0.023135,-0.008056,-3.125365,0.520908
27.116667,-19.460957,-9.505892,0.939256,0.023239,-0.006715,-3.127537,0.521883
27.133333,-19.469580,-9.507461,0.939084,0.024144,-0.006137,-3.130537,0.525880
27.150000,-19.478254,-9.508933,0.938890,0.024891,-0.006062,-3.134188,0.527922
27.166667,-19.487114,-9.509669,0.939243,0.024249,-0.005847,-3.136487,0.533410
27.183333,-19.496180,-9.510841,0.939227,0.025740,-0.004954,-3.137109,0.548465
27.200000,-19.504770,-9.511594,0.939955,0.024670,-0.003599,-3.138474,0.517415
27.216667,-19.513247,-9.513275,0.939807,0.026576,-0.002841,-3.140635,0.518484
27.233333,-19.522459,-9.514051,0.939987,0.025531,-0.003566,3.141032,0.554709
27.250000,-19.530945,-9.514398,0.940582,0.023646,-0.003655,3.138854,0.509571
27.266667,-19.539381,-9.515345,0.940484,0.024918,-0.002946,3.137607,0.509351
27.283333,-19.548033,-9.515853,0.940735,0.024898,-0.002168,3.136805,0.519999
27.300000,-19.556429,-9.516930,0.940778,0.025991,-0.000970,3.135478,0.507894
27.316667,-19.564842,-9.518465,0.940577,0.028072,0.000178,3.133462,0.513136
27.333333,-19.574011,-9.519962,0.939944,0.029043,-0.001327,3.130501,0.557405
27.350000,-19.582495,-9.522645,0.938835,0.034314,-0.000594,3.127810,0.533876
27.366667,-19.590933,-9.524444,0.938492,0.036122,0.000011,3.123944,0.517660
27.383333,-19.599455,-9.525408,0.938889,0.035761,0.000655,3.120533,0.514584
27.400000,-19.608521,-9.526449,0.938667,0.035835,0.000029,3.117373,0.547515
27.416667,-19.617527,-9.526996,0.938474,0.036315,0.000243,3.115770,0.541384
27.433333,-19.626575,-9.527887,0.938275,0.036547,-0.000047,3.113840,0.545537
27.450000,-19.635214,-9.529403,0.937803,0.038929,0.000789,3.110990,0.526218
27.466667,-19.643665,-9.530155,0.937863,0.039018,0.002194,3.107774,0.509093
27.483333,-19.652542,-9.530354,0.938016,0.037784,0.002602,3.104700,0.532742
27.500000,-19.661417,-9.531424,0.937451,0.040327,0.003650,3.102679,0.536343
27.516667,-19.670094,-9.532077,0.937675,0.039020,0.004108,3.099500,0.522065
27.533333,-19.678604,-9.533799,0.937250,0.041940,0.005270,3.096918,0.520987
27.550000,-19.687447,-9.534851,0.937074,0.042855,0.005544,3.094075,0.534289
27.566667,-19.696367,-9.534332,0.938310,0.037281,0.005326,3.090932,0.536145
27.583333,-19.705366,-9.535646,0.937323,0.040010,0.005410,3.088677,0.545659
27.600000,-19.714243,-9.536345,0.937027,0.040277,0.005968,3.086095,0.534252
27.616667,-19.722895,-9.537223,0.937025,0.040702,0.004847,3.080781,0.521772
27.633333,-19.731510,-9.536871,0.937654,0.037424,0.004408,3.076395,0.517361
27.650000,-19.739662,-9.536561,0.938399,0.035824,0.005308,3.073722,0.489474
27.666667,-19.748510,-9.536494,0.938267,0.035736,0.005258,3.072117,0.530907
27.683333,-19.757446,-9.536516,0.938175,0.036083,0.005636,3.070347,0.536157
27.700000,-19.766296,-9.536703,0.938494,0.036562,0.006430,3.068317,0.531124
27.716667,-19.775158,-9.536663,0.938759,0.035795,0.006314,3.065674,0.531698
27.733333,-19.784046,-9.536725,0.938761,0.035431,0.005734,3.063000,0.533308
27.750000,-19.792839,-9.536689,0.939097,0.034405,0.005881,3.060961,0.527577
27.766667,-19.801994,-9.537675,0.938480,0.037175,0.005452,3.058921,0.552494
27.783333,-19.810869,-9.537958,0.938781,0.037018,0.005509,3.056636,0.532765
27.800000,-19.819834,-9.538333,0.938772,0.037134,0.004492,3.054150,0.538342
27.816667,-19.828846,-9.538002,0.939155,0.034943,0.003185,3.052296,0.541098
27.833333,-19.837801,-9.538471,0.939230,0.035428,0.003013,3.051072,0.538037
27.850000,-19.847067,-9.539676,0.938611,0.038064,0.001906,3.049585,0.560632
27.866667,-19.856237,-9.540526,0.938570,0.038809,0.000835,3.047798,0.552594
27.883333,-19.864744,-9.540789,0.939143,0.037351,0.000824,3.044965,0.510649
27.900000,-19.873255,-9.540776,0.939334,0.035159,-0.000287,3.041189,0.510636
27.916667,-19.881578,-9.541312,0.939376,0.035701,0.000497,3.038516,0.500454
27.933333,-19.890181,-9.541440,0.939485,0.034697,0.000411,3.035146,0.516185
27.950000,-19.899048,-9.542611,0.938908,0.037762,0.000453,3.032004,0.536656
27.966667,-19.907698,-9.543244,0.938511,0.040054,0.000768,3.029437,0.520378
27.983333,-19.916508,-9.542684,0.938717,0.038978,0.000389,3.027601,0.529672
28.000000,-19.925283,-9.541698,0.939024,0.038058,0.000712,3.026396,0.529850
28.016667,-19.934429,-9.541276,0.938823,0.039164,0.000847,3.026001,0.549329
28.033333,-19.943600,-9.541770,0.938067,0.042790,0.000920,3.024820,0.551030
28.050000,-19.952662,-9.541692,0.937880,0.043882,0.000215,3.023774,0.543729
28.066667,-19.961531,-9.540052,0.938444,0.040696,-0.000853,3.022628,0.541164
28.083333,-19.970093,-9.538865,0.939086,0.038731,-0.000304,3.021742,0.518641
28.100000,-19.978630,-9.538416,0.939254,0.038771,0.000355,3.019752,0.512946
28.116667,-19.987619,-9.539162,0.938269,0.042995,0.000460,3.017581,0.541213
28.133333,-19.996761,-9.539217,0.937711,0.045131,0.000356,3.015813,0.548525
28.150000,-20.005816,-9.537611,0.938201,0.042140,-0.000923,3.013835,0.551731
28.166667,-20.014576,-9.537369,0.937959,0.042857,-0.001051,3.012760,0.525828
28.183333,-20.023409,-9.535685,0.938777,0.038235,-0.001499,3.012069,0.539524
28.200000,-20.032270,-9.535686,0.938734,0.037679,-0.001809,3.009744,0.531693
28.216667,-20.041286,-9.536754,0.938252,0.040601,-0.001782,3.007389,0.544738
28.233333,-20.050524,-9.537516,0.937465,0.042124,-0.003133,3.004186,0.556120
28.250000,-20.059124,-9.537436,0.937466,0.041287,-0.002692,3.001193,0.516036
28.266667,-20.067667,-9.537462,0.937767,0.040080,-0.002529,2.997323,0.512583
28.283333,-20.076448,-9.537330,0.937861,0.040172,-0.002113,2.994594,0.526946
28.300000,-20.084940,-9.537279,0.938412,0.039139,-0.001758,2.990850,0.509500
28.316667,-20.093332,-9.535744,0.939870,0.033522,-0.001410,2.988255,0.511898
28.333333,-20.101475,-9.534751,0.940844,0.030384,-0.000048,2.985911,0.492166
28.350000,-20.109903,-9.533606,0.942035,0.026758,0.000531,2.982835,0.510362
28.366667,-20.118507,-9.533194,0.942693,0.025210,0.000756,2.979551,0.516834
28.383333,-20.127739,-9.533769,0.941900,0.027955,-0.000807,2.976634,0.554968
28.400000,-20.136374,-9.531626,0.943125,0.022203,-0.001747,2.974199,0.533790
28.416667,-20.145487,-9.531406,0.942614,0.024379,-0.001876,2.972952,0.546957
28.433333,-20.154507,-9.531173,0.942435,0.026072,-0.002038,2.970609,0.541373
28.450000,-20.162788,-9.531446,0.942210,0.028492,0.000010,2.967864,0.497172
28.466667,-20.171452,-9.531190,0.941601,0.030560,0.000882,2.964943,0.520017
28.483333,-20.179972,-9.530694,0.941194,0.031213,0.001189,2.961374,0.512073
28.500000,-20.188934,-9.529762,0.940679,0.032495,0.001742,2.959808,0.540656
28.516667,-20.197968,-9.528507,0.940469,0.032701,0.002049,2.958283,0.547198
28.533333,-20.206909,-9.527295,0.940400,0.033677,0.003221,2.957464,0.541406
28.550000,-20.215120,-9.525702,0.939975,0.035920,0.003960,2.959352,0.501850
28.566667,-20.220512,-9.518854,0.939669,0.034103,0.002261,2.972248,0.522979
28.583333,-20.223095,-9.513355,0.939631,0.034018,0.000955,2.981330,0.364508
28.600000,-20.227041,-9.507380,0.939444,0.034223,0.000298,2.993982,0.429671
28.616667,-20.232021,-9.500653,0.939225,0.034150,0.000827,3.009893,0.502153
28.633333,-20.237154,-9.493359,0.939820,0.032994,0.002195,3.026151,0.535166
28.650000,-20.244015,-9.487810,0.938570,0.036263,0.000747,3.041016,0.529414
28.666667,-20.249262,-9.483870,0.937435,0.039358,-0.000799,3.048374,0.393723
28.683333,-20.249615,-9.482539,0.937018,0.040576,-0.001386,3.048516,0.082583
28.700000,-20.249817,-9.481024,0.936921,0.040704,-0.000995,3.048936,0.091729
28.716667,-20.249746,-9.480518,0.936162,0.042682,-0.001143,3.046998,0.030621
28.733333,-20.249226,-9.478803,0.935832,0.043042,-0.000274,3.047589,0.107576
28.750000,-20.249319,-9.477209,0.935601,0.043371,-0.000309,3.049177,0.095780
28.766667,-20.249323,-9.475978,0.935508,0.043560,-0.000441,3.050037,0.073872
28.783333,-20.249481,-9.475109,0.935384,0.043797,-0.000613,3.051372,0.052986
28.800000,-20.249290,-9.474631,0.935305,0.043998,-0.000333,3.050529,0.030867
28.816667,-20.249317,-9.474245,0.935275,0.044095,-0.000466,3.050502,0.023230
28.833333,-20.249418,-9.473969,0.935232,0.044074,-0.000457,3.050553,0.017614
28.850000,-20.249760,-9.474011,0.935304,0.044052,-0.001310,3.051711,0.020639
28.866667,-20.249624,-9.474317,0.935298,0.044024,-0.000814,3.052325,0.020032
28.883333,-20.249249,-9.474854,0.935364,0.043877,-0.000537,3.050291,0.039367
28.900000,-20.249294,-9.474936,0.935318,0.043968,-0.000172,3.049268,0.005636
28.916667,-20.249468,-9.474518,0.935407,0.043880,-0.001443,3.048740,0.027193
28.933333,-20.249634,-9.473110,0.935292,0.044137,-0.002109,3.049575,0.085042
28.950000,-20.249422,-9.471504,0.934985,0.044658,-0.001135,3.051339,0.097193
28.966667,-20.250887,-9.471757,0.935615,0.043818,-0.007105,3.062511,0.089189
28.983333,-20.250570,-9.471825,0.935857,0.043175,-0.008211,3.072762,0.019427
29.000000,-20.250284,-9.471400,0.935684,0.043214,-0.006854,3.085526,0.030709
29.016667,-20.249540,-9.470311,0.935400,0.043017,-0.004283,3.097507,0.079133
29.033333,-20.249182,-9.470004,0.935379,0.043039,-0.004369,3.103865,0.028326
29.050000,-20.248949,-9.469995,0.935441,0.042883,-0.004712,3.106312,0.013971
29.066667,-20.250134,-9.470049,0.935523,0.042815,-0.006124,3.108482,0.071140
29.083333,-20.250074,-9.470068,0.935442,0.042873,-0.005258,3.110543,0.003728
29.100000,-20.250935,-9.470168,0.935522,0.042826,-0.006408,3.111937,0.051961
29.116667,-20.251757,-9.470317,0.935589,0.042826,-0.007444,3.111792,0.050125
29.133333,-20.252085,-9.470785,0.935710,0.042664,-0.008061,3.109868,0.034304
29.150000,-20.251945,-9.471632,0.935687,0.043098,-0.007458,3.107912,0.051494
29.166667,-20.251678,-9.474128,0.936386,0.041306,-0.009778,3.125540,0.150601
29.183333,-20.250227,-9.475101,0.936992,0.039619,-0.011756,3.138051,0.104870
29.200000,-20.248804,-9.476081,0.937765,0.037841,-0.016117,-3.137353,0.103643
29.216667,-20.246202,-9.477282,0.938182,0.036744,-0.016859,-3.129362,0.171919
29.233333,-20.242907,-9.478881,0.938515,0.035505,-0.016062,-3.124562,0.219806
29.250000,-20.238665,-9.480790,0.938745,0.034922,-0.013583,-3.123950,0.279109
29.266667,-20.240231,-9.480070,0.940650,0.031932,-0.033394,-3.140102,0.103412
29.283333,-20.239693,-9.479532,0.942021,0.030566,-0.046658,3.127472,0.045640
29.300000,-20.237236,-9.479056,0.942747,0.030071,-0.053995,3.112339,0.150140
29.316667,-20.232903,-9.478512,0.942912,0.029834,-0.055538,3.097767,0.262055
29.333333,-20.226650,-9.478251,0.942358,0.030649,-0.051167,3.083658,0.375465
29.350000,-20.218493,-9.478305,0.941176,0.032221,-0.040941,3.069907,0.489475
29.366667,-20.208347,-9.478714,0.939600,0.034142,-0.024670,3.056319,0.609206
29.383333,-20.196695,-9.479839,0.937999,0.036591,-0.003678,3.042563,0.702373
29.400000,-20.189610,-9.480142,0.937628,0.036969,0.003090,3.027384,0.425535
29.416667,-20.186804,-9.479205,0.937543,0.037220,0.003420,3.018402,0.177473
29.433333,-20.186516,-9.477053,0.937488,0.037108,0.002884,3.016881,0.130298
29.450000,-20.188421,-9.474097,0.937389,0.037115,0.001858,3.021481,0.210986
29.466667,-20.191847,-9.470185,0.937130,0.037216,0.001579,3.030589,0.311990
29.483333,-20.196362,-9.465361,0.936628,0.037693,0.002723,3.043547,0.396452
29.500000,-20.201639,-9.460165,0.936153,0.038247,0.002844,3.056763,0.444356
29.516667,-20.207264,-9.454803,0.935989,0.037912,0.002244,3.068560,0.466284
29.533333,-20.214319,-9.449657,0.935140,0.039258,0.000656,3.080770,0.523923
29.550000,-20.222727,-9.445252,0.932885,0.044194,-0.002214,3.093671,0.569500
29.566667,-20.231661,-9.439869,0.931719,0.046304,-0.004367,3.107527,0.625840
29.583333,-20.241257,-9.435136,0.929910,0.050652,-0.006911,3.121144,0.641980
29.600000,-20.250933,-9.430040,0.929099,0.051892,-0.009010,3.134657,0.656139
29.616667,-20.253822,-9.427261,0.929513,0.050670,-0.010351,3.135158,0.240546
29.633333,-20.254950,-9.427018,0.928693,0.053142,-0.012066,3.133945,0.069191
29.650000,-20.256041,-9.426366,0.928642,0.053533,-0.013670,3.135897,0.076268
29.666667,-20.257330,-9.425686,0.928674,0.053678,-0.015306,3.138249,0.087461
29.683333,-20.258034,-9.425420,0.928695,0.053856,-0.016467,3.137655,0.045146
29.700000,-20.258915,-9.425209,0.928731,0.053883,-0.017667,3.138632,0.054363
29.716667,-20.259132,-9.425363,0.928768,0.053920,-0.017959,3.139614,0.015971
29.733333,-20.259775,-9.425420,0.928824,0.053970,-0.018881,3.140527,0.038719
29.750000,-20.260302,-9.425762,0.928914,0.053979,-0.019766,-3.141099,0.037678
29.766667,-20.260265,-9.426063,0.928913,0.053931,-0.019313,3.140841,0.018155
29.783333,-20.259773,-9.426717,0.928989,0.053860,-0.018738,3.135049,0.049118
29.800000,-20.259815,-9.427418,0.929171,0.053829,-0.019538,3.127187,0.042132
29.816667,-20.258745,-9.428426,0.929276,0.053378,-0.016765,3.118813,0.088204
29.833333,-20.257814,-9.429667,0.929298,0.053192,-0.015182,3.110124,0.093109
29.850000,-20.255898,-9.431629,0.929504,0.052599,-0.012029,3.098429,0.164566
29.866667,-20.253233,-9.433854,0.929829,0.051237,-0.007774,3.084622,0.208280
29.883333,-20.250639,-9.436450,0.929905,0.050686,-0.003138,3.068921,0.220189
29.900000,-20.249002,-9.436843,0.929915,0.050393,-0.001566,3.065357,0.100981
29.916667,-20.249300,-9.435940,0.929795,0.050697,-0.002039,3.066573,0.057053
29.933333,-20.249508,-9.434438,0.929528,0.051004,-0.001421,3.068427,0.090981
29.950000,-20.249634,-9.433336,0.929360,0.051328,-0.001690,3.069484,0.066520
29.966667,-20.249371,-9.432554,0.929220,0.051584,-0.001555,3.069990,0.049507
29.983333,-20.249376,-9.431748,0.929085,0.051638,-0.001290,3.071358,0.048353
