t,x,y,z,roll,pitch,yaw,v
0.000000,-19.185369,-5.514036,0.401862,-0.059710,0.017528,-0.155036,0.000000
0.016667,-19.183325,-5.514938,0.402222,-0.062205,0.017268,-0.154639,0.134104
0.033333,-19.181152,-5.514603,0.402018,-0.060844,0.018236,-0.156697,0.131895
0.050000,-19.177740,-5.515129,0.402180,-0.062521,0.018885,-0.157762,0.207157
0.066667,-19.174124,-5.515091,0.402034,-0.062515,0.020283,-0.160774,0.216992
0.083333,-19.169537,-5.515152,0.401915,-0.063287,0.021594,-0.164055,0.275254
0.100000,-19.164785,-5.514441,0.401339,-0.061332,0.022751,-0.169696,0.288242
0.116667,-19.157913,-5.514788,0.400775,-0.059745,0.022960,-0.170805,0.412856
0.133333,-19.150440,-5.515954,0.401051,-0.060360,0.023491,-0.171393,0.453808
0.150000,-19.141956,-5.514929,0.399028,-0.051523,0.024296,-0.171396,0.512740
0.166667,-19.132975,-5.514957,0.397577,-0.045877,0.024567,-0.171254,0.538905
0.183333,-19.124857,-5.516738,0.399182,-0.048673,0.026707,-0.172018,0.498639
0.200000,-19.116648,-5.517339,0.399064,-0.047314,0.028612,-0.173895,0.493873
0.216667,-19.108252,-5.517721,0.398414,-0.045830,0.029230,-0.176476,0.504290
0.233333,-19.099499,-5.519055,0.398679,-0.047395,0.029216,-0.177941,0.531235
0.250000,-19.090101,-5.519855,0.397558,-0.046756,0.027837,-0.179825,0.565888
0.266667,-19.081026,-5.522756,0.398807,-0.054574,0.026267,-0.182152,0.571655
0.283333,-19.072250,-5.523321,0.398862,-0.055870,0.025494,-0.184477,0.527633
0.300000,-19.063883,-5.523321,0.399071,-0.056375,0.025860,-0.187278,0.502052
0.316667,-19.055799,-5.522866,0.398874,-0.055933,0.026219,-0.191438,0.485770
0.333333,-19.047192,-5.522918,0.398098,-0.056446,0.025251,-0.195715,0.516481
0.350000,-19.038929,-5.524054,0.398798,-0.061200,0.025171,-0.200235,0.500424
0.366667,-19.030153,-5.524641,0.398471,-0.061627,0.025551,-0.203282,0.527717
0.383333,-19.021011,-5.525768,0.398132,-0.062999,0.026768,-0.204515,0.552669
0.400000,-19.012623,-5.527094,0.398893,-0.065678,0.026206,-0.208991,0.509566
0.416667,-19.003559,-5.528510,0.398380,-0.066263,0.025524,-0.210722,0.550413
0.433333,-18.994646,-5.529591,0.398158,-0.065732,0.025502,-0.212990,0.538705
0.450000,-18.985460,-5.531143,0.397753,-0.066073,0.025207,-0.214491,0.558960
0.466667,-18.975765,-5.532816,0.397684,-0.066273,0.024614,-0.214198,0.590298
0.483333,-18.966753,-5.535037,0.398735,-0.070461,0.024379,-0.215212,0.556913
0.500000,-18.957634,-5.536162,0.398376,-0.071423,0.024043,-0.217131,0.551289
0.516667,-18.948181,-5.537632,0.397705,-0.073141,0.022468,-0.219367,0.573987
0.533333,-18.939274,-5.540412,0.399207,-0.080398,0.021628,-0.222251,0.559863
0.550000,-18.929539,-5.542227,0.398547,-0.082169,0.019763,-0.224111,0.594170
0.566667,-18.921032,-5.543777,0.398724,-0.084572,0.021547,-0.226491,0.518817
0.583333,-18.912922,-5.546080,0.399844,-0.090667,0.023144,-0.230266,0.505828
0.600000,-18.904846,-5.548109,0.401226,-0.096099,0.025624,-0.233974,0.499608
0.616667,-18.897312,-5.550521,0.403124,-0.103755,0.028155,-0.239480,0.474640
0.633333,-18.889357,-5.552041,0.404763,-0.107720,0.031344,-0.243126,0.485964
0.650000,-18.881290,-5.554255,0.406133,-0.114242,0.032457,-0.247555,0.501885
0.666667,-18.874050,-5.554968,0.406689,-0.116508,0.033201,-0.254780,0.436516
0.683333,-18.867128,-5.552663,0.403918,-0.108301,0.036402,-0.262325,0.437720
0.700000,-18.860254,-5.551356,0.403203,-0.103245,0.040865,-0.267970,0.419834
0.716667,-18.852030,-5.553283,0.403603,-0.109164,0.041872,-0.271461,0.506825
0.733333,-18.842554,-5.553016,0.401837,-0.106418,0.039906,-0.275439,0.568768
0.750000,-18.833784,-5.553188,0.400631,-0.102949,0.039052,-0.279475,0.526301
0.766667,-18.825054,-5.553980,0.399809,-0.101025,0.039239,-0.282190,0.525947
0.783333,-18.815557,-5.554639,0.398397,-0.097515,0.038001,-0.283880,0.571172
0.800000,-18.806833,-5.554731,0.397488,-0.093281,0.036453,-0.286101,0.523482
0.816667,-18.798208,-5.555799,0.396958,-0.093111,0.034524,-0.288212,0.521455
0.833333,-18.789534,-5.555816,0.395747,-0.088256,0.033671,-0.290368,0.520478
0.850000,-18.780518,-5.557578,0.395637,-0.088539,0.032327,-0.290797,0.551189
0.866667,-18.771944,-5.558286,0.394650,-0.086141,0.031749,-0.293261,0.516166
0.883333,-18.762524,-5.559668,0.394474,-0.086118,0.029143,-0.293461,0.571273
0.900000,-18.753159,-5.561218,0.394366,-0.087438,0.026182,-0.294421,0.569546
0.916667,-18.743860,-5.562847,0.394589,-0.089272,0.023444,-0.295285,0.566400
0.933333,-18.734848,-5.564022,0.394434,-0.090322,0.020736,-0.297415,0.545309
0.950000,-18.725689,-5.564262,0.392755,-0.087229,0.018979,-0.299135,0.549734
0.966667,-18.717426,-5.564933,0.392618,-0.086420,0.020774,-0.300867,0.497387
0.983333,-18.708410,-5.565713,0.391682,-0.084869,0.021553,-0.301632,0.542986
1.000000,-18.701237,-5.566801,0.392713,-0.089708,0.023927,-0.306607,0.435332
1.016667,-18.693459,-5.566443,0.391852,-0.088925,0.025435,-0.312188,0.467184
1.033333,-18.685581,-5.566693,0.392186,-0.090803,0.027095,-0.316657,0.472879
1.050000,-18.677874,-5.567463,0.393318,-0.094434,0.029982,-0.320925,0.464758
1.066667,-18.668520,-5.568134,0.392665,-0.094769,0.026183,-0.324998,0.562662
1.083333,-18.660044,-5.568872,0.393478,-0.097437,0.024854,-0.329912,0.510500
1.100000,-18.650997,-5.569514,0.393454,-0.098007,0.022163,-0.334681,0.544156
1.116667,-18.642172,-5.570365,0.393806,-0.099038,0.020023,-0.339247,0.531975
1.133333,-18.633942,-5.571182,0.393622,-0.098100,0.018698,-0.343490,0.496241
1.150000,-18.625160,-5.572057,0.391901,-0.095443,0.014764,-0.347862,0.529495
1.166667,-18.617424,-5.573531,0.391767,-0.096314,0.013635,-0.351924,0.472522
1.183333,-18.608845,-5.575125,0.391622,-0.095806,0.011628,-0.354834,0.523565
1.200000,-18.599894,-5.577244,0.391095,-0.096109,0.008274,-0.357483,0.551916
1.216667,-18.591314,-5.578446,0.390457,-0.093248,0.007302,-0.360027,0.519784
1.233333,-18.582752,-5.581366,0.390697,-0.095485,0.005652,-0.361100,0.542772
1.250000,-18.574423,-5.583822,0.390834,-0.095673,0.005804,-0.361887,0.521031
1.266667,-18.566740,-5.587560,0.393152,-0.101154,0.007922,-0.361462,0.512644
1.283333,-18.558126,-5.591510,0.394558,-0.104986,0.008231,-0.360093,0.568569
1.300000,-18.550646,-5.593969,0.395141,-0.105813,0.011103,-0.362013,0.472457
1.316667,-18.542028,-5.596920,0.395549,-0.107057,0.010379,-0.362019,0.546523
1.333333,-18.533394,-5.598915,0.394403,-0.105778,0.007340,-0.363853,0.531724
1.350000,-18.524950,-5.601351,0.393669,-0.106183,0.003723,-0.365877,0.527294
1.366667,-18.516945,-5.603545,0.393749,-0.106450,0.002359,-0.368260,0.498020
1.383333,-18.508221,-5.606209,0.393568,-0.106724,-0.000050,-0.369317,0.547315
1.400000,-18.499311,-5.609029,0.393220,-0.107061,-0.002632,-0.370121,0.560684
1.416667,-18.490425,-5.612595,0.393119,-0.108489,-0.005953,-0.370087,0.574504
1.433333,-18.481083,-5.615257,0.391242,-0.105292,-0.012538,-0.371538,0.582846
1.450000,-18.473423,-5.617781,0.390435,-0.104285,-0.014891,-0.373196,0.483909
1.466667,-18.466570,-5.622185,0.392209,-0.113110,-0.017392,-0.374935,0.488758
1.483333,-18.459728,-5.625398,0.393857,-0.118639,-0.017406,-0.376632,0.453511
1.500000,-18.451559,-5.628085,0.394059,-0.120318,-0.018959,-0.377452,0.515992
1.516667,-18.444065,-5.629766,0.393982,-0.119494,-0.022098,-0.381816,0.460803
1.533333,-18.435368,-5.630355,0.391383,-0.110511,-0.023313,-0.381500,0.523047
1.550000,-18.426920,-5.631595,0.389571,-0.104562,-0.024480,-0.380673,0.512288
1.566667,-18.419640,-5.632446,0.388305,-0.100132,-0.026991,-0.384487,0.439796
1.583333,-18.411606,-5.633728,0.387382,-0.096242,-0.029658,-0.385502,0.488121
1.600000,-18.404289,-5.633722,0.385511,-0.090173,-0.031865,-0.389632,0.438995
1.616667,-18.397036,-5.635177,0.385446,-0.090152,-0.035145,-0.393210,0.443886
1.633333,-18.389393,-5.637042,0.384693,-0.090861,-0.039685,-0.396287,0.472012
1.650000,-18.382351,-5.638407,0.384860,-0.090815,-0.040964,-0.398994,0.430388
1.666667,-18.374943,-5.640941,0.385320,-0.093829,-0.042664,-0.401217,0.469771
1.683333,-18.367216,-5.642467,0.384853,-0.092964,-0.044148,-0.404593,0.472548
1.700000,-18.360418,-5.644696,0.385810,-0.094691,-0.042601,-0.406767,0.429238
1.716667,-18.353092,-5.647708,0.386636,-0.096750,-0.041057,-0.407594,0.475283
1.733333,-18.345680,-5.651284,0.387312,-0.099471,-0.038373,-0.407522,0.493766
1.750000,-18.336872,-5.653993,0.386573,-0.097611,-0.039843,-0.409880,0.552909
1.766667,-18.328753,-5.657809,0.387165,-0.099948,-0.038558,-0.410288,0.538299
1.783333,-18.319565,-5.662312,0.387759,-0.102969,-0.039065,-0.408539,0.613905
1.800000,-18.311897,-5.666763,0.390457,-0.108992,-0.036882,-0.408160,0.531957
1.816667,-18.303040,-5.670078,0.390987,-0.109867,-0.038802,-0.408466,0.567463
1.833333,-18.294781,-5.673200,0.391664,-0.111230,-0.038896,-0.409383,0.529750
1.850000,-18.285820,-5.675668,0.390015,-0.108950,-0.041939,-0.412240,0.557672
1.866667,-18.277473,-5.678331,0.389890,-0.108332,-0.042731,-0.414087,0.525659
1.883333,-18.269491,-5.682160,0.391047,-0.111664,-0.043093,-0.414548,0.531199
1.900000,-18.261326,-5.685920,0.391752,-0.115345,-0.044510,-0.415494,0.539365
1.916667,-18.252439,-5.689275,0.391600,-0.119755,-0.049162,-0.416459,0.569905
1.933333,-18.243460,-5.692034,0.390950,-0.122630,-0.054564,-0.419530,0.563653
1.950000,-18.235071,-5.693367,0.390470,-0.125657,-0.057076,-0.424291,0.509624
1.966667,-18.228531,-5.694043,0.391310,-0.130007,-0.058532,-0.433331,0.394509
1.983333,-18.221195,-5.694044,0.391474,-0.130028,-0.059503,-0.440151,0.440140
2.000000,-18.214245,-5.694062,0.391781,-0.131084,-0.059998,-0.447506,0.417024
2.016667,-18.207701,-5.692680,0.391667,-0.128251,-0.058537,-0.455937,0.401299
2.033333,-18.201708,-5.691224,0.392029,-0.127144,-0.056971,-0.465774,0.370044
2.050000,-18.195551,-5.690983,0.392781,-0.128345,-0.056256,-0.473814,0.369698
2.066667,-18.189434,-5.691662,0.393758,-0.131570,-0.055584,-0.480635,0.369266
2.083333,-18.182846,-5.692154,0.393977,-0.132143,-0.054485,-0.486638,0.396380
2.100000,-18.177059,-5.693337,0.396500,-0.139059,-0.053075,-0.491998,0.354401
2.116667,-18.170969,-5.694665,0.398558,-0.144839,-0.050424,-0.496668,0.373996
2.133333,-18.164438,-5.694323,0.399203,-0.145383,-0.050076,-0.504163,0.392384
2.150000,-18.157965,-5.694633,0.399840,-0.147922,-0.051106,-0.512250,0.388859
2.166667,-18.151369,-5.695425,0.400679,-0.149604,-0.050424,-0.518948,0.398573
2.183333,-18.144510,-5.696285,0.401215,-0.150385,-0.050024,-0.525585,0.414757
2.200000,-18.137070,-5.697089,0.400440,-0.149928,-0.051492,-0.532953,0.449032
2.216667,-18.129337,-5.698463,0.398385,-0.149644,-0.054724,-0.541118,0.471214
2.233333,-18.122255,-5.700912,0.399090,-0.153830,-0.055803,-0.547912,0.449609
2.250000,-18.114588,-5.701269,0.397069,-0.145412,-0.055899,-0.553874,0.460549
2.266667,-18.107174,-5.703328,0.395655,-0.141650,-0.057882,-0.559177,0.461676
2.283333,-18.099817,-5.705838,0.395485,-0.138391,-0.058682,-0.561982,0.466375
2.300000,-18.093021,-5.709257,0.395655,-0.137356,-0.058988,-0.563927,0.456459
2.316667,-18.086756,-5.714255,0.396703,-0.139095,-0.060715,-0.564312,0.480883
2.333333,-18.080570,-5.718288,0.397175,-0.137930,-0.062059,-0.565652,0.443068
2.350000,-18.074999,-5.722445,0.398321,-0.139361,-0.062852,-0.566414,0.417081
2.366667,-18.070032,-5.726080,0.399582,-0.140343,-0.063082,-0.568680,0.369286
2.383333,-18.064507,-5.728688,0.399478,-0.136523,-0.062364,-0.571124,0.366592
2.400000,-18.059151,-5.731192,0.399599,-0.133851,-0.062001,-0.574868,0.354745
2.416667,-18.054001,-5.734324,0.400082,-0.131791,-0.060137,-0.577309,0.361644
2.433333,-18.048897,-5.738158,0.401319,-0.131908,-0.059087,-0.578471,0.383028
2.450000,-18.043089,-5.742229,0.402556,-0.131562,-0.058432,-0.576982,0.425562
2.466667,-18.037184,-5.747194,0.403743,-0.132962,-0.058447,-0.574558,0.462878
2.483333,-18.031528,-5.751726,0.404909,-0.133765,-0.057389,-0.573426,0.434824
2.500000,-18.025276,-5.757178,0.406465,-0.135993,-0.056771,-0.570886,0.497737
2.516667,-18.019148,-5.762121,0.408057,-0.137275,-0.056065,-0.569349,0.472396
2.533333,-18.013189,-5.766215,0.409074,-0.137565,-0.056796,-0.570081,0.433789
2.550000,-18.007675,-5.769773,0.410727,-0.138049,-0.056230,-0.571601,0.393734
2.566667,-18.001638,-5.773088,0.411728,-0.137218,-0.056203,-0.573036,0.413237
2.583333,-17.995901,-5.776440,0.413157,-0.137633,-0.054869,-0.574779,0.398661
2.600000,-17.990013,-5.779702,0.414637,-0.138317,-0.053510,-0.576865,0.403873
2.616667,-17.984360,-5.782480,0.415977,-0.138887,-0.052030,-0.580598,0.377944
2.633333,-17.978809,-5.786354,0.418053,-0.143916,-0.051710,-0.584054,0.406113
2.650000,-17.971821,-5.790224,0.419211,-0.146143,-0.052976,-0.585356,0.479325
2.666667,-17.964422,-5.793493,0.418548,-0.142851,-0.053876,-0.587161,0.485310
2.683333,-17.957291,-5.796605,0.416942,-0.137083,-0.055952,-0.588344,0.466867
2.700000,-17.950996,-5.799980,0.416852,-0.135838,-0.057209,-0.589941,0.428522
2.716667,-17.944969,-5.803743,0.417605,-0.137703,-0.058131,-0.591888,0.426319
2.733333,-17.938292,-5.808436,0.417914,-0.140654,-0.061545,-0.593799,0.489709
2.750000,-17.931694,-5.811940,0.416963,-0.139611,-0.065037,-0.597380,0.448225
2.766667,-17.925253,-5.814477,0.416081,-0.136868,-0.066939,-0.601245,0.415370
2.783333,-17.919949,-5.816886,0.416721,-0.137638,-0.067428,-0.606585,0.349532
2.800000,-17.914230,-5.819045,0.417045,-0.137757,-0.067841,-0.612258,0.366737
2.816667,-17.908615,-5.820011,0.416917,-0.133712,-0.066241,-0.617829,0.341864
2.833333,-17.902884,-5.821177,0.416868,-0.130824,-0.065199,-0.623359,0.350932
2.850000,-17.896639,-5.823052,0.416633,-0.129512,-0.066532,-0.628254,0.391211
2.866667,-17.890175,-5.825002,0.416308,-0.128763,-0.068972,-0.633349,0.405108
2.883333,-17.884007,-5.826997,0.416573,-0.129663,-0.071178,-0.638829,0.388970
2.900000,-17.877548,-5.827687,0.415857,-0.126309,-0.073638,-0.646043,0.389702
2.916667,-17.871317,-5.828898,0.415668,-0.125411,-0.076341,-0.652713,0.380881
2.933333,-17.865707,-5.829541,0.416015,-0.125124,-0.078026,-0.660263,0.338773
2.950000,-17.860369,-5.829317,0.416287,-0.123977,-0.078516,-0.668051,0.320603
2.966667,-17.854706,-5.829247,0.416101,-0.123798,-0.081040,-0.676860,0.339801
2.983333,-17.848913,-5.829035,0.415657,-0.123530,-0.084089,-0.685922,0.347790
3.000000,-17.843685,-5.829132,0.416010,-0.124108,-0.085840,-0.693847,0.313737
3.016667,-17.838421,-5.829056,0.416264,-0.124771,-0.087846,-0.702573,0.315890
3.033333,-17.832796,-5.828326,0.416083,-0.123492,-0.089893,-0.711987,0.340317
3.050000,-17.827663,-5.828699,0.416582,-0.125940,-0.091843,-0.719858,0.308774
3.066667,-17.822481,-5.829031,0.416609,-0.126399,-0.095765,-0.727489,0.311571
3.083333,-17.817381,-5.828272,0.416155,-0.125115,-0.098634,-0.736439,0.309382
3.100000,-17.812454,-5.826492,0.415359,-0.123429,-0.100795,-0.747577,0.314303
3.116667,-17.807434,-5.824362,0.414681,-0.122403,-0.102684,-0.759657,0.327200
3.133333,-17.802183,-5.821845,0.414144,-0.121273,-0.105029,-0.772691,0.349387
3.150000,-17.796852,-5.819480,0.413580,-0.121090,-0.108033,-0.786030,0.349916
3.166667,-17.791302,-5.816576,0.412895,-0.119682,-0.111490,-0.800333,0.375863
3.183333,-17.786127,-5.812969,0.412257,-0.116747,-0.114249,-0.814361,0.378456
3.200000,-17.781569,-5.810313,0.412003,-0.115561,-0.117282,-0.826304,0.316552
3.216667,-17.777260,-5.807350,0.411867,-0.114842,-0.120018,-0.838964,0.313753
3.233333,-17.772465,-5.803689,0.410815,-0.113217,-0.123197,-0.853499,0.361944
3.250000,-17.767025,-5.798904,0.408996,-0.109206,-0.126852,-0.870437,0.434691
3.266667,-17.761593,-5.793109,0.407065,-0.105047,-0.129508,-0.889400,0.476596
3.283333,-17.756065,-5.786211,0.405018,-0.100512,-0.131262,-0.910556,0.530385
3.300000,-17.750095,-5.778628,0.402633,-0.093919,-0.132365,-0.931849,0.579025
3.316667,-17.745386,-5.773895,0.401432,-0.097029,-0.136485,-0.950094,0.400605
3.333333,-17.739267,-5.768381,0.399798,-0.095256,-0.141504,-0.968290,0.494228
3.350000,-17.733076,-5.762164,0.397821,-0.091709,-0.146815,-0.987618,0.526439
3.366667,-17.725304,-5.753687,0.393290,-0.080411,-0.152138,-1.012517,0.690042
3.383333,-17.717911,-5.744924,0.389405,-0.071359,-0.155404,-1.037022,0.687911
3.400000,-17.708803,-5.735906,0.384939,-0.058028,-0.158207,-1.060364,0.768991
3.416667,-17.700294,-5.726062,0.380551,-0.044401,-0.160143,-1.087955,0.780710
3.433333,-17.693438,-5.716051,0.378458,-0.036815,-0.159783,-1.116388,0.728035
3.450000,-17.686779,-5.708523,0.377358,-0.032882,-0.159250,-1.138060,0.603028
3.466667,-17.678522,-5.700950,0.373758,-0.020156,-0.159339,-1.160402,0.672219
3.483333,-17.672855,-5.694631,0.372852,-0.017763,-0.159763,-1.182043,0.509287
3.500000,-17.666658,-5.688303,0.370963,-0.012693,-0.159120,-1.202646,0.531382
3.516667,-17.659735,-5.681797,0.369236,-0.005919,-0.160144,-1.225934,0.570067
3.533333,-17.654009,-5.677838,0.368556,-0.006876,-0.162141,-1.243770,0.417682
3.550000,-17.646538,-5.672909,0.367097,-0.000960,-0.163507,-1.263952,0.537035
3.566667,-17.639603,-5.668926,0.365943,0.003928,-0.164230,-1.281290,0.479851
3.583333,-17.634253,-5.665453,0.365390,0.004072,-0.166618,-1.300840,0.382689
3.600000,-17.626774,-5.660989,0.363803,0.013634,-0.165411,-1.318740,0.522600
3.616667,-17.621428,-5.658744,0.363186,0.014122,-0.167825,-1.334722,0.347899
3.633333,-17.615334,-5.656314,0.362402,0.017023,-0.168945,-1.350996,0.393635
3.650000,-17.608616,-5.653709,0.360758,0.022016,-0.170365,-1.368727,0.432315
3.666667,-17.599962,-5.659930,0.361510,0.022562,-0.180293,-1.360009,0.639455
3.683333,-17.592367,-5.663729,0.361816,0.021884,-0.183581,-1.350355,0.509531
3.700000,-17.585878,-5.665282,0.361426,0.021961,-0.182752,-1.343727,0.400331
3.716667,-17.580811,-5.665220,0.361292,0.020442,-0.178029,-1.338505,0.304092
3.733333,-17.575367,-5.664514,0.361713,0.019612,-0.178647,-1.342367,0.329355
3.750000,-17.569664,-5.663401,0.362022,0.018133,-0.178121,-1.343238,0.348628
3.766667,-17.566111,-5.660675,0.362038,0.018496,-0.181006,-1.349608,0.268718
3.783333,-17.564089,-5.655146,0.362377,0.016517,-0.181515,-1.361522,0.353246
3.800000,-17.560331,-5.648429,0.360954,0.019724,-0.181014,-1.377477,0.461753
3.816667,-17.556499,-5.640862,0.359878,0.022324,-0.178413,-1.394573,0.508936
3.833333,-17.553289,-5.632725,0.359152,0.021965,-0.175715,-1.414373,0.524824
3.850000,-17.551495,-5.623901,0.360358,0.016970,-0.170357,-1.433723,0.540302
3.866667,-17.548586,-5.617852,0.360537,0.016527,-0.169472,-1.450485,0.402729
3.883333,-17.546473,-5.611790,0.361062,0.014571,-0.167337,-1.467220,0.385191
3.900000,-17.543787,-5.606299,0.361479,0.013688,-0.166906,-1.484319,0.366715
3.916667,-17.541725,-5.601937,0.361882,0.012779,-0.166498,-1.497041,0.289491
3.933333,-17.539642,-5.597542,0.362247,0.011964,-0.165973,-1.511812,0.291814
3.950000,-17.537123,-5.592036,0.362645,0.011398,-0.164355,-1.529555,0.363335
3.966667,-17.534950,-5.587531,0.362883,0.010913,-0.162442,-1.544893,0.300071
3.983333,-17.532919,-5.584084,0.363083,0.011196,-0.161256,-1.559506,0.240088
4.000000,-17.531111,-5.581036,0.363203,0.011668,-0.160497,-1.573206,0.212611
4.016667,-17.530420,-5.579971,0.363204,0.011752,-0.160606,-1.575250,0.076167
4.033333,-17.529739,-5.578781,0.363183,0.012384,-0.160412,-1.581374,0.082247
4.050000,-17.531128,-5.579069,0.363114,0.011802,-0.161080,-1.576382,0.085080
4.066667,-17.532795,-5.579700,0.363112,0.010900,-0.161302,-1.570379,0.106954
4.083333,-17.535275,-5.580085,0.362930,0.010089,-0.160682,-1.563164,0.150554
4.100000,-17.537540,-5.581363,0.362786,0.009761,-0.162297,-1.556553,0.156101
4.116667,-17.540255,-5.584236,0.362415,0.009851,-0.163164,-1.544036,0.237136
4.133333,-17.542873,-5.587358,0.362257,0.010073,-0.164204,-1.532973,0.244488
4.150000,-17.545612,-5.591354,0.362147,0.010242,-0.164997,-1.520591,0.290669
4.166667,-17.548609,-5.595791,0.362314,0.008920,-0.166925,-1.510230,0.321264
4.183333,-17.551033,-5.600349,0.362159,0.009686,-0.167203,-1.498370,0.309760
4.200000,-17.553173,-5.605774,0.362067,0.010426,-0.167900,-1.485496,0.349909
4.216667,-17.555708,-5.611565,0.362000,0.011289,-0.168905,-1.473584,0.379247
4.233333,-17.557814,-5.616469,0.362230,0.011243,-0.168520,-1.464506,0.320259
4.250000,-17.559429,-5.621205,0.362166,0.012198,-0.168306,-1.457981,0.300207
4.266667,-17.560415,-5.625484,0.361627,0.015660,-0.168841,-1.449526,0.263449
4.283333,-17.562033,-5.628433,0.361505,0.016838,-0.169624,-1.442336,0.201819
4.300000,-17.563747,-5.631790,0.361552,0.017131,-0.170302,-1.433809,0.226171
4.316667,-17.565308,-5.634959,0.361030,0.019431,-0.171280,-1.428384,0.211964
4.333333,-17.567123,-5.637970,0.360909,0.020357,-0.172051,-1.423152,0.210980
4.350000,-17.569086,-5.640772,0.360994,0.020538,-0.172437,-1.417951,0.205231
4.366667,-17.570927,-5.643687,0.360999,0.021017,-0.173128,-1.411428,0.206843
4.383333,-17.573523,-5.646277,0.361029,0.021351,-0.173597,-1.407015,0.220047
4.400000,-17.576166,-5.649367,0.361219,0.021244,-0.173949,-1.401539,0.243987
4.416667,-17.578609,-5.652914,0.361440,0.021090,-0.174209,-1.394870,0.258411
4.433333,-17.580954,-5.657247,0.361853,0.020600,-0.174978,-1.386934,0.295562
4.450000,-17.583736,-5.662206,0.362330,0.019617,-0.175548,-1.376194,0.341193
4.466667,-17.586267,-5.666677,0.362651,0.019216,-0.175987,-1.366621,0.308253
4.483333,-17.588558,-5.670923,0.362793,0.019330,-0.176326,-1.357502,0.289508
4.500000,-17.591425,-5.675436,0.363438,0.017566,-0.176479,-1.347237,0.320805
4.516667,-17.593740,-5.679381,0.364051,0.016342,-0.176950,-1.339751,0.274454
4.533333,-17.596090,-5.682944,0.364501,0.015288,-0.177424,-1.333291,0.256083
4.550000,-17.598581,-5.686981,0.365278,0.013185,-0.177501,-1.324941,0.284591
4.566667,-17.600760,-5.690831,0.365862,0.011757,-0.177309,-1.317946,0.265407
4.583333,-17.602566,-5.694727,0.366069,0.011334,-0.177856,-1.308929,0.257673
4.600000,-17.604504,-5.698536,0.366461,0.010452,-0.177859,-1.302083,0.256441
4.616667,-17.607174,-5.702765,0.366866,0.009289,-0.178286,-1.292935,0.300069
4.633333,-17.609577,-5.707062,0.367325,0.008307,-0.178774,-1.285065,0.295392
4.650000,-17.611481,-5.711816,0.367194,0.008718,-0.178748,-1.275644,0.307286
4.666667,-17.612978,-5.717490,0.366641,0.010661,-0.179941,-1.265087,0.352059
4.683333,-17.615402,-5.723670,0.367025,0.010065,-0.179954,-1.253414,0.398351
4.700000,-17.618628,-5.728638,0.368318,0.006699,-0.179056,-1.243694,0.355374
4.716667,-17.621700,-5.734007,0.369580,0.003936,-0.178907,-1.233762,0.371176
4.733333,-17.624304,-5.738871,0.370535,0.001992,-0.178948,-1.224595,0.331004
4.750000,-17.626806,-5.744232,0.371708,-0.000447,-0.178491,-1.214705,0.354982
4.766667,-17.628342,-5.749448,0.372458,-0.000493,-0.176995,-1.203000,0.326217
4.783333,-17.629934,-5.754158,0.373242,-0.000935,-0.176110,-1.194618,0.298357
4.800000,-17.631708,-5.758400,0.373928,-0.001316,-0.176035,-1.186325,0.275847
4.816667,-17.633860,-5.762258,0.375095,-0.003087,-0.174514,-1.178941,0.265021
4.833333,-17.635384,-5.767389,0.375939,-0.004088,-0.174267,-1.165911,0.321166
4.850000,-17.637148,-5.772671,0.376852,-0.005639,-0.172131,-1.150419,0.334155
4.866667,-17.639225,-5.777439,0.378013,-0.007364,-0.171543,-1.140290,0.312041
4.883333,-17.641863,-5.781489,0.378980,-0.008870,-0.169927,-1.130307,0.289987
4.900000,-17.644133,-5.786479,0.379783,-0.010510,-0.169965,-1.119967,0.328897
4.916667,-17.647310,-5.790786,0.381669,-0.015323,-0.168128,-1.109820,0.321154
4.933333,-17.649723,-5.794669,0.382763,-0.018036,-0.167049,-1.101033,0.274313
4.950000,-17.651718,-5.798472,0.383752,-0.020423,-0.166549,-1.093013,0.257687
4.966667,-17.653591,-5.801660,0.384566,-0.021941,-0.165845,-1.086760,0.221832
4.983333,-17.655397,-5.804425,0.385279,-0.023446,-0.165220,-1.081606,0.198147
5.000000,-17.656868,-5.807679,0.386173,-0.025441,-0.164688,-1.074509,0.214275
5.016667,-17.658199,-5.810699,0.386988,-0.027151,-0.164290,-1.067955,0.198042
5.033333,-17.659622,-5.812912,0.387734,-0.029043,-0.163818,-1.063922,0.157834
5.050000,-17.660606,-5.814467,0.388014,-0.029358,-0.163089,-1.060749,0.110440
5.066667,-17.661537,-5.816746,0.388607,-0.030997,-0.162762,-1.055802,0.147668
5.083333,-17.662422,-5.818944,0.388986,-0.031223,-0.162680,-1.051612,0.142155
5.100000,-17.663305,-5.820552,0.389279,-0.031763,-0.162302,-1.048598,0.110092
5.116667,-17.664185,-5.822231,0.389650,-0.032873,-0.162607,-1.046142,0.113741
5.133333,-17.664665,-5.822893,0.389713,-0.032900,-0.162237,-1.044946,0.049078
5.150000,-17.665035,-5.824276,0.390063,-0.034035,-0.162040,-1.041632,0.085916
5.166667,-17.665367,-5.825232,0.390234,-0.034535,-0.161833,-1.039429,0.060694
5.183333,-17.665815,-5.826097,0.390406,-0.034913,-0.161918,-1.038194,0.058453
5.200000,-17.665779,-5.827429,0.390734,-0.035710,-0.162262,-1.035000,0.079938
5.216667,-17.665983,-5.827523,0.390676,-0.035723,-0.161684,-1.034456,0.013480
5.233333,-17.665833,-5.828454,0.390895,-0.036373,-0.161689,-1.031612,0.056602
5.250000,-17.665817,-5.829046,0.391004,-0.036726,-0.161546,-1.029847,0.035517
5.266667,-17.665751,-5.830092,0.391233,-0.037403,-0.161489,-1.026823,0.062927
5.283333,-17.665836,-5.830967,0.391405,-0.037919,-0.161323,-1.024471,0.052723
5.300000,-17.666054,-5.831812,0.391586,-0.038391,-0.161292,-1.022668,0.052377
5.316667,-17.666380,-5.832522,0.391727,-0.038720,-0.161272,-1.021514,0.046854
5.333333,-17.666794,-5.832882,0.391786,-0.038880,-0.161167,-1.021182,0.032914
5.350000,-17.666849,-5.833573,0.391927,-0.039253,-0.161124,-1.019520,0.041589
5.366667,-17.667023,-5.834338,0.392075,-0.039651,-0.161064,-1.017819,0.047058
5.383333,-17.667343,-5.834863,0.392181,-0.039908,-0.160969,-1.016964,0.036904
5.400000,-17.667700,-5.834955,0.392199,-0.039935,-0.160959,-1.017368,0.022101
5.416667,-17.667654,-5.835549,0.392336,-0.040257,-0.161046,-1.016019,0.035754
5.433333,-17.667885,-5.836439,0.392492,-0.040758,-0.160796,-1.013737,0.055153
5.450000,-17.668118,-5.837420,0.392727,-0.041319,-0.160909,-1.011834,0.060513
5.466667,-17.668476,-5.838187,0.392867,-0.041639,-0.160912,-1.010611,0.050813
5.483333,-17.669041,-5.838880,0.393015,-0.041948,-0.160927,-1.009963,0.053602
5.500000,-17.669258,-5.840056,0.393251,-0.042670,-0.160635,-1.007086,0.071777
5.516667,-17.669226,-5.840753,0.393407,-0.042992,-0.160869,-1.005521,0.041845
5.533333,-17.669470,-5.842017,0.393622,-0.043660,-0.160217,-1.002032,0.077247
5.550000,-17.669786,-5.843629,0.393889,-0.044316,-0.159889,-0.998295,0.098607
5.566667,-17.670124,-5.844718,0.394076,-0.044734,-0.159656,-0.995975,0.068359
5.583333,-17.670094,-5.846919,0.394582,-0.045703,-0.160351,-0.991376,0.132078
5.600000,-17.670546,-5.847454,0.394599,-0.046011,-0.159206,-0.989485,0.042047
5.616667,-17.671078,-5.847907,0.394657,-0.046052,-0.159147,-0.989382,0.041912
5.633333,-17.671070,-5.849067,0.394954,-0.046442,-0.160112,-0.987462,0.069610
5.650000,-17.671610,-5.848492,0.394752,-0.046200,-0.158969,-0.988756,0.047302
5.666667,-17.671211,-5.849908,0.395115,-0.046771,-0.160267,-0.985425,0.088274
5.683333,-17.671206,-5.850389,0.395191,-0.046848,-0.160167,-0.984950,0.028813
5.700000,-17.671085,-5.851232,0.395344,-0.047230,-0.160031,-0.982533,0.051122
5.716667,-17.671268,-5.850943,0.395232,-0.047428,-0.158686,-0.981913,0.020550
5.733333,-17.671446,-5.850741,0.395183,-0.047307,-0.158628,-0.982663,0.016116
5.750000,-17.671095,-5.851815,0.395467,-0.047531,-0.160042,-0.981190,0.067811
5.766667,-17.671877,-5.850019,0.395040,-0.046721,-0.159022,-0.985704,0.117519
5.783333,-17.672396,-5.849181,0.394872,-0.046337,-0.158878,-0.988467,0.059174
5.800000,-17.672649,-5.847834,0.394610,-0.045717,-0.158907,-0.992250,0.082216
5.816667,-17.672239,-5.847527,0.394659,-0.045377,-0.160628,-0.994118,0.030756
5.833333,-17.672476,-5.845131,0.394137,-0.044157,-0.160192,-1.000070,0.144408
5.850000,-17.672495,-5.843080,0.393772,-0.043399,-0.160233,-1.005276,0.123087
5.866667,-17.672073,-5.841532,0.393540,-0.042698,-0.161089,-1.009402,0.096251
5.883333,-17.671650,-5.840236,0.393260,-0.042150,-0.161003,-1.011637,0.081808
5.900000,-17.671320,-5.838261,0.392841,-0.041110,-0.160976,-1.015999,0.120146
5.916667,-17.671055,-5.835819,0.392308,-0.039759,-0.160821,-1.021559,0.147374
5.933333,-17.670858,-5.833089,0.391759,-0.038374,-0.160763,-1.028242,0.164217
5.950000,-17.670486,-5.830877,0.391268,-0.036867,-0.161234,-1.033949,0.134614
5.966667,-17.670116,-5.828477,0.390795,-0.035479,-0.161710,-1.040429,0.145668
5.983333,-17.669325,-5.827667,0.390737,-0.035179,-0.162992,-1.041560,0.067959
6.000000,-17.668531,-5.826278,0.390467,-0.034320,-0.163170,-1.044879,0.096006
6.016667,-17.667755,-5.825174,0.390245,-0.033760,-0.163247,-1.046432,0.080971
6.033333,-17.667093,-5.823542,0.389878,-0.032908,-0.162975,-1.049176,0.105678
6.050000,-17.666496,-5.822187,0.389649,-0.032260,-0.163330,-1.052050,0.088798
6.066667,-17.665754,-5.821190,0.389467,-0.031967,-0.163400,-1.053323,0.074570
6.083333,-17.665186,-5.819165,0.389011,-0.030859,-0.163499,-1.058013,0.126203
6.100000,-17.664398,-5.817640,0.388704,-0.030270,-0.164152,-1.061397,0.102982
6.116667,-17.663616,-5.815946,0.388402,-0.029942,-0.164398,-1.064656,0.111985
6.133333,-17.662571,-5.814228,0.388008,-0.029129,-0.164695,-1.067768,0.120636
6.150000,-17.661385,-5.811603,0.387347,-0.027826,-0.164060,-1.071824,0.172864
6.166667,-17.659893,-5.809795,0.386875,-0.027059,-0.164632,-1.074645,0.140616
6.183333,-17.658590,-5.807365,0.386274,-0.025721,-0.165266,-1.079810,0.165403
6.200000,-17.657434,-5.804678,0.385774,-0.025606,-0.165990,-1.085842,0.175529
6.216667,-17.655649,-5.802568,0.385099,-0.024032,-0.166256,-1.088819,0.165836
6.233333,-17.653799,-5.799364,0.384292,-0.022462,-0.167048,-1.095496,0.221982
6.250000,-17.651802,-5.796824,0.383601,-0.021163,-0.167502,-1.099397,0.193867
6.266667,-17.649954,-5.793635,0.382809,-0.019507,-0.168070,-1.105885,0.221157
6.283333,-17.648262,-5.790259,0.382154,-0.018810,-0.168806,-1.113261,0.226546
6.300000,-17.646400,-5.786237,0.381275,-0.017024,-0.169577,-1.122804,0.265922
6.316667,-17.644175,-5.782825,0.380552,-0.015870,-0.170335,-1.129741,0.244467
6.333333,-17.641846,-5.779813,0.379898,-0.015259,-0.171314,-1.135457,0.228403
6.350000,-17.639645,-5.776123,0.379136,-0.014024,-0.171808,-1.142927,0.257809
6.366667,-17.637249,-5.772562,0.378449,-0.012981,-0.172401,-1.149758,0.257534
6.383333,-17.634720,-5.769515,0.377650,-0.011684,-0.172983,-1.154799,0.237571
6.400000,-17.632019,-5.766149,0.376587,-0.008771,-0.173298,-1.160803,0.258935
6.416667,-17.629225,-5.763030,0.375756,-0.006588,-0.173958,-1.166407,0.251256
6.433333,-17.626446,-5.760196,0.374836,-0.004073,-0.174710,-1.171289,0.238144
6.450000,-17.625454,-5.757100,0.374825,-0.007275,-0.175536,-1.178991,0.195092
6.466667,-17.622871,-5.754219,0.373938,-0.004886,-0.175889,-1.183699,0.232125
6.483333,-17.621031,-5.750013,0.373686,-0.001472,-0.173559,-1.190546,0.275476
6.500000,-17.619833,-5.747678,0.373691,-0.001083,-0.173119,-1.194945,0.157437
6.516667,-17.618528,-5.746854,0.372897,0.001038,-0.173812,-1.194905,0.092598
6.533333,-17.618193,-5.745918,0.372983,0.000624,-0.173553,-1.196751,0.059664
6.550000,-17.617764,-5.745861,0.372945,0.000621,-0.173690,-1.197214,0.025977
6.566667,-17.618187,-5.745807,0.373061,0.000265,-0.173376,-1.196783,0.025607
6.583333,-17.618708,-5.746959,0.373224,-0.000264,-0.173463,-1.194826,0.075855
6.600000,-17.619579,-5.748425,0.373521,-0.000978,-0.173330,-1.192353,0.102323
6.616667,-17.620234,-5.750731,0.373441,-0.000565,-0.173976,-1.187639,0.143847
6.633333,-17.621902,-5.753797,0.373887,-0.001871,-0.174037,-1.180734,0.209401
6.650000,-17.623287,-5.757270,0.373977,-0.002589,-0.173909,-1.171231,0.224375
6.666667,-17.626930,-5.761491,0.376027,-0.011109,-0.174799,-1.164538,0.334541
6.683333,-17.627644,-5.764102,0.375755,-0.007387,-0.173413,-1.156971,0.162411
6.700000,-17.629669,-5.767098,0.376607,-0.009421,-0.172911,-1.150508,0.216989
6.716667,-17.631702,-5.769903,0.377467,-0.011682,-0.172457,-1.144878,0.207829
6.733333,-17.633358,-5.772323,0.378155,-0.013010,-0.172372,-1.140845,0.175925
6.750000,-17.634958,-5.774538,0.378721,-0.014193,-0.172013,-1.136766,0.163974
6.766667,-17.636274,-5.777152,0.379330,-0.015683,-0.171696,-1.130760,0.175572
6.783333,-17.637781,-5.779432,0.379973,-0.017317,-0.171225,-1.125839,0.163987
6.800000,-17.639048,-5.781126,0.380423,-0.018261,-0.170840,-1.122632,0.126915
6.816667,-17.639891,-5.783281,0.380866,-0.019270,-0.170566,-1.117390,0.138859
6.833333,-17.640951,-5.785010,0.381358,-0.020451,-0.170072,-1.113358,0.121700
6.850000,-17.641758,-5.786200,0.381618,-0.020899,-0.169867,-1.111241,0.086249
6.866667,-17.642405,-5.786942,0.381788,-0.021140,-0.169712,-1.110177,0.059072
6.883333,-17.642912,-5.787807,0.381967,-0.021569,-0.169468,-1.108150,0.060168
6.900000,-17.643263,-5.788883,0.382183,-0.022046,-0.169335,-1.105475,0.067893
6.916667,-17.643654,-5.789531,0.382344,-0.022328,-0.169306,-1.104384,0.045386
6.933333,-17.643806,-5.790328,0.382520,-0.022789,-0.169158,-1.102052,0.048676
6.950000,-17.643921,-5.791276,0.382738,-0.023456,-0.168897,-1.098885,0.057290
6.966667,-17.643946,-5.792239,0.382964,-0.024127,-0.168726,-1.095663,0.057812
6.983333,-17.643904,-5.793046,0.383150,-0.024725,-0.168489,-1.092738,0.048531
7.000000,-17.643791,-5.793866,0.383345,-0.025317,-0.168410,-1.089769,0.049642
7.016667,-17.643505,-5.794512,0.383503,-0.025712,-0.168607,-1.087598,0.042371
7.033333,-17.643251,-5.794749,0.383543,-0.026015,-0.168441,-1.085941,0.020849
7.050000,-17.642979,-5.794562,0.383521,-0.026036,-0.168523,-1.085992,0.019839
7.066667,-17.642700,-5.793664,0.383286,-0.025474,-0.168734,-1.088401,0.056459
7.083333,-17.642269,-5.792307,0.382952,-0.024717,-0.168955,-1.091842,0.085406
7.100000,-17.641708,-5.791583,0.382869,-0.024753,-0.168961,-1.092657,0.054961
7.116667,-17.641058,-5.790530,0.382542,-0.023959,-0.169452,-1.095170,0.074229
7.133333,-17.640364,-5.789051,0.382201,-0.023271,-0.169647,-1.098374,0.098039
7.150000,-17.639563,-5.787686,0.381945,-0.022944,-0.169622,-1.100598,0.094947
7.166667,-17.638786,-5.785923,0.381519,-0.021951,-0.169957,-1.104843,0.115599
7.183333,-17.637850,-5.783932,0.381072,-0.020960,-0.170264,-1.109293,0.132004
7.200000,-17.636745,-5.782415,0.380656,-0.020092,-0.170561,-1.112108,0.112575
7.216667,-17.635637,-5.781483,0.380410,-0.019886,-0.171058,-1.113186,0.086888
7.233333,-17.634605,-5.779993,0.380112,-0.019607,-0.171226,-1.115604,0.108751
7.250000,-17.633644,-5.778378,0.379745,-0.018831,-0.171963,-1.119585,0.112745
7.266667,-17.632311,-5.775952,0.379196,-0.017890,-0.172261,-1.124610,0.166126
7.283333,-17.630301,-5.772312,0.377919,-0.013571,-0.172273,-1.132712,0.249505
7.300000,-17.628353,-5.768645,0.376959,-0.010818,-0.172818,-1.141639,0.249089
7.316667,-17.626284,-5.764344,0.375738,-0.007239,-0.173292,-1.152683,0.286383
7.333333,-17.624496,-5.759616,0.374784,-0.004278,-0.173805,-1.165949,0.303261
7.350000,-17.622807,-5.754863,0.374219,-0.002710,-0.173517,-1.177795,0.302702
7.366667,-17.621403,-5.751050,0.373910,-0.001713,-0.173100,-1.186717,0.243807
7.383333,-17.620382,-5.747366,0.373626,-0.000758,-0.173290,-1.195486,0.229310
7.400000,-17.618982,-5.742264,0.372991,0.000587,-0.172867,-1.205568,0.317472
7.416667,-17.617207,-5.737641,0.371916,0.003545,-0.173418,-1.214657,0.297108
7.433333,-17.616711,-5.734422,0.371296,0.001412,-0.175409,-1.222457,0.195454
7.450000,-17.615437,-5.731135,0.370933,0.002199,-0.175431,-1.228862,0.211482
7.466667,-17.614290,-5.728711,0.370639,0.003065,-0.175912,-1.233607,0.160922
7.483333,-17.612267,-5.724843,0.369718,0.008030,-0.174029,-1.240414,0.261905
7.500000,-17.611956,-5.723547,0.369657,0.006208,-0.175673,-1.243360,0.079969
7.516667,-17.611485,-5.719232,0.369129,0.007177,-0.175394,-1.251543,0.260461
7.533333,-17.611078,-5.715860,0.368889,0.007067,-0.175816,-1.258332,0.203738
7.550000,-17.610498,-5.712976,0.368578,0.007573,-0.175634,-1.263667,0.176525
7.566667,-17.609686,-5.710605,0.368284,0.008374,-0.175875,-1.268718,0.150399
7.583333,-17.608723,-5.709176,0.368153,0.008613,-0.175675,-1.271107,0.103403
7.600000,-17.607916,-5.708026,0.368030,0.009099,-0.175549,-1.274523,0.084271
7.616667,-17.606907,-5.707168,0.367990,0.009599,-0.175540,-1.278572,0.079480
7.633333,-17.606239,-5.707136,0.368069,0.009295,-0.175131,-1.278079,0.040099
7.650000,-17.604979,-5.706762,0.367747,0.012106,-0.174080,-1.277770,0.078901
7.666667,-17.604984,-5.706651,0.367678,0.012592,-0.174820,-1.277757,0.006704
7.683333,-17.604784,-5.706584,0.367666,0.012482,-0.174442,-1.277703,0.012666
7.700000,-17.604647,-5.706844,0.367718,0.012291,-0.174274,-1.276313,0.017636
7.716667,-17.604548,-5.706978,0.367725,0.012258,-0.174346,-1.275976,0.010002
7.733333,-17.604496,-5.706946,0.367728,0.012331,-0.174627,-1.276227,0.003636
7.750000,-17.604572,-5.707495,0.367787,0.012523,-0.174976,-1.275295,0.033275
7.766667,-17.606577,-5.708584,0.369006,0.009094,-0.174806,-1.274169,0.136882
7.783333,-17.607019,-5.709376,0.367727,0.010849,-0.176102,-1.274581,0.054410
7.800000,-17.608236,-5.710627,0.367767,0.010558,-0.175901,-1.272324,0.104723
7.816667,-17.609512,-5.712162,0.367974,0.009995,-0.175768,-1.269707,0.119742
7.833333,-17.610321,-5.714257,0.368224,0.009353,-0.175660,-1.265671,0.134753
7.850000,-17.611111,-5.716579,0.368400,0.009255,-0.176241,-1.261445,0.147167
7.866667,-17.612329,-5.719759,0.368511,0.009014,-0.176468,-1.253457,0.204335
7.883333,-17.613363,-5.721737,0.368819,0.007772,-0.175859,-1.250159,0.133933
7.900000,-17.614229,-5.724186,0.369050,0.007671,-0.176407,-1.246483,0.155857
7.916667,-17.615358,-5.726057,0.369506,0.008343,-0.174693,-1.242675,0.131076
7.933333,-17.617094,-5.729067,0.369955,0.007319,-0.174419,-1.237364,0.208489
7.950000,-17.618950,-5.732767,0.370448,0.006028,-0.174862,-1.229791,0.248374
7.966667,-17.621462,-5.737149,0.371424,0.003468,-0.174431,-1.221290,0.303038
7.983333,-17.623087,-5.742224,0.371730,0.003151,-0.175519,-1.212482,0.319756
8.000000,-17.625845,-5.748065,0.372840,0.000386,-0.174984,-1.201440,0.387527
8.016667,-17.628929,-5.754239,0.374246,-0.004973,-0.176352,-1.191947,0.414119
8.033333,-17.632269,-5.759896,0.375653,-0.008229,-0.177212,-1.181557,0.394168
8.050000,-17.634809,-5.765060,0.376484,-0.008014,-0.175099,-1.169123,0.345290
8.066667,-17.638498,-5.770819,0.378288,-0.012270,-0.173089,-1.156148,0.410335
8.083333,-17.640539,-5.775693,0.378973,-0.012243,-0.171402,-1.146202,0.317081
8.100000,-17.643347,-5.780692,0.380530,-0.015595,-0.171137,-1.136328,0.343992
8.116667,-17.646696,-5.785080,0.381911,-0.018549,-0.169531,-1.126286,0.331204
8.133333,-17.649052,-5.790051,0.382306,-0.019234,-0.168901,-1.114625,0.330054
8.150000,-17.651327,-5.794772,0.383421,-0.021608,-0.168012,-1.104615,0.314455
8.166667,-17.653818,-5.798568,0.384563,-0.024110,-0.167101,-1.097168,0.272402
8.183333,-17.656134,-5.801918,0.385673,-0.026244,-0.166265,-1.090710,0.244331
8.200000,-17.658516,-5.805283,0.386774,-0.028501,-0.165279,-1.084099,0.247401
8.216667,-17.660204,-5.808519,0.387405,-0.029605,-0.164763,-1.078281,0.218978
8.233333,-17.662359,-5.811893,0.388540,-0.032149,-0.163638,-1.071128,0.240200
8.250000,-17.664026,-5.815447,0.389166,-0.033309,-0.163331,-1.064510,0.235551
8.266667,-17.665321,-5.819897,0.390154,-0.035073,-0.163370,-1.054851,0.278096
8.283333,-17.666565,-5.823225,0.390321,-0.035327,-0.162104,-1.046789,0.213130
8.300000,-17.667770,-5.826192,0.390617,-0.035727,-0.161798,-1.041389,0.192198
8.316667,-17.669189,-5.829400,0.391170,-0.036956,-0.161255,-1.034833,0.210428
8.333333,-17.670517,-5.832963,0.391813,-0.038605,-0.161085,-1.028190,0.228132
8.350000,-17.671898,-5.836374,0.392447,-0.040213,-0.160655,-1.021450,0.220838
8.366667,-17.672876,-5.839696,0.393060,-0.041510,-0.160913,-1.014886,0.207766
8.383333,-17.673672,-5.842890,0.393617,-0.042604,-0.160720,-1.008607,0.197484
8.400000,-17.674452,-5.846155,0.394253,-0.043875,-0.160457,-1.001595,0.201436
8.416667,-17.675440,-5.849447,0.394818,-0.045252,-0.159982,-0.994568,0.206229
8.433333,-17.676323,-5.852597,0.395363,-0.046411,-0.159508,-0.988371,0.196259
8.450000,-17.677197,-5.855726,0.395901,-0.047502,-0.159148,-0.982074,0.194947
8.466667,-17.678104,-5.858775,0.396425,-0.048681,-0.158508,-0.975620,0.190845
8.483333,-17.680016,-5.860958,0.398035,-0.052502,-0.157424,-0.972193,0.174081
8.500000,-17.680092,-5.862436,0.397006,-0.049684,-0.158171,-0.970387,0.088838
8.516667,-17.681961,-5.863764,0.398859,-0.054185,-0.156710,-0.968028,0.137575
8.533333,-17.681356,-5.865488,0.397547,-0.050524,-0.158024,-0.965702,0.109604
8.550000,-17.683708,-5.866496,0.399833,-0.056292,-0.155909,-0.963983,0.153522
8.566667,-17.682440,-5.868637,0.398271,-0.052071,-0.157591,-0.959801,0.149311
8.583333,-17.684429,-5.869906,0.400612,-0.057832,-0.155614,-0.957121,0.141590
8.600000,-17.684299,-5.870949,0.400423,-0.057246,-0.156001,-0.955218,0.063053
8.616667,-17.684603,-5.871007,0.400902,-0.058541,-0.155451,-0.954730,0.018528
8.633333,-17.683939,-5.870773,0.400603,-0.057871,-0.155736,-0.954571,0.042230
8.650000,-17.683208,-5.869605,0.400062,-0.056655,-0.156157,-0.956501,0.082695
8.666667,-17.682051,-5.868321,0.399500,-0.055488,-0.156455,-0.957894,0.103696
8.683333,-17.680658,-5.866238,0.398576,-0.053114,-0.157987,-0.962245,0.150369
8.700000,-17.679449,-5.862390,0.397226,-0.050380,-0.157756,-0.968941,0.241989
8.716667,-17.678556,-5.859434,0.397146,-0.050558,-0.157652,-0.973827,0.185265
8.733333,-17.677456,-5.856642,0.396786,-0.049892,-0.158192,-0.978914,0.180058
8.750000,-17.676270,-5.853917,0.396393,-0.049325,-0.158142,-0.982969,0.178356
8.766667,-17.675175,-5.850935,0.396084,-0.048654,-0.158765,-0.988716,0.190579
8.783333,-17.673840,-5.848197,0.395720,-0.048131,-0.158817,-0.992960,0.182745
8.800000,-17.672403,-5.846160,0.395519,-0.047802,-0.159507,-0.995871,0.149547
8.816667,-17.671350,-5.843570,0.395160,-0.047222,-0.159597,-1.000160,0.167759
8.833333,-17.670097,-5.841700,0.394946,-0.047036,-0.159584,-1.002103,0.135071
8.850000,-17.669048,-5.839282,0.394574,-0.046059,-0.159695,-1.006423,0.158148
8.866667,-17.668381,-5.836241,0.394337,-0.045817,-0.159065,-1.011698,0.186792
8.883333,-17.667412,-5.834094,0.394091,-0.045169,-0.159334,-1.015452,0.141368
8.900000,-17.666533,-5.832273,0.393843,-0.044605,-0.159323,-1.018309,0.121281
8.916667,-17.665510,-5.831330,0.393676,-0.044327,-0.159453,-1.018835,0.083477
8.933333,-17.664848,-5.829926,0.393505,-0.043805,-0.159559,-1.021245,0.093120
8.950000,-17.664101,-5.829147,0.393471,-0.043742,-0.159435,-1.021526,0.064771
8.966667,-17.663483,-5.828288,0.393225,-0.043322,-0.159521,-1.022652,0.063505
8.983333,-17.663216,-5.827043,0.393107,-0.043131,-0.159641,-1.025362,0.076428
9.000000,-17.662928,-5.825445,0.392930,-0.042670,-0.159634,-1.028802,0.097418
9.016667,-17.662350,-5.824787,0.392898,-0.042941,-0.159890,-1.029526,0.052526
9.033333,-17.661434,-5.825047,0.392879,-0.043086,-0.159954,-1.027164,0.057094
9.050000,-17.660952,-5.824592,0.392809,-0.042954,-0.159892,-1.027230,0.039790
9.066667,-17.660641,-5.824208,0.392781,-0.043080,-0.160053,-1.027650,0.029616
9.083333,-17.660458,-5.823046,0.392608,-0.042383,-0.160129,-1.030548,0.070612
9.100000,-17.660105,-5.822461,0.392564,-0.042555,-0.160341,-1.031779,0.040995
9.116667,-17.659830,-5.822134,0.392524,-0.042708,-0.159875,-1.031192,0.025584
9.133333,-17.659288,-5.822807,0.392580,-0.042940,-0.160136,-1.028736,0.051804
9.150000,-17.659153,-5.822366,0.392516,-0.042816,-0.160015,-1.029360,0.027684
9.166667,-17.658932,-5.822164,0.392483,-0.042688,-0.159991,-1.029598,0.017964
9.183333,-17.658777,-5.821958,0.392452,-0.042694,-0.160157,-1.030075,0.015472
9.200000,-17.658777,-5.821445,0.392422,-0.042370,-0.160170,-1.031391,0.030756
9.216667,-17.658777,-5.820708,0.392311,-0.042499,-0.160092,-1.033086,0.044231
9.233333,-17.658531,-5.820107,0.392284,-0.042401,-0.160137,-1.034233,0.038955
9.250000,-17.658098,-5.819717,0.392153,-0.042058,-0.160034,-1.034246,0.034946
9.266667,-17.657671,-5.819591,0.392158,-0.042284,-0.160264,-1.034026,0.026732
9.283333,-17.657495,-5.818900,0.392060,-0.042149,-0.160185,-1.035264,0.042800
9.300000,-17.657064,-5.818658,0.392036,-0.042220,-0.160361,-1.035296,0.029654
9.316667,-17.656851,-5.817894,0.391898,-0.041905,-0.160241,-1.036661,0.047564
9.333333,-17.656376,-5.817677,0.391875,-0.042001,-0.160432,-1.036550,0.031340
9.350000,-17.656183,-5.817114,0.391787,-0.041750,-0.160359,-1.037491,0.035684
9.366667,-17.656086,-5.816586,0.391695,-0.041358,-0.160321,-1.038698,0.032233
9.383333,-17.656118,-5.816017,0.391658,-0.041464,-0.160389,-1.040222,0.034216
9.400000,-17.655792,-5.816149,0.391627,-0.041264,-0.160325,-1.039204,0.021124
9.416667,-17.655451,-5.816428,0.391637,-0.041412,-0.160399,-1.037899,0.026453
9.433333,-17.655355,-5.816232,0.391625,-0.041395,-0.160427,-1.038258,0.013103
9.450000,-17.655041,-5.815554,0.391537,-0.041339,-0.160565,-1.039538,0.044852
9.466667,-17.654886,-5.814963,0.391466,-0.041290,-0.160712,-1.040902,0.036612
9.483333,-17.654341,-5.814523,0.391322,-0.040805,-0.160777,-1.041301,0.042073
9.500000,-17.654182,-5.814023,0.391235,-0.040653,-0.160578,-1.041869,0.031425
9.516667,-17.653814,-5.813915,0.391173,-0.040420,-0.160443,-1.041244,0.023022
9.533333,-17.653704,-5.813873,0.391207,-0.040819,-0.160570,-1.041132,0.007099
9.550000,-17.653582,-5.813264,0.391107,-0.040389,-0.160682,-1.042835,0.037290
9.566667,-17.653563,-5.812419,0.390990,-0.040236,-0.160627,-1.044886,0.050682
9.583333,-17.653605,-5.811280,0.390872,-0.040076,-0.160834,-1.048174,0.068425
9.600000,-17.653587,-5.809677,0.390639,-0.039463,-0.160789,-1.052372,0.096164
9.616667,-17.653606,-5.808121,0.390401,-0.038914,-0.160753,-1.056478,0.093362
9.633333,-17.653465,-5.806196,0.390092,-0.037962,-0.160896,-1.061699,0.115838
9.650000,-17.653334,-5.804677,0.389923,-0.037759,-0.161539,-1.066226,0.091465
9.666667,-17.652859,-5.801596,0.389337,-0.036083,-0.161528,-1.073730,0.187034
9.683333,-17.652020,-5.798984,0.388841,-0.035191,-0.162035,-1.080496,0.164617
9.700000,-17.650726,-5.796931,0.388304,-0.034232,-0.162106,-1.083688,0.145569
9.716667,-17.649744,-5.794705,0.387995,-0.033338,-0.161920,-1.087431,0.145979
9.733333,-17.648487,-5.793391,0.387787,-0.032933,-0.161882,-1.088810,0.109110
9.750000,-17.647709,-5.791894,0.387634,-0.032727,-0.162725,-1.092493,0.101220
9.766667,-17.646608,-5.789515,0.387146,-0.031522,-0.162176,-1.096434,0.157270
9.783333,-17.645575,-5.788074,0.386979,-0.031727,-0.162363,-1.098385,0.106431
9.800000,-17.644741,-5.786215,0.386699,-0.031028,-0.162848,-1.102748,0.122249
9.816667,-17.643808,-5.784008,0.386329,-0.030208,-0.162801,-1.107229,0.143775
9.833333,-17.642954,-5.782592,0.386106,-0.029850,-0.162753,-1.109440,0.099217
9.850000,-17.642351,-5.781178,0.385909,-0.029404,-0.163026,-1.112666,0.092190
9.866667,-17.641565,-5.779704,0.385669,-0.029051,-0.163091,-1.115524,0.100269
9.883333,-17.640871,-5.777955,0.385411,-0.028421,-0.163470,-1.119979,0.112881
9.900000,-17.640152,-5.775639,0.385073,-0.027890,-0.163688,-1.125853,0.145531
9.916667,-17.639296,-5.773571,0.384802,-0.027518,-0.164113,-1.130966,0.134248
9.933333,-17.638186,-5.772190,0.384631,-0.027550,-0.164541,-1.133429,0.106352
9.950000,-17.637365,-5.770894,0.384423,-0.027460,-0.164508,-1.135104,0.092025
9.966667,-17.636547,-5.769172,0.384182,-0.027277,-0.164810,-1.138753,0.114358
9.983333,-17.635431,-5.767802,0.383976,-0.027055,-0.164928,-1.140994,0.106034
10.000000,-17.634439,-5.766302,0.383763,-0.026952,-0.165128,-1.143587,0.107878
10.016667,-17.633532,-5.764601,0.383545,-0.026981,-0.165574,-1.147319,0.115707
10.033333,-17.632296,-5.763012,0.383294,-0.026663,-0.165797,-1.150044,0.120777
10.050000,-17.631243,-5.761495,0.383143,-0.027141,-0.166314,-1.153028,0.110785
10.066667,-17.630117,-5.759031,0.382722,-0.026302,-0.166409,-1.158532,0.162545
10.083333,-17.628933,-5.756352,0.382360,-0.026060,-0.167252,-1.165841,0.175743
10.100000,-17.627632,-5.753809,0.381947,-0.025417,-0.167903,-1.171911,0.171382
10.116667,-17.626621,-5.750865,0.381560,-0.025344,-0.167714,-1.178802,0.186736
10.133333,-17.624987,-5.748090,0.381082,-0.024674,-0.168387,-1.185549,0.193273
10.150000,-17.623129,-5.745133,0.380504,-0.023833,-0.169052,-1.193007,0.209522
10.166667,-17.621174,-5.741419,0.379729,-0.022666,-0.169662,-1.202676,0.251833
10.183333,-17.619486,-5.737980,0.379019,-0.021976,-0.170430,-1.209525,0.229828
10.200000,-17.618017,-5.733590,0.378083,-0.020762,-0.171339,-1.218285,0.277790
10.216667,-17.616463,-5.728343,0.376849,-0.018894,-0.172425,-1.229290,0.328352
10.233333,-17.614452,-5.723465,0.375610,-0.016189,-0.173597,-1.239838,0.316511
10.250000,-17.612762,-5.719311,0.374526,-0.013767,-0.174241,-1.247871,0.269087
10.266667,-17.610733,-5.715202,0.373473,-0.011159,-0.174978,-1.256955,0.274965
10.283333,-17.608585,-5.711801,0.372584,-0.009206,-0.175646,-1.263334,0.241379
10.300000,-17.606524,-5.708465,0.371762,-0.007297,-0.176507,-1.270033,0.235278
10.316667,-17.604839,-5.705652,0.371046,-0.005623,-0.177248,-1.275585,0.196711
10.333333,-17.603157,-5.700958,0.369881,-0.002958,-0.177658,-1.284731,0.299180
10.350000,-17.601404,-5.696931,0.368881,-0.000680,-0.177954,-1.292462,0.263511
10.366667,-17.599207,-5.692956,0.367906,0.002098,-0.178683,-1.302189,0.272533
10.383333,-17.597252,-5.689755,0.366748,0.004812,-0.178996,-1.308716,0.225024
10.400000,-17.595085,-5.686797,0.366013,0.006849,-0.178882,-1.315236,0.220038
10.416667,-17.592844,-5.685102,0.365554,0.008255,-0.178994,-1.318971,0.168567
10.433333,-17.591188,-5.683266,0.365111,0.009436,-0.179474,-1.322084,0.148367
10.450000,-17.589403,-5.681157,0.364574,0.010864,-0.179550,-1.326388,0.165792
10.466667,-17.588221,-5.678809,0.364199,0.011794,-0.179542,-1.331092,0.157736
10.483333,-17.586897,-5.677000,0.363988,0.012133,-0.179309,-1.333620,0.134477
10.500000,-17.586349,-5.675889,0.363881,0.012300,-0.180849,-1.333724,0.074340
10.516667,-17.586609,-5.675114,0.363712,0.011607,-0.180238,-1.330585,0.049000
10.533333,-17.587017,-5.674956,0.363662,0.010568,-0.179963,-1.325838,0.026268
10.550000,-17.587082,-5.674672,0.363612,0.010221,-0.180113,-1.323652,0.017462
10.566667,-17.586906,-5.674543,0.363600,0.010036,-0.180132,-1.322506,0.013058
10.583333,-17.586561,-5.674404,0.363595,0.010130,-0.180084,-1.323158,0.022346
10.600000,-17.585972,-5.674146,0.363580,0.010598,-0.179900,-1.325870,0.038601
10.616667,-17.585297,-5.674833,0.363741,0.010693,-0.179890,-1.326684,0.057801
10.633333,-17.584637,-5.675886,0.363967,0.010759,-0.179793,-1.326961,0.074580
10.650000,-17.584064,-5.676863,0.364146,0.010975,-0.179486,-1.328135,0.067911
10.666667,-17.584318,-5.677783,0.364289,0.010690,-0.179544,-1.326510,0.057250
10.683333,-17.584692,-5.680096,0.364663,0.009596,-0.179532,-1.320207,0.140617
10.700000,-17.585253,-5.680957,0.364782,0.009339,-0.179678,-1.318427,0.061659
10.716667,-17.585630,-5.681643,0.364880,0.009237,-0.179594,-1.317561,0.046994
10.733333,-17.586231,-5.682017,0.364903,0.009170,-0.179762,-1.317090,0.042458
10.750000,-17.586880,-5.683051,0.365060,0.008807,-0.179795,-1.315230,0.073197
10.766667,-17.587595,-5.684273,0.365219,0.008401,-0.179675,-1.312712,0.084963
10.783333,-17.588438,-5.685822,0.365449,0.007788,-0.179830,-1.309686,0.105801
10.800000,-17.589514,-5.687113,0.365899,0.006622,-0.179558,-1.307054,0.100840
10.816667,-17.590322,-5.687933,0.366128,0.006280,-0.179270,-1.306893,0.069129
10.833333,-17.591543,-5.688804,0.366354,0.005614,-0.179350,-1.305183,0.089965
10.850000,-17.592798,-5.689594,0.366622,0.004948,-0.179162,-1.304278,0.088982
10.866667,-17.593813,-5.690612,0.366935,0.004304,-0.178922,-1.303261,0.086243
10.883333,-17.594782,-5.691995,0.367360,0.003124,-0.178778,-1.300076,0.101310
10.900000,-17.595707,-5.693703,0.367840,0.001927,-0.178532,-1.296683,0.116522
10.916667,-17.596621,-5.695249,0.368079,0.001290,-0.178410,-1.293327,0.107742
10.933333,-17.597630,-5.696904,0.368516,0.000262,-0.178190,-1.290241,0.116329
10.950000,-17.598572,-5.698465,0.368850,-0.000573,-0.178035,-1.287083,0.109408
10.966667,-17.599617,-5.699881,0.369048,-0.000945,-0.177920,-1.284751,0.105563
10.983333,-17.600927,-5.701569,0.369844,-0.003023,-0.177373,-1.281258,0.128237
11.000000,-17.602020,-5.703625,0.370384,-0.004244,-0.177174,-1.277389,0.139687
11.016667,-17.603189,-5.705024,0.370748,-0.005097,-0.176866,-1.274535,0.109397
11.033333,-17.604630,-5.707627,0.371438,-0.006994,-0.176414,-1.268216,0.178490
11.050000,-17.606756,-5.709666,0.372015,-0.007895,-0.176696,-1.265878,0.176793
11.066667,-17.609697,-5.717013,0.374204,-0.013627,-0.182066,-1.239809,0.474836
11.083333,-17.613483,-5.722186,0.375752,-0.019364,-0.182854,-1.215449,0.384593
11.100000,-17.617815,-5.724945,0.376702,-0.025676,-0.177637,-1.192093,0.308137
11.116667,-17.620083,-5.726595,0.376959,-0.027069,-0.178410,-1.181885,0.168303
11.133333,-17.621962,-5.726529,0.376969,-0.028280,-0.177476,-1.175989,0.112794
11.150000,-17.623447,-5.724778,0.376361,-0.027935,-0.174598,-1.173945,0.137806
11.166667,-17.624506,-5.725258,0.376599,-0.029367,-0.174409,-1.168300,0.069744
11.183333,-17.625055,-5.725653,0.376664,-0.029941,-0.174319,-1.163892,0.040589
11.200000,-17.625648,-5.725649,0.376744,-0.030840,-0.174535,-1.162349,0.035592
11.216667,-17.625702,-5.725983,0.376798,-0.031285,-0.174226,-1.158564,0.020254
11.233333,-17.625387,-5.725374,0.376675,-0.031037,-0.174413,-1.160088,0.041126
11.250000,-17.624762,-5.724612,0.376493,-0.030218,-0.174468,-1.163873,0.059132
11.266667,-17.623602,-5.724845,0.376549,-0.030049,-0.174520,-1.165513,0.070973
11.283333,-17.622183,-5.726118,0.376817,-0.030373,-0.174344,-1.165229,0.114351
11.300000,-17.620573,-5.726912,0.376956,-0.030033,-0.174404,-1.167953,0.107696
11.316667,-17.618662,-5.727612,0.377038,-0.029494,-0.174545,-1.172184,0.122139
11.333333,-17.616158,-5.727987,0.376983,-0.027915,-0.174414,-1.177543,0.151934
11.350000,-17.613283,-5.728583,0.376794,-0.026382,-0.174255,-1.182734,0.176131
11.366667,-17.609610,-5.729293,0.376319,-0.023606,-0.174228,-1.188152,0.224487
11.383333,-17.607065,-5.727012,0.376298,-0.021735,-0.173721,-1.205138,0.205037
11.400000,-17.603134,-5.726516,0.375984,-0.019244,-0.174050,-1.215718,0.237729
11.416667,-17.598497,-5.725421,0.371914,-0.008224,-0.176957,-1.219352,0.285856
11.433333,-17.599916,-5.723465,0.374811,-0.016204,-0.174505,-1.221288,0.145015
11.450000,-17.599285,-5.722250,0.374863,-0.016917,-0.174139,-1.222444,0.082128
11.466667,-17.598082,-5.720398,0.374362,-0.015419,-0.174397,-1.227511,0.132548
11.483333,-17.596924,-5.718759,0.373914,-0.014346,-0.174747,-1.231276,0.120418
11.500000,-17.595985,-5.718507,0.373858,-0.014377,-0.174835,-1.230005,0.058289
11.516667,-17.595005,-5.717205,0.373513,-0.013401,-0.175035,-1.233124,0.097824
11.533333,-17.594620,-5.717978,0.371616,-0.009665,-0.177199,-1.223538,0.051819
11.550000,-17.597462,-5.717529,0.373691,-0.017285,-0.176011,-1.217308,0.172625
11.566667,-17.598207,-5.716924,0.373648,-0.017521,-0.175780,-1.212889,0.057641
11.583333,-17.598354,-5.716272,0.373413,-0.017753,-0.176273,-1.211625,0.040063
11.600000,-17.598230,-5.715496,0.373249,-0.017844,-0.176366,-1.211651,0.047168
11.616667,-17.597553,-5.714427,0.372993,-0.017088,-0.176587,-1.214627,0.075927
11.633333,-17.596451,-5.714401,0.372945,-0.016836,-0.176578,-1.214769,0.066165
11.650000,-17.595329,-5.714206,0.372974,-0.016654,-0.176347,-1.216359,0.068301
11.666667,-17.593855,-5.713992,0.372736,-0.015464,-0.176301,-1.219436,0.089391
11.683333,-17.592211,-5.713318,0.372516,-0.013978,-0.176308,-1.225425,0.106610
11.700000,-17.590197,-5.713137,0.372382,-0.012614,-0.176103,-1.230652,0.121340
11.716667,-17.588295,-5.713618,0.371859,-0.010911,-0.177251,-1.233083,0.117693
11.733333,-17.588221,-5.712791,0.371696,-0.010384,-0.176532,-1.233846,0.049810
11.750000,-17.587965,-5.712242,0.371654,-0.010114,-0.176423,-1.236058,0.036326
11.766667,-17.587671,-5.711621,0.371551,-0.009535,-0.176666,-1.238636,0.041209
11.783333,-17.587643,-5.711166,0.371506,-0.009342,-0.176667,-1.240080,0.027377
11.800000,-17.587566,-5.711269,0.371511,-0.009294,-0.176816,-1.240017,0.007691
11.816667,-17.587854,-5.711372,0.371509,-0.009167,-0.176719,-1.240494,0.018352
11.833333,-17.588482,-5.712409,0.371638,-0.009687,-0.176524,-1.237537,0.072707
11.850000,-17.589191,-5.713724,0.371757,-0.009940,-0.176571,-1.234522,0.089659
11.866667,-17.590122,-5.715187,0.371849,-0.010190,-0.176617,-1.231317,0.104036
11.883333,-17.592064,-5.716650,0.373203,-0.013986,-0.175556,-1.226869,0.145884
11.900000,-17.592037,-5.718489,0.372229,-0.011314,-0.176309,-1.222998,0.110333
11.916667,-17.594341,-5.719640,0.373966,-0.015993,-0.175062,-1.219977,0.154537
11.933333,-17.595659,-5.721247,0.374485,-0.017461,-0.174605,-1.215947,0.124720
11.950000,-17.596764,-5.722812,0.374871,-0.018391,-0.174468,-1.212584,0.114901
11.966667,-17.597954,-5.724226,0.375244,-0.019323,-0.174116,-1.209355,0.110885
11.983333,-17.598999,-5.725936,0.375640,-0.020287,-0.173888,-1.205176,0.120294
12.000000,-17.600220,-5.727725,0.376066,-0.021415,-0.173503,-1.200787,0.129928
12.016667,-17.601408,-5.729339,0.376472,-0.022450,-0.173289,-1.197257,0.120236
12.033333,-17.602484,-5.730698,0.376792,-0.023079,-0.173140,-1.194793,0.103994
12.050000,-17.603502,-5.732007,0.377109,-0.023737,-0.172915,-1.192209,0.099511
12.066667,-17.604465,-5.733262,0.377430,-0.024581,-0.172945,-1.190004,0.094923
12.083333,-17.605263,-5.734283,0.377666,-0.024954,-0.172700,-1.187976,0.077765
12.100000,-17.605963,-5.735128,0.377887,-0.025486,-0.172451,-1.186238,0.065835
12.116667,-17.606548,-5.735620,0.378018,-0.025566,-0.172479,-1.186110,0.045874
12.133333,-17.607029,-5.736183,0.378161,-0.025888,-0.172316,-1.184930,0.044401
12.150000,-17.607395,-5.736722,0.378306,-0.026174,-0.172327,-1.183978,0.039137
12.166667,-17.607378,-5.737528,0.378332,-0.026182,-0.172589,-1.181882,0.048362
12.183333,-17.607700,-5.738569,0.378474,-0.026755,-0.172246,-1.177976,0.065355
12.200000,-17.607908,-5.739789,0.378674,-0.027387,-0.172242,-1.174011,0.074297
12.216667,-17.608389,-5.740802,0.379265,-0.029144,-0.171762,-1.169988,0.067238
12.233333,-17.608173,-5.742115,0.379124,-0.028858,-0.172161,-1.165676,0.079819
12.250000,-17.608391,-5.742935,0.379749,-0.030656,-0.171716,-1.162264,0.050937
12.266667,-17.607899,-5.743675,0.379538,-0.030308,-0.172015,-1.159221,0.053300
12.283333,-17.607523,-5.743890,0.379544,-0.030423,-0.172134,-1.157652,0.025990
12.300000,-17.607168,-5.743113,0.379363,-0.030215,-0.172188,-1.159205,0.051289
12.316667,-17.606724,-5.742992,0.379373,-0.030219,-0.172155,-1.158768,0.027622
12.333333,-17.606407,-5.742314,0.379255,-0.029918,-0.172165,-1.160297,0.044901
12.350000,-17.606083,-5.741840,0.379202,-0.029885,-0.172209,-1.161149,0.034456
12.366667,-17.605810,-5.741236,0.379101,-0.029660,-0.172261,-1.162633,0.039772
12.383333,-17.605457,-5.740350,0.378966,-0.029296,-0.172264,-1.164690,0.057219
12.400000,-17.604918,-5.739409,0.378754,-0.028842,-0.172450,-1.167001,0.065104
12.416667,-17.604443,-5.737927,0.378485,-0.028148,-0.172530,-1.171059,0.093348
12.433333,-17.603888,-5.736023,0.378085,-0.027473,-0.172920,-1.176888,0.118996
12.450000,-17.602852,-5.733743,0.377503,-0.025585,-0.173059,-1.183512,0.150291
12.466667,-17.601641,-5.731298,0.376856,-0.023265,-0.172970,-1.189600,0.163699
12.483333,-17.600515,-5.728615,0.376275,-0.022139,-0.173477,-1.197528,0.174576
12.500000,-17.599001,-5.726623,0.375773,-0.020873,-0.173779,-1.202159,0.150150
12.516667,-17.597765,-5.725302,0.375459,-0.020249,-0.173803,-1.203833,0.108515
12.533333,-17.596518,-5.723432,0.374993,-0.019019,-0.174332,-1.208857,0.134880
12.550000,-17.595064,-5.721329,0.374454,-0.017493,-0.174679,-1.214034,0.153374
12.566667,-17.593704,-5.719831,0.374060,-0.016582,-0.174974,-1.216858,0.121425
12.583333,-17.592686,-5.718277,0.373676,-0.015633,-0.175165,-1.220293,0.111483
12.600000,-17.591475,-5.716931,0.373295,-0.014742,-0.175265,-1.222918,0.108605
12.616667,-17.589827,-5.716420,0.372182,-0.011837,-0.176116,-1.223498,0.103533
12.633333,-17.589251,-5.715416,0.372056,-0.011474,-0.176283,-1.226089,0.069437
12.650000,-17.588810,-5.715132,0.372082,-0.011703,-0.176161,-1.225696,0.031443
12.666667,-17.588585,-5.714737,0.372046,-0.011688,-0.176127,-1.226429,0.027293
12.683333,-17.588409,-5.714064,0.372006,-0.011404,-0.176153,-1.228787,0.041747
12.700000,-17.588163,-5.713554,0.371841,-0.010856,-0.176272,-1.230645,0.033935
12.716667,-17.588078,-5.712947,0.371828,-0.010678,-0.176250,-1.232808,0.036783
12.733333,-17.587950,-5.712484,0.371767,-0.010413,-0.176291,-1.234540,0.028847
12.750000,-17.587841,-5.712022,0.371710,-0.010145,-0.176319,-1.236201,0.028453
12.766667,-17.587599,-5.711455,0.371612,-0.009729,-0.176408,-1.238401,0.036992
12.783333,-17.587572,-5.711391,0.371587,-0.009660,-0.176387,-1.238452,0.004155
12.800000,-17.587555,-5.711480,0.371612,-0.009694,-0.176528,-1.238420,0.005420
12.816667,-17.587687,-5.711657,0.371626,-0.009707,-0.176476,-1.238060,0.013229
12.833333,-17.587765,-5.711834,0.371652,-0.009711,-0.176595,-1.237794,0.011631
12.850000,-17.588011,-5.712185,0.371695,-0.009916,-0.176532,-1.236835,0.025693
12.866667,-17.588356,-5.712387,0.371733,-0.009945,-0.176415,-1.236850,0.024005
12.883333,-17.588623,-5.712790,0.371755,-0.009867,-0.176537,-1.236429,0.028979
12.900000,-17.589117,-5.713594,0.371854,-0.010204,-0.176449,-1.234217,0.056640
12.916667,-17.589735,-5.714767,0.371961,-0.010530,-0.176443,-1.231334,0.079576
12.933333,-17.590414,-5.715823,0.372015,-0.010631,-0.176376,-1.229149,0.075314
12.950000,-17.592211,-5.716796,0.373287,-0.014028,-0.175618,-1.226881,0.122589
12.966667,-17.592009,-5.718238,0.372140,-0.010850,-0.176440,-1.224457,0.087392
12.983333,-17.594082,-5.718886,0.373804,-0.015410,-0.175053,-1.222457,0.130323
13.000000,-17.595116,-5.720413,0.374258,-0.016698,-0.174769,-1.218263,0.110633
13.016667,-17.596140,-5.721884,0.374616,-0.017711,-0.174438,-1.214384,0.107550
13.033333,-17.597149,-5.723135,0.374921,-0.018419,-0.174257,-1.211763,0.096464
13.050000,-17.598186,-5.724461,0.375270,-0.019251,-0.173998,-1.209032,0.101004
13.066667,-17.599209,-5.726223,0.375700,-0.020390,-0.173812,-1.204565,0.122197
13.083333,-17.600279,-5.727850,0.376068,-0.021329,-0.173464,-1.200351,0.116886
13.100000,-17.601322,-5.729301,0.376462,-0.022329,-0.173221,-1.197150,0.107230
13.116667,-17.602346,-5.730399,0.376765,-0.023318,-0.173321,-1.195726,0.090080
13.133333,-17.602888,-5.731428,0.376940,-0.023412,-0.173216,-1.193395,0.069748
13.150000,-17.603523,-5.732215,0.377093,-0.023578,-0.172837,-1.191407,0.060692
13.166667,-17.604050,-5.733002,0.377293,-0.024053,-0.172738,-1.189718,0.056823
13.183333,-17.604622,-5.733934,0.377546,-0.024754,-0.172706,-1.187553,0.065629
13.200000,-17.605074,-5.734891,0.377792,-0.025415,-0.172574,-1.184871,0.063478
13.216667,-17.605421,-5.735943,0.378054,-0.026205,-0.172477,-1.181546,0.066489
13.233333,-17.605526,-5.737120,0.378190,-0.026529,-0.172478,-1.177644,0.070890
13.250000,-17.605724,-5.738376,0.378397,-0.027233,-0.172438,-1.173332,0.076293
13.266667,-17.606133,-5.739251,0.378816,-0.028551,-0.172208,-1.170277,0.057905
13.283333,-17.606287,-5.740186,0.379068,-0.029297,-0.172190,-1.166991,0.056894
13.300000,-17.606297,-5.741262,0.379312,-0.030035,-0.172031,-1.163165,0.064576
13.316667,-17.606266,-5.742181,0.379521,-0.030734,-0.171943,-1.159517,0.055134
13.333333,-17.606054,-5.743284,0.379411,-0.030910,-0.172305,-1.155800,0.067412
13.350000,-17.605953,-5.744330,0.379545,-0.031333,-0.172442,-1.152025,0.063035
13.366667,-17.605885,-5.744876,0.379611,-0.031408,-0.172051,-1.149768,0.033045
13.383333,-17.606106,-5.745344,0.380231,-0.033116,-0.171801,-1.147620,0.031048
13.400000,-17.605606,-5.745566,0.379809,-0.032200,-0.172023,-1.146283,0.032802
13.416667,-17.605562,-5.744907,0.380127,-0.033021,-0.171822,-1.147839,0.039627
13.433333,-17.605003,-5.744494,0.380029,-0.032957,-0.171864,-1.147833,0.041675
13.450000,-17.604446,-5.743381,0.379764,-0.032331,-0.172073,-1.150512,0.074722
13.466667,-17.603699,-5.741873,0.379338,-0.031287,-0.172258,-1.154317,0.100952
13.483333,-17.602774,-5.741179,0.379130,-0.030948,-0.172598,-1.155092,0.069414
13.500000,-17.602179,-5.739930,0.378878,-0.030467,-0.172578,-1.157576,0.083003
13.516667,-17.601402,-5.738127,0.378498,-0.029541,-0.172784,-1.162370,0.117777
13.533333,-17.600529,-5.737051,0.378270,-0.029375,-0.173024,-1.164107,0.083124
13.550000,-17.599524,-5.735206,0.377806,-0.028053,-0.173289,-1.168711,0.126107
13.566667,-17.598349,-5.732781,0.377231,-0.026613,-0.173420,-1.174718,0.161637
13.583333,-17.597017,-5.730527,0.376671,-0.025350,-0.173537,-1.179306,0.157069
13.600000,-17.595486,-5.728993,0.376323,-0.024775,-0.173785,-1.181625,0.130062
13.616667,-17.594086,-5.726795,0.375773,-0.023551,-0.174101,-1.186514,0.156395
13.633333,-17.592447,-5.724928,0.375284,-0.022516,-0.174313,-1.189661,0.149030
13.650000,-17.590935,-5.722368,0.374660,-0.020998,-0.174598,-1.195889,0.178414
13.666667,-17.589157,-5.719537,0.373943,-0.019316,-0.174932,-1.202746,0.200570
13.683333,-17.586872,-5.717839,0.372734,-0.016532,-0.175954,-1.206077,0.170810
13.700000,-17.585938,-5.715736,0.372676,-0.016592,-0.175948,-1.210661,0.138071
13.716667,-17.584515,-5.713483,0.372292,-0.015691,-0.176193,-1.216468,0.159860
13.733333,-17.583130,-5.710942,0.371818,-0.014452,-0.176463,-1.222999,0.173632
13.750000,-17.581367,-5.708101,0.371173,-0.012469,-0.176951,-1.231329,0.200595
13.766667,-17.579535,-5.705493,0.370399,-0.010281,-0.177494,-1.238417,0.191277
13.783333,-17.577644,-5.702726,0.369754,-0.008333,-0.177967,-1.245701,0.201063
13.800000,-17.575674,-5.700002,0.369143,-0.006599,-0.178263,-1.253272,0.201698
13.816667,-17.573509,-5.697313,0.368360,-0.004397,-0.178754,-1.259560,0.207145
13.833333,-17.572254,-5.695210,0.368180,-0.004077,-0.178619,-1.262529,0.146958
13.850000,-17.571310,-5.693968,0.368068,-0.003832,-0.179290,-1.265277,0.093569
13.866667,-17.570660,-5.692235,0.367816,-0.003462,-0.179315,-1.268520,0.111106
13.883333,-17.569992,-5.691027,0.367667,-0.003016,-0.179579,-1.270788,0.082802
13.900000,-17.569267,-5.689990,0.367514,-0.002606,-0.179668,-1.272515,0.075894
13.916667,-17.568624,-5.688492,0.367283,-0.002226,-0.179298,-1.275520,0.097817
13.933333,-17.568178,-5.687544,0.367156,-0.002090,-0.179327,-1.276834,0.062840
13.950000,-17.567598,-5.686595,0.367009,-0.001598,-0.179323,-1.278680,0.066722
13.966667,-17.567102,-5.686237,0.366989,-0.001542,-0.179492,-1.279527,0.036701
13.983333,-17.567041,-5.686076,0.366973,-0.001378,-0.179915,-1.279652,0.010367
14.000000,-17.566862,-5.685122,0.366800,-0.001267,-0.179461,-1.280852,0.058195
14.016667,-17.566435,-5.684479,0.366708,-0.000984,-0.179322,-1.282700,0.046333
14.033333,-17.566233,-5.685161,0.366837,-0.001393,-0.179376,-1.280282,0.042673
14.050000,-17.567261,-5.687228,0.367133,-0.003330,-0.179176,-1.269759,0.138518
14.066667,-17.568233,-5.689566,0.367509,-0.005416,-0.179295,-1.260607,0.151907
14.083333,-17.568977,-5.691864,0.367893,-0.007032,-0.178962,-1.253015,0.144971
14.100000,-17.569447,-5.694108,0.368230,-0.007917,-0.178709,-1.247546,0.137496
14.116667,-17.569788,-5.695917,0.368461,-0.007937,-0.178347,-1.245410,0.110491
14.133333,-17.570221,-5.697393,0.368680,-0.007871,-0.178156,-1.244876,0.092308
14.150000,-17.571196,-5.698482,0.368802,-0.007904,-0.178198,-1.243734,0.087671
14.166667,-17.572220,-5.699407,0.368897,-0.007840,-0.178218,-1.243452,0.082790
14.183333,-17.573332,-5.700130,0.369078,-0.007957,-0.178097,-1.243685,0.079609
14.200000,-17.574327,-5.701275,0.369366,-0.008600,-0.178033,-1.241734,0.091035
14.216667,-17.575464,-5.702950,0.369777,-0.009861,-0.177767,-1.237035,0.121419
14.233333,-17.576691,-5.704629,0.370179,-0.011117,-0.177390,-1.232386,0.124774
14.250000,-17.577902,-5.706278,0.370578,-0.012179,-0.177120,-1.228368,0.122778
14.266667,-17.579128,-5.707849,0.370947,-0.013051,-0.176864,-1.224858,0.119545
14.283333,-17.580311,-5.709767,0.371421,-0.014347,-0.176663,-1.220000,0.135236
14.300000,-17.581799,-5.711958,0.371969,-0.015916,-0.176094,-1.213747,0.158881
14.316667,-17.583214,-5.713997,0.372508,-0.017300,-0.175664,-1.208627,0.148919
14.333333,-17.584177,-5.716058,0.372521,-0.017104,-0.175697,-1.204084,0.136518
14.350000,-17.585154,-5.718112,0.372687,-0.017231,-0.175964,-1.199714,0.136446
14.366667,-17.586155,-5.719875,0.372732,-0.017023,-0.175993,-1.196384,0.121670
14.383333,-17.587872,-5.721714,0.373878,-0.019883,-0.175195,-1.191464,0.150906
14.400000,-17.589264,-5.723084,0.374632,-0.021688,-0.174681,-1.188482,0.117239
14.416667,-17.590172,-5.724229,0.374932,-0.022295,-0.174609,-1.186498,0.087648
14.433333,-17.590927,-5.725756,0.375285,-0.023242,-0.174408,-1.182384,0.102232
14.450000,-17.591654,-5.727353,0.375702,-0.024313,-0.174358,-1.178144,0.105270
14.466667,-17.592236,-5.728762,0.376011,-0.025144,-0.174195,-1.174224,0.091465
14.483333,-17.592796,-5.730584,0.376417,-0.026380,-0.173922,-1.168298,0.114380
14.500000,-17.593222,-5.732316,0.376773,-0.027297,-0.173983,-1.163308,0.106973
14.516667,-17.593657,-5.733684,0.377126,-0.028245,-0.173803,-1.159156,0.086157
14.533333,-17.593904,-5.734927,0.377409,-0.028988,-0.173786,-1.155508,0.076056
14.550000,-17.594193,-5.736201,0.377737,-0.029969,-0.173617,-1.151253,0.078375
14.566667,-17.594378,-5.737442,0.378003,-0.030808,-0.173424,-1.147008,0.075239
14.583333,-17.594404,-5.738173,0.378161,-0.031418,-0.173171,-1.144109,0.043889
14.600000,-17.594414,-5.738212,0.378165,-0.031436,-0.173110,-1.144000,0.002443
14.616667,-17.594328,-5.742214,0.379320,-0.032464,-0.178529,-1.138609,0.240181
14.633333,-17.594042,-5.743877,0.379825,-0.032389,-0.181477,-1.137158,0.101230
14.650000,-17.593737,-5.743764,0.379871,-0.032066,-0.182583,-1.138527,0.019526
14.666667,-17.593300,-5.742208,0.379488,-0.031349,-0.182152,-1.141939,0.096964
14.683333,-17.592663,-5.739154,0.378641,-0.030348,-0.179669,-1.146753,0.187193
14.700000,-17.592031,-5.734678,0.377474,-0.028459,-0.177128,-1.156689,0.271194
14.716667,-17.590960,-5.729353,0.376023,-0.025635,-0.174676,-1.169214,0.325900
14.733333,-17.589535,-5.725146,0.375145,-0.023203,-0.174674,-1.180987,0.266538
14.750000,-17.587608,-5.720949,0.373981,-0.020161,-0.175042,-1.192788,0.277060
14.766667,-17.585831,-5.717120,0.373235,-0.018452,-0.175273,-1.203086,0.253318
14.783333,-17.583344,-5.713165,0.371723,-0.014363,-0.175971,-1.214446,0.280318
14.800000,-17.581352,-5.709596,0.371261,-0.012847,-0.176622,-1.224414,0.245222
14.816667,-17.578968,-5.705906,0.370359,-0.010015,-0.177325,-1.235005,0.263558
14.833333,-17.576614,-5.702296,0.369485,-0.007332,-0.177799,-1.245116,0.258577
14.850000,-17.574091,-5.698875,0.368538,-0.004399,-0.178243,-1.254395,0.255074
14.866667,-17.572029,-5.695529,0.367880,-0.002665,-0.178646,-1.262224,0.235838
14.883333,-17.571320,-5.692107,0.367704,-0.002275,-0.178601,-1.269070,0.209674
14.900000,-17.570250,-5.688757,0.367165,-0.000817,-0.179093,-1.276550,0.210992
14.916667,-17.569195,-5.686935,0.366967,-0.000243,-0.180079,-1.280016,0.126317
14.933333,-17.569016,-5.686433,0.366885,0.000227,-0.181259,-1.280768,0.031963
14.950000,-17.568506,-5.684336,0.366518,0.000672,-0.180073,-1.284767,0.129512
14.966667,-17.568018,-5.682549,0.366215,0.001299,-0.179441,-1.288848,0.111161
14.983333,-17.567558,-5.682040,0.366148,0.001636,-0.179673,-1.289952,0.041141
15.000000,-17.566977,-5.681064,0.366013,0.002003,-0.179608,-1.292133,0.068153
15.016667,-17.566925,-5.680453,0.365903,0.002124,-0.179588,-1.292882,0.036808
15.033333,-17.566891,-5.679606,0.365766,0.002509,-0.179805,-1.294672,0.050825
15.050000,-17.566723,-5.679702,0.365797,0.002200,-0.179705,-1.293619,0.011583
15.066667,-17.566561,-5.680698,0.365982,0.001773,-0.179714,-1.291431,0.060553
15.083333,-17.566620,-5.681324,0.366078,0.001735,-0.179555,-1.291069,0.037761
15.100000,-17.567039,-5.681921,0.366163,0.001502,-0.179691,-1.289674,0.043783
15.116667,-17.567432,-5.682497,0.366232,0.001461,-0.179498,-1.289507,0.041812
15.133333,-17.568346,-5.683397,0.366321,0.001176,-0.179463,-1.287369,0.076959
15.150000,-17.568941,-5.684890,0.366562,0.000494,-0.179487,-1.283557,0.096432
15.166667,-17.569378,-5.686526,0.366798,0.000022,-0.179330,-1.280935,0.101600
15.183333,-17.569986,-5.687559,0.366932,-0.000333,-0.179173,-1.279127,0.071923
15.200000,-17.570179,-5.690166,0.367356,-0.001370,-0.178606,-1.273093,0.156839
15.216667,-17.573999,-5.693345,0.367696,-0.002537,-0.179123,-1.265843,0.298189
15.233333,-17.577564,-5.697707,0.368242,-0.004231,-0.179125,-1.254780,0.338008
15.250000,-17.581316,-5.702622,0.369540,-0.008075,-0.178304,-1.241611,0.371008
15.266667,-17.584471,-5.707056,0.370743,-0.011671,-0.177533,-1.231264,0.326488
15.283333,-17.586388,-5.711982,0.371144,-0.011648,-0.177084,-1.220937,0.317161
15.300000,-17.589153,-5.716228,0.372850,-0.015403,-0.175523,-1.213558,0.304073
15.316667,-17.591299,-5.720404,0.373770,-0.017291,-0.174779,-1.206607,0.281658
15.333333,-17.593157,-5.725047,0.374703,-0.020004,-0.174662,-1.193876,0.300050
15.350000,-17.595863,-5.729821,0.376027,-0.023699,-0.174177,-1.180970,0.329300
15.366667,-17.597475,-5.734124,0.376146,-0.024163,-0.174700,-1.171273,0.275695
15.383333,-17.599159,-5.737521,0.376670,-0.024640,-0.174181,-1.163220,0.227494
15.400000,-17.601208,-5.741078,0.377482,-0.026565,-0.173881,-1.155499,0.246293
15.416667,-17.603582,-5.743978,0.378975,-0.030246,-0.172608,-1.148296,0.224875
15.433333,-17.604139,-5.746996,0.378501,-0.028724,-0.173390,-1.142115,0.184160
15.450000,-17.606262,-5.749376,0.379834,-0.031886,-0.172623,-1.137265,0.191347
15.466667,-17.605761,-5.752069,0.378201,-0.027432,-0.174166,-1.132360,0.164370
15.483333,-17.607609,-5.754107,0.379274,-0.029578,-0.173178,-1.128010,0.165054
15.500000,-17.608175,-5.756734,0.379598,-0.029840,-0.173479,-1.122377,0.161265
15.516667,-17.609627,-5.759024,0.379921,-0.029947,-0.172249,-1.116413,0.162664
15.533333,-17.609154,-5.762245,0.378358,-0.025836,-0.174205,-1.110587,0.195307
15.550000,-17.610186,-5.764664,0.378554,-0.025841,-0.174014,-1.105814,0.157793
15.566667,-17.612663,-5.765706,0.380287,-0.029196,-0.171814,-1.103608,0.161279
15.583333,-17.613766,-5.767447,0.380812,-0.030174,-0.171784,-1.100812,0.123614
15.600000,-17.612135,-5.769544,0.378240,-0.023495,-0.174030,-1.097011,0.159395
15.616667,-17.614632,-5.770409,0.380626,-0.029020,-0.171662,-1.094577,0.158548
15.633333,-17.613592,-5.772111,0.378965,-0.024780,-0.173314,-1.091497,0.119652
15.650000,-17.615332,-5.773489,0.380720,-0.028862,-0.171598,-1.087339,0.133135
15.666667,-17.614799,-5.775012,0.379799,-0.026146,-0.172533,-1.084368,0.096853
15.683333,-17.616611,-5.776065,0.381426,-0.030154,-0.170946,-1.081584,0.125739
15.700000,-17.616808,-5.777421,0.381463,-0.029821,-0.170972,-1.078502,0.082160
15.716667,-17.617277,-5.778859,0.381490,-0.029706,-0.170819,-1.075301,0.090792
15.733333,-17.617579,-5.780326,0.381471,-0.029149,-0.170754,-1.072070,0.089871
15.750000,-17.619152,-5.781015,0.382949,-0.032502,-0.169330,-1.070330,0.103068
15.766667,-17.619463,-5.782473,0.383263,-0.033284,-0.169031,-1.066425,0.089401
15.783333,-17.619677,-5.783468,0.383353,-0.033027,-0.168787,-1.063977,0.061070
15.800000,-17.618837,-5.784512,0.382008,-0.029670,-0.170150,-1.062440,0.080383
15.816667,-17.618938,-5.785107,0.382075,-0.029606,-0.170239,-1.061325,0.036217
15.833333,-17.618958,-5.785800,0.382271,-0.030096,-0.170124,-1.059225,0.041558
15.850000,-17.618855,-5.786452,0.382421,-0.030512,-0.169750,-1.056486,0.039652
15.866667,-17.618628,-5.786746,0.382522,-0.030846,-0.169651,-1.055018,0.022250
15.883333,-17.618410,-5.786107,0.382368,-0.030555,-0.169805,-1.056581,0.040470
15.900000,-17.617998,-5.785361,0.382219,-0.030433,-0.169993,-1.057995,0.051120
15.916667,-17.618362,-5.784945,0.383366,-0.033591,-0.168918,-1.057323,0.033212
15.933333,-17.616961,-5.783948,0.382036,-0.030364,-0.170262,-1.059972,0.103202
15.950000,-17.617620,-5.782135,0.383248,-0.033661,-0.168926,-1.063188,0.115732
15.966667,-17.617016,-5.781113,0.383274,-0.034319,-0.169082,-1.064651,0.071265
15.983333,-17.615021,-5.780209,0.381461,-0.029743,-0.171353,-1.067572,0.131434
16.000000,-17.615427,-5.777906,0.382331,-0.032695,-0.170017,-1.071738,0.140293
16.016667,-17.614044,-5.776803,0.381429,-0.031234,-0.171101,-1.073806,0.106146
16.033333,-17.612576,-5.774889,0.380220,-0.028448,-0.172331,-1.078607,0.144708
16.050000,-17.611984,-5.772701,0.380215,-0.028910,-0.172300,-1.083180,0.136001
16.066667,-17.612761,-5.770875,0.382210,-0.034430,-0.170300,-1.085019,0.119039
16.083333,-17.611115,-5.769538,0.381163,-0.032074,-0.172262,-1.088811,0.127257
16.100000,-17.610291,-5.766989,0.380999,-0.032402,-0.171732,-1.093312,0.160742
16.116667,-17.609270,-5.765065,0.380969,-0.033392,-0.172069,-1.096597,0.130648
16.133333,-17.608377,-5.762317,0.380794,-0.033404,-0.172132,-1.102509,0.173361
16.150000,-17.605597,-5.759954,0.378538,-0.028492,-0.174658,-1.108816,0.218965
16.166667,-17.605471,-5.757518,0.379651,-0.031598,-0.173195,-1.112141,0.146336
16.183333,-17.604544,-5.755384,0.379485,-0.031376,-0.173723,-1.117098,0.139616
16.200000,-17.603321,-5.752396,0.379019,-0.030748,-0.173431,-1.122979,0.193700
16.216667,-17.601761,-5.750275,0.378716,-0.030336,-0.173559,-1.126011,0.158004
16.233333,-17.600534,-5.747651,0.378377,-0.029705,-0.173847,-1.131734,0.173764
16.250000,-17.599144,-5.744678,0.377882,-0.028701,-0.173919,-1.138032,0.196930
16.266667,-17.597702,-5.741200,0.377264,-0.027465,-0.174099,-1.146124,0.225880
16.283333,-17.595882,-5.738511,0.376765,-0.026151,-0.174502,-1.151575,0.194850
16.300000,-17.594439,-5.736389,0.376482,-0.026057,-0.174462,-1.154554,0.153995
16.316667,-17.592983,-5.733715,0.376024,-0.024938,-0.175010,-1.161071,0.182643
16.333333,-17.591406,-5.730353,0.375352,-0.023512,-0.174835,-1.168445,0.222803
16.350000,-17.589705,-5.728042,0.374856,-0.022596,-0.174886,-1.172261,0.172218
16.366667,-17.586445,-5.725771,0.372339,-0.015926,-0.176942,-1.178582,0.238355
16.383333,-17.584681,-5.723080,0.371731,-0.014499,-0.177245,-1.184508,0.193081
16.400000,-17.583107,-5.719792,0.370988,-0.012515,-0.177363,-1.193121,0.218671
16.416667,-17.582144,-5.716434,0.370955,-0.012481,-0.176969,-1.201915,0.209653
16.433333,-17.581352,-5.712658,0.371214,-0.013228,-0.176230,-1.211796,0.231461
16.450000,-17.579725,-5.709804,0.370689,-0.011654,-0.176643,-1.219466,0.197103
16.466667,-17.577827,-5.706882,0.370019,-0.009682,-0.177109,-1.227294,0.209032
16.483333,-17.575943,-5.704231,0.369383,-0.007857,-0.177490,-1.234025,0.195186
16.500000,-17.574221,-5.701524,0.369020,-0.006694,-0.177632,-1.240566,0.192484
16.516667,-17.572443,-5.699059,0.368679,-0.005690,-0.177883,-1.246342,0.182336
16.533333,-17.570908,-5.697142,0.368426,-0.005033,-0.177874,-1.249976,0.147405
16.550000,-17.569698,-5.695496,0.368202,-0.004469,-0.177757,-1.252909,0.122549
16.566667,-17.568712,-5.693902,0.367998,-0.003751,-0.177854,-1.257209,0.112465
16.583333,-17.567715,-5.692342,0.367773,-0.002942,-0.177959,-1.261385,0.111087
16.600000,-17.566935,-5.691350,0.367649,-0.002661,-0.177877,-1.263259,0.075689
16.616667,-17.566673,-5.691326,0.367648,-0.002869,-0.177728,-1.261900,0.015749
16.633333,-17.566629,-5.691432,0.367666,-0.003019,-0.177713,-1.261114,0.006902
16.650000,-17.566641,-5.691296,0.367644,-0.002879,-0.177732,-1.261886,0.008211
16.666667,-17.566696,-5.691168,0.367619,-0.002699,-0.177750,-1.262779,0.008329
16.683333,-17.566820,-5.691122,0.367602,-0.002500,-0.177768,-1.263636,0.007939
16.700000,-17.567055,-5.691292,0.367617,-0.002453,-0.177778,-1.263767,0.017391
16.716667,-17.567360,-5.691361,0.367613,-0.002240,-0.177829,-1.264818,0.018775
16.733333,-17.567837,-5.692015,0.367699,-0.002403,-0.177857,-1.263506,0.048550
16.750000,-17.568571,-5.693151,0.367862,-0.002866,-0.177942,-1.260927,0.081128
16.766667,-17.569391,-5.694197,0.367985,-0.003239,-0.177879,-1.258683,0.079783
16.783333,-17.570293,-5.695243,0.368113,-0.003551,-0.177898,-1.257079,0.082866
16.800000,-17.571394,-5.696531,0.368300,-0.004136,-0.177760,-1.254407,0.101646
16.816667,-17.572483,-5.697666,0.368388,-0.004024,-0.177839,-1.253519,0.094375
16.833333,-17.573826,-5.699443,0.368676,-0.004747,-0.177785,-1.249914,0.133668
16.850000,-17.575253,-5.701460,0.368878,-0.005263,-0.177785,-1.245754,0.148212
16.866667,-17.576796,-5.703487,0.369132,-0.005990,-0.177661,-1.241454,0.152851
16.883333,-17.578514,-5.706010,0.369749,-0.007667,-0.177518,-1.235340,0.183158
16.900000,-17.580200,-5.708543,0.370098,-0.008590,-0.177339,-1.229399,0.182570
16.916667,-17.582308,-5.710904,0.371032,-0.011158,-0.176638,-1.223603,0.189884
16.933333,-17.584330,-5.713612,0.371770,-0.013101,-0.176176,-1.217105,0.202767
16.950000,-17.586140,-5.716186,0.372270,-0.014452,-0.175710,-1.210825,0.188802
16.966667,-17.586607,-5.719062,0.371226,-0.011401,-0.176691,-1.205427,0.174868
16.983333,-17.588371,-5.721917,0.371700,-0.012482,-0.176699,-1.199372,0.201360
17.000000,-17.590210,-5.725099,0.372337,-0.014109,-0.176660,-1.192017,0.220474
17.016667,-17.591911,-5.727828,0.372870,-0.015151,-0.176554,-1.186196,0.192976
17.033333,-17.593613,-5.730660,0.373512,-0.016803,-0.176348,-1.179766,0.198247
17.050000,-17.596466,-5.732500,0.375585,-0.022163,-0.174574,-1.175035,0.203701
17.066667,-17.597677,-5.734842,0.376090,-0.023233,-0.174499,-1.169712,0.158185
17.083333,-17.598906,-5.737209,0.376480,-0.024172,-0.174328,-1.164103,0.160005
17.100000,-17.599951,-5.738894,0.376787,-0.024758,-0.174390,-1.161247,0.118979
17.116667,-17.600891,-5.740345,0.376993,-0.025104,-0.174194,-1.158309,0.103720
17.133333,-17.601448,-5.742494,0.376979,-0.025204,-0.174479,-1.153310,0.133206
17.150000,-17.602306,-5.744341,0.377170,-0.025295,-0.174326,-1.149273,0.122216
17.166667,-17.603630,-5.746257,0.377823,-0.026875,-0.173917,-1.145012,0.139724
17.183333,-17.604549,-5.747999,0.378106,-0.027390,-0.173850,-1.141524,0.118202
17.200000,-17.605467,-5.749813,0.378348,-0.027804,-0.173722,-1.137826,0.121962
17.216667,-17.606440,-5.751482,0.378559,-0.028137,-0.173611,-1.134726,0.115904
17.233333,-17.607309,-5.753754,0.378876,-0.028707,-0.173589,-1.129514,0.145948
17.250000,-17.608412,-5.755777,0.379253,-0.029424,-0.173448,-1.125498,0.138245
17.266667,-17.608965,-5.757625,0.379220,-0.028657,-0.173205,-1.121261,0.115753
17.283333,-17.609894,-5.759503,0.379423,-0.028638,-0.173013,-1.117500,0.125724
17.300000,-17.608427,-5.761659,0.377017,-0.022029,-0.175519,-1.114554,0.156423
17.316667,-17.608995,-5.763623,0.376790,-0.020811,-0.175423,-1.110230,0.122708
17.333333,-17.609898,-5.765545,0.377182,-0.021450,-0.175026,-1.105829,0.127399
17.350000,-17.612455,-5.766711,0.379578,-0.026984,-0.172748,-1.102574,0.168656
17.366667,-17.613253,-5.767902,0.379767,-0.027097,-0.172213,-1.100049,0.085976
17.383333,-17.611876,-5.769747,0.377400,-0.020861,-0.174770,-1.097994,0.138153
17.400000,-17.612110,-5.770894,0.377389,-0.020163,-0.174678,-1.095446,0.070205
17.416667,-17.612696,-5.771788,0.377501,-0.020333,-0.174308,-1.093479,0.064149
17.433333,-17.613026,-5.772521,0.377650,-0.020489,-0.174296,-1.092147,0.048225
17.450000,-17.615173,-5.773250,0.380028,-0.026278,-0.171969,-1.089195,0.136074
17.466667,-17.614662,-5.774606,0.379365,-0.024364,-0.172412,-1.085517,0.086956
17.483333,-17.615713,-5.775689,0.380585,-0.027191,-0.171149,-1.081884,0.090542
17.500000,-17.616009,-5.776855,0.380767,-0.027414,-0.170897,-1.078870,0.072166
17.516667,-17.616308,-5.777920,0.380801,-0.027301,-0.170942,-1.076755,0.066393
17.533333,-17.616655,-5.778925,0.380797,-0.026988,-0.170953,-1.074899,0.063806
17.550000,-17.616877,-5.780256,0.380803,-0.026677,-0.170879,-1.071743,0.080947
17.566667,-17.617157,-5.781716,0.381007,-0.026951,-0.170722,-1.068039,0.089233
17.583333,-17.617319,-5.782727,0.381228,-0.027243,-0.170498,-1.065314,0.061401
17.600000,-17.617582,-5.783521,0.381429,-0.027792,-0.170207,-1.063052,0.050186
17.616667,-17.617588,-5.784161,0.381552,-0.027882,-0.169974,-1.060989,0.038396
17.633333,-17.617468,-5.784728,0.381678,-0.028103,-0.169783,-1.058898,0.034773
17.650000,-17.617981,-5.785112,0.382645,-0.030528,-0.168823,-1.056821,0.038481
17.666667,-17.617130,-5.785426,0.381948,-0.028886,-0.169638,-1.055959,0.054392
17.683333,-17.616911,-5.784598,0.381703,-0.028273,-0.169864,-1.058158,0.051354
17.700000,-17.616581,-5.783191,0.381324,-0.027414,-0.170085,-1.061778,0.086719
17.716667,-17.616230,-5.781918,0.381161,-0.027820,-0.170618,-1.065090,0.079238
17.733333,-17.616671,-5.780032,0.382030,-0.030264,-0.169638,-1.068833,0.116228
17.750000,-17.615383,-5.778542,0.380993,-0.027750,-0.170521,-1.072253,0.118134
17.766667,-17.614870,-5.776831,0.380856,-0.027912,-0.170752,-1.076071,0.107170
17.783333,-17.614511,-5.775283,0.381029,-0.028966,-0.170685,-1.079079,0.095328
17.800000,-17.613966,-5.773318,0.380939,-0.028954,-0.170895,-1.083782,0.122389
17.816667,-17.613522,-5.771012,0.380781,-0.029029,-0.170951,-1.089098,0.140877
17.833333,-17.612837,-5.768275,0.380469,-0.028404,-0.170984,-1.095560,0.169312
17.850000,-17.609394,-5.766337,0.377287,-0.020953,-0.174454,-1.101576,0.237041
17.866667,-17.610573,-5.763034,0.379281,-0.026467,-0.172181,-1.108016,0.210425
17.883333,-17.609467,-5.760349,0.379174,-0.026631,-0.172641,-1.114109,0.174242
17.900000,-17.608383,-5.757145,0.378804,-0.026264,-0.172711,-1.121265,0.202898
17.916667,-17.607204,-5.753942,0.378550,-0.026765,-0.173376,-1.128991,0.204776
17.933333,-17.605722,-5.750050,0.377990,-0.025957,-0.173893,-1.138808,0.249927
17.950000,-17.604372,-5.745563,0.377502,-0.025454,-0.174292,-1.150315,0.281123
17.966667,-17.602571,-5.740858,0.376874,-0.024394,-0.174507,-1.161980,0.302263
17.983333,-17.600422,-5.736639,0.376197,-0.022958,-0.174681,-1.171336,0.284080
18.000000,-17.597412,-5.732864,0.374682,-0.019413,-0.175897,-1.180223,0.289685
18.016667,-17.595755,-5.727989,0.374675,-0.019570,-0.175345,-1.191478,0.308954
18.033333,-17.593063,-5.722818,0.373689,-0.016987,-0.175539,-1.204560,0.349756
18.050000,-17.588823,-5.718425,0.370967,-0.009957,-0.177970,-1.217633,0.366331
18.066667,-17.585644,-5.713665,0.369960,-0.007351,-0.178789,-1.230043,0.343469
18.083333,-17.582705,-5.710098,0.369267,-0.005979,-0.179292,-1.237219,0.277328
18.100000,-17.580978,-5.707051,0.369460,-0.007056,-0.178895,-1.242501,0.210118
18.116667,-17.579365,-5.704360,0.369357,-0.007007,-0.178902,-1.248403,0.188228
18.133333,-17.577789,-5.702225,0.369254,-0.006949,-0.178816,-1.252024,0.159238
18.150000,-17.576683,-5.700125,0.368910,-0.006243,-0.179394,-1.256031,0.142388
18.166667,-17.575712,-5.697549,0.368567,-0.005938,-0.179740,-1.260737,0.165192
18.183333,-17.574940,-5.695155,0.368170,-0.005286,-0.179816,-1.264070,0.150917
18.200000,-17.574221,-5.693429,0.367988,-0.005076,-0.180007,-1.267200,0.112223
18.216667,-17.573317,-5.692367,0.367856,-0.004660,-0.179962,-1.269751,0.083657
18.233333,-17.572128,-5.691728,0.367805,-0.004174,-0.179874,-1.272606,0.080964
18.250000,-17.577465,-5.690408,0.367646,-0.005674,-0.185348,-1.265673,0.329846
18.266667,-17.582127,-5.687758,0.367015,-0.006953,-0.188123,-1.259990,0.321723
18.283333,-17.586758,-5.682987,0.365810,-0.007871,-0.186663,-1.255137,0.398970
18.300000,-17.590878,-5.677589,0.364444,-0.008348,-0.186496,-1.254698,0.407424
18.316667,-17.594709,-5.672104,0.363364,-0.008539,-0.186821,-1.255330,0.401458
18.333333,-17.598066,-5.665538,0.361958,-0.006695,-0.186041,-1.260063,0.442465
18.350000,-17.600567,-5.658045,0.360299,-0.001750,-0.182779,-1.265842,0.473954
18.366667,-17.602982,-5.650173,0.358364,-0.000163,-0.182212,-1.276579,0.494020
18.383333,-17.605103,-5.641662,0.356855,0.002509,-0.179580,-1.287852,0.526282
18.400000,-17.607050,-5.635972,0.355958,0.004117,-0.180227,-1.294202,0.360874
18.416667,-17.609547,-5.629292,0.354309,0.007433,-0.178038,-1.301527,0.427854
18.433333,-17.611765,-5.623558,0.353352,0.008449,-0.179566,-1.309299,0.368885
18.450000,-17.612806,-5.618923,0.352016,0.010503,-0.181795,-1.313106,0.285025
18.466667,-17.614679,-5.613171,0.351695,0.008935,-0.180302,-1.314306,0.362961
18.483333,-17.616331,-5.608364,0.351563,0.007475,-0.180293,-1.315055,0.304972
18.500000,-17.617060,-5.603511,0.350711,0.008879,-0.180253,-1.316762,0.294458
18.516667,-17.617868,-5.598073,0.350025,0.009306,-0.180354,-1.322387,0.329888
18.533333,-17.618273,-5.593080,0.349125,0.011231,-0.181167,-1.328640,0.300530
18.550000,-17.619394,-5.588704,0.348717,0.010862,-0.181839,-1.332785,0.271042
18.566667,-17.620245,-5.584915,0.348288,0.011210,-0.183466,-1.337834,0.233024
18.583333,-17.620876,-5.581149,0.347842,0.011684,-0.184560,-1.343539,0.229117
18.600000,-17.621403,-5.578168,0.347515,0.011985,-0.185641,-1.347898,0.181582
18.616667,-17.622139,-5.575958,0.347309,0.011980,-0.186338,-1.350595,0.139800
18.633333,-17.622669,-5.573790,0.347139,0.011853,-0.186820,-1.354112,0.133897
18.650000,-17.622923,-5.572336,0.346920,0.012635,-0.187187,-1.356402,0.088551
18.666667,-17.623148,-5.570592,0.346781,0.012656,-0.187401,-1.360179,0.105524
18.683333,-17.623407,-5.569944,0.346715,0.012606,-0.187610,-1.360794,0.041854
18.700000,-17.623436,-5.569108,0.346617,0.012969,-0.187904,-1.363592,0.050212
18.716667,-17.623518,-5.569653,0.346655,0.012726,-0.187659,-1.361516,0.033041
18.733333,-17.623720,-5.570303,0.346719,0.012743,-0.187446,-1.361081,0.040866
18.750000,-17.623690,-5.571618,0.346830,0.012894,-0.187441,-1.360168,0.078900
18.766667,-17.623640,-5.572637,0.346941,0.013339,-0.187253,-1.361750,0.061212
18.783333,-17.623350,-5.574401,0.347056,0.013909,-0.187171,-1.361991,0.107306
18.800000,-17.623087,-5.576715,0.347241,0.014311,-0.186730,-1.360794,0.139712
18.816667,-17.623030,-5.579291,0.347537,0.014523,-0.186301,-1.360616,0.154619
18.833333,-17.622679,-5.581991,0.347715,0.015302,-0.185673,-1.360191,0.163354
18.850000,-17.622410,-5.584800,0.348091,0.015244,-0.184678,-1.359938,0.169285
18.866667,-17.622225,-5.588402,0.348540,0.014943,-0.183864,-1.359657,0.216435
18.883333,-17.621756,-5.592236,0.349090,0.014561,-0.182959,-1.359384,0.231714
18.900000,-17.621895,-5.597068,0.349679,0.013887,-0.181471,-1.355117,0.290085
18.916667,-17.622040,-5.601887,0.350256,0.013380,-0.180102,-1.353377,0.289237
18.933333,-17.622410,-5.606935,0.350885,0.012952,-0.177719,-1.348814,0.303681
18.950000,-17.622202,-5.612808,0.351468,0.013281,-0.179098,-1.346214,0.352613
18.966667,-17.622450,-5.618907,0.352222,0.013092,-0.178415,-1.340050,0.366256
18.983333,-17.622562,-5.624581,0.353001,0.012236,-0.178855,-1.336918,0.340500
19.000000,-17.622343,-5.630436,0.353638,0.012483,-0.178318,-1.331966,0.351551
19.016667,-17.622202,-5.635895,0.354504,0.011766,-0.178555,-1.331173,0.327639
19.033333,-17.622225,-5.641237,0.356185,0.008925,-0.177907,-1.331113,0.320552
19.050000,-17.620998,-5.647740,0.357374,0.009041,-0.179145,-1.328045,0.397064
19.066667,-17.619610,-5.652829,0.358406,0.009068,-0.179149,-1.329596,0.316491
19.083333,-17.617525,-5.658248,0.359126,0.010331,-0.179845,-1.329278,0.348358
19.100000,-17.615099,-5.663717,0.359450,0.012731,-0.180706,-1.329515,0.358971
19.116667,-17.612255,-5.669199,0.359615,0.015525,-0.181249,-1.330384,0.370530
19.133333,-17.609396,-5.675187,0.359928,0.018161,-0.181756,-1.330585,0.398140
19.150000,-17.608074,-5.680495,0.362049,0.015910,-0.180370,-1.330928,0.328243
19.166667,-17.606518,-5.686656,0.363593,0.014250,-0.180193,-1.330889,0.381285
19.183333,-17.605158,-5.691790,0.363687,0.017401,-0.180056,-1.327283,0.318615
19.200000,-17.607956,-5.695817,0.364736,0.014313,-0.180094,-1.319190,0.294262
19.216667,-17.609964,-5.699576,0.364657,0.014828,-0.180716,-1.312753,0.255685
19.233333,-17.612247,-5.702499,0.364944,0.014447,-0.180778,-1.308203,0.222539
19.250000,-17.614386,-5.706739,0.365241,0.013848,-0.181115,-1.299384,0.284918
19.266667,-17.615997,-5.711409,0.365448,0.013926,-0.181515,-1.289391,0.296426
19.283333,-17.618776,-5.715613,0.367009,0.009675,-0.180629,-1.280934,0.302383
19.300000,-17.620865,-5.719445,0.367479,0.008693,-0.180349,-1.273470,0.261820
19.316667,-17.623362,-5.723470,0.368276,0.006839,-0.179754,-1.265281,0.284188
19.333333,-17.624891,-5.726707,0.368480,0.008073,-0.179034,-1.258765,0.214854
19.350000,-17.626717,-5.730670,0.368958,0.007944,-0.178668,-1.251242,0.261790
19.366667,-17.628521,-5.734855,0.369520,0.007830,-0.178197,-1.243170,0.273429
19.383333,-17.630600,-5.738904,0.370134,0.007340,-0.179768,-1.233396,0.273084
19.400000,-17.634344,-5.735201,0.369935,0.008798,-0.188348,-1.241439,0.315944
19.416667,-17.637674,-5.730964,0.369434,0.010313,-0.195702,-1.247810,0.323378
19.433333,-17.641581,-5.725685,0.368650,0.011678,-0.199787,-1.253339,0.394005
19.450000,-17.645782,-5.721029,0.367723,0.012718,-0.203663,-1.256608,0.376295
19.466667,-17.650862,-5.715084,0.366748,0.013019,-0.203173,-1.260487,0.469169
19.483333,-17.656088,-5.709212,0.365577,0.013362,-0.201193,-1.261916,0.471640
19.500000,-17.660812,-5.703538,0.362534,0.017919,-0.198119,-1.261857,0.443001
19.516667,-17.669422,-5.696984,0.363401,0.011375,-0.189411,-1.259983,0.649234
19.533333,-17.677694,-5.691917,0.363451,0.004744,-0.182352,-1.255522,0.582052
19.550000,-17.683418,-5.687948,0.363011,0.003850,-0.174795,-1.244435,0.417930
19.566667,-17.687950,-5.685924,0.362555,0.002567,-0.169013,-1.227356,0.297791
19.583333,-17.691746,-5.684546,0.362976,0.000633,-0.165733,-1.211892,0.242273
19.600000,-17.696728,-5.684235,0.363947,-0.006847,-0.163941,-1.195936,0.299503
19.616667,-17.700407,-5.684379,0.364700,-0.011330,-0.163532,-1.180560,0.220924
19.633333,-17.703070,-5.684420,0.365062,-0.013653,-0.164012,-1.167635,0.159779
19.650000,-17.706112,-5.684370,0.365517,-0.017057,-0.164031,-1.155079,0.182558
19.666667,-17.710264,-5.684679,0.366839,-0.024712,-0.163908,-1.142781,0.249829
19.683333,-17.713243,-5.684247,0.367288,-0.027208,-0.162131,-1.130192,0.180630
19.700000,-17.714779,-5.682763,0.366640,-0.024339,-0.160394,-1.120625,0.128118
19.716667,-17.717031,-5.683548,0.366908,-0.026795,-0.161046,-1.108113,0.143143
19.733333,-17.718405,-5.683438,0.366610,-0.025461,-0.159966,-1.098082,0.082664
19.750000,-17.720718,-5.683773,0.366955,-0.027432,-0.159139,-1.089132,0.140266
19.766667,-17.722464,-5.684471,0.366896,-0.028765,-0.159564,-1.081317,0.112769
19.783333,-17.724888,-5.685908,0.367314,-0.031697,-0.159113,-1.072592,0.169094
19.800000,-17.725998,-5.686661,0.367283,-0.031291,-0.160604,-1.068829,0.080496
19.816667,-17.727482,-5.688433,0.367956,-0.034393,-0.160617,-1.062089,0.138673
19.833333,-17.727955,-5.689518,0.368159,-0.034964,-0.160029,-1.056916,0.071033
19.850000,-17.728598,-5.690405,0.368326,-0.035527,-0.159638,-1.055513,0.065698
19.866667,-17.728458,-5.690992,0.368385,-0.034982,-0.159810,-1.057725,0.036224
19.883333,-17.727827,-5.692436,0.368423,-0.034371,-0.160066,-1.057838,0.094525
19.900000,-17.726768,-5.693987,0.368447,-0.033667,-0.160103,-1.057799,0.112676
19.916667,-17.725681,-5.695253,0.368491,-0.032743,-0.160414,-1.059967,0.100147
19.933333,-17.724312,-5.696190,0.368343,-0.031083,-0.160521,-1.063987,0.099560
19.950000,-17.723049,-5.697751,0.368422,-0.030297,-0.159754,-1.065034,0.120428
19.966667,-17.721447,-5.700500,0.368646,-0.030133,-0.159217,-1.062863,0.190932
19.983333,-17.719919,-5.702491,0.369254,-0.030620,-0.158824,-1.064928,0.150568
20.000000,-17.717278,-5.705068,0.369133,-0.029457,-0.159207,-1.065524,0.221440
20.016667,-17.715090,-5.707481,0.369552,-0.030085,-0.161184,-1.069032,0.195417
20.033333,-17.713442,-5.709165,0.371254,-0.033764,-0.161918,-1.074397,0.141379
20.050000,-17.710209,-5.710810,0.371605,-0.033767,-0.163815,-1.080090,0.217633
20.066667,-17.707167,-5.712191,0.372214,-0.034000,-0.165045,-1.086184,0.200470
20.083333,-17.702955,-5.712831,0.372107,-0.032095,-0.166592,-1.094884,0.255582
20.100000,-17.698977,-5.713071,0.372457,-0.031431,-0.167141,-1.103915,0.239159
20.116667,-17.694500,-5.712995,0.372696,-0.029894,-0.167512,-1.113975,0.268632
20.133333,-17.691225,-5.713017,0.374845,-0.033389,-0.165817,-1.123149,0.196499
20.150000,-17.686207,-5.713605,0.374875,-0.031200,-0.165878,-1.132229,0.303157
20.166667,-17.680626,-5.714423,0.374529,-0.027530,-0.165966,-1.140608,0.338430
20.183333,-17.674854,-5.715317,0.373981,-0.023275,-0.166456,-1.149678,0.350433
20.200000,-17.670195,-5.716237,0.374556,-0.022674,-0.165568,-1.158248,0.284969
20.216667,-17.665119,-5.716860,0.374366,-0.019600,-0.165153,-1.169471,0.306815
20.233333,-17.660011,-5.717750,0.374769,-0.017299,-0.165955,-1.181086,0.311088
20.250000,-17.655043,-5.719536,0.375277,-0.016374,-0.167049,-1.191352,0.316798
20.266667,-17.650116,-5.721332,0.375722,-0.015248,-0.167914,-1.201584,0.314635
20.283333,-17.646320,-5.724030,0.376744,-0.018705,-0.170179,-1.211777,0.279407
20.300000,-17.639112,-5.725111,0.375250,-0.007741,-0.168498,-1.221108,0.437305
20.316667,-17.632847,-5.726912,0.374594,-0.001694,-0.167736,-1.230768,0.391169
20.333333,-17.626831,-5.729285,0.374093,0.003457,-0.167246,-1.239800,0.388008
20.350000,-17.625294,-5.730108,0.373877,0.005612,-0.166752,-1.240530,0.104640
20.366667,-17.627024,-5.732346,0.374743,0.000869,-0.168224,-1.237005,0.169711
20.383333,-17.627764,-5.733917,0.374861,0.001161,-0.167755,-1.233885,0.104205
20.400000,-17.628925,-5.735792,0.375300,-0.000257,-0.168570,-1.230580,0.132311
20.416667,-17.629953,-5.737150,0.375460,-0.000893,-0.168472,-1.227833,0.102197
20.433333,-17.630873,-5.739086,0.375698,-0.001285,-0.168329,-1.225100,0.128615
20.450000,-17.632023,-5.741387,0.376011,-0.001925,-0.168319,-1.221867,0.154332
20.466667,-17.633257,-5.743288,0.376224,-0.002125,-0.168420,-1.218971,0.135993
20.483333,-17.634274,-5.745344,0.376401,-0.001873,-0.168583,-1.216200,0.137597
20.500000,-17.635561,-5.747218,0.376559,-0.001892,-0.168146,-1.212936,0.136417
20.516667,-17.637177,-5.749680,0.376773,-0.002144,-0.168267,-1.208445,0.176679
20.533333,-17.638769,-5.752742,0.377205,-0.003040,-0.168728,-1.203897,0.207099
20.550000,-17.639900,-5.756896,0.377691,-0.004307,-0.168584,-1.194272,0.258353
20.566667,-17.640860,-5.760667,0.378162,-0.005200,-0.168789,-1.188614,0.233458
20.583333,-17.642254,-5.763702,0.378347,-0.005341,-0.168666,-1.183342,0.200400
20.600000,-17.643970,-5.767793,0.378808,-0.006415,-0.169141,-1.176226,0.266155
20.616667,-17.645334,-5.772125,0.379000,-0.006316,-0.169510,-1.168681,0.272527
20.633333,-17.648640,-5.776864,0.381103,-0.012139,-0.168266,-1.157915,0.346641
20.650000,-17.651104,-5.781236,0.382001,-0.014211,-0.168218,-1.148929,0.301152
20.666667,-17.653227,-5.785236,0.382557,-0.015923,-0.167886,-1.139882,0.271690
20.683333,-17.655779,-5.789989,0.383759,-0.019309,-0.167042,-1.128721,0.323719
20.700000,-17.658073,-5.794137,0.384629,-0.021278,-0.166621,-1.119914,0.284421
20.716667,-17.660072,-5.798022,0.385297,-0.022542,-0.166255,-1.112287,0.262134
20.733333,-17.662096,-5.801618,0.385978,-0.023808,-0.165859,-1.105353,0.247546
20.750000,-17.664240,-5.805333,0.386828,-0.025654,-0.165084,-1.097345,0.257380
20.766667,-17.666248,-5.808905,0.387531,-0.027179,-0.164525,-1.090759,0.245850
20.783333,-17.667866,-5.813261,0.388602,-0.029636,-0.165103,-1.082009,0.278817
20.800000,-17.669632,-5.817232,0.389583,-0.031953,-0.164729,-1.073950,0.260744
20.816667,-17.671152,-5.819723,0.389843,-0.032998,-0.162934,-1.067571,0.175117
20.833333,-17.671833,-5.823795,0.390624,-0.034489,-0.164049,-1.058901,0.247724
20.850000,-17.672976,-5.824769,0.390578,-0.034747,-0.162318,-1.056855,0.090087
20.866667,-17.673840,-5.826960,0.390875,-0.035411,-0.161937,-1.052212,0.141290
20.883333,-17.674751,-5.828889,0.391127,-0.035891,-0.161812,-1.048858,0.128032
20.900000,-17.675552,-5.831146,0.391489,-0.036755,-0.161479,-1.044030,0.143663
20.916667,-17.676674,-5.833436,0.391879,-0.037687,-0.161002,-1.039431,0.152981
20.933333,-17.677721,-5.835570,0.392207,-0.038297,-0.160815,-1.035802,0.142667
20.950000,-17.678453,-5.838102,0.392570,-0.039113,-0.160468,-1.030263,0.158149
20.966667,-17.678925,-5.839837,0.392841,-0.039718,-0.160443,-1.026613,0.107826
20.983333,-17.679615,-5.841622,0.393121,-0.040271,-0.160348,-1.023303,0.114849
21.000000,-17.680183,-5.843562,0.393469,-0.040955,-0.160406,-1.019524,0.121280
21.016667,-17.680517,-5.844405,0.393565,-0.041432,-0.159534,-1.016827,0.054403
21.033333,-17.680586,-5.845343,0.393736,-0.041867,-0.159426,-1.014277,0.056427
21.050000,-17.680424,-5.846164,0.393886,-0.042307,-0.159160,-1.011854,0.050246
21.066667,-17.680458,-5.846210,0.393892,-0.042341,-0.159117,-1.011724,0.003433
21.083333,-17.679592,-5.848382,0.394494,-0.043313,-0.161534,-1.006259,0.140268
21.100000,-17.679377,-5.849232,0.394924,-0.044268,-0.161049,-1.004312,0.052626
21.116667,-17.679094,-5.850221,0.394970,-0.044519,-0.160810,-1.001014,0.061708
21.133333,-17.678869,-5.851396,0.395101,-0.044942,-0.160597,-0.997319,0.071805
21.150000,-17.678650,-5.852717,0.395305,-0.045493,-0.160288,-0.993609,0.080336
21.166667,-17.678642,-5.854124,0.395589,-0.046327,-0.159938,-0.989648,0.084401
21.183333,-17.678665,-5.855478,0.395749,-0.046671,-0.159693,-0.986066,0.081293
21.200000,-17.678799,-5.856980,0.396014,-0.047366,-0.159357,-0.982092,0.090478
21.216667,-17.678757,-5.858703,0.396309,-0.048029,-0.159048,-0.977980,0.103371
21.233333,-17.679003,-5.860044,0.396823,-0.049422,-0.158322,-0.974164,0.081852
21.250000,-17.678841,-5.861019,0.397009,-0.050035,-0.157794,-0.970847,0.059283
21.266667,-17.678713,-5.861445,0.397272,-0.050831,-0.157463,-0.968900,0.026702
21.283333,-17.677820,-5.861642,0.397278,-0.050475,-0.158838,-0.968951,0.054846
21.300000,-17.677305,-5.860567,0.396810,-0.049442,-0.159109,-0.970853,0.071534
21.316667,-17.677000,-5.857482,0.395667,-0.046367,-0.160515,-0.979791,0.186012
21.333333,-17.677877,-5.854017,0.395633,-0.046555,-0.159754,-0.988252,0.214472
21.350000,-17.677784,-5.851068,0.395140,-0.045321,-0.160282,-0.995840,0.176986
21.366667,-17.677679,-5.848070,0.394730,-0.044283,-0.160867,-1.003563,0.180011
21.383333,-17.677460,-5.844925,0.394252,-0.043056,-0.161320,-1.011582,0.189171
21.400000,-17.677061,-5.841967,0.393757,-0.041785,-0.161901,-1.018978,0.179102
21.416667,-17.676657,-5.838617,0.393181,-0.040282,-0.162438,-1.027529,0.202446
21.433333,-17.676363,-5.833837,0.392249,-0.038475,-0.161332,-1.037919,0.287359
21.450000,-17.675850,-5.829048,0.391494,-0.036720,-0.161496,-1.049858,0.288949
21.466667,-17.675037,-5.824764,0.390848,-0.035028,-0.162032,-1.060575,0.261645
21.483333,-17.674179,-5.820510,0.390189,-0.033216,-0.162407,-1.071010,0.260347
21.500000,-17.672659,-5.817410,0.389967,-0.032480,-0.164609,-1.078720,0.207181
21.516667,-17.671101,-5.813334,0.389062,-0.030013,-0.164934,-1.088506,0.261850
21.533333,-17.669506,-5.808530,0.387920,-0.026841,-0.165176,-1.099954,0.303684
21.550000,-17.667757,-5.803617,0.386823,-0.023803,-0.165323,-1.111581,0.312894
21.566667,-17.666069,-5.799739,0.386149,-0.022503,-0.165516,-1.119977,0.253747
21.583333,-17.664396,-5.794989,0.385510,-0.020664,-0.166249,-1.132149,0.302170
21.600000,-17.662905,-5.791121,0.384584,-0.018297,-0.166115,-1.141649,0.248769
21.616667,-17.661076,-5.787387,0.383945,-0.016335,-0.166417,-1.150415,0.249432
21.633333,-17.659407,-5.783783,0.383377,-0.014804,-0.166842,-1.158732,0.238322
21.650000,-17.658602,-5.780944,0.383049,-0.013652,-0.168245,-1.165019,0.177031
21.666667,-17.659536,-5.778804,0.383918,-0.015976,-0.169386,-1.168775,0.140140
21.683333,-17.658457,-5.774915,0.382166,-0.012191,-0.168504,-1.174794,0.242141
21.700000,-17.658096,-5.770381,0.381564,-0.011163,-0.167187,-1.184654,0.272885
21.716667,-17.657225,-5.766623,0.381019,-0.009601,-0.167203,-1.194527,0.231519
21.733333,-17.656162,-5.763780,0.380603,-0.008407,-0.166883,-1.201800,0.182096
21.750000,-17.655369,-5.762102,0.380432,-0.008025,-0.166771,-1.204910,0.111342
21.766667,-17.654799,-5.760592,0.380293,-0.007585,-0.167363,-1.208019,0.096828
21.783333,-17.654207,-5.757749,0.379942,-0.006996,-0.166727,-1.213958,0.174280
21.800000,-17.653622,-5.755796,0.379728,-0.006640,-0.166577,-1.216883,0.122313
21.816667,-17.654026,-5.756314,0.379906,-0.008498,-0.166780,-1.209141,0.039443
21.833333,-17.654037,-5.756945,0.380103,-0.010052,-0.166727,-1.201744,0.037829
21.850000,-17.654240,-5.757109,0.380190,-0.010473,-0.167593,-1.199045,0.015639
21.866667,-17.653738,-5.756506,0.380060,-0.009713,-0.167205,-1.201377,0.047050
21.883333,-17.652798,-5.755533,0.379833,-0.008850,-0.166785,-1.204903,0.081218
21.900000,-17.652113,-5.755431,0.379754,-0.008324,-0.166613,-1.207557,0.041538
21.916667,-17.650555,-5.756344,0.379719,-0.007394,-0.166647,-1.208714,0.108368
21.933333,-17.650126,-5.756963,0.379717,-0.007022,-0.166634,-1.209252,0.045213
21.950000,-17.650408,-5.757710,0.379842,-0.007310,-0.166693,-1.207847,0.047871
21.966667,-17.650650,-5.758477,0.379913,-0.007454,-0.166654,-1.206075,0.048274
21.983333,-17.651148,-5.759064,0.379983,-0.007606,-0.166599,-1.205491,0.046201
22.000000,-17.651484,-5.759726,0.380053,-0.007685,-0.166638,-1.204586,0.044501
22.016667,-17.651815,-5.760301,0.380137,-0.007891,-0.166697,-1.203430,0.039862
22.033333,-17.651628,-5.762344,0.380398,-0.008473,-0.166998,-1.198272,0.123107
22.050000,-17.651968,-5.763341,0.380487,-0.008686,-0.166761,-1.196336,0.063170
22.066667,-17.652069,-5.765350,0.380739,-0.009263,-0.166841,-1.191716,0.120716
22.083333,-17.652666,-5.766788,0.380898,-0.009578,-0.166911,-1.189085,0.093428
22.100000,-17.653194,-5.768317,0.381032,-0.009806,-0.166869,-1.186189,0.097021
22.116667,-17.653831,-5.770478,0.381289,-0.010347,-0.167120,-1.181983,0.135178
22.133333,-17.654768,-5.772969,0.381578,-0.011253,-0.167149,-1.175995,0.159700
22.150000,-17.655302,-5.775647,0.381808,-0.011532,-0.167039,-1.171097,0.163839
22.166667,-17.656048,-5.778831,0.382096,-0.011902,-0.167114,-1.166018,0.196229
22.183333,-17.657475,-5.781838,0.382674,-0.013133,-0.166967,-1.160779,0.199668
22.200000,-17.659224,-5.784771,0.383182,-0.014401,-0.166758,-1.155565,0.204921
22.216667,-17.661030,-5.788692,0.383930,-0.016432,-0.166688,-1.146349,0.259024
22.233333,-17.662971,-5.792473,0.384652,-0.018318,-0.166639,-1.137990,0.255017
22.250000,-17.664572,-5.796085,0.385254,-0.020152,-0.165993,-1.128944,0.237013
22.266667,-17.666302,-5.799990,0.386060,-0.022155,-0.165752,-1.120601,0.256253
22.283333,-17.668213,-5.803519,0.386790,-0.023935,-0.165650,-1.113318,0.240826
22.300000,-17.669704,-5.806455,0.387337,-0.024989,-0.165379,-1.107658,0.197557
22.316667,-17.670942,-5.809648,0.387828,-0.025922,-0.166245,-1.102365,0.205468
22.333333,-17.672913,-5.811948,0.388576,-0.027718,-0.165140,-1.097619,0.181746
22.350000,-17.674381,-5.815131,0.389334,-0.029737,-0.165179,-1.090947,0.210323
22.366667,-17.675623,-5.817513,0.389766,-0.030505,-0.164951,-1.086788,0.161136
22.383333,-17.676600,-5.820375,0.390269,-0.031721,-0.164934,-1.080569,0.181467
22.400000,-17.677662,-5.822806,0.390608,-0.032532,-0.164818,-1.075657,0.159176
22.416667,-17.678501,-5.825224,0.390927,-0.033084,-0.164776,-1.070874,0.153572
22.433333,-17.679457,-5.827429,0.391278,-0.033875,-0.164819,-1.066745,0.144184
22.450000,-17.680334,-5.829483,0.391564,-0.034389,-0.164637,-1.062764,0.133998
22.466667,-17.681356,-5.830248,0.391494,-0.035005,-0.162584,-1.059940,0.076624
22.483333,-17.681654,-5.832925,0.392138,-0.035949,-0.164308,-1.054708,0.161635
22.500000,-17.682249,-5.834496,0.392369,-0.036193,-0.164474,-1.052912,0.100753
22.516667,-17.683189,-5.834552,0.392199,-0.036224,-0.162872,-1.052577,0.056520
22.533333,-17.683281,-5.837192,0.392772,-0.037217,-0.164143,-1.046285,0.158510
22.550000,-17.683760,-5.838273,0.392764,-0.037580,-0.162640,-1.043472,0.070909
22.566667,-17.684389,-5.838222,0.392639,-0.037964,-0.160857,-1.042106,0.037887
22.583333,-17.684399,-5.838011,0.392547,-0.037903,-0.160299,-1.042370,0.012687
22.600000,-17.684090,-5.838477,0.392606,-0.038108,-0.160168,-1.040312,0.033542
22.616667,-17.682854,-5.841179,0.393448,-0.039465,-0.163202,-1.033195,0.178289
22.633333,-17.682585,-5.840470,0.393309,-0.038983,-0.162858,-1.035590,0.045474
22.650000,-17.682129,-5.841334,0.393498,-0.039556,-0.163105,-1.032557,0.058615
22.666667,-17.681736,-5.841763,0.393589,-0.039733,-0.163270,-1.031064,0.034911
22.683333,-17.681952,-5.840893,0.393332,-0.040072,-0.161047,-1.030418,0.053819
22.700000,-17.681416,-5.843622,0.395465,-0.038249,-0.177085,-1.046362,0.166892
22.716667,-17.683914,-5.844075,0.395893,-0.036377,-0.182939,-1.056436,0.152361
22.733333,-17.688854,-5.842353,0.395389,-0.036019,-0.180369,-1.063166,0.313900
22.750000,-17.693710,-5.838035,0.393467,-0.034044,-0.172397,-1.070844,0.389903
22.766667,-17.698009,-5.834193,0.392041,-0.032675,-0.167346,-1.078215,0.345940
22.783333,-17.701099,-5.833192,0.391703,-0.032139,-0.167225,-1.079964,0.194878
22.800000,-17.704144,-5.832528,0.391344,-0.032484,-0.165750,-1.078577,0.186945
22.816667,-17.706230,-5.833267,0.391520,-0.033230,-0.166712,-1.076120,0.132830
22.833333,-17.707819,-5.833816,0.391433,-0.032853,-0.166519,-1.074529,0.100847
22.850000,-17.709322,-5.835103,0.392001,-0.034478,-0.166289,-1.071759,0.118741
22.866667,-17.709986,-5.836715,0.392046,-0.034545,-0.166568,-1.069080,0.104582
22.883333,-17.710533,-5.837546,0.392100,-0.034073,-0.166518,-1.070181,0.059712
22.900000,-17.710384,-5.839202,0.392493,-0.034206,-0.167093,-1.069290,0.099763
22.916667,-17.710464,-5.841888,0.393049,-0.035568,-0.166407,-1.064078,0.161233
22.933333,-17.710138,-5.844435,0.393457,-0.035649,-0.166618,-1.061513,0.154084
22.950000,-17.709785,-5.847002,0.394251,-0.037152,-0.166168,-1.058823,0.155457
22.966667,-17.708797,-5.849757,0.394927,-0.038022,-0.166173,-1.055890,0.175591
22.983333,-17.707832,-5.852448,0.395882,-0.039734,-0.165684,-1.053067,0.171518
23.000000,-17.706768,-5.855013,0.396517,-0.040522,-0.165301,-1.049538,0.166670
23.016667,-17.706747,-5.856395,0.396914,-0.041748,-0.164782,-1.045130,0.082922
23.033333,-17.707224,-5.857862,0.397318,-0.043581,-0.162727,-1.038154,0.092512
23.050000,-17.706779,-5.858670,0.397561,-0.043365,-0.164762,-1.038725,0.055367
23.066667,-17.706671,-5.858129,0.397371,-0.043200,-0.164036,-1.039380,0.033149
23.083333,-17.707029,-5.857725,0.397113,-0.043190,-0.162813,-1.038353,0.032406
23.100000,-17.706528,-5.856626,0.397104,-0.042435,-0.164344,-1.043461,0.072490
23.116667,-17.705975,-5.855611,0.396876,-0.041746,-0.164863,-1.045804,0.069341
23.133333,-17.705219,-5.854404,0.395776,-0.039652,-0.164438,-1.046747,0.085400
23.150000,-17.704163,-5.852963,0.395503,-0.038436,-0.165691,-1.050651,0.107214
23.166667,-17.703775,-5.852309,0.395235,-0.038563,-0.164261,-1.048852,0.045613
23.183333,-17.703608,-5.851395,0.395206,-0.038614,-0.163751,-1.049969,0.055763
23.200000,-17.702253,-5.850538,0.394735,-0.036838,-0.165837,-1.054005,0.096153
23.216667,-17.702278,-5.849457,0.394424,-0.036690,-0.164231,-1.053732,0.064905
23.233333,-17.701649,-5.849648,0.394556,-0.037107,-0.164691,-1.052680,0.039478
23.250000,-17.701702,-5.848889,0.394384,-0.036862,-0.164307,-1.054101,0.045689
23.266667,-17.701508,-5.849002,0.394398,-0.037023,-0.164158,-1.053121,0.013499
23.283333,-17.700937,-5.848947,0.394540,-0.036656,-0.165714,-1.055286,0.034378
23.300000,-17.700758,-5.849115,0.394614,-0.036844,-0.165869,-1.054818,0.014775
23.316667,-17.700941,-5.848734,0.394505,-0.036963,-0.165070,-1.054660,0.025363
23.333333,-17.700504,-5.848981,0.394625,-0.036933,-0.165916,-1.054647,0.030107
23.350000,-17.701109,-5.848870,0.394443,-0.037239,-0.164308,-1.052884,0.036885
23.366667,-17.700930,-5.849081,0.394577,-0.037069,-0.165582,-1.053765,0.016602
23.383333,-17.701149,-5.849721,0.394556,-0.037649,-0.164043,-1.050232,0.040615
23.400000,-17.700975,-5.849728,0.394687,-0.037183,-0.165547,-1.053030,0.010421
23.416667,-17.701252,-5.849917,0.394645,-0.037382,-0.164815,-1.051675,0.020125
23.433333,-17.701061,-5.850511,0.394911,-0.037791,-0.165370,-1.050869,0.037413
23.450000,-17.701052,-5.850577,0.394836,-0.037564,-0.165358,-1.050750,0.003989
23.466667,-17.701160,-5.850084,0.394769,-0.037296,-0.165589,-1.052613,0.030294
23.483333,-17.700886,-5.849952,0.394596,-0.036890,-0.165726,-1.052748,0.018286
23.500000,-17.701384,-5.850035,0.394609,-0.037396,-0.164544,-1.051080,0.030281
23.516667,-17.701132,-5.849715,0.394674,-0.037038,-0.165711,-1.053704,0.024406
23.533333,-17.700989,-5.849015,0.394563,-0.036700,-0.165826,-1.055536,0.042868
23.550000,-17.700638,-5.848741,0.394543,-0.036634,-0.166006,-1.055789,0.026721
23.566667,-17.700348,-5.848697,0.394500,-0.036564,-0.165773,-1.055054,0.017593
23.583333,-17.700279,-5.848464,0.394477,-0.036724,-0.165612,-1.055219,0.014584
23.600000,-17.700226,-5.848121,0.394453,-0.036460,-0.166015,-1.056624,0.020819
23.616667,-17.701172,-5.847114,0.394064,-0.036234,-0.164248,-1.057633,0.082925
23.633333,-17.700830,-5.846535,0.394056,-0.035476,-0.166201,-1.061049,0.040299
23.650000,-17.701389,-5.846226,0.394030,-0.036141,-0.164296,-1.060398,0.038315
23.666667,-17.700941,-5.847203,0.394200,-0.036262,-0.165123,-1.058563,0.064497
23.683333,-17.700857,-5.848884,0.394460,-0.037127,-0.164791,-1.053068,0.100977
23.700000,-17.701006,-5.848112,0.394405,-0.036477,-0.165792,-1.057102,0.047200
23.716667,-17.701181,-5.848131,0.394294,-0.036735,-0.164540,-1.055281,0.010594
23.733333,-17.701067,-5.847953,0.394233,-0.036629,-0.164376,-1.055384,0.012714
23.750000,-17.700779,-5.848103,0.394270,-0.036851,-0.164215,-1.054205,0.019489
23.766667,-17.700191,-5.848192,0.394445,-0.036703,-0.165506,-1.055554,0.035652
23.783333,-17.700033,-5.848366,0.394504,-0.036821,-0.165775,-1.055032,0.014116
23.800000,-17.699989,-5.848471,0.394506,-0.036898,-0.165580,-1.054539,0.006822
23.816667,-17.700029,-5.848425,0.394502,-0.036909,-0.165539,-1.054671,0.003650
23.833333,-17.699865,-5.848296,0.394481,-0.036849,-0.165529,-1.054758,0.012529
23.850000,-17.699831,-5.848127,0.394508,-0.036771,-0.165931,-1.055579,0.010363
23.866667,-17.700323,-5.846975,0.394126,-0.036598,-0.164317,-1.056244,0.075164
23.883333,-17.699829,-5.845957,0.394068,-0.035829,-0.165787,-1.060152,0.067894
23.900000,-17.699869,-5.845197,0.393765,-0.035887,-0.164036,-1.059836,0.045639
23.916667,-17.699244,-5.844528,0.393901,-0.035357,-0.166206,-1.064281,0.054957
23.933333,-17.699121,-5.844043,0.393745,-0.035067,-0.165683,-1.064521,0.030004
23.950000,-17.698906,-5.843527,0.393607,-0.035368,-0.164611,-1.063409,0.033575
23.966667,-17.698681,-5.843570,0.393476,-0.034980,-0.163988,-1.062017,0.013753
23.983333,-17.698845,-5.843852,0.393669,-0.035548,-0.164692,-1.062302,0.019564
24.000000,-17.699156,-5.843629,0.393609,-0.035452,-0.164533,-1.063340,0.022945
24.016667,-17.699631,-5.842932,0.393421,-0.035033,-0.164159,-1.065709,0.050636
24.033333,-17.699938,-5.843867,0.393714,-0.035535,-0.164524,-1.064171,0.059080
24.050000,-17.700232,-5.845263,0.393875,-0.035834,-0.164651,-1.061386,0.085549
24.066667,-17.700542,-5.847132,0.394165,-0.036637,-0.164347,-1.056441,0.113693
24.083333,-17.700747,-5.848794,0.394450,-0.037310,-0.164271,-1.052367,0.100513
24.100000,-17.700811,-5.850030,0.394759,-0.037480,-0.165327,-1.051534,0.074260
24.116667,-17.701014,-5.851466,0.394995,-0.038168,-0.165034,-1.047858,0.086967
24.133333,-17.701002,-5.853816,0.395465,-0.039265,-0.165238,-1.041646,0.141021
24.150000,-17.701258,-5.855572,0.395715,-0.040023,-0.164688,-1.036780,0.106482
24.166667,-17.701292,-5.857027,0.395924,-0.040440,-0.164658,-1.033143,0.087286
24.183333,-17.701580,-5.857818,0.396463,-0.042072,-0.163982,-1.030405,0.050512
24.200000,-17.701273,-5.858186,0.396555,-0.042499,-0.163677,-1.028381,0.028785
24.216667,-17.700611,-5.858833,0.396705,-0.042896,-0.163901,-1.025676,0.055516
24.233333,-17.699902,-5.858302,0.396382,-0.042198,-0.163911,-1.025907,0.053181
24.250000,-17.699715,-5.856734,0.396208,-0.041941,-0.163622,-1.029031,0.094737
24.266667,-17.698517,-5.855648,0.395484,-0.040308,-0.163797,-1.030066,0.097000
24.283333,-17.697844,-5.854626,0.395349,-0.039813,-0.164685,-1.032552,0.073424
24.300000,-17.697546,-5.852644,0.395292,-0.040092,-0.164023,-1.035985,0.120237
24.316667,-17.696522,-5.852003,0.395262,-0.040047,-0.164458,-1.036031,0.072508
24.333333,-17.696047,-5.849992,0.394942,-0.039454,-0.164256,-1.040089,0.123969
24.350000,-17.695461,-5.847157,0.394409,-0.038172,-0.164241,-1.046526,0.173678
24.366667,-17.694925,-5.844255,0.394019,-0.037479,-0.164078,-1.052798,0.177095
24.383333,-17.693682,-5.842395,0.393752,-0.036529,-0.165316,-1.056943,0.134253
24.400000,-17.692883,-5.838405,0.393114,-0.035290,-0.164142,-1.064715,0.244137
24.416667,-17.691776,-5.835444,0.392738,-0.034896,-0.164154,-1.070375,0.189663
24.433333,-17.690475,-5.833062,0.392332,-0.034266,-0.163789,-1.073786,0.162832
24.450000,-17.689558,-5.830582,0.391906,-0.033243,-0.163771,-1.078861,0.158657
24.466667,-17.688532,-5.828554,0.391617,-0.033015,-0.163570,-1.082052,0.136395
24.483333,-17.687042,-5.827874,0.391765,-0.032750,-0.165530,-1.082500,0.098250
24.500000,-17.686077,-5.824634,0.391168,-0.032040,-0.164195,-1.088666,0.202820
24.516667,-17.684853,-5.822542,0.390832,-0.031215,-0.164143,-1.092167,0.145436
24.533333,-17.683943,-5.820176,0.390529,-0.030474,-0.164449,-1.097475,0.152124
24.550000,-17.682640,-5.818179,0.390451,-0.029780,-0.165954,-1.102600,0.143036
24.566667,-17.681965,-5.815293,0.389945,-0.028885,-0.165721,-1.108095,0.177853
24.583333,-17.681446,-5.812703,0.389346,-0.027416,-0.165863,-1.112825,0.158497
24.600000,-17.680695,-5.811106,0.389031,-0.026936,-0.165719,-1.114566,0.105895
24.616667,-17.679848,-5.809769,0.388794,-0.026153,-0.165784,-1.118472,0.094937
24.633333,-17.678663,-5.809042,0.388709,-0.025555,-0.165835,-1.121437,0.083407
24.650000,-17.678080,-5.806574,0.388177,-0.024684,-0.164829,-1.126346,0.152143
24.666667,-17.676847,-5.804224,0.387737,-0.023427,-0.165036,-1.131262,0.159173
24.683333,-17.675743,-5.802758,0.387344,-0.022580,-0.165315,-1.134074,0.110161
24.700000,-17.674915,-5.801383,0.387218,-0.022119,-0.165292,-1.136785,0.096307
24.716667,-17.674259,-5.800946,0.387182,-0.022072,-0.165320,-1.136608,0.047277
24.733333,-17.673912,-5.800621,0.387145,-0.022053,-0.165283,-1.136453,0.028560
24.750000,-17.673824,-5.800121,0.387072,-0.021824,-0.165281,-1.137972,0.030414
24.766667,-17.673862,-5.800102,0.387083,-0.021705,-0.165519,-1.138779,0.002559
24.783333,-17.674105,-5.800053,0.387081,-0.021724,-0.165357,-1.139134,0.014835
24.800000,-17.674540,-5.800623,0.387131,-0.021756,-0.165377,-1.138345,0.043054
24.816667,-17.675165,-5.801668,0.387250,-0.022113,-0.165327,-1.136463,0.073064
24.833333,-17.675934,-5.802956,0.387364,-0.022326,-0.165320,-1.134306,0.089992
24.850000,-17.676844,-5.804502,0.387542,-0.022713,-0.165346,-1.131650,0.107601
24.866667,-17.677530,-5.805894,0.387977,-0.023860,-0.165209,-1.128419,0.093174
24.883333,-17.678535,-5.807101,0.388091,-0.024574,-0.164232,-1.124806,0.094239
24.900000,-17.679302,-5.808914,0.388652,-0.026276,-0.164590,-1.121576,0.118105
24.916667,-17.680170,-5.810404,0.388829,-0.026299,-0.164382,-1.118830,0.103440
24.933333,-17.681303,-5.811192,0.388919,-0.026617,-0.163968,-1.118175,0.082811
24.950000,-17.682077,-5.812793,0.389185,-0.027221,-0.163768,-1.114692,0.106693
24.966667,-17.683216,-5.814729,0.389561,-0.028152,-0.163543,-1.110936,0.134760
24.983333,-17.684294,-5.817058,0.389928,-0.029135,-0.163316,-1.105966,0.153993
25.000000,-17.685429,-5.819739,0.390367,-0.030067,-0.163491,-1.100907,0.174666
25.016667,-17.686308,-5.821507,0.390511,-0.030310,-0.163264,-1.097035,0.118507
25.033333,-17.687349,-5.823493,0.390799,-0.031095,-0.162896,-1.093496,0.134500
25.050000,-17.687675,-5.827799,0.391778,-0.032824,-0.165897,-1.082766,0.259148
25.066667,-17.688713,-5.829532,0.391760,-0.033358,-0.163733,-1.077279,0.121159
25.083333,-17.689255,-5.831832,0.392105,-0.034403,-0.163318,-1.072040,0.141791
25.100000,-17.689228,-5.834295,0.392457,-0.035146,-0.162983,-1.065702,0.147781
25.116667,-17.688726,-5.838145,0.393402,-0.036854,-0.165074,-1.057534,0.232980
25.133333,-17.689507,-5.838826,0.393343,-0.037220,-0.163348,-1.054996,0.062129
25.150000,-17.689831,-5.839203,0.393280,-0.037264,-0.162770,-1.053952,0.029822
25.166667,-17.689438,-5.840852,0.393765,-0.037841,-0.164588,-1.050795,0.101704
25.183333,-17.689491,-5.840291,0.393602,-0.037540,-0.164091,-1.052239,0.033826
25.200000,-17.689575,-5.838952,0.393256,-0.037359,-0.162601,-1.053685,0.080467
25.216667,-17.688581,-5.839842,0.393656,-0.037977,-0.164512,-1.050726,0.080032
25.233333,-17.688128,-5.838960,0.393604,-0.037702,-0.164621,-1.053213,0.059526
25.250000,-17.687895,-5.836666,0.393002,-0.037325,-0.162342,-1.055810,0.138350
25.266667,-17.687321,-5.835446,0.392715,-0.036705,-0.161967,-1.057556,0.080861
25.283333,-17.686178,-5.836214,0.393195,-0.037392,-0.164376,-1.055282,0.082573
25.300000,-17.685822,-5.833684,0.392596,-0.036650,-0.162509,-1.059679,0.153279
25.316667,-17.685465,-5.830505,0.391974,-0.035432,-0.161646,-1.066528,0.191941
25.333333,-17.684811,-5.827882,0.391585,-0.034493,-0.161637,-1.072609,0.162206
25.350000,-17.683359,-5.827619,0.391938,-0.034763,-0.164605,-1.072381,0.088510
25.366667,-17.682327,-5.826063,0.391789,-0.034471,-0.164751,-1.076203,0.112019
25.383333,-17.681545,-5.822898,0.391128,-0.033469,-0.162932,-1.081135,0.195569
25.400000,-17.680151,-5.822244,0.391199,-0.033411,-0.164302,-1.080830,0.092420
25.416667,-17.679213,-5.820084,0.390821,-0.032806,-0.163592,-1.084895,0.141280
25.433333,-17.678297,-5.818429,0.390654,-0.032211,-0.164226,-1.088471,0.113461
25.450000,-17.677645,-5.816252,0.390363,-0.031472,-0.164361,-1.093589,0.136371
25.466667,-17.676798,-5.812787,0.389635,-0.029960,-0.163190,-1.100715,0.214030
25.483333,-17.675829,-5.810703,0.389271,-0.029101,-0.163305,-1.104829,0.137882
25.500000,-17.675156,-5.808190,0.388750,-0.027741,-0.163565,-1.111312,0.156122
25.516667,-17.674084,-5.805974,0.388471,-0.026823,-0.164018,-1.116618,0.147691
25.533333,-17.673206,-5.804018,0.388153,-0.026070,-0.164035,-1.120380,0.128599
25.550000,-17.672363,-5.802309,0.387917,-0.025388,-0.164149,-1.124041,0.114388
25.566667,-17.671335,-5.800434,0.387431,-0.024052,-0.164389,-1.128262,0.128272
25.583333,-17.670511,-5.799064,0.387226,-0.023537,-0.164439,-1.130720,0.095944
25.600000,-17.669783,-5.798391,0.387197,-0.023779,-0.164486,-1.131008,0.059485
25.616667,-17.669535,-5.797164,0.387449,-0.024340,-0.164175,-1.133350,0.075130
25.633333,-17.668980,-5.796616,0.387396,-0.024302,-0.164115,-1.133639,0.046814
25.650000,-17.668518,-5.795751,0.387274,-0.023789,-0.164505,-1.136191,0.058801
25.666667,-17.667215,-5.795689,0.386101,-0.020754,-0.164971,-1.135084,0.078253
25.683333,-17.667526,-5.795493,0.386805,-0.022667,-0.164616,-1.135327,0.022036
25.700000,-17.666361,-5.795294,0.385561,-0.019053,-0.165567,-1.136181,0.070934
25.716667,-17.666998,-5.795189,0.386309,-0.021128,-0.165210,-1.136758,0.038743
25.733333,-17.666246,-5.795322,0.385040,-0.017722,-0.165662,-1.136254,0.045791
25.750000,-17.667257,-5.795057,0.385841,-0.019918,-0.165042,-1.137707,0.062705
25.766667,-17.667624,-5.794823,0.385885,-0.019931,-0.165070,-1.139407,0.026079
25.783333,-17.667933,-5.794922,0.385876,-0.019655,-0.165415,-1.140531,0.019480
25.800000,-17.668324,-5.795315,0.385918,-0.019727,-0.165409,-1.140222,0.033239
25.816667,-17.668673,-5.796246,0.386026,-0.020089,-0.165254,-1.137797,0.059645
25.833333,-17.669315,-5.797470,0.386378,-0.021118,-0.165009,-1.134694,0.082978
25.850000,-17.669945,-5.798837,0.386600,-0.021779,-0.164883,-1.131539,0.090302
25.866667,-17.670717,-5.800208,0.386816,-0.022239,-0.164847,-1.129040,0.094389
25.883333,-17.671513,-5.801210,0.386952,-0.022553,-0.164786,-1.127620,0.076773
25.900000,-17.672337,-5.802596,0.387180,-0.023168,-0.164631,-1.124921,0.096754
25.916667,-17.673122,-5.803787,0.387372,-0.023683,-0.164473,-1.122726,0.085596
25.933333,-17.673723,-5.805449,0.387475,-0.024025,-0.164655,-1.119393,0.106050
25.950000,-17.674616,-5.806931,0.387784,-0.024638,-0.164425,-1.116378,0.103804
25.966667,-17.675524,-5.808685,0.388273,-0.026012,-0.164303,-1.112918,0.118492
25.983333,-17.676764,-5.810528,0.388571,-0.026741,-0.163856,-1.109190,0.133294
26.000000,-17.677721,-5.812488,0.389015,-0.027736,-0.164048,-1.105967,0.130846
26.016667,-17.679127,-5.813630,0.389131,-0.028217,-0.163944,-1.102544,0.108669
26.033333,-17.680553,-5.815665,0.389470,-0.029440,-0.163722,-1.096470,0.149148
26.050000,-17.681820,-5.817941,0.389993,-0.031035,-0.163104,-1.090722,0.156250
26.066667,-17.682194,-5.821759,0.390781,-0.032669,-0.164765,-1.080655,0.230206
26.083333,-17.682283,-5.825576,0.391241,-0.033526,-0.164852,-1.072421,0.229088
26.100000,-17.682590,-5.828632,0.391842,-0.034459,-0.164671,-1.068615,0.184286
26.116667,-17.683319,-5.830482,0.392020,-0.035007,-0.163821,-1.065255,0.119306
26.133333,-17.683821,-5.833826,0.392611,-0.036303,-0.164284,-1.057341,0.202832
26.150000,-17.684824,-5.835577,0.392668,-0.036972,-0.162428,-1.052409,0.121080
26.166667,-17.685642,-5.836599,0.392651,-0.037389,-0.161137,-1.049115,0.078591
26.183333,-17.685347,-5.840202,0.393521,-0.039119,-0.163509,-1.039245,0.216905
26.200000,-17.685410,-5.841187,0.393520,-0.039350,-0.162026,-1.037136,0.059172
26.216667,-17.685825,-5.841330,0.393429,-0.039478,-0.160575,-1.036572,0.026383
26.233333,-17.685156,-5.843736,0.394059,-0.040436,-0.162808,-1.030756,0.149851
26.250000,-17.685253,-5.843666,0.394033,-0.040292,-0.162419,-1.031817,0.007194
26.266667,-17.685524,-5.842371,0.393539,-0.040061,-0.159690,-1.032211,0.079358
26.283333,-17.684782,-5.844576,0.394243,-0.041249,-0.162416,-1.026293,0.139583
26.300000,-17.684774,-5.843508,0.393831,-0.040663,-0.160469,-1.028611,0.064089
26.316667,-17.684069,-5.845075,0.394367,-0.041415,-0.162639,-1.025025,0.103135
26.333333,-17.684088,-5.845273,0.394382,-0.041400,-0.162420,-1.025113,0.011900
26.350000,-17.684092,-5.844049,0.393999,-0.041046,-0.160829,-1.026602,0.073414
26.366667,-17.683569,-5.845241,0.394397,-0.041823,-0.162163,-1.023382,0.078097
26.383333,-17.683376,-5.845363,0.394439,-0.041661,-0.162444,-1.023614,0.013684
26.400000,-17.683487,-5.844624,0.394351,-0.041313,-0.162735,-1.026279,0.044868
26.416667,-17.684048,-5.842778,0.393901,-0.040717,-0.161488,-1.030338,0.115721
26.433333,-17.683477,-5.842905,0.394050,-0.040602,-0.162919,-1.030182,0.035048
26.450000,-17.683447,-5.841622,0.393654,-0.040448,-0.160665,-1.030931,0.076955
26.466667,-17.683193,-5.839587,0.393232,-0.039624,-0.160222,-1.035466,0.123053
26.483333,-17.682587,-5.838625,0.393009,-0.039412,-0.159746,-1.036028,0.068224
26.500000,-17.682158,-5.837820,0.392953,-0.039202,-0.160133,-1.037914,0.054780
26.516667,-17.681778,-5.837599,0.392873,-0.039172,-0.159962,-1.037383,0.026346
26.533333,-17.681461,-5.837565,0.392941,-0.039495,-0.159772,-1.036420,0.019102
26.550000,-17.681078,-5.837590,0.392955,-0.039725,-0.159559,-1.035120,0.023051
26.566667,-17.680635,-5.837703,0.393017,-0.040050,-0.159507,-1.033796,0.027402
26.583333,-17.680128,-5.837949,0.393067,-0.040201,-0.159523,-1.032234,0.033832
26.600000,-17.679790,-5.838410,0.393183,-0.040638,-0.159386,-1.030112,0.034266
26.616667,-17.679590,-5.838726,0.393283,-0.040819,-0.159686,-1.029445,0.022454
26.633333,-17.679588,-5.838805,0.393288,-0.040748,-0.159769,-1.029424,0.004722
26.650000,-17.679754,-5.838462,0.393185,-0.040410,-0.159759,-1.030688,0.022854
26.666667,-17.680088,-5.838098,0.393128,-0.040188,-0.159853,-1.032444,0.029646
26.683333,-17.680086,-5.838135,0.393149,-0.039979,-0.160392,-1.033429,0.002263
26.700000,-17.680153,-5.838886,0.393290,-0.040389,-0.160189,-1.031286,0.045239
26.716667,-17.680353,-5.840278,0.393468,-0.041065,-0.159548,-1.026969,0.084373
26.733333,-17.679533,-5.843637,0.394225,-0.042336,-0.161679,-1.018764,0.207451
26.750000,-17.679808,-5.845128,0.394549,-0.042914,-0.161740,-1.016243,0.090941
26.766667,-17.680365,-5.845519,0.394454,-0.042882,-0.160772,-1.015239,0.040846
26.783333,-17.680954,-5.844966,0.394193,-0.042888,-0.159112,-1.015309,0.048477
26.800000,-17.681202,-5.844632,0.394096,-0.042705,-0.158902,-1.016629,0.024971
26.816667,-17.681484,-5.843976,0.393987,-0.042264,-0.159003,-1.019018,0.042883
26.833333,-17.681835,-5.843171,0.393827,-0.041821,-0.159151,-1.021940,0.052659
26.850000,-17.680649,-5.844651,0.394280,-0.041853,-0.162733,-1.019607,0.113791
26.866667,-17.680515,-5.845694,0.394527,-0.042619,-0.161938,-1.016541,0.063110
26.883333,-17.680782,-5.845235,0.394274,-0.042582,-0.160209,-1.016060,0.031847
26.900000,-17.680914,-5.844054,0.393955,-0.042308,-0.159006,-1.017584,0.071335
26.916667,-17.680489,-5.843729,0.393916,-0.042344,-0.158878,-1.017536,0.032108
26.933333,-17.679289,-5.844658,0.394399,-0.042721,-0.161518,-1.016194,0.091037
26.950000,-17.679691,-5.842196,0.393857,-0.041705,-0.160593,-1.022005,0.149704
26.966667,-17.680202,-5.838956,0.393207,-0.040412,-0.159692,-1.030185,0.196783
26.983333,-17.680204,-5.836852,0.392869,-0.039426,-0.160101,-1.036276,0.126257
27.000000,-17.680294,-5.835190,0.392600,-0.038794,-0.160192,-1.040746,0.099852
27.016667,-17.680004,-5.834302,0.392456,-0.038426,-0.160298,-1.042643,0.056013
27.033333,-17.679678,-5.833644,0.392353,-0.038154,-0.160385,-1.043930,0.044091
27.050000,-17.679550,-5.832599,0.392212,-0.037753,-0.160559,-1.046680,0.063181
27.066667,-17.679359,-5.831681,0.392070,-0.037381,-0.160700,-1.048905,0.056223
27.083333,-17.678993,-5.831067,0.391996,-0.037323,-0.160620,-1.049667,0.042904
27.100000,-17.678766,-5.830714,0.391940,-0.037263,-0.160562,-1.050030,0.025173
27.116667,-17.677853,-5.832223,0.392513,-0.038193,-0.162889,-1.045981,0.105827
27.133333,-17.677570,-5.830906,0.392117,-0.037225,-0.162339,-1.049440,0.080788
27.150000,-17.677629,-5.829158,0.391802,-0.036739,-0.161347,-1.053143,0.104945
27.166667,-17.677652,-5.828547,0.391637,-0.036571,-0.160873,-1.053950,0.036675
27.183333,-17.677460,-5.828858,0.391704,-0.036825,-0.160764,-1.052520,0.021945
27.200000,-17.677275,-5.829543,0.391833,-0.037264,-0.160657,-1.050099,0.042530
27.216667,-17.677162,-5.829895,0.391917,-0.037311,-0.160911,-1.049527,0.022168
27.233333,-17.677153,-5.830459,0.392013,-0.037701,-0.160657,-1.047502,0.033879
27.250000,-17.677164,-5.831411,0.392128,-0.038096,-0.160422,-1.044503,0.057139
27.266667,-17.677181,-5.832102,0.392198,-0.038208,-0.160566,-1.043099,0.041440
27.283333,-17.677530,-5.832895,0.392348,-0.038582,-0.160385,-1.041410,0.052010
27.300000,-17.677908,-5.833782,0.392475,-0.038821,-0.160333,-1.039797,0.057838
27.316667,-17.678379,-5.834366,0.392541,-0.038922,-0.160253,-1.039172,0.045026
27.333333,-17.678593,-5.834840,0.392563,-0.038813,-0.160366,-1.038701,0.031194
27.350000,-17.679085,-5.835242,0.392559,-0.039020,-0.159873,-1.037581,0.038106
27.366667,-17.675552,-5.837741,0.393763,-0.038911,-0.167383,-1.038820,0.259624
27.383333,-17.672668,-5.841057,0.395300,-0.039749,-0.174700,-1.037589,0.263696
27.400000,-17.672091,-5.842516,0.395617,-0.039848,-0.175599,-1.035620,0.094164
27.416667,-17.672747,-5.844456,0.395817,-0.040916,-0.174215,-1.029215,0.122864
27.433333,-17.673826,-5.846909,0.395989,-0.042479,-0.171682,-1.020076,0.160795
27.450000,-17.675144,-5.849477,0.395959,-0.043925,-0.168079,-1.009298,0.173176
27.466667,-17.676779,-5.852542,0.395997,-0.045953,-0.163160,-0.995855,0.208424
27.483333,-17.677860,-5.856264,0.396168,-0.047805,-0.158957,-0.980594,0.232539
27.500000,-17.677872,-5.860073,0.396683,-0.049586,-0.157683,-0.969129,0.228568
27.516667,-17.677280,-5.864097,0.397526,-0.051063,-0.158756,-0.960691,0.244006
27.533333,-17.677784,-5.866408,0.398603,-0.053451,-0.157917,-0.956699,0.141955
27.550000,-17.678366,-5.867921,0.399260,-0.054946,-0.157394,-0.953576,0.097259
27.566667,-17.678726,-5.868692,0.399615,-0.055765,-0.157225,-0.952218,0.051069
27.583333,-17.678928,-5.868812,0.399730,-0.056086,-0.156961,-0.951995,0.014097
27.600000,-17.678644,-5.868863,0.399715,-0.056067,-0.157051,-0.951479,0.017319
27.616667,-17.678240,-5.866637,0.398874,-0.054421,-0.156620,-0.955413,0.135738
27.633333,-17.676949,-5.864556,0.397889,-0.051865,-0.158363,-0.960219,0.146916
27.650000,-17.676165,-5.861460,0.396712,-0.048945,-0.159260,-0.967290,0.191628
27.666667,-17.676414,-5.858168,0.396629,-0.048952,-0.159222,-0.974963,0.198093
27.683333,-17.676138,-5.854807,0.396006,-0.047510,-0.159564,-0.982792,0.202355
27.700000,-17.675951,-5.850771,0.395359,-0.046214,-0.159588,-0.991968,0.242417
27.716667,-17.675598,-5.846695,0.394762,-0.044872,-0.160003,-1.001762,0.245475
27.733333,-17.675085,-5.842760,0.394182,-0.043443,-0.160675,-1.011289,0.238090
27.750000,-17.674568,-5.838738,0.393672,-0.042114,-0.161347,-1.021214,0.243312
27.766667,-17.673927,-5.834307,0.392968,-0.040314,-0.161929,-1.032113,0.268613
27.783333,-17.673086,-5.830145,0.392372,-0.038776,-0.162430,-1.041969,0.254787
27.800000,-17.672190,-5.825898,0.391779,-0.037234,-0.162906,-1.051945,0.260418
27.816667,-17.671457,-5.820323,0.390940,-0.035717,-0.161496,-1.063702,0.337357
27.833333,-17.670259,-5.816105,0.390202,-0.033704,-0.162041,-1.073848,0.263120
27.850000,-17.668901,-5.812173,0.389448,-0.031689,-0.162510,-1.082910,0.249595
27.866667,-17.666893,-5.809076,0.389019,-0.030326,-0.163774,-1.089199,0.221477
27.883333,-17.665226,-5.805489,0.388390,-0.028920,-0.163646,-1.096022,0.237314
27.900000,-17.663446,-5.801048,0.387378,-0.026265,-0.163697,-1.105739,0.287071
27.916667,-17.661543,-5.796437,0.386747,-0.024035,-0.163968,-1.116469,0.299282
27.933333,-17.659966,-5.792821,0.386180,-0.023171,-0.163669,-1.122906,0.236696
27.950000,-17.658430,-5.789294,0.386107,-0.023095,-0.163600,-1.130055,0.230812
27.966667,-17.656456,-5.786214,0.385615,-0.021968,-0.163732,-1.135466,0.219519
27.983333,-17.654524,-5.783706,0.385172,-0.021019,-0.163822,-1.139098,0.189942
28.000000,-17.652830,-5.780747,0.384666,-0.019593,-0.164418,-1.145779,0.204580
28.016667,-17.650698,-5.777466,0.384018,-0.017969,-0.164845,-1.152375,0.234790
28.033333,-17.649254,-5.773718,0.383828,-0.017952,-0.164284,-1.159853,0.240986
28.050000,-17.647766,-5.770735,0.383522,-0.017637,-0.164700,-1.166597,0.199984
28.066667,-17.645872,-5.766959,0.382978,-0.016561,-0.164798,-1.175333,0.253467
28.083333,-17.643127,-5.763305,0.380868,-0.010338,-0.165383,-1.181850,0.274223
28.100000,-17.641846,-5.759730,0.380278,-0.009104,-0.165682,-1.188637,0.227834
28.116667,-17.640743,-5.756165,0.379887,-0.008481,-0.165581,-1.195869,0.223912
28.133333,-17.640783,-5.752483,0.380383,-0.010633,-0.165412,-1.203085,0.220941
28.150000,-17.639393,-5.750087,0.379907,-0.009199,-0.165035,-1.206454,0.166219
28.166667,-17.638592,-5.748409,0.379711,-0.009446,-0.165102,-1.210233,0.111564
28.183333,-17.637444,-5.746977,0.379393,-0.008349,-0.165157,-1.212213,0.110105
28.200000,-17.636705,-5.745962,0.379204,-0.007890,-0.164775,-1.214002,0.075310
28.216667,-17.637510,-5.745136,0.379074,-0.007049,-0.166079,-1.216921,0.069214
28.233333,-17.638168,-5.743346,0.378722,-0.006823,-0.165236,-1.220108,0.114430
28.250000,-17.638622,-5.742531,0.378578,-0.006557,-0.165305,-1.221879,0.055969
28.266667,-17.638649,-5.741982,0.378489,-0.006042,-0.165732,-1.224305,0.032969
28.283333,-17.638554,-5.741526,0.378389,-0.005760,-0.165527,-1.225814,0.027972
28.300000,-17.638237,-5.741553,0.378383,-0.005519,-0.165386,-1.227382,0.019070
28.316667,-17.638340,-5.741672,0.378419,-0.005501,-0.165628,-1.227518,0.009409
28.333333,-17.639282,-5.742309,0.378550,-0.006275,-0.165600,-1.223819,0.068259
28.350000,-17.639824,-5.742923,0.378669,-0.006734,-0.165635,-1.221620,0.049135
28.366667,-17.640249,-5.743561,0.378784,-0.007064,-0.165484,-1.220520,0.045984
28.383333,-17.640442,-5.744889,0.379031,-0.007232,-0.165621,-1.220018,0.080542
28.400000,-17.640448,-5.746396,0.379280,-0.007587,-0.165322,-1.218541,0.090409
28.416667,-17.640944,-5.747818,0.379537,-0.008095,-0.165205,-1.216268,0.090382
28.433333,-17.641766,-5.749226,0.379787,-0.008770,-0.165201,-1.213034,0.097805
28.450000,-17.642412,-5.750840,0.380095,-0.009548,-0.165193,-1.209976,0.104301
28.466667,-17.642883,-5.752380,0.380338,-0.009965,-0.165023,-1.206735,0.096665
28.483333,-17.643246,-5.754224,0.380652,-0.010720,-0.164976,-1.203085,0.112724
28.500000,-17.643576,-5.756343,0.380963,-0.011275,-0.164793,-1.198376,0.128676
28.516667,-17.643003,-5.758894,0.380243,-0.008964,-0.165469,-1.192615,0.156896
28.533333,-17.643244,-5.761436,0.380543,-0.009533,-0.165423,-1.186782,0.153144
28.550000,-17.643002,-5.765260,0.381187,-0.011081,-0.165573,-1.176356,0.229914
28.566667,-17.643473,-5.767282,0.381566,-0.012168,-0.165349,-1.171012,0.124613
28.583333,-17.644253,-5.769615,0.382162,-0.013872,-0.165059,-1.164038,0.147580
28.600000,-17.645864,-5.772052,0.383472,-0.017779,-0.164098,-1.156396,0.175310
28.616667,-17.647047,-5.774773,0.384089,-0.020321,-0.164690,-1.150492,0.178003
28.633333,-17.647137,-5.776190,0.383565,-0.018120,-0.164218,-1.146272,0.085200
28.650000,-17.647772,-5.777989,0.383803,-0.018672,-0.163764,-1.141099,0.114476
28.666667,-17.649038,-5.780529,0.384312,-0.019931,-0.163714,-1.135665,0.170249
28.683333,-17.650330,-5.782845,0.384695,-0.020994,-0.163445,-1.130658,0.159099
28.700000,-17.651730,-5.785036,0.385184,-0.022228,-0.163173,-1.126413,0.156033
28.716667,-17.652790,-5.787850,0.385451,-0.022900,-0.163215,-1.120179,0.180448
28.733333,-17.654076,-5.790309,0.385804,-0.023705,-0.163164,-1.115507,0.166489
28.750000,-17.655293,-5.793157,0.386189,-0.024637,-0.163106,-1.109601,0.185781
28.766667,-17.656620,-5.795815,0.386536,-0.025437,-0.163133,-1.104678,0.178284
28.783333,-17.657827,-5.798902,0.386933,-0.026326,-0.163133,-1.098272,0.198885
28.800000,-17.659124,-5.801382,0.387408,-0.027407,-0.163179,-1.094326,0.167922
28.816667,-17.660477,-5.804193,0.388076,-0.029226,-0.162983,-1.088100,0.187186
28.833333,-17.661791,-5.806817,0.388664,-0.030808,-0.162484,-1.082502,0.176058
28.850000,-17.663164,-5.809545,0.389061,-0.031836,-0.162126,-1.077182,0.183249
28.866667,-17.664288,-5.813106,0.389834,-0.033466,-0.162576,-1.069976,0.224042
28.883333,-17.665567,-5.816197,0.390334,-0.034614,-0.162465,-1.063914,0.200747
28.900000,-17.666754,-5.819023,0.390792,-0.035609,-0.162381,-1.058501,0.183854
28.916667,-17.667994,-5.821532,0.391126,-0.036221,-0.162318,-1.054309,0.167922
28.933333,-17.668985,-5.824682,0.391511,-0.037142,-0.162072,-1.047578,0.198174
28.950000,-17.670174,-5.827971,0.392016,-0.038269,-0.161961,-1.041085,0.209810
28.966667,-17.671366,-5.831114,0.392453,-0.039288,-0.161654,-1.034893,0.201706
28.983333,-17.672564,-5.834650,0.392952,-0.040366,-0.161401,-1.027877,0.223988
29.000000,-17.673832,-5.837961,0.393467,-0.041452,-0.161164,-1.021615,0.212720
29.016667,-17.674950,-5.841565,0.393980,-0.042663,-0.160858,-1.014352,0.226397
29.033333,-17.676083,-5.845662,0.394539,-0.043671,-0.160458,-1.005911,0.255045
29.050000,-17.677362,-5.849692,0.395099,-0.044949,-0.159882,-0.997787,0.253713
29.066667,-17.678679,-5.853997,0.395794,-0.046351,-0.159446,-0.989304,0.270094
29.083333,-17.679874,-5.858254,0.396376,-0.047499,-0.158935,-0.980943,0.265347
29.100000,-17.681116,-5.863054,0.397039,-0.048863,-0.158245,-0.971067,0.297471
29.116667,-17.683306,-5.866755,0.398924,-0.053343,-0.156553,-0.963930,0.258024
29.133333,-17.684994,-5.870073,0.400325,-0.056514,-0.155530,-0.957794,0.223327
29.150000,-17.686487,-5.872514,0.401473,-0.059152,-0.154765,-0.953718,0.171718
29.166667,-17.685785,-5.874531,0.400077,-0.055278,-0.156399,-0.950716,0.128113
29.183333,-17.688168,-5.875431,0.402630,-0.061764,-0.154143,-0.949229,0.152803
29.200000,-17.688818,-5.875654,0.403038,-0.062841,-0.153759,-0.949223,0.041257
29.216667,-17.686882,-5.875353,0.400440,-0.055938,-0.156346,-0.950717,0.117556
29.233333,-17.688349,-5.873672,0.401797,-0.059594,-0.155022,-0.954724,0.133850
29.250000,-17.687592,-5.872288,0.401309,-0.058506,-0.155095,-0.956692,0.094670
29.266667,-17.686573,-5.870441,0.400533,-0.056662,-0.155576,-0.959845,0.126517
29.283333,-17.685282,-5.868712,0.399758,-0.054975,-0.156145,-0.962344,0.129479
29.300000,-17.683411,-5.866565,0.398156,-0.050846,-0.158064,-0.966905,0.170906
29.316667,-17.681995,-5.862719,0.396699,-0.047749,-0.158341,-0.973932,0.245870
29.333333,-17.681831,-5.858899,0.396835,-0.048490,-0.157689,-0.981299,0.229408
29.350000,-17.680403,-5.855790,0.396337,-0.047212,-0.159035,-0.987665,0.205290
29.366667,-17.679070,-5.852757,0.395908,-0.046473,-0.159321,-0.992827,0.198821
29.383333,-17.677706,-5.850062,0.395489,-0.045678,-0.159364,-0.996801,0.181178
29.400000,-17.676802,-5.846969,0.395089,-0.044857,-0.159763,-1.003074,0.193359
29.416667,-17.675692,-5.844370,0.394745,-0.044300,-0.159813,-1.007293,0.169555
29.433333,-17.674833,-5.841539,0.394380,-0.043471,-0.160192,-1.013144,0.177521
29.450000,-17.673716,-5.839190,0.394061,-0.042890,-0.160243,-1.016881,0.156102
29.466667,-17.672752,-5.837340,0.393918,-0.042374,-0.161253,-1.020918,0.125125
29.483333,-17.671753,-5.834361,0.393414,-0.041578,-0.160526,-1.025566,0.188520
29.500000,-17.670830,-5.830831,0.392865,-0.040732,-0.159716,-1.031638,0.218952
29.516667,-17.668306,-5.828671,0.391019,-0.035999,-0.161050,-1.035117,0.199264
29.533333,-17.668682,-5.826514,0.392037,-0.038886,-0.160102,-1.039218,0.131410
29.550000,-17.668003,-5.824233,0.391806,-0.038442,-0.160124,-1.043668,0.142779
29.566667,-17.667122,-5.822326,0.391558,-0.037825,-0.160356,-1.047357,0.126038
29.583333,-17.666309,-5.820322,0.391278,-0.037259,-0.160406,-1.051008,0.129782
29.600000,-17.665478,-5.818214,0.390999,-0.036584,-0.160503,-1.055130,0.135945
29.616667,-17.664396,-5.816755,0.390810,-0.036158,-0.160680,-1.057071,0.108949
29.633333,-17.663401,-5.816583,0.390872,-0.036261,-0.161280,-1.056288,0.060624
29.650000,-17.663111,-5.815765,0.390871,-0.036209,-0.161481,-1.058082,0.052059
29.666667,-17.662502,-5.814476,0.390568,-0.035642,-0.161214,-1.060028,0.085543
29.683333,-17.661812,-5.812869,0.390316,-0.035209,-0.160934,-1.062567,0.104966
29.700000,-17.660938,-5.811771,0.390162,-0.035052,-0.160677,-1.063451,0.084172
29.716667,-17.660460,-5.810453,0.390063,-0.034710,-0.161001,-1.066398,0.084107
29.733333,-17.659767,-5.808881,0.389806,-0.033967,-0.161380,-1.069895,0.103097
29.750000,-17.659100,-5.808176,0.389679,-0.033969,-0.160965,-1.069759,0.058265
29.766667,-17.658648,-5.807354,0.389559,-0.033722,-0.160975,-1.071069,0.056264
29.783333,-17.658352,-5.805974,0.389336,-0.033184,-0.160945,-1.074237,0.084649
29.800000,-17.657976,-5.804121,0.389022,-0.032286,-0.161081,-1.078968,0.113470
29.816667,-17.657640,-5.802264,0.388773,-0.031630,-0.161218,-1.083675,0.113242
29.833333,-17.657278,-5.800466,0.388483,-0.030880,-0.161224,-1.088090,0.110030
29.850000,-17.656847,-5.798714,0.388247,-0.030133,-0.161563,-1.092797,0.108249
29.866667,-17.656460,-5.796578,0.387901,-0.029199,-0.161640,-1.098385,0.130262
29.883333,-17.655989,-5.794519,0.387577,-0.028247,-0.161833,-1.103881,0.126732
29.900000,-17.655285,-5.792254,0.387001,-0.026681,-0.162068,-1.109718,0.142281
29.916667,-17.654425,-5.790104,0.386554,-0.025461,-0.162275,-1.114848,0.138972
29.933333,-17.653849,-5.787809,0.386420,-0.025157,-0.162293,-1.120418,0.141944
29.950000,-17.653074,-5.785371,0.386097,-0.024317,-0.162361,-1.126420,0.153486
29.966667,-17.652069,-5.783501,0.385801,-0.023656,-0.162493,-1.130159,0.127415
29.983333,-17.651173,-5.781830,0.385530,-0.023035,-0.162540,-1.133435,0.113743
