t,x,y,z,roll,pitch,yaw,v
0.000000,-19.185369,-5.514036,0.401862,-0.059710,0.017528,-0.155036,0.000000
0.016667,-19.183325,-5.514938,0.402222,-0.062205,0.017268,-0.154639,0.134104
0.033333,-19.181152,-5.514603,0.402018,-0.060844,0.018236,-0.156697,0.131895
0.050000,-19.177740,-5.515129,0.402180,-0.062521,0.018885,-0.157762,0.207157
0.066667,-19.174124,-5.515091,0.402034,-0.062515,0.020283,-0.160774,0.216992
0.083333,-19.169537,-5.515152,0.401915,-0.063287,0.021594,-0.164055,0.275254
0.100000,-19.164785,-5.514441,0.401339,-0.061332,0.022751,-0.169696,0.288242
0.116667,-19.157913,-5.514788,0.400775,-0.059745,0.022960,-0.170805,0.412856
0.133333,-19.150440,-5.515954,0.401051,-0.060360,0.023491,-0.171393,0.453808
0.150000,-19.141956,-5.514929,0.399028,-0.051523,0.024296,-0.171396,0.512740
0.166667,-19.132975,-5.514957,0.397577,-0.045877,0.024567,-0.171254,0.538905
0.183333,-19.124857,-5.516738,0.399182,-0.048673,0.026707,-0.172018,0.498639
0.200000,-19.116648,-5.517339,0.399064,-0.047314,0.028612,-0.173895,0.493873
0.216667,-19.108252,-5.517721,0.398414,-0.045830,0.029230,-0.176476,0.504290
0.233333,-19.099499,-5.519055,0.398679,-0.047395,0.029216,-0.177941,0.531235
0.250000,-19.090101,-5.519855,0.397558,-0.046756,0.027837,-0.179825,0.565888
0.266667,-19.081026,-5.522756,0.398807,-0.054574,0.026267,-0.182152,0.571655
0.283333,-19.072250,-5.523321,0.398862,-0.055870,0.025494,-0.184477,0.527633
0.300000,-19.063883,-5.523321,0.399071,-0.056375,0.025860,-0.187278,0.502052
0.316667,-19.055799,-5.522866,0.398874,-0.055933,0.026219,-0.191438,0.485770
0.333333,-19.047192,-5.522918,0.398098,-0.056446,0.025251,-0.195715,0.516481
0.350000,-19.038929,-5.524054,0.398798,-0.061200,0.025171,-0.200235,0.500424
0.366667,-19.030153,-5.524641,0.398471,-0.061627,0.025551,-0.203282,0.527717
0.383333,-19.021011,-5.525768,0.398132,-0.062999,0.026768,-0.204515,0.552669
0.400000,-19.012623,-5.527094,0.398893,-0.065678,0.026206,-0.208991,0.509566
0.416667,-19.003559,-5.528510,0.398380,-0.066263,0.025524,-0.210722,0.550413
0.433333,-18.994646,-5.529591,0.398158,-0.065732,0.025502,-0.212990,0.538705
0.450000,-18.985460,-5.531143,0.397753,-0.066073,0.025207,-0.214491,0.558960
0.466667,-18.975765,-5.532816,0.397684,-0.066273,0.024614,-0.214198,0.590298
0.483333,-18.966753,-5.535037,0.398735,-0.070461,0.024379,-0.215212,0.556913
0.500000,-18.957634,-5.536162,0.398376,-0.071423,0.024043,-0.217131,0.551289
0.516667,-18.948181,-5.537632,0.397705,-0.073141,0.022468,-0.219367,0.573987
0.533333,-18.939274,-5.540412,0.399207,-0.080398,0.021628,-0.222251,0.559863
0.550000,-18.929539,-5.542227,0.398547,-0.082169,0.019763,-0.224111,0.594170
0.566667,-18.921032,-5.543777,0.398724,-0.084572,0.021547,-0.226491,0.518817
0.583333,-18.912922,-5.546080,0.399844,-0.090667,0.023144,-0.230266,0.505828
0.600000,-18.904846,-5.548109,0.401226,-0.096099,0.025624,-0.233974,0.499608
0.616667,-18.897312,-5.550521,0.403124,-0.103755,0.028155,-0.239480,0.474640
0.633333,-18.889357,-5.552041,0.404763,-0.107720,0.031344,-0.243126,0.485964
0.650000,-18.881290,-5.554255,0.406133,-0.114242,0.032457,-0.247555,0.501885
0.666667,-18.874050,-5.554968,0.406689,-0.116508,0.033201,-0.254780,0.436516
0.683333,-18.867128,-5.552663,0.403918,-0.108301,0.036402,-0.262325,0.437720
0.700000,-18.860254,-5.551356,0.403203,-0.103245,0.040865,-0.267970,0.419834
0.716667,-18.852030,-5.553283,0.403603,-0.109164,0.041872,-0.271461,0.506825
0.733333,-18.842554,-5.553016,0.401837,-0.106418,0.039906,-0.275439,0.568768
0.750000,-18.833784,-5.553188,0.400631,-0.102949,0.039052,-0.279475,0.526301
0.766667,-18.825054,-5.553980,0.399809,-0.101025,0.039239,-0.282190,0.525947
0.783333,-18.815557,-5.554639,0.398397,-0.097515,0.038001,-0.283880,0.571172
0.800000,-18.806833,-5.554731,0.397488,-0.093281,0.036453,-0.286101,0.523482
0.816667,-18.798208,-5.555799,0.396958,-0.093111,0.034524,-0.288212,0.521455
0.833333,-18.789534,-5.555816,0.395747,-0.088256,0.033671,-0.290368,0.520478
0.850000,-18.780518,-5.557578,0.395637,-0.088539,0.032327,-0.290797,0.551189
0.866667,-18.771944,-5.558286,0.394650,-0.086141,0.031749,-0.293261,0.516166
0.883333,-18.762524,-5.559668,0.394474,-0.086118,0.029143,-0.293461,0.571273
0.900000,-18.753159,-5.561218,0.394366,-0.087438,0.026182,-0.294421,0.569546
0.916667,-18.743860,-5.562847,0.394589,-0.089272,0.023444,-0.295285,0.566400
0.933333,-18.734848,-5.564022,0.394434,-0.090322,0.020736,-0.297415,0.545309
0.950000,-18.725689,-5.564262,0.392755,-0.087229,0.018979,-0.299135,0.549734
0.966667,-18.717426,-5.564933,0.392618,-0.086420,0.020774,-0.300867,0.497387
0.983333,-18.708410,-5.565713,0.391682,-0.084869,0.021553,-0.301632,0.542986
1.000000,-18.701237,-5.566801,0.392713,-0.089708,0.023927,-0.306607,0.435332
1.016667,-18.693459,-5.566443,0.391852,-0.088925,0.025435,-0.312188,0.467184
1.033333,-18.685581,-5.566693,0.392186,-0.090803,0.027095,-0.316657,0.472879
1.050000,-18.677874,-5.567463,0.393318,-0.094434,0.029982,-0.320925,0.464758
1.066667,-18.668520,-5.568134,0.392665,-0.094769,0.026183,-0.324998,0.562662
1.083333,-18.660044,-5.568872,0.393478,-0.097437,0.024854,-0.329912,0.510500
1.100000,-18.650997,-5.569514,0.393454,-0.098007,0.022163,-0.334681,0.544156
1.116667,-18.642172,-5.570365,0.393806,-0.099038,0.020023,-0.339247,0.531975
1.133333,-18.633942,-5.571182,0.393622,-0.098100,0.018698,-0.343490,0.496241
1.150000,-18.625160,-5.572057,0.391901,-0.095443,0.014764,-0.347862,0.529495
1.166667,-18.617424,-5.573531,0.391767,-0.096314,0.013635,-0.351924,0.472522
1.183333,-18.608845,-5.575125,0.391622,-0.095806,0.011628,-0.354834,0.523565
1.200000,-18.599894,-5.577244,0.391095,-0.096109,0.008274,-0.357483,0.551916
1.216667,-18.591314,-5.578446,0.390457,-0.093248,0.007302,-0.360027,0.519784
1.233333,-18.582752,-5.581366,0.390697,-0.095485,0.005652,-0.361100,0.542772
1.250000,-18.574423,-5.583822,0.390834,-0.095673,0.005804,-0.361887,0.521031
1.266667,-18.566740,-5.587560,0.393152,-0.101154,0.007922,-0.361462,0.512644
1.283333,-18.558126,-5.591510,0.394558,-0.104986,0.008231,-0.360093,0.568569
1.300000,-18.550646,-5.593969,0.395141,-0.105813,0.011103,-0.362013,0.472457
1.316667,-18.542028,-5.596920,0.395549,-0.107057,0.010379,-0.362019,0.546523
1.333333,-18.533394,-5.598915,0.394403,-0.105778,0.007340,-0.363853,0.531724
1.350000,-18.524950,-5.601351,0.393669,-0.106183,0.003723,-0.365877,0.527294
1.366667,-18.516945,-5.603545,0.393749,-0.106450,0.002359,-0.368260,0.498020
1.383333,-18.508221,-5.606209,0.393568,-0.106724,-0.000050,-0.369317,0.547315
1.400000,-18.499311,-5.609029,0.393220,-0.107061,-0.002632,-0.370121,0.560684
1.416667,-18.490425,-5.612595,0.393119,-0.108489,-0.005953,-0.370087,0.574504
1.433333,-18.481083,-5.615257,0.391242,-0.105292,-0.012538,-0.371538,0.582846
1.450000,-18.473423,-5.617781,0.390435,-0.104285,-0.014891,-0.373196,0.483909
1.466667,-18.466570,-5.622185,0.392209,-0.113110,-0.017392,-0.374935,0.488758
1.483333,-18.459728,-5.625398,0.393857,-0.118639,-0.017406,-0.376632,0.453511
1.500000,-18.451559,-5.628085,0.394059,-0.120318,-0.018959,-0.377452,0.515992
1.516667,-18.444065,-5.629766,0.393982,-0.119494,-0.022098,-0.381816,0.460803
1.533333,-18.435368,-5.630355,0.391383,-0.110511,-0.023313,-0.381500,0.523047
1.550000,-18.426920,-5.631595,0.389571,-0.104562,-0.024480,-0.380673,0.512288
1.566667,-18.419640,-5.632446,0.388305,-0.100132,-0.026991,-0.384487,0.439796
1.583333,-18.411606,-5.633728,0.387382,-0.096242,-0.029658,-0.385502,0.488121
1.600000,-18.404289,-5.633722,0.385511,-0.090173,-0.031865,-0.389632,0.438995
1.616667,-18.397036,-5.635177,0.385446,-0.090152,-0.035145,-0.393210,0.443886
1.633333,-18.389393,-5.637042,0.384693,-0.090861,-0.039685,-0.396287,0.472012
1.650000,-18.382351,-5.638407,0.384860,-0.090815,-0.040964,-0.398994,0.430388
1.666667,-18.374943,-5.640941,0.385320,-0.093829,-0.042664,-0.401217,0.469771
1.683333,-18.367216,-5.642467,0.384853,-0.092964,-0.044148,-0.404593,0.472548
1.700000,-18.360418,-5.644696,0.385810,-0.094691,-0.042601,-0.406767,0.429238
1.716667,-18.353092,-5.647708,0.386636,-0.096750,-0.041057,-0.407594,0.475283
1.733333,-18.345680,-5.651284,0.387312,-0.099471,-0.038373,-0.407522,0.493766
1.750000,-18.336872,-5.653993,0.386573,-0.097611,-0.039843,-0.409880,0.552909
1.766667,-18.328753,-5.657809,0.387165,-0.099948,-0.038558,-0.410288,0.538299
1.783333,-18.319565,-5.662312,0.387759,-0.102969,-0.039065,-0.408539,0.613905
1.800000,-18.311897,-5.666763,0.390457,-0.108992,-0.036882,-0.408160,0.531957
1.816667,-18.303040,-5.670078,0.390987,-0.109867,-0.038802,-0.408466,0.567463
1.833333,-18.294781,-5.673200,0.391664,-0.111230,-0.038896,-0.409383,0.529750
1.850000,-18.285820,-5.675668,0.390015,-0.108950,-0.041939,-0.412240,0.557672
1.866667,-18.277473,-5.678331,0.389890,-0.108332,-0.042731,-0.414087,0.525659
1.883333,-18.269491,-5.682160,0.391047,-0.111664,-0.043093,-0.414548,0.531199
1.900000,-18.261326,-5.685920,0.391752,-0.115345,-0.044510,-0.415494,0.539365
1.916667,-18.252439,-5.689275,0.391600,-0.119755,-0.049162,-0.416459,0.569905
1.933333,-18.243460,-5.692034,0.390950,-0.122630,-0.054564,-0.419530,0.563653
1.950000,-18.235071,-5.693367,0.390470,-0.125657,-0.057076,-0.424291,0.509624
1.966667,-18.228531,-5.694043,0.391310,-0.130007,-0.058532,-0.433331,0.394509
1.983333,-18.221195,-5.694044,0.391474,-0.130028,-0.059503,-0.440151,0.440140
2.000000,-18.214245,-5.694062,0.391781,-0.131084,-0.059998,-0.447506,0.417024
2.016667,-18.207701,-5.692680,0.391667,-0.128251,-0.058537,-0.455937,0.401299
2.033333,-18.201708,-5.691224,0.392029,-0.127144,-0.056971,-0.465774,0.370044
2.050000,-18.195551,-5.690983,0.392781,-0.128345,-0.056256,-0.473814,0.369698
2.066667,-18.189434,-5.691662,0.393758,-0.131570,-0.055584,-0.480635,0.369266
2.083333,-18.182846,-5.692154,0.393977,-0.132143,-0.054485,-0.486638,0.396380
2.100000,-18.177059,-5.693337,0.396500,-0.139059,-0.053075,-0.491998,0.354401
2.116667,-18.170969,-5.694665,0.398558,-0.144839,-0.050424,-0.496668,0.373996
2.133333,-18.164438,-5.694323,0.399203,-0.145383,-0.050076,-0.504163,0.392384
2.150000,-18.157965,-5.694633,0.399840,-0.147922,-0.051106,-0.512250,0.388859
2.166667,-18.151369,-5.695425,0.400679,-0.149604,-0.050424,-0.518948,0.398573
2.183333,-18.144510,-5.696285,0.401215,-0.150385,-0.050024,-0.525585,0.414757
2.200000,-18.137070,-5.697089,0.400440,-0.149928,-0.051492,-0.532953,0.449032
2.216667,-18.129337,-5.698463,0.398385,-0.149644,-0.054724,-0.541118,0.471214
2.233333,-18.122255,-5.700912,0.399090,-0.153830,-0.055803,-0.547912,0.449609
2.250000,-18.114588,-5.701269,0.397069,-0.145412,-0.055899,-0.553874,0.460549
2.266667,-18.107174,-5.703328,0.395655,-0.141650,-0.057882,-0.559177,0.461676
2.283333,-18.099817,-5.705838,0.395485,-0.138391,-0.058682,-0.561982,0.466375
2.300000,-18.093021,-5.709257,0.395655,-0.137356,-0.058988,-0.563927,0.456459
2.316667,-18.086756,-5.714255,0.396703,-0.139095,-0.060715,-0.564312,0.480883
2.333333,-18.080570,-5.718288,0.397175,-0.137930,-0.062059,-0.565652,0.443068
2.350000,-18.074999,-5.722445,0.398321,-0.139361,-0.062852,-0.566414,0.417081
2.366667,-18.070032,-5.726080,0.399582,-0.140343,-0.063082,-0.568680,0.369286
2.383333,-18.064507,-5.728688,0.399478,-0.136523,-0.062364,-0.571124,0.366592
2.400000,-18.059151,-5.731192,0.399599,-0.133851,-0.062001,-0.574868,0.354745
2.416667,-18.054001,-5.734324,0.400082,-0.131791,-0.060137,-0.577309,0.361644
2.433333,-18.048897,-5.738158,0.401319,-0.131908,-0.059087,-0.578471,0.383028
2.450000,-18.043089,-5.742229,0.402556,-0.131562,-0.058432,-0.576982,0.425562
2.466667,-18.037184,-5.747194,0.403743,-0.132962,-0.058447,-0.574558,0.462878
2.483333,-18.031528,-5.751726,0.404909,-0.133765,-0.057389,-0.573426,0.434824
2.500000,-18.025276,-5.757178,0.406465,-0.135993,-0.056771,-0.570886,0.497737
2.516667,-18.019148,-5.762121,0.408057,-0.137275,-0.056065,-0.569349,0.472396
2.533333,-18.013189,-5.766215,0.409074,-0.137565,-0.056796,-0.570081,0.433789
2.550000,-18.007675,-5.769773,0.410727,-0.138049,-0.056230,-0.571601,0.393734
2.566667,-18.001638,-5.773088,0.411728,-0.137218,-0.056203,-0.573036,0.413237
2.583333,-17.995901,-5.776440,0.413157,-0.137633,-0.054869,-0.574779,0.398661
2.600000,-17.990013,-5.779702,0.414637,-0.138317,-0.053510,-0.576865,0.403873
2.616667,-17.984360,-5.782480,0.415977,-0.138887,-0.052030,-0.580598,0.377944
2.633333,-17.978809,-5.786354,0.418053,-0.143916,-0.051710,-0.584054,0.406113
2.650000,-17.971821,-5.790224,0.419211,-0.146143,-0.052976,-0.585356,0.479325
2.666667,-17.964422,-5.793493,0.418548,-0.142851,-0.053876,-0.587161,0.485310
2.683333,-17.957291,-5.796605,0.416942,-0.137083,-0.055952,-0.588344,0.466867
2.700000,-17.950996,-5.799980,0.416852,-0.135838,-0.057209,-0.589941,0.428522
2.716667,-17.944969,-5.803743,0.417605,-0.137703,-0.058131,-0.591888,0.426319
2.733333,-17.938292,-5.808436,0.417914,-0.140654,-0.061545,-0.593799,0.489709
2.750000,-17.931694,-5.811940,0.416963,-0.139611,-0.065037,-0.597380,0.448225
2.766667,-17.925253,-5.814477,0.416081,-0.136868,-0.066939,-0.601245,0.415370
2.783333,-17.919949,-5.816886,0.416721,-0.137638,-0.067428,-0.606585,0.349532
2.800000,-17.914230,-5.819045,0.417045,-0.137757,-0.067841,-0.612258,0.366737
2.816667,-17.908615,-5.820011,0.416917,-0.133712,-0.066241,-0.617829,0.341864
2.833333,-17.902884,-5.821177,0.416868,-0.130824,-0.065199,-0.623359,0.350932
2.850000,-17.896639,-5.823052,0.416633,-0.129512,-0.066532,-0.628254,0.391211
2.866667,-17.890175,-5.825002,0.416308,-0.128763,-0.068972,-0.633349,0.405108
2.883333,-17.884007,-5.826997,0.416573,-0.129663,-0.071178,-0.638829,0.388970
2.900000,-17.877548,-5.827687,0.415857,-0.126309,-0.073638,-0.646043,0.389702
2.916667,-17.871317,-5.828898,0.415668,-0.125411,-0.076341,-0.652713,0.380881
2.933333,-17.865707,-5.829541,0.416015,-0.125124,-0.078026,-0.660263,0.338773
2.950000,-17.860369,-5.829317,0.416287,-0.123977,-0.078516,-0.668051,0.320603
2.966667,-17.854706,-5.829247,0.416101,-0.123798,-0.081040,-0.676860,0.339801
2.983333,-17.848913,-5.829035,0.415657,-0.123530,-0.084089,-0.685922,0.347790
3.000000,-17.843685,-5.829132,0.416010,-0.124108,-0.085840,-0.693847,0.313737
3.016667,-17.838421,-5.829056,0.416264,-0.124771,-0.087846,-0.702573,0.315890
3.033333,-17.832796,-5.828326,0.416083,-0.123492,-0.089893,-0.711987,0.340317
3.050000,-17.827663,-5.828699,0.416582,-0.125940,-0.091843,-0.719858,0.308774
3.066667,-17.822481,-5.829031,0.416609,-0.126399,-0.095765,-0.727489,0.311571
3.083333,-17.817381,-5.828272,0.416155,-0.125115,-0.098634,-0.736439,0.309382
3.100000,-17.812454,-5.826492,0.415359,-0.123429,-0.100795,-0.747577,0.314303
3.116667,-17.807434,-5.824362,0.414681,-0.122403,-0.102684,-0.759657,0.327200
3.133333,-17.802183,-5.821845,0.414144,-0.121273,-0.105029,-0.772691,0.349387
3.150000,-17.796852,-5.819480,0.413580,-0.121090,-0.108033,-0.786030,0.349916
3.166667,-17.791302,-5.816576,0.412895,-0.119682,-0.111490,-0.800333,0.375863
3.183333,-17.786127,-5.812969,0.412257,-0.116747,-0.114249,-0.814361,0.378456
3.200000,-17.781569,-5.810313,0.412003,-0.115561,-0.117282,-0.826304,0.316552
3.216667,-17.777260,-5.807350,0.411867,-0.114842,-0.120018,-0.838964,0.313753
3.233333,-17.772465,-5.803689,0.410815,-0.113217,-0.123197,-0.853499,0.361944
3.250000,-17.767025,-5.798904,0.408996,-0.109206,-0.126852,-0.870437,0.434691
3.266667,-17.761593,-5.793109,0.407065,-0.105047,-0.129508,-0.889400,0.476596
3.283333,-17.756065,-5.786211,0.405018,-0.100512,-0.131262,-0.910556,0.530385
3.300000,-17.750095,-5.778628,0.402633,-0.093919,-0.132365,-0.931849,0.579025
3.316667,-17.745386,-5.773895,0.401432,-0.097029,-0.136485,-0.950094,0.400605
3.333333,-17.739267,-5.768381,0.399798,-0.095256,-0.141504,-0.968290,0.494228
3.350000,-17.733076,-5.762164,0.397821,-0.091709,-0.146815,-0.987618,0.526439
3.366667,-17.725304,-5.753687,0.393290,-0.080411,-0.152138,-1.012517,0.690042
3.383333,-17.717911,-5.744924,0.389405,-0.071359,-0.155404,-1.037022,0.687911
3.400000,-17.708803,-5.735906,0.384939,-0.058028,-0.158207,-1.060364,0.768991
3.416667,-17.700294,-5.726062,0.380551,-0.044401,-0.160143,-1.087955,0.780710
3.433333,-17.693438,-5.716051,0.378458,-0.036815,-0.159783,-1.116388,0.728035
3.450000,-17.686779,-5.708523,0.377358,-0.032882,-0.159250,-1.138060,0.603028
3.466667,-17.678522,-5.700950,0.373758,-0.020156,-0.159339,-1.160402,0.672219
3.483333,-17.672855,-5.694631,0.372852,-0.017763,-0.159763,-1.182043,0.509287
3.500000,-17.666658,-5.688303,0.370963,-0.012693,-0.159120,-1.202646,0.531382
3.516667,-17.659735,-5.681797,0.369236,-0.005919,-0.160144,-1.225934,0.570067
3.533333,-17.654009,-5.677838,0.368556,-0.006876,-0.162141,-1.243770,0.417682
3.550000,-17.646538,-5.672909,0.367097,-0.000960,-0.163507,-1.263952,0.537035
3.566667,-17.639603,-5.668926,0.365943,0.003928,-0.164230,-1.281290,0.479851
3.583333,-17.634253,-5.665453,0.365390,0.004072,-0.166618,-1.300840,0.382689
3.600000,-17.626774,-5.660989,0.363803,0.013634,-0.165411,-1.318740,0.522600
3.616667,-17.621428,-5.658744,0.363186,0.014122,-0.167825,-1.334722,0.347899
3.633333,-17.615334,-5.656314,0.362402,0.017023,-0.168945,-1.350996,0.393635
3.650000,-17.608616,-5.653709,0.360758,0.022016,-0.170365,-1.368727,0.432315
3.666667,-17.599962,-5.659930,0.361510,0.022562,-0.180293,-1.360009,0.639455
3.683333,-17.592367,-5.663729,0.361816,0.021884,-0.183581,-1.350355,0.509531
3.700000,-17.585878,-5.665282,0.361426,0.021961,-0.182752,-1.343727,0.400331
3.716667,-17.580811,-5.665220,0.361292,0.020442,-0.178029,-1.338505,0.304092
3.733333,-17.575367,-5.664514,0.361713,0.019612,-0.178647,-1.342367,0.329355
3.750000,-17.569664,-5.663401,0.362022,0.018133,-0.178121,-1.343238,0.348628
3.766667,-17.564535,-5.661434,0.362423,0.017981,-0.180162,-1.352636,0.329586
3.783333,-17.558668,-5.657527,0.362127,0.019661,-0.179533,-1.366193,0.422938
3.800000,-17.553032,-5.653131,0.362068,0.021442,-0.177653,-1.381559,0.428852
3.816667,-17.547604,-5.648218,0.361888,0.023682,-0.175008,-1.399464,0.439302
3.833333,-17.542501,-5.642628,0.361879,0.026775,-0.170777,-1.417656,0.454121
3.850000,-17.539419,-5.638779,0.363196,0.021579,-0.169886,-1.433991,0.295864
3.866667,-17.535250,-5.634949,0.364081,0.020813,-0.167782,-1.449480,0.339692
3.883333,-17.532198,-5.632271,0.365395,0.015653,-0.167527,-1.464689,0.243606
3.900000,-17.528378,-5.629741,0.366245,0.015046,-0.165769,-1.478131,0.274935
3.916667,-17.524940,-5.627914,0.367304,0.013353,-0.164673,-1.490261,0.233527
3.933333,-17.521671,-5.626927,0.368086,0.012260,-0.163721,-1.500894,0.204906
3.950000,-17.518703,-5.626516,0.369105,0.010245,-0.163064,-1.511608,0.179770
3.966667,-17.516012,-5.626348,0.370489,0.006843,-0.162499,-1.521753,0.161790
3.983333,-17.512814,-5.626643,0.371383,0.005326,-0.162646,-1.531944,0.192730
4.000000,-17.509302,-5.627490,0.372098,0.004474,-0.163115,-1.541806,0.216726
4.016667,-17.505426,-5.628428,0.372533,0.004698,-0.163632,-1.551904,0.239257
4.033333,-17.501841,-5.628945,0.373233,0.004044,-0.163793,-1.563514,0.217381
4.050000,-17.498381,-5.629707,0.373933,0.002501,-0.164370,-1.574845,0.212571
4.066667,-17.494522,-5.630808,0.374906,0.000936,-0.165683,-1.586896,0.240755
4.083333,-17.490810,-5.632769,0.375481,0.000274,-0.165925,-1.594999,0.251853
4.100000,-17.486904,-5.634108,0.376134,-0.000248,-0.166367,-1.606252,0.247771
4.116667,-17.482740,-5.635733,0.376676,0.000320,-0.166286,-1.616366,0.268167
4.133333,-17.478395,-5.636795,0.376897,0.002110,-0.165650,-1.628936,0.268376
4.150000,-17.474159,-5.638189,0.377614,0.003875,-0.163701,-1.638691,0.267586
4.166667,-17.470581,-5.640076,0.378004,0.003945,-0.164251,-1.651410,0.242698
4.183333,-17.464687,-5.642672,0.377048,0.016515,-0.160091,-1.658270,0.386404
4.200000,-17.461008,-5.646119,0.376981,0.022608,-0.158296,-1.664246,0.302525
4.216667,-17.458200,-5.650356,0.377206,0.027668,-0.156549,-1.667599,0.304953
4.233333,-17.456537,-5.654781,0.377772,0.030760,-0.155223,-1.670596,0.283638
4.250000,-17.454901,-5.659695,0.378087,0.035121,-0.153386,-1.672630,0.310776
4.266667,-17.454029,-5.665186,0.378622,0.039070,-0.151505,-1.673445,0.333572
4.283333,-17.454308,-5.671151,0.379508,0.040211,-0.150259,-1.673438,0.358275
4.300000,-17.454714,-5.677809,0.380270,0.042380,-0.148913,-1.672235,0.400228
4.316667,-17.456032,-5.685146,0.381361,0.042874,-0.147319,-1.669229,0.447272
4.333333,-17.457338,-5.692899,0.382442,0.043517,-0.146237,-1.666353,0.471733
4.350000,-17.458427,-5.700529,0.383524,0.044789,-0.145291,-1.662234,0.462461
4.366667,-17.460545,-5.708425,0.385131,0.043584,-0.144504,-1.657641,0.490492
4.383333,-17.462759,-5.716384,0.386574,0.041189,-0.144348,-1.654101,0.495700
4.400000,-17.463936,-5.724509,0.387237,0.042329,-0.145610,-1.652294,0.492577
4.416667,-17.465429,-5.732699,0.388196,0.042630,-0.145966,-1.649269,0.499484
4.433333,-17.469387,-5.739296,0.392218,0.036562,-0.142977,-1.643222,0.461614
4.450000,-17.472475,-5.746347,0.394865,0.033539,-0.141458,-1.637904,0.461853
4.466667,-17.475460,-5.753344,0.397426,0.030463,-0.139704,-1.632303,0.456380
4.483333,-17.477871,-5.760629,0.398911,0.029225,-0.139374,-1.628583,0.460421
4.500000,-17.480328,-5.767721,0.401008,0.025802,-0.139811,-1.624588,0.450354
4.516667,-17.482729,-5.774819,0.402999,0.022630,-0.139461,-1.620289,0.449603
4.533333,-17.485113,-5.782532,0.404479,0.020660,-0.139426,-1.615560,0.484376
4.550000,-17.488228,-5.790064,0.406455,0.017393,-0.137393,-1.609239,0.489017
4.566667,-17.490082,-5.798315,0.407115,0.018545,-0.137983,-1.605466,0.507414
4.583333,-17.492502,-5.806331,0.408582,0.017259,-0.136859,-1.600364,0.502386
4.600000,-17.495132,-5.814653,0.409966,0.016198,-0.136606,-1.595377,0.523679
4.616667,-17.497120,-5.823408,0.410499,0.016361,-0.137823,-1.591304,0.538649
4.633333,-17.499277,-5.832154,0.411277,0.017696,-0.137177,-1.584509,0.540523
4.650000,-17.502396,-5.840025,0.413352,0.015457,-0.135628,-1.578464,0.507958
4.666667,-17.505833,-5.847089,0.416327,0.011015,-0.134384,-1.571741,0.471366
4.683333,-17.507044,-5.854759,0.415835,0.013898,-0.134655,-1.566864,0.465898
4.700000,-17.510025,-5.861744,0.417774,0.010710,-0.133320,-1.560574,0.455685
4.716667,-17.512732,-5.869474,0.419250,0.009326,-0.133422,-1.554679,0.491381
4.733333,-17.516191,-5.877661,0.421511,0.006121,-0.133736,-1.546453,0.533301
4.750000,-17.519890,-5.885858,0.423762,0.002487,-0.133608,-1.537781,0.539526
4.766667,-17.523535,-5.894138,0.425885,-0.000550,-0.133105,-1.528749,0.542821
4.783333,-17.526785,-5.902693,0.427614,-0.002096,-0.133080,-1.519580,0.549091
4.800000,-17.530697,-5.911307,0.429731,-0.005448,-0.132761,-1.509956,0.567670
4.816667,-17.534895,-5.920083,0.431953,-0.009551,-0.132374,-1.499600,0.583663
4.833333,-17.537809,-5.929147,0.433079,-0.010115,-0.133750,-1.490690,0.571300
4.850000,-17.541763,-5.937949,0.434837,-0.013337,-0.133496,-1.480686,0.578954
4.866667,-17.545233,-5.948345,0.433995,-0.013307,-0.136135,-1.468134,0.657552
4.883333,-17.548731,-5.958160,0.433834,-0.014188,-0.138234,-1.456759,0.625196
4.900000,-17.551353,-5.969553,0.432018,-0.014098,-0.144523,-1.446713,0.701462
4.916667,-17.553375,-5.978754,0.431780,-0.011469,-0.145541,-1.437635,0.565234
4.933333,-17.556728,-5.988132,0.432840,-0.012750,-0.145135,-1.426623,0.597537
4.950000,-17.559917,-5.997179,0.434095,-0.014424,-0.144035,-1.416381,0.575559
4.966667,-17.562101,-6.007851,0.433305,-0.012065,-0.145890,-1.404153,0.653623
4.983333,-17.565456,-6.017984,0.434163,-0.013572,-0.146487,-1.392664,0.640454
5.000000,-17.568470,-6.028689,0.434746,-0.014150,-0.148110,-1.380384,0.667238
5.016667,-17.571617,-6.038655,0.435988,-0.015033,-0.147978,-1.368191,0.627060
5.033333,-17.574596,-6.049022,0.436799,-0.015585,-0.148328,-1.355166,0.647191
5.050000,-17.577713,-6.059379,0.437856,-0.016726,-0.148619,-1.342102,0.648940
5.066667,-17.579090,-6.068693,0.436744,-0.011531,-0.148945,-1.331799,0.564947
5.083333,-17.583160,-6.077198,0.439740,-0.017285,-0.148173,-1.320138,0.565695
5.100000,-17.585745,-6.085318,0.441278,-0.019219,-0.148210,-1.309095,0.511286
5.116667,-17.588900,-6.093349,0.443228,-0.022417,-0.146988,-1.297355,0.517725
5.133333,-17.592167,-6.102085,0.444801,-0.025416,-0.146095,-1.284229,0.559601
5.150000,-17.593067,-6.111166,0.444025,-0.022593,-0.149850,-1.273265,0.547581
5.166667,-17.596333,-6.120247,0.445369,-0.026002,-0.149783,-1.259722,0.578982
5.183333,-17.599001,-6.129709,0.446177,-0.027373,-0.149999,-1.245739,0.589857
5.200000,-17.602234,-6.139336,0.447790,-0.030890,-0.149715,-1.231481,0.609340
5.216667,-17.604427,-6.149853,0.447894,-0.031313,-0.151793,-1.217386,0.644577
5.233333,-17.607399,-6.160796,0.448813,-0.034197,-0.152961,-1.201468,0.680382
5.250000,-17.611294,-6.171550,0.451188,-0.040789,-0.153040,-1.186060,0.686260
5.266667,-17.614641,-6.181376,0.453555,-0.046540,-0.151840,-1.172561,0.622842
5.283333,-17.617252,-6.191948,0.455583,-0.052643,-0.151477,-1.156692,0.653351
5.300000,-17.620264,-6.200734,0.458457,-0.058869,-0.149388,-1.146985,0.557255
5.316667,-17.621927,-6.209761,0.460551,-0.063272,-0.147393,-1.136962,0.550765
5.333333,-17.623154,-6.218961,0.462765,-0.067725,-0.145895,-1.126981,0.556889
5.350000,-17.624130,-6.228294,0.465186,-0.072707,-0.145252,-1.116507,0.563017
5.366667,-17.624668,-6.237404,0.467521,-0.077463,-0.144515,-1.106543,0.547550
5.383333,-17.624521,-6.246374,0.470299,-0.082689,-0.144422,-1.098131,0.538288
5.400000,-17.623501,-6.255017,0.472462,-0.086278,-0.144165,-1.090835,0.522191
5.416667,-17.621626,-6.263656,0.473881,-0.088041,-0.144254,-1.083597,0.530399
5.433333,-17.619812,-6.271776,0.476133,-0.091730,-0.143874,-1.078235,0.499211
5.450000,-17.617510,-6.279618,0.478291,-0.094207,-0.145606,-1.073044,0.490380
5.466667,-17.615309,-6.286427,0.480235,-0.096887,-0.146367,-1.070743,0.429314
5.483333,-17.612005,-6.292048,0.481391,-0.096872,-0.147231,-1.070710,0.391191
5.500000,-17.609226,-6.296851,0.483011,-0.098470,-0.148052,-1.072079,0.332951
5.516667,-17.605522,-6.301669,0.483801,-0.097686,-0.149517,-1.073451,0.364657
5.533333,-17.602041,-6.306842,0.485393,-0.100551,-0.151750,-1.075847,0.374093
5.550000,-17.598221,-6.312116,0.486970,-0.103296,-0.154097,-1.078746,0.390732
5.566667,-17.593895,-6.316109,0.487999,-0.103982,-0.155874,-1.084013,0.353223
5.583333,-17.589407,-6.319905,0.489174,-0.105396,-0.157973,-1.090775,0.352688
5.600000,-17.583910,-6.322628,0.489392,-0.102334,-0.158071,-1.097898,0.368073
5.616667,-17.579182,-6.324703,0.490775,-0.102904,-0.157102,-1.106623,0.309808
5.633333,-17.574209,-6.326478,0.491798,-0.102594,-0.156927,-1.116176,0.316801
5.650000,-17.568764,-6.327617,0.492594,-0.101563,-0.156006,-1.126621,0.333790
5.666667,-17.563951,-6.329810,0.494221,-0.104526,-0.156631,-1.137536,0.317314
5.683333,-17.560076,-6.332715,0.496749,-0.112681,-0.158469,-1.148509,0.290594
5.700000,-17.554459,-6.333817,0.497888,-0.113064,-0.159713,-1.162077,0.343464
5.716667,-17.548662,-6.335073,0.498265,-0.112051,-0.160817,-1.174761,0.355857
5.733333,-17.541697,-6.334945,0.498004,-0.104866,-0.159281,-1.187714,0.418009
5.750000,-17.533615,-6.335443,0.495833,-0.093423,-0.159414,-1.200084,0.485804
5.766667,-17.525988,-6.335982,0.494315,-0.083864,-0.159290,-1.212484,0.458794
5.783333,-17.520189,-6.337546,0.494291,-0.082728,-0.161427,-1.225436,0.360327
5.800000,-17.516602,-6.339900,0.496336,-0.090719,-0.164920,-1.238653,0.257467
5.816667,-17.511469,-6.340970,0.497267,-0.091488,-0.165891,-1.251899,0.314581
5.833333,-17.507868,-6.343338,0.498717,-0.096180,-0.167126,-1.261938,0.258593
5.850000,-17.502527,-6.345184,0.498911,-0.091097,-0.165362,-1.268025,0.339034
5.866667,-17.497543,-6.346773,0.499243,-0.087594,-0.163749,-1.275271,0.313862
5.883333,-17.492470,-6.349357,0.499379,-0.083319,-0.163316,-1.280286,0.341633
5.900000,-17.486862,-6.350457,0.499210,-0.077947,-0.160974,-1.289002,0.342864
5.916667,-17.481327,-6.352103,0.499342,-0.074309,-0.159668,-1.297963,0.346482
5.933333,-17.475103,-6.353642,0.499380,-0.069001,-0.159595,-1.308807,0.384672
5.950000,-17.469236,-6.355723,0.499800,-0.066015,-0.159273,-1.317296,0.373516
5.966667,-17.463753,-6.357505,0.500336,-0.063568,-0.160229,-1.328479,0.345945
5.983333,-17.458593,-6.359697,0.500989,-0.062935,-0.161758,-1.339501,0.336343
6.000000,-17.453922,-6.362220,0.501802,-0.064050,-0.163565,-1.350195,0.318547
6.016667,-17.449329,-6.363903,0.503033,-0.064954,-0.162785,-1.360836,0.293478
6.033333,-17.441940,-6.368857,0.503081,-0.062656,-0.165911,-1.360136,0.533793
6.050000,-17.437435,-6.371682,0.505216,-0.067093,-0.163696,-1.360443,0.319035
6.066667,-17.434898,-6.374445,0.508173,-0.076069,-0.159629,-1.360398,0.225088
6.083333,-17.432747,-6.376449,0.511546,-0.086388,-0.154897,-1.362352,0.176380
6.100000,-17.428478,-6.379992,0.513031,-0.090172,-0.153957,-1.365330,0.332843
6.116667,-17.424011,-6.382767,0.514431,-0.093954,-0.153518,-1.373555,0.315533
6.133333,-17.420483,-6.385841,0.516754,-0.099704,-0.151139,-1.379859,0.280813
6.150000,-17.415989,-6.389364,0.517609,-0.101701,-0.152470,-1.389345,0.342582
6.166667,-17.411304,-6.392152,0.518878,-0.102821,-0.152289,-1.398935,0.327096
6.183333,-17.405882,-6.395180,0.518922,-0.100313,-0.154018,-1.409984,0.372628
6.200000,-17.402004,-6.398530,0.519689,-0.101550,-0.156996,-1.420101,0.307488
6.216667,-17.397196,-6.401601,0.519477,-0.097385,-0.158081,-1.428387,0.342321
6.233333,-17.393696,-6.404552,0.520781,-0.096460,-0.157553,-1.436127,0.274650
6.250000,-17.389832,-6.407762,0.521420,-0.094353,-0.158226,-1.444662,0.301420
6.266667,-17.386805,-6.411564,0.522463,-0.093423,-0.157595,-1.450636,0.291602
6.283333,-17.384001,-6.415951,0.523164,-0.092692,-0.157848,-1.456786,0.312406
6.300000,-17.380880,-6.421100,0.523200,-0.090177,-0.158636,-1.462184,0.361214
6.316667,-17.377945,-6.426458,0.523652,-0.088552,-0.158788,-1.468123,0.366576
6.333333,-17.374939,-6.432298,0.523740,-0.085953,-0.159188,-1.474078,0.394109
6.350000,-17.373022,-6.438109,0.524651,-0.085480,-0.157533,-1.478079,0.367152
6.366667,-17.370960,-6.443996,0.524983,-0.083474,-0.156923,-1.483274,0.374232
6.383333,-17.368925,-6.450391,0.524794,-0.080158,-0.155873,-1.487344,0.402654
6.400000,-17.366455,-6.457736,0.523519,-0.074295,-0.155239,-1.489460,0.464963
6.416667,-17.365421,-6.464480,0.523929,-0.072993,-0.153137,-1.491416,0.409389
6.433333,-17.364197,-6.471867,0.524008,-0.070996,-0.152520,-1.494006,0.449250
6.450000,-17.361963,-6.479903,0.522554,-0.064616,-0.154317,-1.497248,0.500445
6.466667,-17.360888,-6.487659,0.522927,-0.062996,-0.154612,-1.498825,0.469772
6.483333,-17.359900,-6.495386,0.523356,-0.061758,-0.154301,-1.499902,0.467432
6.500000,-17.358749,-6.503471,0.523399,-0.059385,-0.155051,-1.500953,0.489970
6.516667,-17.358330,-6.510948,0.524560,-0.059002,-0.153592,-1.501326,0.449314
6.533333,-17.358240,-6.518433,0.526033,-0.059389,-0.151181,-1.500571,0.449156
6.550000,-17.358181,-6.526239,0.527711,-0.060030,-0.149501,-1.499364,0.468392
6.566667,-17.358332,-6.533313,0.529936,-0.061508,-0.146499,-1.498582,0.424500
6.583333,-17.357992,-6.542089,0.530367,-0.061025,-0.147213,-1.497184,0.526994
6.600000,-17.356884,-6.550337,0.530470,-0.058330,-0.148407,-1.498015,0.499290
6.616667,-17.356380,-6.558255,0.531341,-0.058293,-0.148548,-1.497990,0.476033
6.633333,-17.355896,-6.564721,0.533743,-0.058785,-0.145042,-1.498122,0.389042
6.650000,-17.356209,-6.572212,0.535792,-0.060435,-0.143030,-1.496567,0.449858
6.666667,-17.355762,-6.579586,0.537123,-0.060621,-0.141552,-1.496452,0.443238
6.683333,-17.355312,-6.587105,0.538571,-0.060621,-0.140077,-1.496180,0.451962
6.700000,-17.354876,-6.594394,0.540232,-0.060512,-0.137786,-1.495793,0.438120
6.716667,-17.354788,-6.602331,0.541603,-0.061398,-0.137094,-1.494967,0.476246
6.733333,-17.354532,-6.610228,0.542937,-0.061899,-0.136165,-1.494444,0.474062
6.750000,-17.354025,-6.618072,0.543855,-0.061777,-0.135450,-1.494849,0.471622
6.766667,-17.352997,-6.625397,0.544801,-0.061195,-0.133824,-1.496057,0.443846
6.783333,-17.352201,-6.632822,0.545776,-0.060884,-0.131278,-1.496215,0.448039
6.800000,-17.350758,-6.640064,0.546601,-0.058538,-0.129967,-1.498526,0.443056
6.816667,-17.349997,-6.647077,0.548149,-0.058816,-0.127917,-1.500380,0.423269
6.833333,-17.348625,-6.655212,0.548118,-0.056064,-0.127785,-1.501402,0.495006
6.850000,-17.347683,-6.662802,0.550251,-0.056178,-0.127791,-1.502306,0.458856
6.866667,-17.346191,-6.670320,0.551383,-0.055157,-0.127722,-1.504140,0.459861
6.883333,-17.345375,-6.677293,0.553477,-0.057203,-0.126247,-1.505838,0.421282
6.900000,-17.344717,-6.684365,0.555328,-0.058788,-0.124573,-1.506457,0.426123
6.916667,-17.344084,-6.691634,0.557143,-0.059917,-0.123093,-1.506474,0.437786
6.933333,-17.344217,-6.698213,0.559590,-0.062777,-0.120374,-1.506952,0.394845
6.950000,-17.343367,-6.705061,0.560609,-0.061885,-0.117977,-1.507579,0.414030
6.966667,-17.342466,-6.712289,0.561262,-0.060688,-0.116505,-1.508983,0.437025
6.983333,-17.341539,-6.719716,0.561802,-0.059179,-0.114587,-1.510231,0.449090
7.000000,-17.339737,-6.728096,0.560904,-0.054633,-0.115888,-1.512822,0.514295
7.016667,-17.339123,-6.736217,0.561686,-0.055033,-0.115966,-1.515084,0.488624
7.033333,-17.338259,-6.744521,0.562967,-0.057380,-0.117687,-1.516088,0.500965
7.050000,-17.336458,-6.751415,0.564269,-0.057813,-0.117587,-1.518321,0.427521
7.066667,-17.335060,-6.757797,0.566560,-0.060215,-0.116927,-1.521439,0.392000
7.083333,-17.333878,-6.764419,0.568739,-0.062553,-0.115707,-1.523212,0.403596
7.100000,-17.332911,-6.770900,0.571171,-0.065166,-0.113914,-1.524796,0.393175
7.116667,-17.332073,-6.777663,0.573001,-0.067031,-0.112765,-1.526447,0.408877
7.133333,-17.331003,-6.784326,0.574568,-0.068293,-0.111474,-1.528966,0.404893
7.150000,-17.329756,-6.791238,0.575659,-0.069027,-0.109889,-1.531143,0.421433
7.166667,-17.329498,-6.797343,0.578244,-0.074693,-0.106659,-1.534254,0.366622
7.183333,-17.329538,-6.803847,0.581343,-0.082835,-0.105136,-1.536592,0.390251
7.200000,-17.330376,-6.809744,0.584959,-0.093162,-0.104733,-1.541852,0.357372
7.216667,-17.331308,-6.815230,0.588772,-0.102154,-0.105222,-1.546598,0.333856
7.233333,-17.332727,-6.821063,0.592576,-0.111432,-0.105736,-1.548478,0.360169
7.250000,-17.333401,-6.827219,0.596042,-0.119734,-0.106568,-1.551039,0.371618
7.266667,-17.333494,-6.833598,0.598975,-0.125386,-0.106467,-1.553094,0.382760
7.283333,-17.333399,-6.840315,0.601705,-0.131586,-0.107473,-1.555829,0.403073
7.300000,-17.333040,-6.847357,0.603652,-0.136813,-0.109175,-1.559295,0.423035
7.316667,-17.330830,-6.854562,0.603864,-0.137021,-0.112127,-1.564772,0.452218
7.333333,-17.326206,-6.861804,0.601225,-0.128374,-0.117192,-1.571540,0.515530
7.350000,-17.322191,-6.868101,0.599561,-0.121210,-0.121085,-1.578505,0.448066
7.366667,-17.317596,-6.873713,0.598067,-0.112012,-0.122567,-1.585567,0.435178
7.383333,-17.312641,-6.879727,0.595184,-0.100622,-0.126096,-1.593347,0.467544
7.400000,-17.307581,-6.886481,0.592303,-0.088075,-0.130113,-1.599236,0.506378
7.416667,-17.304697,-6.892388,0.592122,-0.084482,-0.132720,-1.605712,0.394407
7.433333,-17.301344,-6.896819,0.591890,-0.081199,-0.132952,-1.615178,0.333392
7.450000,-17.299076,-6.901941,0.593268,-0.083150,-0.134844,-1.621386,0.336106
7.466667,-17.294922,-6.905522,0.593335,-0.080963,-0.135305,-1.631920,0.329079
7.483333,-17.292011,-6.909191,0.594669,-0.083980,-0.136795,-1.642335,0.280987
7.500000,-17.288746,-6.913201,0.595883,-0.087081,-0.138871,-1.653650,0.310290
7.516667,-17.285521,-6.917206,0.597546,-0.091630,-0.140601,-1.665351,0.308533
7.533333,-17.281563,-6.921327,0.598610,-0.093038,-0.141105,-1.676114,0.342815
7.550000,-17.276548,-6.925149,0.597873,-0.089365,-0.143813,-1.692680,0.378307
7.566667,-17.270235,-6.929405,0.596799,-0.082192,-0.147481,-1.709063,0.456811
7.583333,-17.264174,-6.934525,0.595764,-0.074837,-0.149681,-1.722113,0.476064
7.600000,-17.259680,-6.939820,0.595807,-0.072778,-0.151769,-1.733840,0.416702
7.616667,-17.254562,-6.944978,0.595491,-0.067272,-0.155109,-1.747143,0.435950
7.633333,-17.249861,-6.949542,0.594904,-0.062633,-0.155741,-1.758565,0.393162
7.650000,-17.245018,-6.954837,0.593974,-0.058143,-0.158219,-1.770368,0.430528
7.666667,-17.241106,-6.960631,0.593665,-0.056677,-0.159684,-1.779102,0.419462
7.683333,-17.236120,-6.965323,0.592886,-0.051792,-0.162239,-1.791287,0.410787
7.700000,-17.232241,-6.969482,0.592978,-0.050488,-0.165046,-1.803347,0.341272
7.716667,-17.228285,-6.974342,0.592536,-0.047325,-0.167685,-1.814475,0.375961
7.733333,-17.224688,-6.979474,0.592425,-0.045906,-0.170931,-1.825665,0.376018
7.750000,-17.220873,-6.983844,0.592387,-0.044622,-0.173868,-1.837975,0.348077
7.766667,-17.217346,-6.988199,0.592785,-0.044276,-0.176092,-1.849980,0.336209
7.783333,-17.214397,-6.992375,0.594137,-0.046585,-0.178125,-1.862745,0.306736
7.800000,-17.209446,-6.996663,0.594354,-0.042073,-0.179404,-1.876784,0.392996
7.816667,-17.204935,-7.000884,0.594640,-0.038651,-0.180255,-1.890230,0.370665
7.833333,-17.200994,-7.003800,0.595661,-0.038274,-0.180332,-1.905720,0.294159
7.850000,-17.195827,-7.007223,0.595264,-0.034523,-0.181338,-1.922195,0.371870
7.866667,-17.192270,-7.012104,0.596155,-0.035748,-0.186805,-1.935716,0.362354
7.883333,-17.188095,-7.016827,0.596237,-0.035114,-0.191020,-1.951075,0.378236
7.900000,-17.182827,-7.021657,0.595432,-0.031720,-0.195594,-1.967939,0.428863
7.916667,-17.176992,-7.025449,0.594585,-0.027153,-0.197624,-1.985617,0.417492
7.933333,-17.171988,-7.029144,0.593974,-0.023194,-0.200450,-2.000958,0.373265
7.950000,-17.167067,-7.033468,0.592947,-0.017407,-0.204136,-2.015112,0.393046
7.966667,-17.162287,-7.037865,0.592275,-0.013361,-0.207775,-2.029882,0.389694
7.983333,-17.157616,-7.041530,0.591741,-0.011055,-0.211377,-2.046450,0.356218
8.000000,-17.154354,-7.044728,0.593168,-0.015359,-0.213838,-2.060592,0.274076
8.016667,-17.150846,-7.047663,0.594773,-0.018881,-0.215922,-2.076314,0.274412
8.033333,-17.145975,-7.050645,0.595640,-0.017372,-0.216061,-2.092001,0.342716
8.050000,-17.139381,-7.053897,0.596057,-0.010347,-0.215342,-2.108351,0.441110
8.066667,-17.132410,-7.057532,0.595617,-0.002712,-0.215333,-2.126090,0.471739
8.083333,-17.125095,-7.061395,0.594951,0.005216,-0.215489,-2.144771,0.496308
8.100000,-17.117447,-7.065228,0.594538,0.012985,-0.215284,-2.164082,0.513318
8.116667,-17.109858,-7.069037,0.594458,0.020034,-0.215143,-2.183467,0.509493
8.133333,-17.102001,-7.072480,0.594455,0.027249,-0.213432,-2.202342,0.514667
8.150000,-17.094738,-7.077113,0.593385,0.034120,-0.215218,-2.222734,0.516899
8.166667,-17.086481,-7.080792,0.593333,0.041075,-0.214150,-2.243419,0.542374
8.183333,-17.079790,-7.085657,0.592290,0.048176,-0.216118,-2.262014,0.496351
8.200000,-17.073120,-7.089573,0.592515,0.053544,-0.215917,-2.279431,0.464084
8.216667,-17.066244,-7.094104,0.591770,0.059069,-0.216927,-2.299018,0.494059
8.233333,-17.058388,-7.098437,0.591246,0.065145,-0.216221,-2.319923,0.538323
8.250000,-17.049631,-7.102352,0.590869,0.072386,-0.213901,-2.341486,0.575514
8.266667,-17.042240,-7.107100,0.589681,0.080538,-0.214597,-2.360861,0.527105
8.283333,-17.036255,-7.110859,0.589732,0.085060,-0.215709,-2.378282,0.424048
8.300000,-17.029081,-7.115262,0.589505,0.091136,-0.215700,-2.397232,0.505024
8.316667,-17.020756,-7.119737,0.589413,0.098846,-0.213730,-2.417026,0.567112
8.333333,-17.013048,-7.124573,0.588974,0.105504,-0.213177,-2.437161,0.545950
8.350000,-17.004066,-7.128683,0.588924,0.113240,-0.210626,-2.459380,0.592641
8.366667,-16.996021,-7.133045,0.588713,0.118747,-0.208657,-2.480019,0.549101
8.383333,-16.988815,-7.136582,0.588933,0.124423,-0.206768,-2.497887,0.481638
8.400000,-16.982122,-7.140872,0.587726,0.129447,-0.207289,-2.518646,0.476974
8.416667,-16.975500,-7.144713,0.587318,0.134261,-0.206746,-2.537345,0.459363
8.433333,-16.968367,-7.149673,0.586533,0.142006,-0.206232,-2.555985,0.521289
8.450000,-16.960266,-7.155100,0.585496,0.151293,-0.203865,-2.574608,0.585021
8.466667,-16.951187,-7.161241,0.583577,0.162579,-0.201521,-2.596218,0.657640
8.483333,-16.946365,-7.166834,0.581586,0.165309,-0.206730,-2.616645,0.443085
8.500000,-16.939093,-7.172719,0.580444,0.172176,-0.207008,-2.636560,0.561336
8.516667,-16.932911,-7.176208,0.580020,0.174258,-0.207774,-2.657063,0.425902
8.533333,-16.924051,-7.181687,0.580104,0.183414,-0.201876,-2.672065,0.625012
8.550000,-16.917002,-7.185410,0.580649,0.185697,-0.199375,-2.690491,0.478353
8.566667,-16.909164,-7.190069,0.581072,0.191059,-0.195094,-2.708574,0.547043
8.583333,-16.902250,-7.194669,0.581476,0.194930,-0.192294,-2.726330,0.498274
8.600000,-16.895578,-7.199147,0.581869,0.198480,-0.189350,-2.743224,0.482104
8.616667,-16.888920,-7.203397,0.582308,0.202004,-0.186544,-2.762222,0.473959
8.633333,-16.882235,-7.208260,0.582629,0.206893,-0.182769,-2.779550,0.496006
8.650000,-16.878025,-7.213599,0.581574,0.210499,-0.184216,-2.796405,0.407963
8.666667,-16.871550,-7.217118,0.583375,0.214274,-0.178555,-2.811700,0.442193
8.683333,-16.866535,-7.221185,0.583925,0.215123,-0.176516,-2.830811,0.387363
8.700000,-16.859930,-7.226689,0.584259,0.222225,-0.170719,-2.847647,0.515872
8.716667,-16.857454,-7.230862,0.583823,0.222488,-0.171913,-2.863856,0.291142
8.733333,-16.853275,-7.235412,0.584612,0.227971,-0.167485,-2.876527,0.370674
8.750000,-16.848906,-7.239590,0.586033,0.232246,-0.161853,-2.890275,0.362723
8.766667,-16.847092,-7.242812,0.586904,0.232788,-0.159837,-2.901406,0.221874
8.783333,-16.845795,-7.246288,0.587529,0.235246,-0.157739,-2.910550,0.222587
8.800000,-16.845213,-7.250048,0.588079,0.237946,-0.156358,-2.919315,0.228304
8.816667,-16.845705,-7.253105,0.588518,0.238911,-0.155891,-2.926164,0.185781
8.833333,-16.846729,-7.254478,0.589222,0.237565,-0.157765,-2.938809,0.102745
8.850000,-16.846643,-7.256190,0.589623,0.237527,-0.156919,-2.950921,0.102868
8.866667,-16.845209,-7.260025,0.589553,0.244026,-0.152413,-2.960369,0.245651
8.883333,-16.844156,-7.264165,0.589405,0.249148,-0.148917,-2.973758,0.256329
8.900000,-16.844809,-7.267557,0.589532,0.250979,-0.148260,-2.984525,0.207262
8.916667,-16.845976,-7.271507,0.589675,0.253802,-0.147599,-2.993697,0.247139
8.933333,-16.847729,-7.275118,0.590058,0.255288,-0.147413,-3.003248,0.240842
8.950000,-16.849800,-7.279069,0.590669,0.257234,-0.147019,-3.012009,0.267642
8.966667,-16.851799,-7.283394,0.591246,0.259748,-0.146367,-3.021477,0.285870
8.983333,-16.854040,-7.287466,0.591866,0.261109,-0.145934,-3.031089,0.278890
9.000000,-16.856548,-7.291976,0.592488,0.262887,-0.145463,-3.040843,0.309627
9.016667,-16.859732,-7.295661,0.593119,0.263976,-0.145648,-3.048846,0.292176
9.033333,-16.862141,-7.299935,0.594052,0.266037,-0.143614,-3.058404,0.294363
9.050000,-16.865295,-7.303769,0.594960,0.267141,-0.142794,-3.068020,0.297894
9.066667,-16.868540,-7.308133,0.595860,0.269319,-0.141238,-3.077547,0.326274
9.083333,-16.872211,-7.312328,0.596847,0.270862,-0.139971,-3.087075,0.334522
9.100000,-16.876001,-7.316852,0.597841,0.273666,-0.138618,-3.097068,0.354068
9.116667,-16.880220,-7.321014,0.598803,0.275823,-0.137517,-3.106534,0.355620
9.133333,-16.885283,-7.323866,0.599896,0.275345,-0.136858,-3.113414,0.348613
9.150000,-16.890633,-7.326418,0.600763,0.274897,-0.135817,-3.119279,0.355644
9.166667,-16.896673,-7.327740,0.601959,0.271720,-0.135107,-3.123180,0.371016
9.183333,-16.901979,-7.329467,0.602878,0.271429,-0.132105,-3.126958,0.334815
9.200000,-16.908672,-7.329006,0.604129,0.265541,-0.132173,-3.128879,0.402527
9.216667,-16.915422,-7.328911,0.605084,0.263076,-0.132590,-3.130675,0.405046
9.233333,-16.920996,-7.329237,0.605756,0.263199,-0.131044,-3.133495,0.334968
9.250000,-16.927841,-7.328291,0.606447,0.261640,-0.131798,-3.132298,0.414636
9.266667,-16.934828,-7.327218,0.607091,0.260646,-0.132023,-3.131026,0.424111
9.283333,-16.942179,-7.324263,0.607817,0.256727,-0.133292,-3.127265,0.475368
9.300000,-16.949047,-7.323188,0.607726,0.260384,-0.134299,-3.123125,0.417117
9.316667,-16.956184,-7.321076,0.607990,0.262798,-0.135595,-3.116497,0.446584
9.333333,-16.964380,-7.318412,0.607607,0.265138,-0.138089,-3.107709,0.517079
9.350000,-16.973114,-7.314584,0.607968,0.263300,-0.142516,-3.099178,0.572162
9.366667,-16.981302,-7.311119,0.607891,0.265094,-0.144881,-3.087829,0.533477
9.383333,-16.990585,-7.306012,0.607802,0.263020,-0.149620,-3.074603,0.635692
9.400000,-16.999573,-7.300608,0.607735,0.261314,-0.153133,-3.060658,0.629234
9.416667,-17.009096,-7.294933,0.608086,0.258493,-0.156966,-3.046002,0.665144
9.433333,-17.019077,-7.290148,0.607356,0.257904,-0.162012,-3.031369,0.664146
9.450000,-17.028765,-7.285905,0.606382,0.259054,-0.166260,-3.016380,0.634550
9.466667,-17.037130,-7.281621,0.606177,0.259590,-0.168760,-3.003564,0.563935
9.483333,-17.046530,-7.274627,0.606983,0.251072,-0.173355,-2.988714,0.702936
9.500000,-17.053719,-7.270426,0.606738,0.251862,-0.173971,-2.976494,0.499590
9.516667,-17.062559,-7.266019,0.606520,0.250672,-0.177762,-2.961800,0.592685
9.533333,-17.072399,-7.260468,0.606348,0.246115,-0.182397,-2.945203,0.677862
9.550000,-17.081944,-7.255687,0.606091,0.244413,-0.186000,-2.928056,0.640499
9.566667,-17.092453,-7.251083,0.605005,0.242111,-0.192011,-2.913036,0.688420
9.583333,-17.101940,-7.246192,0.604866,0.240607,-0.195219,-2.899100,0.640433
9.600000,-17.112688,-7.241381,0.603706,0.237164,-0.201532,-2.886496,0.706516
9.616667,-17.122486,-7.237911,0.602607,0.238719,-0.204937,-2.871342,0.623660
9.633333,-17.132950,-7.232654,0.602212,0.234397,-0.209424,-2.857379,0.702620
9.650000,-17.141529,-7.227487,0.602896,0.232513,-0.209227,-2.842936,0.600889
9.666667,-17.150444,-7.222806,0.603684,0.228605,-0.210406,-2.826609,0.604153
9.683333,-17.159639,-7.218384,0.604455,0.225928,-0.211480,-2.808726,0.612205
9.700000,-17.168751,-7.214225,0.604959,0.223229,-0.212592,-2.791367,0.600944
9.716667,-17.177124,-7.209555,0.606670,0.219439,-0.211359,-2.773027,0.575241
9.733333,-17.186556,-7.206088,0.606707,0.217226,-0.213971,-2.758223,0.602934
9.750000,-17.195419,-7.202387,0.606914,0.214971,-0.215645,-2.745441,0.576300
9.766667,-17.205328,-7.198534,0.607441,0.211440,-0.217619,-2.727184,0.637893
9.783333,-17.213856,-7.194940,0.608113,0.210048,-0.217154,-2.708376,0.555259
9.800000,-17.223221,-7.191465,0.608634,0.206706,-0.218842,-2.690663,0.599335
9.816667,-17.233440,-7.188324,0.608500,0.202867,-0.222648,-2.672161,0.641481
9.833333,-17.243607,-7.185123,0.608244,0.198293,-0.226722,-2.653740,0.639484
9.850000,-17.252554,-7.181426,0.609270,0.193973,-0.227341,-2.632554,0.580885
9.866667,-17.262758,-7.177096,0.609640,0.187714,-0.229056,-2.606430,0.665081
9.883333,-17.273022,-7.173632,0.609018,0.184003,-0.231862,-2.582972,0.649939
9.900000,-17.283710,-7.169718,0.609919,0.174607,-0.233892,-2.553906,0.682979
9.916667,-17.293247,-7.165718,0.611414,0.166923,-0.233798,-2.525770,0.620492
9.933333,-17.305208,-7.161195,0.611936,0.154074,-0.237551,-2.497595,0.767262
9.950000,-17.317448,-7.157829,0.611717,0.141701,-0.245287,-2.472894,0.761632
9.966667,-17.327166,-7.154224,0.612006,0.131899,-0.249067,-2.450207,0.621901
9.983333,-17.335115,-7.149933,0.612908,0.122882,-0.249998,-2.430738,0.542039
10.000000,-17.341862,-7.147334,0.614564,0.115438,-0.250743,-2.413436,0.433771
10.016667,-17.348244,-7.144569,0.614878,0.108369,-0.251488,-2.396840,0.417306
10.033333,-17.353704,-7.140714,0.616347,0.100095,-0.250157,-2.380862,0.401086
10.050000,-17.359268,-7.138564,0.616778,0.095372,-0.251954,-2.366398,0.357883
10.066667,-17.365139,-7.136929,0.616642,0.090670,-0.254431,-2.351167,0.365656
10.083333,-17.371441,-7.135036,0.616841,0.084634,-0.257284,-2.335527,0.394788
10.100000,-17.378536,-7.133025,0.617584,0.077101,-0.259629,-2.315745,0.442502
10.116667,-17.385971,-7.131668,0.618243,0.070057,-0.262462,-2.295841,0.453461
10.133333,-17.393644,-7.130217,0.619215,0.061716,-0.265476,-2.276508,0.468555
10.150000,-17.400320,-7.128339,0.621082,0.053800,-0.265069,-2.255534,0.416087
10.166667,-17.406433,-7.126863,0.622184,0.047996,-0.266462,-2.237408,0.377327
10.183333,-17.411097,-7.124984,0.623602,0.043006,-0.265433,-2.220928,0.301661
10.200000,-17.415010,-7.123022,0.624443,0.037727,-0.265750,-2.209202,0.262692
10.216667,-17.417721,-7.121398,0.624338,0.035622,-0.265755,-2.199972,0.189552
10.233333,-17.419931,-7.119456,0.624174,0.033417,-0.265830,-2.194042,0.176574
10.250000,-17.421595,-7.117243,0.623825,0.032105,-0.265986,-2.191829,0.166100
10.266667,-17.422094,-7.114441,0.623048,0.032157,-0.264543,-2.192617,0.170738
10.283333,-17.422388,-7.111849,0.622057,0.033805,-0.262286,-2.192059,0.156549
10.300000,-17.422174,-7.108656,0.621455,0.034337,-0.259810,-2.194229,0.191974
10.316667,-17.422262,-7.105556,0.620760,0.034508,-0.257899,-2.195966,0.186070
10.333333,-17.421968,-7.102939,0.619496,0.036294,-0.256597,-2.198093,0.158056
10.350000,-17.423193,-7.100134,0.619519,0.034168,-0.256004,-2.197969,0.183625
10.366667,-17.423468,-7.097898,0.618750,0.034367,-0.254806,-2.198987,0.135133
10.383333,-17.424522,-7.096211,0.618455,0.033988,-0.254387,-2.198690,0.119403
10.400000,-17.426514,-7.094408,0.618867,0.030674,-0.254577,-2.197738,0.161191
10.416667,-17.427755,-7.093421,0.618824,0.030408,-0.254314,-2.196459,0.095155
10.433333,-17.427620,-7.091790,0.618952,0.030121,-0.252459,-2.198232,0.098184
10.450000,-17.427807,-7.091144,0.618761,0.030871,-0.251305,-2.198309,0.040384
10.466667,-17.427507,-7.090694,0.618485,0.032429,-0.249904,-2.199316,0.032391
10.483333,-17.428223,-7.090993,0.618468,0.032943,-0.249650,-2.198179,0.046503
10.500000,-17.428204,-7.091282,0.618417,0.033711,-0.249586,-2.199493,0.017376
10.516667,-17.427927,-7.092047,0.618305,0.034445,-0.250041,-2.200911,0.048826
10.533333,-17.427387,-7.092869,0.618259,0.034569,-0.250939,-2.203369,0.058983
10.550000,-17.427519,-7.094336,0.618408,0.034367,-0.253038,-2.205550,0.088387
10.566667,-17.426710,-7.095746,0.618321,0.035042,-0.254702,-2.210166,0.097528
10.583333,-17.424580,-7.096540,0.618211,0.037180,-0.254061,-2.216851,0.136418
10.600000,-17.421190,-7.097363,0.617455,0.043855,-0.255006,-2.226195,0.209271
10.616667,-17.416740,-7.098250,0.616274,0.051152,-0.252346,-2.234354,0.272248
10.633333,-17.414024,-7.098617,0.615918,0.053617,-0.251503,-2.239736,0.164442
10.650000,-17.411375,-7.098822,0.615478,0.056037,-0.250730,-2.244753,0.159434
10.666667,-17.407703,-7.098678,0.614813,0.059922,-0.249697,-2.254090,0.220468
10.683333,-17.404236,-7.098292,0.614377,0.062777,-0.248895,-2.264329,0.209340
10.700000,-17.402992,-7.098470,0.614708,0.063490,-0.251069,-2.273024,0.075375
10.716667,-17.402317,-7.098573,0.615025,0.061894,-0.254266,-2.282444,0.040985
10.733333,-17.400400,-7.098646,0.615030,0.063807,-0.254176,-2.288498,0.115095
10.750000,-17.397892,-7.098622,0.614467,0.066119,-0.254406,-2.296950,0.150496
10.766667,-17.395145,-7.098131,0.614117,0.067897,-0.254136,-2.306012,0.167409
10.783333,-17.394196,-7.097542,0.614997,0.066863,-0.254759,-2.311916,0.067056
10.800000,-17.392782,-7.097200,0.615114,0.066881,-0.255348,-2.318879,0.087253
10.816667,-17.390720,-7.096960,0.614957,0.068792,-0.254650,-2.325321,0.124545
10.833333,-17.388891,-7.096773,0.614878,0.070645,-0.253809,-2.330314,0.110320
10.850000,-17.387159,-7.096642,0.614708,0.072894,-0.253228,-2.335098,0.104212
10.866667,-17.386393,-7.096150,0.615001,0.072414,-0.254654,-2.341636,0.054634
10.883333,-17.385515,-7.095446,0.614981,0.071064,-0.254980,-2.345435,0.067523
10.900000,-17.384544,-7.095074,0.615151,0.072332,-0.253862,-2.345963,0.062369
10.916667,-17.384079,-7.094046,0.615024,0.070192,-0.254021,-2.347952,0.067710
10.933333,-17.383610,-7.094233,0.614723,0.070745,-0.255263,-2.349853,0.030304
10.950000,-17.382914,-7.093549,0.614650,0.070469,-0.255426,-2.352463,0.058549
10.966667,-17.381628,-7.093046,0.614362,0.071405,-0.254761,-2.355341,0.082829
10.983333,-17.381098,-7.092426,0.614164,0.071882,-0.255450,-2.357631,0.048944
11.000000,-17.379847,-7.090872,0.613931,0.071294,-0.254014,-2.360809,0.119707
11.016667,-17.378553,-7.089693,0.613528,0.072367,-0.253652,-2.365396,0.105026
11.033333,-17.376633,-7.088329,0.613171,0.074300,-0.251358,-2.368392,0.141320
11.050000,-17.374882,-7.086784,0.612756,0.075676,-0.249920,-2.372011,0.140125
11.066667,-17.373915,-7.084401,0.612727,0.074190,-0.248136,-2.373436,0.154317
11.083333,-17.373383,-7.082753,0.612615,0.073273,-0.248512,-2.376707,0.103877
11.100000,-17.372894,-7.081099,0.612342,0.072166,-0.248843,-2.379182,0.103483
11.116667,-17.372139,-7.079597,0.611921,0.072438,-0.248829,-2.381482,0.100901
11.133333,-17.370367,-7.077694,0.611069,0.073676,-0.246989,-2.385038,0.155995
11.150000,-17.369013,-7.075552,0.610678,0.074717,-0.244809,-2.386428,0.152073
11.166667,-17.368082,-7.072998,0.610280,0.073929,-0.242750,-2.387007,0.163096
11.183333,-17.368181,-7.070467,0.610578,0.071853,-0.243144,-2.389652,0.151980
11.200000,-17.367277,-7.068224,0.610064,0.071657,-0.242059,-2.392159,0.145077
11.216667,-17.365582,-7.066017,0.609342,0.073778,-0.239538,-2.394382,0.167003
11.233333,-17.364946,-7.063535,0.608753,0.073609,-0.237204,-2.393966,0.153687
11.250000,-17.364988,-7.061244,0.608846,0.072517,-0.236767,-2.395637,0.137524
11.266667,-17.365231,-7.058834,0.608813,0.070860,-0.236381,-2.396773,0.145325
11.283333,-17.364952,-7.056361,0.608440,0.069963,-0.234898,-2.398135,0.149282
11.300000,-17.364244,-7.053805,0.607987,0.070763,-0.232319,-2.399307,0.159120
11.316667,-17.364141,-7.050742,0.607860,0.069330,-0.230131,-2.400144,0.183896
11.333333,-17.364712,-7.048131,0.607719,0.067696,-0.229253,-2.400769,0.160335
11.350000,-17.365074,-7.045186,0.607449,0.066293,-0.226895,-2.400168,0.178058
11.366667,-17.365885,-7.043152,0.606965,0.066644,-0.225623,-2.398918,0.131359
11.383333,-17.366062,-7.041780,0.606402,0.069528,-0.223841,-2.398643,0.083054
11.400000,-17.366947,-7.039967,0.606495,0.069668,-0.222109,-2.397852,0.121019
11.416667,-17.367985,-7.038314,0.606565,0.069284,-0.220277,-2.396583,0.117110
11.433333,-17.368643,-7.037306,0.606464,0.071334,-0.218269,-2.395724,0.072204
11.450000,-17.370245,-7.035901,0.606351,0.070158,-0.216561,-2.392976,0.127886
11.466667,-17.371721,-7.035959,0.605992,0.072583,-0.215278,-2.390062,0.088647
11.483333,-17.373291,-7.035903,0.605823,0.074074,-0.214021,-2.388055,0.094246
11.500000,-17.377111,-7.035876,0.606458,0.071247,-0.216135,-2.383547,0.229231
11.516667,-17.380352,-7.035841,0.607312,0.070089,-0.216501,-2.379288,0.194446
11.533333,-17.383608,-7.036079,0.607951,0.066765,-0.219091,-2.380406,0.195870
11.550000,-17.386221,-7.037055,0.608071,0.065690,-0.221339,-2.382505,0.167365
11.566667,-17.386099,-7.038452,0.607567,0.069583,-0.219840,-2.386218,0.084147
11.583333,-17.384676,-7.040634,0.606372,0.076272,-0.217521,-2.392138,0.156297
11.600000,-17.385094,-7.042617,0.606415,0.079103,-0.217170,-2.397157,0.121601
11.616667,-17.385712,-7.044878,0.606525,0.081368,-0.217416,-2.401989,0.140645
11.633333,-17.386505,-7.047768,0.606613,0.083561,-0.217919,-2.405434,0.179795
11.650000,-17.386581,-7.051130,0.606518,0.088558,-0.218573,-2.410662,0.201783
11.666667,-17.386900,-7.053955,0.606711,0.091805,-0.218503,-2.414550,0.170533
11.683333,-17.387030,-7.056946,0.606710,0.095345,-0.218742,-2.419104,0.179641
11.700000,-17.387335,-7.059632,0.606782,0.098117,-0.219178,-2.423729,0.162227
11.716667,-17.387320,-7.062690,0.606740,0.101490,-0.219838,-2.429268,0.183480
11.733333,-17.386621,-7.065632,0.607154,0.105200,-0.219100,-2.435027,0.181426
11.750000,-17.386679,-7.068232,0.607112,0.107916,-0.219743,-2.440157,0.155992
11.766667,-17.386095,-7.071370,0.607389,0.111555,-0.219178,-2.445614,0.191513
11.783333,-17.385681,-7.074031,0.607707,0.114730,-0.218704,-2.450576,0.161593
11.800000,-17.384975,-7.076548,0.607862,0.118371,-0.218109,-2.456178,0.156857
11.816667,-17.384306,-7.079629,0.608004,0.122182,-0.217588,-2.461905,0.189165
11.833333,-17.384558,-7.081639,0.608396,0.123164,-0.218177,-2.466542,0.121563
11.850000,-17.382956,-7.083679,0.608228,0.127773,-0.216471,-2.473745,0.155610
11.866667,-17.382465,-7.085288,0.608508,0.129649,-0.215883,-2.478220,0.100939
11.883333,-17.381662,-7.087435,0.608648,0.133100,-0.215101,-2.483070,0.137519
11.900000,-17.381411,-7.089154,0.609215,0.134660,-0.214463,-2.487004,0.104269
11.916667,-17.381195,-7.091269,0.609362,0.137229,-0.214062,-2.490362,0.127572
11.933333,-17.381243,-7.093007,0.609713,0.139083,-0.213494,-2.493072,0.104295
11.950000,-17.382359,-7.094247,0.610291,0.139422,-0.214019,-2.494144,0.100098
11.966667,-17.382795,-7.095874,0.610461,0.141798,-0.213626,-2.495899,0.101047
11.983333,-17.383224,-7.097088,0.610709,0.143675,-0.212981,-2.498524,0.077286
12.000000,-17.383749,-7.098994,0.610880,0.146950,-0.212827,-2.501854,0.118607
12.016667,-17.384815,-7.100196,0.611324,0.148775,-0.212186,-2.503204,0.096409
12.033333,-17.385599,-7.101425,0.611587,0.151251,-0.211808,-2.507915,0.087454
12.050000,-17.386276,-7.102508,0.611961,0.153726,-0.210788,-2.512166,0.076630
12.066667,-17.387341,-7.104051,0.612052,0.156167,-0.211149,-2.516391,0.112446
12.083333,-17.388481,-7.105265,0.612428,0.158007,-0.210818,-2.521084,0.099947
12.100000,-17.389742,-7.107204,0.612658,0.160823,-0.210979,-2.525137,0.138809
12.116667,-17.392246,-7.109431,0.612973,0.163785,-0.211271,-2.524593,0.201053
12.133333,-17.395464,-7.110948,0.613354,0.164461,-0.211839,-2.523287,0.213437
12.150000,-17.398817,-7.113476,0.613562,0.167896,-0.212266,-2.521682,0.251965
12.166667,-17.402397,-7.114804,0.614516,0.169240,-0.211323,-2.519011,0.229108
12.183333,-17.407957,-7.116464,0.614601,0.167741,-0.214701,-2.515900,0.348144
12.200000,-17.411909,-7.118757,0.614525,0.172270,-0.214659,-2.511046,0.274162
12.216667,-17.416815,-7.120269,0.614931,0.173245,-0.215476,-2.505995,0.307998
12.233333,-17.421700,-7.121699,0.615274,0.174919,-0.216075,-2.500516,0.305393
12.250000,-17.427065,-7.122522,0.615413,0.175507,-0.217263,-2.495771,0.325683
12.266667,-17.432619,-7.123403,0.615753,0.176190,-0.218614,-2.492249,0.337420
12.283333,-17.439026,-7.124845,0.615703,0.178316,-0.220093,-2.484970,0.394017
12.300000,-17.445721,-7.125087,0.616504,0.176536,-0.221845,-2.480981,0.401952
12.316667,-17.452124,-7.125791,0.616871,0.176827,-0.222923,-2.474281,0.386492
12.333333,-17.457405,-7.126538,0.616808,0.179323,-0.222223,-2.468728,0.320039
12.350000,-17.464500,-7.129279,0.615820,0.181499,-0.226818,-2.462390,0.456390
12.366667,-17.469162,-7.128520,0.617056,0.185321,-0.221649,-2.451711,0.283373
12.383333,-17.476879,-7.127048,0.618537,0.179086,-0.222259,-2.443532,0.471381
12.400000,-17.483656,-7.128704,0.618176,0.179799,-0.225092,-2.435016,0.418573
12.416667,-17.489937,-7.128969,0.618469,0.178772,-0.225761,-2.427065,0.377190
12.433333,-17.497196,-7.130556,0.619047,0.178552,-0.226323,-2.412787,0.445848
12.450000,-17.504803,-7.132014,0.618900,0.177655,-0.228882,-2.400996,0.464701
12.466667,-17.510023,-7.129542,0.619447,0.175764,-0.228552,-2.397600,0.346577
12.483333,-17.515024,-7.129258,0.619629,0.176206,-0.229625,-2.389971,0.300548
12.500000,-17.521828,-7.128413,0.619884,0.172255,-0.231271,-2.378536,0.411343
12.516667,-17.527735,-7.126772,0.621448,0.167032,-0.229159,-2.362883,0.367842
12.533333,-17.533030,-7.124912,0.622827,0.163141,-0.227221,-2.352282,0.336732
12.550000,-17.538286,-7.124315,0.623545,0.159946,-0.227500,-2.341637,0.317423
12.566667,-17.542530,-7.123223,0.624260,0.157608,-0.226731,-2.334066,0.262932
12.583333,-17.548149,-7.122939,0.625082,0.154118,-0.226244,-2.318445,0.337574
12.600000,-17.553986,-7.121700,0.626268,0.148233,-0.226389,-2.304453,0.357985
12.616667,-17.558443,-7.120058,0.627285,0.144118,-0.225791,-2.294091,0.285022
12.633333,-17.563215,-7.118454,0.628465,0.138255,-0.225077,-2.281450,0.302074
12.650000,-17.566877,-7.116999,0.628883,0.134564,-0.225088,-2.273083,0.236441
12.666667,-17.568802,-7.115484,0.628979,0.132891,-0.224588,-2.269238,0.146936
12.683333,-17.569302,-7.113714,0.628768,0.132796,-0.223355,-2.268852,0.110380
12.700000,-17.568972,-7.112069,0.628332,0.133647,-0.222184,-2.269840,0.100643
12.716667,-17.569147,-7.110999,0.628217,0.132558,-0.222211,-2.268375,0.065059
12.733333,-17.568489,-7.110069,0.627971,0.131861,-0.222608,-2.270829,0.068371
12.750000,-17.567713,-7.109147,0.627786,0.131220,-0.223047,-2.273306,0.072326
12.766667,-17.566742,-7.108480,0.627516,0.130818,-0.223489,-2.275748,0.070660
12.783333,-17.565605,-7.107710,0.627805,0.130856,-0.222392,-2.277954,0.082368
12.800000,-17.564213,-7.107995,0.627337,0.132925,-0.222196,-2.280944,0.085264
12.816667,-17.563202,-7.108184,0.627182,0.133617,-0.222506,-2.284276,0.061708
12.833333,-17.562136,-7.108644,0.627113,0.134691,-0.222556,-2.287794,0.069665
12.850000,-17.561142,-7.109804,0.626855,0.137244,-0.222911,-2.290524,0.091653
12.866667,-17.560381,-7.110830,0.626757,0.138729,-0.222903,-2.292681,0.076654
12.883333,-17.559849,-7.111772,0.626784,0.139311,-0.223578,-2.296014,0.064927
12.900000,-17.558794,-7.113355,0.626636,0.141819,-0.224114,-2.300477,0.114138
12.916667,-17.557541,-7.115791,0.626411,0.145475,-0.224500,-2.304659,0.164374
12.933333,-17.557211,-7.118019,0.626487,0.147476,-0.225778,-2.309217,0.135125
12.950000,-17.555674,-7.120969,0.626044,0.152671,-0.225781,-2.314399,0.199577
12.966667,-17.554152,-7.123289,0.625775,0.156921,-0.225819,-2.320936,0.166498
12.983333,-17.551781,-7.125879,0.625051,0.161910,-0.226812,-2.329833,0.210684
13.000000,-17.549183,-7.127810,0.624754,0.165793,-0.227011,-2.338526,0.194202
13.016667,-17.546986,-7.130086,0.624861,0.168484,-0.228430,-2.347770,0.189812
13.033333,-17.544052,-7.132315,0.624503,0.172326,-0.229258,-2.358720,0.221047
13.050000,-17.540722,-7.134953,0.624179,0.177115,-0.229543,-2.369369,0.254903
13.066667,-17.537188,-7.137352,0.623892,0.181510,-0.229847,-2.380967,0.256327
13.083333,-17.533945,-7.139473,0.623859,0.185135,-0.229604,-2.390460,0.232474
13.100000,-17.530117,-7.141636,0.623704,0.189919,-0.228911,-2.401112,0.263811
13.116667,-17.526863,-7.144128,0.623174,0.193677,-0.229601,-2.411274,0.245912
13.133333,-17.521935,-7.144948,0.623547,0.197743,-0.227143,-2.424027,0.299772
13.150000,-17.518230,-7.145256,0.624414,0.199599,-0.224143,-2.432203,0.223014
13.166667,-17.515097,-7.145914,0.624650,0.201608,-0.222739,-2.442092,0.192127
13.183333,-17.512093,-7.146523,0.624745,0.204035,-0.221423,-2.452951,0.183904
13.200000,-17.509722,-7.146267,0.625197,0.203623,-0.220332,-2.465052,0.143074
13.216667,-17.508448,-7.146668,0.625448,0.204258,-0.219292,-2.470413,0.080152
13.233333,-17.508385,-7.147078,0.625489,0.204075,-0.219374,-2.474213,0.024865
13.250000,-17.508049,-7.147590,0.625585,0.206168,-0.219216,-2.478981,0.036740
13.266667,-17.508789,-7.147805,0.625828,0.204674,-0.218630,-2.479646,0.046240
13.283333,-17.509134,-7.148310,0.626104,0.205086,-0.218469,-2.481901,0.036702
13.300000,-17.509884,-7.149181,0.626340,0.205793,-0.218633,-2.484111,0.068935
13.316667,-17.511028,-7.150115,0.626705,0.206838,-0.218575,-2.485776,0.088617
13.333333,-17.512693,-7.150793,0.626976,0.207423,-0.218107,-2.484495,0.107873
13.350000,-17.514454,-7.152082,0.627126,0.209763,-0.217881,-2.483848,0.130946
13.366667,-17.517424,-7.152581,0.627607,0.208603,-0.218434,-2.482325,0.180675
13.383333,-17.519894,-7.153854,0.627920,0.210628,-0.218176,-2.481343,0.166730
13.400000,-17.525703,-7.156202,0.626854,0.208967,-0.224626,-2.479321,0.375978
13.416667,-17.528671,-7.157511,0.627362,0.211255,-0.223793,-2.475674,0.194619
13.433333,-17.532639,-7.158994,0.627883,0.212236,-0.224162,-2.470675,0.254133
13.450000,-17.537313,-7.159699,0.628390,0.211246,-0.224900,-2.464838,0.283668
13.466667,-17.540903,-7.160327,0.628797,0.213042,-0.223701,-2.459585,0.218649
13.483333,-17.544941,-7.160401,0.629414,0.212849,-0.223007,-2.455459,0.242312
13.500000,-17.548723,-7.160435,0.629706,0.213475,-0.222420,-2.453718,0.226945
13.516667,-17.551506,-7.160573,0.629742,0.215985,-0.220888,-2.455286,0.167175
13.533333,-17.556061,-7.159690,0.629977,0.214640,-0.219920,-2.451191,0.278374
13.550000,-17.560175,-7.159239,0.630264,0.215893,-0.219395,-2.447374,0.248332
13.566667,-17.565075,-7.159324,0.630324,0.216707,-0.219266,-2.438400,0.294043
13.583333,-17.571075,-7.159070,0.630638,0.215325,-0.219603,-2.428278,0.360355
13.600000,-17.576265,-7.158538,0.630958,0.214439,-0.219237,-2.419825,0.313023
13.616667,-17.580704,-7.158284,0.631202,0.215153,-0.218261,-2.413419,0.266740
13.633333,-17.585430,-7.157946,0.631818,0.215087,-0.217148,-2.406036,0.284309
13.650000,-17.590223,-7.157963,0.632437,0.215060,-0.215629,-2.396502,0.287592
13.666667,-17.593899,-7.158670,0.632532,0.219209,-0.213235,-2.387058,0.224572
13.683333,-17.599911,-7.158370,0.633551,0.215243,-0.212896,-2.376568,0.361166
13.700000,-17.604017,-7.159254,0.633715,0.218681,-0.211071,-2.363050,0.252024
13.716667,-17.611574,-7.157143,0.634792,0.210192,-0.210527,-2.347282,0.470765
13.733333,-17.616550,-7.156334,0.634510,0.211442,-0.211003,-2.337573,0.302493
13.750000,-17.622086,-7.154879,0.635305,0.209087,-0.209282,-2.323654,0.343402
13.766667,-17.627028,-7.153491,0.636015,0.207313,-0.207480,-2.311814,0.307975
13.783333,-17.631701,-7.152034,0.636472,0.205478,-0.206093,-2.303237,0.293696
13.800000,-17.635841,-7.151039,0.636889,0.204973,-0.204752,-2.295975,0.255532
13.816667,-17.640522,-7.149891,0.637445,0.203593,-0.203328,-2.287389,0.289151
13.833333,-17.644255,-7.149138,0.637879,0.202819,-0.201746,-2.279637,0.228472
13.850000,-17.647812,-7.148664,0.638255,0.203524,-0.200384,-2.273645,0.215326
13.866667,-17.653070,-7.145975,0.639294,0.196698,-0.197529,-2.267261,0.354356
13.883333,-17.656816,-7.146774,0.638629,0.200767,-0.199163,-2.263036,0.229814
13.900000,-17.661579,-7.147068,0.638930,0.200674,-0.198505,-2.254231,0.286302
13.916667,-17.666626,-7.147840,0.639372,0.199938,-0.198140,-2.243490,0.306337
13.933333,-17.671490,-7.148677,0.639480,0.199847,-0.198205,-2.236618,0.296117
13.950000,-17.675732,-7.149288,0.639923,0.200043,-0.197263,-2.231159,0.257142
13.966667,-17.680769,-7.149789,0.640730,0.198192,-0.197556,-2.226409,0.303731
13.983333,-17.684423,-7.150290,0.641181,0.198694,-0.196637,-2.224475,0.221313
14.000000,-17.687344,-7.151485,0.641171,0.202587,-0.196565,-2.223954,0.189322
14.016667,-17.691875,-7.150692,0.641476,0.199385,-0.196038,-2.222944,0.276038
14.033333,-17.696777,-7.152351,0.641636,0.199316,-0.197558,-2.216577,0.310490
14.050000,-17.702816,-7.152934,0.642215,0.195286,-0.199057,-2.208528,0.364006
14.066667,-17.707550,-7.153603,0.642490,0.195723,-0.201587,-2.202397,0.286865
14.083333,-17.710318,-7.153797,0.641990,0.198518,-0.200484,-2.197878,0.166462
14.100000,-17.714626,-7.153550,0.642163,0.197830,-0.200238,-2.191439,0.258948
14.116667,-17.719311,-7.153344,0.642425,0.196826,-0.200240,-2.183756,0.281337
14.133333,-17.724154,-7.153253,0.642729,0.196002,-0.200168,-2.175486,0.290617
14.150000,-17.729475,-7.153307,0.643056,0.194289,-0.200673,-2.167023,0.319307
14.166667,-17.734735,-7.152473,0.644288,0.190078,-0.200027,-2.160573,0.319575
14.183333,-17.741756,-7.156228,0.644868,0.188253,-0.212500,-2.150674,0.477724
14.200000,-17.750618,-7.156741,0.646035,0.176308,-0.217849,-2.136901,0.532581
14.216667,-17.759666,-7.155530,0.647130,0.163285,-0.218742,-2.120607,0.547746
14.233333,-17.767551,-7.155852,0.647718,0.155254,-0.220913,-2.102175,0.473493
14.250000,-17.774910,-7.156373,0.648014,0.150060,-0.223486,-2.085767,0.442619
14.266667,-17.783018,-7.157583,0.647828,0.144256,-0.227395,-2.068858,0.491873
14.283333,-17.791210,-7.158844,0.647858,0.138665,-0.230679,-2.050613,0.497315
14.300000,-17.799685,-7.160375,0.648041,0.132212,-0.234194,-2.031749,0.516694
14.316667,-17.808374,-7.161794,0.647660,0.125475,-0.238456,-2.014112,0.528295
14.333333,-17.818209,-7.162181,0.647963,0.115603,-0.241871,-1.993325,0.590515
14.350000,-17.827711,-7.162574,0.648286,0.107030,-0.244397,-1.971950,0.570633
14.366667,-17.836733,-7.162580,0.648762,0.098343,-0.246587,-1.947902,0.541306
14.383333,-17.847801,-7.162373,0.649320,0.083669,-0.250085,-1.922712,0.664217
14.400000,-17.857439,-7.161310,0.650552,0.071246,-0.250214,-1.897613,0.581776
14.416667,-17.868265,-7.162546,0.651113,0.056996,-0.254767,-1.870042,0.653786
14.433333,-17.878010,-7.163642,0.651170,0.044828,-0.258717,-1.844402,0.588367
14.450000,-17.883110,-7.164442,0.648893,0.047972,-0.257140,-1.817075,0.309758
14.466667,-17.890656,-7.164284,0.648694,0.041398,-0.256974,-1.791590,0.452828
14.483333,-17.895704,-7.164737,0.647341,0.042167,-0.256023,-1.766686,0.304145
14.500000,-17.900566,-7.163063,0.646603,0.041288,-0.252312,-1.743961,0.308521
14.516667,-17.903681,-7.161748,0.645027,0.044994,-0.248343,-1.722636,0.202858
14.533333,-17.907101,-7.160601,0.643630,0.046770,-0.247051,-1.702688,0.216422
14.550000,-17.912714,-7.158715,0.643494,0.040589,-0.246767,-1.684000,0.355299
14.566667,-17.917362,-7.156397,0.643675,0.037518,-0.245958,-1.667424,0.311645
14.583333,-17.922283,-7.152015,0.643409,0.033773,-0.241985,-1.652762,0.395377
14.600000,-17.924496,-7.150596,0.641525,0.037658,-0.242613,-1.637170,0.157710
14.616667,-17.926119,-7.150952,0.638677,0.043101,-0.247212,-1.622431,0.099707
14.633333,-17.928539,-7.150211,0.636863,0.043570,-0.251892,-1.613014,0.151870
14.650000,-17.935112,-7.148629,0.637473,0.032619,-0.254300,-1.600300,0.405628
14.666667,-17.938578,-7.148385,0.635365,0.034582,-0.254476,-1.583314,0.208456
14.683333,-17.945089,-7.145385,0.636813,0.025913,-0.248579,-1.564745,0.430166
14.700000,-17.950596,-7.143545,0.636456,0.021878,-0.242941,-1.544040,0.348341
14.716667,-17.959457,-7.142283,0.638751,0.006606,-0.238769,-1.521991,0.537055
14.733333,-17.966379,-7.140022,0.641588,-0.002307,-0.231539,-1.500548,0.436913
14.750000,-17.973249,-7.141554,0.641919,-0.009224,-0.229491,-1.474895,0.422341
14.766667,-17.981636,-7.140490,0.644055,-0.019715,-0.223024,-1.452513,0.507229
14.783333,-17.990858,-7.140078,0.646203,-0.033726,-0.218382,-1.431848,0.553874
14.800000,-17.997318,-7.140264,0.647432,-0.038890,-0.214580,-1.411572,0.387772
14.816667,-18.002100,-7.142259,0.646885,-0.040700,-0.214597,-1.390847,0.310874
14.833333,-18.007383,-7.142961,0.647739,-0.044475,-0.212245,-1.374150,0.319783
14.850000,-18.012550,-7.144758,0.648190,-0.049950,-0.212316,-1.357425,0.328238
14.866667,-18.016716,-7.145642,0.648212,-0.052112,-0.210800,-1.341935,0.255511
14.883333,-18.021076,-7.145900,0.648573,-0.055187,-0.208659,-1.327629,0.262068
14.900000,-18.025194,-7.146300,0.649009,-0.057842,-0.207069,-1.314439,0.248244
14.916667,-18.029581,-7.147620,0.649271,-0.061030,-0.206095,-1.299378,0.274861
14.933333,-18.034948,-7.148864,0.649834,-0.066146,-0.204125,-1.283787,0.330574
14.950000,-18.039793,-7.150811,0.649556,-0.070076,-0.204260,-1.267449,0.313274
14.966667,-18.043013,-7.150671,0.648704,-0.068748,-0.204126,-1.256766,0.193359
14.983333,-18.046650,-7.151976,0.648091,-0.068950,-0.204167,-1.242264,0.231862
15.000000,-18.051245,-7.153115,0.647609,-0.072263,-0.203829,-1.228290,0.284035
15.016667,-18.056303,-7.154046,0.648409,-0.076967,-0.202378,-1.214247,0.308598
15.033333,-18.059994,-7.155443,0.647843,-0.077491,-0.202231,-1.199959,0.236779
15.050000,-18.063585,-7.156921,0.647060,-0.077780,-0.202275,-1.185857,0.233019
15.066667,-18.066936,-7.157856,0.647073,-0.077568,-0.201352,-1.172379,0.208746
15.083333,-18.070206,-7.159401,0.647060,-0.077486,-0.201862,-1.159562,0.216977
15.100000,-18.072193,-7.160957,0.645750,-0.074099,-0.203237,-1.147962,0.151426
15.116667,-18.076044,-7.162615,0.646116,-0.077087,-0.202840,-1.135848,0.251572
15.133333,-18.079134,-7.164367,0.646335,-0.078300,-0.201816,-1.122967,0.213120
15.150000,-18.083015,-7.164925,0.647420,-0.080964,-0.199337,-1.113029,0.235281
15.166667,-18.086174,-7.167605,0.647631,-0.083375,-0.199550,-1.099273,0.248533
15.183333,-18.090229,-7.169660,0.648079,-0.086064,-0.197652,-1.086578,0.272765
15.200000,-18.094090,-7.172638,0.648823,-0.089376,-0.196511,-1.071971,0.292550
15.216667,-18.097982,-7.175539,0.649605,-0.092473,-0.194781,-1.057846,0.291265
15.233333,-18.103041,-7.178173,0.651138,-0.097815,-0.191938,-1.044988,0.342195
15.250000,-18.107304,-7.180984,0.652137,-0.101322,-0.190003,-1.032272,0.306376
15.266667,-18.111036,-7.184498,0.652876,-0.103962,-0.188512,-1.018085,0.307583
15.283333,-18.114655,-7.188532,0.653963,-0.106683,-0.186943,-1.003195,0.325138
15.300000,-18.117083,-7.193095,0.654369,-0.107309,-0.186814,-0.988097,0.310120
15.316667,-18.119404,-7.197630,0.655068,-0.108872,-0.185850,-0.973351,0.305683
15.333333,-18.121185,-7.201155,0.656253,-0.109515,-0.184128,-0.960845,0.236963
15.350000,-18.121483,-7.205296,0.656150,-0.107683,-0.184901,-0.948885,0.249120
15.366667,-18.122242,-7.208972,0.656594,-0.107416,-0.184094,-0.937953,0.225182
15.383333,-18.122679,-7.212678,0.657215,-0.107648,-0.183222,-0.927661,0.223955
15.400000,-18.122822,-7.216218,0.657868,-0.108037,-0.182343,-0.918574,0.212547
15.416667,-18.122698,-7.219687,0.658484,-0.108376,-0.181289,-0.910314,0.208301
15.433333,-18.122484,-7.223158,0.659229,-0.109193,-0.179919,-0.902800,0.208619
15.450000,-18.122129,-7.226720,0.660122,-0.110130,-0.178362,-0.895814,0.214776
15.466667,-18.121536,-7.230017,0.660996,-0.110780,-0.177235,-0.891108,0.200987
15.483333,-18.120670,-7.234072,0.661619,-0.111146,-0.175809,-0.884804,0.248787
15.500000,-18.120327,-7.237901,0.662810,-0.112472,-0.172967,-0.879480,0.230690
15.516667,-18.119064,-7.242286,0.663487,-0.112312,-0.171719,-0.874108,0.273790
15.533333,-18.118107,-7.247294,0.665451,-0.114794,-0.171090,-0.868602,0.305908
15.550000,-18.117123,-7.252444,0.667810,-0.117648,-0.170677,-0.863355,0.314611
15.566667,-18.116432,-7.257466,0.670533,-0.122137,-0.170117,-0.857826,0.304157
15.583333,-18.113970,-7.263491,0.670934,-0.122192,-0.171808,-0.850809,0.390517
15.600000,-18.113123,-7.268886,0.673577,-0.126471,-0.170637,-0.845344,0.327632
15.616667,-18.112188,-7.274836,0.675906,-0.130813,-0.168824,-0.837256,0.361376
15.633333,-18.111212,-7.280910,0.678402,-0.135278,-0.166520,-0.829721,0.369174
15.650000,-18.110529,-7.287560,0.681299,-0.140561,-0.162574,-0.820145,0.401039
15.666667,-18.109842,-7.294454,0.684462,-0.146259,-0.157801,-0.810742,0.415722
15.683333,-18.108883,-7.301827,0.687605,-0.152217,-0.152633,-0.800863,0.446129
15.700000,-18.109596,-7.308093,0.693522,-0.163425,-0.146688,-0.792574,0.378367
15.716667,-18.109842,-7.314044,0.698910,-0.174489,-0.141688,-0.783858,0.357389
15.733333,-18.109228,-7.320339,0.703570,-0.184315,-0.138160,-0.774616,0.379449
15.750000,-18.107264,-7.325395,0.706718,-0.190041,-0.136488,-0.767111,0.325451
15.766667,-18.105305,-7.330251,0.709885,-0.196370,-0.135773,-0.762682,0.314205
15.783333,-18.100666,-7.332994,0.710046,-0.194091,-0.140473,-0.765053,0.323318
15.800000,-18.095922,-7.336003,0.710347,-0.192921,-0.145124,-0.766608,0.337072
15.816667,-18.091764,-7.338343,0.711062,-0.192811,-0.148228,-0.768605,0.286270
15.833333,-18.087910,-7.341057,0.712536,-0.194968,-0.150564,-0.770024,0.282849
15.850000,-18.084557,-7.343157,0.714283,-0.197896,-0.151331,-0.771719,0.237386
15.866667,-18.081614,-7.345721,0.716894,-0.203486,-0.151183,-0.772901,0.234214
15.883333,-18.078966,-7.347851,0.719717,-0.209627,-0.149299,-0.773935,0.203856
15.900000,-18.076992,-7.349735,0.723074,-0.218192,-0.146061,-0.775207,0.163749
15.916667,-18.071659,-7.352601,0.725220,-0.223728,-0.145070,-0.768446,0.363251
15.933333,-18.067417,-7.354675,0.727475,-0.230855,-0.141909,-0.763705,0.283315
15.950000,-18.064037,-7.356369,0.731558,-0.242316,-0.138509,-0.761614,0.226828
15.966667,-18.059475,-7.358018,0.734805,-0.252711,-0.136009,-0.758665,0.291072
15.983333,-18.052147,-7.357821,0.732893,-0.251384,-0.136850,-0.758392,0.439842
16.000000,-18.045242,-7.356241,0.731339,-0.250384,-0.136182,-0.760443,0.424981
16.016667,-18.038624,-7.354423,0.730533,-0.250538,-0.136596,-0.764956,0.411822
16.033333,-18.032393,-7.352175,0.729807,-0.252541,-0.139849,-0.774444,0.397451
16.050000,-18.026272,-7.349012,0.728638,-0.254485,-0.144382,-0.788568,0.413375
16.066667,-18.019901,-7.344270,0.726272,-0.252416,-0.150743,-0.807399,0.476506
16.083333,-18.012648,-7.338559,0.723414,-0.246509,-0.155794,-0.826332,0.553926
16.100000,-18.006624,-7.334638,0.721217,-0.246832,-0.161410,-0.842505,0.431232
16.116667,-18.002584,-7.328345,0.722703,-0.250159,-0.160108,-0.860308,0.448699
16.133333,-17.997341,-7.322602,0.719796,-0.243098,-0.163490,-0.879919,0.466571
16.150000,-17.993912,-7.317724,0.720422,-0.243227,-0.161641,-0.894820,0.357774
16.166667,-17.989563,-7.314231,0.719810,-0.243441,-0.164016,-0.909194,0.334666
16.183333,-17.985209,-7.311340,0.719543,-0.244772,-0.165664,-0.921988,0.313610
16.200000,-17.980799,-7.308695,0.719586,-0.245554,-0.167031,-0.935070,0.308548
16.216667,-17.975822,-7.306956,0.720026,-0.245230,-0.166360,-0.943375,0.316283
16.233333,-17.970978,-7.305315,0.720536,-0.244630,-0.167265,-0.953298,0.306899
16.250000,-17.966215,-7.303982,0.721123,-0.243392,-0.166404,-0.962280,0.296744
16.266667,-17.961790,-7.302118,0.721887,-0.241350,-0.165941,-0.973690,0.288096
16.283333,-17.957268,-7.300558,0.722604,-0.239386,-0.165782,-0.984871,0.287024
16.300000,-17.953302,-7.299831,0.723527,-0.237734,-0.164987,-0.993256,0.241885
16.316667,-17.949245,-7.299710,0.724857,-0.237109,-0.163812,-1.001094,0.243525
16.333333,-17.944405,-7.301134,0.725455,-0.235112,-0.163494,-1.005337,0.302762
16.350000,-17.941238,-7.303812,0.727731,-0.238223,-0.164338,-1.008469,0.248790
16.366667,-17.936733,-7.304277,0.727285,-0.234630,-0.163625,-1.015553,0.271748
16.383333,-17.932348,-7.303967,0.726678,-0.231831,-0.164729,-1.025801,0.263758
16.400000,-17.927895,-7.304116,0.726475,-0.231018,-0.166549,-1.035763,0.267370
16.416667,-17.923225,-7.304019,0.726153,-0.229366,-0.167868,-1.046045,0.280211
16.433333,-17.918287,-7.304193,0.725863,-0.227563,-0.169301,-1.056820,0.296469
16.450000,-17.913553,-7.303887,0.726198,-0.227204,-0.169819,-1.068560,0.284632
16.466667,-17.907898,-7.305910,0.724398,-0.225166,-0.175088,-1.078661,0.360359
16.483333,-17.903128,-7.304940,0.725828,-0.223962,-0.173836,-1.091241,0.292067
16.500000,-17.897053,-7.304629,0.724825,-0.218375,-0.174588,-1.102436,0.364973
16.516667,-17.892061,-7.304384,0.725222,-0.217960,-0.176623,-1.113813,0.299853
16.533333,-17.887314,-7.303239,0.726375,-0.218524,-0.176962,-1.126069,0.293009
16.550000,-17.882917,-7.302052,0.727746,-0.220129,-0.175881,-1.136679,0.273237
16.566667,-17.878372,-7.299065,0.728079,-0.218845,-0.175984,-1.154561,0.326312
16.583333,-17.874016,-7.297485,0.729324,-0.220070,-0.175807,-1.166911,0.278048
16.600000,-17.868811,-7.297329,0.728718,-0.219131,-0.179072,-1.178689,0.312449
16.616667,-17.863789,-7.296163,0.728977,-0.218775,-0.180530,-1.191508,0.309343
16.633333,-17.859383,-7.295244,0.730053,-0.219644,-0.180309,-1.203036,0.270046
16.650000,-17.854662,-7.294777,0.730590,-0.220187,-0.181365,-1.214886,0.284623
16.666667,-17.849733,-7.293623,0.731423,-0.219780,-0.181423,-1.227793,0.303713
16.683333,-17.844929,-7.292872,0.732367,-0.220877,-0.181049,-1.238083,0.291782
16.700000,-17.840111,-7.292217,0.733484,-0.221979,-0.180503,-1.248179,0.291738
16.716667,-17.834967,-7.291161,0.734165,-0.221868,-0.180103,-1.259472,0.315086
16.733333,-17.829889,-7.290049,0.735089,-0.222461,-0.179227,-1.270343,0.311856
16.750000,-17.824539,-7.289024,0.735739,-0.222464,-0.178553,-1.280953,0.326842
16.766667,-17.818792,-7.287659,0.735709,-0.221098,-0.180120,-1.294612,0.354406
16.783333,-17.812098,-7.287066,0.734099,-0.217884,-0.183843,-1.308347,0.403264
16.800000,-17.806057,-7.286315,0.734223,-0.217431,-0.184536,-1.319422,0.365221
16.816667,-17.799980,-7.287289,0.733176,-0.217073,-0.188354,-1.329276,0.369260
16.833333,-17.792965,-7.287557,0.732114,-0.214585,-0.191355,-1.340172,0.421222
16.850000,-17.787699,-7.288337,0.732662,-0.216392,-0.195847,-1.350794,0.319419
16.866667,-17.782059,-7.288481,0.731788,-0.215680,-0.202575,-1.365192,0.338512
16.883333,-17.771324,-7.287681,0.725177,-0.199739,-0.210655,-1.383563,0.645862
16.900000,-17.761845,-7.286518,0.719894,-0.187517,-0.218958,-1.399651,0.573036
16.916667,-17.753933,-7.284983,0.716461,-0.181555,-0.225633,-1.414618,0.483552
16.933333,-17.746531,-7.282887,0.714032,-0.177777,-0.229635,-1.428596,0.461609
16.950000,-17.739811,-7.280328,0.712260,-0.176199,-0.231548,-1.441267,0.431416
16.966667,-17.731756,-7.278493,0.709314,-0.170658,-0.236616,-1.455459,0.495665
16.983333,-17.722971,-7.275630,0.705285,-0.163171,-0.242970,-1.474566,0.554389
17.000000,-17.713863,-7.273248,0.701736,-0.156869,-0.248958,-1.492766,0.564847
17.016667,-17.705469,-7.270961,0.698820,-0.153267,-0.253880,-1.509389,0.522011
17.033333,-17.697067,-7.265527,0.697153,-0.149683,-0.254830,-1.530031,0.600360
17.050000,-17.686758,-7.260717,0.693278,-0.136840,-0.257663,-1.552197,0.682564
17.066667,-17.678068,-7.256349,0.690588,-0.129393,-0.260725,-1.572719,0.583550
17.083333,-17.667824,-7.250913,0.686148,-0.117017,-0.262667,-1.596301,0.695836
17.100000,-17.657957,-7.244645,0.682992,-0.106962,-0.263393,-1.620259,0.701359
17.116667,-17.650234,-7.238325,0.681996,-0.105581,-0.264491,-1.642878,0.598753
17.133333,-17.642080,-7.231917,0.680562,-0.101728,-0.264395,-1.664352,0.622225
17.150000,-17.635286,-7.225560,0.680066,-0.102244,-0.264963,-1.686214,0.558264
17.166667,-17.629480,-7.220125,0.679599,-0.106170,-0.268482,-1.706710,0.477193
17.183333,-17.623377,-7.214334,0.679100,-0.109161,-0.272030,-1.728627,0.504804
17.200000,-17.616127,-7.209128,0.677394,-0.108449,-0.276862,-1.751756,0.535527
17.216667,-17.608448,-7.203508,0.676184,-0.108593,-0.281283,-1.776312,0.570934
17.233333,-17.600332,-7.198353,0.674204,-0.103498,-0.281909,-1.794412,0.576876
17.250000,-17.592482,-7.193409,0.672440,-0.098686,-0.282012,-1.811027,0.556673
17.266667,-17.584118,-7.187739,0.670225,-0.093249,-0.281165,-1.827993,0.606272
17.283333,-17.574543,-7.182087,0.667503,-0.085300,-0.281150,-1.849185,0.667115
17.300000,-17.563999,-7.177591,0.662989,-0.072063,-0.281065,-1.868097,0.687734
17.316667,-17.554707,-7.171988,0.659759,-0.065452,-0.281812,-1.888992,0.651060
17.333333,-17.546770,-7.166563,0.657713,-0.065449,-0.284810,-1.909933,0.576822
17.350000,-17.537695,-7.160985,0.655479,-0.062115,-0.285041,-1.929747,0.639158
17.366667,-17.528526,-7.155712,0.652504,-0.055941,-0.285364,-1.949544,0.634603
17.383333,-17.520060,-7.150436,0.649559,-0.046756,-0.281900,-1.963789,0.598539
17.400000,-17.513758,-7.145808,0.646697,-0.042233,-0.282611,-1.978617,0.469145
17.416667,-17.508240,-7.140007,0.645323,-0.040838,-0.281343,-1.992537,0.480361
17.433333,-17.502705,-7.134428,0.643660,-0.037919,-0.279271,-2.005345,0.471536
17.450000,-17.496733,-7.128525,0.641734,-0.033658,-0.276158,-2.018470,0.503828
17.466667,-17.491121,-7.122418,0.640083,-0.031095,-0.273178,-2.031665,0.497587
17.483333,-17.485840,-7.116236,0.638329,-0.028427,-0.269779,-2.043916,0.487882
17.500000,-17.481203,-7.109928,0.637150,-0.026757,-0.266013,-2.054830,0.469733
17.516667,-17.477242,-7.104383,0.636052,-0.025413,-0.263569,-2.063964,0.408869
17.533333,-17.473099,-7.098741,0.635064,-0.024576,-0.261660,-2.074511,0.419974
17.550000,-17.468140,-7.092736,0.633996,-0.023216,-0.259021,-2.086928,0.467293
17.566667,-17.464190,-7.086906,0.633312,-0.023796,-0.257409,-2.096849,0.422522
17.583333,-17.460386,-7.081344,0.632429,-0.024233,-0.254913,-2.104640,0.404295
17.600000,-17.456333,-7.075903,0.631389,-0.023300,-0.252270,-2.113044,0.407068
17.616667,-17.451385,-7.070598,0.629510,-0.020248,-0.248756,-2.122481,0.435260
17.633333,-17.446520,-7.065410,0.627890,-0.017427,-0.246117,-2.132294,0.426738
17.650000,-17.441278,-7.059835,0.626421,-0.015725,-0.243506,-2.144212,0.459127
17.666667,-17.434868,-7.054253,0.624323,-0.010748,-0.239164,-2.156059,0.510010
17.683333,-17.428230,-7.048763,0.622194,-0.004732,-0.234573,-2.165802,0.516839
17.700000,-17.422262,-7.043632,0.620143,-0.001066,-0.232940,-2.177512,0.472223
17.716667,-17.416271,-7.038252,0.618379,0.001816,-0.231007,-2.189476,0.483113
17.733333,-17.409945,-7.032224,0.616545,0.002873,-0.228890,-2.203842,0.524345
17.750000,-17.402714,-7.026304,0.614495,0.006061,-0.225365,-2.217485,0.560701
17.766667,-17.395636,-7.020723,0.612471,0.009089,-0.222519,-2.230567,0.540823
17.783333,-17.387751,-7.015434,0.610126,0.013264,-0.218539,-2.244781,0.569675
17.800000,-17.379929,-7.009493,0.608877,0.016168,-0.213572,-2.259450,0.589341
17.816667,-17.373833,-7.005454,0.607342,0.019825,-0.211719,-2.269017,0.438762
17.833333,-17.368475,-7.001664,0.606239,0.020637,-0.211499,-2.280090,0.393744
17.850000,-17.363867,-6.998272,0.606005,0.019620,-0.212186,-2.289637,0.343325
17.866667,-17.358437,-6.995859,0.605393,0.020843,-0.211890,-2.298920,0.356528
17.883333,-17.351624,-6.994001,0.603263,0.025183,-0.211057,-2.311209,0.423715
17.900000,-17.344543,-6.991843,0.603215,0.029780,-0.207219,-2.320848,0.444102
17.916667,-17.338861,-6.989739,0.602907,0.029625,-0.207350,-2.333589,0.363538
17.933333,-17.332506,-6.988339,0.602388,0.031332,-0.205826,-2.344773,0.390453
17.950000,-17.327417,-6.987441,0.602317,0.031645,-0.205629,-2.354453,0.310055
17.966667,-17.322386,-6.987480,0.601359,0.032953,-0.207129,-2.365820,0.301904
17.983333,-17.316736,-6.987852,0.600377,0.034921,-0.208805,-2.379740,0.339710
18.000000,-17.308411,-6.988211,0.598303,0.042152,-0.207177,-2.397693,0.499999
18.016667,-17.298641,-6.988118,0.598352,0.050253,-0.201134,-2.415811,0.586193
18.033333,-17.292139,-6.988367,0.597742,0.050396,-0.202711,-2.435035,0.390415
18.050000,-17.284716,-6.990490,0.596327,0.058113,-0.201675,-2.450113,0.463267
18.066667,-17.279381,-6.991544,0.596163,0.058788,-0.201525,-2.461672,0.326271
18.083333,-17.274565,-6.992728,0.596274,0.059281,-0.202143,-2.472697,0.297574
18.100000,-17.270277,-6.994036,0.596533,0.058038,-0.204783,-2.487801,0.268967
18.116667,-17.264137,-6.995807,0.596038,0.060836,-0.204163,-2.503253,0.383404
18.133333,-17.258474,-6.997568,0.596081,0.061407,-0.205398,-2.522473,0.355824
18.150000,-17.251518,-7.000303,0.595730,0.065919,-0.204211,-2.539924,0.448471
18.166667,-17.244400,-7.003756,0.594488,0.070335,-0.204035,-2.559520,0.474674
18.183333,-17.237116,-7.007349,0.593113,0.074991,-0.204452,-2.580990,0.487326
18.200000,-17.227896,-7.011616,0.591141,0.083702,-0.201966,-2.601550,0.609583
18.216667,-17.220488,-7.015379,0.590082,0.086996,-0.203208,-2.622171,0.498550
18.233333,-17.215960,-7.017819,0.591269,0.086377,-0.204183,-2.635856,0.308630
18.250000,-17.211695,-7.016448,0.593124,0.079978,-0.204936,-2.650639,0.268785
18.266667,-17.208828,-7.014943,0.596913,0.071007,-0.206174,-2.662767,0.194278
18.283333,-17.208042,-7.013266,0.600270,0.060193,-0.209345,-2.671859,0.111147
18.300000,-17.204706,-7.018685,0.597146,0.073961,-0.212045,-2.681908,0.381847
18.316667,-17.200539,-7.023146,0.594298,0.085006,-0.212223,-2.693443,0.366261
18.333333,-17.195620,-7.024035,0.594140,0.086090,-0.207924,-2.705722,0.299928
18.350000,-17.189362,-7.024599,0.593304,0.087833,-0.200886,-2.718514,0.377000
18.366667,-17.182007,-7.026148,0.591560,0.093187,-0.193880,-2.734593,0.450968
18.383333,-17.174610,-7.028346,0.590455,0.102058,-0.187015,-2.751362,0.462978
18.400000,-17.171333,-7.029453,0.590247,0.104542,-0.186061,-2.764317,0.207530
18.416667,-17.168846,-7.030724,0.589967,0.106652,-0.185249,-2.773977,0.167594
18.433333,-17.166084,-7.031953,0.590652,0.109404,-0.183810,-2.785667,0.181384
18.450000,-17.163712,-7.032690,0.590746,0.108809,-0.183408,-2.799263,0.149069
18.466667,-17.160486,-7.034785,0.590292,0.114030,-0.180501,-2.809424,0.230768
18.483333,-17.158020,-7.036933,0.590180,0.117918,-0.179355,-2.822584,0.196235
18.500000,-17.155800,-7.038540,0.590487,0.119625,-0.177740,-2.835175,0.164441
18.516667,-17.154110,-7.040697,0.590669,0.122141,-0.176593,-2.847307,0.164397
18.533333,-17.152525,-7.043080,0.590751,0.125017,-0.175162,-2.858952,0.171707
18.550000,-17.150791,-7.045675,0.590978,0.128737,-0.173031,-2.870852,0.187275
18.566667,-17.149540,-7.047443,0.591256,0.129328,-0.171362,-2.882821,0.129963
18.583333,-17.150057,-7.049201,0.591746,0.129564,-0.170262,-2.888043,0.109923
18.600000,-17.151335,-7.050855,0.592160,0.130476,-0.169308,-2.892247,0.125417
18.616667,-17.153862,-7.051810,0.592724,0.130313,-0.168979,-2.894181,0.162102
18.633333,-17.156744,-7.052944,0.593259,0.131132,-0.168526,-2.895134,0.185813
18.650000,-17.160233,-7.053281,0.593765,0.131290,-0.168953,-2.894475,0.210288
18.666667,-17.164396,-7.054084,0.594310,0.132158,-0.169632,-2.893530,0.254433
18.683333,-17.168583,-7.054788,0.594961,0.133000,-0.169749,-2.892172,0.254723
18.700000,-17.172726,-7.055328,0.595474,0.134074,-0.169594,-2.890726,0.250670
18.716667,-17.177284,-7.056170,0.595962,0.136030,-0.169526,-2.888971,0.278136
18.733333,-17.181902,-7.056916,0.596391,0.137967,-0.169190,-2.886910,0.280652
18.750000,-17.185997,-7.058072,0.596631,0.141505,-0.167720,-2.885817,0.255304
18.766667,-17.189112,-7.060118,0.596566,0.147833,-0.165339,-2.886950,0.223615
18.783333,-17.192205,-7.061952,0.596613,0.153632,-0.163376,-2.891179,0.215786
18.800000,-17.196928,-7.063441,0.596654,0.158058,-0.162483,-2.891310,0.297109
18.816667,-17.202059,-7.064486,0.597009,0.160438,-0.162061,-2.893234,0.314158
18.833333,-17.207676,-7.065858,0.597302,0.163986,-0.160865,-2.891755,0.346941
18.850000,-17.213743,-7.066832,0.598208,0.165239,-0.160673,-2.890881,0.368699
18.866667,-17.221163,-7.067304,0.598769,0.164550,-0.162803,-2.888655,0.446074
18.883333,-17.228596,-7.068984,0.599011,0.167994,-0.163934,-2.885920,0.457224
18.900000,-17.236233,-7.070164,0.599500,0.169822,-0.165440,-2.883819,0.463665
18.916667,-17.244108,-7.071820,0.599886,0.172772,-0.166896,-2.881682,0.482855
18.933333,-17.252455,-7.073130,0.600430,0.174663,-0.168923,-2.879334,0.506923
18.950000,-17.260252,-7.074948,0.600517,0.178729,-0.169713,-2.877062,0.480392
18.966667,-17.267883,-7.076470,0.600979,0.182494,-0.169565,-2.875051,0.466891
18.983333,-17.276123,-7.077568,0.601571,0.185518,-0.169753,-2.871411,0.498756
19.000000,-17.285276,-7.079505,0.601167,0.189328,-0.172346,-2.868858,0.561369
19.016667,-17.294302,-7.080587,0.600999,0.193264,-0.173746,-2.863618,0.545408
19.033333,-17.303831,-7.081258,0.600910,0.196472,-0.175354,-2.857317,0.573164
19.050000,-17.312260,-7.081419,0.600537,0.201096,-0.175952,-2.855538,0.505806
19.066667,-17.321678,-7.080505,0.600352,0.202917,-0.177327,-2.850205,0.567762
19.083333,-17.330832,-7.080825,0.599388,0.208786,-0.177955,-2.842046,0.549536
19.100000,-17.341309,-7.079992,0.598878,0.210285,-0.180441,-2.832107,0.630606
19.116667,-17.351057,-7.077413,0.599433,0.210506,-0.179157,-2.816722,0.605033
19.133333,-17.362040,-7.074393,0.599545,0.209201,-0.180234,-2.799660,0.683407
19.150000,-17.372929,-7.071909,0.599372,0.210124,-0.181384,-2.782652,0.670125
19.166667,-17.382769,-7.068113,0.600176,0.208555,-0.180616,-2.767586,0.632822
19.183333,-17.393667,-7.065061,0.600517,0.206856,-0.182315,-2.752930,0.679075
19.200000,-17.403000,-7.063346,0.600586,0.211352,-0.182527,-2.740808,0.569332
19.216667,-17.413662,-7.060495,0.601277,0.207032,-0.184450,-2.726245,0.662200
19.233333,-17.423679,-7.059098,0.601135,0.206664,-0.186489,-2.713764,0.606857
19.250000,-17.433157,-7.057217,0.602125,0.204808,-0.186789,-2.699353,0.579750
19.266667,-17.440296,-7.055860,0.603038,0.207401,-0.184730,-2.689626,0.436028
19.283333,-17.448673,-7.053104,0.604467,0.204316,-0.181729,-2.673908,0.529120
19.300000,-17.456734,-7.051630,0.605433,0.204072,-0.179944,-2.661333,0.491646
19.316667,-17.463871,-7.051226,0.606437,0.206307,-0.177249,-2.650303,0.428925
19.333333,-17.471643,-7.052179,0.606114,0.209022,-0.178637,-2.642526,0.469841
19.350000,-17.478788,-7.052926,0.606370,0.211863,-0.178243,-2.633541,0.431031
19.366667,-17.483727,-7.053065,0.607092,0.216241,-0.174928,-2.628911,0.296406
19.383333,-17.489714,-7.052902,0.607904,0.217980,-0.172627,-2.622783,0.359363
19.400000,-17.496813,-7.053165,0.608684,0.219056,-0.171818,-2.614042,0.426242
19.416667,-17.503937,-7.053446,0.609560,0.221132,-0.170169,-2.603681,0.427768
19.433333,-17.511827,-7.053549,0.610235,0.221866,-0.169584,-2.593014,0.473483
19.450000,-17.519686,-7.053433,0.611364,0.222089,-0.168753,-2.581169,0.471548
19.466667,-17.527605,-7.053146,0.612013,0.221276,-0.168940,-2.572575,0.475471
19.483333,-17.534866,-7.053092,0.612974,0.221144,-0.168038,-2.564582,0.435689
19.500000,-17.543077,-7.053544,0.613395,0.221203,-0.168768,-2.555437,0.493414
19.516667,-17.551718,-7.054195,0.613821,0.221870,-0.169126,-2.543504,0.519888
19.533333,-17.561514,-7.054516,0.614441,0.219480,-0.170755,-2.531278,0.588085
19.550000,-17.571316,-7.055342,0.614905,0.219002,-0.172089,-2.517409,0.590196
19.566667,-17.581177,-7.056024,0.615407,0.217837,-0.173779,-2.504006,0.593072
19.583333,-17.589758,-7.055832,0.616554,0.216262,-0.172497,-2.491892,0.514998
19.600000,-17.598269,-7.055735,0.617877,0.215068,-0.171100,-2.478938,0.510669
19.616667,-17.605883,-7.056489,0.618642,0.217082,-0.169127,-2.466759,0.459085
19.633333,-17.614042,-7.056877,0.619339,0.215967,-0.168511,-2.454539,0.490132
19.650000,-17.620892,-7.056756,0.620458,0.216087,-0.165718,-2.442825,0.411021
19.666667,-17.629459,-7.057232,0.621418,0.214687,-0.165878,-2.430059,0.514859
19.683333,-17.635500,-7.057639,0.621801,0.217158,-0.162521,-2.422132,0.363255
19.700000,-17.644606,-7.059065,0.621378,0.216396,-0.165352,-2.412358,0.553006
19.716667,-17.653847,-7.060169,0.621420,0.215321,-0.167167,-2.401909,0.558408
19.733333,-17.662769,-7.061460,0.621314,0.215865,-0.167814,-2.390215,0.540924
19.750000,-17.671291,-7.063177,0.621153,0.216224,-0.168808,-2.380810,0.521604
19.766667,-17.681955,-7.064796,0.622311,0.211528,-0.172477,-2.366152,0.647174
19.783333,-17.692356,-7.067660,0.622012,0.208909,-0.177744,-2.354179,0.647272
19.800000,-17.700670,-7.069348,0.623115,0.208477,-0.177594,-2.342401,0.509026
19.816667,-17.710276,-7.072150,0.623326,0.207485,-0.181011,-2.329041,0.600343
19.833333,-17.718884,-7.074175,0.623886,0.207297,-0.181498,-2.317028,0.530566
19.850000,-17.727577,-7.076362,0.624699,0.206245,-0.182848,-2.304526,0.537877
19.866667,-17.736816,-7.079123,0.624951,0.203806,-0.186470,-2.292893,0.578573
19.883333,-17.745869,-7.082556,0.624797,0.203686,-0.189994,-2.280874,0.580878
19.900000,-17.755463,-7.085585,0.625301,0.202136,-0.192606,-2.267187,0.603644
19.916667,-17.764872,-7.088863,0.625726,0.201485,-0.194989,-2.253493,0.597822
19.933333,-17.774761,-7.092554,0.625913,0.200378,-0.198637,-2.240506,0.633350
19.950000,-17.785275,-7.095533,0.627222,0.194969,-0.202949,-2.226582,0.655645
19.966667,-17.795837,-7.098924,0.627568,0.189837,-0.208708,-2.211663,0.665628
19.983333,-17.804825,-7.101319,0.628259,0.187470,-0.211504,-2.199229,0.558066
20.000000,-17.814125,-7.103411,0.628824,0.182513,-0.215248,-2.188324,0.571955
20.016667,-17.823582,-7.105316,0.630184,0.177826,-0.217374,-2.172598,0.578790
20.033333,-17.832802,-7.107173,0.631254,0.173921,-0.219189,-2.156996,0.564320
20.050000,-17.841471,-7.108896,0.632574,0.169339,-0.220325,-2.140994,0.530312
20.066667,-17.852299,-7.112908,0.632662,0.162612,-0.227207,-2.122251,0.692835
20.083333,-17.859968,-7.116267,0.632275,0.163267,-0.230308,-2.110441,0.502374
20.100000,-17.869728,-7.119165,0.633193,0.157880,-0.233581,-2.094005,0.610868
20.116667,-17.879194,-7.122315,0.633432,0.154132,-0.236717,-2.079154,0.598591
20.133333,-17.889240,-7.125720,0.634299,0.149888,-0.239331,-2.060120,0.636435
20.150000,-17.900005,-7.130278,0.633856,0.144335,-0.246473,-2.043739,0.701407
20.166667,-17.908539,-7.132170,0.635419,0.140857,-0.245618,-2.026760,0.524443
20.183333,-17.917881,-7.134933,0.636307,0.136546,-0.247222,-2.010002,0.584538
20.200000,-17.926256,-7.138050,0.636575,0.134232,-0.249181,-1.994769,0.536175
20.216667,-17.935175,-7.141486,0.637437,0.127076,-0.253178,-1.980148,0.573477
20.233333,-17.943140,-7.144197,0.638162,0.121420,-0.256377,-1.968264,0.504834
20.250000,-17.950222,-7.147644,0.638150,0.119365,-0.259446,-1.955108,0.472568
20.266667,-17.957249,-7.147545,0.640639,0.113050,-0.257146,-1.944725,0.421642
20.283333,-17.964788,-7.150281,0.641132,0.108212,-0.260166,-1.932769,0.481251
20.300000,-17.972631,-7.153069,0.642119,0.103169,-0.261938,-1.917023,0.499421
20.316667,-17.980507,-7.155769,0.643291,0.098140,-0.263555,-1.901949,0.499532
20.333333,-17.987627,-7.158840,0.644106,0.094067,-0.265847,-1.887359,0.465258
20.350000,-17.994968,-7.160835,0.645943,0.087482,-0.266103,-1.872236,0.456459
20.366667,-18.001425,-7.162273,0.647808,0.081713,-0.265690,-1.858883,0.396876
20.383333,-18.007113,-7.164423,0.648760,0.078239,-0.266295,-1.845416,0.364812
20.400000,-18.012764,-7.166697,0.649851,0.074705,-0.266579,-1.831338,0.365510
20.416667,-18.018328,-7.168634,0.651140,0.070129,-0.266278,-1.816038,0.353484
20.433333,-18.022676,-7.170926,0.651951,0.067550,-0.266702,-1.803766,0.294938
20.450000,-18.026531,-7.172678,0.652913,0.064882,-0.266879,-1.793648,0.254063
20.466667,-18.029776,-7.174829,0.653213,0.063904,-0.267542,-1.783345,0.233577
20.483333,-18.032694,-7.176725,0.653363,0.063372,-0.268178,-1.774760,0.208786
20.500000,-18.036070,-7.179858,0.653592,0.062503,-0.269675,-1.762648,0.276358
20.516667,-18.039877,-7.183189,0.653949,0.060959,-0.271349,-1.750506,0.303523
20.533333,-18.043753,-7.186129,0.654413,0.058593,-0.272769,-1.738996,0.291851
20.550000,-18.047770,-7.189039,0.654748,0.056351,-0.273899,-1.726564,0.297632
20.566667,-18.052172,-7.192087,0.655630,0.052708,-0.275731,-1.714879,0.321244
20.583333,-18.056202,-7.195025,0.656346,0.049200,-0.277271,-1.704352,0.299273
20.600000,-18.060465,-7.198349,0.657216,0.045675,-0.278952,-1.693135,0.324307
20.616667,-18.064753,-7.201149,0.658213,0.041225,-0.280851,-1.683725,0.307259
20.633333,-18.069820,-7.203783,0.659231,0.035662,-0.282552,-1.671873,0.342702
20.650000,-18.075264,-7.206735,0.660333,0.029118,-0.284342,-1.657157,0.371538
20.666667,-18.080498,-7.210127,0.660995,0.024061,-0.286565,-1.642192,0.374232
20.683333,-18.085712,-7.212986,0.662206,0.018398,-0.288067,-1.628556,0.356810
20.700000,-18.090027,-7.215599,0.662644,0.015289,-0.289197,-1.615567,0.302628
20.716667,-18.095106,-7.217824,0.663111,0.011023,-0.290024,-1.600220,0.332735
20.733333,-18.099991,-7.220398,0.663161,0.008518,-0.290870,-1.584638,0.331270
20.750000,-18.104734,-7.222746,0.663485,0.005659,-0.290946,-1.568806,0.317584
20.766667,-18.109318,-7.225772,0.663555,0.003335,-0.291427,-1.551338,0.329514
20.783333,-18.114248,-7.228682,0.664297,-0.001201,-0.291701,-1.533693,0.343502
20.800000,-18.118847,-7.232005,0.664683,-0.005395,-0.292330,-1.515413,0.340435
20.816667,-18.124174,-7.233864,0.665646,-0.012679,-0.293437,-1.501799,0.338530
20.833333,-18.129059,-7.235675,0.666006,-0.018048,-0.294099,-1.488076,0.312578
20.850000,-18.134642,-7.237497,0.667062,-0.026117,-0.293738,-1.471534,0.352356
20.866667,-18.139910,-7.241037,0.668108,-0.033565,-0.293771,-1.449428,0.380837
20.883333,-18.143831,-7.244265,0.668181,-0.035464,-0.292971,-1.429119,0.304722
20.900000,-18.147728,-7.246164,0.668163,-0.037405,-0.292800,-1.414632,0.260095
20.916667,-18.152292,-7.248147,0.668357,-0.040780,-0.290946,-1.395278,0.298591
20.933333,-18.156504,-7.248264,0.668887,-0.045048,-0.288910,-1.381161,0.252783
20.950000,-18.160934,-7.248739,0.669821,-0.051772,-0.287737,-1.366673,0.267369
20.966667,-18.166750,-7.248891,0.672249,-0.065300,-0.287563,-1.354169,0.349050
20.983333,-18.167387,-7.248005,0.670770,-0.061335,-0.284599,-1.342661,0.065450
21.000000,-18.169952,-7.247068,0.670746,-0.064805,-0.284162,-1.333215,0.163869
21.016667,-18.173229,-7.245591,0.671103,-0.069972,-0.281975,-1.322221,0.215677
21.033333,-18.176973,-7.243291,0.672188,-0.077023,-0.277712,-1.310783,0.263642
21.050000,-18.178902,-7.241030,0.671905,-0.079332,-0.274051,-1.299483,0.178283
21.066667,-18.180944,-7.239452,0.671613,-0.083416,-0.271115,-1.286826,0.154889
21.083333,-18.183649,-7.236253,0.672098,-0.090811,-0.266535,-1.276476,0.251351
21.100000,-18.183184,-7.231676,0.669744,-0.087389,-0.262508,-1.270141,0.276017
21.116667,-18.185236,-7.225579,0.671294,-0.096015,-0.255742,-1.265740,0.386007
21.133333,-18.182449,-7.220676,0.667098,-0.087921,-0.252381,-1.260722,0.338366
21.150000,-18.180586,-7.215409,0.664601,-0.084325,-0.248111,-1.256054,0.335224
21.166667,-18.178484,-7.209398,0.662059,-0.081053,-0.242973,-1.252527,0.382047
21.183333,-18.176903,-7.203279,0.660270,-0.079136,-0.236674,-1.248442,0.379187
21.200000,-18.174915,-7.197141,0.658664,-0.077868,-0.232237,-1.246527,0.387151
21.216667,-18.172363,-7.190392,0.656635,-0.074941,-0.226893,-1.245679,0.432879
21.233333,-18.170006,-7.183622,0.654922,-0.073663,-0.222031,-1.245722,0.430131
21.250000,-18.166962,-7.177627,0.653277,-0.070595,-0.220245,-1.248358,0.403456
21.266667,-18.163874,-7.172165,0.651990,-0.069030,-0.219697,-1.252132,0.376428
21.283333,-18.160545,-7.166164,0.650572,-0.066786,-0.218637,-1.257717,0.411732
21.300000,-18.156752,-7.159823,0.648965,-0.063072,-0.217965,-1.265502,0.443352
21.316667,-18.152905,-7.153254,0.647421,-0.059732,-0.216801,-1.274472,0.456802
21.333333,-18.148846,-7.146276,0.645717,-0.056127,-0.216203,-1.285903,0.484332
21.350000,-18.144489,-7.138724,0.643790,-0.052305,-0.215603,-1.299535,0.523113
21.366667,-18.140081,-7.130935,0.641939,-0.048996,-0.216221,-1.315495,0.536967
21.383333,-18.135614,-7.122738,0.640129,-0.046799,-0.217551,-1.334156,0.560100
21.400000,-18.132729,-7.115816,0.639744,-0.048309,-0.218350,-1.348672,0.450008
21.416667,-18.125336,-7.108565,0.635834,-0.032896,-0.217571,-1.363959,0.621287
21.433333,-18.121216,-7.102317,0.634712,-0.032325,-0.219859,-1.381522,0.449042
21.450000,-18.119057,-7.096667,0.634721,-0.040232,-0.225091,-1.401396,0.362939
21.466667,-18.113987,-7.089650,0.633044,-0.036964,-0.226154,-1.420875,0.519392
21.483333,-18.108681,-7.081659,0.631902,-0.032695,-0.225330,-1.443022,0.575554
21.500000,-18.102446,-7.074128,0.630146,-0.025766,-0.225383,-1.465650,0.586615
21.516667,-18.095642,-7.066754,0.627966,-0.017730,-0.225345,-1.488829,0.602000
21.533333,-18.089890,-7.059348,0.626638,-0.013951,-0.224901,-1.511137,0.562649
21.550000,-18.082691,-7.051699,0.624482,-0.004680,-0.222770,-1.534061,0.630207
21.566667,-18.076265,-7.044874,0.623037,0.001177,-0.222292,-1.556093,0.562440
21.583333,-18.069757,-7.040065,0.621875,0.006546,-0.222146,-1.573076,0.485511
21.600000,-18.065174,-7.036787,0.621324,0.007488,-0.221468,-1.583837,0.338121
21.616667,-18.060446,-7.034161,0.620764,0.009797,-0.221085,-1.592685,0.324500
21.633333,-18.056316,-7.031178,0.620295,0.010868,-0.221392,-1.603557,0.305669
21.650000,-18.052727,-7.028358,0.620367,0.010538,-0.221454,-1.613248,0.273891
21.666667,-18.048615,-7.026636,0.619599,0.012845,-0.221515,-1.619690,0.267480
21.683333,-18.045246,-7.024204,0.619508,0.013046,-0.221863,-1.628491,0.249287
21.700000,-18.041889,-7.022692,0.619304,0.013517,-0.222069,-1.634571,0.220893
21.716667,-18.038677,-7.020375,0.619163,0.013942,-0.222258,-1.643334,0.237626
21.733333,-18.035606,-7.018499,0.619103,0.014182,-0.222363,-1.650722,0.215908
21.750000,-18.032804,-7.017386,0.618949,0.014900,-0.222359,-1.655175,0.180890
21.766667,-18.029999,-7.015851,0.618787,0.015915,-0.222240,-1.661174,0.191902
21.783333,-18.027599,-7.015012,0.618716,0.016460,-0.222102,-1.664614,0.152519
21.800000,-18.025274,-7.014027,0.618514,0.017528,-0.222046,-1.668862,0.151498
21.816667,-18.023529,-7.013557,0.618595,0.017585,-0.221851,-1.670985,0.108447
21.833333,-18.021921,-7.013018,0.618542,0.018127,-0.221839,-1.673934,0.101756
21.850000,-18.020586,-7.012938,0.618542,0.018730,-0.221796,-1.675271,0.080251
21.866667,-18.019533,-7.012598,0.618522,0.019225,-0.221643,-1.677595,0.066392
21.883333,-18.019114,-7.013216,0.618656,0.018970,-0.221557,-1.676062,0.044842
21.900000,-18.019180,-7.014376,0.618885,0.018301,-0.221526,-1.672689,0.069695
21.916667,-18.019690,-7.016000,0.619197,0.017275,-0.221496,-1.667774,0.102125
21.933333,-18.020712,-7.017936,0.619560,0.015784,-0.221422,-1.661579,0.131384
21.950000,-18.022058,-7.020200,0.619982,0.014154,-0.221486,-1.654611,0.158053
21.966667,-18.023682,-7.022592,0.620465,0.012547,-0.221421,-1.647271,0.173434
21.983333,-18.025505,-7.025049,0.621036,0.010723,-0.221494,-1.640264,0.183588
22.000000,-18.027811,-7.028169,0.621728,0.008940,-0.222695,-1.632109,0.232756
22.016667,-18.029867,-7.030725,0.622018,0.008112,-0.223173,-1.624885,0.196859
22.033333,-18.031790,-7.032829,0.622331,0.007235,-0.223588,-1.619039,0.170978
22.050000,-18.033411,-7.034243,0.622751,0.006168,-0.223665,-1.615669,0.129067
22.066667,-18.035309,-7.036173,0.623262,0.005051,-0.224187,-1.611539,0.162437
22.083333,-18.037003,-7.037991,0.623579,0.004263,-0.224456,-1.606804,0.149049
22.100000,-18.038685,-7.039786,0.623905,0.003848,-0.224489,-1.601274,0.147640
22.116667,-18.040419,-7.041509,0.624172,0.003142,-0.224390,-1.595764,0.146652
22.133333,-18.042202,-7.043203,0.624477,0.002373,-0.224361,-1.590061,0.147570
22.150000,-18.043854,-7.045671,0.625053,0.001338,-0.225328,-1.583165,0.178166
22.166667,-18.046158,-7.048177,0.625447,-0.000183,-0.224232,-1.573303,0.204286
22.183333,-18.048258,-7.050908,0.626002,-0.001632,-0.224151,-1.564222,0.206673
22.200000,-18.050037,-7.054029,0.626747,-0.003374,-0.225287,-1.555064,0.215556
22.216667,-18.051870,-7.055722,0.626889,-0.004428,-0.223368,-1.547235,0.149741
22.233333,-18.053957,-7.058229,0.627418,-0.005939,-0.223324,-1.538285,0.195694
22.250000,-18.055193,-7.059029,0.627551,-0.007030,-0.222412,-1.532890,0.088325
22.266667,-18.056187,-7.059691,0.627587,-0.007870,-0.221662,-1.527604,0.071654
22.283333,-18.056931,-7.059927,0.627628,-0.008795,-0.221222,-1.524224,0.046825
22.300000,-18.057491,-7.060382,0.627681,-0.009578,-0.220687,-1.519795,0.043342
22.316667,-18.057505,-7.061263,0.627899,-0.010861,-0.220985,-1.514189,0.052821
22.333333,-18.057899,-7.062127,0.627853,-0.012030,-0.218665,-1.507352,0.057024
22.350000,-18.058363,-7.063928,0.628288,-0.013623,-0.219339,-1.499845,0.111582
22.366667,-18.058201,-7.063654,0.628046,-0.014062,-0.217467,-1.497157,0.019112
22.383333,-18.057877,-7.063234,0.627924,-0.014384,-0.216796,-1.495863,0.031818
22.400000,-18.057659,-7.063678,0.628109,-0.015243,-0.217678,-1.492263,0.029634
22.416667,-18.057449,-7.063723,0.628136,-0.016248,-0.217238,-1.489505,0.012879
22.433333,-18.056662,-7.063091,0.627929,-0.015934,-0.216793,-1.489435,0.060606
22.450000,-18.055794,-7.062711,0.627795,-0.015860,-0.216411,-1.489146,0.056833
22.466667,-18.054985,-7.062308,0.627723,-0.015828,-0.216443,-1.489807,0.054212
22.483333,-18.054029,-7.061746,0.627545,-0.015455,-0.216107,-1.490639,0.066536
22.500000,-18.052999,-7.061233,0.627444,-0.015085,-0.216312,-1.492556,0.069041
22.516667,-18.052059,-7.061410,0.627448,-0.015104,-0.216063,-1.492015,0.057414
22.533333,-18.050751,-7.061017,0.627284,-0.014148,-0.216081,-1.494438,0.081978
22.550000,-18.049690,-7.060887,0.627308,-0.013881,-0.216355,-1.496825,0.064103
22.566667,-18.048517,-7.060942,0.627250,-0.013197,-0.216246,-1.498242,0.070459
22.583333,-18.047457,-7.060837,0.627410,-0.013280,-0.216551,-1.500843,0.063943
22.600000,-18.046917,-7.062718,0.627760,-0.013995,-0.216006,-1.496245,0.117422
22.616667,-18.046495,-7.064377,0.628182,-0.014846,-0.215809,-1.493303,0.102698
22.633333,-18.045687,-7.064165,0.628181,-0.014439,-0.215732,-1.496045,0.050165
22.650000,-18.044388,-7.063829,0.628101,-0.013937,-0.215468,-1.498878,0.080488
22.666667,-18.042961,-7.064030,0.628305,-0.013671,-0.216417,-1.501278,0.086445
22.683333,-18.041491,-7.063724,0.628361,-0.013478,-0.216706,-1.504784,0.090125
22.700000,-18.040308,-7.063798,0.628481,-0.013796,-0.216545,-1.506709,0.071094
22.716667,-18.038931,-7.063397,0.628491,-0.013205,-0.216955,-1.511073,0.086058
22.733333,-18.036942,-7.060944,0.628034,-0.011814,-0.216809,-1.521047,0.189535
22.750000,-18.035332,-7.060534,0.628211,-0.011869,-0.218790,-1.523906,0.099659
22.766667,-18.033806,-7.058893,0.627965,-0.011045,-0.219285,-1.529959,0.134460
22.783333,-18.032291,-7.057564,0.627735,-0.010374,-0.219546,-1.534969,0.120910
22.800000,-18.030592,-7.057079,0.627811,-0.010267,-0.220034,-1.538593,0.106029
22.816667,-18.029041,-7.056660,0.627868,-0.009892,-0.220718,-1.543036,0.096379
22.833333,-18.027517,-7.056580,0.627920,-0.009344,-0.220621,-1.545983,0.091565
22.850000,-18.026020,-7.056200,0.627896,-0.008375,-0.220576,-1.550643,0.092692
22.866667,-18.024757,-7.056745,0.628152,-0.008028,-0.221056,-1.553383,0.082516
22.883333,-18.023472,-7.057644,0.628428,-0.007956,-0.220671,-1.554805,0.094133
22.900000,-18.022394,-7.059346,0.628880,-0.008276,-0.220498,-1.553801,0.120885
22.916667,-18.021120,-7.060055,0.629090,-0.008034,-0.219989,-1.555896,0.087487
22.933333,-18.019892,-7.061318,0.629422,-0.008148,-0.219133,-1.556202,0.105694
22.950000,-18.019115,-7.062976,0.629819,-0.007989,-0.218956,-1.556261,0.109842
22.966667,-18.018600,-7.065467,0.630366,-0.008205,-0.219055,-1.553859,0.152620
22.983333,-18.018028,-7.067389,0.630769,-0.007658,-0.219809,-1.554682,0.120357
23.000000,-18.016907,-7.068279,0.630836,-0.005990,-0.219933,-1.558954,0.085879
23.016667,-18.015663,-7.069570,0.631017,-0.004812,-0.220334,-1.561650,0.107544
23.033333,-18.014328,-7.070986,0.631317,-0.003875,-0.221288,-1.564747,0.116801
23.050000,-18.013035,-7.073193,0.631684,-0.002894,-0.221959,-1.565128,0.153443
23.066667,-18.011776,-7.074568,0.631871,-0.001592,-0.222578,-1.567788,0.111862
23.083333,-18.010136,-7.076098,0.632221,-0.000271,-0.223635,-1.572430,0.134613
23.100000,-18.008444,-7.078049,0.632511,0.001343,-0.224666,-1.575757,0.154931
23.116667,-18.007280,-7.079263,0.633194,0.001219,-0.225595,-1.580937,0.100892
23.133333,-18.006077,-7.081159,0.633966,0.000865,-0.226658,-1.583642,0.134739
23.150000,-18.004749,-7.082675,0.634545,0.001115,-0.227351,-1.587660,0.120899
23.166667,-18.003584,-7.084215,0.635191,0.000968,-0.228316,-1.590915,0.115884
23.183333,-18.002632,-7.085388,0.635949,0.000569,-0.229167,-1.595267,0.090612
23.200000,-18.001673,-7.086605,0.636677,0.000187,-0.229957,-1.599546,0.092998
23.216667,-18.000675,-7.087077,0.637134,0.000410,-0.230370,-1.605345,0.066216
23.233333,-17.999565,-7.087787,0.637521,0.001656,-0.230402,-1.609851,0.079048
23.250000,-17.998905,-7.088921,0.638122,0.001831,-0.230552,-1.612438,0.078744
23.266667,-17.998396,-7.090223,0.638775,0.001613,-0.230900,-1.614421,0.083870
23.283333,-17.997976,-7.091371,0.639392,0.001330,-0.231116,-1.616265,0.073323
23.300000,-17.997669,-7.092873,0.639925,0.000878,-0.231311,-1.615725,0.092014
23.316667,-17.997551,-7.094528,0.640597,-0.000134,-0.231605,-1.614341,0.099559
23.333333,-17.997225,-7.095549,0.640997,-0.000516,-0.231704,-1.614633,0.064277
23.350000,-17.997143,-7.097206,0.641646,-0.001611,-0.231823,-1.613034,0.099571
23.366667,-17.996923,-7.098644,0.642306,-0.002694,-0.232057,-1.612232,0.087258
23.383333,-17.996708,-7.100523,0.642997,-0.003777,-0.232394,-1.610589,0.113521
23.400000,-17.996277,-7.101415,0.643350,-0.003965,-0.232589,-1.612209,0.059425
23.416667,-17.995598,-7.101915,0.643619,-0.003959,-0.232468,-1.615130,0.050585
23.433333,-17.994833,-7.102600,0.644045,-0.003949,-0.233146,-1.618840,0.061595
23.450000,-17.994238,-7.103580,0.644531,-0.004492,-0.233302,-1.620288,0.068836
23.466667,-17.993553,-7.104609,0.644938,-0.004720,-0.233459,-1.622097,0.074161
23.483333,-17.992670,-7.105221,0.645408,-0.004538,-0.233605,-1.625950,0.064442
23.500000,-17.991764,-7.106327,0.645800,-0.004652,-0.233437,-1.627205,0.085772
23.516667,-17.990879,-7.107576,0.646368,-0.005005,-0.233448,-1.628484,0.091885
23.533333,-17.989979,-7.109021,0.646945,-0.005342,-0.233448,-1.629935,0.102141
23.550000,-17.988703,-7.110677,0.647250,-0.004466,-0.233636,-1.632193,0.125438
23.566667,-17.987158,-7.111977,0.647438,-0.003001,-0.233907,-1.636820,0.121142
23.583333,-17.985325,-7.113616,0.647579,-0.001212,-0.234303,-1.641558,0.147509
23.600000,-17.983654,-7.116028,0.647790,0.000054,-0.235005,-1.643915,0.176067
23.616667,-17.982031,-7.118167,0.648072,0.001147,-0.235437,-1.647477,0.161112
23.633333,-17.980097,-7.120216,0.648169,0.002964,-0.235811,-1.651509,0.169056
23.650000,-17.978251,-7.122538,0.648390,0.004280,-0.236149,-1.654957,0.177981
23.666667,-17.976761,-7.125251,0.648722,0.005280,-0.236701,-1.656266,0.185739
23.683333,-17.975025,-7.127635,0.649132,0.006406,-0.237686,-1.660865,0.176920
23.700000,-17.973112,-7.130300,0.649442,0.008042,-0.238495,-1.665514,0.196836
23.716667,-17.971067,-7.133305,0.649545,0.010816,-0.239888,-1.671030,0.218057
23.733333,-17.968519,-7.136612,0.649283,0.015144,-0.241205,-1.677175,0.250509
23.750000,-17.966236,-7.140087,0.649199,0.018997,-0.242304,-1.682275,0.249484
23.766667,-17.964327,-7.144007,0.649271,0.022550,-0.244064,-1.687274,0.261593
23.783333,-17.962383,-7.147505,0.649637,0.025332,-0.244782,-1.693224,0.240131
23.800000,-17.960596,-7.151560,0.650164,0.027856,-0.245697,-1.697893,0.265857
23.816667,-17.959644,-7.155906,0.650900,0.029563,-0.247701,-1.701539,0.266962
23.833333,-17.958731,-7.162204,0.651994,0.030104,-0.250000,-1.693598,0.381839
23.850000,-17.958141,-7.167501,0.652771,0.029590,-0.249951,-1.684528,0.319764
23.866667,-17.957506,-7.171359,0.653306,0.029589,-0.249686,-1.679231,0.234601
23.883333,-17.956682,-7.174619,0.653657,0.030442,-0.249817,-1.676395,0.201759
23.900000,-17.955482,-7.177708,0.653854,0.031952,-0.250033,-1.674802,0.198825
23.916667,-17.953743,-7.180618,0.654021,0.034299,-0.250898,-1.675700,0.203399
23.933333,-17.952011,-7.183877,0.654257,0.037071,-0.252119,-1.676956,0.221420
23.950000,-17.950460,-7.186911,0.654593,0.039672,-0.253423,-1.679507,0.204445
23.966667,-17.948881,-7.189582,0.655117,0.041824,-0.254695,-1.682945,0.186190
23.983333,-17.947062,-7.191525,0.655407,0.044216,-0.255452,-1.687185,0.159704
24.000000,-17.945061,-7.192806,0.655530,0.046687,-0.255961,-1.692602,0.142569
24.016667,-17.942991,-7.193643,0.655555,0.049049,-0.256219,-1.697754,0.133926
24.033333,-17.941097,-7.194457,0.655556,0.051554,-0.256637,-1.702870,0.123690
24.050000,-17.939217,-7.195257,0.655490,0.054108,-0.256833,-1.707629,0.122638
24.066667,-17.937691,-7.195942,0.655545,0.056055,-0.257110,-1.712210,0.100360
24.083333,-17.936577,-7.196981,0.655660,0.057433,-0.257672,-1.715270,0.091396
24.100000,-17.935520,-7.197679,0.655803,0.058526,-0.258174,-1.719440,0.075971
24.116667,-17.934782,-7.198922,0.656037,0.059042,-0.258841,-1.721251,0.086720
24.133333,-17.934164,-7.200201,0.656354,0.059273,-0.259516,-1.723095,0.085222
24.150000,-17.933460,-7.201511,0.656677,0.059576,-0.260362,-1.725910,0.089244
24.166667,-17.932653,-7.202616,0.657105,0.059727,-0.261843,-1.730982,0.082107
24.183333,-17.931976,-7.203721,0.657512,0.059836,-0.262979,-1.735109,0.077749
24.200000,-17.931452,-7.205117,0.658007,0.059879,-0.264134,-1.739295,0.089487
24.216667,-17.931015,-7.206589,0.658541,0.059956,-0.265539,-1.744091,0.092099
24.233333,-17.930620,-7.208419,0.659114,0.059613,-0.266605,-1.746260,0.112360
24.250000,-17.930290,-7.210675,0.659872,0.059451,-0.268044,-1.749115,0.136767
24.266667,-17.929388,-7.212448,0.660466,0.059764,-0.269503,-1.754316,0.119379
24.283333,-17.928297,-7.214211,0.661044,0.060060,-0.270742,-1.759128,0.124365
24.300000,-17.926750,-7.216081,0.661444,0.061570,-0.271213,-1.762861,0.145619
24.316667,-17.925129,-7.217603,0.661899,0.063012,-0.272135,-1.768879,0.133426
24.333333,-17.923773,-7.219523,0.662424,0.063934,-0.273146,-1.773281,0.141072
24.350000,-17.922005,-7.220848,0.662780,0.065735,-0.273940,-1.780153,0.132557
24.366667,-17.921028,-7.222171,0.663703,0.065316,-0.274469,-1.784711,0.098674
24.383333,-17.920208,-7.223469,0.664613,0.064829,-0.274828,-1.789270,0.092122
24.400000,-17.919359,-7.224627,0.665501,0.064535,-0.275112,-1.794334,0.086156
24.416667,-17.919090,-7.226461,0.666375,0.063837,-0.275539,-1.796106,0.111183
24.433333,-17.918945,-7.227720,0.667082,0.063903,-0.275863,-1.799706,0.076059
24.450000,-17.919024,-7.229448,0.667883,0.063470,-0.276419,-1.801645,0.103790
24.466667,-17.919334,-7.230728,0.668466,0.063261,-0.276940,-1.804073,0.079023
24.483333,-17.919722,-7.232388,0.669238,0.062277,-0.277310,-1.805377,0.102238
24.500000,-17.920809,-7.234720,0.670266,0.061502,-0.279014,-1.806313,0.154390
24.516667,-17.921259,-7.236082,0.671058,0.060637,-0.279150,-1.809353,0.086086
24.533333,-17.922049,-7.238017,0.671806,0.059572,-0.279216,-1.808716,0.125395
24.550000,-17.922707,-7.239226,0.672345,0.058912,-0.278775,-1.809986,0.082577
24.566667,-17.923565,-7.241484,0.673341,0.057618,-0.280094,-1.808627,0.144928
24.583333,-17.924313,-7.242827,0.673952,0.056428,-0.279188,-1.808479,0.092239
24.600000,-17.925362,-7.244467,0.674716,0.055174,-0.279309,-1.807561,0.116825
24.616667,-17.926168,-7.245872,0.675234,0.054666,-0.279399,-1.807363,0.097198
24.633333,-17.926653,-7.246814,0.675697,0.054061,-0.279795,-1.807531,0.063569
24.650000,-17.927139,-7.247681,0.676197,0.053654,-0.280861,-1.808196,0.059641
24.666667,-17.927792,-7.248046,0.676259,0.053407,-0.280544,-1.806986,0.044857
24.683333,-17.928169,-7.247757,0.676133,0.053876,-0.280335,-1.808522,0.028531
24.700000,-17.928484,-7.247665,0.676180,0.054292,-0.281143,-1.810170,0.019674
24.716667,-17.928976,-7.247648,0.676208,0.054520,-0.281432,-1.811156,0.029545
24.733333,-17.929684,-7.247888,0.676254,0.054436,-0.281528,-1.810211,0.044830
24.750000,-17.930386,-7.247580,0.675927,0.054647,-0.280417,-1.808556,0.045991
24.766667,-17.931042,-7.247318,0.675813,0.055151,-0.280742,-1.809507,0.042385
24.783333,-17.931992,-7.247693,0.675887,0.054985,-0.280930,-1.808040,0.061268
24.800000,-17.932859,-7.248106,0.675973,0.054689,-0.281020,-1.806209,0.057665
24.816667,-17.933609,-7.248664,0.676182,0.054151,-0.281396,-1.804315,0.056082
24.833333,-17.933971,-7.248894,0.676253,0.053838,-0.281310,-1.802977,0.025763
24.850000,-17.934191,-7.249305,0.676340,0.053451,-0.281328,-1.801072,0.027929
24.866667,-17.934355,-7.249760,0.676520,0.052986,-0.281534,-1.799593,0.029014
24.883333,-17.934593,-7.250357,0.676715,0.052194,-0.281545,-1.796687,0.038571
24.900000,-17.934778,-7.250883,0.676918,0.051436,-0.281837,-1.793961,0.033480
24.916667,-17.934649,-7.250819,0.676903,0.051449,-0.282256,-1.793496,0.008675
24.933333,-17.934816,-7.251103,0.676959,0.051002,-0.282353,-1.791059,0.019804
24.950000,-17.935087,-7.251453,0.677023,0.050319,-0.282335,-1.787754,0.026531
24.966667,-17.935450,-7.251338,0.676753,0.049859,-0.281660,-1.783490,0.022811
24.983333,-17.935791,-7.251370,0.676636,0.049293,-0.281508,-1.779427,0.020574
25.000000,-17.935976,-7.251060,0.676345,0.049019,-0.281266,-1.776061,0.021633
25.016667,-17.935848,-7.249480,0.675553,0.050529,-0.280744,-1.777949,0.095152
25.033333,-17.936140,-7.248452,0.675148,0.051544,-0.281508,-1.779447,0.064121
25.050000,-17.935369,-7.245549,0.673614,0.054319,-0.279602,-1.783810,0.180211
25.066667,-17.935362,-7.244357,0.673206,0.055216,-0.281309,-1.784066,0.071498
25.083333,-17.934431,-7.241959,0.672061,0.057768,-0.281179,-1.788559,0.154339
25.100000,-17.934183,-7.240252,0.671323,0.059351,-0.281442,-1.791127,0.103499
25.116667,-17.934313,-7.239085,0.670810,0.060316,-0.281729,-1.792138,0.070469
25.133333,-17.934477,-7.238249,0.670433,0.061034,-0.282313,-1.792486,0.051110
25.150000,-17.934315,-7.236990,0.669900,0.062290,-0.282460,-1.795104,0.076126
25.166667,-17.934267,-7.236047,0.669462,0.062968,-0.282614,-1.795361,0.056692
25.183333,-17.935114,-7.236083,0.669413,0.062425,-0.283017,-1.791827,0.050857
25.200000,-17.934610,-7.234787,0.668683,0.063316,-0.282915,-1.791025,0.083372
25.216667,-17.932846,-7.232527,0.667542,0.064928,-0.281893,-1.792268,0.172037
25.233333,-17.932060,-7.231108,0.666664,0.065114,-0.281173,-1.788132,0.097352
25.250000,-17.932062,-7.230600,0.665928,0.064428,-0.280175,-1.779004,0.030470
25.266667,-17.931690,-7.229630,0.665011,0.064463,-0.279070,-1.772168,0.062325
25.283333,-17.931417,-7.228449,0.664172,0.064076,-0.278145,-1.765947,0.072733
25.300000,-17.930798,-7.226944,0.663102,0.064506,-0.276991,-1.760986,0.097654
25.316667,-17.930737,-7.226194,0.662381,0.063517,-0.275681,-1.752584,0.045124
25.333333,-17.930084,-7.225047,0.661531,0.063379,-0.274235,-1.746137,0.079210
25.350000,-17.929033,-7.223382,0.660339,0.064233,-0.273379,-1.741522,0.118094
25.366667,-17.929552,-7.221632,0.660979,0.060036,-0.271741,-1.735131,0.109544
25.383333,-17.929369,-7.220835,0.660589,0.059237,-0.270775,-1.728243,0.049082
25.400000,-17.928539,-7.220219,0.659517,0.060943,-0.270605,-1.723209,0.061988
25.416667,-17.930012,-7.219339,0.660379,0.056274,-0.268880,-1.714943,0.102916
25.433333,-17.932169,-7.218283,0.661625,0.050205,-0.266859,-1.707024,0.144114
25.450000,-17.934095,-7.217687,0.662482,0.046104,-0.265728,-1.700061,0.120992
25.466667,-17.935692,-7.217328,0.662850,0.043544,-0.264745,-1.694006,0.098180
25.483333,-17.938251,-7.217396,0.663814,0.039417,-0.263995,-1.686778,0.153633
25.500000,-17.940311,-7.216864,0.664417,0.036110,-0.262434,-1.681102,0.127654
25.516667,-17.943346,-7.217805,0.665237,0.033112,-0.262598,-1.675068,0.190633
25.533333,-17.945383,-7.216947,0.665627,0.030682,-0.261792,-1.671842,0.132618
25.550000,-17.946436,-7.215748,0.665023,0.030955,-0.261681,-1.670025,0.095750
25.566667,-17.946955,-7.213670,0.663915,0.032105,-0.261354,-1.669353,0.128510
25.583333,-17.947445,-7.211688,0.662523,0.033926,-0.261665,-1.668807,0.122488
25.600000,-17.948711,-7.209141,0.661468,0.034273,-0.260963,-1.668207,0.170684
25.616667,-17.948969,-7.207886,0.659337,0.039032,-0.263074,-1.668149,0.076843
25.633333,-17.950886,-7.206221,0.657923,0.040424,-0.263646,-1.665539,0.152365
25.650000,-17.954016,-7.204528,0.657030,0.039649,-0.263517,-1.660537,0.213490
25.666667,-17.957621,-7.202388,0.656638,0.038355,-0.261731,-1.653331,0.251550
25.683333,-17.962318,-7.201270,0.656096,0.035156,-0.261645,-1.644459,0.289743
25.700000,-17.967571,-7.200234,0.655507,0.031341,-0.261477,-1.634933,0.321238
25.716667,-17.972128,-7.198545,0.655012,0.030091,-0.260430,-1.626470,0.291586
25.733333,-17.975870,-7.197590,0.653808,0.031823,-0.260819,-1.618309,0.231724
25.750000,-17.979652,-7.196890,0.652632,0.033062,-0.262065,-1.609655,0.230785
25.766667,-17.984632,-7.195271,0.652067,0.030528,-0.261064,-1.599731,0.314205
25.783333,-17.989006,-7.193846,0.651837,0.028834,-0.260902,-1.590079,0.275987
25.800000,-17.993839,-7.191867,0.651507,0.026679,-0.259149,-1.581101,0.313358
25.816667,-17.999331,-7.189852,0.651922,0.021956,-0.258032,-1.572465,0.350959
25.833333,-18.005829,-7.187677,0.652805,0.013454,-0.256457,-1.561983,0.411157
25.850000,-18.013067,-7.186178,0.654859,0.002045,-0.254675,-1.548962,0.443521
25.866667,-18.019871,-7.185808,0.656427,-0.007766,-0.252656,-1.532526,0.408814
25.883333,-18.024441,-7.186789,0.655779,-0.010336,-0.252518,-1.516008,0.280439
25.900000,-18.029125,-7.187297,0.656180,-0.015766,-0.251689,-1.500026,0.282720
25.916667,-18.032759,-7.187992,0.655837,-0.018582,-0.251760,-1.486005,0.221954
25.933333,-18.036116,-7.188756,0.655493,-0.020956,-0.252298,-1.473062,0.206571
25.950000,-18.039551,-7.189497,0.655893,-0.024886,-0.252804,-1.460389,0.210849
25.966667,-18.042810,-7.190023,0.655638,-0.027132,-0.251690,-1.444005,0.198114
25.983333,-18.046375,-7.190165,0.655451,-0.029906,-0.250239,-1.427774,0.214058
26.000000,-18.049419,-7.190096,0.655021,-0.031786,-0.248764,-1.412449,0.182694
26.016667,-18.051805,-7.189450,0.654675,-0.033535,-0.247805,-1.400107,0.148314
26.033333,-18.053816,-7.188577,0.653899,-0.034549,-0.246507,-1.388019,0.131516
26.050000,-18.055466,-7.187254,0.652799,-0.033308,-0.243708,-1.375005,0.126860
26.066667,-18.057730,-7.185671,0.652915,-0.035516,-0.242316,-1.365124,0.165773
26.083333,-18.058458,-7.184410,0.651636,-0.033504,-0.242970,-1.356861,0.087369
26.100000,-18.058310,-7.183246,0.649193,-0.028868,-0.244861,-1.349790,0.070406
26.116667,-18.060194,-7.178312,0.648089,-0.028889,-0.240034,-1.345120,0.316888
26.133333,-18.061743,-7.174067,0.647035,-0.028890,-0.237316,-1.340895,0.271111
26.150000,-18.063507,-7.170255,0.645811,-0.029561,-0.234056,-1.333961,0.252072
26.166667,-18.066563,-7.166595,0.645343,-0.034332,-0.229613,-1.324388,0.286035
26.183333,-18.071615,-7.162735,0.645695,-0.044262,-0.224332,-1.314331,0.381515
26.200000,-18.074686,-7.160501,0.645751,-0.050440,-0.222881,-1.303840,0.227847
26.216667,-18.078876,-7.157641,0.645957,-0.058543,-0.220096,-1.291210,0.304390
26.233333,-18.082651,-7.155096,0.646447,-0.066049,-0.216997,-1.278179,0.273160
26.250000,-18.082792,-7.151832,0.644624,-0.062467,-0.213943,-1.268226,0.196020
26.266667,-18.083897,-7.148855,0.643908,-0.064097,-0.212218,-1.260207,0.190535
26.283333,-18.084606,-7.145532,0.643193,-0.065419,-0.210143,-1.253230,0.203851
26.300000,-18.084616,-7.142113,0.642337,-0.065906,-0.208680,-1.247651,0.205165
26.316667,-18.083937,-7.138190,0.641023,-0.064049,-0.205289,-1.242182,0.238848
26.333333,-18.083260,-7.133857,0.639818,-0.062808,-0.201557,-1.238030,0.263165
26.350000,-18.082092,-7.130696,0.638924,-0.061804,-0.201776,-1.235650,0.202176
26.366667,-18.081509,-7.127454,0.638022,-0.061210,-0.198060,-1.229673,0.197648
26.383333,-18.079941,-7.124276,0.637266,-0.060277,-0.199019,-1.228680,0.212628
26.400000,-18.078634,-7.120995,0.636632,-0.059931,-0.198066,-1.227717,0.211874
26.416667,-18.077065,-7.118010,0.635782,-0.058768,-0.197331,-1.227285,0.202380
26.433333,-18.076122,-7.114798,0.635974,-0.059934,-0.195651,-1.228330,0.200812
26.450000,-18.074549,-7.112335,0.635762,-0.060240,-0.195746,-1.229923,0.175382
26.466667,-18.072796,-7.109885,0.635442,-0.059847,-0.195738,-1.232750,0.180725
26.483333,-18.070728,-7.107065,0.634871,-0.058602,-0.195835,-1.237876,0.209829
26.500000,-18.068722,-7.103989,0.634221,-0.056934,-0.196518,-1.245317,0.220359
26.516667,-18.066715,-7.100562,0.633662,-0.054965,-0.196652,-1.254126,0.238274
26.533333,-18.064837,-7.097251,0.633117,-0.053428,-0.197204,-1.264282,0.228396
26.550000,-18.062988,-7.094841,0.632635,-0.051807,-0.197370,-1.272014,0.182246
26.566667,-18.061319,-7.093171,0.632395,-0.050915,-0.197801,-1.278261,0.141634
26.583333,-18.059473,-7.091836,0.632071,-0.049477,-0.197738,-1.283201,0.136692
26.600000,-18.057878,-7.090802,0.631881,-0.048191,-0.197984,-1.288417,0.114036
26.616667,-18.056107,-7.090221,0.631782,-0.047210,-0.198052,-1.293156,0.111890
26.633333,-18.054285,-7.089236,0.631620,-0.045838,-0.198244,-1.300349,0.124251
26.650000,-18.052292,-7.088987,0.631409,-0.043387,-0.197820,-1.304818,0.120520
26.666667,-18.051008,-7.089538,0.631678,-0.043796,-0.198553,-1.309461,0.083808
26.683333,-18.049334,-7.090334,0.631828,-0.042721,-0.198574,-1.312797,0.111260
26.700000,-18.047918,-7.091614,0.632150,-0.042609,-0.198844,-1.315465,0.114506
26.716667,-18.046188,-7.092623,0.632247,-0.040881,-0.198455,-1.318760,0.120148
26.733333,-18.044235,-7.094354,0.632628,-0.040048,-0.198197,-1.321561,0.156604
26.750000,-18.042212,-7.095852,0.632807,-0.038391,-0.198052,-1.326333,0.151076
26.766667,-18.040121,-7.098174,0.633243,-0.037556,-0.198177,-1.329322,0.187428
26.783333,-18.038364,-7.100468,0.633823,-0.037743,-0.198787,-1.333688,0.173386
26.800000,-18.035921,-7.103152,0.634271,-0.036190,-0.199512,-1.336038,0.217778
26.816667,-18.033203,-7.105992,0.634713,-0.034124,-0.199955,-1.338225,0.235843
26.833333,-18.031586,-7.108974,0.635673,-0.036674,-0.201822,-1.342103,0.203577
26.850000,-18.029114,-7.111903,0.636255,-0.036000,-0.203130,-1.346422,0.229949
26.866667,-18.026447,-7.114676,0.636899,-0.035907,-0.204617,-1.351625,0.230793
26.883333,-18.023355,-7.117459,0.637464,-0.035352,-0.205841,-1.357255,0.249622
26.900000,-18.020258,-7.119975,0.638154,-0.035192,-0.207080,-1.363999,0.239411
26.916667,-18.016958,-7.122889,0.638980,-0.035131,-0.208886,-1.369140,0.264150
26.933333,-18.013821,-7.125929,0.639823,-0.035388,-0.211337,-1.373228,0.262119
26.950000,-18.010424,-7.128213,0.640440,-0.034923,-0.213135,-1.379814,0.245624
26.966667,-18.007116,-7.129843,0.641482,-0.033718,-0.213391,-1.387002,0.221215
26.983333,-18.004150,-7.131844,0.642375,-0.033540,-0.213886,-1.392719,0.214662
27.000000,-18.001827,-7.134087,0.643725,-0.034463,-0.214256,-1.398519,0.193757
27.016667,-17.999077,-7.136127,0.644680,-0.034380,-0.214348,-1.403788,0.205476
27.033333,-17.997551,-7.138756,0.646539,-0.037202,-0.213484,-1.406674,0.182373
27.050000,-17.996288,-7.142008,0.648329,-0.040258,-0.213494,-1.409748,0.209313
27.066667,-17.995008,-7.145263,0.650026,-0.042976,-0.213014,-1.411807,0.209875
27.083333,-17.993904,-7.148789,0.651923,-0.045925,-0.212871,-1.414452,0.221706
27.100000,-17.992432,-7.152282,0.653356,-0.047390,-0.212984,-1.417778,0.227431
27.116667,-17.991901,-7.156157,0.655545,-0.051346,-0.211984,-1.418968,0.234653
27.133333,-17.990196,-7.160341,0.656552,-0.051554,-0.212797,-1.421493,0.271101
27.150000,-17.989792,-7.164010,0.659334,-0.054600,-0.211691,-1.421292,0.221432
27.166667,-17.989859,-7.168187,0.662117,-0.059376,-0.211503,-1.420683,0.250686
27.183333,-17.988338,-7.172542,0.663282,-0.059225,-0.214054,-1.421695,0.276759
27.200000,-17.987560,-7.176534,0.664963,-0.061241,-0.215693,-1.423013,0.244033
27.216667,-17.987164,-7.180679,0.667017,-0.064284,-0.216705,-1.423207,0.249845
27.233333,-17.985853,-7.184104,0.668194,-0.063891,-0.218387,-1.425905,0.220033
27.250000,-17.985657,-7.187834,0.670297,-0.066901,-0.219066,-1.425921,0.224099
27.266667,-17.985624,-7.191079,0.672359,-0.070307,-0.218897,-1.425200,0.194674
27.283333,-17.985443,-7.194381,0.674214,-0.072704,-0.219534,-1.425313,0.198452
27.300000,-17.984997,-7.197268,0.675650,-0.074815,-0.219969,-1.425664,0.175236
27.316667,-17.984287,-7.200727,0.676925,-0.075838,-0.221469,-1.426708,0.211888
27.333333,-17.983297,-7.203914,0.677776,-0.075697,-0.223007,-1.428488,0.200242
27.350000,-17.983265,-7.207436,0.679457,-0.078109,-0.223309,-1.428164,0.211324
27.366667,-17.981657,-7.212870,0.680103,-0.077840,-0.225271,-1.421459,0.340016
27.383333,-17.981468,-7.215178,0.681962,-0.081968,-0.223623,-1.420101,0.138936
27.400000,-17.981403,-7.218324,0.683674,-0.085701,-0.221991,-1.417059,0.188810
27.416667,-17.980238,-7.221946,0.684545,-0.086306,-0.222040,-1.415469,0.228295
27.433333,-17.979053,-7.225241,0.685440,-0.087105,-0.222302,-1.415293,0.210055
27.450000,-17.977940,-7.228358,0.686711,-0.088416,-0.223657,-1.416135,0.198635
27.466667,-17.976856,-7.231584,0.687888,-0.089252,-0.224843,-1.418101,0.204145
27.483333,-17.975353,-7.235435,0.689360,-0.091527,-0.225576,-1.414446,0.248031
27.500000,-17.974291,-7.237453,0.690943,-0.094708,-0.224244,-1.413860,0.136884
27.516667,-17.973837,-7.240163,0.693098,-0.099280,-0.223187,-1.411634,0.164857
27.533333,-17.972870,-7.242158,0.694923,-0.102792,-0.222950,-1.412049,0.133000
27.550000,-17.971519,-7.244183,0.696455,-0.105542,-0.222718,-1.412987,0.146045
27.566667,-17.969826,-7.245969,0.697813,-0.107710,-0.222847,-1.414939,0.147673
27.583333,-17.968203,-7.247732,0.699322,-0.110195,-0.222719,-1.416838,0.143800
27.600000,-17.966213,-7.249695,0.700466,-0.111759,-0.223297,-1.418943,0.167674
27.616667,-17.964283,-7.251438,0.701784,-0.113789,-0.223600,-1.421471,0.156057
27.633333,-17.962172,-7.252780,0.703014,-0.115106,-0.223201,-1.423827,0.150119
27.650000,-17.959270,-7.252579,0.703479,-0.114632,-0.223071,-1.430757,0.174485
27.666667,-17.955563,-7.253016,0.702757,-0.111030,-0.225280,-1.437764,0.224018
27.683333,-17.952379,-7.252783,0.702599,-0.108821,-0.225938,-1.445032,0.191514
27.700000,-17.948473,-7.252085,0.701689,-0.105292,-0.227054,-1.452915,0.238088
27.716667,-17.945204,-7.250862,0.701993,-0.103908,-0.226244,-1.459992,0.209440
27.733333,-17.942015,-7.250543,0.701560,-0.102091,-0.226627,-1.464610,0.192297
27.750000,-17.939531,-7.250267,0.701859,-0.102662,-0.226647,-1.468067,0.149920
27.766667,-17.936504,-7.248507,0.701318,-0.099917,-0.225980,-1.474659,0.210087
27.783333,-17.933588,-7.247647,0.700790,-0.097667,-0.226478,-1.479392,0.182433
27.800000,-17.931820,-7.247161,0.700917,-0.098080,-0.226213,-1.480129,0.110012
27.816667,-17.931126,-7.246682,0.701456,-0.100469,-0.224551,-1.478710,0.050616
27.833333,-17.929956,-7.246124,0.701467,-0.100395,-0.224148,-1.479470,0.077742
27.850000,-17.929220,-7.246452,0.701712,-0.101345,-0.223874,-1.478049,0.048373
27.866667,-17.928514,-7.246789,0.701996,-0.102256,-0.223729,-1.477199,0.046914
27.883333,-17.927958,-7.247504,0.702712,-0.104219,-0.223512,-1.475129,0.054369
27.900000,-17.927235,-7.247395,0.703065,-0.104837,-0.223654,-1.476180,0.043861
27.916667,-17.926062,-7.246184,0.703352,-0.107072,-0.222448,-1.475301,0.101165
27.933333,-17.924442,-7.244667,0.703404,-0.106412,-0.220014,-1.475007,0.133127
27.950000,-17.922947,-7.243846,0.702647,-0.106706,-0.220642,-1.475969,0.102358
27.966667,-17.920965,-7.242105,0.701785,-0.104934,-0.220456,-1.478764,0.158251
27.983333,-17.919634,-7.240870,0.701369,-0.105174,-0.219505,-1.478464,0.108957
28.000000,-17.918358,-7.239995,0.701260,-0.105815,-0.219069,-1.478194,0.092848
28.016667,-17.916964,-7.238725,0.701050,-0.106156,-0.218217,-1.478719,0.113151
28.033333,-17.915628,-7.237741,0.700945,-0.106828,-0.217669,-1.478447,0.099521
28.050000,-17.914249,-7.236894,0.700788,-0.107309,-0.216980,-1.477768,0.097112
28.066667,-17.912588,-7.235520,0.700401,-0.107035,-0.216437,-1.479148,0.129325
28.083333,-17.910835,-7.233640,0.699903,-0.106656,-0.215715,-1.481719,0.154252
28.100000,-17.907459,-7.229832,0.697635,-0.100609,-0.216067,-1.492872,0.305343
28.116667,-17.903658,-7.226170,0.694905,-0.093058,-0.216773,-1.505260,0.316703
28.133333,-17.898695,-7.221495,0.691079,-0.082177,-0.217892,-1.520988,0.409062
28.150000,-17.894985,-7.217208,0.688214,-0.074975,-0.217297,-1.532577,0.340169
28.166667,-17.890438,-7.211981,0.684545,-0.065547,-0.216657,-1.546221,0.415665
28.183333,-17.884693,-7.206698,0.679591,-0.051683,-0.217888,-1.562997,0.468281
28.200000,-17.880487,-7.200071,0.676234,-0.043188,-0.217695,-1.580529,0.470962
28.216667,-17.876217,-7.194817,0.672852,-0.033617,-0.219507,-1.594861,0.406231
28.233333,-17.873053,-7.190132,0.670238,-0.027049,-0.221054,-1.605517,0.339206
28.250000,-17.868921,-7.187912,0.666937,-0.018534,-0.224572,-1.609608,0.281391
28.266667,-17.865139,-7.186835,0.663934,-0.009915,-0.227814,-1.609655,0.235968
28.283333,-17.862568,-7.185805,0.661466,-0.004365,-0.230329,-1.607528,0.166184
28.300000,-17.861158,-7.184587,0.659764,-0.001403,-0.231287,-1.602856,0.111785
28.316667,-17.860733,-7.182393,0.658650,-0.001274,-0.230743,-1.598284,0.134059
28.333333,-17.861614,-7.178688,0.658538,-0.004333,-0.226812,-1.593384,0.228530
28.350000,-17.862959,-7.177408,0.658449,-0.007513,-0.224608,-1.582617,0.111363
28.366667,-17.865696,-7.174972,0.659281,-0.014025,-0.220001,-1.571510,0.219870
28.383333,-17.869379,-7.171851,0.660690,-0.022959,-0.213720,-1.559580,0.289634
28.400000,-17.874504,-7.167633,0.663421,-0.035681,-0.204573,-1.547341,0.398259
28.416667,-17.879583,-7.165319,0.665841,-0.046854,-0.196433,-1.531224,0.334883
28.433333,-17.884874,-7.162827,0.668720,-0.058714,-0.188054,-1.515269,0.350919
28.450000,-17.886852,-7.161803,0.668034,-0.060355,-0.186396,-1.501784,0.133630
28.466667,-17.888626,-7.160244,0.667458,-0.062259,-0.185491,-1.489563,0.141704
28.483333,-17.891541,-7.158362,0.668578,-0.067716,-0.185161,-1.479932,0.208143
28.500000,-17.891226,-7.158180,0.665081,-0.062713,-0.187199,-1.470202,0.021818
28.516667,-17.894009,-7.157839,0.666550,-0.068269,-0.190406,-1.460222,0.168218
28.533333,-17.895298,-7.158108,0.664977,-0.067549,-0.193153,-1.451079,0.079027
28.550000,-17.897608,-7.157468,0.665296,-0.070276,-0.193762,-1.442553,0.143816
28.566667,-17.899687,-7.157134,0.665336,-0.071101,-0.193844,-1.433799,0.126338
28.583333,-17.899763,-7.156225,0.661967,-0.064715,-0.191156,-1.423737,0.054751
28.600000,-17.903147,-7.157087,0.665191,-0.073019,-0.195508,-1.414728,0.209504
28.616667,-17.903217,-7.156554,0.664312,-0.067735,-0.195868,-1.410189,0.032265
28.633333,-17.904478,-7.157149,0.661693,-0.064717,-0.195455,-1.401572,0.083661
28.650000,-17.906746,-7.158746,0.662766,-0.067132,-0.199218,-1.393386,0.166404
28.666667,-17.908352,-7.160691,0.661954,-0.065242,-0.201836,-1.386797,0.151364
28.683333,-17.908653,-7.160964,0.658673,-0.057901,-0.199806,-1.380195,0.024407
28.700000,-17.911852,-7.164225,0.661829,-0.064230,-0.205757,-1.371102,0.274034
28.716667,-17.912254,-7.164322,0.658093,-0.054059,-0.201997,-1.363357,0.024842
28.733333,-17.917519,-7.167949,0.660188,-0.063053,-0.206679,-1.353460,0.383562
28.750000,-17.919809,-7.170870,0.660164,-0.063470,-0.209530,-1.345946,0.222753
28.766667,-17.921591,-7.174354,0.659309,-0.060360,-0.211662,-1.337340,0.234770
28.783333,-17.923328,-7.179233,0.658499,-0.058000,-0.215173,-1.326791,0.310724
28.800000,-17.925879,-7.183587,0.658119,-0.056277,-0.217035,-1.316672,0.302750
28.816667,-17.928516,-7.188739,0.657396,-0.054325,-0.219256,-1.304879,0.347320
28.833333,-17.930645,-7.193436,0.656767,-0.052257,-0.223642,-1.294907,0.309401
28.850000,-17.933397,-7.198423,0.656950,-0.051973,-0.228177,-1.285285,0.341752
28.866667,-17.937796,-7.202720,0.657925,-0.055182,-0.228142,-1.272532,0.368928
28.883333,-17.941954,-7.207002,0.659160,-0.059102,-0.229302,-1.260343,0.358118
28.900000,-17.946587,-7.210452,0.660596,-0.062760,-0.228950,-1.248881,0.346581
28.916667,-17.950024,-7.214671,0.660744,-0.064122,-0.230591,-1.234980,0.326511
28.933333,-17.954628,-7.218997,0.661801,-0.067588,-0.231619,-1.221888,0.379061
28.950000,-17.958628,-7.223151,0.662161,-0.069208,-0.233257,-1.209749,0.346024
28.966667,-17.962605,-7.226660,0.662402,-0.069876,-0.234155,-1.198665,0.318199
28.983333,-17.966362,-7.230294,0.662758,-0.071107,-0.235528,-1.186368,0.313656
29.000000,-17.971497,-7.234277,0.664044,-0.075232,-0.234132,-1.170433,0.389883
29.016667,-17.977257,-7.237042,0.665680,-0.079800,-0.231341,-1.157110,0.383372
29.033333,-17.981344,-7.241375,0.665831,-0.082539,-0.231926,-1.139558,0.357402
29.050000,-17.987289,-7.245564,0.667712,-0.088866,-0.230655,-1.123759,0.436383
29.066667,-17.991156,-7.249197,0.668044,-0.089584,-0.229975,-1.107275,0.318299
29.083333,-17.995155,-7.252204,0.668783,-0.091008,-0.229857,-1.095488,0.300253
29.100000,-17.999115,-7.254246,0.668643,-0.090868,-0.229231,-1.085604,0.267293
29.116667,-18.002409,-7.256642,0.668051,-0.090148,-0.229829,-1.074465,0.244414
29.133333,-18.006176,-7.258439,0.667830,-0.090103,-0.229285,-1.064225,0.250401
29.150000,-18.010319,-7.259576,0.667637,-0.090360,-0.228433,-1.056379,0.257769
29.166667,-18.014961,-7.260422,0.667260,-0.091396,-0.226920,-1.049188,0.283135
29.183333,-18.020245,-7.261816,0.667649,-0.094738,-0.225155,-1.040507,0.327847
29.200000,-18.025694,-7.263541,0.667816,-0.099159,-0.222679,-1.029060,0.342943
29.216667,-18.031868,-7.265968,0.669006,-0.108262,-0.219510,-1.013250,0.398051
29.233333,-18.038012,-7.268351,0.671544,-0.116573,-0.213849,-0.996797,0.395357
29.250000,-18.044188,-7.270195,0.673632,-0.124055,-0.207333,-0.981074,0.386731
29.266667,-18.048294,-7.271162,0.674527,-0.127580,-0.203742,-0.969108,0.253131
29.283333,-18.051132,-7.272267,0.674089,-0.128277,-0.202143,-0.957196,0.182746
29.300000,-18.054323,-7.273385,0.674337,-0.130454,-0.200053,-0.944941,0.202855
29.316667,-18.057085,-7.274256,0.674170,-0.131317,-0.198144,-0.932969,0.173768
29.333333,-18.060184,-7.274921,0.674221,-0.133242,-0.195203,-0.920843,0.190195
29.350000,-18.064211,-7.274640,0.675152,-0.137357,-0.189933,-0.909616,0.242174
29.366667,-18.067501,-7.273065,0.674736,-0.138626,-0.185580,-0.902496,0.218851
29.383333,-18.070675,-7.270842,0.674990,-0.140544,-0.182845,-0.898176,0.232495
29.400000,-18.073387,-7.270755,0.676016,-0.144838,-0.181372,-0.889305,0.162818
29.416667,-18.076012,-7.269561,0.676349,-0.147427,-0.178964,-0.882993,0.173001
29.433333,-18.077490,-7.269070,0.676545,-0.148247,-0.177752,-0.876770,0.093468
29.450000,-18.079809,-7.269158,0.677722,-0.151359,-0.175202,-0.869704,0.139261
29.466667,-18.082079,-7.268592,0.678793,-0.154376,-0.172595,-0.865472,0.140355
29.483333,-18.083967,-7.268911,0.679525,-0.156398,-0.169766,-0.859716,0.114902
29.500000,-18.086901,-7.269189,0.681772,-0.160723,-0.164785,-0.854018,0.176801
29.516667,-18.088688,-7.270860,0.683324,-0.164204,-0.161149,-0.845246,0.146775
29.533333,-18.090805,-7.273512,0.685533,-0.169552,-0.156630,-0.834605,0.203614
29.550000,-18.091045,-7.277395,0.686394,-0.171561,-0.154558,-0.821890,0.233419
29.566667,-18.090439,-7.280357,0.686038,-0.170840,-0.153325,-0.810774,0.181442
29.583333,-18.090881,-7.283522,0.687873,-0.175011,-0.151985,-0.800720,0.191733
29.600000,-18.090702,-7.286594,0.688805,-0.176764,-0.151245,-0.792373,0.184621
29.616667,-18.090134,-7.289935,0.689888,-0.178198,-0.150665,-0.784251,0.203352
29.633333,-18.089630,-7.292701,0.691472,-0.180523,-0.149383,-0.777777,0.168667
29.650000,-18.088879,-7.295494,0.692863,-0.182396,-0.147962,-0.771596,0.173530
29.666667,-18.088676,-7.298255,0.695203,-0.186587,-0.145724,-0.766302,0.166125
29.683333,-18.087660,-7.301105,0.696431,-0.188246,-0.144230,-0.761001,0.181530
29.700000,-18.087017,-7.303641,0.698354,-0.191590,-0.142818,-0.757850,0.156989
29.716667,-18.085394,-7.305414,0.698941,-0.192144,-0.142738,-0.755985,0.144243
29.733333,-18.084778,-7.307649,0.700917,-0.195615,-0.140613,-0.754127,0.139098
29.750000,-18.083164,-7.310076,0.702012,-0.197303,-0.139940,-0.751870,0.174873
29.766667,-18.081707,-7.312675,0.703799,-0.200280,-0.138916,-0.750729,0.178766
29.783333,-18.079725,-7.314531,0.704915,-0.201907,-0.138535,-0.750824,0.162922
29.800000,-18.077862,-7.317153,0.706810,-0.205167,-0.137330,-0.749905,0.193011
29.816667,-18.075762,-7.319246,0.708632,-0.208530,-0.136424,-0.749779,0.177887
29.833333,-18.073755,-7.321139,0.710913,-0.212890,-0.134955,-0.750329,0.165515
29.850000,-18.070194,-7.323546,0.712730,-0.216646,-0.134256,-0.746774,0.257878
29.866667,-18.067255,-7.324901,0.714235,-0.220176,-0.132292,-0.745316,0.194184
29.883333,-18.063921,-7.326711,0.716376,-0.224968,-0.130794,-0.744068,0.227636
29.900000,-18.060202,-7.328095,0.718032,-0.229002,-0.129804,-0.744270,0.238114
29.916667,-18.056383,-7.328349,0.719448,-0.232320,-0.129656,-0.748094,0.229616
29.933333,-18.052340,-7.327949,0.720248,-0.234734,-0.130324,-0.754420,0.243799
29.950000,-18.047634,-7.328783,0.721645,-0.238714,-0.130667,-0.758011,0.286726
29.966667,-18.042635,-7.328984,0.722407,-0.241853,-0.132341,-0.764779,0.300193
29.983333,-18.037342,-7.328684,0.722806,-0.243525,-0.134119,-0.773177,0.318083
