t,x,y,z,roll,pitch,yaw,v
0.000000,-18.582466,-4.409931,1.008528,1.980208,-0.313038,2.357077,0.000000
0.016667,-18.560415,-4.384645,1.005957,1.981083,-0.300770,2.348159,2.013026
0.033333,-18.538057,-4.360037,1.004410,1.984843,-0.292303,2.338974,1.994888
0.050000,-18.516159,-4.337469,1.004777,2.003085,-0.284722,2.329573,1.886747
0.066667,-18.494392,-4.314614,1.002070,2.020717,-0.277639,2.320100,1.893691
0.083333,-18.484295,-4.297648,1.021921,2.078697,-0.246339,2.282337,1.184626
0.100000,-18.488636,-4.274829,1.047758,2.140080,-0.235351,2.215673,1.393698
0.116667,-18.491934,-4.249630,1.072673,2.201473,-0.219086,2.149047,1.524829
0.133333,-18.493950,-4.222000,1.097073,2.261643,-0.195417,2.082767,1.662227
0.150000,-18.494713,-4.191439,1.121196,2.320750,-0.165241,2.017296,1.834201
0.166667,-18.494022,-4.157847,1.144231,2.377759,-0.131367,1.953695,2.015931
0.183333,-18.494356,-4.123218,1.164563,2.417291,-0.102513,1.893221,2.077886
0.200000,-18.481480,-4.107191,1.180666,2.453379,-0.120939,1.872755,1.233534
0.216667,-18.468746,-4.091511,1.194895,2.488597,-0.139557,1.852253,1.211938
0.233333,-18.457132,-4.076891,1.214926,2.535891,-0.157752,1.831227,1.120283
0.250000,-18.444565,-4.062570,1.232156,2.583829,-0.175441,1.809783,1.143221
0.266667,-18.431015,-4.048711,1.248530,2.632591,-0.189060,1.788680,1.162922
0.283333,-18.416979,-4.035582,1.268592,2.682024,-0.193266,1.769563,1.153153
0.300000,-18.403156,-4.022496,1.286902,2.727999,-0.193976,1.749138,1.142054
0.316667,-18.389603,-4.009448,1.303817,2.770890,-0.190569,1.727884,1.128822
0.333333,-18.376455,-3.996515,1.319742,2.810495,-0.183825,1.706221,1.106534
0.350000,-18.364368,-3.983526,1.336237,2.846183,-0.172982,1.684224,1.064548
0.366667,-18.352598,-3.970241,1.351447,2.879357,-0.160913,1.662504,1.064974
0.383333,-18.341009,-3.956826,1.365345,2.910071,-0.148017,1.641210,1.063661
0.400000,-18.329582,-3.943242,1.378113,2.938510,-0.134281,1.620269,1.065069
0.416667,-18.318130,-3.930424,1.389736,2.964211,-0.120798,1.600093,1.031280
0.433333,-18.306635,-3.917827,1.400064,2.987820,-0.107190,1.580295,1.023244
0.450000,-18.292435,-3.905698,1.412628,3.020887,-0.093306,1.560605,1.120489
0.466667,-18.277365,-3.893772,1.424577,3.054542,-0.079221,1.541094,1.153107
0.483333,-18.261286,-3.882147,1.436093,3.088749,-0.064746,1.522083,1.190465
0.500000,-18.244680,-3.871101,1.447041,3.122287,-0.050291,1.503123,1.196622
0.516667,-18.226542,-3.860714,1.457877,-3.124734,-0.036552,1.484470,1.254147
0.533333,-18.207495,-3.850799,1.469565,-3.087020,-0.022014,1.466131,1.288366
0.550000,-18.188190,-3.841865,1.480970,-3.048608,-0.010931,1.447735,1.276283
0.566667,-18.168142,-3.833348,1.491729,-3.009217,0.000440,1.429451,1.306931
0.583333,-18.147203,-3.825256,1.501929,-2.968649,0.012257,1.411327,1.346899
0.600000,-18.125219,-3.817615,1.511561,-2.926699,0.024596,1.393433,1.396445
0.616667,-18.102049,-3.810440,1.520544,-2.883183,0.037546,1.375770,1.455353
0.633333,-18.077532,-3.803769,1.528826,-2.837901,0.051162,1.358377,1.524509
0.650000,-18.051550,-3.797621,1.536292,-2.790737,0.065602,1.341327,1.601965
0.666667,-18.028973,-3.791053,1.540888,-2.756404,0.080731,1.324894,1.410790
0.683333,-18.005167,-3.784811,1.544767,-2.721013,0.096931,1.308997,1.476630
0.700000,-17.979969,-3.778936,1.547731,-2.684201,0.114218,1.293714,1.552420
0.716667,-17.953222,-3.773460,1.549674,-2.645753,0.132680,1.279145,1.638096
0.733333,-17.924770,-3.768419,1.550443,-2.605388,0.152431,1.265435,1.733706
0.750000,-17.894499,-3.763846,1.549807,-2.562861,0.173594,1.252755,1.836898
0.766667,-17.862164,-3.759816,1.547550,-2.517575,0.196306,1.241313,1.955127
0.783333,-17.828035,-3.756278,1.543292,-2.470169,0.220659,1.231349,2.058666
0.800000,-17.798540,-3.760262,1.537338,-2.428826,0.227006,1.215119,1.785789
0.816667,-17.769567,-3.769713,1.531757,-2.385750,0.225619,1.198777,1.828503
0.833333,-17.739628,-3.781674,1.524632,-2.337744,0.223426,1.184274,1.934439
0.850000,-17.711493,-3.797483,1.514665,-2.289400,0.213789,1.167846,1.936343
0.866667,-17.685040,-3.817199,1.501891,-2.239868,0.197341,1.150958,1.979522
0.883333,-17.659693,-3.839799,1.486137,-2.188659,0.177110,1.137666,2.037551
0.900000,-17.634459,-3.863745,1.467099,-2.135368,0.156295,1.136625,2.087258
0.916667,-17.604887,-3.891301,1.441964,-2.064075,0.132984,1.133597,2.425241
0.933333,-17.574657,-3.921888,1.410829,-1.983623,0.104147,1.128176,2.580261
0.950000,-17.540976,-3.955608,1.378910,-1.884608,0.073301,1.119488,2.859620
0.966667,-17.511126,-3.981092,1.356704,-1.801410,0.054998,1.110481,2.354923
0.983333,-17.492809,-3.993363,1.348034,-1.761263,0.050392,1.105395,1.322824
1.000000,-17.473650,-4.008386,1.335350,-1.710343,0.044988,1.100071,1.460785
1.016667,-17.457928,-4.020200,1.326017,-1.671178,0.046259,1.093239,1.179995
1.033333,-17.443672,-4.031938,1.315230,-1.634816,0.045907,1.086105,1.107965
1.050000,-17.431181,-4.045819,1.302384,-1.596714,0.038283,1.080813,1.120441
1.066667,-17.420954,-4.060316,1.289734,-1.560407,0.031189,1.074766,1.064453
1.083333,-17.412321,-4.075672,1.275659,-1.525297,0.021628,1.068807,1.056999
1.100000,-17.404915,-4.091711,1.260091,-1.491177,0.009296,1.063628,1.059979
1.116667,-17.399004,-4.108246,1.243344,-1.459283,-0.005471,1.059007,1.053601
1.133333,-17.393078,-4.124979,1.225080,-1.424787,-0.021184,1.054549,1.065040
1.150000,-17.387020,-4.135628,1.214792,-1.395875,-0.020556,1.049575,0.735096
1.166667,-17.382135,-4.145792,1.205374,-1.375630,-0.032941,1.049627,0.676651
1.183333,-17.378408,-4.154977,1.197941,-1.366900,-0.048945,1.050431,0.594705
1.200000,-17.372883,-4.160005,1.194867,-1.365622,-0.055386,1.055098,0.448258
1.216667,-17.367495,-4.164788,1.191164,-1.367510,-0.064942,1.062228,0.432280
1.233333,-17.362803,-4.169171,1.188439,-1.372203,-0.073956,1.070970,0.385269
1.250000,-17.358620,-4.169353,1.190170,-1.380145,-0.073370,1.076789,0.251204
1.266667,-17.353914,-4.169831,1.188885,-1.384631,-0.073065,1.083946,0.283783
1.283333,-17.351843,-4.170919,1.190374,-1.398421,-0.077007,1.091949,0.140388
1.300000,-17.351511,-4.172801,1.193608,-1.416207,-0.085260,1.102802,0.114639
1.316667,-17.350275,-4.173487,1.193270,-1.429539,-0.089334,1.113476,0.084806
1.333333,-17.351633,-4.171621,1.198013,-1.446962,-0.087982,1.119667,0.138442
1.350000,-17.356972,-4.171273,1.203637,-1.463991,-0.087190,1.119429,0.321002
1.366667,-17.362148,-4.171277,1.208325,-1.478847,-0.086608,1.121010,0.310593
1.383333,-17.365311,-4.171282,1.213495,-1.494427,-0.084730,1.126784,0.189743
1.400000,-17.367052,-4.170431,1.218530,-1.509235,-0.077941,1.133515,0.116310
1.416667,-17.368616,-4.170145,1.222880,-1.520420,-0.072823,1.140123,0.095399
1.433333,-17.370365,-4.167753,1.228245,-1.534422,-0.068529,1.147229,0.177786
1.450000,-17.371906,-4.165670,1.233215,-1.546775,-0.064070,1.154141,0.155437
1.466667,-17.370955,-4.162415,1.235517,-1.553244,-0.056022,1.162390,0.203499
1.483333,-17.375851,-4.166244,1.240759,-1.566155,-0.068021,1.167889,0.372936
1.500000,-17.376637,-4.167105,1.240996,-1.568818,-0.063864,1.175146,0.069949
1.516667,-17.376266,-4.168373,1.240286,-1.568098,-0.062029,1.182606,0.079248
1.533333,-17.378729,-4.172051,1.241723,-1.572695,-0.068180,1.187229,0.265587
1.550000,-17.380487,-4.174317,1.243016,-1.576581,-0.067549,1.188190,0.172074
1.566667,-17.381927,-4.176570,1.243782,-1.579244,-0.067105,1.188877,0.160461
1.583333,-17.383213,-4.179443,1.243737,-1.580021,-0.067298,1.188446,0.188821
1.600000,-17.384541,-4.183165,1.242994,-1.578982,-0.067865,1.186887,0.237083
1.616667,-17.386011,-4.187144,1.242341,-1.577869,-0.068111,1.185220,0.254535
1.633333,-17.387928,-4.189271,1.243956,-1.581928,-0.066454,1.187125,0.171807
1.650000,-17.390169,-4.191021,1.246105,-1.587546,-0.064923,1.189121,0.170606
1.666667,-17.392229,-4.191635,1.248530,-1.593541,-0.063023,1.188603,0.128964
1.683333,-17.393173,-4.193180,1.248646,-1.593033,-0.062097,1.187712,0.108660
1.700000,-17.394703,-4.194650,1.249493,-1.595066,-0.061118,1.188478,0.127295
1.716667,-17.396734,-4.195850,1.251121,-1.599380,-0.059675,1.190725,0.141564
1.733333,-17.399147,-4.196343,1.253535,-1.605641,-0.057591,1.194179,0.147754
1.750000,-17.402494,-4.196613,1.255932,-1.612114,-0.055570,1.195738,0.201498
1.766667,-17.405012,-4.197501,1.256895,-1.614244,-0.053308,1.195224,0.160180
1.783333,-17.407181,-4.198554,1.258121,-1.616466,-0.051777,1.192711,0.144643
1.800000,-17.409382,-4.200547,1.258559,-1.617620,-0.052315,1.189474,0.178166
1.816667,-17.410801,-4.202088,1.258348,-1.617369,-0.052909,1.187777,0.125698
1.833333,-17.411503,-4.203714,1.257389,-1.613763,-0.051636,1.186731,0.106236
1.850000,-17.413227,-4.204673,1.258186,-1.615518,-0.050787,1.188016,0.118377
1.866667,-17.414677,-4.205281,1.258986,-1.617108,-0.049654,1.189283,0.094326
1.883333,-17.415028,-4.205965,1.258780,-1.615826,-0.047319,1.187775,0.046090
1.900000,-17.414085,-4.206129,1.257755,-1.612400,-0.044026,1.185423,0.057384
1.916667,-17.412764,-4.206066,1.256997,-1.609798,-0.042021,1.184313,0.079397
1.933333,-17.411171,-4.205835,1.255771,-1.606452,-0.039276,1.183313,0.096556
1.950000,-17.410404,-4.206027,1.255212,-1.604788,-0.038236,1.182140,0.047428
1.966667,-17.410856,-4.206278,1.255226,-1.605018,-0.038055,1.182901,0.031018
1.983333,-17.411154,-4.206259,1.255363,-1.605577,-0.038012,1.183360,0.017888
2.000000,-17.410357,-4.206893,1.254632,-1.602955,-0.038298,1.179547,0.061107
2.016667,-17.410114,-4.207528,1.254244,-1.601519,-0.038626,1.179653,0.040786
2.033333,-17.410450,-4.207829,1.254291,-1.601861,-0.038513,1.181622,0.027029
2.050000,-17.411684,-4.206876,1.255649,-1.605515,-0.037453,1.182032,0.093524
2.066667,-17.411798,-4.206985,1.255708,-1.605669,-0.037465,1.181674,0.009451
2.083333,-17.411894,-4.207186,1.255673,-1.605649,-0.037561,1.181281,0.013387
2.100000,-17.411936,-4.207222,1.255695,-1.605699,-0.037517,1.181195,0.003290
2.116667,-17.411915,-4.207418,1.255568,-1.605439,-0.037527,1.181537,0.011854
2.133333,-17.412306,-4.207705,1.255511,-1.605485,-0.037450,1.182948,0.029104
2.150000,-17.413183,-4.207892,1.255942,-1.606371,-0.036598,1.185767,0.053830
2.166667,-17.413326,-4.207906,1.256220,-1.606451,-0.035709,1.189214,0.008623
2.183333,-17.413612,-4.207509,1.256899,-1.607789,-0.034786,1.191662,0.029371
2.200000,-17.417727,-4.211520,1.259601,-1.613535,-0.044278,1.190714,0.344755
2.216667,-17.421375,-4.214880,1.262016,-1.618549,-0.049933,1.190419,0.297600
2.233333,-17.421568,-4.214178,1.262257,-1.620196,-0.045635,1.187282,0.043672
2.250000,-17.422077,-4.214951,1.262581,-1.620445,-0.044464,1.185648,0.055538
2.266667,-17.424244,-4.217047,1.264020,-1.622649,-0.045370,1.182519,0.180885
2.283333,-17.429676,-4.219921,1.268735,-1.632440,-0.051165,1.178717,0.368731
2.300000,-17.431751,-4.220737,1.270145,-1.635430,-0.049810,1.174954,0.133778
2.316667,-17.431137,-4.219350,1.269803,-1.635710,-0.044658,1.172965,0.090994
2.333333,-17.430244,-4.217642,1.269178,-1.635888,-0.039448,1.170779,0.115633
2.350000,-17.430889,-4.217802,1.269701,-1.637301,-0.038848,1.169393,0.039858
2.366667,-17.429396,-4.217490,1.268161,-1.633238,-0.039088,1.172415,0.091540
2.383333,-17.430378,-4.217075,1.269117,-1.635896,-0.037717,1.171105,0.063978
2.400000,-17.432240,-4.217868,1.270390,-1.638464,-0.038145,1.168821,0.121395
2.416667,-17.432625,-4.217837,1.270808,-1.639132,-0.037165,1.168091,0.023189
2.433333,-17.432844,-4.217896,1.270905,-1.639432,-0.036288,1.167288,0.013623
2.450000,-17.432844,-4.218143,1.270875,-1.639308,-0.036036,1.166517,0.014820
2.466667,-17.432608,-4.218524,1.270622,-1.638714,-0.035935,1.165698,0.026906
2.483333,-17.432943,-4.218896,1.270819,-1.639532,-0.035039,1.163577,0.030083
2.500000,-17.433929,-4.217936,1.271829,-1.643527,-0.028932,1.158041,0.082588
2.516667,-17.435215,-4.217191,1.273130,-1.647806,-0.022175,1.150695,0.089144
2.533333,-17.438211,-4.218673,1.274810,-1.655528,-0.025786,1.148919,0.200574
2.550000,-17.438334,-4.218818,1.274683,-1.657517,-0.025217,1.148529,0.011349
2.566667,-17.439138,-4.220100,1.275212,-1.659626,-0.027369,1.147928,0.090835
2.583333,-17.437069,-4.220985,1.273053,-1.653087,-0.026397,1.146059,0.135057
2.600000,-17.433855,-4.222915,1.269564,-1.640862,-0.027093,1.146119,0.224909
2.616667,-17.431623,-4.225206,1.266904,-1.631128,-0.029268,1.145618,0.191923
2.633333,-17.430614,-4.225839,1.265893,-1.628752,-0.028460,1.144291,0.071459
2.650000,-17.429482,-4.226880,1.264619,-1.625413,-0.029310,1.144156,0.092294
2.666667,-17.430750,-4.227970,1.265625,-1.627945,-0.028091,1.139536,0.100364
2.683333,-17.430311,-4.229112,1.264900,-1.625825,-0.029370,1.139048,0.073376
2.700000,-17.429890,-4.230033,1.264230,-1.624282,-0.029884,1.138118,0.060812
2.716667,-17.428984,-4.230731,1.263306,-1.621714,-0.030589,1.138167,0.068607
2.733333,-17.428148,-4.231600,1.262296,-1.619187,-0.031379,1.137993,0.072318
2.750000,-17.427271,-4.232640,1.261253,-1.616479,-0.032232,1.137474,0.081639
2.766667,-17.426235,-4.233836,1.260030,-1.613229,-0.032997,1.136676,0.094922
2.783333,-17.425665,-4.234564,1.259385,-1.611140,-0.033204,1.136566,0.055493
2.800000,-17.425606,-4.235751,1.258681,-1.608840,-0.033327,1.136484,0.071299
2.816667,-17.426020,-4.236589,1.258686,-1.608411,-0.032842,1.138282,0.056093
2.833333,-17.427170,-4.236474,1.259592,-1.610803,-0.032120,1.138837,0.069354
2.850000,-17.432085,-4.238828,1.264987,-1.621635,-0.041172,1.139204,0.327007
2.866667,-17.436829,-4.241929,1.268679,-1.628989,-0.047832,1.138000,0.340031
2.883333,-17.438971,-4.240725,1.271018,-1.636829,-0.039646,1.132848,0.147429
2.900000,-17.442932,-4.240308,1.274825,-1.647090,-0.037145,1.130480,0.239008
2.916667,-17.445486,-4.241203,1.277045,-1.651340,-0.033853,1.128744,0.162383
2.933333,-17.449083,-4.240776,1.280402,-1.660505,-0.027576,1.125890,0.217353
2.950000,-17.454788,-4.241904,1.285191,-1.672309,-0.030075,1.124382,0.348922
2.966667,-17.457287,-4.242163,1.287216,-1.676492,-0.027658,1.124353,0.150717
2.983333,-17.460390,-4.241999,1.289971,-1.683511,-0.024878,1.124740,0.186455
3.000000,-17.463669,-4.241828,1.292876,-1.690975,-0.021939,1.125465,0.196990
3.016667,-17.467829,-4.241129,1.296688,-1.701761,-0.018688,1.126759,0.253095
3.033333,-17.471048,-4.240112,1.299881,-1.709840,-0.015065,1.129186,0.202586
3.050000,-17.475124,-4.237964,1.304134,-1.721825,-0.010977,1.131485,0.276432
3.066667,-17.480349,-4.236567,1.308667,-1.735043,-0.007505,1.132643,0.324462
3.083333,-17.485802,-4.235083,1.313433,-1.748357,-0.002808,1.131748,0.339092
3.100000,-17.491625,-4.232312,1.318614,-1.764583,0.004271,1.130331,0.386939
3.116667,-17.497665,-4.230696,1.323205,-1.777195,0.006365,1.130214,0.375172
3.133333,-17.503443,-4.228540,1.327320,-1.789202,0.010563,1.129162,0.369998
3.150000,-17.509605,-4.226133,1.331609,-1.802158,0.014768,1.128294,0.396963
3.166667,-17.514313,-4.224160,1.335030,-1.811971,0.016418,1.127634,0.306249
3.183333,-17.517164,-4.222617,1.337117,-1.817998,0.017121,1.127028,0.194533
3.200000,-17.518360,-4.221324,1.338288,-1.821060,0.018437,1.126796,0.105642
3.216667,-17.518076,-4.220270,1.338675,-1.821380,0.020559,1.126631,0.065543
3.233333,-17.516350,-4.219344,1.338392,-1.819147,0.023670,1.126477,0.117518
3.250000,-17.516304,-4.219503,1.338368,-1.819393,0.023848,1.126757,0.009915
3.266667,-17.518320,-4.219984,1.339167,-1.823391,0.024080,1.123240,0.124354
3.283333,-17.520355,-4.220654,1.339878,-1.827436,0.023793,1.119018,0.128573
3.300000,-17.523033,-4.221454,1.340722,-1.833226,0.023004,1.114357,0.167678
3.316667,-17.525236,-4.222582,1.341241,-1.838480,0.021356,1.110932,0.148504
3.333333,-17.527029,-4.223713,1.341537,-1.844826,0.017669,1.111680,0.127192
3.350000,-17.527472,-4.224545,1.341584,-1.847517,0.017411,1.110739,0.056520
3.366667,-17.527107,-4.225100,1.341240,-1.847712,0.015881,1.112395,0.039835
3.383333,-17.527298,-4.225337,1.341300,-1.848119,0.015747,1.111999,0.018253
3.400000,-17.527613,-4.225369,1.341450,-1.848504,0.015976,1.111493,0.018983
3.416667,-17.528078,-4.225238,1.341705,-1.848838,0.016672,1.110634,0.029003
3.433333,-17.528448,-4.225104,1.341979,-1.848974,0.017952,1.108574,0.023612
3.450000,-17.529522,-4.225298,1.342410,-1.850921,0.018231,1.106093,0.065474
3.466667,-17.529972,-4.225518,1.342609,-1.851843,0.018665,1.104776,0.030044
3.483333,-17.530422,-4.225585,1.342921,-1.852222,0.019780,1.103477,0.027308
3.500000,-17.530931,-4.226111,1.343128,-1.853657,0.019749,1.101640,0.043926
3.516667,-17.530636,-4.226473,1.343011,-1.853478,0.019427,1.102227,0.028039
3.533333,-17.530962,-4.226545,1.343238,-1.853843,0.020415,1.101283,0.020041
3.550000,-17.531666,-4.226772,1.343570,-1.855234,0.021605,1.098246,0.044370
3.566667,-17.531717,-4.227607,1.343531,-1.854763,0.022107,1.095959,0.050220
3.583333,-17.532055,-4.227432,1.343915,-1.857452,0.022810,1.095007,0.022816
3.600000,-17.532900,-4.228217,1.344214,-1.858950,0.022028,1.094017,0.069195
3.616667,-17.532625,-4.228190,1.344074,-1.859667,0.022999,1.093144,0.016557
3.633333,-17.532619,-4.228446,1.344054,-1.860408,0.023251,1.092249,0.015310
3.650000,-17.533169,-4.229442,1.344345,-1.860624,0.022114,1.091460,0.068252
3.666667,-17.532820,-4.229045,1.344097,-1.861647,0.023512,1.091055,0.031684
3.683333,-17.533354,-4.230128,1.344431,-1.861535,0.022055,1.090403,0.072420
3.700000,-17.533714,-4.230503,1.344650,-1.861735,0.022542,1.089990,0.031222
3.716667,-17.534716,-4.230725,1.345146,-1.862355,0.023793,1.088258,0.061543
3.733333,-17.536203,-4.231121,1.345848,-1.863082,0.025318,1.086704,0.092361
3.750000,-17.537766,-4.231576,1.346682,-1.863138,0.027446,1.085116,0.097636
3.766667,-17.538401,-4.231510,1.347314,-1.862395,0.032999,1.081941,0.038316
3.783333,-17.539299,-4.232123,1.347726,-1.862999,0.034300,1.078062,0.065246
3.800000,-17.540133,-4.232544,1.347909,-1.865156,0.035067,1.074163,0.056029
3.816667,-17.540398,-4.232901,1.347846,-1.867492,0.036476,1.070304,0.026665
3.833333,-17.540165,-4.233307,1.347589,-1.869840,0.038162,1.066378,0.028091
3.850000,-17.539486,-4.233993,1.347296,-1.870682,0.037645,1.066417,0.057921
3.866667,-17.539560,-4.237066,1.347465,-1.869376,0.030374,1.069520,0.184447
3.883333,-17.539333,-4.236093,1.347265,-1.870843,0.034442,1.068278,0.059988
3.900000,-17.537401,-4.235512,1.346894,-1.868625,0.037421,1.067881,0.121045
3.916667,-17.536867,-4.235733,1.346625,-1.868745,0.036461,1.069893,0.034674
3.933333,-17.535418,-4.235652,1.346183,-1.867540,0.036273,1.072812,0.087109
3.950000,-17.536240,-4.238379,1.346960,-1.864475,0.031432,1.072344,0.170895
3.966667,-17.537224,-4.237437,1.347280,-1.866050,0.037601,1.066011,0.081770
3.983333,-17.537888,-4.237260,1.347597,-1.866704,0.040975,1.059745,0.041216
4.000000,-17.540014,-4.238853,1.347311,-1.868441,0.039546,1.054508,0.159451
4.016667,-17.540100,-4.241401,1.346035,-1.864249,0.038441,1.051344,0.152923
4.033333,-17.543175,-4.242007,1.349021,-1.870350,0.036941,1.053961,0.188029
4.050000,-17.544197,-4.242303,1.349205,-1.871869,0.043105,1.052991,0.063862
4.066667,-17.545053,-4.243845,1.349323,-1.872951,0.043171,1.050408,0.105861
4.083333,-17.544640,-4.244808,1.349306,-1.871645,0.043846,1.051359,0.062850
4.100000,-17.541540,-4.247699,1.347098,-1.858021,0.045149,1.050934,0.254309
4.116667,-17.545952,-4.248143,1.349942,-1.866816,0.042472,1.048747,0.266041
4.133333,-17.547329,-4.248592,1.350264,-1.867364,0.043209,1.046878,0.086902
4.150000,-17.548742,-4.249334,1.350527,-1.866927,0.043895,1.046163,0.095776
4.166667,-17.549259,-4.250017,1.350733,-1.863984,0.046693,1.044817,0.051384
4.183333,-17.550076,-4.250588,1.350962,-1.861340,0.048784,1.044582,0.059782
4.200000,-17.552515,-4.252464,1.352129,-1.858658,0.047716,1.042642,0.184641
4.216667,-17.553413,-4.251472,1.352513,-1.857565,0.054134,1.040610,0.080313
4.233333,-17.554394,-4.251910,1.352905,-1.857015,0.054854,1.038048,0.064431
4.250000,-17.554783,-4.252188,1.353020,-1.857125,0.054647,1.037055,0.028692
4.266667,-17.554491,-4.252261,1.352885,-1.857686,0.054815,1.037077,0.018048
4.283333,-17.554129,-4.252608,1.352651,-1.859102,0.054702,1.037070,0.030130
4.300000,-17.553394,-4.253117,1.352279,-1.860832,0.054620,1.037074,0.053586
4.316667,-17.554071,-4.255947,1.352640,-1.860272,0.050125,1.035945,0.174594
4.333333,-17.553194,-4.255314,1.352166,-1.862122,0.053051,1.035603,0.064888
4.350000,-17.554054,-4.257369,1.352576,-1.861494,0.049880,1.033988,0.133650
4.366667,-17.553473,-4.256403,1.352224,-1.863019,0.053450,1.033064,0.067662
4.383333,-17.552643,-4.255809,1.351948,-1.863841,0.057045,1.029587,0.061229
4.400000,-17.553564,-4.258285,1.352363,-1.863776,0.052604,1.027002,0.158522
4.416667,-17.552717,-4.257453,1.351803,-1.866186,0.055492,1.026408,0.071214
4.433333,-17.552460,-4.257786,1.351644,-1.867235,0.057316,1.022443,0.025248
4.450000,-17.552849,-4.258947,1.351571,-1.869133,0.056923,1.019544,0.073446
4.466667,-17.552727,-4.260186,1.351597,-1.868448,0.055139,1.020352,0.074718
4.483333,-17.552528,-4.259727,1.351430,-1.869517,0.056996,1.018811,0.030039
4.500000,-17.552666,-4.260379,1.351375,-1.870369,0.057277,1.016600,0.039997
4.516667,-17.552027,-4.260861,1.351226,-1.870085,0.057886,1.015725,0.048043
4.533333,-17.551287,-4.261296,1.351072,-1.869447,0.058107,1.015757,0.051502
4.550000,-17.551580,-4.261384,1.351134,-1.869592,0.058412,1.014908,0.018402
4.566667,-17.551702,-4.261470,1.351145,-1.869826,0.058564,1.014402,0.008953
4.583333,-17.550821,-4.261807,1.351028,-1.868494,0.059099,1.014141,0.056599
4.600000,-17.550436,-4.261826,1.350904,-1.868498,0.058648,1.015704,0.023144
4.616667,-17.550659,-4.261871,1.350971,-1.868490,0.058549,1.015825,0.013668
4.633333,-17.550634,-4.261922,1.350962,-1.868516,0.058579,1.015866,0.003378
4.650000,-17.550970,-4.262245,1.351056,-1.868636,0.058619,1.015436,0.027963
4.666667,-17.551178,-4.262363,1.351118,-1.868802,0.058901,1.014787,0.014351
4.683333,-17.551180,-4.262328,1.351148,-1.868743,0.058755,1.015233,0.002149
4.700000,-17.551332,-4.262382,1.351197,-1.868733,0.058796,1.015081,0.009719
4.716667,-17.551235,-4.262333,1.351169,-1.868590,0.058840,1.015216,0.006538
4.733333,-17.551161,-4.262275,1.351130,-1.868487,0.058899,1.015279,0.005648
4.750000,-17.551008,-4.262250,1.351086,-1.868214,0.059098,1.015303,0.009280
4.766667,-17.551256,-4.262417,1.351084,-1.868747,0.058955,1.014719,0.017949
4.783333,-17.550909,-4.262520,1.351036,-1.868132,0.059467,1.014153,0.021726
4.800000,-17.550650,-4.262264,1.351168,-1.868200,0.060182,1.014050,0.021890
4.816667,-17.550724,-4.262643,1.350987,-1.868168,0.059980,1.013330,0.023207
4.833333,-17.550619,-4.262754,1.350936,-1.868261,0.059866,1.013525,0.009147
4.850000,-17.550650,-4.262785,1.350934,-1.868371,0.059787,1.013606,0.002610
4.866667,-17.550831,-4.262958,1.350946,-1.868700,0.059974,1.012765,0.015035
4.883333,-17.549902,-4.263270,1.350819,-1.867283,0.059712,1.014144,0.058799
4.900000,-17.549753,-4.263289,1.350782,-1.867184,0.059737,1.014675,0.008999
4.916667,-17.549774,-4.263350,1.350800,-1.867168,0.059842,1.014510,0.003818
4.933333,-17.549959,-4.263473,1.350863,-1.867224,0.059717,1.014802,0.013331
4.950000,-17.550205,-4.263600,1.350963,-1.867066,0.059592,1.015384,0.016622
4.966667,-17.550182,-4.263607,1.350981,-1.867071,0.059600,1.015457,0.001431
4.983333,-17.550215,-4.263700,1.350974,-1.867132,0.059866,1.014830,0.005908
5.000000,-17.550219,-4.263672,1.350955,-1.867129,0.059851,1.014833,0.001647
5.016667,-17.550014,-4.263600,1.350892,-1.866837,0.059827,1.015291,0.012985
5.033333,-17.550116,-4.263701,1.350870,-1.867065,0.059931,1.014730,0.008558
5.050000,-17.549952,-4.263730,1.350831,-1.866836,0.060344,1.014204,0.009991
5.066667,-17.549990,-4.263788,1.350828,-1.866960,0.060432,1.013838,0.004198
5.083333,-17.549952,-4.263845,1.350820,-1.866937,0.060625,1.013471,0.004102
5.100000,-17.550028,-4.263943,1.350813,-1.867144,0.060656,1.013099,0.007463
5.116667,-17.549322,-4.264172,1.350710,-1.866120,0.061139,1.013029,0.044506
5.133333,-17.549480,-4.264308,1.350698,-1.866624,0.060926,1.012914,0.012537
5.150000,-17.549677,-4.264470,1.350762,-1.866451,0.061194,1.012556,0.015265
5.166667,-17.549080,-4.264290,1.350608,-1.866638,0.061986,1.010496,0.037400
5.183333,-17.547768,-4.264817,1.350363,-1.865192,0.061693,1.011840,0.084835
5.200000,-17.547733,-4.265133,1.350270,-1.865219,0.061935,1.010954,0.019080
5.216667,-17.546780,-4.265248,1.350231,-1.863990,0.062276,1.011887,0.057638
5.233333,-17.546997,-4.265365,1.350265,-1.864649,0.062047,1.011797,0.014797
5.250000,-17.546938,-4.265274,1.350279,-1.864629,0.062018,1.012110,0.006515
5.266667,-17.546953,-4.265382,1.350235,-1.864677,0.062193,1.011634,0.006587
5.283333,-17.546999,-4.265417,1.350207,-1.864573,0.062415,1.011008,0.003433
5.300000,-17.546864,-4.265409,1.350161,-1.864215,0.062885,1.010377,0.008140
5.316667,-17.546909,-4.265423,1.350163,-1.863971,0.063350,1.009410,0.002878
5.333333,-17.546806,-4.265730,1.350171,-1.863435,0.063686,1.008195,0.019461
5.350000,-17.546940,-4.265790,1.350177,-1.863212,0.064316,1.006752,0.008785
5.366667,-17.546953,-4.266054,1.350188,-1.862637,0.065009,1.004909,0.015842
5.383333,-17.546911,-4.265921,1.350326,-1.862618,0.066156,1.003388,0.008370
5.400000,-17.546925,-4.266475,1.350196,-1.861972,0.066578,1.001304,0.033255
5.416667,-17.546822,-4.266676,1.350187,-1.861209,0.067374,0.999684,0.013538
5.433333,-17.546812,-4.266489,1.350374,-1.861432,0.068508,0.998434,0.011258
5.450000,-17.546570,-4.267076,1.350191,-1.860732,0.068385,0.997751,0.038153
5.466667,-17.546028,-4.267002,1.350156,-1.860171,0.068562,0.998860,0.032810
5.483333,-17.545660,-4.266936,1.350150,-1.860691,0.067882,1.000810,0.022432
5.500000,-17.544956,-4.266868,1.350088,-1.861039,0.067197,1.003564,0.042429
5.516667,-17.543938,-4.266873,1.349961,-1.861051,0.066454,1.006656,0.061112
5.533333,-17.543110,-4.266893,1.349807,-1.861372,0.065505,1.009624,0.049683
5.550000,-17.541927,-4.266829,1.349652,-1.860985,0.065273,1.012312,0.071058
5.566667,-17.541697,-4.267255,1.349476,-1.860892,0.065676,1.010853,0.029060
5.583333,-17.541180,-4.267507,1.349371,-1.860198,0.066265,1.010034,0.034497
5.600000,-17.541004,-4.267444,1.349332,-1.860358,0.066457,1.010147,0.011176
5.616667,-17.541044,-4.267473,1.349330,-1.860776,0.065926,1.010925,0.002970
5.633333,-17.540791,-4.267440,1.349285,-1.860672,0.065931,1.011475,0.015352
5.650000,-17.541042,-4.267596,1.349339,-1.860559,0.065875,1.011468,0.017784
5.666667,-17.541330,-4.267671,1.349373,-1.860855,0.065835,1.010948,0.017855
5.683333,-17.541077,-4.267614,1.349349,-1.860650,0.065895,1.011456,0.015603
5.700000,-17.541302,-4.267761,1.349389,-1.860531,0.065753,1.011659,0.016140
5.716667,-17.541571,-4.267820,1.349439,-1.860585,0.065876,1.011012,0.016522
5.733333,-17.541170,-4.267752,1.349391,-1.860235,0.065968,1.011764,0.024383
5.750000,-17.541452,-4.267998,1.349454,-1.860243,0.065713,1.012036,0.022487
5.766667,-17.541636,-4.268160,1.349508,-1.860338,0.066101,1.011083,0.014674
5.783333,-17.541166,-4.268326,1.349487,-1.859789,0.066587,1.010890,0.029861
5.800000,-17.541466,-4.268459,1.349541,-1.860140,0.066211,1.011263,0.019661
5.816667,-17.541471,-4.268424,1.349518,-1.860196,0.066224,1.011285,0.002145
5.833333,-17.541460,-4.268442,1.349458,-1.860066,0.066157,1.011302,0.001286
5.850000,-17.541407,-4.268440,1.349422,-1.860048,0.066222,1.011335,0.003206
5.866667,-17.541445,-4.268451,1.349407,-1.859881,0.066171,1.011348,0.002374
5.883333,-17.541447,-4.268543,1.349358,-1.859958,0.066242,1.011016,0.005523
5.900000,-17.541451,-4.268504,1.349391,-1.859889,0.066200,1.011227,0.002357
5.916667,-17.541466,-4.268590,1.349369,-1.859886,0.066342,1.010817,0.005259
5.933333,-17.541483,-4.268696,1.349332,-1.859898,0.066496,1.010334,0.006434
5.950000,-17.541603,-4.268794,1.349380,-1.859895,0.066833,1.009440,0.009294
5.966667,-17.540962,-4.269057,1.349314,-1.859042,0.067442,1.009001,0.041569
5.983333,-17.540606,-4.269016,1.349260,-1.859075,0.067272,1.010194,0.021538
6.000000,-17.540792,-4.269122,1.349286,-1.859392,0.067128,1.010022,0.012875
6.016667,-17.540737,-4.269211,1.349267,-1.859371,0.067122,1.010188,0.006320
6.033333,-17.540764,-4.269147,1.349339,-1.859143,0.067136,1.010454,0.004155
6.050000,-17.540388,-4.269335,1.349328,-1.859065,0.066862,1.010318,0.025206
6.066667,-17.540340,-4.269129,1.349319,-1.859132,0.067220,1.010475,0.012714
6.083333,-17.540487,-4.269032,1.349344,-1.858789,0.067154,1.011020,0.010554
6.100000,-17.540535,-4.269013,1.349314,-1.858991,0.067083,1.010993,0.003071
6.116667,-17.540802,-4.269168,1.349256,-1.859389,0.067014,1.010139,0.018510
6.133333,-17.540945,-4.269223,1.349296,-1.859536,0.067322,1.009235,0.009202
6.150000,-17.540655,-4.269289,1.349236,-1.859090,0.068188,1.008082,0.017844
6.166667,-17.540060,-4.269680,1.349189,-1.857904,0.068852,1.006961,0.042708
6.183333,-17.539722,-4.269619,1.349125,-1.857481,0.069301,1.007021,0.020579
6.200000,-17.539640,-4.269623,1.349116,-1.857903,0.068850,1.008000,0.004926
6.216667,-17.539125,-4.269588,1.349031,-1.858029,0.068296,1.010033,0.030970
6.233333,-17.539282,-4.269702,1.349026,-1.858379,0.068087,1.010004,0.011611
6.250000,-17.539267,-4.269755,1.349019,-1.858339,0.068106,1.010020,0.003278
6.266667,-17.539316,-4.269783,1.349045,-1.858333,0.068144,1.009985,0.003435
6.283333,-17.539360,-4.269767,1.349082,-1.858189,0.068059,1.010332,0.002806
6.300000,-17.539114,-4.269912,1.349100,-1.858048,0.067570,1.010520,0.017120
6.316667,-17.539165,-4.269841,1.349118,-1.857874,0.068384,1.010099,0.005242
6.333333,-17.539270,-4.270030,1.349147,-1.858110,0.068409,1.009716,0.012961
6.350000,-17.539465,-4.270091,1.349153,-1.858269,0.068673,1.009035,0.012234
6.366667,-17.539345,-4.270155,1.349089,-1.858317,0.069280,1.007299,0.008179
6.383333,-17.538877,-4.270678,1.349055,-1.857518,0.069194,1.006670,0.042043
6.400000,-17.538069,-4.270504,1.348899,-1.856205,0.070194,1.006775,0.049634
6.416667,-17.537344,-4.270491,1.348797,-1.855644,0.070519,1.007490,0.043494
6.433333,-17.537342,-4.270444,1.348780,-1.856568,0.069447,1.009415,0.002835
6.450000,-17.536751,-4.270355,1.348691,-1.856374,0.069329,1.010919,0.035874
6.466667,-17.536440,-4.270475,1.348651,-1.856086,0.069228,1.011391,0.019988
6.483333,-17.536308,-4.270476,1.348640,-1.855750,0.069464,1.011340,0.007897
6.500000,-17.536491,-4.270761,1.348672,-1.855916,0.069341,1.011494,0.020333
6.516667,-17.536596,-4.270928,1.348659,-1.855911,0.069632,1.010655,0.011803
6.533333,-17.536606,-4.270996,1.348655,-1.855933,0.069664,1.010613,0.004131
6.550000,-17.536573,-4.270944,1.348691,-1.855782,0.069713,1.010825,0.003676
6.566667,-17.536516,-4.271539,1.348743,-1.855485,0.070269,1.010107,0.035842
6.583333,-17.536407,-4.271881,1.348706,-1.855416,0.070678,1.009407,0.021526
6.600000,-17.536467,-4.271890,1.348738,-1.855412,0.070620,1.009480,0.003594
6.616667,-17.536476,-4.271882,1.348727,-1.855358,0.070549,1.009594,0.000751
6.633333,-17.536503,-4.271804,1.348724,-1.855445,0.070513,1.009673,0.004931
6.650000,-17.536514,-4.271806,1.348707,-1.855450,0.070624,1.009425,0.000692
6.666667,-17.536407,-4.271778,1.348664,-1.855156,0.070760,1.009364,0.006620
6.683333,-17.536392,-4.271778,1.348649,-1.855190,0.070838,1.009244,0.000916
6.700000,-17.536291,-4.271766,1.348632,-1.855128,0.070832,1.009500,0.006111
6.716667,-17.536436,-4.271826,1.348642,-1.855330,0.070641,1.009475,0.009415
6.733333,-17.536407,-4.271892,1.348613,-1.855386,0.070681,1.009414,0.004331
6.750000,-17.536173,-4.271866,1.348599,-1.855172,0.070780,1.009854,0.014161
6.766667,-17.536283,-4.271925,1.348623,-1.854992,0.070545,1.010291,0.007526
6.783333,-17.536348,-4.271977,1.348646,-1.854840,0.070764,1.009895,0.004969
6.800000,-17.536360,-4.271960,1.348663,-1.854904,0.070642,1.010232,0.001214
6.816667,-17.536749,-4.272206,1.348763,-1.854460,0.070254,1.010985,0.027622
6.833333,-17.536972,-4.272264,1.348827,-1.854903,0.070267,1.010687,0.013830
6.850000,-17.537018,-4.272272,1.348881,-1.854841,0.070057,1.011082,0.002784
6.866667,-17.537287,-4.272316,1.348933,-1.853705,0.070978,1.010406,0.016354
6.883333,-17.538366,-4.272360,1.349018,-1.855268,0.070805,1.008589,0.064827
6.900000,-17.538876,-4.272876,1.349014,-1.855861,0.070987,1.006374,0.043496
6.916667,-17.539179,-4.273367,1.349018,-1.855828,0.071231,1.004129,0.034658
6.933333,-17.539272,-4.273705,1.349020,-1.855688,0.071480,1.002552,0.021018
6.950000,-17.539040,-4.273672,1.348962,-1.855327,0.072192,1.001792,0.014105
6.966667,-17.538446,-4.273840,1.348906,-1.854540,0.072579,1.001751,0.036996
6.983333,-17.537283,-4.273625,1.348725,-1.853295,0.073465,1.002951,0.070986
7.000000,-17.536591,-4.273647,1.348588,-1.853611,0.072884,1.005169,0.041563
7.016667,-17.535482,-4.273557,1.348513,-1.853142,0.072535,1.008021,0.066712
7.033333,-17.535120,-4.273647,1.348450,-1.853145,0.072496,1.008768,0.022413
7.050000,-17.535240,-4.273685,1.348466,-1.853245,0.072371,1.008924,0.007564
7.066667,-17.535295,-4.273646,1.348526,-1.853252,0.072108,1.009425,0.004064
7.083333,-17.535311,-4.273704,1.348564,-1.853131,0.072367,1.009049,0.003553
7.100000,-17.535324,-4.273777,1.348589,-1.853177,0.072093,1.009402,0.004450
7.116667,-17.535551,-4.273787,1.348608,-1.853252,0.072285,1.008851,0.013633
7.133333,-17.535572,-4.273726,1.348579,-1.853292,0.072232,1.008946,0.003845
7.150000,-17.535601,-4.273703,1.348539,-1.853406,0.072104,1.009013,0.002216
7.166667,-17.535622,-4.273744,1.348508,-1.853473,0.072224,1.008565,0.002738
7.183333,-17.535530,-4.273789,1.348469,-1.853436,0.072496,1.008084,0.006142
7.200000,-17.535400,-4.273836,1.348442,-1.853449,0.072665,1.007884,0.008272
7.216667,-17.535475,-4.273973,1.348458,-1.852687,0.073339,1.006068,0.009321
7.233333,-17.535814,-4.274681,1.348537,-1.852924,0.072683,1.004699,0.047117
7.250000,-17.535439,-4.274923,1.348509,-1.851247,0.073758,1.002552,0.026839
7.266667,-17.535486,-4.274914,1.348515,-1.851342,0.073772,1.002532,0.002912
7.283333,-17.535337,-4.274933,1.348512,-1.851124,0.073864,1.002824,0.008999
7.300000,-17.535078,-4.274927,1.348509,-1.850836,0.074012,1.003302,0.015568
7.316667,-17.534927,-4.274910,1.348536,-1.850575,0.074123,1.003592,0.009099
7.333333,-17.535135,-4.274996,1.348602,-1.850467,0.074146,1.003207,0.013495
7.350000,-17.535097,-4.274965,1.348586,-1.850511,0.074180,1.003243,0.002949
7.366667,-17.535133,-4.275057,1.348565,-1.850362,0.074097,1.003006,0.005934
7.383333,-17.535357,-4.274972,1.348527,-1.850851,0.074026,1.002776,0.014315
7.400000,-17.535465,-4.275012,1.348522,-1.850913,0.073974,1.002509,0.006932
7.416667,-17.535357,-4.274982,1.348486,-1.850902,0.073984,1.002690,0.006753
7.433333,-17.535297,-4.274976,1.348473,-1.850876,0.073972,1.002804,0.003567
7.450000,-17.535248,-4.274976,1.348469,-1.850835,0.073988,1.002914,0.002976
7.466667,-17.535234,-4.274997,1.348468,-1.850796,0.074005,1.002936,0.001492
7.483333,-17.535223,-4.275025,1.348472,-1.850741,0.074026,1.002946,0.001849
7.500000,-17.535126,-4.275039,1.348465,-1.850595,0.074092,1.003157,0.005895
7.516667,-17.535013,-4.275063,1.348465,-1.850395,0.074179,1.003364,0.006902
7.533333,-17.534935,-4.275079,1.348492,-1.850236,0.074273,1.003573,0.004792
7.550000,-17.534880,-4.275108,1.348533,-1.850077,0.074347,1.003667,0.003736
7.566667,-17.534763,-4.275056,1.348566,-1.850123,0.074264,1.003869,0.007634
7.583333,-17.535000,-4.276288,1.348614,-1.849566,0.074180,1.001138,0.075250
7.600000,-17.535133,-4.276678,1.348628,-1.848579,0.074387,0.999574,0.024709
7.616667,-17.535179,-4.276575,1.348590,-1.848772,0.074432,0.999471,0.006737
7.633333,-17.535273,-4.276512,1.348553,-1.848984,0.074311,0.999494,0.006777
7.650000,-17.535069,-4.276473,1.348511,-1.848882,0.074319,0.999881,0.012463
7.666667,-17.535044,-4.276483,1.348491,-1.848838,0.074312,0.999907,0.001594
7.683333,-17.535023,-4.276489,1.348486,-1.848811,0.074319,0.999967,0.001321
7.700000,-17.535053,-4.276519,1.348493,-1.848791,0.074326,0.999905,0.002549
7.716667,-17.535025,-4.276548,1.348488,-1.848707,0.074355,0.999935,0.002448
7.733333,-17.534874,-4.276533,1.348485,-1.848551,0.074460,1.000259,0.009084
7.750000,-17.534758,-4.276569,1.348483,-1.848365,0.074527,1.000466,0.007303
7.766667,-17.534552,-4.276582,1.348474,-1.848050,0.074657,1.000843,0.012386
7.783333,-17.534376,-4.276618,1.348484,-1.847726,0.074745,1.001178,0.010739
7.800000,-17.534409,-4.276552,1.348576,-1.847864,0.074814,1.001196,0.004402
7.816667,-17.534290,-4.276533,1.348562,-1.847648,0.074868,1.001281,0.007187
7.833333,-17.534239,-4.276477,1.348531,-1.847648,0.074865,1.001351,0.004535
7.850000,-17.534260,-4.276448,1.348492,-1.847738,0.074829,1.001253,0.002152
7.866667,-17.534224,-4.276400,1.348449,-1.847896,0.074761,1.001385,0.003616
7.883333,-17.534224,-4.276387,1.348416,-1.847934,0.074708,1.001427,0.000772
7.900000,-17.534231,-4.276400,1.348400,-1.847995,0.074673,1.001416,0.000898
7.916667,-17.534254,-4.276413,1.348405,-1.848038,0.074670,1.001379,0.001590
7.933333,-17.534203,-4.276425,1.348399,-1.847965,0.074709,1.001455,0.003165
7.950000,-17.534225,-4.276465,1.348402,-1.847893,0.074731,1.001395,0.002768
7.966667,-17.534128,-4.276479,1.348396,-1.847742,0.074812,1.001576,0.005899
7.983333,-17.533953,-4.276498,1.348387,-1.847480,0.074914,1.001890,0.010591
8.000000,-17.533579,-4.276485,1.348359,-1.847029,0.075097,1.002563,0.022445
8.016667,-17.533342,-4.276485,1.348390,-1.846775,0.075206,1.003030,0.014191
8.033333,-17.534077,-4.276659,1.348510,-1.847164,0.075009,1.001811,0.045280
8.050000,-17.534128,-4.276639,1.348547,-1.847202,0.075015,1.001565,0.003315
8.066667,-17.534817,-4.277017,1.348601,-1.847841,0.074841,1.000029,0.047119
8.083333,-17.534853,-4.276957,1.348563,-1.847635,0.074808,0.999996,0.004234
8.100000,-17.534843,-4.276849,1.348522,-1.847793,0.074748,1.000142,0.006463
8.116667,-17.535704,-4.277035,1.348596,-1.848684,0.074438,0.998597,0.052805
8.133333,-17.535934,-4.277317,1.348615,-1.848483,0.074388,0.997599,0.021833
8.150000,-17.536043,-4.277276,1.348624,-1.848751,0.074341,0.997618,0.006962
8.166667,-17.536058,-4.277300,1.348628,-1.848742,0.074309,0.997659,0.001698
8.183333,-17.536013,-4.277305,1.348631,-1.848708,0.074328,0.997751,0.002765
8.200000,-17.535904,-4.277297,1.348621,-1.848576,0.074370,0.997944,0.006541
8.216667,-17.535805,-4.277279,1.348628,-1.848492,0.074428,0.998103,0.006049
8.233333,-17.535580,-4.277280,1.348640,-1.848219,0.074577,0.998524,0.013504
8.250000,-17.535364,-4.277189,1.348677,-1.848142,0.074659,0.998967,0.014028
8.266667,-17.535191,-4.277172,1.348689,-1.847842,0.074761,0.999198,0.010465
8.283333,-17.535135,-4.277116,1.348700,-1.847822,0.074790,0.999275,0.004714
8.300000,-17.535086,-4.277051,1.348659,-1.847913,0.074748,0.999414,0.004898
8.316667,-17.535046,-4.277001,1.348603,-1.848033,0.074658,0.999553,0.003869
8.333333,-17.535065,-4.276997,1.348565,-1.848071,0.074672,0.999409,0.001167
8.350000,-17.535078,-4.277018,1.348529,-1.848099,0.074611,0.999390,0.001492
8.366667,-17.535074,-4.277036,1.348526,-1.848097,0.074623,0.999383,0.001083
8.383333,-17.535124,-4.277066,1.348531,-1.848115,0.074625,0.999297,0.003494
8.400000,-17.535118,-4.277083,1.348536,-1.848073,0.074643,0.999252,0.001059
8.416667,-17.535101,-4.277122,1.348537,-1.847977,0.074691,0.999285,0.002536
8.433333,-17.535118,-4.277156,1.348552,-1.847913,0.074722,0.999309,0.002303
8.450000,-17.534998,-4.277198,1.348558,-1.847673,0.074815,0.999520,0.007637
8.466667,-17.534807,-4.277211,1.348579,-1.847368,0.074941,0.999904,0.011470
8.483333,-17.534731,-4.277189,1.348628,-1.847229,0.075029,1.000033,0.004755
8.500000,-17.534714,-4.277154,1.348661,-1.847207,0.075071,1.000045,0.002354
8.516667,-17.534670,-4.277102,1.348630,-1.847226,0.075048,1.000094,0.004103
8.533333,-17.534637,-4.277037,1.348572,-1.847392,0.074970,1.000234,0.004325
8.550000,-17.534666,-4.277076,1.348529,-1.847348,0.074930,0.999959,0.002907
8.566667,-17.535484,-4.277450,1.348573,-1.848129,0.074626,0.998275,0.053976
8.583333,-17.535692,-4.277482,1.348584,-1.848066,0.074543,0.997970,0.012620
8.600000,-17.535713,-4.277462,1.348589,-1.848106,0.074555,0.998005,0.001760
8.616667,-17.535736,-4.277466,1.348593,-1.848086,0.074557,0.998036,0.001397
8.633333,-17.535662,-4.277443,1.348600,-1.848006,0.074638,0.998246,0.004670
8.650000,-17.535498,-4.277452,1.348581,-1.847765,0.074739,0.998578,0.009855
8.666667,-17.535124,-4.277404,1.348568,-1.847380,0.074938,0.999306,0.022612
8.683333,-17.534748,-4.277366,1.348573,-1.846955,0.075147,1.000024,0.022658
8.700000,-17.534601,-4.277373,1.348594,-1.846611,0.075251,1.000226,0.008821
8.716667,-17.534534,-4.277331,1.348621,-1.846574,0.075306,1.000306,0.004731
8.733333,-17.534489,-4.277264,1.348597,-1.846629,0.075292,1.000389,0.004857
8.750000,-17.534426,-4.277211,1.348525,-1.846659,0.075217,1.000518,0.004953
8.766667,-17.534410,-4.277166,1.348476,-1.846863,0.075132,1.000626,0.002814
8.783333,-17.534441,-4.277217,1.348441,-1.846756,0.075178,1.000324,0.003543
8.800000,-17.534403,-4.277220,1.348414,-1.846751,0.075164,1.000388,0.002298
8.816667,-17.534409,-4.277220,1.348416,-1.846740,0.075170,1.000421,0.000343
8.833333,-17.534361,-4.277251,1.348412,-1.846647,0.075209,1.000500,0.003412
8.850000,-17.534321,-4.277257,1.348416,-1.846611,0.075220,1.000614,0.002432
8.866667,-17.534100,-4.277273,1.348403,-1.846312,0.075355,1.000996,0.013309
8.883333,-17.533848,-4.277246,1.348399,-1.846042,0.075467,1.001481,0.015197
8.900000,-17.533665,-4.277238,1.348440,-1.845827,0.075596,1.001863,0.010996
8.916667,-17.533579,-4.277393,1.348497,-1.845690,0.075514,1.001703,0.010654
8.933333,-17.533531,-4.277266,1.348521,-1.845582,0.075696,1.001733,0.008157
8.950000,-17.533459,-4.277223,1.348465,-1.845507,0.075690,1.001738,0.005069
8.966667,-17.533438,-4.277151,1.348413,-1.845697,0.075610,1.001826,0.004472
8.983333,-17.533445,-4.277116,1.348366,-1.845884,0.075526,1.001879,0.002138
9.000000,-17.533478,-4.277153,1.348330,-1.845840,0.075527,1.001694,0.002918
9.016667,-17.533375,-4.277146,1.348304,-1.845785,0.075557,1.001839,0.006193
9.033333,-17.533386,-4.277162,1.348305,-1.845812,0.075541,1.001888,0.001191
9.050000,-17.533447,-4.277212,1.348321,-1.845770,0.075554,1.001775,0.004737
9.066667,-17.533384,-4.277219,1.348323,-1.845683,0.075581,1.001921,0.003801
9.083333,-17.533104,-4.277228,1.348312,-1.845316,0.075740,1.002421,0.016832
9.100000,-17.532703,-4.277214,1.348305,-1.844826,0.075954,1.003148,0.024049
9.116667,-17.532455,-4.277166,1.348348,-1.844322,0.076266,1.003393,0.015145
9.133333,-17.532492,-4.277173,1.348398,-1.844383,0.076226,1.003425,0.002211
9.150000,-17.532440,-4.277129,1.348373,-1.844339,0.076240,1.003436,0.004078
9.166667,-17.532383,-4.277061,1.348304,-1.844390,0.076180,1.003553,0.005341
9.183333,-17.532341,-4.277016,1.348233,-1.844501,0.076083,1.003681,0.003663
9.200000,-17.532370,-4.277032,1.348189,-1.844509,0.076089,1.003436,0.001959
9.216667,-17.532358,-4.277045,1.348164,-1.844560,0.076064,1.003441,0.001055
9.233333,-17.532393,-4.277062,1.348165,-1.844585,0.076034,1.003430,0.002303
9.250000,-17.532354,-4.277082,1.348164,-1.844519,0.076077,1.003493,0.002572
9.266667,-17.532303,-4.277120,1.348170,-1.844403,0.076127,1.003608,0.003845
9.283333,-17.532152,-4.277149,1.348175,-1.844139,0.076229,1.003915,0.009202
9.300000,-17.531897,-4.277171,1.348182,-1.843751,0.076390,1.004392,0.015394
9.316667,-17.531801,-4.277341,1.348239,-1.843591,0.076285,1.004465,0.011707
9.333333,-17.531731,-4.277253,1.348267,-1.843301,0.076512,1.004497,0.006801
9.350000,-17.531651,-4.277164,1.348258,-1.843394,0.076484,1.004748,0.007150
9.366667,-17.531610,-4.277112,1.348190,-1.843434,0.076433,1.004781,0.003983
9.383333,-17.531563,-4.277069,1.348109,-1.843549,0.076315,1.004914,0.003830
9.400000,-17.531551,-4.277053,1.348052,-1.843620,0.076253,1.004941,0.001167
9.416667,-17.531641,-4.277031,1.348079,-1.843907,0.076213,1.004881,0.005544
9.433333,-17.531633,-4.277066,1.348065,-1.843794,0.076242,1.004837,0.002138
9.450000,-17.531620,-4.277147,1.348040,-1.843574,0.076269,1.004748,0.004958
9.466667,-17.531496,-4.277182,1.348036,-1.843377,0.076384,1.004906,0.007726
9.483333,-17.531174,-4.277185,1.348023,-1.842957,0.076568,1.005474,0.019341
9.500000,-17.530661,-4.277167,1.348002,-1.842298,0.076811,1.006382,0.030803
9.516667,-17.530468,-4.277119,1.348061,-1.841982,0.077027,1.006649,0.011914
9.533333,-17.530354,-4.277084,1.348080,-1.842137,0.076997,1.007011,0.007185
9.550000,-17.530222,-4.276974,1.348050,-1.841868,0.077061,1.007182,0.010297
9.566667,-17.530239,-4.276951,1.347984,-1.842185,0.076808,1.007377,0.001694
9.583333,-17.530249,-4.276854,1.347928,-1.842367,0.076792,1.007443,0.005864
9.600000,-17.530264,-4.276855,1.347886,-1.842449,0.076724,1.007426,0.000916
9.616667,-17.530260,-4.276839,1.347892,-1.842588,0.076734,1.007471,0.000971
9.633333,-17.530233,-4.276887,1.347870,-1.842439,0.076764,1.007448,0.003329
9.650000,-17.530079,-4.276923,1.347850,-1.842181,0.076856,1.007663,0.009515
9.666667,-17.529865,-4.276924,1.347854,-1.841897,0.077012,1.008071,0.012818
9.683333,-17.529356,-4.276906,1.347820,-1.841230,0.077258,1.008953,0.030574
9.700000,-17.528889,-4.276846,1.347843,-1.840756,0.077505,1.009886,0.028269
9.716667,-17.528803,-4.276891,1.347880,-1.840278,0.077746,1.009589,0.005797
9.733333,-17.528746,-4.276849,1.347880,-1.840232,0.077731,1.009744,0.004257
9.750000,-17.528742,-4.276856,1.347840,-1.840489,0.077507,1.009862,0.000486
9.766667,-17.528849,-4.276800,1.347779,-1.840681,0.077461,1.009669,0.007230
9.783333,-17.528837,-4.276768,1.347723,-1.840833,0.077377,1.009724,0.002063
9.800000,-17.529116,-4.276608,1.347888,-1.841866,0.077328,1.009658,0.019248
9.816667,-17.529507,-4.276346,1.348193,-1.843381,0.077363,1.009645,0.028265
9.833333,-17.529802,-4.276124,1.348476,-1.844650,0.077433,1.009751,0.022190
9.850000,-17.529388,-4.276346,1.348269,-1.843366,0.077560,1.009970,0.028200
9.866667,-17.528000,-4.277076,1.347452,-1.838933,0.077763,1.010594,0.094126
9.883333,-17.527460,-4.277040,1.347433,-1.838088,0.078120,1.011433,0.032458
9.900000,-17.527319,-4.277081,1.347468,-1.837798,0.078180,1.011569,0.008819
9.916667,-17.527258,-4.277000,1.347516,-1.837865,0.078201,1.011804,0.006111
9.933333,-17.527193,-4.276917,1.347468,-1.837963,0.078127,1.011992,0.006341
9.950000,-17.527142,-4.276846,1.347371,-1.838076,0.078019,1.012142,0.005219
9.966667,-17.527149,-4.276797,1.347309,-1.838284,0.077927,1.012192,0.003010
9.983333,-17.527491,-4.276477,1.347538,-1.839588,0.078022,1.012080,0.028074
10.000000,-17.528498,-4.276188,1.348028,-1.842136,0.077910,1.011297,0.062855
10.016667,-17.529295,-4.275671,1.348646,-1.845194,0.077904,1.011320,0.057041
10.033333,-17.529476,-4.275462,1.348879,-1.846220,0.077956,1.011557,0.016590
10.050000,-17.527451,-4.276671,1.347507,-1.839117,0.078064,1.011951,0.141546
10.066667,-17.526960,-4.276702,1.347458,-1.838310,0.078302,1.012722,0.029472
10.083333,-17.526834,-4.276694,1.347515,-1.837992,0.078445,1.012756,0.007569
10.100000,-17.526804,-4.276630,1.347549,-1.837959,0.078475,1.012864,0.004274
10.116667,-17.526718,-4.276539,1.347485,-1.838045,0.078385,1.013102,0.007509
10.133333,-17.526665,-4.276481,1.347375,-1.838145,0.078259,1.013222,0.004717
10.150000,-17.526758,-4.276278,1.347448,-1.838802,0.078328,1.013233,0.013390
10.166667,-17.527353,-4.275862,1.347881,-1.841314,0.078198,1.013397,0.043591
10.183333,-17.528378,-4.275168,1.348675,-1.845285,0.078212,1.013407,0.074226
10.200000,-17.529453,-4.274383,1.349578,-1.849641,0.078289,1.013569,0.079915
10.216667,-17.529612,-4.274041,1.349903,-1.851097,0.078400,1.014087,0.022580
10.233333,-17.526834,-4.275703,1.348075,-1.841433,0.078628,1.014779,0.194179
10.250000,-17.524099,-4.277371,1.346247,-1.831889,0.078721,1.015099,0.192217
10.266667,-17.523720,-4.277435,1.346175,-1.830981,0.078859,1.015423,0.023099
10.283333,-17.523682,-4.277328,1.346209,-1.831142,0.078866,1.015582,0.006859
10.300000,-17.523539,-4.277249,1.346096,-1.831104,0.078778,1.015840,0.009782
10.316667,-17.523497,-4.277174,1.346010,-1.831300,0.078648,1.016010,0.005149
10.333333,-17.523554,-4.277092,1.346005,-1.831703,0.078576,1.016040,0.006024
10.350000,-17.523954,-4.276818,1.346298,-1.833348,0.078544,1.016029,0.029124
10.366667,-17.524599,-4.276324,1.346855,-1.836024,0.078592,1.016180,0.048732
10.383333,-17.525133,-4.275862,1.347395,-1.838513,0.078695,1.016428,0.042372
10.400000,-17.524530,-4.275998,1.347164,-1.837142,0.078841,1.016935,0.037077
10.416667,-17.522417,-4.277073,1.345898,-1.830265,0.079203,1.017514,0.142270
10.433333,-17.521912,-4.276999,1.345873,-1.829577,0.079453,1.018382,0.030658
10.450000,-17.521599,-4.276931,1.345889,-1.829193,0.079593,1.018947,0.019197
10.466667,-17.521564,-4.276842,1.345908,-1.829276,0.079644,1.018947,0.005760
10.483333,-17.521507,-4.276819,1.345829,-1.829458,0.079436,1.019113,0.003698
10.500000,-17.522005,-4.276878,1.345816,-1.830006,0.079247,1.018242,0.030079
10.516667,-17.522306,-4.276741,1.345934,-1.830995,0.079139,1.018087,0.019859
10.533333,-17.522984,-4.276307,1.346427,-1.833559,0.079119,1.017985,0.048253
10.550000,-17.524057,-4.275651,1.347231,-1.837431,0.079176,1.017741,0.075520
10.566667,-17.524855,-4.274990,1.347980,-1.841018,0.079253,1.018081,0.062135
10.583333,-17.524250,-4.275269,1.347702,-1.839238,0.079407,1.018506,0.039953
10.600000,-17.521597,-4.276856,1.345902,-1.829867,0.079605,1.019170,0.185519
10.616667,-17.521072,-4.276852,1.345861,-1.829018,0.079845,1.019960,0.031473
10.633333,-17.521017,-4.276841,1.345900,-1.828789,0.079921,1.020009,0.003378
10.650000,-17.520998,-4.276761,1.345883,-1.828891,0.079891,1.020069,0.004941
10.666667,-17.520855,-4.276658,1.345770,-1.828770,0.079910,1.020209,0.010593
10.683333,-17.520937,-4.276662,1.345703,-1.828907,0.079883,1.019860,0.004928
10.700000,-17.521416,-4.276332,1.346027,-1.830851,0.079804,1.019849,0.034887
10.716667,-17.522451,-4.275649,1.346820,-1.834857,0.079788,1.019806,0.074432
10.733333,-17.523773,-4.274742,1.347876,-1.840028,0.079800,1.019943,0.096198
10.750000,-17.524675,-4.274090,1.348670,-1.843740,0.079875,1.020141,0.066764
10.766667,-17.523226,-4.274941,1.347753,-1.838762,0.080024,1.020655,0.100846
10.783333,-17.520269,-4.276863,1.345626,-1.827740,0.080192,1.021035,0.211578
10.800000,-17.520132,-4.276900,1.345652,-1.827294,0.080306,1.021174,0.008537
10.816667,-17.520046,-4.276885,1.345634,-1.827023,0.080349,1.021205,0.005236
10.833333,-17.520050,-4.276825,1.345585,-1.827104,0.080337,1.021104,0.003555
10.850000,-17.519991,-4.276752,1.345480,-1.827245,0.080212,1.021262,0.005657
10.866667,-17.520330,-4.276485,1.345676,-1.828701,0.080117,1.021304,0.025916
10.883333,-17.521309,-4.275934,1.346386,-1.832425,0.079975,1.021136,0.067369
10.900000,-17.522799,-4.274905,1.347529,-1.838020,0.080096,1.020994,0.108646
10.916667,-17.524364,-4.273830,1.348781,-1.844099,0.080143,1.021099,0.113942
10.933333,-17.524794,-4.273487,1.349231,-1.846043,0.080234,1.021371,0.032975
10.950000,-17.521570,-4.275605,1.346912,-1.834025,0.080380,1.021771,0.231407
10.966667,-17.518761,-4.277477,1.344824,-1.823308,0.080509,1.021952,0.202566
10.983333,-17.516125,-4.279257,1.342759,-1.812980,0.080589,1.021977,0.190857
11.000000,-17.512455,-4.281690,1.339696,-1.798711,0.080589,1.022023,0.264159
11.016667,-17.510052,-4.283203,1.337618,-1.789577,0.080534,1.022045,0.170407
11.033333,-17.509920,-4.283204,1.337451,-1.789398,0.080433,1.022156,0.007896
11.050000,-17.510363,-4.282875,1.337790,-1.791297,0.080370,1.022187,0.033068
11.066667,-17.511419,-4.282199,1.338654,-1.795388,0.080359,1.022036,0.075269
11.083333,-17.512873,-4.281178,1.339919,-1.801250,0.080375,1.022140,0.106568
11.100000,-17.514217,-4.280220,1.341128,-1.806741,0.080433,1.022316,0.099061
11.116667,-17.513714,-4.280397,1.340931,-1.805482,0.080570,1.022860,0.032032
11.133333,-17.509743,-4.283239,1.337594,-1.789436,0.080676,1.022791,0.292996
11.150000,-17.509777,-4.283236,1.337699,-1.789460,0.080741,1.022859,0.002073
11.166667,-17.509832,-4.283189,1.337786,-1.789539,0.080808,1.022781,0.004326
11.183333,-17.509796,-4.283092,1.337753,-1.789663,0.080774,1.022847,0.006228
11.200000,-17.509607,-4.283088,1.337547,-1.789328,0.080667,1.023004,0.011332
11.216667,-17.509933,-4.282795,1.337776,-1.790890,0.080565,1.023099,0.026297
11.233333,-17.510828,-4.282206,1.338478,-1.794434,0.080504,1.023034,0.064275
11.250000,-17.512253,-4.281298,1.339648,-1.799855,0.080519,1.022857,0.101383
11.266667,-17.513781,-4.280217,1.341007,-1.806101,0.080602,1.022967,0.112293
11.283333,-17.514585,-4.279549,1.341847,-1.809771,0.080720,1.023343,0.062761
11.300000,-17.513977,-4.279756,1.341604,-1.808153,0.080906,1.023953,0.038561
11.316667,-17.513779,-4.279782,1.341644,-1.807699,0.081099,1.024254,0.012005
11.333333,-17.513796,-4.279846,1.341697,-1.807640,0.081024,1.024319,0.003997
11.350000,-17.513742,-4.279808,1.341676,-1.807480,0.081062,1.024320,0.003938
11.366667,-17.513676,-4.279751,1.341586,-1.807651,0.080890,1.024510,0.005257
11.383333,-17.513706,-4.279605,1.341522,-1.807792,0.080987,1.024375,0.008944
11.400000,-17.514164,-4.279254,1.341850,-1.809788,0.080901,1.024407,0.034626
11.416667,-17.515270,-4.278527,1.342747,-1.814140,0.080908,1.024391,0.079432
11.433333,-17.516804,-4.277432,1.344072,-1.820418,0.080952,1.024579,0.113036
11.450000,-17.518080,-4.276272,1.345346,-1.826395,0.081068,1.025221,0.103474
11.466667,-17.517654,-4.276242,1.345300,-1.825908,0.081191,1.025927,0.025584
11.483333,-17.514498,-4.278169,1.343023,-1.814361,0.081411,1.026470,0.221898
11.500000,-17.513243,-4.278949,1.342149,-1.809625,0.081560,1.026660,0.088649
11.516667,-17.513039,-4.279164,1.342043,-1.808929,0.081375,1.026775,0.017789
11.533333,-17.512993,-4.279095,1.341992,-1.808892,0.081409,1.026718,0.004951
11.550000,-17.514135,-4.279191,1.342141,-1.810375,0.081006,1.024924,0.068793
11.566667,-17.516960,-4.278093,1.343749,-1.818593,0.080713,1.023127,0.181844
11.583333,-17.518469,-4.277620,1.344561,-1.822868,0.080407,1.022130,0.094876
11.600000,-17.520144,-4.276462,1.345870,-1.829254,0.080482,1.022055,0.122154
11.616667,-17.522026,-4.275158,1.347390,-1.836607,0.080519,1.022203,0.137409
11.633333,-17.523254,-4.274336,1.348413,-1.841393,0.080595,1.022297,0.088666
11.650000,-17.521593,-4.275478,1.347229,-1.835089,0.080692,1.022536,0.120942
11.666667,-17.518133,-4.277902,1.344557,-1.821561,0.080781,1.022607,0.253465
11.683333,-17.515831,-4.279483,1.342749,-1.812431,0.080869,1.022589,0.167573
11.700000,-17.513037,-4.281326,1.340448,-1.801547,0.080910,1.022576,0.200854
11.716667,-17.510002,-4.283283,1.337844,-1.789884,0.080866,1.022592,0.216652
11.733333,-17.509855,-4.283267,1.337666,-1.789689,0.080766,1.022728,0.008865
11.750000,-17.510157,-4.283015,1.337879,-1.791097,0.080685,1.022805,0.023580
11.766667,-17.511068,-4.282438,1.338611,-1.794605,0.080669,1.022658,0.064737
11.783333,-17.512436,-4.281494,1.339792,-1.800079,0.080680,1.022700,0.099693
11.800000,-17.513847,-4.280478,1.341060,-1.805912,0.080719,1.022915,0.104333
11.816667,-17.513973,-4.280235,1.341368,-1.807033,0.080864,1.023370,0.016430
11.833333,-17.510366,-4.282574,1.338543,-1.793354,0.081021,1.023883,0.257926
11.850000,-17.509474,-4.283221,1.337850,-1.789643,0.081118,1.023866,0.066150
11.866667,-17.509598,-4.283130,1.338020,-1.790039,0.081180,1.023839,0.009230
11.883333,-17.509474,-4.283102,1.337923,-1.789735,0.081177,1.023892,0.007634
11.900000,-17.509407,-4.283013,1.337837,-1.789840,0.081121,1.023943,0.006660
11.916667,-17.509398,-4.282925,1.337783,-1.790146,0.081011,1.024083,0.005295
11.933333,-17.509836,-4.282662,1.338087,-1.791856,0.080989,1.023878,0.030696
11.950000,-17.510727,-4.282082,1.338822,-1.795350,0.080963,1.023844,0.063785
11.966667,-17.511822,-4.281307,1.339787,-1.799794,0.080983,1.023989,0.080460
11.983333,-17.512634,-4.280729,1.340554,-1.803190,0.081051,1.024149,0.059826
12.000000,-17.512356,-4.280825,1.340489,-1.802523,0.081166,1.024557,0.017670
12.016667,-17.512257,-4.280871,1.340541,-1.802241,0.081297,1.024775,0.006566
12.033333,-17.512209,-4.280905,1.340602,-1.801972,0.081400,1.024818,0.003509
12.050000,-17.512190,-4.280885,1.340634,-1.801849,0.081452,1.024792,0.001659
12.066667,-17.512135,-4.280802,1.340580,-1.801883,0.081428,1.024830,0.006007
12.083333,-17.512102,-4.280718,1.340489,-1.802050,0.081351,1.024859,0.005371
12.100000,-17.512333,-4.280508,1.340623,-1.803220,0.081232,1.024931,0.018733
12.116667,-17.513153,-4.279963,1.341254,-1.806435,0.081216,1.024808,0.059069
12.133333,-17.514542,-4.279039,1.342397,-1.811843,0.081223,1.024799,0.100093
12.150000,-17.516096,-4.277959,1.343725,-1.818101,0.081240,1.024951,0.113572
12.166667,-17.516787,-4.277431,1.344402,-1.821066,0.081335,1.025242,0.052165
12.183333,-17.514585,-4.278876,1.342779,-1.812787,0.081484,1.025561,0.158006
12.200000,-17.514378,-4.279068,1.342689,-1.811797,0.081565,1.025609,0.016967
12.216667,-17.514236,-4.279092,1.342688,-1.811360,0.081628,1.025784,0.008593
12.233333,-17.514187,-4.279040,1.342671,-1.811262,0.081694,1.025705,0.004331
12.250000,-17.514288,-4.278879,1.342687,-1.811860,0.081653,1.025655,0.011391
12.266667,-17.514334,-4.278774,1.342646,-1.812314,0.081523,1.025731,0.006894
12.283333,-17.514971,-4.278314,1.343116,-1.814928,0.081486,1.025657,0.047152
12.300000,-17.516335,-4.277417,1.344198,-1.820221,0.081453,1.025626,0.097936
12.316667,-17.518188,-4.276167,1.345706,-1.827455,0.081453,1.025743,0.134136
12.333333,-17.519741,-4.275106,1.347003,-1.833549,0.081524,1.025907,0.112828
12.350000,-17.518789,-4.275686,1.346422,-1.830254,0.081659,1.026241,0.066854
12.366667,-17.516464,-4.277265,1.344694,-1.821243,0.081794,1.026453,0.168626
12.383333,-17.516233,-4.277493,1.344603,-1.820314,0.081754,1.026483,0.019502
12.400000,-17.516155,-4.277367,1.344599,-1.820238,0.081818,1.026688,0.008916
12.416667,-17.516153,-4.277326,1.344519,-1.820197,0.081857,1.026459,0.002492
12.433333,-17.516134,-4.277337,1.344405,-1.820142,0.081821,1.026270,0.001335
12.450000,-17.516787,-4.276962,1.344797,-1.822579,0.081674,1.026126,0.045139
12.466667,-17.518154,-4.276074,1.345866,-1.827906,0.081646,1.026105,0.097846
12.483333,-17.520121,-4.274720,1.347446,-1.835621,0.081652,1.026251,0.143244
12.500000,-17.522009,-4.273365,1.349018,-1.843179,0.081740,1.026562,0.139437
12.516667,-17.521969,-4.273293,1.349157,-1.843453,0.081884,1.026993,0.004994
12.533333,-17.517406,-4.276379,1.345736,-1.825965,0.082043,1.027214,0.330502
12.550000,-17.517153,-4.276544,1.345648,-1.824946,0.082140,1.027303,0.018141
12.566667,-17.517136,-4.276489,1.345679,-1.824888,0.082188,1.027335,0.003420
12.583333,-17.517075,-4.276411,1.345596,-1.824917,0.082126,1.027407,0.005975
12.600000,-17.517073,-4.276353,1.345505,-1.825170,0.081957,1.027484,0.003435
12.616667,-17.517986,-4.276297,1.345711,-1.826168,0.082105,1.025646,0.054923
12.633333,-17.520113,-4.275931,1.346592,-1.831406,0.081381,1.024046,0.129470
12.650000,-17.522230,-4.274702,1.348195,-1.839367,0.081208,1.023862,0.146890
12.666667,-17.524284,-4.273197,1.349877,-1.847519,0.081350,1.024134,0.152788
12.683333,-17.524548,-4.272817,1.350325,-1.849340,0.081514,1.024759,0.027737
12.700000,-17.520117,-4.275680,1.347160,-1.832939,0.081714,1.025273,0.316514
12.716667,-17.517136,-4.277695,1.344900,-1.821367,0.081845,1.025378,0.215901
12.733333,-17.514042,-4.279807,1.342397,-1.809138,0.081908,1.025307,0.224734
12.750000,-17.510447,-4.282160,1.339348,-1.795276,0.081813,1.025495,0.257835
12.766667,-17.509039,-4.283090,1.338057,-1.789781,0.081809,1.025198,0.101220
12.783333,-17.509270,-4.282862,1.338202,-1.790980,0.081729,1.025268,0.019482
12.800000,-17.510252,-4.282211,1.338984,-1.794847,0.081678,1.025218,0.070686
12.816667,-17.511948,-4.281091,1.340405,-1.801488,0.081656,1.025216,0.121931
12.833333,-17.513880,-4.279679,1.342128,-1.809472,0.081724,1.025506,0.143583
12.850000,-17.514938,-4.278852,1.343172,-1.814106,0.081844,1.025895,0.080629
12.866667,-17.512461,-4.280443,1.341321,-1.804838,0.081990,1.026308,0.176676
12.883333,-17.508629,-4.283104,1.338146,-1.789537,0.082096,1.026352,0.279920
12.900000,-17.508713,-4.283066,1.338272,-1.789677,0.082163,1.026282,0.005531
12.916667,-17.508688,-4.283002,1.338254,-1.789674,0.082184,1.026256,0.004112
12.933333,-17.509430,-4.282381,1.338846,-1.792899,0.082127,1.026281,0.058047
12.950000,-17.510202,-4.281770,1.339438,-1.796245,0.082011,1.026393,0.059106
12.966667,-17.511652,-4.280825,1.340582,-1.801919,0.081978,1.026201,0.103828
12.983333,-17.513653,-4.279423,1.342268,-1.809930,0.081971,1.026283,0.146584
13.000000,-17.516029,-4.277709,1.344306,-1.819581,0.082011,1.026560,0.175784
13.016667,-17.518076,-4.276196,1.346109,-1.828039,0.082122,1.026953,0.152742
13.033333,-17.518089,-4.275990,1.346329,-1.828818,0.082200,1.027438,0.012386
13.050000,-17.513887,-4.278629,1.343271,-1.813395,0.082416,1.028091,0.297722
13.066667,-17.512278,-4.279630,1.341984,-1.806581,0.082669,1.028159,0.113735
13.083333,-17.512218,-4.280194,1.341831,-1.805181,0.082959,1.026876,0.034060
13.100000,-17.512268,-4.280265,1.341791,-1.804984,0.083223,1.025787,0.005199
13.116667,-17.512653,-4.280429,1.341765,-1.805551,0.082702,1.024885,0.025114
13.133333,-17.513428,-4.280363,1.342262,-1.807836,0.083088,1.023175,0.046633
13.150000,-17.515015,-4.279976,1.343004,-1.811195,0.083029,1.021179,0.098001
13.166667,-17.516920,-4.279700,1.344067,-1.816229,0.082509,1.019496,0.115516
13.183333,-17.518887,-4.279062,1.345213,-1.821861,0.082203,1.018389,0.124052
13.200000,-17.519619,-4.278530,1.345862,-1.824050,0.082924,1.017015,0.054320
13.216667,-17.518745,-4.279551,1.345050,-1.819141,0.083462,1.015356,0.080618
13.233333,-17.518816,-4.280536,1.345023,-1.817873,0.083377,1.013201,0.059260
13.250000,-17.518948,-4.281408,1.345059,-1.815103,0.084939,1.008434,0.052949
13.266667,-17.520760,-4.282709,1.345249,-1.815791,0.084032,1.003040,0.133833
13.283333,-17.522383,-4.283086,1.346174,-1.816857,0.086324,0.995830,0.099978
13.300000,-17.525150,-4.284297,1.346694,-1.819967,0.083970,0.991341,0.181270
13.316667,-17.526384,-4.284369,1.347396,-1.821744,0.085645,0.986189,0.074166
13.333333,-17.531822,-4.284078,1.349504,-1.832485,0.083465,0.980443,0.326737
13.350000,-17.536526,-4.282671,1.351877,-1.844548,0.083317,0.975552,0.294562
13.366667,-17.540514,-4.280798,1.354379,-1.857312,0.082740,0.973736,0.264359
13.383333,-17.543175,-4.279024,1.356339,-1.867352,0.082606,0.973679,0.191885
13.400000,-17.543201,-4.278964,1.356445,-1.867485,0.082761,0.973601,0.003971
13.416667,-17.538492,-4.282484,1.352913,-1.848850,0.083017,0.973116,0.352782
13.433333,-17.535181,-4.285173,1.350223,-1.834800,0.083329,0.972090,0.255944
13.450000,-17.534857,-4.285274,1.350070,-1.833684,0.083496,0.972068,0.020370
13.466667,-17.534861,-4.285230,1.350017,-1.833842,0.083383,0.972171,0.002671
13.483333,-17.534842,-4.285176,1.349941,-1.833987,0.083290,0.972258,0.003403
13.500000,-17.534895,-4.285218,1.349879,-1.833821,0.083366,0.971803,0.004058
13.516667,-17.534786,-4.285203,1.349845,-1.833848,0.083355,0.971988,0.006583
13.533333,-17.534809,-4.285219,1.349835,-1.833878,0.083325,0.971947,0.001683
13.550000,-17.534824,-4.285251,1.349840,-1.833870,0.083325,0.971929,0.002099
13.566667,-17.534866,-4.285285,1.349853,-1.833852,0.083332,0.971867,0.003235
13.583333,-17.534876,-4.285317,1.349872,-1.833827,0.083333,0.971818,0.002055
13.600000,-17.534899,-4.285338,1.349917,-1.833846,0.083337,0.971778,0.001844
13.616667,-17.534883,-4.285325,1.349986,-1.833841,0.083363,0.971770,0.001217
13.633333,-17.534872,-4.285356,1.350028,-1.833646,0.083406,0.971809,0.002009
13.650000,-17.534866,-4.285256,1.350051,-1.833763,0.083411,0.971823,0.005989
13.666667,-17.535147,-4.285219,1.350027,-1.834073,0.083263,0.971463,0.016974
13.683333,-17.535360,-4.285213,1.349979,-1.834455,0.083078,0.971177,0.012823
13.700000,-17.535387,-4.285182,1.349938,-1.834665,0.082998,0.971178,0.002433
13.716667,-17.535524,-4.285147,1.349979,-1.835049,0.082944,0.971061,0.008507
13.733333,-17.535700,-4.285089,1.350077,-1.835540,0.082948,0.970949,0.011092
13.750000,-17.535784,-4.285132,1.350103,-1.835578,0.082967,0.970828,0.005669
13.766667,-17.535517,-4.285342,1.349940,-1.834546,0.083060,0.970898,0.020376
13.783333,-17.535313,-4.285368,1.349945,-1.834200,0.083222,0.971108,0.012350
13.800000,-17.535292,-4.285409,1.350018,-1.834139,0.083273,0.971191,0.002764
13.816667,-17.535280,-4.285455,1.350076,-1.833951,0.083332,0.971224,0.002803
13.833333,-17.535408,-4.286018,1.350085,-1.832731,0.083729,0.969103,0.034676
13.850000,-17.535509,-4.286302,1.350093,-1.832454,0.083783,0.967690,0.018044
13.866667,-17.536480,-4.286480,1.350114,-1.832656,0.083876,0.965144,0.059225
13.883333,-17.537786,-4.287097,1.350206,-1.834381,0.082676,0.962944,0.086707
13.900000,-17.540293,-4.287659,1.350410,-1.835280,0.082269,0.957635,0.154100
13.916667,-17.542725,-4.288058,1.350842,-1.837675,0.081571,0.953156,0.147864
13.933333,-17.544388,-4.287950,1.351411,-1.840396,0.081329,0.950391,0.100002
13.950000,-17.545586,-4.288116,1.351713,-1.842107,0.080792,0.948716,0.072559
13.966667,-17.545773,-4.288816,1.351323,-1.839619,0.080938,0.946782,0.043471
13.983333,-17.545921,-4.289119,1.351354,-1.839377,0.080802,0.946160,0.020216
14.000000,-17.547171,-4.288742,1.352216,-1.841651,0.081804,0.943744,0.078301
14.016667,-17.546143,-4.290201,1.351291,-1.838250,0.081199,0.943229,0.107095
14.033333,-17.545897,-4.290534,1.351075,-1.840650,0.080961,0.943103,0.024857
14.050000,-17.546516,-4.292851,1.351160,-1.836492,0.079194,0.940818,0.143907
14.066667,-17.546616,-4.292093,1.351056,-1.838226,0.083144,0.936656,0.045878
14.083333,-17.551552,-4.291828,1.353897,-1.846092,0.081296,0.932516,0.296598
14.100000,-17.556366,-4.289612,1.356813,-1.856384,0.084096,0.927276,0.317990
14.116667,-17.559839,-4.286531,1.359617,-1.869480,0.084913,0.923353,0.278566
14.133333,-17.563631,-4.284120,1.362153,-1.883167,0.084669,0.920872,0.269616
14.150000,-17.567207,-4.282681,1.363917,-1.895823,0.083568,0.919158,0.231287
14.166667,-17.568188,-4.282939,1.364070,-1.900862,0.082752,0.918292,0.060825
14.183333,-17.564358,-4.286271,1.361380,-1.889609,0.082469,0.918306,0.304595
14.200000,-17.558855,-4.291386,1.357013,-1.864472,0.083896,0.914897,0.450753
14.216667,-17.558943,-4.292389,1.356848,-1.862403,0.084051,0.912005,0.060426
14.233333,-17.559769,-4.293217,1.356901,-1.861065,0.084641,0.907499,0.070180
14.250000,-17.564734,-4.293529,1.359308,-1.865137,0.081201,0.904409,0.298475
14.266667,-17.569885,-4.290696,1.362306,-1.876093,0.084105,0.899294,0.352742
14.283333,-17.575657,-4.287632,1.365547,-1.888331,0.086666,0.892831,0.392089
14.300000,-17.582220,-4.285869,1.367810,-1.900914,0.084549,0.886485,0.407742
14.316667,-17.587763,-4.284147,1.369587,-1.912191,0.083220,0.880760,0.348243
14.333333,-17.590254,-4.282036,1.371314,-1.921176,0.083541,0.879918,0.195909
14.350000,-17.591927,-4.280601,1.372463,-1.928482,0.083528,0.879925,0.132265
14.366667,-17.592625,-4.280046,1.372982,-1.932939,0.083521,0.879932,0.053511
14.383333,-17.592566,-4.281165,1.372799,-1.930097,0.084177,0.878683,0.067270
14.400000,-17.589857,-4.284100,1.370836,-1.917865,0.084417,0.877879,0.239621
14.416667,-17.583473,-4.290027,1.366038,-1.891121,0.084444,0.877894,0.522651
14.433333,-17.583513,-4.290039,1.366086,-1.891102,0.084495,0.877916,0.002507
14.450000,-17.583595,-4.290015,1.366158,-1.891201,0.084565,0.877782,0.005125
14.466667,-17.583530,-4.290020,1.366102,-1.890980,0.084558,0.877880,0.003906
14.483333,-17.583485,-4.290105,1.366003,-1.890719,0.084529,0.877893,0.005761
14.500000,-17.584198,-4.289518,1.366490,-1.892887,0.084890,0.876518,0.055410
14.516667,-17.587387,-4.287553,1.368553,-1.901315,0.086342,0.871057,0.224768
14.533333,-17.589630,-4.286634,1.369958,-1.907307,0.085998,0.868668,0.145437
14.550000,-17.590595,-4.285993,1.370615,-1.911624,0.085701,0.868585,0.069511
14.566667,-17.590544,-4.285867,1.370674,-1.912164,0.085964,0.868589,0.008161
14.583333,-17.590017,-4.286531,1.370185,-1.909149,0.085979,0.868314,0.050853
14.600000,-17.588434,-4.288031,1.369015,-1.902757,0.086023,0.868329,0.130838
14.616667,-17.588129,-4.288345,1.368794,-1.901376,0.086043,0.868396,0.026262
14.633333,-17.588182,-4.288385,1.368819,-1.901385,0.086064,0.868404,0.004023
14.650000,-17.588177,-4.288441,1.368851,-1.901363,0.086080,0.868553,0.003365
14.666667,-17.588240,-4.288493,1.368897,-1.901323,0.086110,0.868537,0.004898
14.683333,-17.588186,-4.288574,1.368895,-1.901069,0.086109,0.868751,0.005824
14.700000,-17.589331,-4.287943,1.369675,-1.903884,0.086699,0.867115,0.078406
14.716667,-17.591387,-4.287314,1.370857,-1.908288,0.087465,0.863637,0.129018
14.733333,-17.591631,-4.287292,1.371008,-1.908636,0.087174,0.863568,0.014705
14.750000,-17.591143,-4.287742,1.370600,-1.907394,0.087111,0.863598,0.039808
14.766667,-17.591097,-4.287780,1.370548,-1.907402,0.087086,0.863597,0.003594
14.783333,-17.591080,-4.287829,1.370509,-1.907218,0.087053,0.863586,0.003122
14.800000,-17.591047,-4.287875,1.370481,-1.907138,0.087054,0.863609,0.003343
14.816667,-17.591061,-4.287888,1.370490,-1.907160,0.087061,0.863618,0.001113
14.833333,-17.591024,-4.287927,1.370468,-1.907051,0.087063,0.863637,0.003199
14.850000,-17.591053,-4.287923,1.370484,-1.907090,0.087060,0.863639,0.001728
14.866667,-17.591070,-4.287930,1.370497,-1.907099,0.087061,0.863637,0.001105
14.883333,-17.591078,-4.287943,1.370511,-1.907074,0.087064,0.863652,0.000898
14.900000,-17.591068,-4.288001,1.370551,-1.907049,0.087077,0.863863,0.003509
14.916667,-17.591137,-4.288019,1.370615,-1.907056,0.087110,0.863879,0.004268
14.933333,-17.591148,-4.288032,1.370644,-1.906949,0.087151,0.863894,0.001034
14.950000,-17.591124,-4.288038,1.370612,-1.906783,0.087165,0.863901,0.001527
14.966667,-17.591135,-4.288073,1.370590,-1.906788,0.087188,0.863804,0.002199
14.983333,-17.591190,-4.287981,1.370586,-1.906982,0.087189,0.863806,0.006442
15.000000,-17.591164,-4.288020,1.370543,-1.906934,0.087206,0.863762,0.002865
15.016667,-17.591076,-4.288107,1.370468,-1.906733,0.087185,0.863768,0.007404
15.033333,-17.591164,-4.288053,1.370512,-1.906937,0.087179,0.863775,0.006193
15.050000,-17.591187,-4.288058,1.370529,-1.906990,0.087188,0.863766,0.001416
15.066667,-17.591221,-4.288084,1.370542,-1.907020,0.087189,0.863768,0.002575
15.083333,-17.591227,-4.288125,1.370555,-1.907006,0.087206,0.863815,0.002456
15.100000,-17.591282,-4.288167,1.370579,-1.907037,0.087211,0.863832,0.004166
15.116667,-17.591328,-4.288218,1.370615,-1.907029,0.087233,0.863859,0.004156
15.133333,-17.591309,-4.288299,1.370646,-1.906944,0.087249,0.864046,0.004969
15.150000,-17.591387,-4.288316,1.370719,-1.906969,0.087273,0.864070,0.004804
15.166667,-17.591396,-4.288330,1.370751,-1.906871,0.087311,0.864085,0.001008
15.183333,-17.591366,-4.288325,1.370722,-1.906723,0.087333,0.864107,0.001858
15.200000,-17.591242,-4.288334,1.370635,-1.906561,0.087306,0.864298,0.007461
15.216667,-17.591295,-4.288362,1.370596,-1.906544,0.087319,0.864129,0.003595
15.233333,-17.591284,-4.288338,1.370557,-1.906546,0.087315,0.864144,0.001561
15.250000,-17.591249,-4.288372,1.370518,-1.906463,0.087305,0.864141,0.002893
15.266667,-17.591269,-4.288379,1.370519,-1.906499,0.087293,0.864150,0.001212
15.283333,-17.591297,-4.288384,1.370535,-1.906545,0.087302,0.864136,0.001745
15.300000,-17.591316,-4.288414,1.370545,-1.906558,0.087305,0.864146,0.002111
15.316667,-17.591331,-4.288449,1.370562,-1.906571,0.087315,0.864185,0.002333
15.333333,-17.591381,-4.288495,1.370585,-1.906585,0.087325,0.864204,0.004030
15.350000,-17.591429,-4.288547,1.370624,-1.906585,0.087346,0.864233,0.004253
15.366667,-17.591448,-4.288624,1.370662,-1.906492,0.087379,0.864266,0.004774
15.383333,-17.591579,-4.288534,1.370784,-1.906719,0.087467,0.864299,0.009587
15.400000,-17.591751,-4.288388,1.370917,-1.907043,0.087675,0.864273,0.013518
15.416667,-17.590630,-4.289294,1.370149,-1.904249,0.087642,0.864086,0.086523
15.433333,-17.592075,-4.289394,1.370903,-1.906096,0.087579,0.863122,0.086952
15.450000,-17.593885,-4.288573,1.371932,-1.909914,0.088550,0.861440,0.119245
15.466667,-17.594120,-4.288174,1.372115,-1.910740,0.088877,0.861164,0.027802
15.483333,-17.594051,-4.288307,1.372007,-1.910468,0.088787,0.861163,0.009008
15.500000,-17.594124,-4.288241,1.372046,-1.910657,0.088804,0.861176,0.005874
15.516667,-17.594152,-4.288249,1.372057,-1.910699,0.088802,0.861178,0.001777
15.533333,-17.594179,-4.288265,1.372073,-1.910732,0.088810,0.861185,0.001874
15.550000,-17.594212,-4.288284,1.372093,-1.910768,0.088829,0.861196,0.002243
15.566667,-17.594255,-4.288315,1.372118,-1.910793,0.088848,0.861205,0.003223
15.583333,-17.594307,-4.288344,1.372160,-1.910828,0.088880,0.861230,0.003563
15.600000,-17.594303,-4.288439,1.372175,-1.910684,0.088914,0.861258,0.005698
15.616667,-17.594414,-4.288408,1.372272,-1.910805,0.088958,0.861286,0.006893
15.633333,-17.594419,-4.288417,1.372302,-1.910751,0.088984,0.861344,0.000643
15.650000,-17.595104,-4.288120,1.372726,-1.912299,0.089262,0.860100,0.044784
15.666667,-17.595032,-4.288131,1.372646,-1.912088,0.089268,0.860104,0.004398
15.683333,-17.595030,-4.288124,1.372612,-1.912132,0.089269,0.860079,0.000472
15.700000,-17.594997,-4.288152,1.372544,-1.912022,0.089260,0.859995,0.002595
15.716667,-17.595037,-4.288110,1.372550,-1.912134,0.089251,0.859993,0.003481
15.733333,-17.595047,-4.288124,1.372543,-1.912135,0.089244,0.859991,0.000984
15.750000,-17.595066,-4.288141,1.372549,-1.912159,0.089241,0.859997,0.001540
15.766667,-17.595095,-4.288154,1.372567,-1.912202,0.089250,0.860012,0.001882
15.783333,-17.595112,-4.288194,1.372580,-1.912190,0.089263,0.860028,0.002641
15.800000,-17.595146,-4.288229,1.372605,-1.912213,0.089281,0.860039,0.002913
15.816667,-17.595190,-4.288278,1.372638,-1.912217,0.089301,0.860054,0.003951
15.833333,-17.595228,-4.288353,1.372671,-1.912149,0.089323,0.860070,0.005067
15.850000,-17.595276,-4.288386,1.372730,-1.912116,0.089362,0.860091,0.003492
15.866667,-17.595350,-4.288315,1.372808,-1.912188,0.089444,0.860104,0.006192
15.883333,-17.595354,-4.288206,1.372835,-1.912400,0.089443,0.860300,0.006527
15.900000,-17.595949,-4.288061,1.373154,-1.913629,0.089711,0.859049,0.036756
15.916667,-17.595951,-4.287942,1.373118,-1.913642,0.089772,0.859071,0.007125
15.933333,-17.595903,-4.287946,1.373052,-1.913549,0.089755,0.859065,0.002873
15.950000,-17.595894,-4.287998,1.373022,-1.913496,0.089750,0.859084,0.003171
15.966667,-17.595913,-4.288004,1.373024,-1.913529,0.089742,0.859109,0.001203
15.983333,-17.595934,-4.288006,1.373035,-1.913570,0.089739,0.859125,0.001264
16.000000,-17.595917,-4.288030,1.373029,-1.913526,0.089739,0.859161,0.001763
16.016667,-17.595911,-4.288052,1.373029,-1.913508,0.089726,0.859205,0.001360
16.033333,-17.595894,-4.288074,1.373030,-1.913493,0.089709,0.859284,0.001649
16.050000,-17.595825,-4.288125,1.373025,-1.913419,0.089677,0.859453,0.005150
16.066667,-17.595865,-4.288183,1.373062,-1.913372,0.089710,0.859470,0.004238
16.083333,-17.595932,-4.288196,1.373130,-1.913371,0.089753,0.859490,0.004074
16.100000,-17.595964,-4.288167,1.373182,-1.913346,0.089802,0.859506,0.002614
16.116667,-17.596027,-4.288039,1.373265,-1.913565,0.089955,0.859297,0.008547
16.133333,-17.596102,-4.288088,1.373178,-1.913547,0.089824,0.859149,0.005348
16.150000,-17.596039,-4.288094,1.373094,-1.913433,0.089793,0.859147,0.003792
16.166667,-17.596035,-4.288086,1.373045,-1.913413,0.089771,0.859140,0.000512
16.183333,-17.596054,-4.288096,1.373041,-1.913451,0.089771,0.859132,0.001306
16.200000,-17.596056,-4.288125,1.373030,-1.913422,0.089761,0.859158,0.001692
16.216667,-17.596054,-4.288153,1.373027,-1.913394,0.089763,0.859167,0.001692
16.233333,-17.596045,-4.288164,1.373031,-1.913377,0.089764,0.859206,0.000894
16.250000,-17.596039,-4.288181,1.373034,-1.913371,0.089756,0.859233,0.001059
16.266667,-17.596031,-4.288212,1.373042,-1.913337,0.089749,0.859296,0.001915
16.283333,-17.596048,-4.288329,1.373046,-1.913182,0.089758,0.859311,0.007113
16.300000,-17.596134,-4.288339,1.373133,-1.913228,0.089799,0.859324,0.005185
16.316667,-17.596188,-4.288323,1.373202,-1.913227,0.089842,0.859341,0.003341
16.333333,-17.596235,-4.288302,1.373231,-1.913217,0.089887,0.859258,0.003137
16.350000,-17.596106,-4.288299,1.373144,-1.913031,0.089867,0.859429,0.007785
16.366667,-17.596092,-4.288335,1.373088,-1.912988,0.089853,0.859408,0.002317
16.383333,-17.596149,-4.288349,1.373011,-1.912855,0.089890,0.859006,0.003539
16.400000,-17.596149,-4.288325,1.372999,-1.912881,0.089900,0.859001,0.001459
16.416667,-17.596161,-4.288333,1.372989,-1.912901,0.089888,0.859000,0.000841
16.433333,-17.596188,-4.288340,1.373005,-1.912948,0.089904,0.858983,0.001659
16.450000,-17.596220,-4.288366,1.373022,-1.912977,0.089913,0.858975,0.002484
16.466667,-17.596273,-4.288391,1.373054,-1.913028,0.089929,0.858973,0.003545
16.483333,-17.596262,-4.288411,1.373068,-1.913013,0.089926,0.859029,0.001359
16.500000,-17.596268,-4.288423,1.373102,-1.913016,0.089921,0.859087,0.000819
16.516667,-17.596365,-4.288430,1.373194,-1.913092,0.089949,0.859099,0.005850
16.533333,-17.596378,-4.288461,1.373232,-1.912967,0.089988,0.859114,0.002025
16.550000,-17.596428,-4.288454,1.373255,-1.912939,0.090034,0.859014,0.003002
16.566667,-17.596296,-4.288414,1.373172,-1.912795,0.090041,0.859215,0.008262
16.583333,-17.596918,-4.287924,1.373538,-1.914504,0.090320,0.858376,0.047489
16.600000,-17.596796,-4.287997,1.373417,-1.914240,0.090298,0.858367,0.008547
16.616667,-17.596779,-4.288063,1.373370,-1.914157,0.090284,0.858384,0.004053
16.633333,-17.596769,-4.288104,1.373354,-1.914117,0.090282,0.858411,0.002526
16.650000,-17.596771,-4.288125,1.373350,-1.914104,0.090270,0.858449,0.001264
16.666667,-17.596775,-4.288146,1.373358,-1.914105,0.090273,0.858469,0.001279
16.683333,-17.596766,-4.288181,1.373360,-1.914061,0.090261,0.858531,0.002193
16.700000,-17.596853,-4.288210,1.373416,-1.914147,0.090284,0.858531,0.005555
16.716667,-17.596945,-4.288237,1.373501,-1.914213,0.090334,0.858531,0.005714
16.733333,-17.597023,-4.288237,1.373593,-1.914253,0.090387,0.858547,0.004692
16.750000,-17.597063,-4.288202,1.373649,-1.914216,0.090456,0.858554,0.003184
16.766667,-17.597042,-4.288209,1.373613,-1.914067,0.090475,0.858516,0.001330
16.783333,-17.597004,-4.288188,1.373560,-1.914076,0.090465,0.858576,0.002612
16.800000,-17.596874,-4.288205,1.373439,-1.913893,0.090413,0.858686,0.007846
16.816667,-17.597153,-4.287919,1.373602,-1.915057,0.090411,0.858626,0.023955
16.833333,-17.596830,-4.288243,1.373349,-1.913823,0.090374,0.858607,0.027412
16.850000,-17.596869,-4.288249,1.373358,-1.913890,0.090371,0.858594,0.002319
16.866667,-17.596909,-4.288270,1.373386,-1.913962,0.090383,0.858577,0.002700
16.883333,-17.596970,-4.288290,1.373427,-1.914045,0.090408,0.858577,0.003854
16.900000,-17.597023,-4.288341,1.373474,-1.914075,0.090438,0.858572,0.004451
16.916667,-17.597094,-4.288404,1.373537,-1.914087,0.090467,0.858584,0.005655
16.933333,-17.597277,-4.288329,1.373698,-1.914368,0.090512,0.858595,0.011869
16.950000,-17.597296,-4.288378,1.373735,-1.914265,0.090558,0.858541,0.003161
16.966667,-17.596960,-4.288647,1.373513,-1.913302,0.090593,0.858560,0.025826
16.983333,-17.597269,-4.288357,1.373685,-1.914175,0.090624,0.858357,0.025442
17.000000,-17.597168,-4.288352,1.373576,-1.914048,0.090596,0.858438,0.006074
17.016667,-17.597153,-4.288420,1.373512,-1.913965,0.090596,0.858425,0.004220
17.033333,-17.597216,-4.288370,1.373531,-1.914153,0.090585,0.858395,0.004844
17.050000,-17.597219,-4.288408,1.373517,-1.914116,0.090575,0.858383,0.002329
17.066667,-17.597235,-4.288428,1.373530,-1.914131,0.090572,0.858420,0.001488
17.083333,-17.597216,-4.288471,1.373533,-1.914074,0.090566,0.858477,0.002844
17.100000,-17.597195,-4.288506,1.373545,-1.914036,0.090544,0.858567,0.002414
17.116667,-17.597311,-4.288532,1.373634,-1.914145,0.090572,0.858564,0.007162
17.133333,-17.597378,-4.288562,1.373723,-1.914125,0.090623,0.858575,0.004392
17.150000,-17.597395,-4.288426,1.373866,-1.914245,0.090842,0.858574,0.008247
17.166667,-17.597425,-4.288524,1.373778,-1.914037,0.090712,0.858544,0.006172
17.183333,-17.597292,-4.288515,1.373651,-1.913800,0.090693,0.858635,0.008029
17.200000,-17.597370,-4.288473,1.373629,-1.913949,0.090712,0.858498,0.005325
17.216667,-17.597269,-4.288531,1.373529,-1.913755,0.090684,0.858500,0.006998
17.233333,-17.597488,-4.288377,1.373663,-1.914628,0.090673,0.858569,0.016098
17.250000,-17.597780,-4.288130,1.373876,-1.915861,0.090649,0.858627,0.022921
17.266667,-17.597950,-4.287999,1.374006,-1.916551,0.090641,0.858689,0.012888
17.283333,-17.597340,-4.288613,1.373574,-1.914039,0.090620,0.858795,0.051972
17.300000,-17.597343,-4.288752,1.373575,-1.913708,0.090642,0.858803,0.008300
17.316667,-17.597324,-4.288935,1.373611,-1.913438,0.090631,0.858844,0.011074
17.333333,-17.597446,-4.288826,1.373744,-1.913624,0.090742,0.858889,0.009846
17.350000,-17.597702,-4.288737,1.373909,-1.914020,0.090904,0.858647,0.016223
17.366667,-17.596472,-4.289803,1.373057,-1.910956,0.090866,0.858683,0.097641
17.383333,-17.597834,-4.289974,1.373643,-1.912466,0.090626,0.857636,0.082354
17.400000,-17.600092,-4.288638,1.375015,-1.917574,0.092011,0.855634,0.157437
17.416667,-17.601528,-4.287088,1.376049,-1.923515,0.092211,0.855667,0.126754
17.433333,-17.603127,-4.285554,1.377201,-1.930186,0.092258,0.855677,0.132942
17.450000,-17.604803,-4.284009,1.378398,-1.937051,0.092276,0.855683,0.136791
17.466667,-17.606150,-4.282815,1.379345,-1.942458,0.092302,0.855705,0.107963
17.483333,-17.605978,-4.283044,1.379277,-1.941611,0.092403,0.855760,0.017143
17.500000,-17.602461,-4.286640,1.376728,-1.926455,0.092348,0.855738,0.301797
17.516667,-17.600372,-4.288723,1.375229,-1.917472,0.092414,0.855760,0.177017
17.533333,-17.600657,-4.288594,1.375433,-1.918029,0.092537,0.855571,0.018744
17.550000,-17.599047,-4.290047,1.374367,-1.913921,0.092497,0.855634,0.130111
17.566667,-17.599901,-4.291299,1.374529,-1.913310,0.091396,0.854325,0.090980
17.583333,-17.602345,-4.291160,1.375877,-1.917154,0.092630,0.852507,0.146837
17.600000,-17.606220,-4.289670,1.378208,-1.924991,0.095312,0.850627,0.249129
17.616667,-17.609301,-4.289326,1.379485,-1.928937,0.096172,0.848170,0.185976
17.633333,-17.612589,-4.288024,1.381180,-1.935173,0.097360,0.844784,0.212194
17.650000,-17.614223,-4.286524,1.382240,-1.940168,0.097350,0.844756,0.133118
17.666667,-17.615135,-4.285733,1.382802,-1.942919,0.097372,0.844676,0.072424
17.683333,-17.614983,-4.286040,1.382678,-1.942009,0.097293,0.844656,0.020600
17.700000,-17.613619,-4.287412,1.381774,-1.937289,0.097387,0.844677,0.116043
17.716667,-17.612211,-4.288986,1.380810,-1.933458,0.097292,0.844682,0.126698
17.733333,-17.612202,-4.289938,1.380697,-1.932108,0.097163,0.844113,0.057166
17.750000,-17.614107,-4.289880,1.381496,-1.934453,0.097840,0.842330,0.114381
17.766667,-17.615301,-4.289402,1.382057,-1.936499,0.098410,0.841034,0.077174
17.783333,-17.615376,-4.289324,1.382041,-1.936622,0.098387,0.840986,0.006434
17.800000,-17.615355,-4.289258,1.381983,-1.936609,0.098412,0.840978,0.004199
17.816667,-17.615253,-4.289324,1.381882,-1.936381,0.098394,0.840975,0.007269
17.833333,-17.615253,-4.289396,1.381848,-1.936297,0.098378,0.840920,0.004320
17.850000,-17.615372,-4.289294,1.381917,-1.936599,0.098393,0.840899,0.009372
17.866667,-17.615408,-4.289273,1.381940,-1.936693,0.098413,0.840891,0.002527
17.883333,-17.615427,-4.289299,1.381948,-1.936694,0.098430,0.840881,0.001923
17.900000,-17.615492,-4.289303,1.381985,-1.936796,0.098457,0.840880,0.003900
17.916667,-17.615562,-4.289340,1.382019,-1.936848,0.098473,0.840881,0.004786
17.933333,-17.615522,-4.289489,1.381997,-1.936612,0.098503,0.840887,0.009244
17.950000,-17.615662,-4.289487,1.382096,-1.936765,0.098510,0.840883,0.008355
17.966667,-17.615696,-4.289562,1.382131,-1.936646,0.098499,0.840885,0.004968
17.983333,-17.615770,-4.289509,1.382181,-1.936701,0.098519,0.840888,0.005494
18.000000,-17.615810,-4.289471,1.382173,-1.936726,0.098538,0.840760,0.003299
18.016667,-17.615726,-4.289463,1.382090,-1.936612,0.098509,0.840880,0.005059
18.033333,-17.615686,-4.289510,1.382016,-1.936505,0.098534,0.840824,0.003693
18.050000,-17.615723,-4.289470,1.382006,-1.936623,0.098519,0.840792,0.003241
18.066667,-17.615704,-4.289505,1.381977,-1.936531,0.098516,0.840776,0.002432
18.083333,-17.615688,-4.289535,1.381967,-1.936495,0.098509,0.840803,0.001971
18.100000,-17.615709,-4.289547,1.381973,-1.936509,0.098505,0.840823,0.001477
18.116667,-17.615734,-4.289569,1.381993,-1.936538,0.098513,0.840813,0.001967
18.133333,-17.615801,-4.289610,1.382030,-1.936597,0.098529,0.840808,0.004701
18.150000,-17.615862,-4.289684,1.382066,-1.936590,0.098533,0.840809,0.005773
18.166667,-17.615971,-4.289646,1.382150,-1.936743,0.098621,0.840824,0.006923
18.183333,-17.616032,-4.289646,1.382228,-1.936742,0.098686,0.840847,0.003662
18.200000,-17.616041,-4.289717,1.382211,-1.936561,0.098637,0.840856,0.004301
18.216667,-17.616064,-4.289681,1.382198,-1.936538,0.098609,0.840868,0.002548
18.233333,-17.616053,-4.289716,1.382097,-1.936380,0.098555,0.840747,0.002171
18.250000,-17.616016,-4.289662,1.382051,-1.936373,0.098570,0.840749,0.003872
18.266667,-17.615948,-4.289702,1.381979,-1.936243,0.098548,0.840747,0.004770
18.283333,-17.615904,-4.289744,1.381938,-1.936158,0.098537,0.840746,0.003623
18.300000,-17.615923,-4.289749,1.381948,-1.936209,0.098545,0.840739,0.001180
18.316667,-17.615950,-4.289768,1.381966,-1.936262,0.098555,0.840741,0.001986
18.333333,-17.616005,-4.289790,1.381996,-1.936338,0.098576,0.840739,0.003560
18.350000,-17.616081,-4.289818,1.382041,-1.936417,0.098597,0.840741,0.004889
18.366667,-17.616175,-4.289856,1.382098,-1.936474,0.098622,0.840739,0.006057
18.383333,-17.616241,-4.289915,1.382161,-1.936459,0.098650,0.840746,0.005313
18.400000,-17.616325,-4.289968,1.382233,-1.936424,0.098613,0.840767,0.005953
18.416667,-17.616373,-4.289909,1.382268,-1.936433,0.098670,0.840799,0.004535
18.433333,-17.616316,-4.289988,1.382186,-1.936117,0.098655,0.840735,0.005860
18.450000,-17.616472,-4.289801,1.382218,-1.936525,0.098614,0.840696,0.014623
18.466667,-17.616217,-4.290049,1.382013,-1.935869,0.098541,0.840672,0.021366
18.483333,-17.616222,-4.289961,1.381996,-1.935992,0.098593,0.840683,0.005304
18.500000,-17.616207,-4.289990,1.381967,-1.935953,0.098590,0.840680,0.001996
18.516667,-17.616226,-4.289999,1.381982,-1.936009,0.098597,0.840679,0.001267
18.533333,-17.616257,-4.290023,1.382003,-1.936057,0.098608,0.840680,0.002324
18.550000,-17.616318,-4.290054,1.382037,-1.936127,0.098628,0.840681,0.004094
18.566667,-17.616385,-4.290098,1.382083,-1.936184,0.098650,0.840681,0.004793
18.583333,-17.616486,-4.290131,1.382158,-1.936261,0.098680,0.840686,0.006379
18.600000,-17.616583,-4.290137,1.382254,-1.936327,0.098712,0.840703,0.005850
18.616667,-17.616623,-4.290152,1.382297,-1.936259,0.098723,0.840722,0.002562
18.633333,-17.616819,-4.290126,1.382382,-1.936542,0.098790,0.840274,0.011888
18.650000,-17.616873,-4.290021,1.382367,-1.936696,0.098790,0.840246,0.007088
18.666667,-17.616791,-4.290016,1.382266,-1.936565,0.098785,0.840251,0.004929
18.683333,-17.616724,-4.290039,1.382188,-1.936447,0.098766,0.840250,0.004225
18.700000,-17.616686,-4.290068,1.382148,-1.936426,0.098747,0.840246,0.002878
18.716667,-17.616699,-4.290087,1.382147,-1.936431,0.098757,0.840245,0.001397
18.733333,-17.616737,-4.290107,1.382172,-1.936501,0.098765,0.840243,0.002585
18.750000,-17.616808,-4.290133,1.382213,-1.936586,0.098787,0.840242,0.004507
18.766667,-17.616879,-4.290178,1.382266,-1.936650,0.098816,0.840242,0.005032
18.783333,-17.616985,-4.290211,1.382349,-1.936738,0.098850,0.840244,0.006714
18.800000,-17.617121,-4.290206,1.382460,-1.936844,0.098875,0.840265,0.008130
18.816667,-17.617121,-4.290257,1.382484,-1.936660,0.098886,0.840290,0.003061
18.833333,-17.617132,-4.290248,1.382464,-1.936591,0.098881,0.840249,0.000894
18.850000,-17.616970,-4.290298,1.382321,-1.936236,0.098871,0.840272,0.010181
18.866667,-17.616997,-4.290232,1.382267,-1.936331,0.098827,0.840248,0.004287
18.883333,-17.616882,-4.290301,1.382161,-1.936100,0.098802,0.840245,0.008022
18.900000,-17.616966,-4.290221,1.382198,-1.936403,0.098789,0.840237,0.006961
18.916667,-17.617142,-4.290078,1.382319,-1.937102,0.098797,0.840236,0.013584
18.933333,-17.617237,-4.290058,1.382379,-1.937359,0.098814,0.840233,0.005841
18.950000,-17.617043,-4.290361,1.382241,-1.936393,0.098831,0.840234,0.021618
18.966667,-17.617138,-4.290397,1.382318,-1.936492,0.098868,0.840235,0.006101
18.983333,-17.617241,-4.290447,1.382407,-1.936523,0.098896,0.840241,0.006884
19.000000,-17.617285,-4.290485,1.382499,-1.936442,0.098928,0.840270,0.003488
19.016667,-17.617390,-4.290445,1.382534,-1.936532,0.098933,0.840214,0.006748
19.033333,-17.617247,-4.290495,1.382411,-1.936152,0.098923,0.840241,0.009103
19.050000,-17.617250,-4.290409,1.382341,-1.936245,0.098884,0.840238,0.005184
19.066667,-17.617105,-4.290498,1.382193,-1.935898,0.098845,0.840246,0.010196
19.083333,-17.617317,-4.290274,1.382325,-1.936952,0.098826,0.840236,0.018498
19.100000,-17.617846,-4.289768,1.382698,-1.939209,0.098826,0.840230,0.043870
19.116667,-17.618549,-4.289127,1.383197,-1.942077,0.098844,0.840229,0.057112
19.133333,-17.618967,-4.288824,1.383484,-1.943453,0.098871,0.840235,0.030988
19.150000,-17.617628,-4.290301,1.382542,-1.937695,0.098895,0.840231,0.119625
19.166667,-17.617462,-4.290616,1.382426,-1.936398,0.098932,0.840260,0.021347
19.183333,-17.617533,-4.290659,1.382512,-1.936338,0.098961,0.840294,0.004986
19.200000,-17.617535,-4.290677,1.382527,-1.936199,0.098962,0.840309,0.001036
19.216667,-17.617371,-4.290775,1.382390,-1.935723,0.098924,0.840331,0.011472
19.233333,-17.617970,-4.290500,1.382536,-1.936685,0.098991,0.839282,0.039533
19.250000,-17.618027,-4.290308,1.382567,-1.937388,0.099031,0.839314,0.012030
19.266667,-17.618441,-4.289863,1.382844,-1.939314,0.099022,0.839312,0.036480
19.283333,-17.619242,-4.289089,1.383408,-1.942693,0.099025,0.839304,0.066831
19.300000,-17.620287,-4.288115,1.384144,-1.946977,0.099043,0.839297,0.085710
19.316667,-17.621031,-4.287487,1.384667,-1.949919,0.099066,0.839296,0.058410
19.333333,-17.619970,-4.288687,1.383929,-1.944975,0.099102,0.839301,0.096096
19.350000,-17.618176,-4.290621,1.382667,-1.937004,0.099137,0.839335,0.158292
19.366667,-17.618210,-4.290700,1.382722,-1.936844,0.099155,0.839360,0.005203
19.383333,-17.618330,-4.290686,1.382801,-1.936948,0.099207,0.839165,0.007261
19.400000,-17.618240,-4.290677,1.382706,-1.936726,0.099195,0.839197,0.005406
19.416667,-17.618235,-4.290633,1.382615,-1.936775,0.099179,0.839086,0.002654
19.433333,-17.617933,-4.290862,1.382367,-1.936069,0.099140,0.839090,0.022705
19.450000,-17.618292,-4.290492,1.382586,-1.937400,0.099129,0.839090,0.030937
19.466667,-17.619057,-4.289767,1.383124,-1.940576,0.099133,0.839078,0.063203
19.483333,-17.620070,-4.288844,1.383844,-1.944718,0.099150,0.839074,0.082243
19.500000,-17.620495,-4.288557,1.384144,-1.946227,0.099178,0.839079,0.030788
19.516667,-17.618361,-4.290849,1.382643,-1.936842,0.099207,0.839083,0.187940
19.533333,-17.618475,-4.290929,1.382748,-1.936849,0.099206,0.839087,0.008365
19.550000,-17.618626,-4.290823,1.382883,-1.937022,0.099269,0.839130,0.011032
19.566667,-17.618639,-4.290848,1.382860,-1.936909,0.099274,0.839026,0.001690
19.583333,-17.618484,-4.290850,1.382714,-1.936617,0.099256,0.839056,0.009270
19.600000,-17.618423,-4.290820,1.382594,-1.936551,0.099209,0.839051,0.004082
19.616667,-17.619122,-4.290084,1.383049,-1.939663,0.099182,0.839041,0.060854
19.633333,-17.620611,-4.288619,1.384092,-1.946048,0.099180,0.839030,0.125393
19.650000,-17.622753,-4.286559,1.385588,-1.954959,0.099203,0.839017,0.178285
19.666667,-17.624908,-4.284566,1.387052,-1.963675,0.099233,0.839014,0.176140
19.683333,-17.625126,-4.284528,1.387220,-1.964191,0.099268,0.839018,0.013241
19.700000,-17.620632,-4.289155,1.384160,-1.944926,0.099308,0.839027,0.386969
19.716667,-17.618814,-4.290988,1.382935,-1.936982,0.099425,0.839055,0.154927
19.733333,-17.618971,-4.291109,1.382934,-1.936917,0.099325,0.838767,0.011834
19.750000,-17.618944,-4.291032,1.382861,-1.936904,0.099340,0.838752,0.004877
19.766667,-17.618799,-4.291078,1.382701,-1.936615,0.099302,0.838724,0.009130
19.783333,-17.619978,-4.290199,1.383253,-1.939425,0.099375,0.837649,0.088234
19.800000,-17.621283,-4.288867,1.384155,-1.944704,0.099401,0.837625,0.111860
19.816667,-17.623102,-4.287100,1.385431,-1.952698,0.099423,0.837609,0.152170
19.833333,-17.625130,-4.285187,1.386830,-1.961454,0.099444,0.837600,0.167255
19.850000,-17.626310,-4.284174,1.387636,-1.966131,0.099471,0.837590,0.093332
19.866667,-17.624207,-4.286450,1.386230,-1.956892,0.099505,0.837589,0.185939
19.883333,-17.619816,-4.290953,1.383167,-1.937896,0.099553,0.837579,0.377349
19.900000,-17.619747,-4.291101,1.383139,-1.937426,0.099507,0.837736,0.009779
19.916667,-17.619841,-4.290888,1.383177,-1.937716,0.099623,0.837696,0.013912
19.933333,-17.619219,-4.291367,1.382720,-1.936198,0.099594,0.837734,0.047085
19.950000,-17.619923,-4.290657,1.383105,-1.938319,0.099651,0.837324,0.060004
19.966667,-17.619770,-4.290778,1.382954,-1.937825,0.099614,0.837324,0.011689
19.983333,-17.620239,-4.290322,1.383281,-1.939826,0.099614,0.837313,0.039231
20.000000,-17.621155,-4.289476,1.383930,-1.943585,0.099631,0.837301,0.074790
20.016667,-17.621836,-4.288923,1.384411,-1.946199,0.099656,0.837307,0.052655
20.033333,-17.620392,-4.290537,1.383395,-1.939702,0.099686,0.837320,0.129939
20.050000,-17.620134,-4.290957,1.383229,-1.938146,0.099722,0.837347,0.029564
20.066667,-17.620218,-4.290956,1.383335,-1.938134,0.099752,0.837380,0.005036
20.083333,-17.620441,-4.291038,1.383444,-1.938403,0.099702,0.836643,0.014255
20.100000,-17.620472,-4.290833,1.383408,-1.938566,0.099782,0.836662,0.012410
20.116667,-17.620440,-4.290744,1.383308,-1.938586,0.099762,0.836660,0.005666
20.133333,-17.621197,-4.289934,1.383794,-1.941966,0.099739,0.836657,0.066536
20.150000,-17.622808,-4.288334,1.384912,-1.948885,0.099727,0.836668,0.136273
20.166667,-17.625179,-4.286026,1.386551,-1.958918,0.099713,0.836741,0.198520
20.183333,-17.627739,-4.283550,1.388285,-1.969531,0.099704,0.836797,0.213664
20.200000,-17.628754,-4.282705,1.388975,-1.973388,0.099729,0.836833,0.079227
20.216667,-17.625353,-4.286270,1.386731,-1.958753,0.099766,0.836823,0.295588
20.233333,-17.620531,-4.291148,1.383396,-1.938166,0.099827,0.836835,0.411556
20.250000,-17.620558,-4.291133,1.383407,-1.938071,0.099832,0.836856,0.001845
20.266667,-17.620579,-4.290895,1.383442,-1.938299,0.099961,0.836877,0.014360
20.283333,-17.620432,-4.291015,1.383217,-1.937890,0.099824,0.836880,0.011404
20.300000,-17.620758,-4.290620,1.383393,-1.939461,0.099783,0.836875,0.030749
20.316667,-17.621742,-4.289625,1.384072,-1.943756,0.099769,0.836880,0.083978
20.333333,-17.623386,-4.288027,1.385222,-1.950601,0.099768,0.836883,0.137561
20.350000,-17.625317,-4.286194,1.386556,-1.958579,0.099790,0.836887,0.159693
20.366667,-17.626362,-4.285309,1.387277,-1.962659,0.099807,0.836926,0.082175
20.383333,-17.623964,-4.287874,1.385664,-1.952218,0.099830,0.836960,0.210658
20.400000,-17.620777,-4.291168,1.383435,-1.938253,0.099866,0.837051,0.275010
20.416667,-17.620586,-4.291540,1.383325,-1.937396,0.099715,0.837036,0.025054
20.433333,-17.620607,-4.291367,1.383318,-1.937502,0.099795,0.837069,0.010433
20.450000,-17.620497,-4.291386,1.383168,-1.937261,0.099757,0.837062,0.006736
20.466667,-17.620430,-4.291368,1.383055,-1.937215,0.099719,0.837054,0.004150
20.483333,-17.621016,-4.290755,1.383446,-1.939859,0.099698,0.837044,0.050873
20.500000,-17.622311,-4.289488,1.384357,-1.945351,0.099699,0.837034,0.108685
20.516667,-17.624098,-4.287789,1.385603,-1.952642,0.099716,0.837033,0.147952
20.533333,-17.625463,-4.286561,1.386555,-1.958122,0.099746,0.837037,0.110227
20.550000,-17.624176,-4.288026,1.385690,-1.952295,0.099789,0.837039,0.117056
20.566667,-17.620806,-4.291542,1.383338,-1.937676,0.099829,0.837063,0.292193
20.583333,-17.620884,-4.291541,1.383431,-1.937692,0.099857,0.837034,0.004692
20.600000,-17.620920,-4.291530,1.383430,-1.937627,0.099868,0.836920,0.002280
20.616667,-17.620781,-4.291511,1.383284,-1.937374,0.099849,0.836958,0.008432
20.633333,-17.620661,-4.291556,1.383118,-1.937136,0.099790,0.836959,0.007705
20.650000,-17.621393,-4.290779,1.383593,-1.940246,0.099772,0.836953,0.064057
20.666667,-17.623009,-4.289178,1.384735,-1.947262,0.099765,0.836941,0.136456
20.683333,-17.625368,-4.286904,1.386369,-1.957038,0.099785,0.836937,0.196633
20.700000,-17.627649,-4.284764,1.387925,-1.966342,0.099813,0.836939,0.187673
20.716667,-17.627705,-4.284881,1.387991,-1.966118,0.099860,0.836959,0.007781
20.733333,-17.622681,-4.290055,1.384565,-1.944629,0.099890,0.836972,0.432696
20.750000,-17.621111,-4.291728,1.383468,-1.937639,0.099914,0.836961,0.137678
20.766667,-17.621056,-4.291716,1.383444,-1.937443,0.099937,0.836989,0.003401
20.783333,-17.620964,-4.291725,1.383314,-1.937201,0.099892,0.837016,0.005520
20.800000,-17.620871,-4.291732,1.383175,-1.937033,0.099848,0.837011,0.005624
20.816667,-17.621347,-4.291215,1.383463,-1.938980,0.099819,0.836998,0.042216
20.833333,-17.622450,-4.290112,1.384239,-1.943950,0.099807,0.836994,0.093566
20.850000,-17.624161,-4.288466,1.385438,-1.951089,0.099820,0.836980,0.142449
20.866667,-17.625954,-4.286793,1.386678,-1.958394,0.099843,0.836980,0.147143
20.883333,-17.626339,-4.286572,1.386954,-1.959663,0.099878,0.836989,0.026658
20.900000,-17.622671,-4.290401,1.384434,-1.943803,0.099921,0.836999,0.318179
20.916667,-17.621233,-4.291957,1.383431,-1.937356,0.099952,0.837027,0.127125
20.933333,-17.621243,-4.291955,1.383460,-1.937233,0.099961,0.837045,0.000590
20.950000,-17.621099,-4.292021,1.383321,-1.936830,0.099906,0.837115,0.009448
20.966667,-17.622162,-4.291662,1.383592,-1.938239,0.100084,0.834926,0.067277
20.983333,-17.622574,-4.291039,1.383934,-1.940411,0.100210,0.834952,0.044825
21.000000,-17.623594,-4.290006,1.384576,-1.944708,0.100192,0.834958,0.087114
21.016667,-17.625069,-4.288569,1.385599,-1.950919,0.100177,0.834965,0.123517
21.033333,-17.626856,-4.286846,1.386841,-1.958329,0.100203,0.834959,0.148962
21.050000,-17.628212,-4.285621,1.387762,-1.963723,0.100226,0.834949,0.109668
21.066667,-17.627186,-4.286813,1.387082,-1.959054,0.100256,0.834968,0.094397
21.083333,-17.622427,-4.291749,1.383766,-1.938591,0.100272,0.834995,0.411375
21.100000,-17.622511,-4.291737,1.383854,-1.938604,0.100304,0.835034,0.005086
21.116667,-17.622467,-4.291761,1.383827,-1.938346,0.100298,0.835060,0.003010
21.133333,-17.622435,-4.291759,1.383722,-1.938236,0.100243,0.835050,0.001949
21.150000,-17.622330,-4.291728,1.383604,-1.938104,0.100236,0.835071,0.006580
21.166667,-17.622845,-4.291157,1.383931,-1.940533,0.100199,0.835088,0.046126
21.183333,-17.623974,-4.290019,1.384716,-1.945374,0.100189,0.835091,0.096197
21.200000,-17.625692,-4.288335,1.385919,-1.952585,0.100198,0.835085,0.144332
21.216667,-17.627636,-4.286498,1.387249,-1.960537,0.100214,0.835079,0.160491
21.233333,-17.628616,-4.285662,1.387926,-1.964346,0.100251,0.835072,0.077301
21.250000,-17.626221,-4.288221,1.386320,-1.953935,0.100282,0.835101,0.210350
21.266667,-17.622641,-4.291924,1.383813,-1.938394,0.100310,0.835143,0.309045
21.283333,-17.622663,-4.291947,1.383855,-1.938251,0.100325,0.835164,0.001942
21.300000,-17.622625,-4.291909,1.383818,-1.938187,0.100301,0.835221,0.003257
21.316667,-17.622501,-4.291985,1.383644,-1.937805,0.100245,0.835213,0.008734
21.333333,-17.622490,-4.291925,1.383580,-1.937927,0.100253,0.835106,0.003642
21.350000,-17.622305,-4.292079,1.383432,-1.937710,0.100217,0.835104,0.014426
21.366667,-17.622736,-4.291658,1.383714,-1.939185,0.100228,0.835104,0.036154
21.383333,-17.623571,-4.290892,1.384304,-1.942570,0.100235,0.835099,0.067998
21.400000,-17.624197,-4.290380,1.384752,-1.944995,0.100264,0.835092,0.048528
21.416667,-17.622868,-4.291877,1.383813,-1.939001,0.100296,0.835102,0.120159
21.433333,-17.622765,-4.292140,1.383760,-1.938127,0.100328,0.835135,0.016906
21.450000,-17.622828,-4.292170,1.383847,-1.938047,0.100352,0.835173,0.004185
21.466667,-17.622782,-4.292213,1.383838,-1.937920,0.100290,0.835241,0.003784
21.483333,-17.622665,-4.292236,1.383669,-1.937504,0.100289,0.835258,0.007115
21.500000,-17.622595,-4.292151,1.383575,-1.937486,0.100297,0.835277,0.006623
21.516667,-17.623035,-4.291640,1.383846,-1.939537,0.100274,0.835275,0.040491
21.533333,-17.624151,-4.290522,1.384617,-1.944329,0.100255,0.835266,0.094780
21.550000,-17.625889,-4.288832,1.385834,-1.951606,0.100261,0.835257,0.145431
21.566667,-17.627811,-4.287008,1.387162,-1.959513,0.100279,0.835250,0.158986
21.583333,-17.628584,-4.286390,1.387698,-1.962416,0.100313,0.835248,0.059373
21.600000,-17.625610,-4.289538,1.385678,-1.949471,0.100353,0.835249,0.259825
21.616667,-17.622948,-4.292334,1.383808,-1.937809,0.100385,0.835289,0.231668
21.633333,-17.622942,-4.292343,1.383843,-1.937666,0.100400,0.835327,0.000643
21.650000,-17.622839,-4.292383,1.383750,-1.937379,0.100352,0.835351,0.006620
21.666667,-17.624180,-4.291859,1.384183,-1.939475,0.100696,0.832652,0.086378
21.683333,-17.624748,-4.291050,1.384658,-1.942366,0.100851,0.832647,0.059309
21.700000,-17.625944,-4.289811,1.385473,-1.947618,0.100842,0.832647,0.103313
21.716667,-17.627754,-4.288022,1.386722,-1.955248,0.100824,0.832660,0.152702
21.733333,-17.630011,-4.285826,1.388267,-1.964641,0.100826,0.832681,0.188929
21.750000,-17.632032,-4.283925,1.389623,-1.972878,0.100834,0.832701,0.166515
21.766667,-17.631918,-4.284213,1.389566,-1.972025,0.100865,0.832705,0.018595
21.783333,-17.627069,-4.289293,1.386294,-1.951265,0.100835,0.832705,0.421354
21.800000,-17.624403,-4.292023,1.384417,-1.939593,0.100916,0.832735,0.228964
21.816667,-17.624414,-4.291966,1.384442,-1.939546,0.100956,0.832755,0.003445
21.833333,-17.624281,-4.292050,1.384309,-1.939180,0.100916,0.832710,0.009462
21.850000,-17.624788,-4.291780,1.384363,-1.939710,0.100948,0.831766,0.034507
21.866667,-17.625006,-4.291477,1.384488,-1.940859,0.100955,0.831761,0.022343
21.883333,-17.625528,-4.290936,1.384850,-1.943380,0.100945,0.831755,0.045162
21.900000,-17.626415,-4.290078,1.385475,-1.947061,0.100957,0.831738,0.074034
21.916667,-17.627432,-4.289132,1.386191,-1.951213,0.100980,0.831724,0.083322
21.933333,-17.627922,-4.288770,1.386529,-1.953023,0.101005,0.831716,0.036542
21.950000,-17.626120,-4.290745,1.385274,-1.945031,0.101042,0.831722,0.160433
21.966667,-17.625008,-4.292027,1.384485,-1.939865,0.101071,0.831735,0.101812
21.983333,-17.625103,-4.292018,1.384589,-1.939890,0.101094,0.831761,0.005748
22.000000,-17.625120,-4.292022,1.384594,-1.939815,0.101104,0.831708,0.001055
22.016667,-17.624956,-4.292060,1.384458,-1.939454,0.101088,0.831768,0.010105
22.033333,-17.624886,-4.292076,1.384326,-1.939291,0.101036,0.831761,0.004338
22.050000,-17.625071,-4.291842,1.384409,-1.940217,0.101006,0.831749,0.017882
22.066667,-17.625675,-4.291230,1.384820,-1.942818,0.101002,0.831738,0.051609
22.083333,-17.626684,-4.290256,1.385533,-1.947041,0.101020,0.831720,0.084171
22.100000,-17.627829,-4.289193,1.386337,-1.951725,0.101040,0.831701,0.093711
22.116667,-17.628262,-4.288892,1.386641,-1.953267,0.101071,0.831695,0.031635
22.133333,-17.625978,-4.291369,1.385046,-1.943250,0.101101,0.831696,0.202150
22.150000,-17.625233,-4.292263,1.384533,-1.939691,0.101132,0.831717,0.069835
22.166667,-17.625233,-4.292403,1.384565,-1.939392,0.101069,0.831720,0.008411
22.183333,-17.625332,-4.292225,1.384617,-1.939658,0.101152,0.831695,0.012244
22.200000,-17.625326,-4.292250,1.384542,-1.939523,0.101173,0.831429,0.001555
22.216667,-17.626143,-4.291333,1.385054,-1.942760,0.101165,0.831429,0.073662
22.233333,-17.627144,-4.290276,1.385726,-1.947296,0.101148,0.831422,0.087388
22.250000,-17.628643,-4.288768,1.386766,-1.953973,0.101134,0.831410,0.127554
22.266667,-17.630674,-4.286775,1.388158,-1.962443,0.101143,0.831397,0.170753
22.283333,-17.632862,-4.284670,1.389632,-1.971430,0.101168,0.831388,0.182149
22.300000,-17.634132,-4.283542,1.390479,-1.976424,0.101208,0.831386,0.101957
22.316667,-17.632181,-4.285671,1.389210,-1.967879,0.101245,0.831387,0.173277
22.333333,-17.625671,-4.292393,1.384700,-1.939964,0.101266,0.831381,0.561448
22.350000,-17.625767,-4.292365,1.384778,-1.940024,0.101268,0.831384,0.005958
22.366667,-17.625820,-4.292396,1.384736,-1.939985,0.101199,0.831270,0.003691
22.383333,-17.625580,-4.292474,1.384543,-1.939517,0.101172,0.831354,0.015164
22.400000,-17.626127,-4.292318,1.384692,-1.940333,0.101279,0.830586,0.034143
22.416667,-17.625967,-4.292454,1.384559,-1.940197,0.101257,0.830576,0.012605
22.433333,-17.626354,-4.292067,1.384801,-1.941463,0.101273,0.830560,0.032854
22.450000,-17.627132,-4.291341,1.385352,-1.944639,0.101290,0.830540,0.063865
22.466667,-17.627859,-4.290716,1.385866,-1.947509,0.101319,0.830527,0.057515
22.483333,-17.627159,-4.291583,1.385376,-1.944200,0.101355,0.830525,0.066853
22.500000,-17.626446,-4.292476,1.384876,-1.940712,0.101385,0.830527,0.068582
22.516667,-17.626522,-4.292507,1.384975,-1.940678,0.101422,0.830543,0.004941
22.533333,-17.626562,-4.292635,1.384998,-1.940446,0.101390,0.830357,0.008063
22.550000,-17.626560,-4.292532,1.384949,-1.940476,0.101432,0.830391,0.006152
22.566667,-17.626507,-4.292502,1.384865,-1.940487,0.101427,0.830377,0.003691
22.583333,-17.626408,-4.292521,1.384739,-1.940367,0.101393,0.830380,0.006060
22.600000,-17.627157,-4.291739,1.385250,-1.943605,0.101384,0.830359,0.064974
22.616667,-17.628662,-4.290268,1.386302,-1.949934,0.101394,0.830326,0.126287
22.633333,-17.630543,-4.288471,1.387609,-1.957685,0.101418,0.830310,0.156058
22.650000,-17.631620,-4.287545,1.388358,-1.961898,0.101450,0.830305,0.085252
22.666667,-17.629320,-4.290061,1.386799,-1.951762,0.101476,0.830327,0.204511
22.683333,-17.626842,-4.292712,1.385065,-1.940835,0.101516,0.830347,0.217745
22.700000,-17.626896,-4.292697,1.385135,-1.940781,0.101535,0.830360,0.003325
22.716667,-17.627026,-4.292664,1.385164,-1.940927,0.101590,0.829979,0.008043
22.733333,-17.627319,-4.292268,1.385280,-1.941792,0.101602,0.829966,0.029572
22.750000,-17.627708,-4.291780,1.385497,-1.943686,0.101567,0.829969,0.037461
22.766667,-17.628906,-4.290547,1.386326,-1.949414,0.101548,0.829951,0.103105
22.783333,-17.631065,-4.288412,1.387811,-1.958505,0.101552,0.829935,0.182219
22.800000,-17.633873,-4.285670,1.389718,-1.970155,0.101570,0.829916,0.235439
22.816667,-17.636221,-4.283468,1.391272,-1.979616,0.101606,0.829910,0.193139
22.833333,-17.635391,-4.284494,1.390773,-1.975735,0.101659,0.829933,0.079177
22.850000,-17.628778,-4.291324,1.386290,-1.947416,0.101681,0.829956,0.570371
22.866667,-17.627565,-4.292756,1.385471,-1.941699,0.101831,0.829629,0.112602
22.883333,-17.627663,-4.292742,1.385427,-1.941703,0.101795,0.829422,0.005895
22.900000,-17.627884,-4.292586,1.385397,-1.941969,0.101811,0.828954,0.016224
22.916667,-17.627707,-4.292729,1.385217,-1.941552,0.101707,0.828939,0.013673
22.933333,-17.628145,-4.292204,1.385494,-1.943538,0.101741,0.828943,0.041049
22.950000,-17.629196,-4.291153,1.386228,-1.948043,0.101727,0.828937,0.089176
22.966667,-17.630718,-4.289670,1.387298,-1.954419,0.101743,0.828932,0.127523
22.983333,-17.632055,-4.288435,1.388223,-1.959808,0.101768,0.828928,0.109209
23.000000,-17.631382,-4.289292,1.387769,-1.956569,0.101800,0.828929,0.065408
23.016667,-17.628038,-4.292881,1.385435,-1.941932,0.101802,0.828948,0.294295
23.033333,-17.628166,-4.292820,1.385561,-1.942053,0.101857,0.828977,0.008497
23.050000,-17.628225,-4.292906,1.385575,-1.941890,0.101895,0.828747,0.006254
23.066667,-17.628227,-4.292793,1.385520,-1.941991,0.101903,0.828779,0.006782
23.083333,-17.628160,-4.292806,1.385394,-1.941844,0.101878,0.828686,0.004079
23.100000,-17.629318,-4.291588,1.386144,-1.946298,0.101846,0.828663,0.100821
23.116667,-17.631134,-4.289707,1.387412,-1.954128,0.101861,0.828663,0.156851
23.133333,-17.633600,-4.287260,1.389122,-1.965101,0.101859,0.828659,0.208457
23.150000,-17.636332,-4.284603,1.390950,-1.976401,0.101883,0.828657,0.228626
23.166667,-17.637848,-4.283233,1.391952,-1.982379,0.101913,0.828660,0.122632
23.183333,-17.635443,-4.285835,1.390409,-1.971887,0.101955,0.828665,0.212605
23.200000,-17.628538,-4.292984,1.385644,-1.942231,0.101959,0.828708,0.596364
23.216667,-17.628508,-4.293042,1.385659,-1.941998,0.101950,0.828704,0.003916
23.233333,-17.628393,-4.293031,1.385553,-1.941727,0.101940,0.828800,0.006898
23.250000,-17.628382,-4.292984,1.385455,-1.941747,0.101894,0.828751,0.002914
23.266667,-17.628513,-4.292801,1.385505,-1.942497,0.101938,0.828598,0.013530
23.283333,-17.629057,-4.292234,1.385863,-1.945011,0.101913,0.828584,0.047107
23.300000,-17.630320,-4.290967,1.386749,-1.950278,0.101925,0.828584,0.107323
23.316667,-17.632069,-4.289282,1.387964,-1.957513,0.101937,0.828575,0.145725
23.333333,-17.633354,-4.288117,1.388852,-1.962670,0.101966,0.828574,0.104110
23.350000,-17.631868,-4.289797,1.387855,-1.955984,0.102004,0.828572,0.134584
23.366667,-17.628752,-4.293101,1.385685,-1.942324,0.102042,0.828599,0.272520
23.383333,-17.629084,-4.293049,1.385906,-1.942838,0.102146,0.828240,0.020155
23.400000,-17.627773,-4.294188,1.385151,-1.939565,0.102211,0.828338,0.104140
23.416667,-17.628893,-4.294614,1.385461,-1.940314,0.101500,0.827237,0.071881
23.433333,-17.631359,-4.293899,1.386579,-1.944245,0.102946,0.825840,0.154062
23.450000,-17.633533,-4.291908,1.387894,-1.950986,0.103091,0.825427,0.176885
23.466667,-17.635725,-4.289751,1.389316,-1.959039,0.103008,0.825417,0.184508
23.483333,-17.637928,-4.287462,1.390865,-1.968072,0.103146,0.825380,0.190606
23.500000,-17.640118,-4.285344,1.392279,-1.977502,0.103147,0.825377,0.182807
23.516667,-17.641306,-4.284262,1.393089,-1.983585,0.103164,0.825413,0.096404
23.533333,-17.639717,-4.286080,1.392122,-1.979013,0.103108,0.825441,0.144874
23.550000,-17.633245,-4.292400,1.388016,-1.954717,0.103151,0.825652,0.542741
23.566667,-17.630192,-4.295988,1.385739,-1.940651,0.103118,0.824648,0.282658
23.583333,-17.630850,-4.295829,1.386089,-1.942010,0.103368,0.823722,0.040609
23.600000,-17.630810,-4.295536,1.386136,-1.942224,0.103655,0.823802,0.017759
23.616667,-17.630764,-4.295510,1.386046,-1.942160,0.103631,0.823834,0.003151
23.633333,-17.630699,-4.295526,1.385967,-1.942056,0.103602,0.823851,0.003997
23.650000,-17.630676,-4.295531,1.385933,-1.942051,0.103589,0.823860,0.001416
23.666667,-17.630693,-4.295542,1.385929,-1.942065,0.103593,0.823830,0.001222
23.683333,-17.630711,-4.295572,1.385939,-1.942087,0.103598,0.823830,0.002076
23.700000,-17.630760,-4.295578,1.385972,-1.942172,0.103617,0.823735,0.002995
23.716667,-17.630783,-4.295632,1.386007,-1.942199,0.103626,0.823816,0.003513
23.733333,-17.630880,-4.295677,1.386075,-1.942252,0.103645,0.823844,0.006426
23.750000,-17.630989,-4.295691,1.386171,-1.942323,0.103671,0.823882,0.006579
23.766667,-17.631086,-4.295681,1.386248,-1.942329,0.103692,0.823906,0.005867
23.783333,-17.631109,-4.295663,1.386258,-1.942264,0.103686,0.823925,0.001752
23.800000,-17.631102,-4.295629,1.386209,-1.942259,0.103683,0.823845,0.002082
23.816667,-17.630991,-4.295637,1.386090,-1.942070,0.103647,0.823931,0.006653
23.833333,-17.630920,-4.295654,1.386001,-1.941946,0.103622,0.823949,0.004358
23.850000,-17.631086,-4.295469,1.386103,-1.942758,0.103603,0.823973,0.014890
23.866667,-17.631433,-4.295134,1.386345,-1.944261,0.103600,0.823978,0.028954
23.883333,-17.631876,-4.294739,1.386657,-1.946046,0.103613,0.823945,0.035582
23.900000,-17.632051,-4.294653,1.386778,-1.946623,0.103628,0.823947,0.011721
23.916667,-17.631073,-4.295737,1.386078,-1.942202,0.103660,0.823777,0.087611
23.933333,-17.631187,-4.295756,1.386176,-1.942335,0.103694,0.823782,0.006961
23.950000,-17.631353,-4.295721,1.386319,-1.942594,0.103748,0.823685,0.010179
23.966667,-17.631392,-4.295722,1.386358,-1.942483,0.103759,0.823734,0.002290
23.983333,-17.631351,-4.295706,1.386316,-1.942324,0.103741,0.823787,0.002593
24.000000,-17.631334,-4.295731,1.386242,-1.942283,0.103707,0.823861,0.001809
24.016667,-17.631166,-4.295609,1.386167,-1.942515,0.103759,0.823402,0.012419
24.033333,-17.631268,-4.295451,1.386207,-1.943016,0.103753,0.823400,0.011270
24.050000,-17.631588,-4.295125,1.386422,-1.944450,0.103746,0.823401,0.027454
24.066667,-17.632214,-4.294548,1.386848,-1.946947,0.103759,0.823350,0.051044
24.083333,-17.632797,-4.294026,1.387253,-1.949250,0.103783,0.823238,0.046987
24.100000,-17.632425,-4.294521,1.387004,-1.947482,0.103801,0.823306,0.037148
24.116667,-17.631483,-4.295648,1.386337,-1.943027,0.103843,0.823283,0.088129
24.133333,-17.631594,-4.295669,1.386441,-1.943074,0.103866,0.823316,0.006761
24.150000,-17.631664,-4.295659,1.386511,-1.943027,0.103874,0.823345,0.004277
24.166667,-17.631588,-4.295652,1.386465,-1.942845,0.103844,0.823500,0.004598
24.183333,-17.631842,-4.295484,1.386544,-1.943530,0.103953,0.822745,0.018251
24.200000,-17.631748,-4.295460,1.386429,-1.943428,0.103934,0.822793,0.005787
24.216667,-17.632124,-4.295025,1.386666,-1.945229,0.103913,0.822808,0.034483
24.233333,-17.632969,-4.294178,1.387246,-1.948836,0.103909,0.822778,0.071798
24.250000,-17.634169,-4.292994,1.388094,-1.953935,0.103905,0.822794,0.101134
24.266667,-17.635345,-4.291893,1.388915,-1.958773,0.103906,0.822802,0.096695
24.283333,-17.635227,-4.292171,1.388842,-1.957979,0.103913,0.822815,0.018100
24.300000,-17.631931,-4.295738,1.386526,-1.943458,0.103940,0.822811,0.291405
24.316667,-17.632082,-4.295703,1.386661,-1.943599,0.103989,0.822825,0.009279
24.333333,-17.632086,-4.295633,1.386739,-1.943734,0.104011,0.822857,0.004212
24.350000,-17.632238,-4.295568,1.386790,-1.944071,0.104049,0.822320,0.009959
24.366667,-17.632154,-4.295568,1.386677,-1.943954,0.104034,0.822493,0.005035
24.383333,-17.632181,-4.295439,1.386647,-1.944332,0.104019,0.822501,0.007917
24.400000,-17.632807,-4.294770,1.387063,-1.947166,0.103994,0.822501,0.054957
24.416667,-17.634130,-4.293455,1.387978,-1.952781,0.103988,0.822434,0.111936
24.433333,-17.635929,-4.291680,1.389230,-1.960338,0.103989,0.822449,0.151631
24.450000,-17.637506,-4.290186,1.390316,-1.966802,0.104001,0.822451,0.130353
24.466667,-17.636919,-4.290975,1.389927,-1.963898,0.104014,0.822453,0.059006
24.483333,-17.632303,-4.295865,1.386731,-1.943892,0.104027,0.822544,0.403483
24.500000,-17.634562,-4.294420,1.388102,-1.948598,0.104112,0.821889,0.160856
24.516667,-17.634872,-4.293877,1.388339,-1.949543,0.104368,0.821888,0.037573
24.533333,-17.635036,-4.293782,1.388327,-1.949818,0.104415,0.821491,0.011370
24.550000,-17.634859,-4.293837,1.388130,-1.949461,0.104405,0.821473,0.011140
24.566667,-17.635317,-4.293426,1.388375,-1.951262,0.104396,0.821134,0.036913
24.583333,-17.636522,-4.292236,1.389175,-1.956305,0.104382,0.821004,0.101620
24.600000,-17.638420,-4.290340,1.390479,-1.964332,0.104375,0.821023,0.160954
24.616667,-17.640587,-4.288243,1.391945,-1.973276,0.104393,0.821004,0.180905
24.633333,-17.641235,-4.287724,1.392416,-1.975862,0.104395,0.821120,0.049829
24.650000,-17.637613,-4.291624,1.390002,-1.960099,0.104426,0.821162,0.319312
24.666667,-17.635303,-4.294079,1.388391,-1.949664,0.104457,0.821743,0.202257
24.683333,-17.635206,-4.294137,1.388356,-1.949241,0.104384,0.822122,0.006801
24.700000,-17.635193,-4.293992,1.388306,-1.949281,0.104408,0.822148,0.008734
24.716667,-17.634764,-4.294324,1.387947,-1.948251,0.104361,0.822143,0.032551
24.733333,-17.634670,-4.294403,1.387871,-1.949278,0.104253,0.822131,0.007330
24.750000,-17.635321,-4.293931,1.388310,-1.952874,0.104287,0.821438,0.048203
24.766667,-17.637112,-4.292662,1.389387,-1.956824,0.104426,0.820925,0.131712
24.783333,-17.638784,-4.290918,1.390528,-1.962933,0.104609,0.820926,0.144962
24.800000,-17.639282,-4.290435,1.390883,-1.965409,0.104616,0.821027,0.041619
24.816667,-17.636232,-4.293792,1.388784,-1.951991,0.104629,0.821035,0.272108
24.833333,-17.635809,-4.294362,1.388528,-1.949960,0.104687,0.821022,0.042595
24.850000,-17.635864,-4.294403,1.388578,-1.949906,0.104725,0.820809,0.004148
24.866667,-17.635977,-4.294255,1.388608,-1.950085,0.104657,0.820907,0.011170
24.883333,-17.635946,-4.294079,1.388524,-1.950193,0.104724,0.820951,0.010715
24.900000,-17.636250,-4.293678,1.388675,-1.951693,0.104688,0.820950,0.030144
24.916667,-17.637390,-4.292473,1.389445,-1.956740,0.104674,0.820944,0.099551
24.933333,-17.639450,-4.290390,1.390856,-1.965500,0.104676,0.820931,0.175785
24.950000,-17.642130,-4.287727,1.392662,-1.976712,0.104697,0.820916,0.226664
24.966667,-17.644373,-4.285581,1.394141,-1.985987,0.104731,0.820907,0.186267
24.983333,-17.643665,-4.286508,1.393706,-1.982452,0.104761,0.820906,0.069949
25.000000,-17.637356,-4.293173,1.389479,-1.955437,0.104829,0.820801,0.550678
25.016667,-17.636219,-4.294606,1.388691,-1.950228,0.104906,0.820098,0.109744
25.033333,-17.635860,-4.295058,1.388417,-1.949196,0.104903,0.819761,0.034642
25.050000,-17.636614,-4.295050,1.388677,-1.950022,0.104714,0.819267,0.045207
25.066667,-17.636406,-4.294869,1.388544,-1.949936,0.105102,0.819268,0.016509
25.083333,-17.637085,-4.294132,1.388924,-1.952161,0.105092,0.819262,0.060135
25.100000,-17.637743,-4.293508,1.389350,-1.954814,0.105088,0.819163,0.054419
25.116667,-17.638714,-4.292535,1.390029,-1.958934,0.105091,0.819233,0.082460
25.133333,-17.639668,-4.291601,1.390692,-1.962913,0.105088,0.819233,0.080097
25.150000,-17.639296,-4.292015,1.390468,-1.961341,0.105070,0.819381,0.033387
25.166667,-17.636139,-4.295275,1.388351,-1.949128,0.105088,0.819381,0.272277
25.183333,-17.636696,-4.295667,1.388621,-1.949200,0.104528,0.819359,0.040846
25.200000,-17.637901,-4.295274,1.389264,-1.951295,0.105248,0.818870,0.076063
25.216667,-17.638161,-4.295073,1.389397,-1.952021,0.105458,0.817998,0.019698
25.233333,-17.638168,-4.294888,1.389360,-1.952241,0.105539,0.818219,0.011082
25.250000,-17.638145,-4.294817,1.389284,-1.952299,0.105524,0.818212,0.004506
25.266667,-17.638735,-4.294175,1.389667,-1.954934,0.105511,0.818202,0.052304
25.283333,-17.639875,-4.293014,1.390458,-1.960008,0.105501,0.818198,0.097636
25.300000,-17.641392,-4.291491,1.391503,-1.966446,0.105487,0.818281,0.128949
25.316667,-17.642656,-4.290257,1.392360,-1.971614,0.105494,0.818242,0.105996
25.333333,-17.641785,-4.291179,1.391815,-1.967905,0.105486,0.818366,0.076096
25.350000,-17.638157,-4.295121,1.389316,-1.951942,0.105503,0.818392,0.321457
25.366667,-17.638256,-4.294987,1.389448,-1.952041,0.105558,0.818741,0.010025
25.383333,-17.638393,-4.294913,1.389468,-1.952127,0.105493,0.818729,0.009344
25.400000,-17.638283,-4.294882,1.389369,-1.952006,0.105471,0.818883,0.006893
25.416667,-17.638237,-4.294809,1.389270,-1.952005,0.105461,0.818873,0.005192
25.433333,-17.638710,-4.294250,1.389555,-1.954202,0.105442,0.818877,0.043908
25.450000,-17.639936,-4.292976,1.390392,-1.959684,0.105423,0.818872,0.106108
25.466667,-17.641918,-4.290966,1.391757,-1.968167,0.105412,0.818971,0.169394
25.483333,-17.644304,-4.288556,1.393360,-1.978160,0.105417,0.819019,0.203460
25.500000,-17.645712,-4.287105,1.394341,-1.984277,0.105396,0.819246,0.121316
25.516667,-17.643734,-4.289323,1.393069,-1.975516,0.105412,0.819284,0.178341
25.533333,-17.638161,-4.295181,1.389259,-1.951280,0.105349,0.819905,0.485115
25.550000,-17.638262,-4.295582,1.389321,-1.951176,0.105282,0.818691,0.024814
25.566667,-17.638931,-4.295485,1.389583,-1.952227,0.105560,0.817732,0.040586
25.583333,-17.638918,-4.295248,1.389515,-1.952305,0.105649,0.818064,0.014242
25.600000,-17.638922,-4.295159,1.389453,-1.952411,0.105632,0.818066,0.005326
25.616667,-17.639553,-4.294486,1.389856,-1.955214,0.105624,0.818042,0.055400
25.633333,-17.640753,-4.293291,1.390686,-1.960512,0.105617,0.818092,0.101578
25.650000,-17.642380,-4.291657,1.391804,-1.967420,0.105603,0.818175,0.138357
25.666667,-17.643810,-4.290249,1.392771,-1.973301,0.105613,0.818138,0.120416
25.683333,-17.643040,-4.291084,1.392287,-1.969914,0.105611,0.818199,0.068171
25.700000,-17.638939,-4.295520,1.389468,-1.951939,0.105613,0.818267,0.362466
25.716667,-17.639105,-4.295464,1.389615,-1.952111,0.105608,0.818273,0.010522
25.733333,-17.639130,-4.295197,1.389668,-1.952301,0.105735,0.818592,0.016062
25.750000,-17.639271,-4.295191,1.389677,-1.952675,0.105791,0.817721,0.008477
25.766667,-17.639277,-4.295180,1.389597,-1.952766,0.105783,0.817408,0.000742
25.783333,-17.639877,-4.294502,1.389966,-1.955496,0.105757,0.817397,0.054336
25.800000,-17.641224,-4.293186,1.390871,-1.961324,0.105756,0.817397,0.112994
25.816667,-17.643188,-4.291209,1.392208,-1.969622,0.105746,0.817443,0.167206
25.833333,-17.645290,-4.289059,1.393630,-1.978464,0.105761,0.817493,0.180427
25.850000,-17.646086,-4.288409,1.394167,-1.981507,0.105762,0.817500,0.061628
25.866667,-17.642803,-4.291986,1.392015,-1.967249,0.105780,0.817581,0.291283
25.883333,-17.639399,-4.295467,1.389697,-1.952383,0.105794,0.818193,0.292187
25.900000,-17.639486,-4.295223,1.389841,-1.952607,0.105991,0.818211,0.015566
25.916667,-17.639406,-4.295525,1.389691,-1.952060,0.105815,0.818074,0.018710
25.933333,-17.639460,-4.295276,1.389655,-1.952369,0.105907,0.818075,0.015246
25.950000,-17.639742,-4.294942,1.389788,-1.953657,0.105892,0.818057,0.026251
25.966667,-17.640676,-4.293960,1.390418,-1.957930,0.105877,0.818050,0.081331
25.983333,-17.642353,-4.292273,1.391572,-1.965121,0.105854,0.818167,0.142727
26.000000,-17.644527,-4.290062,1.393046,-1.974256,0.105867,0.818206,0.186046
26.016667,-17.646255,-4.288306,1.394224,-1.981606,0.105856,0.818321,0.147829
26.033333,-17.645336,-4.289454,1.393637,-1.977259,0.105877,0.818291,0.088233
26.050000,-17.639517,-4.295639,1.389675,-1.952030,0.105911,0.818323,0.509539
26.066667,-17.639772,-4.295550,1.389860,-1.952480,0.105972,0.817950,0.016232
26.083333,-17.639923,-4.295557,1.389926,-1.952763,0.106032,0.817209,0.009051
26.100000,-17.639992,-4.295558,1.389888,-1.952939,0.106043,0.816632,0.004121
26.116667,-17.639978,-4.295418,1.389817,-1.953082,0.106084,0.816629,0.008478
26.133333,-17.640497,-4.294834,1.390137,-1.955427,0.106066,0.816613,0.046854
26.150000,-17.641602,-4.293718,1.390894,-1.960377,0.106048,0.816600,0.094194
26.166667,-17.643185,-4.292105,1.391993,-1.967160,0.106037,0.816669,0.135611
26.183333,-17.644758,-4.290559,1.393049,-1.973625,0.106043,0.816636,0.132373
26.200000,-17.644552,-4.290824,1.392934,-1.972601,0.106037,0.816662,0.020145
26.216667,-17.640055,-4.295672,1.389865,-1.952973,0.106066,0.816694,0.396776
26.233333,-17.640169,-4.295570,1.389984,-1.953013,0.106114,0.816865,0.009200
26.250000,-17.640587,-4.295732,1.390163,-1.953495,0.106225,0.815580,0.026874
26.266667,-17.640762,-4.295563,1.390239,-1.954049,0.106420,0.814811,0.014609
26.283333,-17.641066,-4.295400,1.390254,-1.954839,0.106439,0.814023,0.020647
26.300000,-17.641542,-4.294828,1.390534,-1.957106,0.106412,0.814014,0.044691
26.316667,-17.642717,-4.293587,1.391333,-1.962447,0.106390,0.814008,0.102526
26.333333,-17.644592,-4.291656,1.392609,-1.970406,0.106427,0.814023,0.161477
26.350000,-17.646744,-4.289385,1.394067,-1.979490,0.106507,0.814080,0.187727
26.366667,-17.648050,-4.288130,1.394948,-1.984863,0.106512,0.814164,0.108680
26.383333,-17.646017,-4.290442,1.393637,-1.975806,0.106541,0.814174,0.184740
26.400000,-17.641321,-4.295553,1.390388,-1.954767,0.106562,0.814911,0.416411
26.416667,-17.640955,-4.295993,1.390182,-1.953687,0.106437,0.814087,0.034353
26.433333,-17.641220,-4.296618,1.390204,-1.953391,0.106086,0.813086,0.040768
26.450000,-17.642508,-4.296119,1.390797,-1.955796,0.106991,0.811394,0.082863
26.466667,-17.643641,-4.294847,1.391407,-1.959549,0.107218,0.811125,0.102192
26.483333,-17.644772,-4.293535,1.392173,-1.964848,0.107300,0.811138,0.103946
26.500000,-17.646458,-4.291791,1.393301,-1.972092,0.107316,0.811065,0.145538
26.516667,-17.648621,-4.289556,1.394750,-1.981295,0.107311,0.811127,0.186631
26.533333,-17.650881,-4.287239,1.396226,-1.990784,0.107315,0.811129,0.194187
26.550000,-17.651962,-4.286167,1.396932,-1.995181,0.107319,0.811138,0.091382
26.566667,-17.649448,-4.288820,1.395370,-1.984479,0.107321,0.811370,0.219318
26.583333,-17.642994,-4.295692,1.390993,-1.956472,0.107267,0.812048,0.565679
26.600000,-17.642986,-4.295881,1.391076,-1.956397,0.107298,0.811388,0.011310
26.616667,-17.643463,-4.295868,1.391169,-1.956977,0.107343,0.810820,0.028621
26.633333,-17.643566,-4.295886,1.391164,-1.957240,0.107408,0.809940,0.006275
26.650000,-17.643688,-4.295922,1.391156,-1.957558,0.107485,0.809256,0.007632
26.666667,-17.643923,-4.295415,1.391363,-1.958721,0.107762,0.809247,0.033512
26.683333,-17.644350,-4.294987,1.391596,-1.960381,0.107762,0.809236,0.036273
26.700000,-17.644917,-4.294441,1.391989,-1.962771,0.107763,0.809241,0.047226
26.716667,-17.645315,-4.294072,1.392268,-1.964408,0.107760,0.809267,0.032595
26.733333,-17.644428,-4.295002,1.391699,-1.960713,0.107755,0.809428,0.077141
26.750000,-17.643990,-4.295526,1.391420,-1.958557,0.107786,0.809602,0.040984
26.766667,-17.644218,-4.295731,1.391570,-1.958813,0.107841,0.808620,0.018418
26.783333,-17.644323,-4.295775,1.391632,-1.958771,0.107874,0.808497,0.006845
26.800000,-17.644329,-4.295701,1.391611,-1.958750,0.107898,0.808492,0.004505
26.816667,-17.644400,-4.295620,1.391602,-1.958999,0.107905,0.808419,0.006427
26.833333,-17.644270,-4.295659,1.391459,-1.958765,0.107895,0.808414,0.008128
26.850000,-17.644472,-4.295553,1.391531,-1.959405,0.107893,0.808151,0.013693
26.866667,-17.645191,-4.294823,1.392019,-1.962536,0.107879,0.808124,0.061503
26.883333,-17.646326,-4.293657,1.392805,-1.967387,0.107879,0.808192,0.097600
26.900000,-17.647341,-4.292557,1.393510,-1.971612,0.107980,0.808224,0.089795
26.916667,-17.646812,-4.293236,1.393141,-1.968808,0.108111,0.808142,0.051621
26.933333,-17.644716,-4.295512,1.391720,-1.959494,0.108110,0.808552,0.185650
26.950000,-17.644817,-4.295526,1.391825,-1.959499,0.108143,0.808563,0.006122
26.966667,-17.644642,-4.295856,1.391712,-1.958715,0.107980,0.808556,0.022449
26.983333,-17.644638,-4.295686,1.391705,-1.958960,0.108063,0.808525,0.010216
27.000000,-17.644566,-4.295636,1.391593,-1.958902,0.108045,0.808581,0.005285
27.016667,-17.644663,-4.295456,1.391604,-1.959494,0.108031,0.808560,0.012264
27.033333,-17.645441,-4.294623,1.392115,-1.962848,0.108008,0.808550,0.068398
27.050000,-17.646988,-4.293038,1.393175,-1.969474,0.108000,0.808645,0.132904
27.066667,-17.649015,-4.290946,1.394550,-1.978100,0.107991,0.808723,0.174772
27.083333,-17.650501,-4.289391,1.395581,-1.984534,0.107987,0.808864,0.129085
27.100000,-17.649132,-4.290950,1.394718,-1.978458,0.107999,0.809008,0.124538
27.116667,-17.644629,-4.295845,1.391643,-1.958568,0.107984,0.809825,0.399068
27.133333,-17.644861,-4.295975,1.391829,-1.958866,0.107974,0.809058,0.015998
27.150000,-17.645243,-4.295911,1.391880,-1.959270,0.108200,0.807438,0.023212
27.166667,-17.645348,-4.295948,1.391869,-1.959561,0.108247,0.806555,0.006669
27.183333,-17.645466,-4.295694,1.391926,-1.960176,0.108476,0.806054,0.016793
27.200000,-17.645905,-4.295250,1.392145,-1.961966,0.108374,0.806040,0.037427
27.216667,-17.646961,-4.294219,1.392840,-1.966364,0.108369,0.806036,0.088616
27.233333,-17.648455,-4.292675,1.393865,-1.972749,0.108370,0.806111,0.128865
27.250000,-17.649738,-4.291354,1.394755,-1.978275,0.108353,0.806228,0.110510
27.266667,-17.648949,-4.292163,1.394290,-1.974928,0.108398,0.806482,0.067838
27.283333,-17.645786,-4.295606,1.392133,-1.960797,0.108424,0.807075,0.280464
27.300000,-17.645767,-4.295659,1.392198,-1.960510,0.108511,0.807104,0.003376
27.316667,-17.645817,-4.295617,1.392215,-1.960510,0.108544,0.806996,0.003879
27.333333,-17.645679,-4.295821,1.392052,-1.960008,0.108385,0.806880,0.014759
27.350000,-17.645695,-4.295600,1.391998,-1.960265,0.108464,0.806895,0.013278
27.366667,-17.646307,-4.294886,1.392383,-1.963307,0.108432,0.806901,0.056447
27.383333,-17.647800,-4.293311,1.393387,-1.969663,0.108415,0.806892,0.130229
27.400000,-17.650038,-4.290980,1.394902,-1.979239,0.108410,0.807011,0.193869
27.416667,-17.652508,-4.288404,1.396547,-1.989763,0.108406,0.807104,0.214105
27.433333,-17.653622,-4.287245,1.397324,-1.994610,0.108388,0.807294,0.096458
27.450000,-17.650738,-4.290399,1.395503,-1.982062,0.108405,0.807457,0.256393
27.466667,-17.645647,-4.295860,1.392076,-1.959958,0.108469,0.807514,0.447956
27.483333,-17.645765,-4.295753,1.392158,-1.960100,0.108475,0.807525,0.009580
27.500000,-17.645798,-4.295700,1.392127,-1.960133,0.108493,0.807356,0.003700
27.516667,-17.645712,-4.295635,1.392021,-1.960108,0.108477,0.807457,0.006455
27.533333,-17.645937,-4.295320,1.392125,-1.961475,0.108460,0.807459,0.023238
27.550000,-17.646914,-4.294275,1.392769,-1.965625,0.108434,0.807489,0.085827
27.566667,-17.648710,-4.292423,1.393993,-1.973316,0.108430,0.807550,0.154821
27.583333,-17.651007,-4.290029,1.395543,-1.983146,0.108424,0.807655,0.199030
27.600000,-17.652721,-4.288273,1.396691,-1.990351,0.108425,0.807721,0.147268
27.616667,-17.651199,-4.290046,1.395733,-1.983493,0.108442,0.807790,0.140219
27.633333,-17.645655,-4.296006,1.391993,-1.959421,0.108396,0.808370,0.488419
27.650000,-17.645800,-4.296184,1.392095,-1.959272,0.108065,0.808330,0.013767
27.666667,-17.645599,-4.296226,1.391940,-1.958824,0.108198,0.808334,0.012277
27.683333,-17.645485,-4.296209,1.391792,-1.958638,0.108243,0.808290,0.006943
27.700000,-17.645535,-4.296062,1.391761,-1.959054,0.108231,0.808273,0.009274
27.716667,-17.646235,-4.295362,1.392206,-1.962060,0.108123,0.808252,0.059417
27.733333,-17.647612,-4.293902,1.393161,-1.968061,0.108131,0.808386,0.120402
27.750000,-17.649466,-4.292043,1.394419,-1.975888,0.108132,0.808403,0.157555
27.766667,-17.650743,-4.290717,1.395310,-1.981410,0.108118,0.808557,0.110477
27.783333,-17.649267,-4.292352,1.394382,-1.974977,0.108127,0.808764,0.132176
27.800000,-17.645514,-4.296402,1.391828,-1.958457,0.108125,0.809537,0.331331
27.816667,-17.645746,-4.296591,1.391894,-1.958085,0.108074,0.808492,0.017962
27.833333,-17.645885,-4.296198,1.392018,-1.958664,0.108353,0.808411,0.025011
27.850000,-17.645796,-4.296448,1.391863,-1.958380,0.108175,0.808136,0.015954
27.866667,-17.645784,-4.296331,1.391778,-1.958482,0.108190,0.808127,0.007072
27.883333,-17.646492,-4.295534,1.392237,-1.961912,0.108162,0.808122,0.063939
27.900000,-17.648127,-4.293846,1.393332,-1.968720,0.108155,0.808038,0.141005
27.916667,-17.650475,-4.291406,1.394920,-1.978716,0.108152,0.808113,0.203151
27.933333,-17.652855,-4.288929,1.396518,-1.988899,0.108143,0.808233,0.206129
27.950000,-17.653368,-4.288533,1.396879,-1.990775,0.108158,0.808313,0.038897
27.966667,-17.649157,-4.293160,1.394120,-1.972304,0.108191,0.808310,0.375407
27.983333,-17.645947,-4.296528,1.391943,-1.958226,0.108213,0.808872,0.279181
28.000000,-17.645887,-4.296390,1.391944,-1.958116,0.108210,0.809539,0.009050
28.016667,-17.645849,-4.296355,1.391863,-1.957997,0.108159,0.809589,0.003099
28.033333,-17.645607,-4.296525,1.391625,-1.957413,0.108116,0.809587,0.017780
28.050000,-17.645761,-4.296299,1.391681,-1.958108,0.108090,0.809577,0.016427
28.066667,-17.646482,-4.295559,1.392150,-1.961174,0.108092,0.809501,0.061991
28.083333,-17.647804,-4.294218,1.393060,-1.966815,0.108100,0.809497,0.112990
28.100000,-17.649368,-4.292682,1.394131,-1.973359,0.108117,0.809493,0.131544
28.116667,-17.649899,-4.292285,1.394497,-1.975303,0.108148,0.809502,0.039734
28.133333,-17.646784,-4.295767,1.392382,-1.961446,0.108187,0.809500,0.280323
28.150000,-17.645905,-4.296894,1.391793,-1.957246,0.108064,0.810143,0.085755
28.166667,-17.645685,-4.296985,1.391709,-1.956581,0.107998,0.810822,0.014239
28.183333,-17.646044,-4.296946,1.391816,-1.957168,0.108083,0.809908,0.021639
28.200000,-17.645996,-4.296806,1.391727,-1.957096,0.108117,0.810032,0.008885
28.216667,-17.646101,-4.296611,1.391738,-1.957727,0.108087,0.810037,0.013287
28.233333,-17.646824,-4.295826,1.392210,-1.960967,0.108069,0.810013,0.064002
28.250000,-17.648214,-4.294397,1.393159,-1.966916,0.108073,0.809988,0.119634
28.266667,-17.649996,-4.292597,1.394378,-1.974464,0.108090,0.809984,0.151953
28.283333,-17.651360,-4.291304,1.395295,-1.980032,0.108114,0.809995,0.112764
28.300000,-17.650229,-4.292681,1.394560,-1.974798,0.108142,0.810022,0.106901
28.316667,-17.646252,-4.297023,1.391841,-1.957266,0.108148,0.810152,0.353281
28.333333,-17.646172,-4.297186,1.391854,-1.956860,0.108047,0.810340,0.010902
28.350000,-17.646641,-4.297228,1.392042,-1.957465,0.108232,0.809334,0.028267
28.366667,-17.646513,-4.297182,1.391946,-1.957251,0.108271,0.809347,0.008164
28.383333,-17.646624,-4.296981,1.391862,-1.957597,0.108243,0.809335,0.013753
28.400000,-17.647171,-4.296333,1.392205,-1.960170,0.108212,0.809347,0.050897
28.416667,-17.648558,-4.294875,1.393146,-1.966254,0.108190,0.809341,0.120712
28.433333,-17.650707,-4.292649,1.394612,-1.975452,0.108187,0.809443,0.185663
28.450000,-17.653133,-4.290166,1.396225,-1.985661,0.108183,0.809464,0.208307
28.466667,-17.654140,-4.289117,1.396935,-1.989959,0.108194,0.809639,0.087231
28.483333,-17.651146,-4.292460,1.394998,-1.976779,0.108211,0.809637,0.269290
28.500000,-17.646666,-4.297167,1.391988,-1.957417,0.108251,0.809961,0.389899
28.516667,-17.647036,-4.297268,1.392143,-1.957861,0.108333,0.808883,0.023015
28.533333,-17.647083,-4.297246,1.392134,-1.957983,0.108373,0.808395,0.003149
28.550000,-17.647047,-4.297208,1.392030,-1.957966,0.108356,0.808301,0.003157
28.566667,-17.647087,-4.297075,1.392007,-1.958353,0.108333,0.808298,0.008336
28.583333,-17.647627,-4.296480,1.392364,-1.960824,0.108319,0.808292,0.048206
28.600000,-17.648739,-4.295342,1.393129,-1.965622,0.108306,0.808297,0.095474
28.616667,-17.650160,-4.293906,1.394096,-1.971593,0.108302,0.808304,0.121202
28.633333,-17.650932,-4.293164,1.394626,-1.974719,0.108298,0.808304,0.064285
28.650000,-17.648769,-4.295632,1.393165,-1.964977,0.108344,0.808310,0.196926
28.666667,-17.647156,-4.297308,1.392086,-1.957788,0.108350,0.809009,0.139575
28.683333,-17.647223,-4.297226,1.392185,-1.957849,0.108416,0.809085,0.006345
28.700000,-17.647141,-4.297503,1.392069,-1.957289,0.108255,0.808986,0.017363
28.716667,-17.647161,-4.297225,1.392047,-1.957601,0.108365,0.809026,0.016784
28.733333,-17.647377,-4.297412,1.392014,-1.957697,0.108372,0.808495,0.017136
28.750000,-17.648033,-4.296657,1.392454,-1.960932,0.108369,0.808491,0.060030
28.766667,-17.649508,-4.295189,1.393434,-1.966933,0.108363,0.808483,0.124822
28.783333,-17.651497,-4.293145,1.394778,-1.975317,0.108370,0.808498,0.171146
28.800000,-17.653402,-4.291199,1.396052,-1.983286,0.108375,0.808493,0.163390
28.816667,-17.653412,-4.291345,1.396079,-1.983015,0.108385,0.808561,0.008745
28.833333,-17.648943,-4.296262,1.393080,-1.963407,0.108396,0.808559,0.398692
28.850000,-17.647738,-4.297560,1.392256,-1.957762,0.108458,0.809220,0.106262
28.866667,-17.647648,-4.297801,1.392212,-1.957254,0.108434,0.808880,0.015471
28.883333,-17.647615,-4.297618,1.392157,-1.957276,0.108424,0.809299,0.011185
28.900000,-17.648073,-4.297176,1.392360,-1.958536,0.108481,0.808791,0.038161
28.916667,-17.648401,-4.296734,1.392607,-1.959861,0.108476,0.808796,0.033051
28.933333,-17.649290,-4.295873,1.393167,-1.963833,0.108458,0.808796,0.074255
28.950000,-17.650690,-4.294475,1.394139,-1.970590,0.108432,0.808865,0.118713
28.966667,-17.652538,-4.292528,1.395400,-1.978513,0.108460,0.808895,0.161048
28.983333,-17.654005,-4.291016,1.396394,-1.984777,0.108448,0.809009,0.126415
29.000000,-17.653069,-4.292109,1.395818,-1.980595,0.108460,0.809145,0.086356
29.016667,-17.647730,-4.297912,1.392177,-1.957185,0.108491,0.809138,0.473137
29.033333,-17.647787,-4.297883,1.392270,-1.957255,0.108518,0.809301,0.003864
29.050000,-17.648989,-4.296923,1.392964,-1.959984,0.108587,0.808814,0.092277
29.066667,-17.648062,-4.297780,1.392336,-1.957573,0.108542,0.808878,0.075760
29.083333,-17.648058,-4.298085,1.392139,-1.956863,0.108501,0.809162,0.018312
29.100000,-17.648945,-4.297017,1.392709,-1.960414,0.108580,0.809177,0.083323
29.116667,-17.650145,-4.295779,1.393515,-1.965755,0.108582,0.809077,0.103431
29.133333,-17.651657,-4.294231,1.394552,-1.972332,0.108588,0.809058,0.129827
29.150000,-17.653252,-4.292665,1.395613,-1.978925,0.108609,0.809021,0.134093
29.166667,-17.653881,-4.292094,1.396064,-1.981553,0.108617,0.809152,0.051000
29.183333,-17.651678,-4.294628,1.394547,-1.970213,0.108637,0.809127,0.201459
29.200000,-17.648165,-4.298346,1.392235,-1.956685,0.108497,0.809348,0.306918
29.216667,-17.649149,-4.297380,1.392851,-1.958850,0.108500,0.809872,0.082746
29.233333,-17.648901,-4.297547,1.392737,-1.958208,0.108498,0.809932,0.017949
29.250000,-17.648476,-4.297985,1.392376,-1.957165,0.108473,0.809883,0.036621
29.266667,-17.648098,-4.298452,1.392053,-1.956131,0.108396,0.809841,0.036050
29.283333,-17.649157,-4.297238,1.392711,-1.959620,0.108467,0.809829,0.096644
29.300000,-17.650230,-4.296132,1.393479,-1.965375,0.108445,0.809829,0.092504
29.316667,-17.652046,-4.294287,1.394678,-1.971896,0.108473,0.809786,0.155314
29.333333,-17.653669,-4.292636,1.395807,-1.979873,0.108450,0.809825,0.138907
29.350000,-17.654123,-4.292301,1.396089,-1.980387,0.108465,0.809860,0.033875
29.366667,-17.650669,-4.296132,1.393770,-1.965051,0.108500,0.809878,0.309494
29.383333,-17.649164,-4.297771,1.392743,-1.958219,0.108528,0.810109,0.133543
29.400000,-17.649134,-4.297883,1.392747,-1.957913,0.108460,0.810119,0.006941
29.416667,-17.649183,-4.297728,1.392745,-1.958091,0.108534,0.810019,0.009763
29.433333,-17.649090,-4.297728,1.392631,-1.957968,0.108528,0.810067,0.005608
29.450000,-17.649092,-4.297647,1.392570,-1.958065,0.108512,0.810059,0.004894
29.466667,-17.649628,-4.297062,1.392911,-1.960444,0.108497,0.810027,0.047586
29.483333,-17.650757,-4.295904,1.393681,-1.965309,0.108487,0.810009,0.097053
29.500000,-17.652367,-4.294250,1.394785,-1.972179,0.108486,0.810057,0.138470
29.516667,-17.653887,-4.292709,1.395808,-1.978529,0.108486,0.810060,0.129883
29.533333,-17.653545,-4.293125,1.395606,-1.976932,0.108481,0.810088,0.032281
29.550000,-17.649183,-4.297910,1.392640,-1.957833,0.108502,0.810098,0.388517
29.566667,-17.649269,-4.297958,1.392719,-1.957785,0.108486,0.810111,0.005905
29.583333,-17.649313,-4.297828,1.392757,-1.957847,0.108567,0.810157,0.008269
29.600000,-17.649361,-4.297751,1.392731,-1.957992,0.108590,0.809997,0.005398
29.616667,-17.648632,-4.298347,1.392240,-1.956317,0.108534,0.810178,0.056481
29.633333,-17.648987,-4.297993,1.392395,-1.957229,0.108419,0.810339,0.030103
29.650000,-17.649145,-4.297785,1.392479,-1.957898,0.108447,0.810324,0.015679
29.666667,-17.649801,-4.297154,1.392927,-1.960649,0.108441,0.810388,0.054593
29.683333,-17.650566,-4.296398,1.393468,-1.963889,0.108440,0.810433,0.064536
29.700000,-17.650274,-4.296751,1.393293,-1.962582,0.108433,0.810529,0.027474
29.716667,-17.649151,-4.298096,1.392531,-1.957335,0.108465,0.810578,0.105155
29.733333,-17.649261,-4.298123,1.392640,-1.957337,0.108495,0.810601,0.006835
29.750000,-17.649218,-4.298269,1.392635,-1.956933,0.108407,0.810646,0.009114
29.766667,-17.649191,-4.298135,1.392589,-1.956933,0.108474,0.810719,0.008198
29.783333,-17.649107,-4.298117,1.392460,-1.956797,0.108447,0.810689,0.005145
29.800000,-17.649307,-4.297813,1.392537,-1.957912,0.108413,0.810699,0.021830
29.816667,-17.650547,-4.296495,1.393365,-1.963388,0.108401,0.810670,0.108567
29.833333,-17.652870,-4.294115,1.394942,-1.973298,0.108391,0.810726,0.199568
29.850000,-17.655890,-4.291005,1.396952,-1.986075,0.108389,0.810801,0.260071
29.866667,-17.658413,-4.288522,1.398588,-1.996426,0.108418,0.810791,0.212427
29.883333,-17.657646,-4.289515,1.398137,-1.992703,0.108458,0.810793,0.075264
29.900000,-17.651072,-4.296571,1.393785,-1.964172,0.108490,0.810818,0.578690
29.916667,-17.649336,-4.298473,1.392599,-1.956533,0.108468,0.810940,0.154479
29.933333,-17.649624,-4.298276,1.392726,-1.957196,0.108591,0.810384,0.020934
29.950000,-17.649479,-4.298233,1.392608,-1.957049,0.108589,0.810482,0.009079
29.966667,-17.649494,-4.298168,1.392538,-1.957140,0.108529,0.810467,0.003997
29.983333,-17.649685,-4.297933,1.392647,-1.958235,0.108512,0.810448,0.018141
