t,x,y,z,roll,pitch,yaw,v
0.000000,-19.178141,-5.488460,0.205370,-0.033581,0.010440,-0.165521,0.000000
0.016667,-19.175823,-5.488718,0.205342,-0.033640,0.010533,-0.164019,0.139908
0.033333,-19.173338,-5.488799,0.205177,-0.033426,0.010674,-0.165171,0.149195
0.050000,-19.169905,-5.488535,0.205073,-0.033371,0.010800,-0.167781,0.206598
0.066667,-19.166204,-5.488046,0.205098,-0.033798,0.011068,-0.171891,0.223951
0.083333,-19.161589,-5.487514,0.205406,-0.034738,0.011720,-0.175748,0.278781
0.100000,-19.156284,-5.486465,0.204629,-0.032709,0.011791,-0.180176,0.324425
0.116667,-19.150372,-5.485800,0.204315,-0.031419,0.012492,-0.183996,0.357002
0.133333,-19.143953,-5.484575,0.203670,-0.028018,0.012977,-0.187833,0.392040
0.150000,-19.137333,-5.483988,0.203365,-0.026221,0.013380,-0.191251,0.398785
0.166667,-19.130041,-5.483803,0.202999,-0.023257,0.014892,-0.192754,0.437648
0.183333,-19.122263,-5.483840,0.202775,-0.021539,0.015111,-0.194892,0.466695
0.200000,-19.114250,-5.484476,0.202828,-0.021375,0.015551,-0.196627,0.482277
0.216667,-19.106461,-5.485491,0.203240,-0.022382,0.015997,-0.198635,0.471329
0.233333,-19.098207,-5.485974,0.202703,-0.021621,0.015517,-0.201351,0.496033
0.250000,-19.089691,-5.489655,0.204002,-0.028878,0.014775,-0.201773,0.556683
0.266667,-19.080347,-5.491126,0.203149,-0.026712,0.014745,-0.201168,0.567547
0.283333,-19.071098,-5.494057,0.203670,-0.030156,0.014424,-0.201160,0.582125
0.300000,-19.061878,-5.496229,0.204059,-0.031597,0.014513,-0.200924,0.568343
0.316667,-19.052710,-5.498363,0.204338,-0.033491,0.014137,-0.201405,0.564826
0.333333,-19.043625,-5.500283,0.204176,-0.034611,0.013424,-0.202339,0.557125
0.350000,-19.034624,-5.501700,0.203679,-0.033608,0.013874,-0.202504,0.546700
0.366667,-19.025471,-5.504094,0.203912,-0.035715,0.013382,-0.202862,0.567671
0.383333,-19.016308,-5.506231,0.204018,-0.036717,0.013950,-0.202757,0.564531
0.400000,-19.007559,-5.507976,0.204353,-0.038340,0.014459,-0.203915,0.535277
0.416667,-18.998180,-5.509693,0.204015,-0.038287,0.013864,-0.204503,0.572060
0.433333,-18.988945,-5.511429,0.203548,-0.037806,0.013911,-0.204652,0.563829
0.450000,-18.979414,-5.513760,0.203465,-0.038498,0.013956,-0.203803,0.588713
0.466667,-18.970163,-5.515980,0.203851,-0.039713,0.014271,-0.204079,0.570800
0.483333,-18.961124,-5.517406,0.203475,-0.038321,0.014959,-0.204443,0.549036
0.500000,-18.952019,-5.519077,0.203230,-0.038373,0.014792,-0.204935,0.555473
0.516667,-18.942791,-5.521583,0.203247,-0.041236,0.013870,-0.205284,0.573715
0.533333,-18.933702,-5.523922,0.203659,-0.043769,0.013760,-0.206041,0.563086
0.550000,-18.924616,-5.526304,0.204114,-0.046740,0.013066,-0.206759,0.563608
0.566667,-18.915970,-5.527372,0.203735,-0.046050,0.012854,-0.208496,0.522708
0.583333,-18.907309,-5.529598,0.204088,-0.049661,0.012230,-0.209978,0.536556
0.600000,-18.898834,-5.531012,0.203995,-0.049468,0.013606,-0.211287,0.515489
0.616667,-18.890516,-5.533282,0.204660,-0.052613,0.015592,-0.212935,0.517331
0.633333,-18.881931,-5.535542,0.205352,-0.055017,0.017666,-0.214300,0.532651
0.650000,-18.873510,-5.538324,0.206762,-0.059028,0.019855,-0.215684,0.532122
0.666667,-18.864874,-5.541587,0.208142,-0.065269,0.020695,-0.217162,0.553940
0.683333,-18.856262,-5.543234,0.207945,-0.065341,0.022623,-0.218977,0.526060
0.700000,-18.847513,-5.544619,0.207579,-0.064952,0.023399,-0.221330,0.531475
0.716667,-18.838217,-5.546620,0.207311,-0.065074,0.023489,-0.222204,0.570569
0.733333,-18.828798,-5.547914,0.205966,-0.061133,0.024493,-0.221924,0.570415
0.750000,-18.819220,-5.549795,0.205408,-0.059808,0.024456,-0.220803,0.585695
0.766667,-18.810284,-5.551324,0.205490,-0.059241,0.025521,-0.220913,0.543950
0.783333,-18.800602,-5.552200,0.204452,-0.056087,0.024995,-0.220607,0.583277
0.800000,-18.790831,-5.553388,0.203634,-0.053970,0.024108,-0.220448,0.590597
0.816667,-18.781181,-5.554764,0.203104,-0.052169,0.023466,-0.219976,0.584811
0.833333,-18.772150,-5.556123,0.203206,-0.052330,0.022894,-0.220354,0.547978
0.850000,-18.763258,-5.556539,0.202489,-0.049410,0.022146,-0.221759,0.534108
0.866667,-18.753717,-5.557531,0.201534,-0.047284,0.020438,-0.221690,0.575521
0.883333,-18.744606,-5.558929,0.201600,-0.047504,0.019117,-0.222050,0.553083
0.900000,-18.735741,-5.559859,0.201224,-0.045851,0.018441,-0.222767,0.534836
0.916667,-18.727146,-5.561685,0.201730,-0.048391,0.017657,-0.223456,0.527185
0.933333,-18.718292,-5.563108,0.201892,-0.050163,0.016423,-0.224141,0.538051
0.950000,-18.710215,-5.563623,0.201206,-0.049664,0.015551,-0.227717,0.485643
0.966667,-18.701786,-5.564619,0.201234,-0.050380,0.015745,-0.228687,0.509231
0.983333,-18.693798,-5.565059,0.201136,-0.050086,0.016445,-0.231650,0.480006
1.000000,-18.685844,-5.565873,0.201396,-0.051058,0.017409,-0.233939,0.479708
1.016667,-18.677752,-5.566797,0.201388,-0.052525,0.017573,-0.236399,0.488728
1.033333,-18.669302,-5.567630,0.200836,-0.051867,0.018265,-0.238010,0.509431
1.050000,-18.660170,-5.567829,0.199877,-0.049162,0.017619,-0.239059,0.548074
1.066667,-18.651091,-5.569126,0.199947,-0.050200,0.017825,-0.239590,0.550269
1.083333,-18.642469,-5.568991,0.199311,-0.047552,0.017834,-0.241766,0.517337
1.100000,-18.633909,-5.570340,0.199648,-0.050583,0.017285,-0.243276,0.519954
1.116667,-18.625732,-5.570342,0.199304,-0.049969,0.017807,-0.246350,0.490608
1.133333,-18.617085,-5.571157,0.199081,-0.050152,0.017584,-0.248032,0.521174
1.150000,-18.608612,-5.571645,0.198993,-0.050099,0.016417,-0.251767,0.509190
1.166667,-18.600342,-5.572731,0.199172,-0.049616,0.016491,-0.253990,0.500474
1.183333,-18.591602,-5.574956,0.199510,-0.052016,0.014502,-0.255503,0.541094
1.200000,-18.582832,-5.577107,0.199631,-0.052399,0.013930,-0.255730,0.541802
1.216667,-18.573778,-5.578842,0.199094,-0.051300,0.012181,-0.256087,0.553132
1.233333,-18.565378,-5.580886,0.199238,-0.052199,0.011354,-0.257247,0.518707
1.250000,-18.556732,-5.583065,0.199571,-0.052718,0.010850,-0.256909,0.534970
1.266667,-18.548077,-5.585135,0.199416,-0.052323,0.010196,-0.257176,0.533977
1.283333,-18.539295,-5.588590,0.200307,-0.056623,0.008258,-0.257394,0.566214
1.300000,-18.530405,-5.590072,0.199606,-0.053517,0.007406,-0.257125,0.540765
1.316667,-18.522352,-5.591882,0.199528,-0.052725,0.006867,-0.258239,0.495231
1.333333,-18.513319,-5.593618,0.198763,-0.050880,0.005373,-0.258082,0.551912
1.350000,-18.504787,-5.595036,0.198271,-0.048255,0.005750,-0.258731,0.518908
1.366667,-18.496414,-5.597741,0.198421,-0.050382,0.005172,-0.259896,0.527971
1.383333,-18.487766,-5.600459,0.198974,-0.052973,0.005321,-0.259273,0.543899
1.400000,-18.479156,-5.603301,0.199416,-0.055338,0.004735,-0.258742,0.544001
1.416667,-18.470306,-5.605519,0.199172,-0.055307,0.004736,-0.258054,0.547432
1.433333,-18.461477,-5.607862,0.199303,-0.055997,0.004521,-0.258573,0.548085
1.450000,-18.452112,-5.610433,0.198929,-0.055158,0.003700,-0.257796,0.582681
1.466667,-18.442677,-5.613792,0.198933,-0.057004,0.001662,-0.257445,0.600949
1.483333,-18.433582,-5.617589,0.199779,-0.060369,0.000982,-0.255772,0.591305
1.500000,-18.424236,-5.620575,0.199226,-0.059474,0.000121,-0.254569,0.588693
1.516667,-18.413870,-5.623508,0.197962,-0.056903,-0.002255,-0.251463,0.646395
1.533333,-18.404213,-5.626467,0.197426,-0.055361,-0.003127,-0.249266,0.606009
1.550000,-18.394615,-5.630467,0.197861,-0.057593,-0.004770,-0.246892,0.623870
1.566667,-18.384918,-5.633472,0.197251,-0.056437,-0.006509,-0.245056,0.609114
1.583333,-18.375879,-5.636358,0.197285,-0.055872,-0.006483,-0.243521,0.569314
1.600000,-18.366795,-5.639042,0.197166,-0.054481,-0.005925,-0.242122,0.568367
1.616667,-18.357731,-5.642481,0.197676,-0.054625,-0.005249,-0.239376,0.581652
1.633333,-18.348516,-5.645967,0.198140,-0.055215,-0.004940,-0.236899,0.591110
1.650000,-18.338247,-5.649794,0.197577,-0.055854,-0.007056,-0.233568,0.657547
1.666667,-18.328754,-5.652865,0.197321,-0.055730,-0.007909,-0.231743,0.598632
1.683333,-18.319521,-5.655518,0.196915,-0.054510,-0.007517,-0.230160,0.576417
1.700000,-18.310696,-5.658065,0.197138,-0.055017,-0.007530,-0.229351,0.551142
1.716667,-18.301413,-5.660602,0.197128,-0.055451,-0.008593,-0.228724,0.577406
1.733333,-18.291954,-5.663218,0.197272,-0.055731,-0.009777,-0.227626,0.588825
1.750000,-18.282560,-5.665430,0.197165,-0.055910,-0.011033,-0.226714,0.579031
1.766667,-18.273712,-5.667276,0.196538,-0.054164,-0.011827,-0.226668,0.542326
1.783333,-18.265017,-5.669431,0.196447,-0.053028,-0.010923,-0.226164,0.537517
1.800000,-18.255487,-5.672104,0.195704,-0.052061,-0.011959,-0.225146,0.593810
1.816667,-18.246422,-5.675390,0.196455,-0.054036,-0.011174,-0.223734,0.578575
1.833333,-18.236423,-5.677575,0.195357,-0.051569,-0.012370,-0.222322,0.614050
1.850000,-18.227345,-5.680104,0.195319,-0.050499,-0.011858,-0.220990,0.565480
1.866667,-18.217970,-5.682638,0.195340,-0.050159,-0.012319,-0.219963,0.582662
1.883333,-18.208235,-5.685684,0.194585,-0.049843,-0.014558,-0.218079,0.612031
1.900000,-18.199081,-5.688964,0.194827,-0.050798,-0.015402,-0.216132,0.583411
1.916667,-18.190325,-5.692636,0.195901,-0.053867,-0.015908,-0.214318,0.569704
1.933333,-18.182379,-5.697484,0.198637,-0.063321,-0.016106,-0.213780,0.558521
1.950000,-18.174278,-5.702033,0.200947,-0.071868,-0.015834,-0.213253,0.557411
1.966667,-18.166016,-5.706630,0.203490,-0.081685,-0.015613,-0.212444,0.567326
1.983333,-18.156620,-5.709616,0.203423,-0.084297,-0.016757,-0.210905,0.591511
2.000000,-18.147675,-5.712038,0.204020,-0.086477,-0.016664,-0.210523,0.556058
2.016667,-18.138941,-5.713382,0.204062,-0.086243,-0.016393,-0.210595,0.530195
2.033333,-18.130089,-5.714459,0.203626,-0.084782,-0.016237,-0.211247,0.535038
2.050000,-18.121925,-5.715556,0.203666,-0.084421,-0.014761,-0.212689,0.494204
2.066667,-18.113674,-5.716696,0.204154,-0.084766,-0.013016,-0.214103,0.499775
2.083333,-18.105165,-5.718012,0.204546,-0.085235,-0.011782,-0.215654,0.516596
2.100000,-18.097122,-5.719204,0.205521,-0.086573,-0.009698,-0.217283,0.487865
2.116667,-18.088900,-5.719790,0.205410,-0.086117,-0.009100,-0.219941,0.494606
2.133333,-18.080111,-5.720323,0.204205,-0.083648,-0.009014,-0.221616,0.528311
2.150000,-18.071871,-5.721219,0.204013,-0.083021,-0.008100,-0.223929,0.497302
2.166667,-18.063560,-5.722013,0.203746,-0.081774,-0.007236,-0.226294,0.500889
2.183333,-18.055336,-5.723591,0.204310,-0.083005,-0.006332,-0.228054,0.502474
2.200000,-18.047176,-5.725967,0.205661,-0.087566,-0.006474,-0.229396,0.509905
2.216667,-18.038736,-5.727238,0.205408,-0.086398,-0.006860,-0.230183,0.512109
2.233333,-18.030319,-5.728889,0.205242,-0.085718,-0.006213,-0.230212,0.514655
2.250000,-18.021677,-5.732275,0.206734,-0.092107,-0.007111,-0.230333,0.556911
2.266667,-18.013006,-5.734056,0.206706,-0.092859,-0.006921,-0.230929,0.531115
2.283333,-18.005087,-5.736287,0.207531,-0.096760,-0.006162,-0.232817,0.493640
2.300000,-17.996990,-5.738230,0.208225,-0.099416,-0.005028,-0.234562,0.499596
2.316667,-17.988884,-5.739901,0.208649,-0.099648,-0.004267,-0.235992,0.496604
2.333333,-17.980402,-5.742116,0.209173,-0.100355,-0.004270,-0.236784,0.525984
2.350000,-17.971846,-5.744144,0.209293,-0.099457,-0.004532,-0.237230,0.527605
2.366667,-17.963198,-5.746533,0.209714,-0.099276,-0.003825,-0.236460,0.538309
2.383333,-17.954515,-5.749762,0.210865,-0.102188,-0.003377,-0.235727,0.555788
2.400000,-17.946096,-5.752502,0.211690,-0.104058,-0.002978,-0.235244,0.531237
2.416667,-17.937775,-5.754692,0.211976,-0.103399,-0.001548,-0.235102,0.516293
2.433333,-17.929873,-5.757318,0.213077,-0.105259,-0.000117,-0.235196,0.499622
2.450000,-17.921566,-5.759529,0.213935,-0.105644,0.000845,-0.234863,0.515745
2.466667,-17.914066,-5.761145,0.215657,-0.108221,0.002907,-0.236515,0.460315
2.483333,-17.906282,-5.761747,0.216010,-0.109597,0.002464,-0.240147,0.468429
2.500000,-17.898664,-5.761812,0.215939,-0.109167,0.002481,-0.243991,0.457093
2.516667,-17.891001,-5.761118,0.214750,-0.105886,0.001900,-0.249143,0.461704
2.533333,-17.883564,-5.761026,0.214057,-0.103636,0.001806,-0.254311,0.446239
2.550000,-17.875708,-5.760810,0.212870,-0.099406,0.000678,-0.258263,0.471560
2.566667,-17.868399,-5.762114,0.213288,-0.100729,-0.000238,-0.261815,0.445454
2.583333,-17.860502,-5.761811,0.211994,-0.095591,-0.000746,-0.264912,0.474132
2.600000,-17.852743,-5.762339,0.211759,-0.093735,-0.000273,-0.267526,0.466622
2.616667,-17.845139,-5.762618,0.211296,-0.091671,-0.000366,-0.270869,0.456583
2.633333,-17.837046,-5.763054,0.210872,-0.088459,-0.000385,-0.272566,0.486278
2.650000,-17.828648,-5.764713,0.210982,-0.088032,-0.001042,-0.273527,0.513615
2.666667,-17.820646,-5.767609,0.212132,-0.092606,-0.001902,-0.275068,0.510554
2.683333,-17.813034,-5.769771,0.212850,-0.094586,-0.001861,-0.277018,0.474797
2.700000,-17.804783,-5.772491,0.213281,-0.098424,-0.003312,-0.278320,0.521275
2.716667,-17.796272,-5.773844,0.212635,-0.096405,-0.003893,-0.279923,0.517051
2.733333,-17.787163,-5.776316,0.212714,-0.097630,-0.006230,-0.279472,0.566336
2.750000,-17.778046,-5.778210,0.212201,-0.096244,-0.007633,-0.279056,0.558713
2.766667,-17.768980,-5.780607,0.212348,-0.096649,-0.009067,-0.278763,0.562631
2.783333,-17.760334,-5.782641,0.212463,-0.097008,-0.010150,-0.279031,0.532925
2.800000,-17.751465,-5.783993,0.211645,-0.094694,-0.010782,-0.279399,0.538292
2.816667,-17.741926,-5.784647,0.209972,-0.089244,-0.012416,-0.279869,0.573666
2.833333,-17.733070,-5.786254,0.209341,-0.087888,-0.013187,-0.280737,0.540021
2.850000,-17.724226,-5.787375,0.208704,-0.083989,-0.012645,-0.281097,0.534912
2.866667,-17.715208,-5.790501,0.209322,-0.087514,-0.014441,-0.281255,0.572647
2.883333,-17.706680,-5.792508,0.209608,-0.086889,-0.014790,-0.281665,0.525651
2.900000,-17.697868,-5.794224,0.208925,-0.084311,-0.015678,-0.282343,0.538645
2.916667,-17.688721,-5.796505,0.208539,-0.082675,-0.017178,-0.282011,0.565667
2.933333,-17.679714,-5.799404,0.208234,-0.082703,-0.019028,-0.281454,0.567697
2.950000,-17.670866,-5.802812,0.208880,-0.085204,-0.020908,-0.281132,0.568898
2.966667,-17.661795,-5.805227,0.208567,-0.085169,-0.023263,-0.280852,0.563241
2.983333,-17.653500,-5.807111,0.208457,-0.084431,-0.024139,-0.281563,0.510379
3.000000,-17.644508,-5.807879,0.206311,-0.078639,-0.026352,-0.282830,0.541442
3.016667,-17.635721,-5.809503,0.205053,-0.075157,-0.028037,-0.283301,0.536154
3.033333,-17.627167,-5.813749,0.205775,-0.078864,-0.030362,-0.281859,0.573021
3.050000,-17.617924,-5.816945,0.205224,-0.078009,-0.032101,-0.279587,0.586784
3.066667,-17.608902,-5.820603,0.205473,-0.078998,-0.033407,-0.277149,0.584126
3.083333,-17.599390,-5.822808,0.204250,-0.076285,-0.036145,-0.275934,0.585849
3.100000,-17.590628,-5.825734,0.204643,-0.077094,-0.037620,-0.274816,0.554268
3.116667,-17.582373,-5.829073,0.205615,-0.079954,-0.038295,-0.273831,0.534290
3.133333,-17.573469,-5.831772,0.204989,-0.078546,-0.038918,-0.272196,0.558223
3.150000,-17.564274,-5.835167,0.204774,-0.079449,-0.040361,-0.270725,0.588124
3.166667,-17.555014,-5.838444,0.204522,-0.080203,-0.041522,-0.268977,0.589362
3.183333,-17.546146,-5.842702,0.206060,-0.085493,-0.042438,-0.267538,0.590213
3.200000,-17.537107,-5.845640,0.206111,-0.085527,-0.043654,-0.267178,0.570253
3.216667,-17.529020,-5.848337,0.206932,-0.086542,-0.043561,-0.267561,0.511510
3.233333,-17.520586,-5.850638,0.207235,-0.085561,-0.043539,-0.267052,0.524556
3.250000,-17.512001,-5.853358,0.207885,-0.085831,-0.043100,-0.265854,0.540332
3.266667,-17.503473,-5.854966,0.207547,-0.083034,-0.043213,-0.265828,0.520676
3.283333,-17.495016,-5.856831,0.207568,-0.081764,-0.043003,-0.265483,0.519628
3.300000,-17.486210,-5.859080,0.207750,-0.081533,-0.043490,-0.264945,0.545336
3.316667,-17.478046,-5.861900,0.209134,-0.085673,-0.043867,-0.265606,0.518208
3.333333,-17.469398,-5.863045,0.208501,-0.081613,-0.044247,-0.265599,0.523402
3.350000,-17.461178,-5.864138,0.207792,-0.077574,-0.043672,-0.266328,0.497576
3.366667,-17.451994,-5.864706,0.205359,-0.068604,-0.044029,-0.266004,0.552086
3.383333,-17.443743,-5.866931,0.205424,-0.065971,-0.042706,-0.265084,0.512769
3.400000,-17.435154,-5.869727,0.205495,-0.064721,-0.042374,-0.264147,0.541932
3.416667,-17.426729,-5.872872,0.206130,-0.065519,-0.042537,-0.263407,0.539573
3.433333,-17.418520,-5.875390,0.206343,-0.064546,-0.043535,-0.260652,0.515190
3.450000,-17.414347,-5.874297,0.206193,-0.063890,-0.044702,-0.256971,0.258841
3.466667,-17.411919,-5.871689,0.205650,-0.063046,-0.044006,-0.256826,0.213769
3.483333,-17.410860,-5.867163,0.204235,-0.059504,-0.043957,-0.262509,0.278897
3.500000,-17.410170,-5.862187,0.202792,-0.056959,-0.044196,-0.269545,0.301408
3.516667,-17.409962,-5.857462,0.202341,-0.055504,-0.044259,-0.277348,0.283802
3.533333,-17.410046,-5.852971,0.202358,-0.056011,-0.044870,-0.286069,0.269498
3.550000,-17.409569,-5.847912,0.201626,-0.054639,-0.045475,-0.294844,0.304871
3.566667,-17.409828,-5.845318,0.202823,-0.057655,-0.045926,-0.301542,0.156444
3.583333,-17.409370,-5.840631,0.201943,-0.056514,-0.046644,-0.309685,0.282548
3.600000,-17.408888,-5.835986,0.201199,-0.055650,-0.047537,-0.318113,0.280221
3.616667,-17.408184,-5.831266,0.200601,-0.055291,-0.048616,-0.326814,0.286315
3.633333,-17.407612,-5.826128,0.199832,-0.054750,-0.050201,-0.336688,0.310210
3.650000,-17.407192,-5.821259,0.199713,-0.055658,-0.052657,-0.347655,0.293222
3.666667,-17.407207,-5.815790,0.199849,-0.057382,-0.054611,-0.360286,0.328103
3.683333,-17.407803,-5.809692,0.200096,-0.060298,-0.056103,-0.376476,0.367634
3.700000,-17.408207,-5.802168,0.199590,-0.060930,-0.057794,-0.393831,0.452092
3.716667,-17.408806,-5.793847,0.199196,-0.061020,-0.058873,-0.412846,0.500540
3.733333,-17.409376,-5.785282,0.198826,-0.062120,-0.060246,-0.433161,0.515063
3.750000,-17.410059,-5.776206,0.198338,-0.063146,-0.061434,-0.454939,0.546049
3.766667,-17.409573,-5.766811,0.197615,-0.061963,-0.062540,-0.475673,0.564462
3.783333,-17.408735,-5.757648,0.197122,-0.061817,-0.063865,-0.496365,0.552065
3.800000,-17.408054,-5.748258,0.197044,-0.062695,-0.064795,-0.518249,0.564901
3.816667,-17.407255,-5.738603,0.197245,-0.064149,-0.065618,-0.541157,0.581310
3.833333,-17.405649,-5.729201,0.197275,-0.064885,-0.066830,-0.563141,0.572279
3.850000,-17.404909,-5.719434,0.197494,-0.065614,-0.068016,-0.587370,0.587703
3.866667,-17.403776,-5.711381,0.198400,-0.071678,-0.070922,-0.610535,0.487928
3.883333,-17.401934,-5.702826,0.198405,-0.074388,-0.073540,-0.633577,0.525038
3.900000,-17.399300,-5.694238,0.198062,-0.075113,-0.075936,-0.655651,0.539018
3.916667,-17.396576,-5.687000,0.198414,-0.078251,-0.078362,-0.675833,0.463979
3.933333,-17.393480,-5.678423,0.197703,-0.076740,-0.079864,-0.696405,0.547132
3.950000,-17.390215,-5.670311,0.197120,-0.076423,-0.082648,-0.717742,0.524644
3.966667,-17.386448,-5.662890,0.196735,-0.076210,-0.085402,-0.738073,0.499342
3.983333,-17.383490,-5.654085,0.196634,-0.076505,-0.086644,-0.759621,0.557336
4.000000,-17.379086,-5.645853,0.195561,-0.073996,-0.088665,-0.779828,0.560194
4.016667,-17.374920,-5.637159,0.194904,-0.070341,-0.088747,-0.801205,0.578385
4.033333,-17.370365,-5.628537,0.193742,-0.065370,-0.088772,-0.822858,0.585077
4.050000,-17.356440,-5.630066,0.194601,-0.059973,-0.106373,-0.819222,0.840556
4.066667,-17.344967,-5.629786,0.195137,-0.054957,-0.117804,-0.815405,0.688567
4.083333,-17.335531,-5.627561,0.194756,-0.050902,-0.124401,-0.813285,0.581679
4.100000,-17.328638,-5.623905,0.194531,-0.051116,-0.126757,-0.813717,0.468159
4.116667,-17.324118,-5.617671,0.194386,-0.053443,-0.123730,-0.817607,0.462035
4.133333,-17.320345,-5.608149,0.192774,-0.052210,-0.116147,-0.824341,0.614528
4.150000,-17.317068,-5.595941,0.189490,-0.046899,-0.104432,-0.832722,0.758379
4.166667,-17.316187,-5.583037,0.186943,-0.044225,-0.087895,-0.840625,0.776053
4.183333,-17.313950,-5.571630,0.185098,-0.040313,-0.081988,-0.855140,0.697426
4.200000,-17.312778,-5.561548,0.183987,-0.038340,-0.081667,-0.875173,0.609002
4.216667,-17.310181,-5.552249,0.182191,-0.034237,-0.083249,-0.894461,0.579319
4.233333,-17.307850,-5.543569,0.180986,-0.032680,-0.085000,-0.913692,0.539269
4.250000,-17.305939,-5.534182,0.180282,-0.031046,-0.087012,-0.939117,0.574748
4.266667,-17.302593,-5.526281,0.178802,-0.027917,-0.089538,-0.960329,0.514817
4.283333,-17.299355,-5.518480,0.177715,-0.024187,-0.090517,-0.982288,0.506798
4.300000,-17.296698,-5.513157,0.177737,-0.024859,-0.091317,-0.999558,0.356952
4.316667,-17.292442,-5.508616,0.176940,-0.022286,-0.092184,-1.014780,0.373388
4.333333,-17.288410,-5.505137,0.176803,-0.022691,-0.093423,-1.029650,0.319515
4.350000,-17.283855,-5.502045,0.176565,-0.022236,-0.094166,-1.043499,0.330316
4.366667,-17.279047,-5.499093,0.176315,-0.021640,-0.095181,-1.058814,0.338555
4.383333,-17.273540,-5.496656,0.176006,-0.020606,-0.096232,-1.073694,0.361292
4.400000,-17.267929,-5.494514,0.175684,-0.020000,-0.097224,-1.088756,0.360380
4.416667,-17.262627,-5.492608,0.175639,-0.019927,-0.097838,-1.103446,0.338074
4.433333,-17.257801,-5.488226,0.175111,-0.019428,-0.099383,-1.120345,0.391084
4.450000,-17.252962,-5.482743,0.174635,-0.018534,-0.100395,-1.136494,0.438803
4.466667,-17.247570,-5.477713,0.173889,-0.017001,-0.101246,-1.149661,0.442444
4.483333,-17.242611,-5.472178,0.173529,-0.015876,-0.101636,-1.165514,0.445860
4.500000,-17.237194,-5.466725,0.172693,-0.012841,-0.102123,-1.181007,0.461197
4.516667,-17.232729,-5.461614,0.172581,-0.013108,-0.102814,-1.196680,0.407213
4.533333,-17.228296,-5.456590,0.172811,-0.013369,-0.102793,-1.211413,0.401995
4.550000,-17.223482,-5.451096,0.172848,-0.013554,-0.102999,-1.227987,0.438293
4.566667,-17.218571,-5.445200,0.172958,-0.012841,-0.102774,-1.246159,0.460401
4.583333,-17.213531,-5.439353,0.173018,-0.012707,-0.102637,-1.263868,0.463110
4.600000,-17.208471,-5.433817,0.173067,-0.012078,-0.102247,-1.280970,0.450015
4.616667,-17.204020,-5.430294,0.173461,-0.014201,-0.104137,-1.293314,0.340658
4.633333,-17.199141,-5.424791,0.173809,-0.014965,-0.103326,-1.309918,0.441252
4.650000,-17.193705,-5.418279,0.173767,-0.014485,-0.101880,-1.329426,0.508968
4.666667,-17.188820,-5.412626,0.174360,-0.015934,-0.100989,-1.346683,0.448238
4.683333,-17.183264,-5.407409,0.174271,-0.014805,-0.100317,-1.362997,0.457294
4.700000,-17.177820,-5.402358,0.174024,-0.012646,-0.099559,-1.378140,0.445564
4.716667,-17.173758,-5.398077,0.174535,-0.013960,-0.098468,-1.390352,0.354094
4.733333,-17.168722,-5.393252,0.174255,-0.011391,-0.097409,-1.406790,0.418441
4.750000,-17.163658,-5.388808,0.173705,-0.008500,-0.096644,-1.420200,0.404252
4.766667,-17.158611,-5.385061,0.173162,-0.005457,-0.095826,-1.431834,0.377144
4.783333,-17.154142,-5.381217,0.172909,-0.003756,-0.094912,-1.443973,0.353693
4.800000,-17.149805,-5.377886,0.172753,-0.003511,-0.095083,-1.456046,0.328135
4.816667,-17.145069,-5.374190,0.172356,-0.002168,-0.094461,-1.468078,0.360446
4.833333,-17.140163,-5.370179,0.172123,-0.000851,-0.093889,-1.482051,0.380209
4.850000,-17.135500,-5.366635,0.171987,-0.000460,-0.093709,-1.494535,0.351415
4.866667,-17.130713,-5.363240,0.171643,0.000704,-0.093219,-1.506422,0.352145
4.883333,-17.125988,-5.359410,0.171719,0.001714,-0.092329,-1.519877,0.364932
4.900000,-17.120687,-5.357220,0.170687,0.006075,-0.093267,-1.529060,0.344099
4.916667,-17.115084,-5.353775,0.169955,0.009873,-0.092836,-1.541877,0.394687
4.933333,-17.108938,-5.349581,0.169003,0.013734,-0.090903,-1.555884,0.446404
4.950000,-17.102232,-5.345608,0.167537,0.020841,-0.089624,-1.569922,0.467701
4.966667,-17.096823,-5.342580,0.166831,0.023353,-0.089525,-1.582446,0.371943
4.983333,-17.091667,-5.339389,0.166255,0.025366,-0.089279,-1.595155,0.363776
5.000000,-17.086212,-5.337143,0.165422,0.028256,-0.089044,-1.604681,0.353956
5.016667,-17.082216,-5.335360,0.165571,0.028093,-0.088797,-1.612152,0.262548
5.033333,-17.078260,-5.334080,0.165229,0.029492,-0.089050,-1.618255,0.249472
5.050000,-17.075548,-5.332878,0.165394,0.028958,-0.088614,-1.622887,0.177991
5.066667,-17.073160,-5.332216,0.165343,0.029213,-0.088541,-1.625970,0.148681
5.083333,-17.071611,-5.331289,0.165601,0.028365,-0.087934,-1.628938,0.108299
5.100000,-17.069906,-5.330611,0.165387,0.029106,-0.087724,-1.631837,0.110113
5.116667,-17.068911,-5.330123,0.165627,0.028472,-0.087656,-1.633992,0.066523
5.133333,-17.067825,-5.329660,0.165467,0.028931,-0.087423,-1.635835,0.070795
5.150000,-17.066874,-5.328866,0.165541,0.028729,-0.087383,-1.639092,0.074366
5.166667,-17.066011,-5.328701,0.165286,0.029602,-0.087485,-1.640291,0.052671
5.183333,-17.065685,-5.328220,0.165349,0.029424,-0.087266,-1.641914,0.034852
5.200000,-17.065050,-5.328468,0.164936,0.030810,-0.088004,-1.642393,0.040920
5.216667,-17.066004,-5.328398,0.165349,0.029461,-0.087459,-1.641415,0.057375
5.233333,-17.066704,-5.328801,0.165211,0.029852,-0.087579,-1.639916,0.048447
5.250000,-17.067505,-5.331076,0.164626,0.031934,-0.089382,-1.633441,0.144742
5.266667,-17.069254,-5.333509,0.164331,0.033058,-0.090844,-1.625550,0.179801
5.283333,-17.072172,-5.335471,0.164569,0.032083,-0.091003,-1.616996,0.210963
5.300000,-17.076038,-5.337398,0.165138,0.029815,-0.090199,-1.607076,0.259199
5.316667,-17.080467,-5.338856,0.166008,0.026963,-0.088805,-1.597896,0.279764
5.333333,-17.084476,-5.342235,0.166513,0.024768,-0.089205,-1.584130,0.314590
5.350000,-17.088455,-5.345172,0.166700,0.023366,-0.089424,-1.570083,0.296714
5.366667,-17.092617,-5.348436,0.167271,0.021621,-0.089483,-1.557718,0.317344
5.383333,-17.096588,-5.350125,0.167814,0.019350,-0.089910,-1.551255,0.258932
5.400000,-17.099688,-5.351001,0.168221,0.017245,-0.090093,-1.548162,0.193243
5.416667,-17.102661,-5.352194,0.168672,0.015021,-0.090520,-1.543986,0.192238
5.433333,-17.105940,-5.353509,0.169189,0.012472,-0.090702,-1.538931,0.211970
5.450000,-17.109131,-5.355120,0.169693,0.010001,-0.091115,-1.532905,0.214469
5.466667,-17.112541,-5.357061,0.170403,0.006979,-0.091902,-1.526353,0.235433
5.483333,-17.116337,-5.359104,0.170875,0.004342,-0.092182,-1.518839,0.258625
5.500000,-17.120161,-5.361656,0.171132,0.002442,-0.093056,-1.510434,0.275870
5.516667,-17.124163,-5.364652,0.171240,0.000822,-0.094108,-1.500283,0.299915
5.533333,-17.128128,-5.367242,0.171568,-0.000571,-0.094519,-1.491131,0.284183
5.550000,-17.132053,-5.369709,0.171975,-0.002299,-0.094793,-1.482582,0.278192
5.566667,-17.136412,-5.372917,0.172363,-0.005479,-0.096195,-1.473072,0.324688
5.583333,-17.140274,-5.375483,0.172588,-0.006482,-0.096614,-1.463885,0.278203
5.600000,-17.144712,-5.378222,0.173472,-0.010443,-0.097462,-1.455470,0.312959
5.616667,-17.148211,-5.380669,0.173594,-0.010974,-0.097674,-1.447315,0.256112
5.633333,-17.151821,-5.382794,0.173757,-0.011816,-0.097739,-1.440406,0.251380
5.650000,-17.154936,-5.384491,0.174006,-0.012787,-0.098043,-1.435191,0.212835
5.666667,-17.157434,-5.386063,0.174107,-0.013151,-0.098341,-1.430553,0.177094
5.683333,-17.159754,-5.388033,0.174350,-0.014091,-0.098525,-1.423895,0.182613
5.700000,-17.161398,-5.389013,0.174357,-0.014130,-0.098507,-1.420745,0.114840
5.716667,-17.162544,-5.389897,0.174528,-0.014737,-0.098540,-1.417743,0.086857
5.733333,-17.163477,-5.390481,0.174590,-0.014921,-0.098418,-1.415645,0.066015
5.750000,-17.164009,-5.390718,0.174694,-0.015179,-0.098370,-1.414914,0.034940
5.766667,-17.163919,-5.390736,0.174646,-0.015110,-0.098493,-1.415047,0.005487
5.783333,-17.163691,-5.390397,0.174649,-0.015116,-0.098538,-1.416330,0.024520
5.800000,-17.163525,-5.389898,0.174532,-0.014785,-0.098284,-1.417981,0.031539
5.816667,-17.163435,-5.390060,0.174589,-0.014923,-0.098541,-1.417630,0.011116
5.833333,-17.163425,-5.390005,0.174558,-0.014846,-0.098412,-1.417641,0.003368
5.850000,-17.163462,-5.390025,0.174543,-0.014789,-0.098400,-1.417545,0.002471
5.866667,-17.163662,-5.390140,0.174601,-0.014949,-0.098391,-1.417198,0.013868
5.883333,-17.163950,-5.390469,0.174690,-0.015223,-0.098374,-1.415934,0.026214
5.900000,-17.163832,-5.390432,0.174605,-0.014984,-0.098413,-1.416077,0.007429
5.916667,-17.163490,-5.389848,0.174571,-0.014844,-0.098491,-1.418455,0.040570
5.933333,-17.163025,-5.389307,0.174486,-0.014569,-0.098565,-1.420549,0.042828
5.950000,-17.162537,-5.388887,0.174443,-0.014437,-0.098697,-1.422229,0.038648
5.966667,-17.162176,-5.388474,0.174419,-0.014395,-0.098403,-1.423151,0.032868
5.983333,-17.161963,-5.388428,0.174383,-0.014259,-0.098526,-1.423566,0.013114
6.000000,-17.161757,-5.388232,0.174312,-0.014053,-0.098360,-1.423912,0.017060
6.016667,-17.161701,-5.388214,0.174363,-0.014159,-0.098497,-1.424219,0.003492
6.033333,-17.161392,-5.388016,0.174331,-0.014061,-0.098467,-1.424839,0.022031
6.050000,-17.161310,-5.388294,0.174357,-0.014165,-0.098447,-1.423614,0.017418
6.066667,-17.161236,-5.388484,0.174346,-0.014130,-0.098313,-1.422554,0.012204
6.083333,-17.161045,-5.388328,0.174339,-0.014134,-0.098324,-1.423112,0.014763
6.100000,-17.160894,-5.388518,0.174365,-0.014214,-0.098367,-1.422263,0.014540
6.116667,-17.160765,-5.388445,0.174337,-0.014123,-0.098343,-1.422469,0.008915
6.133333,-17.160538,-5.388097,0.174315,-0.014041,-0.098311,-1.423749,0.024957
6.150000,-17.160440,-5.388151,0.174307,-0.013995,-0.098315,-1.423470,0.006686
6.166667,-17.160261,-5.387815,0.174288,-0.013908,-0.098433,-1.424961,0.022834
6.183333,-17.160168,-5.387755,0.174296,-0.013926,-0.098536,-1.425382,0.006666
6.200000,-17.160133,-5.387760,0.174312,-0.013995,-0.098584,-1.425355,0.002080
6.216667,-17.160172,-5.388108,0.174339,-0.014126,-0.098592,-1.423982,0.020982
6.233333,-17.160210,-5.388394,0.174362,-0.014168,-0.098562,-1.422734,0.017318
6.250000,-17.160170,-5.388502,0.174361,-0.014225,-0.098426,-1.422011,0.006898
6.266667,-17.159986,-5.388334,0.174330,-0.014066,-0.098397,-1.422507,0.014904
6.283333,-17.159842,-5.388456,0.174362,-0.014153,-0.098476,-1.422057,0.011371
6.300000,-17.159861,-5.388450,0.174350,-0.014128,-0.098464,-1.422004,0.001203
6.316667,-17.159338,-5.387671,0.174263,-0.013823,-0.098432,-1.425005,0.056244
6.333333,-17.158709,-5.387236,0.174228,-0.013687,-0.098561,-1.426738,0.045935
6.350000,-17.158321,-5.386535,0.174224,-0.013605,-0.098318,-1.429004,0.048047
6.366667,-17.157875,-5.386086,0.174064,-0.013125,-0.098293,-1.430651,0.037952
6.383333,-17.157368,-5.385771,0.173970,-0.012697,-0.098248,-1.431744,0.035852
6.400000,-17.156784,-5.385205,0.173949,-0.012673,-0.098296,-1.433819,0.048762
6.416667,-17.156084,-5.384281,0.173902,-0.012472,-0.098241,-1.437274,0.069558
6.433333,-17.155428,-5.383759,0.173735,-0.011892,-0.098106,-1.438961,0.050312
6.450000,-17.154789,-5.383139,0.173675,-0.011592,-0.098022,-1.441209,0.053435
6.466667,-17.154264,-5.382737,0.173631,-0.011483,-0.098021,-1.442236,0.039650
6.483333,-17.153751,-5.382442,0.173662,-0.011701,-0.098175,-1.443548,0.035487
6.500000,-17.153181,-5.382131,0.173592,-0.011467,-0.098156,-1.444525,0.038986
6.516667,-17.152802,-5.382100,0.173583,-0.011404,-0.098147,-1.444434,0.022850
6.533333,-17.152607,-5.382197,0.173590,-0.011395,-0.098213,-1.444032,0.013051
6.550000,-17.152458,-5.381987,0.173536,-0.011255,-0.097890,-1.444197,0.015479
6.566667,-17.152557,-5.382535,0.173648,-0.011586,-0.098312,-1.442636,0.033436
6.583333,-17.152855,-5.383246,0.173686,-0.011788,-0.098106,-1.439521,0.046269
6.600000,-17.152815,-5.383585,0.173709,-0.011868,-0.098086,-1.438036,0.020483
6.616667,-17.152506,-5.383254,0.173707,-0.011774,-0.098348,-1.439687,0.027186
6.633333,-17.151863,-5.382606,0.173619,-0.011521,-0.097997,-1.441465,0.054785
6.650000,-17.151463,-5.382517,0.173578,-0.011318,-0.097954,-1.441619,0.024609
6.666667,-17.151217,-5.382143,0.173578,-0.011224,-0.098175,-1.443411,0.026853
6.683333,-17.150902,-5.381620,0.173483,-0.010946,-0.097869,-1.444978,0.036652
6.700000,-17.150728,-5.381103,0.173414,-0.010699,-0.097841,-1.447060,0.032742
6.716667,-17.150627,-5.380738,0.173423,-0.010708,-0.097799,-1.448475,0.022712
6.733333,-17.150522,-5.380580,0.173393,-0.010703,-0.097819,-1.449071,0.011347
6.750000,-17.150188,-5.380441,0.173377,-0.010510,-0.097827,-1.449563,0.021700
6.766667,-17.150074,-5.380237,0.173371,-0.010432,-0.098044,-1.450700,0.014039
6.783333,-17.149940,-5.380002,0.173313,-0.010247,-0.097822,-1.451345,0.016196
6.800000,-17.150171,-5.379898,0.173333,-0.010271,-0.098113,-1.452318,0.015199
6.816667,-17.150248,-5.379274,0.173259,-0.010091,-0.097815,-1.454429,0.037730
6.833333,-17.150419,-5.378952,0.173206,-0.009949,-0.097824,-1.455895,0.021912
6.850000,-17.150620,-5.378728,0.173198,-0.009925,-0.097826,-1.456942,0.017991
6.866667,-17.150789,-5.378452,0.173178,-0.009876,-0.097840,-1.458125,0.019470
6.883333,-17.150969,-5.378201,0.173154,-0.009811,-0.097860,-1.459285,0.018522
6.900000,-17.151159,-5.377977,0.173143,-0.009777,-0.097941,-1.460423,0.017636
6.916667,-17.151247,-5.377454,0.173073,-0.009587,-0.097737,-1.462290,0.031824
6.933333,-17.151262,-5.377054,0.173043,-0.009462,-0.097808,-1.464028,0.024021
6.950000,-17.151510,-5.377233,0.173060,-0.009526,-0.097861,-1.463521,0.018359
6.966667,-17.151777,-5.377548,0.173092,-0.009648,-0.097879,-1.462360,0.024764
6.983333,-17.151587,-5.377262,0.173079,-0.009555,-0.097998,-1.463612,0.020631
7.000000,-17.151281,-5.376601,0.173001,-0.009273,-0.097874,-1.466036,0.043677
7.016667,-17.150963,-5.376088,0.172952,-0.009121,-0.097703,-1.467678,0.036235
7.033333,-17.150747,-5.375989,0.172926,-0.009015,-0.097762,-1.468053,0.014223
7.050000,-17.150902,-5.376323,0.172974,-0.009205,-0.097660,-1.466624,0.022068
7.066667,-17.150887,-5.376371,0.172964,-0.009093,-0.097815,-1.466654,0.003058
7.083333,-17.150856,-5.376282,0.172944,-0.009100,-0.097661,-1.466754,0.005655
7.100000,-17.150782,-5.376235,0.172960,-0.009123,-0.097819,-1.467170,0.005286
7.116667,-17.150637,-5.376111,0.172930,-0.009016,-0.097707,-1.467492,0.011463
7.133333,-17.150824,-5.376197,0.172934,-0.009084,-0.097670,-1.467092,0.012365
7.150000,-17.150972,-5.376302,0.172948,-0.009125,-0.097693,-1.466789,0.010922
7.166667,-17.151068,-5.376292,0.172966,-0.009158,-0.097857,-1.467123,0.005757
7.183333,-17.151068,-5.376222,0.172953,-0.009162,-0.097760,-1.467247,0.004177
7.200000,-17.150866,-5.375830,0.172912,-0.008963,-0.097786,-1.468817,0.026487
7.216667,-17.150692,-5.375586,0.172884,-0.008868,-0.097702,-1.469603,0.017950
7.233333,-17.150671,-5.375568,0.172882,-0.008857,-0.097704,-1.469626,0.001645
7.250000,-17.150724,-5.375625,0.172892,-0.008906,-0.097747,-1.469537,0.004655
7.266667,-17.150723,-5.375556,0.172877,-0.008843,-0.097697,-1.469725,0.004093
7.283333,-17.151064,-5.376010,0.172926,-0.009038,-0.097744,-1.468109,0.034081
7.300000,-17.151478,-5.376643,0.172990,-0.009280,-0.097809,-1.465804,0.045366
7.316667,-17.151796,-5.377357,0.173038,-0.009422,-0.097775,-1.462994,0.046926
7.333333,-17.152174,-5.378115,0.173139,-0.009844,-0.097885,-1.460228,0.050770
7.350000,-17.152273,-5.378684,0.173221,-0.010110,-0.097990,-1.458141,0.034647
7.366667,-17.152254,-5.379106,0.173243,-0.010273,-0.097799,-1.456057,0.025374
7.383333,-17.151850,-5.378945,0.173248,-0.010207,-0.097995,-1.456819,0.026118
7.400000,-17.151640,-5.379207,0.173288,-0.010368,-0.098041,-1.455712,0.020129
7.416667,-17.151564,-5.379369,0.173295,-0.010400,-0.097972,-1.454906,0.010777
7.433333,-17.151508,-5.379107,0.173277,-0.010314,-0.098055,-1.456076,0.016110
7.450000,-17.151489,-5.378934,0.173236,-0.010184,-0.097949,-1.456620,0.010420
7.466667,-17.151604,-5.378999,0.173253,-0.010255,-0.097967,-1.456421,0.007906
7.483333,-17.151670,-5.379050,0.173267,-0.010294,-0.098032,-1.456351,0.005041
7.500000,-17.151541,-5.378668,0.173210,-0.010105,-0.097933,-1.457735,0.024229
7.516667,-17.151388,-5.378353,0.173179,-0.009995,-0.097832,-1.458816,0.021011
7.533333,-17.151262,-5.378400,0.173210,-0.010034,-0.098071,-1.458901,0.008077
7.550000,-17.151428,-5.378772,0.173219,-0.010196,-0.097852,-1.457065,0.024410
7.566667,-17.151550,-5.378871,0.173240,-0.010234,-0.097936,-1.456894,0.009437
7.583333,-17.151268,-5.378716,0.173225,-0.010104,-0.097989,-1.457553,0.019336
7.600000,-17.151152,-5.378471,0.173179,-0.009970,-0.097814,-1.458182,0.016227
7.616667,-17.151180,-5.378772,0.173226,-0.010135,-0.097916,-1.457095,0.018106
7.633333,-17.151396,-5.379381,0.173285,-0.010323,-0.097945,-1.454720,0.038783
7.650000,-17.151333,-5.379660,0.173307,-0.010447,-0.097900,-1.453467,0.017130
7.666667,-17.151093,-5.379501,0.173314,-0.010421,-0.097906,-1.454017,0.017267
7.683333,-17.150856,-5.379341,0.173286,-0.010317,-0.097898,-1.454563,0.017156
7.700000,-17.150785,-5.379088,0.173251,-0.010177,-0.097879,-1.455562,0.015744
7.716667,-17.150900,-5.379179,0.173272,-0.010252,-0.097997,-1.455433,0.008793
7.733333,-17.151121,-5.379269,0.173273,-0.010317,-0.097924,-1.455015,0.014313
7.750000,-17.151405,-5.379857,0.173347,-0.010542,-0.097992,-1.452854,0.039207
7.766667,-17.151516,-5.379880,0.173367,-0.010645,-0.097946,-1.452680,0.006778
7.783333,-17.151669,-5.380295,0.173389,-0.010733,-0.098017,-1.451173,0.026521
7.800000,-17.151667,-5.380478,0.173399,-0.010758,-0.098008,-1.450416,0.010987
7.816667,-17.151489,-5.380020,0.173366,-0.010619,-0.098038,-1.452278,0.029482
7.833333,-17.151146,-5.379588,0.173320,-0.010420,-0.097970,-1.453864,0.033109
7.850000,-17.150892,-5.379478,0.173308,-0.010368,-0.098034,-1.454299,0.016571
7.866667,-17.150780,-5.378954,0.173232,-0.010126,-0.097845,-1.456045,0.032187
7.883333,-17.150606,-5.378656,0.173221,-0.010032,-0.097872,-1.457299,0.020693
7.900000,-17.150663,-5.378734,0.173227,-0.010077,-0.097950,-1.457178,0.005791
7.916667,-17.150709,-5.378371,0.173187,-0.009948,-0.097912,-1.458531,0.021945
7.933333,-17.150774,-5.378085,0.173154,-0.009868,-0.097774,-1.459546,0.017602
7.950000,-17.150902,-5.377993,0.173144,-0.009822,-0.097853,-1.460116,0.009432
7.966667,-17.151094,-5.377847,0.173141,-0.009810,-0.097941,-1.460958,0.014517
7.983333,-17.151215,-5.377389,0.173074,-0.009605,-0.097782,-1.462608,0.028396
8.000000,-17.151413,-5.377215,0.173081,-0.009608,-0.097812,-1.463433,0.015815
8.016667,-17.151489,-5.376976,0.173039,-0.009442,-0.097866,-1.464550,0.015047
8.033333,-17.151464,-5.376498,0.172979,-0.009245,-0.097760,-1.466320,0.028763
8.050000,-17.151432,-5.376286,0.172966,-0.009163,-0.097837,-1.467277,0.012879
8.066667,-17.151550,-5.376277,0.172962,-0.009159,-0.097812,-1.467324,0.007112
8.083333,-17.151638,-5.376375,0.172979,-0.009203,-0.097876,-1.467082,0.007881
8.100000,-17.151785,-5.376236,0.172991,-0.009132,-0.098210,-1.468182,0.012143
8.116667,-17.151613,-5.375374,0.172869,-0.008803,-0.097784,-1.470955,0.052715
8.133333,-17.151592,-5.375150,0.172849,-0.008699,-0.097833,-1.471920,0.013534
8.150000,-17.151691,-5.375194,0.172852,-0.008711,-0.097880,-1.471855,0.006519
8.166667,-17.151937,-5.375621,0.172899,-0.008879,-0.097910,-1.470282,0.029582
8.183333,-17.152321,-5.376332,0.172960,-0.009128,-0.097878,-1.467516,0.048465
8.200000,-17.152506,-5.376948,0.173032,-0.009406,-0.097890,-1.465115,0.038568
8.216667,-17.152615,-5.377560,0.173065,-0.009549,-0.097931,-1.462775,0.037282
8.233333,-17.152706,-5.378130,0.173146,-0.009849,-0.097916,-1.460501,0.034656
8.250000,-17.152645,-5.378564,0.173200,-0.010070,-0.097895,-1.458592,0.026292
8.266667,-17.152313,-5.378712,0.173222,-0.010130,-0.098009,-1.458014,0.021799
8.283333,-17.151939,-5.378217,0.173196,-0.009977,-0.098113,-1.460030,0.037194
8.300000,-17.151234,-5.377543,0.173103,-0.009655,-0.097912,-1.462166,0.058542
8.316667,-17.150625,-5.376887,0.173016,-0.009317,-0.097765,-1.464367,0.053689
8.333333,-17.150148,-5.376591,0.172962,-0.009063,-0.097696,-1.465258,0.033693
8.350000,-17.150040,-5.376719,0.172988,-0.009191,-0.097718,-1.464737,0.010067
8.366667,-17.150240,-5.377131,0.173048,-0.009457,-0.097784,-1.463203,0.027537
8.383333,-17.150343,-5.377333,0.173054,-0.009490,-0.097699,-1.462308,0.013563
8.400000,-17.150225,-5.377178,0.173071,-0.009510,-0.097844,-1.463105,0.011696
8.416667,-17.150133,-5.377146,0.173052,-0.009409,-0.097818,-1.463168,0.005809
8.433333,-17.150267,-5.377448,0.173064,-0.009474,-0.097743,-1.461966,0.019803
8.450000,-17.150293,-5.377528,0.173105,-0.009577,-0.097958,-1.461936,0.005039
8.466667,-17.150461,-5.377769,0.173104,-0.009651,-0.097788,-1.460672,0.017659
8.483333,-17.150511,-5.377605,0.173104,-0.009605,-0.097903,-1.461579,0.010282
8.500000,-17.150316,-5.377221,0.173043,-0.009404,-0.097679,-1.462764,0.025872
8.516667,-17.150053,-5.377162,0.173073,-0.009436,-0.097979,-1.463313,0.016174
8.533333,-17.149874,-5.376816,0.172974,-0.009177,-0.097604,-1.464094,0.023417
8.550000,-17.149445,-5.376583,0.172978,-0.009070,-0.097728,-1.465049,0.029291
8.566667,-17.148954,-5.376287,0.172931,-0.008826,-0.097743,-1.466176,0.034361
8.583333,-17.148993,-5.376207,0.172920,-0.008876,-0.097508,-1.465961,0.005298
8.600000,-17.148979,-5.376191,0.172947,-0.008891,-0.097795,-1.466574,0.001282
8.616667,-17.149023,-5.376076,0.172938,-0.008909,-0.097633,-1.466832,0.007354
8.633333,-17.148903,-5.375380,0.172845,-0.008559,-0.097605,-1.469629,0.042417
8.650000,-17.149046,-5.375037,0.172857,-0.008575,-0.097596,-1.470991,0.022263
8.666667,-17.149178,-5.374751,0.172790,-0.008449,-0.097513,-1.472097,0.018921
8.683333,-17.149279,-5.374756,0.172785,-0.008411,-0.097546,-1.472184,0.006075
8.700000,-17.149525,-5.374927,0.172816,-0.008557,-0.097654,-1.471765,0.017968
8.716667,-17.149757,-5.375024,0.172814,-0.008549,-0.097600,-1.471352,0.015133
8.733333,-17.150087,-5.375409,0.172873,-0.008825,-0.097723,-1.470114,0.030415
8.750000,-17.150555,-5.375712,0.172983,-0.009163,-0.097637,-1.468900,0.033425
8.766667,-17.151035,-5.376358,0.172954,-0.009162,-0.097698,-1.466614,0.048294
8.783333,-17.151476,-5.377070,0.173086,-0.009591,-0.097859,-1.464121,0.050234
8.800000,-17.151733,-5.377821,0.173143,-0.009837,-0.097878,-1.461228,0.047663
8.816667,-17.151825,-5.378243,0.173195,-0.010030,-0.097943,-1.459667,0.025909
8.833333,-17.151766,-5.378287,0.173164,-0.009965,-0.097743,-1.459208,0.004417
8.850000,-17.151545,-5.378005,0.173162,-0.009870,-0.098000,-1.460630,0.021542
8.866667,-17.151333,-5.377739,0.173120,-0.009803,-0.097791,-1.461257,0.020357
8.883333,-17.151068,-5.377376,0.173090,-0.009641,-0.097864,-1.462762,0.027011
8.900000,-17.151028,-5.377288,0.173088,-0.009662,-0.097805,-1.462979,0.005787
8.916667,-17.150856,-5.377258,0.173090,-0.009597,-0.097946,-1.463270,0.010456
8.933333,-17.150459,-5.376768,0.173017,-0.009363,-0.097778,-1.464835,0.037837
8.950000,-17.150078,-5.376445,0.173065,-0.009407,-0.097663,-1.465764,0.029984
8.966667,-17.149927,-5.376569,0.173026,-0.009308,-0.097700,-1.465267,0.011726
8.983333,-17.149910,-5.376558,0.172992,-0.009221,-0.097690,-1.465304,0.001222
9.000000,-17.149853,-5.376674,0.173026,-0.009274,-0.097979,-1.465260,0.007728
9.016667,-17.150129,-5.377065,0.173044,-0.009459,-0.097754,-1.463405,0.028736
9.033333,-17.150084,-5.376858,0.173028,-0.009370,-0.097775,-1.464308,0.012717
9.050000,-17.149937,-5.376693,0.173008,-0.009273,-0.097769,-1.464906,0.013253
9.066667,-17.150009,-5.377027,0.173040,-0.009397,-0.097741,-1.463526,0.020522
9.083333,-17.150089,-5.377506,0.173102,-0.009601,-0.097858,-1.461799,0.029124
9.100000,-17.150007,-5.377621,0.173099,-0.009586,-0.097773,-1.461090,0.008494
9.116667,-17.149916,-5.377339,0.173096,-0.009530,-0.097976,-1.462518,0.017779
9.133333,-17.149776,-5.376970,0.173036,-0.009356,-0.097739,-1.463619,0.023668
9.150000,-17.149973,-5.377157,0.173065,-0.009473,-0.097974,-1.463297,0.016251
9.166667,-17.150391,-5.377291,0.173077,-0.009624,-0.097750,-1.462528,0.026320
9.183333,-17.150743,-5.377560,0.173110,-0.009701,-0.097894,-1.461896,0.026637
9.200000,-17.150663,-5.377361,0.173080,-0.009631,-0.097790,-1.462477,0.012862
9.216667,-17.150354,-5.377194,0.173099,-0.009612,-0.097872,-1.463109,0.021071
9.233333,-17.150291,-5.377106,0.173048,-0.009514,-0.097644,-1.463030,0.006502
9.250000,-17.150265,-5.377187,0.173059,-0.009474,-0.097852,-1.463097,0.005121
9.266667,-17.150105,-5.377034,0.173040,-0.009432,-0.097696,-1.463440,0.013315
9.283333,-17.150169,-5.377367,0.173076,-0.009542,-0.097748,-1.462175,0.020374
9.300000,-17.150352,-5.377932,0.173144,-0.009791,-0.097880,-1.460133,0.035612
9.316667,-17.150402,-5.378356,0.173181,-0.009934,-0.097854,-1.458366,0.025665
9.333333,-17.150295,-5.378314,0.173173,-0.009870,-0.097859,-1.458508,0.006886
9.350000,-17.149939,-5.378038,0.173139,-0.009743,-0.097763,-1.459294,0.027063
9.366667,-17.149586,-5.377901,0.173130,-0.009636,-0.097810,-1.459914,0.022718
9.383333,-17.149426,-5.377345,0.173074,-0.009430,-0.097811,-1.462036,0.034744
9.400000,-17.149292,-5.376823,0.173014,-0.009230,-0.097687,-1.463936,0.032281
9.416667,-17.149446,-5.376885,0.172998,-0.009194,-0.097695,-1.463776,0.009977
9.433333,-17.149900,-5.377293,0.173079,-0.009525,-0.097752,-1.462372,0.036628
9.450000,-17.150312,-5.377562,0.173111,-0.009693,-0.097841,-1.461632,0.029504
9.466667,-17.150454,-5.377371,0.173113,-0.009648,-0.098085,-1.462777,0.014214
9.483333,-17.150211,-5.376637,0.173018,-0.009359,-0.097805,-1.465289,0.046422
9.500000,-17.150057,-5.376324,0.172979,-0.009196,-0.097750,-1.466445,0.020933
9.516667,-17.150101,-5.376340,0.173003,-0.009254,-0.097945,-1.466636,0.002806
9.533333,-17.150164,-5.376221,0.172957,-0.009187,-0.097627,-1.466571,0.008063
9.550000,-17.150415,-5.376415,0.172993,-0.009265,-0.097830,-1.466273,0.019073
9.566667,-17.150133,-5.376019,0.172946,-0.009078,-0.097761,-1.467700,0.029168
9.583333,-17.149866,-5.375955,0.172954,-0.009065,-0.097876,-1.468030,0.016487
9.600000,-17.150154,-5.376416,0.172971,-0.009245,-0.097620,-1.465852,0.032619
9.616667,-17.150331,-5.376930,0.173048,-0.009457,-0.097888,-1.464242,0.032627
9.633333,-17.150366,-5.377394,0.173080,-0.009620,-0.097764,-1.462201,0.027914
9.650000,-17.150171,-5.377588,0.173115,-0.009711,-0.097787,-1.461364,0.016488
9.666667,-17.149933,-5.377162,0.173118,-0.009650,-0.097823,-1.463009,0.029306
9.683333,-17.149609,-5.376838,0.173096,-0.009552,-0.097665,-1.463965,0.027493
9.700000,-17.149281,-5.376820,0.173039,-0.009314,-0.097907,-1.464293,0.019712
9.716667,-17.149443,-5.377206,0.173048,-0.009472,-0.097628,-1.462264,0.025107
9.733333,-17.149162,-5.376974,0.173034,-0.009329,-0.097661,-1.463222,0.021844
9.750000,-17.149004,-5.376574,0.173015,-0.009202,-0.097881,-1.465135,0.025815
9.766667,-17.148960,-5.376180,0.172961,-0.009049,-0.097643,-1.466390,0.023778
9.783333,-17.149239,-5.376370,0.172993,-0.009186,-0.097774,-1.465980,0.020252
9.800000,-17.149630,-5.376528,0.172989,-0.009240,-0.097667,-1.465278,0.025289
9.816667,-17.150066,-5.376856,0.173034,-0.009428,-0.097776,-1.464218,0.032793
9.833333,-17.150232,-5.376906,0.173050,-0.009448,-0.097934,-1.464374,0.010391
9.850000,-17.150040,-5.376481,0.172999,-0.009262,-0.097882,-1.465995,0.028016
9.866667,-17.150005,-5.376364,0.172988,-0.009240,-0.097763,-1.466303,0.007278
9.883333,-17.150215,-5.376688,0.173022,-0.009363,-0.097832,-1.465239,0.023125
9.900000,-17.150339,-5.376897,0.173041,-0.009446,-0.097875,-1.464391,0.014622
9.916667,-17.150227,-5.376630,0.173010,-0.009341,-0.097782,-1.465289,0.017386
9.933333,-17.149643,-5.376266,0.172991,-0.009160,-0.097918,-1.466780,0.041281
9.950000,-17.149307,-5.375648,0.172920,-0.008868,-0.097832,-1.469037,0.042221
9.966667,-17.148895,-5.375126,0.172819,-0.008519,-0.097774,-1.470872,0.039884
9.983333,-17.148928,-5.374939,0.172812,-0.008536,-0.097539,-1.471259,0.011383
10.000000,-17.149050,-5.375083,0.172846,-0.008677,-0.097681,-1.470960,0.011349
10.016667,-17.149372,-5.375620,0.172885,-0.008857,-0.097550,-1.468692,0.037575
10.033333,-17.149576,-5.376184,0.172954,-0.009075,-0.097724,-1.466737,0.035966
10.050000,-17.149828,-5.376871,0.173052,-0.009464,-0.097862,-1.464233,0.043908
10.066667,-17.149813,-5.377381,0.173085,-0.009647,-0.097701,-1.461941,0.030627
10.083333,-17.149485,-5.377538,0.173098,-0.009629,-0.097755,-1.461167,0.021806
10.100000,-17.149248,-5.377295,0.173120,-0.009613,-0.098045,-1.462494,0.020333
10.116667,-17.148878,-5.376920,0.173015,-0.009232,-0.097712,-1.463388,0.031621
10.133333,-17.149027,-5.376833,0.173160,-0.009739,-0.097575,-1.463508,0.010320
10.150000,-17.149107,-5.377204,0.173077,-0.009526,-0.097696,-1.462285,0.022744
10.166667,-17.149134,-5.377111,0.173058,-0.009456,-0.097694,-1.462677,0.005777
10.183333,-17.149082,-5.377079,0.173052,-0.009425,-0.097706,-1.462778,0.003636
10.200000,-17.148964,-5.377054,0.173053,-0.009388,-0.097738,-1.462951,0.007262
10.216667,-17.148981,-5.376968,0.173034,-0.009377,-0.097616,-1.463088,0.005224
10.233333,-17.148909,-5.376625,0.173007,-0.009255,-0.097667,-1.464556,0.021053
10.250000,-17.149000,-5.376553,0.173005,-0.009277,-0.097687,-1.464914,0.006988
10.266667,-17.149248,-5.376681,0.173008,-0.009310,-0.097646,-1.464418,0.016750
10.283333,-17.149723,-5.377316,0.173097,-0.009638,-0.097915,-1.462440,0.047539
10.300000,-17.149984,-5.377934,0.173137,-0.009815,-0.097847,-1.459907,0.040257
10.316667,-17.150274,-5.378662,0.173220,-0.010151,-0.097891,-1.457118,0.047050
10.333333,-17.150307,-5.379051,0.173279,-0.010341,-0.097877,-1.455513,0.023427
10.350000,-17.150280,-5.379030,0.173271,-0.010327,-0.097886,-1.455545,0.002055
10.366667,-17.150124,-5.378911,0.173278,-0.010339,-0.097963,-1.456067,0.011799
10.383333,-17.150145,-5.378624,0.173234,-0.010214,-0.097864,-1.457138,0.017212
10.400000,-17.150293,-5.378813,0.173276,-0.010338,-0.098028,-1.456715,0.014401
10.416667,-17.150808,-5.379347,0.173307,-0.010497,-0.097910,-1.454462,0.044535
10.433333,-17.150900,-5.379766,0.173330,-0.010479,-0.097915,-1.452827,0.025741
10.450000,-17.150995,-5.380190,0.173398,-0.010791,-0.097952,-1.451172,0.026042
10.466667,-17.151171,-5.380888,0.173475,-0.011108,-0.098019,-1.448472,0.043216
10.483333,-17.151026,-5.381281,0.173512,-0.011281,-0.097991,-1.446651,0.025128
10.500000,-17.150711,-5.381073,0.173491,-0.011166,-0.097920,-1.447253,0.022663
10.516667,-17.150539,-5.381318,0.173509,-0.011213,-0.097938,-1.446177,0.017977
10.533333,-17.150434,-5.381188,0.173520,-0.011190,-0.098162,-1.447008,0.010009
10.550000,-17.150188,-5.380818,0.173466,-0.011041,-0.097858,-1.447909,0.026686
10.566667,-17.150145,-5.380959,0.173466,-0.011028,-0.097923,-1.447455,0.008868
10.583333,-17.150162,-5.380817,0.173430,-0.010921,-0.097910,-1.448052,0.008559
10.600000,-17.150110,-5.380781,0.173459,-0.010988,-0.097939,-1.448249,0.003778
10.616667,-17.150095,-5.380705,0.173430,-0.010882,-0.097797,-1.448224,0.004640
10.633333,-17.150154,-5.380695,0.173420,-0.010904,-0.097773,-1.448270,0.003598
10.650000,-17.150343,-5.381085,0.173488,-0.011107,-0.098074,-1.447256,0.026001
10.666667,-17.150414,-5.380882,0.173464,-0.011054,-0.097928,-1.447917,0.012903
10.683333,-17.150246,-5.380692,0.173438,-0.010970,-0.097877,-1.448465,0.015244
10.700000,-17.150070,-5.380570,0.173422,-0.010882,-0.097812,-1.448838,0.012793
10.716667,-17.149961,-5.380475,0.173409,-0.010859,-0.097782,-1.449107,0.008696
10.733333,-17.149887,-5.380472,0.173422,-0.010868,-0.097841,-1.449258,0.004466
10.750000,-17.149733,-5.380286,0.173391,-0.010730,-0.097831,-1.449942,0.014484
10.766667,-17.149670,-5.380240,0.173383,-0.010692,-0.097808,-1.450070,0.004687
10.783333,-17.149885,-5.380663,0.173436,-0.010907,-0.097892,-1.448508,0.028482
10.800000,-17.150017,-5.380999,0.173469,-0.011037,-0.097899,-1.447170,0.021661
10.816667,-17.149897,-5.380708,0.173449,-0.010935,-0.097948,-1.448425,0.018883
10.833333,-17.149561,-5.380407,0.173412,-0.010766,-0.097863,-1.449455,0.027067
10.850000,-17.149399,-5.380228,0.173377,-0.010651,-0.097782,-1.449942,0.014503
10.866667,-17.149321,-5.380139,0.173416,-0.010786,-0.097773,-1.450243,0.007095
10.883333,-17.149134,-5.379912,0.173345,-0.010511,-0.097763,-1.451100,0.017620
10.900000,-17.149130,-5.379942,0.173371,-0.010663,-0.097866,-1.451185,0.001817
10.916667,-17.149105,-5.379905,0.173337,-0.010498,-0.097740,-1.451183,0.002706
10.933333,-17.149086,-5.379792,0.173341,-0.010529,-0.097741,-1.451548,0.006848
10.950000,-17.148882,-5.379667,0.173321,-0.010395,-0.097728,-1.451960,0.014357
10.966667,-17.148689,-5.379231,0.173281,-0.010228,-0.097681,-1.453629,0.028590
10.983333,-17.148594,-5.379002,0.173239,-0.010104,-0.097611,-1.454466,0.014930
11.000000,-17.148527,-5.379048,0.173222,-0.010041,-0.097777,-1.454546,0.004873
11.016667,-17.148447,-5.378826,0.173242,-0.010065,-0.097711,-1.455355,0.014145
11.033333,-17.148521,-5.378859,0.173245,-0.010077,-0.097793,-1.455276,0.004880
11.050000,-17.148731,-5.378783,0.173217,-0.010038,-0.097709,-1.455590,0.013385
11.066667,-17.148975,-5.378969,0.173244,-0.010149,-0.097787,-1.455065,0.018414
11.083333,-17.149296,-5.379117,0.173264,-0.010265,-0.097744,-1.454440,0.021173
11.100000,-17.149446,-5.379251,0.173281,-0.010318,-0.097806,-1.454165,0.012079
11.116667,-17.149317,-5.379024,0.173282,-0.010264,-0.097915,-1.455193,0.015660
11.133333,-17.148985,-5.378739,0.173241,-0.010088,-0.097780,-1.456080,0.026253
11.150000,-17.148928,-5.378724,0.173228,-0.010043,-0.097815,-1.456230,0.003546
11.166667,-17.148932,-5.378397,0.173199,-0.009958,-0.097663,-1.457263,0.019657
11.183333,-17.148872,-5.378194,0.173187,-0.009939,-0.097699,-1.458141,0.012666
11.200000,-17.148993,-5.378331,0.173196,-0.009963,-0.097783,-1.457850,0.010949
11.216667,-17.149315,-5.378494,0.173204,-0.010025,-0.097787,-1.457332,0.021662
11.233333,-17.149807,-5.378972,0.173243,-0.010246,-0.097781,-1.455390,0.041173
11.250000,-17.150196,-5.379354,0.173290,-0.010416,-0.097897,-1.454229,0.032694
11.266667,-17.150335,-5.379297,0.173309,-0.010507,-0.097884,-1.454395,0.009011
11.283333,-17.150248,-5.378909,0.173265,-0.010321,-0.097884,-1.456107,0.023904
11.300000,-17.150166,-5.378693,0.173248,-0.010230,-0.097894,-1.456980,0.013863
11.316667,-17.150059,-5.378651,0.173253,-0.010245,-0.097954,-1.457238,0.006886
11.333333,-17.149994,-5.378211,0.173219,-0.010144,-0.097769,-1.458623,0.026664
11.350000,-17.149807,-5.377885,0.173152,-0.009890,-0.097805,-1.459960,0.022555
11.366667,-17.149706,-5.377759,0.173126,-0.009784,-0.097749,-1.460339,0.009687
11.383333,-17.149643,-5.377382,0.173118,-0.009710,-0.097863,-1.462079,0.022944
11.400000,-17.149445,-5.376873,0.173052,-0.009474,-0.097733,-1.463856,0.032765
11.416667,-17.149418,-5.376879,0.173023,-0.009264,-0.097721,-1.463906,0.001639
11.433333,-17.149683,-5.376919,0.173061,-0.009484,-0.097870,-1.463984,0.016088
11.450000,-17.149590,-5.376762,0.173039,-0.009393,-0.097823,-1.464558,0.010957
11.466667,-17.149616,-5.376727,0.173030,-0.009397,-0.097776,-1.464562,0.002632
11.483333,-17.149441,-5.376648,0.173021,-0.009321,-0.097750,-1.464860,0.011550
11.500000,-17.149467,-5.376788,0.173035,-0.009342,-0.097891,-1.464605,0.008535
11.516667,-17.149632,-5.376572,0.173014,-0.009328,-0.097758,-1.465219,0.016251
11.533333,-17.149767,-5.376836,0.173044,-0.009470,-0.097774,-1.464274,0.017786
11.550000,-17.149879,-5.376943,0.173064,-0.009543,-0.097856,-1.464001,0.009309
11.566667,-17.149649,-5.376865,0.173067,-0.009452,-0.097987,-1.464372,0.014602
11.583333,-17.149508,-5.376637,0.173012,-0.009358,-0.097673,-1.464684,0.016085
11.600000,-17.149513,-5.376817,0.173059,-0.009435,-0.097943,-1.464490,0.010763
11.616667,-17.149652,-5.376786,0.173030,-0.009399,-0.097777,-1.464331,0.008552
11.633333,-17.149868,-5.376896,0.173055,-0.009519,-0.097816,-1.463979,0.014523
11.650000,-17.149853,-5.376949,0.173061,-0.009513,-0.097858,-1.463924,0.003305
11.666667,-17.149652,-5.376377,0.173005,-0.009272,-0.097797,-1.466099,0.036401
11.683333,-17.149452,-5.375844,0.172935,-0.009040,-0.097671,-1.467994,0.034169
11.700000,-17.149412,-5.375882,0.172955,-0.009054,-0.097765,-1.467972,0.003339
11.716667,-17.149700,-5.376067,0.172967,-0.009079,-0.097857,-1.467480,0.020539
11.733333,-17.149790,-5.376006,0.172941,-0.009081,-0.097652,-1.467395,0.006523
11.750000,-17.149858,-5.376394,0.173000,-0.009273,-0.097789,-1.466088,0.023679
11.766667,-17.149899,-5.376655,0.173020,-0.009353,-0.097879,-1.465171,0.015833
11.783333,-17.149769,-5.376222,0.172976,-0.009188,-0.097740,-1.466677,0.027146
11.800000,-17.149483,-5.375918,0.172949,-0.009029,-0.097751,-1.467818,0.025015
11.816667,-17.149418,-5.376152,0.172948,-0.009028,-0.097791,-1.466897,0.014549
11.833333,-17.149511,-5.376516,0.172997,-0.009276,-0.097704,-1.465311,0.022566
11.850000,-17.149540,-5.377005,0.173061,-0.009488,-0.097820,-1.463505,0.029347
11.866667,-17.149515,-5.377388,0.173100,-0.009676,-0.097768,-1.461875,0.023051
11.883333,-17.149393,-5.377502,0.173126,-0.009764,-0.097755,-1.461261,0.010040
11.900000,-17.149130,-5.377032,0.173079,-0.009554,-0.097714,-1.463027,0.032355
11.916667,-17.148848,-5.376774,0.173025,-0.009352,-0.097647,-1.463808,0.022944
11.933333,-17.148825,-5.376834,0.173035,-0.009338,-0.097714,-1.463710,0.003858
11.950000,-17.149162,-5.377324,0.173074,-0.009567,-0.097658,-1.461759,0.035712
11.966667,-17.149412,-5.377777,0.173135,-0.009807,-0.097775,-1.460178,0.031015
11.983333,-17.149433,-5.377743,0.173184,-0.009969,-0.097842,-1.460409,0.002390
12.000000,-17.149277,-5.377670,0.173094,-0.009688,-0.097782,-1.460498,0.010343
12.016667,-17.149155,-5.377573,0.173155,-0.009791,-0.097938,-1.461136,0.009347
12.033333,-17.148920,-5.377254,0.173122,-0.009681,-0.097761,-1.461965,0.023759
12.050000,-17.148695,-5.377131,0.173063,-0.009459,-0.097671,-1.462328,0.015417
12.066667,-17.148813,-5.377283,0.173086,-0.009554,-0.097732,-1.461921,0.011560
12.083333,-17.148975,-5.377330,0.173085,-0.009583,-0.097705,-1.461745,0.010139
12.100000,-17.149134,-5.377852,0.173142,-0.009808,-0.097750,-1.459705,0.032737
12.116667,-17.149141,-5.378263,0.173183,-0.009932,-0.097750,-1.458020,0.024609
12.133333,-17.149225,-5.378675,0.173309,-0.010394,-0.097753,-1.456293,0.025283
12.150000,-17.148962,-5.378875,0.173245,-0.010145,-0.097753,-1.455373,0.019810
12.166667,-17.148634,-5.378402,0.173238,-0.010029,-0.097860,-1.457354,0.034516
12.183333,-17.148079,-5.377821,0.173132,-0.009672,-0.097595,-1.459040,0.048222
12.200000,-17.147675,-5.377388,0.173086,-0.009405,-0.097648,-1.460735,0.035525
12.216667,-17.147310,-5.377221,0.173024,-0.009168,-0.097653,-1.461314,0.024055
12.233333,-17.147249,-5.377644,0.173116,-0.009487,-0.097675,-1.459630,0.025640
12.250000,-17.147278,-5.377660,0.173121,-0.009500,-0.097797,-1.459685,0.001959
12.266667,-17.147327,-5.377429,0.173086,-0.009405,-0.097706,-1.460561,0.014135
12.283333,-17.147697,-5.377923,0.173161,-0.009662,-0.097944,-1.459024,0.037033
12.300000,-17.148134,-5.378222,0.173161,-0.009795,-0.097669,-1.457536,0.031742
12.316667,-17.148291,-5.378526,0.173215,-0.009971,-0.097692,-1.456412,0.020524
12.333333,-17.148264,-5.378345,0.173177,-0.009846,-0.097639,-1.457086,0.010961
12.350000,-17.148083,-5.378300,0.173182,-0.009813,-0.097737,-1.457398,0.011206
12.366667,-17.147894,-5.378050,0.173137,-0.009656,-0.097516,-1.457959,0.018814
12.383333,-17.147730,-5.377699,0.173116,-0.009549,-0.097624,-1.459513,0.023244
12.400000,-17.147673,-5.377634,0.173100,-0.009458,-0.097782,-1.460029,0.005189
12.416667,-17.147728,-5.377461,0.173115,-0.009487,-0.097883,-1.460880,0.010903
12.433333,-17.147589,-5.377136,0.173078,-0.009382,-0.097640,-1.461704,0.021199
12.450000,-17.147589,-5.377145,0.173051,-0.009282,-0.097614,-1.461811,0.000515
12.466667,-17.147894,-5.377360,0.173104,-0.009523,-0.097588,-1.460938,0.022417
12.483333,-17.148077,-5.377443,0.173070,-0.009449,-0.097560,-1.460603,0.012050
12.500000,-17.148127,-5.377187,0.173056,-0.009384,-0.097613,-1.461825,0.015649
12.516667,-17.148140,-5.376889,0.173083,-0.009456,-0.097491,-1.462853,0.017871
12.533333,-17.148211,-5.377077,0.173060,-0.009291,-0.097824,-1.462643,0.012015
12.550000,-17.148464,-5.377078,0.173052,-0.009396,-0.097668,-1.462490,0.015221
12.566667,-17.148724,-5.377725,0.173128,-0.009672,-0.097821,-1.460210,0.041854
12.583333,-17.148907,-5.378238,0.173191,-0.009953,-0.097632,-1.457799,0.032659
12.600000,-17.148838,-5.378426,0.173223,-0.010060,-0.097703,-1.457087,0.012029
12.616667,-17.148600,-5.378042,0.173177,-0.009852,-0.097823,-1.458774,0.027137
12.633333,-17.148256,-5.377655,0.173119,-0.009618,-0.097674,-1.460065,0.031028
12.650000,-17.148153,-5.377471,0.173094,-0.009549,-0.097589,-1.460578,0.012655
12.666667,-17.148256,-5.377918,0.173145,-0.009743,-0.097675,-1.458905,0.027539
12.683333,-17.148478,-5.378313,0.173183,-0.009923,-0.097702,-1.457404,0.027155
12.700000,-17.148487,-5.378181,0.173167,-0.009841,-0.097666,-1.457922,0.007946
12.716667,-17.148453,-5.378225,0.173188,-0.009891,-0.097799,-1.457953,0.003365
12.733333,-17.148548,-5.378230,0.173165,-0.009862,-0.097654,-1.457637,0.005729
12.750000,-17.148596,-5.378287,0.173192,-0.009924,-0.097776,-1.457719,0.004447
12.766667,-17.148563,-5.378109,0.173156,-0.009819,-0.097647,-1.458195,0.010819
12.783333,-17.148394,-5.377995,0.173152,-0.009794,-0.097646,-1.458560,0.012284
12.800000,-17.148354,-5.378368,0.173192,-0.009904,-0.097730,-1.457156,0.022530
12.816667,-17.148329,-5.378385,0.173190,-0.009902,-0.097690,-1.457030,0.001778
12.833333,-17.148285,-5.378326,0.173180,-0.009859,-0.097633,-1.457111,0.004372
12.850000,-17.148296,-5.378451,0.173194,-0.009913,-0.097688,-1.456716,0.007499
12.866667,-17.148258,-5.378286,0.173180,-0.009862,-0.097635,-1.457321,0.010132
12.883333,-17.148157,-5.378280,0.173187,-0.009845,-0.097736,-1.457528,0.006077
12.900000,-17.148272,-5.378697,0.173222,-0.010013,-0.097696,-1.455689,0.025959
12.916667,-17.148403,-5.379323,0.173283,-0.010259,-0.097707,-1.453183,0.038386
12.933333,-17.148201,-5.379492,0.173289,-0.010258,-0.097678,-1.452284,0.015785
12.950000,-17.147825,-5.379061,0.173282,-0.010119,-0.097884,-1.454232,0.034310
12.966667,-17.147085,-5.378325,0.173166,-0.009635,-0.097538,-1.456506,0.062614
12.983333,-17.146597,-5.377694,0.173093,-0.009381,-0.097445,-1.458756,0.047887
13.000000,-17.146086,-5.377405,0.173026,-0.009088,-0.097510,-1.459811,0.035217
13.016667,-17.145948,-5.377374,0.173044,-0.009117,-0.097394,-1.459770,0.008453
13.033333,-17.145941,-5.377451,0.173073,-0.009171,-0.097588,-1.459708,0.004657
13.050000,-17.146162,-5.377820,0.173080,-0.009316,-0.097359,-1.457817,0.025794
13.066667,-17.146210,-5.377884,0.173086,-0.009329,-0.097439,-1.457786,0.004807
13.083333,-17.146027,-5.377961,0.173101,-0.009342,-0.097442,-1.457342,0.011913
13.100000,-17.145844,-5.377626,0.173077,-0.009204,-0.097526,-1.458793,0.022893
13.116667,-17.145506,-5.377221,0.173022,-0.008964,-0.097384,-1.460195,0.031628
13.133333,-17.145483,-5.377207,0.173036,-0.009011,-0.097462,-1.460328,0.001604
13.150000,-17.145641,-5.377180,0.173016,-0.009009,-0.097354,-1.460346,0.009638
13.166667,-17.145992,-5.377804,0.173077,-0.009284,-0.097372,-1.457840,0.042965
13.183333,-17.146259,-5.378000,0.173130,-0.009490,-0.097440,-1.457264,0.019857
13.200000,-17.146442,-5.378296,0.173143,-0.009548,-0.097452,-1.456130,0.020889
13.216667,-17.146433,-5.378153,0.173125,-0.009492,-0.097437,-1.456718,0.008574
13.233333,-17.146193,-5.378020,0.173106,-0.009387,-0.097422,-1.457119,0.016482
13.250000,-17.145956,-5.378176,0.173135,-0.009429,-0.097535,-1.456538,0.016997
13.266667,-17.145720,-5.377761,0.173088,-0.009224,-0.097505,-1.458141,0.028677
13.283333,-17.145435,-5.377433,0.173043,-0.009048,-0.097381,-1.459267,0.026021
13.300000,-17.145422,-5.377497,0.173052,-0.009065,-0.097492,-1.459119,0.003889
13.316667,-17.145807,-5.378119,0.173105,-0.009337,-0.097450,-1.456607,0.043938
13.333333,-17.145987,-5.378137,0.173123,-0.009450,-0.097506,-1.456673,0.010809
13.350000,-17.145555,-5.377661,0.173042,-0.009108,-0.097261,-1.458119,0.038547
13.366667,-17.145105,-5.377008,0.172988,-0.008826,-0.097273,-1.460695,0.047576
13.383333,-17.144703,-5.376600,0.172929,-0.008537,-0.097270,-1.462271,0.034393
13.400000,-17.144627,-5.376486,0.172902,-0.008434,-0.097080,-1.462235,0.008205
13.416667,-17.144690,-5.376592,0.172941,-0.008600,-0.097294,-1.462245,0.007365
13.433333,-17.144468,-5.376601,0.172952,-0.008586,-0.097433,-1.462363,0.013286
13.450000,-17.144890,-5.377023,0.172961,-0.008756,-0.097188,-1.460405,0.035788
13.466667,-17.144999,-5.376964,0.172969,-0.008765,-0.097230,-1.460771,0.007425
13.483333,-17.144924,-5.376883,0.173058,-0.009008,-0.097233,-1.461041,0.006601
13.500000,-17.144735,-5.377092,0.173018,-0.008856,-0.097395,-1.460343,0.016936
13.516667,-17.144703,-5.376906,0.172966,-0.008719,-0.097205,-1.460826,0.011326
13.533333,-17.144714,-5.376921,0.172968,-0.008722,-0.097228,-1.460821,0.001099
13.550000,-17.144663,-5.376609,0.172938,-0.008603,-0.097235,-1.462129,0.018936
13.566667,-17.144701,-5.376528,0.172931,-0.008554,-0.097237,-1.462499,0.005401
13.583333,-17.144817,-5.376679,0.172961,-0.008655,-0.097411,-1.462186,0.011445
13.600000,-17.145000,-5.377201,0.172987,-0.008894,-0.097205,-1.459668,0.033172
13.616667,-17.145010,-5.377079,0.173013,-0.008926,-0.097263,-1.460324,0.007347
13.633333,-17.144627,-5.376817,0.172964,-0.008694,-0.097260,-1.461252,0.027854
13.650000,-17.144314,-5.377056,0.173006,-0.008760,-0.097478,-1.460410,0.023633
13.666667,-17.144314,-5.377236,0.172990,-0.008783,-0.097186,-1.459178,0.010815
13.683333,-17.144281,-5.377078,0.172998,-0.008755,-0.097370,-1.460145,0.009696
13.700000,-17.144041,-5.376688,0.172927,-0.008509,-0.097157,-1.461365,0.027513
13.716667,-17.143776,-5.376459,0.172875,-0.008322,-0.097071,-1.462005,0.020996
13.733333,-17.143435,-5.376441,0.172911,-0.008322,-0.097286,-1.462316,0.020514
13.750000,-17.143381,-5.376225,0.172875,-0.008246,-0.097082,-1.462915,0.013378
13.766667,-17.143414,-5.376302,0.172893,-0.008294,-0.097193,-1.462821,0.005027
13.783333,-17.143490,-5.376321,0.172877,-0.008302,-0.097037,-1.462427,0.004726
13.800000,-17.143545,-5.376132,0.172861,-0.008228,-0.097032,-1.463314,0.011806
13.816667,-17.143545,-5.376033,0.172849,-0.008157,-0.097040,-1.463766,0.005951
13.833333,-17.143393,-5.376039,0.172866,-0.008155,-0.097217,-1.463947,0.009162
13.850000,-17.143600,-5.376207,0.172869,-0.008264,-0.097066,-1.463033,0.016032
13.866667,-17.143793,-5.376501,0.172909,-0.008414,-0.097146,-1.462034,0.021100
13.883333,-17.143810,-5.376323,0.172889,-0.008340,-0.097118,-1.462759,0.010750
13.900000,-17.143738,-5.376248,0.172882,-0.008308,-0.097118,-1.463016,0.006232
13.916667,-17.143682,-5.376262,0.172880,-0.008298,-0.097109,-1.462919,0.003421
13.933333,-17.143774,-5.376480,0.172906,-0.008399,-0.097141,-1.462100,0.014182
13.950000,-17.143700,-5.376192,0.172875,-0.008272,-0.097110,-1.463254,0.017875
13.966667,-17.143476,-5.376013,0.172853,-0.008150,-0.097095,-1.463936,0.017158
13.983333,-17.143318,-5.375717,0.172827,-0.007997,-0.097176,-1.465220,0.020147
14.000000,-17.143005,-5.375358,0.172769,-0.007796,-0.097008,-1.466333,0.028572
14.016667,-17.142672,-5.375051,0.172735,-0.007579,-0.097036,-1.467640,0.027213
14.033333,-17.142551,-5.375038,0.172744,-0.007611,-0.097033,-1.467679,0.007248
14.050000,-17.142490,-5.374869,0.172702,-0.007512,-0.096855,-1.467880,0.010770
14.066667,-17.142469,-5.374998,0.172743,-0.007565,-0.097122,-1.467886,0.007798
14.083333,-17.142590,-5.374914,0.172713,-0.007520,-0.096980,-1.468070,0.008778
14.100000,-17.142756,-5.375004,0.172729,-0.007610,-0.096954,-1.467688,0.011330
14.116667,-17.143122,-5.375324,0.172780,-0.007766,-0.097191,-1.466919,0.029159
14.133333,-17.143459,-5.375520,0.172783,-0.007890,-0.097079,-1.465990,0.023436
14.150000,-17.144011,-5.376254,0.172887,-0.008357,-0.097129,-1.463187,0.055046
14.166667,-17.144327,-5.376642,0.172947,-0.008592,-0.097116,-1.461635,0.030054
14.183333,-17.144257,-5.376661,0.172931,-0.008522,-0.097189,-1.461649,0.004386
14.200000,-17.144178,-5.376608,0.172917,-0.008488,-0.097108,-1.461725,0.005666
14.216667,-17.144085,-5.376640,0.172937,-0.008524,-0.097262,-1.461817,0.005936
14.233333,-17.143917,-5.376371,0.172893,-0.008381,-0.097146,-1.462637,0.019021
14.250000,-17.143744,-5.376332,0.172901,-0.008348,-0.097230,-1.462882,0.010675
14.266667,-17.143646,-5.376201,0.172868,-0.008283,-0.097059,-1.463056,0.009819
14.283333,-17.143450,-5.375808,0.172836,-0.008149,-0.096995,-1.464499,0.026357
14.300000,-17.143042,-5.375641,0.172827,-0.008015,-0.097030,-1.465159,0.026448
14.316667,-17.143017,-5.375636,0.172814,-0.007920,-0.097132,-1.465363,0.001521
14.333333,-17.143160,-5.375601,0.172795,-0.007925,-0.097008,-1.465354,0.008834
14.350000,-17.143291,-5.375804,0.172828,-0.008043,-0.097069,-1.464660,0.014522
14.366667,-17.143276,-5.375541,0.172799,-0.007918,-0.097052,-1.465767,0.015848
14.383333,-17.143190,-5.375322,0.172772,-0.007813,-0.097004,-1.466623,0.014106
14.400000,-17.143030,-5.375254,0.172741,-0.007644,-0.097165,-1.467090,0.010436
14.416667,-17.143124,-5.375151,0.172752,-0.007752,-0.097000,-1.467213,0.008345
14.433333,-17.143211,-5.375202,0.172770,-0.007738,-0.097150,-1.467370,0.006075
14.450000,-17.143101,-5.374975,0.172737,-0.007596,-0.097049,-1.468141,0.015124
14.466667,-17.143000,-5.374898,0.172733,-0.007576,-0.097080,-1.468537,0.007616
14.483333,-17.143044,-5.374731,0.172718,-0.007523,-0.097112,-1.469272,0.010409
14.500000,-17.142859,-5.374551,0.172693,-0.007387,-0.097059,-1.469916,0.015478
14.516667,-17.142891,-5.374742,0.172704,-0.007469,-0.097036,-1.469068,0.011608
14.533333,-17.143272,-5.375255,0.172838,-0.007955,-0.097052,-1.467016,0.038361
14.550000,-17.143574,-5.375949,0.172845,-0.008122,-0.097070,-1.464199,0.045438
14.566667,-17.143841,-5.376274,0.173028,-0.008755,-0.096966,-1.462685,0.025203
14.583333,-17.143560,-5.376143,0.172885,-0.008270,-0.097081,-1.463333,0.018560
14.600000,-17.143066,-5.375330,0.172777,-0.007812,-0.097030,-1.466544,0.057055
14.616667,-17.142689,-5.374831,0.172729,-0.007567,-0.096975,-1.468435,0.037583
14.633333,-17.142302,-5.374467,0.172702,-0.007394,-0.097001,-1.469831,0.031878
14.650000,-17.142181,-5.374593,0.172680,-0.007319,-0.097108,-1.469458,0.010442
14.666667,-17.142685,-5.375201,0.172757,-0.007696,-0.097029,-1.466951,0.047365
14.683333,-17.142994,-5.375691,0.172804,-0.007916,-0.097041,-1.464970,0.034791
14.700000,-17.142849,-5.375497,0.172762,-0.007607,-0.096917,-1.465546,0.014534
14.716667,-17.142586,-5.375365,0.172773,-0.007731,-0.096988,-1.466117,0.017683
14.733333,-17.142246,-5.375117,0.172732,-0.007573,-0.096921,-1.466975,0.025208
14.750000,-17.141876,-5.374941,0.172720,-0.007458,-0.096973,-1.467598,0.024584
14.766667,-17.141607,-5.374830,0.172687,-0.007322,-0.096896,-1.467899,0.017459
14.783333,-17.141413,-5.374691,0.172678,-0.007260,-0.096881,-1.468382,0.014338
14.800000,-17.141138,-5.374147,0.172594,-0.006929,-0.096738,-1.470281,0.036568
14.816667,-17.140823,-5.373822,0.172585,-0.006792,-0.096712,-1.471568,0.027153
14.833333,-17.140682,-5.373788,0.172578,-0.006770,-0.096777,-1.471697,0.008709
14.850000,-17.140558,-5.373643,0.172534,-0.006691,-0.096567,-1.471831,0.011466
14.866667,-17.140537,-5.373736,0.172558,-0.006722,-0.096701,-1.471790,0.005747
14.883333,-17.140568,-5.374030,0.172604,-0.006838,-0.096925,-1.470836,0.017690
14.900000,-17.140974,-5.374753,0.172662,-0.007142,-0.096761,-1.467619,0.049803
14.916667,-17.141108,-5.375019,0.172697,-0.007302,-0.096751,-1.466483,0.017836
14.933333,-17.140997,-5.374766,0.172660,-0.007138,-0.096713,-1.467486,0.016579
14.950000,-17.140772,-5.374664,0.172655,-0.007118,-0.096741,-1.467869,0.014827
14.966667,-17.140543,-5.374562,0.172637,-0.007015,-0.096751,-1.468311,0.015024
14.983333,-17.140343,-5.374455,0.172631,-0.006956,-0.096762,-1.468688,0.013632
15.000000,-17.140118,-5.374165,0.172591,-0.006831,-0.096573,-1.469374,0.022044
15.016667,-17.139727,-5.374012,0.172579,-0.006703,-0.096602,-1.469946,0.025173
15.033333,-17.139711,-5.374266,0.172583,-0.006724,-0.096560,-1.468791,0.015220
15.050000,-17.139694,-5.374195,0.172580,-0.006688,-0.096625,-1.469189,0.004386
15.066667,-17.139666,-5.374153,0.172575,-0.006683,-0.096600,-1.469286,0.003047
15.083333,-17.139786,-5.374489,0.172614,-0.006825,-0.096663,-1.468039,0.021447
15.100000,-17.140110,-5.374959,0.172668,-0.007061,-0.096721,-1.466274,0.034268
15.116667,-17.140461,-5.375286,0.172698,-0.007263,-0.096641,-1.464920,0.028766
15.133333,-17.140486,-5.375165,0.172683,-0.007215,-0.096601,-1.465400,0.007390
15.150000,-17.140253,-5.375035,0.172658,-0.007082,-0.096599,-1.465843,0.015998
15.166667,-17.139940,-5.374789,0.172625,-0.006934,-0.096545,-1.466669,0.023879
15.183333,-17.139357,-5.374252,0.172568,-0.006643,-0.096464,-1.468569,0.047583
15.200000,-17.138678,-5.373559,0.172480,-0.006227,-0.096348,-1.471039,0.058247
15.216667,-17.138046,-5.373283,0.172435,-0.005919,-0.096575,-1.472288,0.041332
15.233333,-17.137722,-5.373038,0.172424,-0.005928,-0.096351,-1.472722,0.024370
15.250000,-17.137905,-5.373208,0.172541,-0.006175,-0.096213,-1.472090,0.014962
15.266667,-17.138187,-5.373518,0.172479,-0.006129,-0.096320,-1.470914,0.025175
15.283333,-17.138754,-5.374314,0.172556,-0.006506,-0.096421,-1.467964,0.058635
15.300000,-17.139170,-5.374551,0.172577,-0.006669,-0.096454,-1.467197,0.028702
15.316667,-17.139185,-5.374433,0.172588,-0.006676,-0.096548,-1.467856,0.007154
15.333333,-17.138939,-5.374204,0.172562,-0.006532,-0.096527,-1.468699,0.020143
15.350000,-17.138830,-5.374386,0.172579,-0.006593,-0.096528,-1.467866,0.012728
15.366667,-17.138927,-5.374662,0.172590,-0.006640,-0.096403,-1.466540,0.017536
15.383333,-17.138805,-5.374475,0.172594,-0.006589,-0.096615,-1.467615,0.013371
15.400000,-17.138330,-5.374006,0.172530,-0.006334,-0.096425,-1.469134,0.040057
15.416667,-17.137913,-5.374053,0.172540,-0.006263,-0.096603,-1.469008,0.025219
15.433333,-17.137917,-5.373945,0.172516,-0.006267,-0.096415,-1.469177,0.006470
15.450000,-17.137877,-5.373933,0.172514,-0.006215,-0.096452,-1.469282,0.002507
15.466667,-17.137600,-5.373400,0.172441,-0.005917,-0.096289,-1.471194,0.036060
15.483333,-17.137182,-5.372965,0.172397,-0.005690,-0.096193,-1.472674,0.036159
15.500000,-17.137064,-5.373098,0.172402,-0.005711,-0.096217,-1.472115,0.010659
15.516667,-17.137138,-5.372948,0.172385,-0.005652,-0.096194,-1.472765,0.010057
15.533333,-17.137236,-5.372725,0.172364,-0.005579,-0.096181,-1.473729,0.014554
15.550000,-17.137594,-5.372935,0.172398,-0.005752,-0.096238,-1.472998,0.024927
15.566667,-17.137875,-5.373118,0.172435,-0.005952,-0.096342,-1.472581,0.020077
15.583333,-17.137955,-5.372810,0.172382,-0.005723,-0.096212,-1.473729,0.019097
15.600000,-17.138018,-5.372543,0.172366,-0.005681,-0.096279,-1.474995,0.016461
15.616667,-17.138073,-5.372278,0.172346,-0.005617,-0.096290,-1.476167,0.016222
15.633333,-17.138262,-5.372386,0.172363,-0.005704,-0.096334,-1.475873,0.013045
15.650000,-17.138489,-5.372523,0.172378,-0.005762,-0.096363,-1.475437,0.015902
15.666667,-17.138723,-5.372581,0.172381,-0.005790,-0.096354,-1.475210,0.014496
15.683333,-17.138716,-5.372099,0.172344,-0.005673,-0.096380,-1.477360,0.028900
15.700000,-17.138678,-5.371701,0.172304,-0.005508,-0.096384,-1.478885,0.023970
15.716667,-17.138739,-5.371728,0.172314,-0.005529,-0.096462,-1.479000,0.003997
15.733333,-17.138741,-5.371632,0.172291,-0.005466,-0.096404,-1.479274,0.005780
15.750000,-17.138660,-5.371587,0.172300,-0.005450,-0.096473,-1.479610,0.005508
15.766667,-17.138739,-5.371572,0.172284,-0.005479,-0.096333,-1.479310,0.004770
15.783333,-17.138947,-5.371746,0.172313,-0.005623,-0.096355,-1.478618,0.016250
15.800000,-17.139133,-5.371934,0.172343,-0.005718,-0.096582,-1.478354,0.015922
15.816667,-17.138960,-5.371616,0.172292,-0.005520,-0.096435,-1.479483,0.021740
15.833333,-17.138792,-5.371268,0.172255,-0.005310,-0.096422,-1.480839,0.023212
15.850000,-17.138830,-5.371232,0.172250,-0.005338,-0.096313,-1.480725,0.003137
15.866667,-17.139065,-5.371425,0.172289,-0.005458,-0.096502,-1.480349,0.018232
15.883333,-17.139137,-5.371257,0.172268,-0.005437,-0.096422,-1.481010,0.010996
15.900000,-17.139219,-5.371536,0.172294,-0.005548,-0.096391,-1.479820,0.017445
15.916667,-17.139450,-5.371973,0.172349,-0.005764,-0.096487,-1.478224,0.029640
15.933333,-17.139544,-5.372221,0.172380,-0.005886,-0.096574,-1.477378,0.015899
15.950000,-17.139318,-5.371754,0.172328,-0.005632,-0.096547,-1.479196,0.031069
15.966667,-17.138979,-5.371284,0.172310,-0.005543,-0.096291,-1.480593,0.034773
15.983333,-17.138803,-5.371371,0.172233,-0.005224,-0.096432,-1.480510,0.011733
16.000000,-17.138910,-5.371567,0.172291,-0.005496,-0.096390,-1.479560,0.013392
16.016667,-17.139015,-5.371894,0.172337,-0.005659,-0.096504,-1.478421,0.020611
16.033333,-17.138840,-5.371538,0.172296,-0.005428,-0.096519,-1.479865,0.023824
16.050000,-17.138540,-5.371282,0.172257,-0.005264,-0.096420,-1.480629,0.023622
16.066667,-17.138229,-5.371215,0.172260,-0.005211,-0.096508,-1.480967,0.019085
16.083333,-17.138332,-5.371237,0.172260,-0.005244,-0.096429,-1.480779,0.006324
16.100000,-17.138456,-5.370910,0.172224,-0.005160,-0.096397,-1.482098,0.021016
16.116667,-17.138338,-5.370291,0.172144,-0.004708,-0.096243,-1.484448,0.037808
16.133333,-17.138540,-5.370086,0.172154,-0.004743,-0.096107,-1.485165,0.017257
16.150000,-17.138750,-5.369968,0.172126,-0.004805,-0.096279,-1.486010,0.014450
16.166667,-17.138809,-5.369717,0.172094,-0.004719,-0.096189,-1.486944,0.015461
16.183333,-17.138893,-5.369765,0.172102,-0.004762,-0.096231,-1.486804,0.005791
16.200000,-17.138981,-5.369878,0.172129,-0.004841,-0.096395,-1.486633,0.008584
16.216667,-17.139071,-5.369931,0.172125,-0.004866,-0.096310,-1.486318,0.006261
16.233333,-17.139147,-5.369988,0.172134,-0.004903,-0.096317,-1.486125,0.005722
16.250000,-17.139109,-5.369554,0.172094,-0.004717,-0.096354,-1.487902,0.026193
16.266667,-17.138945,-5.369083,0.172029,-0.004436,-0.096196,-1.489547,0.029877
16.283333,-17.138868,-5.368978,0.172019,-0.004413,-0.096181,-1.489950,0.007806
16.300000,-17.138960,-5.369394,0.172077,-0.004613,-0.096363,-1.488542,0.025546
16.316667,-17.139402,-5.370129,0.172154,-0.004980,-0.096369,-1.485668,0.051490
16.333333,-17.139687,-5.370599,0.172211,-0.005262,-0.096367,-1.483819,0.032938
16.350000,-17.139643,-5.370558,0.172187,-0.005127,-0.096290,-1.483878,0.003584
16.366667,-17.139750,-5.370823,0.172230,-0.005340,-0.096386,-1.482981,0.017150
16.383333,-17.139757,-5.370745,0.172216,-0.005300,-0.096337,-1.483227,0.004743
16.400000,-17.139582,-5.370633,0.172201,-0.005212,-0.096309,-1.483562,0.012477
16.416667,-17.139606,-5.370898,0.172232,-0.005327,-0.096372,-1.482595,0.015948
16.433333,-17.139563,-5.370799,0.172227,-0.005277,-0.096440,-1.483090,0.006507
16.450000,-17.139492,-5.370787,0.172229,-0.005266,-0.096456,-1.483145,0.004290
16.466667,-17.139519,-5.370695,0.172211,-0.005266,-0.096291,-1.483192,0.005777
16.483333,-17.139492,-5.370686,0.172206,-0.005229,-0.096324,-1.483289,0.001683
16.500000,-17.139442,-5.370729,0.172216,-0.005240,-0.096379,-1.483245,0.003935
16.516667,-17.139460,-5.370662,0.172229,-0.005228,-0.096589,-1.483837,0.004163
16.533333,-17.139269,-5.370344,0.172167,-0.005044,-0.096275,-1.484600,0.022227
16.550000,-17.139214,-5.370267,0.172150,-0.004997,-0.096182,-1.484696,0.005701
16.566667,-17.139145,-5.370187,0.172167,-0.004967,-0.096487,-1.485516,0.006331
16.583333,-17.138830,-5.369589,0.172088,-0.004680,-0.096223,-1.487469,0.040543
16.600000,-17.138718,-5.369544,0.172078,-0.004634,-0.096236,-1.487670,0.007268
16.616667,-17.138626,-5.369464,0.172062,-0.004552,-0.096178,-1.487847,0.007299
16.633333,-17.138529,-5.369299,0.172053,-0.004490,-0.096230,-1.488579,0.011467
16.650000,-17.138456,-5.369170,0.172031,-0.004415,-0.096154,-1.488982,0.008890
16.666667,-17.138428,-5.369118,0.172024,-0.004391,-0.096136,-1.489163,0.003585
16.683333,-17.138559,-5.369216,0.172043,-0.004465,-0.096216,-1.488926,0.009871
16.700000,-17.139074,-5.369678,0.172099,-0.004766,-0.096260,-1.487246,0.041513
16.716667,-17.139585,-5.370234,0.172160,-0.005036,-0.096324,-1.485228,0.045295
16.733333,-17.139961,-5.370682,0.172231,-0.005366,-0.096402,-1.483634,0.035071
16.750000,-17.140038,-5.370675,0.172221,-0.005366,-0.096415,-1.483706,0.004598
16.766667,-17.139992,-5.370670,0.172228,-0.005342,-0.096525,-1.483865,0.002761
16.783333,-17.140036,-5.370425,0.172193,-0.005281,-0.096370,-1.484669,0.014939
16.800000,-17.140083,-5.370439,0.172204,-0.005312,-0.096419,-1.484704,0.002987
16.816667,-17.140097,-5.370260,0.172181,-0.005219,-0.096368,-1.485350,0.010759
16.833333,-17.140156,-5.370234,0.172180,-0.005208,-0.096409,-1.485553,0.003881
16.850000,-17.140198,-5.370302,0.172202,-0.005250,-0.096580,-1.485540,0.004804
16.866667,-17.140326,-5.370240,0.172188,-0.005283,-0.096431,-1.485595,0.008535
16.883333,-17.140432,-5.370475,0.172214,-0.005383,-0.096467,-1.484751,0.015519
16.900000,-17.140478,-5.370421,0.172222,-0.005358,-0.096605,-1.485189,0.004264
16.916667,-17.140306,-5.370282,0.172189,-0.005231,-0.096466,-1.485554,0.013244
16.933333,-17.140278,-5.370387,0.172200,-0.005304,-0.096444,-1.485021,0.006497
16.950000,-17.140116,-5.370176,0.172203,-0.005156,-0.096768,-1.486308,0.015932
16.966667,-17.139570,-5.369402,0.172082,-0.004733,-0.096312,-1.488619,0.056810
16.983333,-17.139206,-5.369288,0.172081,-0.004625,-0.096453,-1.489185,0.022911
17.000000,-17.138899,-5.368945,0.172024,-0.004453,-0.096265,-1.490209,0.027616
17.016667,-17.138298,-5.368221,0.171916,-0.003831,-0.096214,-1.492945,0.056442
17.033333,-17.137794,-5.367713,0.171868,-0.003634,-0.096080,-1.494624,0.042930
17.050000,-17.137455,-5.367539,0.171856,-0.003508,-0.096155,-1.495338,0.022891
17.066667,-17.137070,-5.366972,0.171771,-0.003186,-0.095945,-1.497205,0.041129
17.083333,-17.136602,-5.366562,0.171711,-0.002930,-0.095799,-1.498546,0.037303
17.100000,-17.136145,-5.366183,0.171681,-0.002693,-0.095822,-1.499990,0.035643
17.116667,-17.135490,-5.365263,0.171572,-0.002147,-0.095804,-1.503571,0.067725
17.133333,-17.134781,-5.364424,0.171455,-0.001523,-0.095513,-1.506437,0.065939
17.150000,-17.134241,-5.363842,0.171375,-0.001264,-0.095430,-1.508314,0.047657
17.166667,-17.133968,-5.363804,0.171347,-0.001152,-0.095422,-1.508416,0.016520
17.183333,-17.134085,-5.363795,0.171372,-0.001258,-0.095331,-1.508318,0.007002
17.200000,-17.134293,-5.363882,0.171384,-0.001333,-0.095308,-1.507956,0.013517
17.216667,-17.134615,-5.364130,0.171428,-0.001540,-0.095458,-1.507350,0.024401
17.233333,-17.135208,-5.364459,0.171469,-0.001781,-0.095496,-1.506200,0.040699
17.250000,-17.135815,-5.364627,0.171506,-0.002010,-0.095606,-1.505829,0.037768
17.266667,-17.136326,-5.364953,0.171543,-0.002222,-0.095617,-1.504669,0.036382
17.283333,-17.136909,-5.365529,0.171622,-0.002594,-0.095855,-1.502861,0.049182
17.300000,-17.137346,-5.365763,0.171652,-0.002795,-0.095828,-1.502006,0.029748
17.316667,-17.137629,-5.365931,0.171650,-0.002720,-0.095741,-1.501295,0.019691
17.333333,-17.138103,-5.366316,0.171737,-0.003145,-0.096110,-1.500429,0.036711
17.350000,-17.138409,-5.366523,0.171715,-0.003188,-0.095983,-1.499453,0.022124
17.366667,-17.138454,-5.366236,0.171718,-0.003167,-0.095971,-1.500604,0.017469
17.383333,-17.138359,-5.366061,0.171708,-0.003131,-0.096018,-1.501338,0.011933
17.400000,-17.138157,-5.365913,0.171692,-0.002998,-0.096043,-1.501894,0.015044
17.416667,-17.138168,-5.365800,0.171676,-0.003002,-0.095939,-1.502160,0.006815
17.433333,-17.138462,-5.366014,0.171726,-0.003180,-0.095987,-1.501505,0.021792
17.450000,-17.138872,-5.366414,0.171753,-0.003340,-0.096063,-1.500131,0.034394
17.466667,-17.139029,-5.366424,0.171758,-0.003385,-0.096094,-1.500174,0.009402
17.483333,-17.138954,-5.366394,0.171764,-0.003368,-0.096177,-1.500396,0.004803
17.500000,-17.138674,-5.365925,0.171693,-0.003144,-0.095937,-1.501820,0.032796
17.516667,-17.138580,-5.365900,0.171693,-0.003080,-0.095987,-1.501983,0.005809
17.533333,-17.138533,-5.365904,0.171699,-0.003059,-0.096124,-1.502144,0.002875
17.550000,-17.138565,-5.365871,0.171686,-0.003048,-0.095978,-1.502118,0.002792
17.566667,-17.138597,-5.365511,0.171652,-0.002926,-0.095971,-1.503511,0.021688
17.583333,-17.138603,-5.365089,0.171612,-0.002767,-0.095962,-1.505205,0.025322
17.600000,-17.138786,-5.365065,0.171623,-0.002813,-0.096088,-1.505548,0.011083
17.616667,-17.138952,-5.365021,0.171602,-0.002630,-0.096035,-1.505686,0.010291
17.633333,-17.139339,-5.365294,0.171668,-0.003042,-0.096241,-1.504998,0.028400
17.650000,-17.139875,-5.365857,0.171730,-0.003402,-0.096239,-1.502893,0.046646
17.666667,-17.140484,-5.366374,0.171803,-0.003746,-0.096344,-1.501140,0.047920
17.683333,-17.141138,-5.366899,0.171868,-0.004079,-0.096384,-1.499300,0.050347
17.700000,-17.141819,-5.367564,0.171935,-0.004425,-0.096512,-1.497046,0.057075
17.716667,-17.142658,-5.368209,0.172044,-0.004930,-0.096648,-1.494940,0.063531
17.733333,-17.143547,-5.368956,0.172184,-0.005524,-0.096742,-1.492341,0.069634
17.750000,-17.144415,-5.369732,0.172213,-0.005665,-0.096904,-1.489841,0.069882
17.766667,-17.145235,-5.370214,0.172259,-0.005959,-0.097057,-1.488375,0.057081
17.783333,-17.146084,-5.370649,0.172393,-0.006572,-0.097062,-1.486868,0.057221
17.800000,-17.146355,-5.370207,0.172303,-0.006289,-0.097057,-1.488685,0.031129
17.816667,-17.146473,-5.369634,0.172218,-0.005976,-0.097075,-1.490957,0.035114
17.833333,-17.146511,-5.369022,0.172176,-0.005779,-0.097036,-1.493366,0.036750
17.850000,-17.146564,-5.368610,0.172135,-0.005615,-0.097053,-1.495006,0.024926
17.866667,-17.146988,-5.368925,0.172170,-0.005736,-0.097134,-1.494064,0.031638
17.883333,-17.147648,-5.369693,0.172255,-0.006136,-0.097242,-1.491374,0.060764
17.900000,-17.148237,-5.370542,0.172363,-0.006632,-0.097399,-1.488448,0.062023
17.916667,-17.148798,-5.371118,0.172425,-0.006978,-0.097326,-1.486262,0.048213
17.933333,-17.149374,-5.371951,0.172522,-0.007414,-0.097329,-1.483238,0.060767
17.950000,-17.149961,-5.372611,0.172612,-0.007836,-0.097464,-1.480874,0.053012
17.966667,-17.150440,-5.373302,0.172677,-0.008072,-0.097576,-1.478496,0.050459
17.983333,-17.150894,-5.374097,0.172766,-0.008385,-0.097696,-1.475694,0.054947
18.000000,-17.151260,-5.374906,0.172864,-0.008730,-0.097753,-1.472734,0.053240
18.016667,-17.151424,-5.375506,0.172886,-0.008853,-0.097816,-1.470380,0.037341
18.033333,-17.151510,-5.376022,0.172986,-0.009200,-0.097820,-1.468337,0.031382
18.050000,-17.151581,-5.376594,0.173031,-0.009396,-0.097750,-1.465989,0.034564
18.066667,-17.151569,-5.377078,0.173075,-0.009570,-0.097749,-1.463956,0.029076
18.083333,-17.151430,-5.377458,0.173111,-0.009710,-0.097794,-1.462437,0.024258
18.100000,-17.151060,-5.377450,0.173138,-0.009786,-0.097856,-1.462405,0.022206
18.116667,-17.150618,-5.376975,0.173107,-0.009596,-0.098065,-1.464429,0.038948
18.133333,-17.149813,-5.376188,0.172992,-0.009234,-0.097688,-1.466732,0.067534
18.150000,-17.149185,-5.375760,0.172948,-0.009051,-0.097636,-1.468150,0.045598
18.166667,-17.148664,-5.375485,0.172935,-0.008861,-0.097584,-1.469032,0.035309
18.183333,-17.148438,-5.375555,0.172897,-0.008799,-0.097595,-1.468652,0.014245
18.200000,-17.148674,-5.375922,0.172952,-0.009027,-0.097615,-1.467258,0.026205
18.216667,-17.149059,-5.376378,0.173001,-0.009230,-0.097646,-1.465583,0.035812
18.233333,-17.149488,-5.377046,0.173075,-0.009486,-0.097760,-1.463185,0.047641
18.250000,-17.149870,-5.377694,0.173175,-0.009935,-0.097790,-1.460722,0.045118
18.266667,-17.150084,-5.378302,0.173209,-0.010013,-0.097813,-1.458371,0.038637
18.283333,-17.150274,-5.378859,0.173276,-0.010334,-0.097887,-1.456268,0.035349
18.300000,-17.150209,-5.379036,0.173292,-0.010390,-0.097879,-1.455513,0.011332
18.316667,-17.150112,-5.378762,0.173298,-0.010324,-0.098154,-1.457010,0.017483
18.333333,-17.149916,-5.378268,0.173220,-0.010137,-0.097836,-1.458421,0.031898
18.350000,-17.149908,-5.378263,0.173219,-0.010122,-0.097815,-1.458413,0.000525
18.366667,-17.150126,-5.378630,0.173258,-0.010270,-0.097879,-1.457125,0.025579
18.383333,-17.150230,-5.378603,0.173254,-0.010255,-0.097848,-1.457248,0.006502
18.400000,-17.150175,-5.378597,0.173268,-0.010273,-0.097999,-1.457454,0.003340
18.416667,-17.150198,-5.378236,0.173218,-0.010131,-0.097849,-1.458754,0.021701
18.433333,-17.150169,-5.378020,0.173195,-0.010030,-0.097835,-1.459595,0.013045
18.450000,-17.150259,-5.378133,0.173233,-0.010173,-0.097982,-1.459425,0.008633
18.466667,-17.150394,-5.378191,0.173200,-0.010109,-0.097741,-1.458773,0.008843
18.483333,-17.150526,-5.378135,0.173205,-0.010068,-0.097841,-1.459286,0.008577
18.500000,-17.150562,-5.377859,0.173176,-0.009944,-0.097862,-1.460487,0.016736
18.516667,-17.150593,-5.377629,0.173154,-0.009869,-0.097831,-1.461389,0.013883
18.533333,-17.150888,-5.377905,0.173191,-0.009955,-0.097982,-1.460673,0.024251
18.550000,-17.151255,-5.377973,0.173167,-0.009988,-0.097716,-1.460045,0.022345
18.566667,-17.151602,-5.378243,0.173197,-0.010046,-0.097823,-1.459307,0.026418
18.583333,-17.151442,-5.378249,0.173223,-0.010065,-0.098037,-1.459545,0.009619
18.600000,-17.151501,-5.378421,0.173222,-0.010185,-0.097701,-1.458287,0.010921
18.616667,-17.151329,-5.378629,0.173287,-0.010372,-0.097788,-1.457528,0.016155
18.633333,-17.151037,-5.378471,0.173243,-0.010201,-0.097892,-1.458213,0.019893
18.650000,-17.150537,-5.377670,0.173160,-0.009889,-0.097832,-1.461202,0.056650
18.666667,-17.150166,-5.377201,0.173106,-0.009712,-0.097719,-1.462790,0.035924
18.683333,-17.149891,-5.377077,0.173092,-0.009615,-0.097806,-1.463263,0.018081
18.700000,-17.149818,-5.376984,0.173081,-0.009587,-0.097781,-1.463507,0.007096
18.716667,-17.149733,-5.376822,0.173066,-0.009520,-0.097817,-1.464319,0.010956
18.733333,-17.149591,-5.376633,0.173054,-0.009431,-0.097831,-1.465116,0.014168
18.750000,-17.149950,-5.376886,0.173064,-0.009560,-0.097713,-1.463961,0.026338
18.766667,-17.150209,-5.377314,0.173113,-0.009741,-0.097785,-1.462456,0.030014
18.783333,-17.150106,-5.377207,0.173100,-0.009657,-0.097767,-1.462815,0.008903
18.800000,-17.149672,-5.377003,0.173093,-0.009586,-0.097850,-1.463620,0.028823
18.816667,-17.149448,-5.377078,0.173083,-0.009587,-0.097733,-1.463078,0.014114
18.833333,-17.149445,-5.377027,0.173073,-0.009528,-0.097691,-1.463087,0.003070
18.850000,-17.149591,-5.377295,0.173116,-0.009720,-0.097792,-1.462263,0.018385
18.866667,-17.149551,-5.377090,0.173094,-0.009637,-0.097754,-1.463045,0.012535
18.883333,-17.149570,-5.377127,0.173106,-0.009684,-0.097832,-1.463054,0.002483
18.900000,-17.149635,-5.377149,0.173103,-0.009679,-0.097787,-1.462888,0.004108
18.916667,-17.149773,-5.377295,0.173130,-0.009783,-0.097906,-1.462590,0.012043
18.933333,-17.149618,-5.377176,0.173112,-0.009703,-0.097841,-1.462906,0.011708
18.950000,-17.149569,-5.377381,0.173109,-0.009701,-0.097757,-1.461909,0.012657
18.966667,-17.149773,-5.377556,0.173145,-0.009830,-0.097863,-1.461434,0.016112
18.983333,-17.149963,-5.377580,0.173127,-0.009834,-0.097691,-1.461031,0.011533
19.000000,-17.149639,-5.377205,0.173102,-0.009674,-0.097747,-1.462593,0.029714
19.016667,-17.149302,-5.377015,0.173077,-0.009532,-0.097740,-1.463184,0.023265
19.033333,-17.149372,-5.377111,0.173096,-0.009618,-0.097782,-1.462960,0.007188
19.050000,-17.149794,-5.377435,0.173137,-0.009790,-0.097854,-1.461920,0.031874
19.066667,-17.150114,-5.377598,0.173137,-0.009812,-0.097757,-1.461256,0.021586
19.083333,-17.150137,-5.377393,0.173133,-0.009792,-0.097785,-1.462097,0.012407
19.100000,-17.150040,-5.377308,0.173113,-0.009724,-0.097753,-1.462320,0.007746
19.116667,-17.150021,-5.377473,0.173137,-0.009803,-0.097811,-1.461760,0.009993
19.133333,-17.149996,-5.377425,0.173128,-0.009782,-0.097784,-1.461907,0.003276
19.150000,-17.149960,-5.377233,0.173119,-0.009708,-0.097876,-1.462812,0.011705
19.166667,-17.149864,-5.377044,0.173092,-0.009650,-0.097769,-1.463361,0.012693
19.183333,-17.149605,-5.376526,0.173032,-0.009384,-0.097779,-1.465430,0.034751
19.200000,-17.149555,-5.376371,0.173019,-0.009329,-0.097727,-1.466009,0.009790
19.216667,-17.149408,-5.376187,0.172984,-0.009176,-0.097674,-1.466594,0.014128
19.233333,-17.149103,-5.375694,0.172921,-0.008907,-0.097652,-1.468422,0.034767
19.250000,-17.148869,-5.375451,0.172907,-0.008852,-0.097569,-1.469188,0.020295
19.266667,-17.148907,-5.375823,0.172949,-0.008975,-0.097714,-1.467924,0.022433
19.283333,-17.149271,-5.376283,0.172990,-0.009223,-0.097607,-1.466012,0.035214
19.300000,-17.149529,-5.376861,0.173063,-0.009485,-0.097809,-1.464043,0.037962
19.316667,-17.149828,-5.377496,0.173172,-0.009906,-0.097823,-1.461590,0.042132
19.333333,-17.149858,-5.378006,0.173199,-0.010046,-0.097832,-1.459553,0.030668
19.350000,-17.149776,-5.378314,0.173233,-0.010184,-0.097830,-1.458192,0.019098
19.366667,-17.149494,-5.378066,0.173217,-0.010042,-0.098014,-1.459367,0.022543
19.383333,-17.149025,-5.377682,0.173148,-0.009803,-0.097742,-1.460271,0.036355
19.400000,-17.148928,-5.377663,0.173157,-0.009818,-0.097722,-1.460280,0.005948
19.416667,-17.149036,-5.377869,0.173174,-0.009878,-0.097807,-1.459743,0.013975
19.433333,-17.149174,-5.377898,0.173167,-0.009892,-0.097717,-1.459552,0.008423
19.450000,-17.149075,-5.377675,0.173135,-0.009795,-0.097612,-1.460131,0.014652
19.466667,-17.149240,-5.378142,0.173200,-0.010017,-0.097816,-1.458641,0.029726
19.483333,-17.149305,-5.378617,0.173244,-0.010189,-0.097805,-1.456685,0.028789
19.500000,-17.149107,-5.378489,0.173225,-0.010098,-0.097760,-1.457060,0.014158
19.516667,-17.148867,-5.378704,0.173241,-0.010124,-0.097751,-1.456060,0.019331
19.533333,-17.148651,-5.378485,0.173257,-0.010090,-0.097959,-1.457136,0.018431
19.550000,-17.148314,-5.378219,0.173186,-0.009816,-0.097717,-1.457755,0.025809
19.566667,-17.148270,-5.378146,0.173152,-0.009726,-0.097608,-1.457809,0.005108
19.583333,-17.148335,-5.378289,0.173212,-0.009951,-0.097821,-1.457704,0.009424
19.600000,-17.148382,-5.378331,0.173206,-0.009953,-0.097778,-1.457482,0.003830
19.616667,-17.148340,-5.378261,0.173179,-0.009855,-0.097650,-1.457492,0.004926
19.633333,-17.148113,-5.377942,0.173152,-0.009730,-0.097635,-1.458688,0.023467
19.650000,-17.148048,-5.377891,0.173147,-0.009722,-0.097626,-1.458816,0.004951
19.666667,-17.148291,-5.378065,0.173193,-0.009887,-0.097656,-1.458307,0.017880
19.683333,-17.148594,-5.378242,0.173193,-0.009947,-0.097668,-1.457655,0.021080
19.700000,-17.148993,-5.378586,0.173252,-0.010206,-0.097747,-1.456506,0.031603
19.716667,-17.149372,-5.378911,0.173289,-0.010332,-0.097849,-1.455602,0.029971
19.733333,-17.149712,-5.379138,0.173311,-0.010470,-0.097907,-1.454902,0.024488
19.750000,-17.149841,-5.379236,0.173330,-0.010545,-0.097926,-1.454583,0.009762
19.766667,-17.149710,-5.379125,0.173324,-0.010515,-0.097890,-1.454957,0.010334
19.783333,-17.149406,-5.378796,0.173275,-0.010288,-0.097993,-1.456250,0.026848
19.800000,-17.148754,-5.378262,0.173197,-0.009976,-0.097710,-1.457642,0.050583
19.816667,-17.148230,-5.377632,0.173121,-0.009567,-0.097581,-1.459941,0.049182
19.833333,-17.147745,-5.377282,0.173043,-0.009301,-0.097564,-1.461088,0.035843
19.850000,-17.147665,-5.377393,0.173099,-0.009426,-0.097732,-1.460928,0.008218
19.866667,-17.148129,-5.378056,0.173166,-0.009761,-0.097736,-1.458380,0.048503
19.883333,-17.148531,-5.378749,0.173241,-0.010116,-0.097732,-1.455648,0.048124
19.900000,-17.148716,-5.379353,0.173325,-0.010411,-0.097728,-1.453178,0.037856
19.916667,-17.149086,-5.379539,0.173561,-0.011161,-0.097618,-1.452351,0.024861
19.933333,-17.149040,-5.379699,0.173370,-0.010624,-0.097782,-1.452008,0.009998
19.950000,-17.149393,-5.379397,0.173793,-0.011865,-0.097464,-1.452785,0.027879
19.966667,-17.148937,-5.379440,0.173346,-0.010526,-0.097704,-1.452911,0.027475
19.983333,-17.148945,-5.379526,0.173334,-0.010532,-0.097737,-1.452557,0.005170
20.000000,-17.148909,-5.379568,0.173347,-0.010523,-0.097844,-1.452638,0.003327
20.016667,-17.148756,-5.379447,0.173333,-0.010454,-0.097822,-1.453025,0.011689
20.033333,-17.148775,-5.379418,0.173320,-0.010448,-0.097746,-1.452996,0.002087
20.050000,-17.148809,-5.379218,0.173305,-0.010374,-0.097773,-1.453882,0.012163
20.066667,-17.148891,-5.379091,0.173294,-0.010346,-0.097748,-1.454422,0.009087
20.083333,-17.149147,-5.379210,0.173305,-0.010448,-0.097721,-1.453945,0.016921
20.100000,-17.149538,-5.379903,0.173387,-0.010746,-0.097863,-1.451509,0.047759
20.116667,-17.149754,-5.380570,0.173456,-0.011039,-0.097913,-1.448922,0.042036
20.133333,-17.149714,-5.380753,0.173574,-0.011353,-0.097799,-1.447847,0.011246
20.150000,-17.149437,-5.380507,0.173501,-0.011048,-0.098172,-1.449351,0.022210
20.166667,-17.148905,-5.379828,0.173373,-0.010635,-0.097754,-1.451268,0.051739
20.183333,-17.148411,-5.379316,0.173308,-0.010365,-0.097689,-1.453068,0.042714
20.200000,-17.148067,-5.379097,0.173271,-0.010193,-0.097604,-1.453786,0.024414
20.216667,-17.147951,-5.379348,0.173299,-0.010272,-0.097666,-1.452757,0.016563
20.233333,-17.147928,-5.379318,0.173293,-0.010244,-0.097634,-1.452805,0.002243
20.250000,-17.148035,-5.379671,0.173333,-0.010393,-0.097674,-1.451436,0.022120
20.266667,-17.148111,-5.379704,0.173332,-0.010425,-0.097675,-1.451327,0.004985
20.283333,-17.148104,-5.380012,0.173368,-0.010541,-0.097699,-1.450051,0.018488
20.300000,-17.147993,-5.379850,0.173363,-0.010474,-0.097817,-1.450865,0.011753
20.316667,-17.147707,-5.379634,0.173328,-0.010335,-0.097693,-1.451495,0.021527
20.333333,-17.147438,-5.379374,0.173281,-0.010175,-0.097485,-1.452026,0.022439
20.350000,-17.147169,-5.379041,0.173255,-0.010062,-0.097555,-1.453483,0.025697
20.366667,-17.146990,-5.378920,0.173229,-0.009936,-0.097547,-1.453943,0.012982
20.383333,-17.146885,-5.378723,0.173227,-0.009860,-0.097678,-1.454900,0.013388
20.400000,-17.146744,-5.378486,0.173173,-0.009714,-0.097412,-1.455432,0.016526
20.416667,-17.146898,-5.378912,0.173220,-0.009919,-0.097436,-1.453716,0.027205
20.433333,-17.146894,-5.378968,0.173234,-0.009954,-0.097509,-1.453610,0.003355
20.450000,-17.146917,-5.379076,0.173245,-0.009995,-0.097525,-1.453165,0.006610
20.466667,-17.146875,-5.378868,0.173238,-0.009926,-0.097639,-1.454202,0.012754
20.483333,-17.146738,-5.378554,0.173189,-0.009776,-0.097487,-1.455209,0.020524
20.500000,-17.146795,-5.378625,0.173203,-0.009815,-0.097544,-1.455084,0.005474
20.516667,-17.147093,-5.378744,0.173218,-0.009925,-0.097533,-1.454692,0.019211
20.533333,-17.147240,-5.378805,0.173222,-0.009956,-0.097498,-1.454449,0.009554
20.550000,-17.147308,-5.378667,0.173213,-0.009910,-0.097550,-1.455147,0.009238
20.566667,-17.147306,-5.378499,0.173196,-0.009856,-0.097543,-1.455841,0.010100
20.583333,-17.147348,-5.378536,0.173201,-0.009884,-0.097529,-1.455790,0.003364
20.600000,-17.147371,-5.378356,0.173179,-0.009817,-0.097484,-1.456411,0.010873
20.616667,-17.147388,-5.378391,0.173184,-0.009810,-0.097528,-1.456342,0.002329
20.633333,-17.147560,-5.378755,0.173231,-0.010001,-0.097615,-1.455014,0.024137
20.650000,-17.147707,-5.378934,0.173249,-0.010082,-0.097626,-1.454329,0.013906
20.666667,-17.147621,-5.378666,0.173217,-0.009951,-0.097586,-1.455373,0.016884
20.683333,-17.147406,-5.378500,0.173199,-0.009833,-0.097590,-1.456015,0.016321
20.700000,-17.147314,-5.378359,0.173176,-0.009819,-0.097475,-1.456264,0.010094
20.716667,-17.147175,-5.378435,0.173190,-0.009811,-0.097561,-1.456092,0.009512
20.733333,-17.147148,-5.378211,0.173166,-0.009714,-0.097516,-1.456970,0.013514
20.750000,-17.147186,-5.378185,0.173164,-0.009695,-0.097544,-1.457217,0.002794
20.766667,-17.147360,-5.378121,0.173155,-0.009703,-0.097521,-1.457472,0.011088
20.783333,-17.147436,-5.378154,0.173168,-0.009729,-0.097581,-1.457552,0.004974
20.800000,-17.147598,-5.378129,0.173160,-0.009756,-0.097545,-1.457597,0.009845
20.816667,-17.147602,-5.378150,0.173168,-0.009768,-0.097570,-1.457509,0.001336
20.833333,-17.147783,-5.378372,0.173198,-0.009868,-0.097669,-1.456940,0.017159
20.850000,-17.148119,-5.378711,0.173241,-0.010073,-0.097723,-1.455697,0.028647
20.866667,-17.148260,-5.378792,0.173240,-0.010107,-0.097639,-1.455310,0.009752
20.883333,-17.148275,-5.378748,0.173242,-0.010126,-0.097583,-1.455346,0.002787
20.900000,-17.148323,-5.379087,0.173262,-0.010162,-0.097573,-1.453924,0.020570
20.916667,-17.148273,-5.379035,0.173271,-0.010228,-0.097641,-1.454216,0.004331
20.933333,-17.147963,-5.378546,0.173215,-0.009975,-0.097613,-1.456079,0.034780
20.950000,-17.147717,-5.378351,0.173182,-0.009797,-0.097526,-1.456707,0.018838
20.966667,-17.147768,-5.378345,0.173179,-0.009860,-0.097453,-1.456552,0.003106
20.983333,-17.147993,-5.378816,0.173237,-0.010090,-0.097558,-1.454879,0.031275
21.000000,-17.148106,-5.379204,0.173275,-0.010147,-0.097626,-1.453382,0.024248
21.016667,-17.148134,-5.379112,0.173248,-0.009938,-0.097628,-1.453771,0.005782
21.033333,-17.148115,-5.378911,0.173257,-0.010162,-0.097647,-1.454618,0.012071
21.050000,-17.148037,-5.378917,0.173260,-0.010139,-0.097693,-1.454721,0.004705
21.066667,-17.148272,-5.379005,0.173265,-0.010213,-0.097636,-1.454289,0.015028
21.083333,-17.148335,-5.378705,0.173238,-0.010091,-0.097658,-1.455674,0.018416
21.100000,-17.148355,-5.378499,0.173218,-0.010012,-0.097660,-1.456564,0.012395
21.116667,-17.148373,-5.378532,0.173231,-0.010035,-0.097735,-1.456644,0.002252
21.133333,-17.148411,-5.378573,0.173240,-0.010068,-0.097792,-1.456506,0.003360
21.150000,-17.148516,-5.378869,0.173252,-0.010113,-0.097768,-1.455329,0.018822
21.166667,-17.148594,-5.378881,0.173262,-0.010212,-0.097747,-1.455274,0.004746
21.183333,-17.148561,-5.378749,0.173258,-0.010168,-0.097819,-1.455853,0.008160
21.200000,-17.148199,-5.378464,0.173213,-0.009972,-0.097643,-1.456609,0.027650
21.216667,-17.148144,-5.378448,0.173210,-0.009970,-0.097649,-1.456676,0.003450
21.233333,-17.148117,-5.378427,0.173210,-0.009970,-0.097650,-1.456730,0.002055
21.250000,-17.148207,-5.378920,0.173286,-0.010199,-0.097930,-1.455137,0.030040
21.266667,-17.148560,-5.379706,0.173353,-0.010554,-0.097758,-1.451680,0.051737
21.283333,-17.148584,-5.380099,0.173375,-0.010574,-0.097711,-1.449948,0.023593
21.300000,-17.148439,-5.379994,0.173384,-0.010663,-0.097721,-1.450330,0.010719
21.316667,-17.148239,-5.380146,0.173394,-0.010671,-0.097716,-1.449567,0.015055
21.333333,-17.147949,-5.379771,0.173367,-0.010486,-0.097910,-1.451328,0.028430
21.350000,-17.147390,-5.379098,0.173258,-0.010108,-0.097564,-1.453311,0.052479
21.366667,-17.146927,-5.378762,0.173221,-0.009880,-0.097558,-1.454629,0.034354
21.383333,-17.146778,-5.378843,0.173190,-0.009808,-0.097531,-1.454199,0.010179
21.400000,-17.146727,-5.378714,0.173203,-0.009870,-0.097416,-1.454361,0.008346
21.416667,-17.146664,-5.378989,0.173245,-0.009967,-0.097584,-1.453499,0.016907
21.433333,-17.146696,-5.378883,0.173229,-0.009913,-0.097538,-1.453895,0.006643
21.450000,-17.146690,-5.378894,0.173225,-0.009902,-0.097524,-1.453863,0.000768
21.466667,-17.146667,-5.378827,0.173216,-0.009894,-0.097470,-1.453978,0.004288
21.483333,-17.146683,-5.378965,0.173229,-0.009946,-0.097470,-1.453442,0.008347
21.500000,-17.146719,-5.378830,0.173224,-0.009894,-0.097547,-1.454148,0.008384
21.516667,-17.146622,-5.378592,0.173188,-0.009779,-0.097429,-1.454936,0.015423
21.533333,-17.146681,-5.378639,0.173198,-0.009800,-0.097500,-1.454888,0.004522
21.550000,-17.146885,-5.378650,0.173196,-0.009837,-0.097443,-1.454850,0.012264
21.566667,-17.147106,-5.378949,0.173232,-0.010001,-0.097473,-1.453726,0.022316
21.583333,-17.147112,-5.378892,0.173226,-0.009938,-0.097511,-1.454023,0.003422
21.600000,-17.146946,-5.378826,0.173219,-0.009893,-0.097512,-1.454240,0.010721
21.616667,-17.146961,-5.379064,0.173244,-0.010018,-0.097536,-1.453333,0.014277
21.633333,-17.146824,-5.378922,0.173223,-0.009953,-0.097457,-1.453614,0.011857
21.650000,-17.146574,-5.378914,0.173225,-0.009900,-0.097499,-1.453637,0.014998
21.666667,-17.146500,-5.378907,0.173224,-0.009888,-0.097499,-1.453626,0.004484
21.683333,-17.146482,-5.378868,0.173213,-0.009860,-0.097427,-1.453630,0.002562
21.700000,-17.146564,-5.378952,0.173230,-0.009923,-0.097505,-1.453511,0.007020
21.716667,-17.146698,-5.379078,0.173256,-0.010010,-0.097618,-1.453242,0.011030
21.733333,-17.146811,-5.379131,0.173242,-0.010024,-0.097462,-1.452745,0.007462
21.750000,-17.146919,-5.379234,0.173263,-0.010075,-0.097540,-1.452519,0.008986
21.766667,-17.146868,-5.379055,0.173245,-0.010007,-0.097522,-1.453223,0.011165
21.783333,-17.146679,-5.378940,0.173238,-0.009951,-0.097570,-1.453671,0.013263
21.800000,-17.146580,-5.378942,0.173232,-0.009915,-0.097572,-1.453709,0.005953
21.816667,-17.146561,-5.379181,0.173282,-0.010016,-0.097855,-1.453037,0.014351
21.833333,-17.147053,-5.379956,0.173342,-0.010353,-0.097660,-1.449685,0.055099
21.850000,-17.147234,-5.380202,0.173382,-0.010511,-0.097804,-1.449013,0.018334
21.866667,-17.147427,-5.380369,0.173391,-0.010651,-0.097585,-1.448010,0.015274
21.883333,-17.147472,-5.380735,0.173417,-0.010699,-0.097564,-1.446465,0.022144
21.900000,-17.147331,-5.380638,0.173407,-0.010500,-0.097628,-1.446912,0.010269
21.916667,-17.147131,-5.380501,0.173384,-0.010515,-0.097522,-1.447257,0.014554
21.933333,-17.147005,-5.380339,0.173397,-0.010567,-0.097700,-1.448125,0.012338
21.950000,-17.146782,-5.380119,0.173346,-0.010399,-0.097461,-1.448534,0.018775
21.966667,-17.146763,-5.380316,0.173369,-0.010451,-0.097555,-1.447878,0.011843
21.983333,-17.146811,-5.380277,0.173363,-0.010445,-0.097504,-1.447988,0.003700
22.000000,-17.146626,-5.380054,0.173336,-0.010320,-0.097482,-1.448811,0.017371
22.016667,-17.146399,-5.379707,0.173298,-0.010153,-0.097484,-1.450175,0.024861
22.033333,-17.146175,-5.379527,0.173272,-0.010064,-0.097401,-1.450675,0.017230
22.050000,-17.145882,-5.379338,0.173247,-0.009940,-0.097379,-1.451342,0.020951
22.066667,-17.145672,-5.379150,0.173234,-0.009833,-0.097483,-1.452182,0.016879
22.083333,-17.145367,-5.378930,0.173186,-0.009645,-0.097332,-1.452729,0.022583
22.100000,-17.145048,-5.378583,0.173174,-0.009528,-0.097457,-1.454247,0.028247
22.116667,-17.144388,-5.378098,0.173096,-0.009185,-0.097267,-1.455778,0.049138
22.133333,-17.143723,-5.377699,0.173041,-0.008892,-0.097174,-1.456974,0.046569
22.150000,-17.143024,-5.377195,0.172984,-0.008586,-0.097100,-1.458673,0.051661
22.166667,-17.142311,-5.376629,0.173146,-0.008936,-0.096727,-1.460103,0.054655
22.183333,-17.141413,-5.376549,0.172885,-0.008107,-0.096779,-1.460154,0.054116
22.200000,-17.140856,-5.376245,0.172811,-0.007704,-0.096967,-1.461509,0.038050
22.216667,-17.139849,-5.375539,0.172702,-0.007040,-0.096589,-1.463487,0.073801
22.233333,-17.138863,-5.374971,0.172650,-0.006873,-0.096596,-1.465535,0.068291
22.250000,-17.137884,-5.374549,0.172577,-0.006517,-0.096413,-1.466565,0.063924
22.266667,-17.137020,-5.374065,0.172508,-0.006197,-0.096165,-1.467834,0.059435
22.283333,-17.136286,-5.373776,0.172452,-0.005859,-0.096197,-1.468944,0.047348
22.300000,-17.135811,-5.373376,0.172387,-0.005636,-0.095876,-1.469725,0.037259
22.316667,-17.135122,-5.372882,0.172343,-0.005320,-0.095889,-1.471732,0.050846
22.333333,-17.134447,-5.372533,0.172286,-0.004973,-0.095862,-1.472990,0.045605
22.350000,-17.134031,-5.372459,0.172262,-0.004866,-0.095754,-1.472889,0.025339
22.366667,-17.133476,-5.371953,0.172162,-0.004117,-0.095661,-1.474720,0.045042
22.383333,-17.133093,-5.371565,0.172132,-0.004210,-0.095585,-1.476028,0.032734
22.400000,-17.132908,-5.371700,0.172165,-0.004219,-0.095820,-1.475815,0.013740
22.416667,-17.132769,-5.371510,0.172132,-0.004145,-0.095607,-1.476326,0.014146
22.433333,-17.132582,-5.371386,0.172106,-0.004012,-0.095596,-1.476681,0.013458
22.450000,-17.132528,-5.371100,0.172076,-0.003887,-0.095532,-1.477840,0.017463
22.466667,-17.132534,-5.371010,0.172079,-0.003879,-0.095578,-1.478273,0.005418
22.483333,-17.132982,-5.371507,0.172133,-0.004128,-0.095719,-1.476551,0.040150
22.500000,-17.133539,-5.372140,0.172213,-0.004598,-0.095644,-1.473884,0.050620
22.516667,-17.133821,-5.372673,0.172282,-0.004898,-0.095767,-1.471881,0.036143
22.533333,-17.134054,-5.373143,0.172341,-0.005184,-0.095760,-1.469919,0.031476
22.550000,-17.133902,-5.373078,0.172336,-0.005108,-0.095822,-1.470266,0.009937
22.566667,-17.133482,-5.372657,0.172289,-0.004805,-0.095943,-1.472122,0.035666
22.583333,-17.133055,-5.372295,0.172217,-0.004545,-0.095705,-1.473065,0.033596
22.600000,-17.132595,-5.372222,0.172182,-0.004232,-0.095606,-1.473104,0.027930
22.616667,-17.132326,-5.371908,0.172164,-0.004236,-0.095591,-1.474345,0.024795
22.633333,-17.132093,-5.371778,0.172148,-0.004133,-0.095642,-1.474843,0.015984
22.650000,-17.131802,-5.371627,0.172133,-0.004008,-0.095598,-1.475378,0.019732
22.666667,-17.131920,-5.371815,0.172154,-0.004126,-0.095622,-1.474708,0.013344
22.683333,-17.131968,-5.371789,0.172144,-0.004121,-0.095556,-1.474719,0.003279
22.700000,-17.131769,-5.371615,0.172112,-0.003985,-0.095496,-1.475276,0.015796
22.716667,-17.131483,-5.371280,0.172084,-0.003782,-0.095565,-1.476688,0.026464
22.733333,-17.131060,-5.371015,0.172039,-0.003538,-0.095456,-1.477551,0.029960
22.750000,-17.130911,-5.370867,0.172033,-0.003506,-0.095388,-1.478068,0.012583
22.766667,-17.130632,-5.370606,0.171990,-0.003332,-0.095355,-1.479021,0.022912
22.783333,-17.130554,-5.370576,0.171971,-0.003302,-0.095244,-1.478789,0.005016
22.800000,-17.130592,-5.370509,0.171965,-0.003269,-0.095193,-1.478925,0.004638
22.816667,-17.130495,-5.370209,0.171938,-0.003078,-0.095273,-1.480524,0.018946
22.833333,-17.130590,-5.370029,0.171922,-0.003035,-0.095219,-1.481294,0.012210
22.850000,-17.130655,-5.369704,0.171888,-0.002906,-0.095197,-1.482736,0.019868
22.866667,-17.130711,-5.369488,0.171880,-0.002787,-0.095403,-1.483835,0.013406
22.883333,-17.130836,-5.369368,0.171868,-0.002809,-0.095305,-1.484265,0.010442
22.900000,-17.130917,-5.369414,0.171886,-0.002856,-0.095483,-1.484317,0.005565
22.916667,-17.130978,-5.369282,0.171856,-0.002778,-0.095344,-1.484753,0.008756
22.933333,-17.131275,-5.369682,0.171916,-0.003058,-0.095465,-1.483305,0.029915
22.950000,-17.131884,-5.370335,0.172007,-0.003447,-0.095583,-1.480906,0.053543
22.966667,-17.132545,-5.370894,0.172066,-0.003817,-0.095559,-1.478738,0.051993
22.983333,-17.132914,-5.371180,0.172119,-0.004017,-0.095774,-1.478028,0.027973
23.000000,-17.133247,-5.371661,0.172143,-0.004071,-0.095771,-1.476121,0.035134
23.016667,-17.133511,-5.372234,0.172210,-0.004549,-0.095789,-1.473827,0.037816
23.033333,-17.133581,-5.372230,0.172219,-0.004537,-0.095812,-1.473878,0.004240
23.050000,-17.133354,-5.371766,0.172164,-0.004318,-0.095635,-1.475473,0.030990
23.066667,-17.133183,-5.371641,0.172146,-0.004205,-0.095603,-1.475923,0.012739
23.083333,-17.133266,-5.371644,0.172136,-0.004230,-0.095524,-1.475713,0.005038
23.100000,-17.133318,-5.371882,0.172184,-0.004349,-0.095727,-1.475097,0.014607
23.116667,-17.133348,-5.371668,0.172155,-0.004260,-0.095704,-1.475998,0.012948
23.133333,-17.133282,-5.371279,0.172104,-0.004087,-0.095519,-1.477319,0.023715
23.150000,-17.133261,-5.371136,0.172100,-0.004047,-0.095609,-1.478041,0.008675
23.166667,-17.133327,-5.371153,0.172097,-0.004047,-0.095572,-1.477980,0.004136
23.183333,-17.133696,-5.371676,0.172168,-0.004344,-0.095719,-1.476101,0.038402
23.200000,-17.134197,-5.372499,0.172259,-0.004749,-0.095941,-1.473144,0.057831
23.216667,-17.134502,-5.373010,0.172308,-0.005002,-0.095782,-1.470870,0.035696
23.233333,-17.134518,-5.373070,0.172308,-0.004997,-0.095767,-1.470631,0.003719
23.250000,-17.134453,-5.372795,0.172291,-0.004952,-0.095799,-1.471816,0.016988
23.266667,-17.134302,-5.372528,0.172267,-0.004831,-0.095811,-1.472905,0.018372
23.283333,-17.134342,-5.372508,0.172259,-0.004828,-0.095757,-1.472875,0.002700
23.300000,-17.134476,-5.372325,0.172247,-0.004779,-0.095778,-1.473752,0.013574
23.316667,-17.134790,-5.372246,0.172267,-0.004878,-0.095869,-1.474319,0.019471
23.333333,-17.135271,-5.372227,0.172274,-0.004955,-0.095958,-1.474715,0.028862
23.350000,-17.135746,-5.372043,0.172265,-0.004975,-0.096030,-1.475767,0.030561
23.366667,-17.136553,-5.372752,0.172350,-0.005412,-0.096091,-1.473206,0.064465
23.383333,-17.137318,-5.373310,0.172429,-0.005782,-0.096228,-1.471379,0.056785
23.400000,-17.138004,-5.374053,0.172520,-0.006231,-0.096340,-1.468659,0.060740
23.416667,-17.138733,-5.374827,0.172610,-0.006594,-0.096464,-1.465957,0.063754
23.433333,-17.139284,-5.375326,0.172681,-0.006977,-0.096562,-1.464194,0.044603
23.450000,-17.139572,-5.375505,0.172703,-0.007084,-0.096603,-1.463661,0.020371
23.466667,-17.139650,-5.375515,0.172678,-0.006884,-0.096536,-1.463560,0.004723
23.483333,-17.139568,-5.375394,0.172689,-0.007030,-0.096605,-1.464130,0.008753
23.500000,-17.139057,-5.374846,0.172639,-0.006753,-0.096700,-1.466360,0.044959
23.516667,-17.138044,-5.374021,0.172516,-0.006226,-0.096388,-1.468930,0.078393
23.533333,-17.137157,-5.373544,0.172465,-0.005900,-0.096319,-1.470493,0.060405
23.550000,-17.136160,-5.372752,0.172341,-0.005331,-0.096162,-1.473184,0.076442
23.566667,-17.135050,-5.371594,0.172218,-0.004681,-0.095991,-1.477389,0.096237
23.583333,-17.133934,-5.370618,0.172062,-0.003925,-0.095707,-1.480729,0.088949
23.600000,-17.133028,-5.369820,0.171967,-0.003507,-0.095456,-1.483360,0.072448
23.616667,-17.132219,-5.369353,0.171877,-0.003044,-0.095348,-1.484841,0.056027
23.633333,-17.131411,-5.368899,0.171805,-0.002614,-0.095207,-1.486393,0.055645
23.650000,-17.130806,-5.368450,0.171753,-0.002349,-0.095128,-1.487949,0.045176
23.666667,-17.130383,-5.367972,0.171722,-0.002169,-0.095026,-1.489700,0.038305
23.683333,-17.129908,-5.367685,0.171679,-0.001914,-0.095011,-1.490643,0.033311
23.700000,-17.129751,-5.367593,0.171679,-0.001916,-0.095022,-1.490980,0.010888
23.716667,-17.129675,-5.367545,0.171692,-0.001899,-0.094991,-1.491231,0.005413
23.733333,-17.129461,-5.367204,0.171649,-0.001689,-0.094987,-1.492654,0.024140
23.750000,-17.129347,-5.367049,0.171632,-0.001626,-0.094918,-1.493108,0.011536
23.766667,-17.129438,-5.367081,0.171636,-0.001656,-0.094911,-1.492935,0.005818
23.783333,-17.129822,-5.367342,0.171663,-0.001826,-0.095055,-1.492320,0.027822
23.800000,-17.130213,-5.367850,0.171704,-0.002032,-0.095155,-1.490417,0.038455
23.816667,-17.130680,-5.368387,0.171749,-0.002295,-0.095255,-1.488391,0.042729
23.833333,-17.130846,-5.368366,0.171767,-0.002405,-0.095107,-1.488298,0.010039
23.850000,-17.130783,-5.368402,0.171762,-0.002374,-0.095143,-1.488201,0.004344
23.866667,-17.130621,-5.368248,0.171730,-0.002263,-0.095076,-1.488712,0.013417
23.883333,-17.130503,-5.367970,0.171711,-0.002137,-0.095129,-1.489929,0.018100
23.900000,-17.130308,-5.367652,0.171690,-0.001979,-0.095185,-1.491405,0.022370
23.916667,-17.130495,-5.367634,0.171724,-0.002146,-0.095012,-1.491079,0.011268
23.933333,-17.130590,-5.367867,0.171716,-0.002113,-0.095389,-1.490867,0.015089
23.950000,-17.130850,-5.368008,0.171729,-0.002242,-0.095283,-1.490274,0.017719
23.966667,-17.130980,-5.367859,0.171718,-0.002194,-0.095241,-1.490798,0.011821
23.983333,-17.131096,-5.367759,0.171710,-0.002207,-0.095254,-1.491049,0.009229
24.000000,-17.130980,-5.367183,0.171646,-0.001923,-0.095205,-1.493363,0.035231
24.016667,-17.131079,-5.367126,0.171645,-0.001940,-0.095168,-1.493590,0.006856
24.033333,-17.131348,-5.367517,0.171685,-0.002124,-0.095239,-1.492162,0.028450
24.050000,-17.131737,-5.368118,0.171756,-0.002472,-0.095312,-1.489862,0.042972
24.066667,-17.132135,-5.368818,0.171838,-0.002851,-0.095391,-1.487167,0.048308
24.083333,-17.132370,-5.369269,0.171908,-0.003152,-0.095511,-1.485532,0.030532
24.100000,-17.132200,-5.369167,0.171827,-0.002522,-0.095304,-1.485628,0.011899
24.116667,-17.132137,-5.368872,0.171838,-0.002798,-0.095413,-1.486992,0.018080
24.133333,-17.132071,-5.368802,0.171851,-0.002812,-0.095432,-1.487311,0.005808
24.150000,-17.132221,-5.369197,0.171877,-0.002939,-0.095447,-1.485698,0.025356
24.166667,-17.132504,-5.369603,0.171926,-0.003180,-0.095511,-1.484189,0.029683
24.183333,-17.132479,-5.369382,0.171888,-0.003068,-0.095348,-1.484867,0.013358
24.200000,-17.132481,-5.369445,0.171905,-0.003066,-0.095549,-1.484918,0.003778
24.216667,-17.132515,-5.369309,0.171884,-0.003055,-0.095452,-1.485317,0.008410
24.233333,-17.132658,-5.369554,0.171919,-0.003171,-0.095509,-1.484421,0.017002
24.250000,-17.132614,-5.369449,0.171909,-0.003108,-0.095539,-1.484934,0.006796
24.266667,-17.132166,-5.368947,0.171841,-0.002790,-0.095411,-1.486709,0.040405
24.283333,-17.131752,-5.368553,0.171802,-0.002575,-0.095389,-1.488250,0.034261
24.300000,-17.131638,-5.368369,0.171771,-0.002522,-0.095243,-1.488573,0.013028
24.316667,-17.131330,-5.367875,0.171709,-0.002165,-0.095259,-1.490668,0.034876
24.333333,-17.131186,-5.367631,0.171692,-0.002082,-0.095175,-1.491516,0.017011
24.350000,-17.131323,-5.367810,0.171712,-0.002167,-0.095259,-1.491007,0.013505
24.366667,-17.131599,-5.367922,0.171723,-0.002312,-0.095229,-1.490471,0.017904
24.383333,-17.132139,-5.368655,0.171818,-0.002711,-0.095353,-1.487805,0.054613
24.400000,-17.132528,-5.369202,0.171874,-0.002955,-0.095472,-1.485813,0.040273
24.416667,-17.132925,-5.369788,0.171949,-0.003280,-0.095559,-1.483635,0.042462
24.433333,-17.133183,-5.370280,0.172011,-0.003579,-0.095622,-1.481778,0.033324
24.450000,-17.133228,-5.370626,0.172050,-0.003684,-0.095548,-1.480266,0.020952
24.466667,-17.133053,-5.370402,0.172044,-0.003678,-0.095502,-1.480928,0.017078
24.483333,-17.132669,-5.369994,0.171959,-0.003376,-0.095426,-1.482312,0.033578
24.500000,-17.132610,-5.370014,0.171973,-0.003384,-0.095470,-1.482373,0.003746
24.516667,-17.132401,-5.369858,0.171939,-0.003262,-0.095362,-1.482739,0.015684
24.533333,-17.132263,-5.369839,0.171937,-0.003180,-0.095453,-1.483008,0.008319
24.550000,-17.132162,-5.369638,0.171897,-0.003011,-0.095331,-1.483620,0.013511
24.566667,-17.132175,-5.369625,0.171904,-0.003076,-0.095329,-1.483644,0.001113
24.583333,-17.132206,-5.369610,0.171907,-0.003086,-0.095408,-1.483774,0.002047
24.600000,-17.132475,-5.369786,0.171935,-0.003227,-0.095445,-1.483264,0.019283
24.616667,-17.132862,-5.369806,0.171948,-0.003306,-0.095524,-1.483451,0.023264
24.633333,-17.133059,-5.369703,0.171937,-0.003314,-0.095472,-1.483885,0.013309
24.650000,-17.133217,-5.369884,0.171975,-0.003439,-0.095616,-1.483395,0.014437
24.666667,-17.133329,-5.370171,0.172017,-0.003653,-0.095636,-1.482198,0.018446
24.683333,-17.133516,-5.370511,0.172046,-0.003793,-0.095533,-1.480761,0.023279
24.700000,-17.133503,-5.370517,0.172037,-0.003760,-0.095592,-1.480772,0.000896
24.716667,-17.133329,-5.370258,0.172001,-0.003612,-0.095550,-1.481723,0.018703
24.733333,-17.132975,-5.369619,0.171929,-0.003263,-0.095510,-1.484278,0.043876
24.750000,-17.132912,-5.369551,0.171932,-0.003248,-0.095537,-1.484579,0.005547
24.766667,-17.132797,-5.369298,0.171873,-0.002989,-0.095522,-1.485618,0.016698
24.783333,-17.132666,-5.369092,0.171859,-0.002888,-0.095376,-1.486071,0.014619
24.800000,-17.132713,-5.369081,0.171862,-0.002981,-0.095343,-1.486048,0.002949
24.816667,-17.132902,-5.369166,0.171898,-0.003060,-0.095639,-1.486335,0.012433
24.833333,-17.133076,-5.368701,0.171842,-0.002940,-0.095488,-1.488136,0.029776
24.850000,-17.133463,-5.368462,0.171840,-0.002999,-0.095559,-1.489387,0.027313
24.866667,-17.133934,-5.368351,0.171848,-0.003109,-0.095642,-1.490105,0.029042
24.883333,-17.134392,-5.368160,0.171840,-0.003076,-0.095744,-1.491225,0.029755
24.900000,-17.134876,-5.367892,0.171825,-0.003098,-0.095728,-1.492464,0.033219
24.916667,-17.135393,-5.367667,0.171808,-0.003134,-0.095696,-1.493492,0.033815
24.933333,-17.135860,-5.367479,0.171797,-0.003166,-0.095719,-1.494442,0.030219
24.950000,-17.136276,-5.367262,0.171782,-0.003142,-0.095753,-1.495531,0.028140
24.966667,-17.136555,-5.366987,0.171759,-0.003064,-0.095804,-1.496787,0.023508
24.983333,-17.136694,-5.366606,0.171723,-0.002881,-0.095875,-1.498491,0.024338
25.000000,-17.136675,-5.366003,0.171648,-0.002607,-0.095732,-1.500746,0.036210
25.016667,-17.136681,-5.365566,0.171607,-0.002447,-0.095671,-1.502377,0.026181
25.033333,-17.136621,-5.365263,0.171564,-0.002239,-0.095674,-1.503611,0.018539
25.050000,-17.136454,-5.364945,0.171525,-0.002090,-0.095554,-1.504661,0.021577
25.066667,-17.136486,-5.364950,0.171528,-0.002075,-0.095609,-1.504655,0.001971
25.083333,-17.136587,-5.365046,0.171542,-0.002141,-0.095646,-1.504436,0.008338
25.100000,-17.136786,-5.365018,0.171546,-0.002178,-0.095664,-1.504639,0.012013
25.116667,-17.137072,-5.365230,0.171583,-0.002324,-0.095783,-1.504040,0.021338
25.133333,-17.137516,-5.365855,0.171656,-0.002687,-0.095925,-1.501853,0.046044
25.150000,-17.138012,-5.366301,0.171711,-0.003012,-0.095861,-1.500040,0.040012
25.166667,-17.138336,-5.366497,0.171742,-0.003228,-0.095945,-1.499482,0.022718
25.183333,-17.138668,-5.366688,0.171763,-0.003293,-0.095970,-1.498857,0.022996
25.200000,-17.138889,-5.366720,0.171769,-0.003367,-0.095979,-1.498735,0.013409
25.216667,-17.138945,-5.366787,0.171780,-0.003392,-0.096035,-1.498630,0.005224
25.233333,-17.139372,-5.367033,0.171815,-0.003578,-0.096099,-1.497856,0.029582
25.250000,-17.139854,-5.367298,0.171851,-0.003773,-0.096161,-1.497017,0.033036
25.266667,-17.140045,-5.367417,0.171866,-0.003864,-0.096198,-1.496631,0.013495
25.283333,-17.140575,-5.367674,0.171906,-0.004101,-0.096254,-1.495832,0.035342
25.300000,-17.141041,-5.367952,0.171943,-0.004298,-0.096296,-1.494864,0.032526
25.316667,-17.141569,-5.368367,0.171996,-0.004507,-0.096408,-1.493549,0.040322
25.333333,-17.142208,-5.368967,0.172082,-0.004915,-0.096478,-1.491455,0.052565
25.350000,-17.142757,-5.369367,0.172119,-0.005089,-0.096539,-1.490117,0.040790
25.366667,-17.143467,-5.370074,0.172233,-0.005606,-0.096659,-1.487712,0.060085
25.383333,-17.144310,-5.370769,0.172302,-0.005943,-0.096784,-1.485382,0.065564
25.400000,-17.145247,-5.371636,0.172400,-0.006364,-0.096889,-1.482402,0.076569
25.416667,-17.146318,-5.372390,0.172501,-0.006866,-0.097082,-1.480045,0.078629
25.433333,-17.147432,-5.373035,0.172575,-0.007237,-0.097166,-1.477960,0.077249
25.450000,-17.148607,-5.373973,0.172714,-0.007867,-0.097387,-1.475028,0.090186
25.466667,-17.149933,-5.374827,0.172821,-0.008423,-0.097549,-1.472363,0.094629
25.483333,-17.151176,-5.375481,0.172931,-0.008950,-0.097840,-1.470605,0.084284
25.500000,-17.151865,-5.375464,0.172947,-0.009150,-0.097808,-1.470683,0.041325
25.516667,-17.152103,-5.375184,0.172898,-0.008851,-0.097793,-1.471878,0.022104
25.533333,-17.152390,-5.375063,0.172891,-0.008806,-0.097815,-1.472524,0.018619
25.550000,-17.152569,-5.374658,0.172839,-0.008650,-0.097683,-1.474016,0.026592
25.566667,-17.152561,-5.374190,0.172785,-0.008453,-0.097650,-1.475846,0.028070
25.583333,-17.152466,-5.373776,0.172753,-0.008300,-0.097730,-1.477577,0.025512
25.600000,-17.152103,-5.373170,0.172666,-0.008042,-0.097471,-1.479444,0.042344
25.616667,-17.151585,-5.372797,0.172625,-0.007809,-0.097502,-1.480799,0.038368
25.633333,-17.151249,-5.372160,0.172572,-0.007557,-0.097555,-1.483275,0.043155
25.650000,-17.151039,-5.371682,0.172506,-0.007290,-0.097501,-1.485043,0.031362
25.666667,-17.150803,-5.371311,0.172466,-0.007092,-0.097475,-1.486423,0.026373
25.683333,-17.150484,-5.370983,0.172425,-0.006893,-0.097435,-1.487473,0.027456
25.700000,-17.150209,-5.370797,0.172406,-0.006818,-0.097413,-1.488062,0.019902
25.716667,-17.150145,-5.370769,0.172375,-0.006726,-0.097312,-1.487996,0.004241
25.733333,-17.150175,-5.370623,0.172375,-0.006704,-0.097310,-1.488608,0.008916
25.750000,-17.150209,-5.370343,0.172359,-0.006582,-0.097460,-1.489932,0.016948
25.766667,-17.150255,-5.369876,0.172310,-0.006396,-0.097438,-1.491753,0.028144
25.783333,-17.150190,-5.369440,0.172264,-0.006199,-0.097449,-1.493484,0.026466
25.800000,-17.150007,-5.368876,0.172203,-0.005950,-0.097429,-1.495528,0.035584
25.816667,-17.149792,-5.368458,0.172170,-0.005814,-0.097470,-1.497133,0.028177
25.833333,-17.149597,-5.368249,0.172137,-0.005629,-0.097432,-1.497893,0.017147
25.850000,-17.149557,-5.368262,0.172146,-0.005659,-0.097500,-1.497916,0.002533
25.866667,-17.149748,-5.368482,0.172157,-0.005755,-0.097416,-1.496922,0.017462
25.883333,-17.150118,-5.368974,0.172216,-0.005994,-0.097487,-1.495276,0.036919
25.900000,-17.150614,-5.369700,0.172321,-0.006453,-0.097602,-1.492746,0.052763
25.916667,-17.151222,-5.370532,0.172400,-0.006827,-0.097613,-1.489712,0.061848
25.933333,-17.151981,-5.371476,0.172518,-0.007372,-0.097721,-1.486448,0.072688
25.950000,-17.152742,-5.372348,0.172599,-0.007683,-0.097785,-1.483424,0.069450
25.966667,-17.153454,-5.373085,0.172675,-0.007956,-0.097838,-1.480959,0.061449
25.983333,-17.154160,-5.373662,0.172748,-0.008215,-0.097892,-1.478881,0.054712
26.000000,-17.154818,-5.374362,0.172798,-0.008443,-0.097833,-1.476200,0.057623
26.016667,-17.155449,-5.375427,0.172910,-0.008882,-0.097746,-1.472220,0.074297
26.033333,-17.155842,-5.376189,0.172994,-0.009190,-0.097880,-1.469607,0.051414
26.050000,-17.156185,-5.376918,0.173076,-0.009478,-0.097965,-1.466866,0.048378
26.066667,-17.156559,-5.377712,0.173150,-0.009786,-0.097880,-1.463752,0.052653
26.083333,-17.156906,-5.378517,0.173245,-0.010083,-0.098080,-1.461023,0.052594
26.100000,-17.157223,-5.379251,0.173333,-0.010419,-0.098079,-1.458132,0.047981
26.116667,-17.157555,-5.380105,0.173407,-0.010690,-0.098155,-1.454991,0.054947
26.133333,-17.157661,-5.380637,0.173475,-0.010968,-0.098125,-1.452882,0.032538
26.150000,-17.157595,-5.381043,0.173489,-0.011067,-0.098065,-1.451045,0.024703
26.166667,-17.157431,-5.381203,0.173520,-0.011183,-0.098051,-1.450286,0.013738
26.183333,-17.157040,-5.380897,0.173499,-0.011063,-0.098147,-1.451494,0.029778
26.200000,-17.156435,-5.380535,0.173467,-0.010948,-0.098144,-1.452699,0.042280
26.216667,-17.155899,-5.379988,0.173445,-0.010757,-0.098478,-1.455128,0.045946
26.233333,-17.155092,-5.378996,0.173293,-0.010322,-0.097961,-1.458035,0.076712
26.250000,-17.154480,-5.378576,0.173249,-0.010187,-0.097897,-1.459388,0.044551
26.266667,-17.154037,-5.378113,0.173187,-0.009970,-0.097833,-1.460969,0.038428
26.283333,-17.153498,-5.377811,0.173172,-0.009911,-0.097870,-1.462011,0.037106
26.300000,-17.152864,-5.377003,0.173094,-0.009583,-0.097896,-1.465087,0.061628
26.316667,-17.152346,-5.376572,0.173055,-0.009431,-0.097865,-1.466643,0.040471
26.333333,-17.152321,-5.376650,0.173063,-0.009467,-0.097905,-1.466346,0.004950
26.350000,-17.152134,-5.376334,0.173010,-0.009286,-0.097782,-1.467374,0.022036
26.366667,-17.151922,-5.376158,0.173000,-0.009260,-0.097763,-1.467903,0.016517
26.383333,-17.151789,-5.376086,0.172995,-0.009227,-0.097791,-1.468227,0.009115
26.400000,-17.151894,-5.375891,0.172991,-0.009132,-0.097969,-1.469395,0.013287
26.416667,-17.151878,-5.375452,0.172929,-0.008924,-0.097737,-1.470884,0.026366
26.433333,-17.152121,-5.375491,0.172962,-0.009059,-0.097840,-1.470740,0.014722
26.450000,-17.152227,-5.375622,0.172959,-0.009032,-0.097923,-1.470392,0.010148
26.466667,-17.152433,-5.376086,0.172998,-0.009212,-0.097909,-1.468611,0.030484
26.483333,-17.152576,-5.376077,0.173006,-0.009207,-0.098014,-1.468821,0.008600
26.500000,-17.152391,-5.375928,0.172986,-0.009147,-0.097925,-1.469289,0.014263
26.516667,-17.152372,-5.376022,0.172989,-0.009196,-0.097828,-1.468677,0.005751
26.533333,-17.152494,-5.376620,0.173053,-0.009422,-0.097893,-1.466435,0.036617
26.550000,-17.152515,-5.377131,0.173101,-0.009625,-0.097846,-1.464345,0.030667
26.566667,-17.152504,-5.377558,0.173141,-0.009788,-0.097829,-1.462524,0.025644
26.583333,-17.152512,-5.378091,0.173200,-0.010018,-0.097866,-1.460427,0.032018
26.600000,-17.152487,-5.378549,0.173245,-0.010195,-0.097842,-1.458536,0.027506
26.616667,-17.152376,-5.378982,0.173303,-0.010391,-0.097974,-1.456848,0.026813
26.633333,-17.152010,-5.378987,0.173301,-0.010389,-0.097970,-1.456674,0.021975
26.650000,-17.151369,-5.378364,0.173248,-0.010154,-0.097934,-1.458875,0.053636
26.666667,-17.150803,-5.377995,0.173176,-0.009787,-0.097795,-1.459932,0.040566
26.683333,-17.150434,-5.377981,0.173166,-0.009731,-0.097976,-1.460215,0.022103
26.700000,-17.150154,-5.377557,0.173108,-0.009569,-0.097576,-1.461046,0.030518
26.716667,-17.150036,-5.377308,0.173077,-0.009378,-0.097673,-1.462265,0.016508
26.733333,-17.149857,-5.377207,0.173082,-0.009370,-0.097741,-1.462695,0.012364
26.750000,-17.149971,-5.377560,0.173118,-0.009548,-0.097777,-1.461382,0.022257
26.766667,-17.150297,-5.377795,0.173143,-0.009715,-0.097703,-1.460441,0.024140
26.783333,-17.150612,-5.377678,0.173155,-0.009707,-0.097913,-1.461323,0.020152
26.800000,-17.150663,-5.377110,0.173074,-0.009464,-0.097649,-1.463303,0.034243
26.816667,-17.150660,-5.376685,0.173035,-0.009266,-0.097725,-1.465181,0.025493
26.833333,-17.150667,-5.376341,0.172995,-0.009136,-0.097650,-1.466466,0.020604
26.850000,-17.150719,-5.376444,0.173021,-0.009237,-0.097778,-1.466281,0.006909
26.866667,-17.151031,-5.376624,0.173037,-0.009305,-0.097762,-1.465678,0.021647
26.883333,-17.151335,-5.376826,0.173052,-0.009446,-0.097676,-1.464833,0.021869
26.900000,-17.151892,-5.377213,0.173105,-0.009655,-0.097779,-1.463642,0.040699
26.916667,-17.152407,-5.377807,0.173162,-0.009870,-0.097845,-1.461520,0.047154
26.933333,-17.152893,-5.378465,0.173256,-0.010201,-0.097972,-1.459206,0.049096
26.950000,-17.153324,-5.379222,0.173299,-0.010431,-0.097828,-1.456104,0.052254
26.966667,-17.153625,-5.379874,0.173397,-0.010729,-0.098051,-1.453882,0.043088
26.983333,-17.153837,-5.380506,0.173454,-0.010975,-0.097982,-1.451335,0.039980
27.000000,-17.153828,-5.380952,0.173510,-0.011144,-0.098149,-1.449763,0.026814
27.016667,-17.153654,-5.380878,0.173510,-0.011158,-0.098103,-1.449828,0.011319
27.033333,-17.153421,-5.380695,0.173488,-0.011082,-0.098079,-1.450446,0.017766
27.050000,-17.153036,-5.380474,0.173472,-0.011010,-0.098114,-1.451278,0.026672
27.066667,-17.152658,-5.379852,0.173406,-0.010730,-0.098185,-1.453726,0.043625
27.083333,-17.152071,-5.378965,0.173305,-0.010427,-0.097926,-1.456622,0.063854
27.100000,-17.151791,-5.378884,0.173301,-0.010381,-0.098031,-1.457127,0.017512
27.116667,-17.151775,-5.378886,0.173318,-0.010406,-0.098059,-1.457167,0.000927
27.133333,-17.151770,-5.378802,0.173287,-0.010372,-0.097919,-1.457177,0.005076
27.150000,-17.151546,-5.378782,0.173294,-0.010329,-0.098044,-1.457519,0.013441
27.166667,-17.151228,-5.378514,0.173263,-0.010213,-0.097965,-1.458330,0.024976
27.183333,-17.151163,-5.378631,0.173256,-0.010280,-0.097862,-1.457537,0.007992
27.200000,-17.151485,-5.379395,0.173349,-0.010608,-0.097846,-1.454536,0.049747
27.216667,-17.151564,-5.379870,0.173394,-0.010784,-0.097910,-1.452672,0.028908
27.233333,-17.151443,-5.379861,0.173398,-0.010785,-0.097974,-1.452763,0.007230
27.250000,-17.151321,-5.379930,0.173407,-0.010822,-0.097971,-1.452374,0.008432
27.266667,-17.151140,-5.379663,0.173379,-0.010720,-0.097937,-1.453380,0.019410
27.283333,-17.150799,-5.379510,0.173365,-0.010601,-0.097986,-1.453937,0.022438
27.300000,-17.150900,-5.379851,0.173400,-0.010765,-0.098027,-1.452678,0.021337
27.316667,-17.151043,-5.379912,0.173406,-0.010810,-0.097992,-1.452489,0.009343
27.333333,-17.151087,-5.379818,0.173405,-0.010794,-0.098096,-1.452946,0.006246
27.350000,-17.150719,-5.379566,0.173373,-0.010635,-0.097996,-1.453703,0.026775
27.366667,-17.150520,-5.379361,0.173327,-0.010501,-0.097796,-1.454042,0.017097
27.383333,-17.150715,-5.379854,0.173392,-0.010743,-0.097922,-1.452370,0.031776
27.400000,-17.150970,-5.380427,0.173459,-0.011026,-0.097986,-1.450196,0.037680
27.416667,-17.151083,-5.380835,0.173501,-0.011154,-0.097982,-1.448552,0.025376
27.433333,-17.151051,-5.380692,0.173479,-0.011147,-0.097870,-1.448966,0.008801
27.450000,-17.150803,-5.380601,0.173483,-0.011079,-0.098086,-1.449523,0.015849
27.466667,-17.150719,-5.380205,0.173419,-0.010911,-0.097846,-1.450817,0.024302
27.483333,-17.150513,-5.380173,0.173434,-0.010834,-0.098063,-1.451167,0.012503
27.500000,-17.150640,-5.380407,0.173440,-0.010973,-0.097872,-1.449873,0.015979
27.516667,-17.150639,-5.380130,0.173419,-0.010836,-0.097923,-1.451185,0.016594
27.533333,-17.150557,-5.379789,0.173384,-0.010700,-0.097889,-1.452502,0.021068
27.550000,-17.150526,-5.379726,0.173371,-0.010643,-0.097864,-1.452650,0.004197
27.566667,-17.150663,-5.379979,0.173416,-0.010774,-0.098057,-1.452005,0.017283
27.583333,-17.150963,-5.380244,0.173439,-0.010927,-0.097975,-1.450934,0.023997
27.600000,-17.151205,-5.380757,0.173494,-0.011152,-0.098023,-1.448992,0.034043
27.616667,-17.151230,-5.381174,0.173533,-0.011303,-0.098012,-1.447268,0.025050
27.633333,-17.150974,-5.381157,0.173524,-0.011313,-0.097883,-1.447030,0.015368
27.650000,-17.150585,-5.381008,0.173520,-0.011239,-0.097970,-1.447575,0.025005
27.666667,-17.150341,-5.380614,0.173476,-0.010993,-0.098048,-1.449185,0.027828
27.683333,-17.149883,-5.379997,0.173387,-0.010686,-0.097726,-1.451078,0.046074
27.700000,-17.149464,-5.379249,0.173293,-0.010273,-0.097635,-1.453898,0.051468
27.716667,-17.149048,-5.378801,0.173244,-0.010010,-0.097661,-1.455647,0.036683
27.733333,-17.148569,-5.378153,0.173150,-0.009581,-0.097570,-1.457977,0.048341
27.750000,-17.148146,-5.377867,0.173125,-0.009465,-0.097592,-1.458948,0.030662
27.766667,-17.147921,-5.377995,0.173130,-0.009489,-0.097501,-1.458102,0.015543
27.783333,-17.147762,-5.378026,0.173129,-0.009453,-0.097540,-1.458021,0.009673
27.800000,-17.147657,-5.377635,0.173083,-0.009261,-0.097471,-1.459521,0.024290
27.816667,-17.147655,-5.377560,0.173091,-0.009254,-0.097622,-1.460024,0.004465
27.833333,-17.147617,-5.377305,0.173061,-0.009108,-0.097632,-1.461148,0.015505
27.850000,-17.147638,-5.377030,0.173041,-0.009011,-0.097683,-1.462323,0.016499
27.866667,-17.148003,-5.377258,0.173025,-0.009100,-0.097408,-1.461165,0.025769
27.883333,-17.148689,-5.378017,0.173134,-0.009542,-0.097626,-1.458663,0.061416
27.900000,-17.149448,-5.378746,0.173264,-0.010102,-0.097683,-1.455988,0.063132
27.916667,-17.150169,-5.379427,0.173334,-0.010470,-0.097835,-1.453753,0.059522
27.933333,-17.150902,-5.380263,0.173441,-0.010954,-0.097952,-1.450795,0.066683
27.950000,-17.151451,-5.380849,0.173502,-0.011189,-0.098004,-1.448736,0.048215
27.966667,-17.151804,-5.381061,0.173522,-0.011276,-0.097983,-1.447939,0.024675
27.983333,-17.151751,-5.381028,0.173519,-0.011240,-0.098006,-1.448175,0.003749
28.000000,-17.151312,-5.380701,0.173489,-0.011141,-0.097985,-1.449278,0.032833
28.016667,-17.150860,-5.380190,0.173432,-0.010908,-0.097930,-1.451103,0.040943
28.033333,-17.150459,-5.380001,0.173414,-0.010791,-0.098009,-1.451861,0.026569
28.050000,-17.150080,-5.379692,0.173368,-0.010585,-0.097901,-1.452841,0.029366
28.066667,-17.149662,-5.379121,0.173298,-0.010341,-0.097742,-1.454648,0.042438
28.083333,-17.149122,-5.378739,0.173244,-0.010108,-0.097673,-1.455774,0.039691
28.100000,-17.148623,-5.378446,0.173195,-0.009811,-0.097627,-1.456795,0.034751
28.116667,-17.148205,-5.378570,0.173205,-0.009799,-0.097624,-1.456103,0.026135
28.133333,-17.147839,-5.378256,0.173176,-0.009588,-0.097730,-1.457405,0.028934
28.150000,-17.147346,-5.377938,0.173125,-0.009386,-0.097591,-1.458337,0.035140
28.166667,-17.146931,-5.377560,0.173059,-0.009181,-0.097336,-1.459274,0.033741
28.183333,-17.146708,-5.377711,0.173089,-0.009216,-0.097462,-1.458742,0.016188
28.200000,-17.146587,-5.377602,0.173073,-0.009144,-0.097471,-1.459153,0.009742
28.216667,-17.146566,-5.377775,0.173091,-0.009211,-0.097471,-1.458420,0.010433
28.233333,-17.146502,-5.377472,0.173052,-0.009049,-0.097425,-1.459603,0.018552
28.250000,-17.146500,-5.377381,0.173039,-0.009018,-0.097369,-1.459859,0.005494
28.266667,-17.146593,-5.377651,0.173074,-0.009145,-0.097463,-1.458934,0.017137
28.283333,-17.146854,-5.378198,0.173136,-0.009422,-0.097516,-1.456840,0.036395
28.300000,-17.147062,-5.378703,0.173198,-0.009728,-0.097502,-1.454790,0.032766
28.316667,-17.147148,-5.379056,0.173236,-0.009881,-0.097517,-1.453368,0.021817
28.333333,-17.147024,-5.378831,0.173214,-0.009754,-0.097579,-1.454369,0.015417
28.350000,-17.146742,-5.378630,0.173186,-0.009635,-0.097499,-1.455018,0.020817
28.366667,-17.146692,-5.378608,0.173179,-0.009632,-0.097455,-1.454960,0.003254
28.383333,-17.146547,-5.378606,0.173185,-0.009580,-0.097551,-1.455061,0.008698
28.400000,-17.146641,-5.378771,0.173178,-0.009676,-0.097321,-1.453959,0.011377
28.416667,-17.146784,-5.379014,0.173222,-0.009807,-0.097441,-1.453274,0.016953
28.433333,-17.146748,-5.378717,0.173212,-0.009687,-0.097686,-1.454871,0.017956
28.450000,-17.146505,-5.378129,0.173123,-0.009385,-0.097410,-1.456811,0.038180
28.466667,-17.146391,-5.378066,0.173116,-0.009329,-0.097447,-1.457163,0.007836
28.483333,-17.146326,-5.377720,0.173068,-0.009149,-0.097326,-1.458320,0.021132
28.500000,-17.146286,-5.377635,0.173073,-0.009165,-0.097307,-1.458591,0.005657
28.516667,-17.146009,-5.376976,0.172988,-0.008770,-0.097329,-1.461326,0.042854
28.533333,-17.145779,-5.376598,0.172952,-0.008600,-0.097365,-1.462876,0.026580
28.550000,-17.145477,-5.376294,0.172925,-0.008382,-0.097451,-1.464155,0.025673
28.566667,-17.145193,-5.376051,0.172870,-0.008224,-0.097231,-1.464679,0.022442
28.583333,-17.144686,-5.374959,0.172730,-0.007608,-0.097047,-1.468856,0.072218
28.600000,-17.144299,-5.374268,0.172638,-0.007270,-0.096913,-1.471245,0.047572
28.616667,-17.144024,-5.374062,0.172634,-0.007211,-0.096958,-1.471995,0.020582
28.633333,-17.143852,-5.373960,0.172625,-0.007137,-0.096971,-1.472415,0.011967
28.650000,-17.143784,-5.373935,0.172632,-0.007137,-0.097055,-1.472621,0.004390
28.666667,-17.143620,-5.373526,0.172566,-0.006919,-0.096834,-1.473933,0.026474
28.683333,-17.143362,-5.373378,0.172548,-0.006811,-0.096821,-1.474443,0.017800
28.700000,-17.143145,-5.373082,0.172536,-0.006670,-0.097011,-1.475869,0.022066
28.716667,-17.142778,-5.372685,0.172473,-0.006479,-0.096758,-1.476955,0.032395
28.733333,-17.142611,-5.372622,0.172455,-0.006395,-0.096682,-1.477149,0.010766
28.750000,-17.142429,-5.372319,0.172422,-0.006231,-0.096670,-1.478282,0.021148
28.766667,-17.142296,-5.372215,0.172395,-0.006143,-0.096646,-1.478662,0.010153
28.783333,-17.142187,-5.371955,0.172390,-0.006044,-0.096794,-1.479914,0.016902
28.800000,-17.141945,-5.371583,0.172339,-0.005888,-0.096611,-1.480952,0.026656
28.816667,-17.141691,-5.371390,0.172310,-0.005789,-0.096500,-1.481453,0.019129
28.833333,-17.141579,-5.371394,0.172319,-0.005796,-0.096597,-1.481639,0.006757
28.850000,-17.141613,-5.371105,0.172295,-0.005661,-0.096668,-1.482889,0.017460
28.866667,-17.141575,-5.370811,0.172246,-0.005516,-0.096505,-1.483848,0.017800
28.883333,-17.141529,-5.370865,0.172267,-0.005523,-0.096653,-1.483791,0.004264
28.900000,-17.141369,-5.370671,0.172243,-0.005432,-0.096677,-1.484609,0.015122
28.916667,-17.141150,-5.370852,0.172259,-0.005491,-0.096588,-1.483654,0.017089
28.933333,-17.141071,-5.370962,0.172261,-0.005526,-0.096504,-1.483039,0.008082
28.950000,-17.140917,-5.370722,0.172258,-0.005355,-0.096814,-1.484433,0.017142
28.966667,-17.140516,-5.370006,0.172184,-0.005197,-0.096379,-1.486563,0.049211
28.983333,-17.140165,-5.369837,0.172077,-0.004410,-0.096184,-1.486840,0.023366
29.000000,-17.140343,-5.370041,0.172149,-0.004945,-0.096447,-1.486560,0.016202
29.016667,-17.140572,-5.370140,0.172171,-0.005117,-0.096472,-1.486215,0.014955
29.033333,-17.140776,-5.370479,0.172205,-0.005264,-0.096495,-1.484897,0.023768
29.050000,-17.140959,-5.370557,0.172235,-0.005336,-0.096696,-1.484950,0.011935
29.066667,-17.140743,-5.370140,0.172177,-0.005128,-0.096500,-1.486302,0.028177
29.083333,-17.140562,-5.370047,0.172165,-0.005063,-0.096489,-1.486624,0.012220
29.100000,-17.140453,-5.369981,0.172145,-0.004993,-0.096444,-1.486796,0.007610
29.116667,-17.140463,-5.370138,0.172171,-0.005081,-0.096511,-1.486250,0.009402
29.133333,-17.140556,-5.370073,0.172164,-0.005066,-0.096481,-1.486510,0.006809
29.150000,-17.140484,-5.370075,0.172168,-0.005045,-0.096529,-1.486553,0.004350
29.166667,-17.140446,-5.370101,0.172165,-0.005059,-0.096533,-1.486478,0.002761
29.183333,-17.140514,-5.370207,0.172190,-0.005178,-0.096609,-1.486221,0.007571
29.200000,-17.140522,-5.370131,0.172163,-0.005062,-0.096462,-1.486214,0.004572
29.216667,-17.140738,-5.370317,0.172192,-0.005213,-0.096471,-1.485546,0.017062
29.233333,-17.141125,-5.370578,0.172233,-0.005383,-0.096638,-1.484899,0.028027
29.250000,-17.141478,-5.370708,0.172240,-0.005484,-0.096610,-1.484416,0.022556
29.266667,-17.141695,-5.370831,0.172243,-0.005393,-0.096566,-1.483915,0.014990
29.283333,-17.142014,-5.370868,0.172285,-0.005560,-0.096878,-1.484335,0.019245
29.300000,-17.141968,-5.370309,0.172215,-0.005332,-0.096664,-1.486292,0.033643
29.316667,-17.142200,-5.370351,0.172234,-0.005531,-0.096698,-1.486217,0.014182
29.333333,-17.142288,-5.370504,0.172249,-0.005462,-0.096817,-1.485802,0.010586
29.350000,-17.142637,-5.371001,0.172290,-0.005814,-0.096687,-1.483634,0.036456
29.366667,-17.142929,-5.371202,0.172329,-0.005941,-0.096779,-1.483098,0.021236
29.383333,-17.143129,-5.371277,0.172316,-0.005889,-0.096651,-1.482740,0.012838
29.400000,-17.143215,-5.371245,0.172333,-0.005941,-0.096815,-1.483112,0.005485
29.416667,-17.143505,-5.371585,0.172373,-0.006129,-0.096839,-1.481848,0.026809
29.433333,-17.144169,-5.372445,0.172464,-0.006558,-0.096916,-1.478722,0.065169
29.450000,-17.144888,-5.373260,0.172579,-0.007035,-0.097075,-1.475924,0.065187
29.466667,-17.145695,-5.374098,0.172668,-0.007452,-0.097167,-1.472997,0.069808
29.483333,-17.146488,-5.374514,0.172736,-0.007826,-0.097221,-1.471543,0.053748
29.500000,-17.147287,-5.375257,0.172837,-0.008287,-0.097347,-1.468902,0.065508
29.516667,-17.148226,-5.375813,0.172906,-0.008672,-0.097443,-1.467241,0.065445
29.533333,-17.148668,-5.376087,0.172952,-0.008858,-0.097546,-1.466463,0.031219
29.550000,-17.149170,-5.376466,0.173025,-0.009122,-0.097769,-1.465490,0.037708
29.566667,-17.149702,-5.376786,0.173058,-0.009388,-0.097790,-1.464462,0.037256
29.583333,-17.150105,-5.377264,0.173118,-0.009630,-0.097903,-1.462821,0.037526
29.600000,-17.150709,-5.378031,0.173196,-0.010020,-0.097825,-1.459874,0.058566
29.616667,-17.150799,-5.378466,0.173233,-0.010157,-0.097773,-1.458107,0.026641
29.633333,-17.150530,-5.378461,0.173242,-0.010181,-0.097846,-1.458137,0.016138
29.650000,-17.149956,-5.378053,0.173208,-0.010009,-0.097806,-1.459496,0.042282
29.666667,-17.149338,-5.377571,0.173133,-0.009677,-0.097696,-1.461027,0.047027
29.683333,-17.148836,-5.377407,0.173094,-0.009481,-0.097640,-1.461379,0.031657
29.700000,-17.148409,-5.377096,0.173074,-0.009337,-0.097665,-1.462523,0.031720
29.716667,-17.147852,-5.376384,0.172975,-0.008891,-0.097574,-1.465040,0.054211
29.733333,-17.147305,-5.375946,0.172923,-0.008659,-0.097474,-1.466496,0.042072
29.750000,-17.147083,-5.375939,0.172913,-0.008611,-0.097484,-1.466460,0.013282
29.766667,-17.147118,-5.375861,0.172886,-0.008589,-0.097262,-1.466285,0.005124
29.783333,-17.147409,-5.376335,0.172952,-0.008840,-0.097362,-1.464714,0.033397
29.800000,-17.147915,-5.377210,0.173073,-0.009292,-0.097625,-1.461742,0.060654
29.816667,-17.148401,-5.377833,0.173154,-0.009755,-0.097654,-1.459286,0.047433
29.833333,-17.148911,-5.378721,0.173263,-0.010171,-0.097820,-1.456104,0.061388
29.850000,-17.149343,-5.379417,0.173341,-0.010551,-0.097826,-1.453435,0.049214
29.866667,-17.149738,-5.380130,0.173420,-0.010882,-0.097880,-1.450649,0.048894
29.883333,-17.149958,-5.380799,0.173491,-0.011176,-0.097928,-1.448048,0.042215
29.900000,-17.149956,-5.381118,0.173531,-0.011336,-0.097936,-1.446736,0.019141
29.916667,-17.149801,-5.380833,0.173515,-0.011236,-0.098049,-1.447977,0.019459
29.933333,-17.149418,-5.380525,0.173462,-0.011001,-0.097896,-1.448916,0.029508
29.950000,-17.149248,-5.380271,0.173416,-0.010858,-0.097806,-1.449714,0.018314
29.966667,-17.148926,-5.379873,0.173381,-0.010695,-0.097775,-1.451205,0.030715
29.983333,-17.148611,-5.379619,0.173341,-0.010520,-0.097663,-1.452003,0.024271
