t,x,y,z,roll,pitch,yaw,v
0.000000,-19.178141,-5.488460,0.205370,-0.033581,0.010440,-0.165521,0.000000
0.016667,-19.175823,-5.488718,0.205342,-0.033640,0.010533,-0.164019,0.139908
0.033333,-19.173338,-5.488799,0.205177,-0.033426,0.010674,-0.165171,0.149195
0.050000,-19.169905,-5.488535,0.205073,-0.033371,0.010800,-0.167781,0.206598
0.066667,-19.166204,-5.488046,0.205098,-0.033798,0.011068,-0.171891,0.223951
0.083333,-19.161589,-5.487514,0.205406,-0.034738,0.011720,-0.175748,0.278781
0.100000,-19.156284,-5.486465,0.204629,-0.032709,0.011791,-0.180176,0.324425
0.116667,-19.150372,-5.485800,0.204315,-0.031419,0.012492,-0.183996,0.357002
0.133333,-19.143953,-5.484575,0.203670,-0.028018,0.012977,-0.187833,0.392040
0.150000,-19.137333,-5.483988,0.203365,-0.026221,0.013380,-0.191251,0.398785
0.166667,-19.130041,-5.483803,0.202999,-0.023257,0.014892,-0.192754,0.437648
0.183333,-19.122263,-5.483840,0.202775,-0.021539,0.015111,-0.194892,0.466695
0.200000,-19.114250,-5.484476,0.202828,-0.021375,0.015551,-0.196627,0.482277
0.216667,-19.106461,-5.485491,0.203240,-0.022382,0.015997,-0.198635,0.471329
0.233333,-19.098207,-5.485974,0.202703,-0.021621,0.015517,-0.201351,0.496033
0.250000,-19.089691,-5.489655,0.204002,-0.028878,0.014775,-0.201773,0.556683
0.266667,-19.080347,-5.491126,0.203149,-0.026712,0.014745,-0.201168,0.567547
0.283333,-19.071098,-5.494057,0.203670,-0.030156,0.014424,-0.201160,0.582125
0.300000,-19.061878,-5.496229,0.204059,-0.031597,0.014513,-0.200924,0.568343
0.316667,-19.052710,-5.498363,0.204338,-0.033491,0.014137,-0.201405,0.564826
0.333333,-19.043625,-5.500283,0.204176,-0.034611,0.013424,-0.202339,0.557125
0.350000,-19.034624,-5.501700,0.203679,-0.033608,0.013874,-0.202504,0.546700
0.366667,-19.025471,-5.504094,0.203912,-0.035715,0.013382,-0.202862,0.567671
0.383333,-19.016308,-5.506231,0.204018,-0.036717,0.013950,-0.202757,0.564531
0.400000,-19.007559,-5.507976,0.204353,-0.038340,0.014459,-0.203915,0.535277
0.416667,-18.998180,-5.509693,0.204015,-0.038287,0.013864,-0.204503,0.572060
0.433333,-18.988945,-5.511429,0.203548,-0.037806,0.013911,-0.204652,0.563829
0.450000,-18.979414,-5.513760,0.203465,-0.038498,0.013956,-0.203803,0.588713
0.466667,-18.970163,-5.515980,0.203851,-0.039713,0.014271,-0.204079,0.570800
0.483333,-18.961124,-5.517406,0.203475,-0.038321,0.014959,-0.204443,0.549036
0.500000,-18.952019,-5.519077,0.203230,-0.038373,0.014792,-0.204935,0.555473
0.516667,-18.942791,-5.521583,0.203247,-0.041236,0.013870,-0.205284,0.573715
0.533333,-18.933702,-5.523922,0.203659,-0.043769,0.013760,-0.206041,0.563086
0.550000,-18.924616,-5.526304,0.204114,-0.046740,0.013066,-0.206759,0.563608
0.566667,-18.915970,-5.527372,0.203735,-0.046050,0.012854,-0.208496,0.522708
0.583333,-18.907309,-5.529598,0.204088,-0.049661,0.012230,-0.209978,0.536556
0.600000,-18.898834,-5.531012,0.203995,-0.049468,0.013606,-0.211287,0.515489
0.616667,-18.890516,-5.533282,0.204660,-0.052613,0.015592,-0.212935,0.517331
0.633333,-18.881931,-5.535542,0.205352,-0.055017,0.017666,-0.214300,0.532651
0.650000,-18.873510,-5.538324,0.206762,-0.059028,0.019855,-0.215684,0.532122
0.666667,-18.864874,-5.541587,0.208142,-0.065269,0.020695,-0.217162,0.553940
0.683333,-18.856262,-5.543234,0.207945,-0.065341,0.022623,-0.218977,0.526060
0.700000,-18.847513,-5.544619,0.207579,-0.064952,0.023399,-0.221330,0.531475
0.716667,-18.838217,-5.546620,0.207311,-0.065074,0.023489,-0.222204,0.570569
0.733333,-18.828798,-5.547914,0.205966,-0.061133,0.024493,-0.221924,0.570415
0.750000,-18.819220,-5.549795,0.205408,-0.059808,0.024456,-0.220803,0.585695
0.766667,-18.810284,-5.551324,0.205490,-0.059241,0.025521,-0.220913,0.543950
0.783333,-18.800602,-5.552200,0.204452,-0.056087,0.024995,-0.220607,0.583277
0.800000,-18.790831,-5.553388,0.203634,-0.053970,0.024108,-0.220448,0.590597
0.816667,-18.781181,-5.554764,0.203104,-0.052169,0.023466,-0.219976,0.584811
0.833333,-18.772150,-5.556123,0.203206,-0.052330,0.022894,-0.220354,0.547978
0.850000,-18.763258,-5.556539,0.202489,-0.049410,0.022146,-0.221759,0.534108
0.866667,-18.753717,-5.557531,0.201534,-0.047284,0.020438,-0.221690,0.575521
0.883333,-18.744606,-5.558929,0.201600,-0.047504,0.019117,-0.222050,0.553083
0.900000,-18.735741,-5.559859,0.201224,-0.045851,0.018441,-0.222767,0.534836
0.916667,-18.727146,-5.561685,0.201730,-0.048391,0.017657,-0.223456,0.527185
0.933333,-18.718292,-5.563108,0.201892,-0.050163,0.016423,-0.224141,0.538051
0.950000,-18.710215,-5.563623,0.201206,-0.049664,0.015551,-0.227717,0.485643
0.966667,-18.701786,-5.564619,0.201234,-0.050380,0.015745,-0.228687,0.509231
0.983333,-18.693798,-5.565059,0.201136,-0.050086,0.016445,-0.231650,0.480006
1.000000,-18.685844,-5.565873,0.201396,-0.051058,0.017409,-0.233939,0.479708
1.016667,-18.677752,-5.566797,0.201388,-0.052525,0.017573,-0.236399,0.488728
1.033333,-18.669302,-5.567630,0.200836,-0.051867,0.018265,-0.238010,0.509431
1.050000,-18.660170,-5.567829,0.199877,-0.049162,0.017619,-0.239059,0.548074
1.066667,-18.651091,-5.569126,0.199947,-0.050200,0.017825,-0.239590,0.550269
1.083333,-18.642469,-5.568991,0.199311,-0.047552,0.017834,-0.241766,0.517337
1.100000,-18.633909,-5.570340,0.199648,-0.050583,0.017285,-0.243276,0.519954
1.116667,-18.625732,-5.570342,0.199304,-0.049969,0.017807,-0.246350,0.490608
1.133333,-18.617085,-5.571157,0.199081,-0.050152,0.017584,-0.248032,0.521174
1.150000,-18.608612,-5.571645,0.198993,-0.050099,0.016417,-0.251767,0.509190
1.166667,-18.600342,-5.572731,0.199172,-0.049616,0.016491,-0.253990,0.500474
1.183333,-18.591602,-5.574956,0.199510,-0.052016,0.014502,-0.255503,0.541094
1.200000,-18.582832,-5.577107,0.199631,-0.052399,0.013930,-0.255730,0.541802
1.216667,-18.573778,-5.578842,0.199094,-0.051300,0.012181,-0.256087,0.553132
1.233333,-18.565378,-5.580886,0.199238,-0.052199,0.011354,-0.257247,0.518707
1.250000,-18.556732,-5.583065,0.199571,-0.052718,0.010850,-0.256909,0.534970
1.266667,-18.548077,-5.585135,0.199416,-0.052323,0.010196,-0.257176,0.533977
1.283333,-18.539295,-5.588590,0.200307,-0.056623,0.008258,-0.257394,0.566214
1.300000,-18.530405,-5.590072,0.199606,-0.053517,0.007406,-0.257125,0.540765
1.316667,-18.522352,-5.591882,0.199528,-0.052725,0.006867,-0.258239,0.495231
1.333333,-18.513319,-5.593618,0.198763,-0.050880,0.005373,-0.258082,0.551912
1.350000,-18.504787,-5.595036,0.198271,-0.048255,0.005750,-0.258731,0.518908
1.366667,-18.496414,-5.597741,0.198421,-0.050382,0.005172,-0.259896,0.527971
1.383333,-18.487766,-5.600459,0.198974,-0.052973,0.005321,-0.259273,0.543899
1.400000,-18.479156,-5.603301,0.199416,-0.055338,0.004735,-0.258742,0.544001
1.416667,-18.470306,-5.605519,0.199172,-0.055307,0.004736,-0.258054,0.547432
1.433333,-18.461477,-5.607862,0.199303,-0.055997,0.004521,-0.258573,0.548085
1.450000,-18.452112,-5.610433,0.198929,-0.055158,0.003700,-0.257796,0.582681
1.466667,-18.442677,-5.613792,0.198933,-0.057004,0.001662,-0.257445,0.600949
1.483333,-18.433582,-5.617589,0.199779,-0.060369,0.000982,-0.255772,0.591305
1.500000,-18.424236,-5.620575,0.199226,-0.059474,0.000121,-0.254569,0.588693
1.516667,-18.413870,-5.623508,0.197962,-0.056903,-0.002255,-0.251463,0.646395
1.533333,-18.404213,-5.626467,0.197426,-0.055361,-0.003127,-0.249266,0.606009
1.550000,-18.394615,-5.630467,0.197861,-0.057593,-0.004770,-0.246892,0.623870
1.566667,-18.384918,-5.633472,0.197251,-0.056437,-0.006509,-0.245056,0.609114
1.583333,-18.375879,-5.636358,0.197285,-0.055872,-0.006483,-0.243521,0.569314
1.600000,-18.366795,-5.639042,0.197166,-0.054481,-0.005925,-0.242122,0.568367
1.616667,-18.357731,-5.642481,0.197676,-0.054625,-0.005249,-0.239376,0.581652
1.633333,-18.348516,-5.645967,0.198140,-0.055215,-0.004940,-0.236899,0.591110
1.650000,-18.338247,-5.649794,0.197577,-0.055854,-0.007056,-0.233568,0.657547
1.666667,-18.328754,-5.652865,0.197321,-0.055730,-0.007909,-0.231743,0.598632
1.683333,-18.319521,-5.655518,0.196915,-0.054510,-0.007517,-0.230160,0.576417
1.700000,-18.310696,-5.658065,0.197138,-0.055017,-0.007530,-0.229351,0.551142
1.716667,-18.301413,-5.660602,0.197128,-0.055451,-0.008593,-0.228724,0.577406
1.733333,-18.291954,-5.663218,0.197272,-0.055731,-0.009777,-0.227626,0.588825
1.750000,-18.282560,-5.665430,0.197165,-0.055910,-0.011033,-0.226714,0.579031
1.766667,-18.273712,-5.667276,0.196538,-0.054164,-0.011827,-0.226668,0.542326
1.783333,-18.265017,-5.669431,0.196447,-0.053028,-0.010923,-0.226164,0.537517
1.800000,-18.255487,-5.672104,0.195704,-0.052061,-0.011959,-0.225146,0.593810
1.816667,-18.246422,-5.675390,0.196455,-0.054036,-0.011174,-0.223734,0.578575
1.833333,-18.236423,-5.677575,0.195357,-0.051569,-0.012370,-0.222322,0.614050
1.850000,-18.227345,-5.680104,0.195319,-0.050499,-0.011858,-0.220990,0.565480
1.866667,-18.217970,-5.682638,0.195340,-0.050159,-0.012319,-0.219963,0.582662
1.883333,-18.208235,-5.685684,0.194585,-0.049843,-0.014558,-0.218079,0.612031
1.900000,-18.199081,-5.688964,0.194827,-0.050798,-0.015402,-0.216132,0.583411
1.916667,-18.190325,-5.692636,0.195901,-0.053867,-0.015908,-0.214318,0.569704
1.933333,-18.182379,-5.697484,0.198637,-0.063321,-0.016106,-0.213780,0.558521
1.950000,-18.174278,-5.702033,0.200947,-0.071868,-0.015834,-0.213253,0.557411
1.966667,-18.166016,-5.706630,0.203490,-0.081685,-0.015613,-0.212444,0.567326
1.983333,-18.156620,-5.709616,0.203423,-0.084297,-0.016757,-0.210905,0.591511
2.000000,-18.147675,-5.712038,0.204020,-0.086477,-0.016664,-0.210523,0.556058
2.016667,-18.138941,-5.713382,0.204062,-0.086243,-0.016393,-0.210595,0.530195
2.033333,-18.130089,-5.714459,0.203626,-0.084782,-0.016237,-0.211247,0.535038
2.050000,-18.121925,-5.715556,0.203666,-0.084421,-0.014761,-0.212689,0.494204
2.066667,-18.113674,-5.716696,0.204154,-0.084766,-0.013016,-0.214103,0.499775
2.083333,-18.105165,-5.718012,0.204546,-0.085235,-0.011782,-0.215654,0.516596
2.100000,-18.097122,-5.719204,0.205521,-0.086573,-0.009698,-0.217283,0.487865
2.116667,-18.088900,-5.719790,0.205410,-0.086117,-0.009100,-0.219941,0.494606
2.133333,-18.080111,-5.720323,0.204205,-0.083648,-0.009014,-0.221616,0.528311
2.150000,-18.071871,-5.721219,0.204013,-0.083021,-0.008100,-0.223929,0.497302
2.166667,-18.063560,-5.722013,0.203746,-0.081774,-0.007236,-0.226294,0.500889
2.183333,-18.055336,-5.723591,0.204310,-0.083005,-0.006332,-0.228054,0.502474
2.200000,-18.047176,-5.725967,0.205661,-0.087566,-0.006474,-0.229396,0.509905
2.216667,-18.038736,-5.727238,0.205408,-0.086398,-0.006860,-0.230183,0.512109
2.233333,-18.030319,-5.728889,0.205242,-0.085718,-0.006213,-0.230212,0.514655
2.250000,-18.021677,-5.732275,0.206734,-0.092107,-0.007111,-0.230333,0.556911
2.266667,-18.013006,-5.734056,0.206706,-0.092859,-0.006921,-0.230929,0.531115
2.283333,-18.005087,-5.736287,0.207531,-0.096760,-0.006162,-0.232817,0.493640
2.300000,-17.996990,-5.738230,0.208225,-0.099416,-0.005028,-0.234562,0.499596
2.316667,-17.988884,-5.739901,0.208649,-0.099648,-0.004267,-0.235992,0.496604
2.333333,-17.980402,-5.742116,0.209173,-0.100355,-0.004270,-0.236784,0.525984
2.350000,-17.971846,-5.744144,0.209293,-0.099457,-0.004532,-0.237230,0.527605
2.366667,-17.963198,-5.746533,0.209714,-0.099276,-0.003825,-0.236460,0.538309
2.383333,-17.954515,-5.749762,0.210865,-0.102188,-0.003377,-0.235727,0.555788
2.400000,-17.946096,-5.752502,0.211690,-0.104058,-0.002978,-0.235244,0.531237
2.416667,-17.937775,-5.754692,0.211976,-0.103399,-0.001548,-0.235102,0.516293
2.433333,-17.929873,-5.757318,0.213077,-0.105259,-0.000117,-0.235196,0.499622
2.450000,-17.921566,-5.759529,0.213935,-0.105644,0.000845,-0.234863,0.515745
2.466667,-17.914066,-5.761145,0.215657,-0.108221,0.002907,-0.236515,0.460315
2.483333,-17.906282,-5.761747,0.216010,-0.109597,0.002464,-0.240147,0.468429
2.500000,-17.898664,-5.761812,0.215939,-0.109167,0.002481,-0.243991,0.457093
2.516667,-17.891001,-5.761118,0.214750,-0.105886,0.001900,-0.249143,0.461704
2.533333,-17.883564,-5.761026,0.214057,-0.103636,0.001806,-0.254311,0.446239
2.550000,-17.875708,-5.760810,0.212870,-0.099406,0.000678,-0.258263,0.471560
2.566667,-17.868399,-5.762114,0.213288,-0.100729,-0.000238,-0.261815,0.445454
2.583333,-17.860502,-5.761811,0.211994,-0.095591,-0.000746,-0.264912,0.474132
2.600000,-17.852743,-5.762339,0.211759,-0.093735,-0.000273,-0.267526,0.466622
2.616667,-17.845139,-5.762618,0.211296,-0.091671,-0.000366,-0.270869,0.456583
2.633333,-17.837046,-5.763054,0.210872,-0.088459,-0.000385,-0.272566,0.486278
2.650000,-17.828648,-5.764713,0.210982,-0.088032,-0.001042,-0.273527,0.513615
2.666667,-17.820646,-5.767609,0.212132,-0.092606,-0.001902,-0.275068,0.510554
2.683333,-17.813034,-5.769771,0.212850,-0.094586,-0.001861,-0.277018,0.474797
2.700000,-17.804783,-5.772491,0.213281,-0.098424,-0.003312,-0.278320,0.521275
2.716667,-17.796272,-5.773844,0.212635,-0.096405,-0.003893,-0.279923,0.517051
2.733333,-17.787163,-5.776316,0.212714,-0.097630,-0.006230,-0.279472,0.566336
2.750000,-17.778046,-5.778210,0.212201,-0.096244,-0.007633,-0.279056,0.558713
2.766667,-17.768980,-5.780607,0.212348,-0.096649,-0.009067,-0.278763,0.562631
2.783333,-17.760334,-5.782641,0.212463,-0.097008,-0.010150,-0.279031,0.532925
2.800000,-17.751465,-5.783993,0.211645,-0.094694,-0.010782,-0.279399,0.538292
2.816667,-17.741926,-5.784647,0.209972,-0.089244,-0.012416,-0.279869,0.573666
2.833333,-17.733070,-5.786254,0.209341,-0.087888,-0.013187,-0.280737,0.540021
2.850000,-17.724226,-5.787375,0.208704,-0.083989,-0.012645,-0.281097,0.534912
2.866667,-17.715208,-5.790501,0.209322,-0.087514,-0.014441,-0.281255,0.572647
2.883333,-17.706680,-5.792508,0.209608,-0.086889,-0.014790,-0.281665,0.525651
2.900000,-17.697868,-5.794224,0.208925,-0.084311,-0.015678,-0.282343,0.538645
2.916667,-17.688721,-5.796505,0.208539,-0.082675,-0.017178,-0.282011,0.565667
2.933333,-17.679714,-5.799404,0.208234,-0.082703,-0.019028,-0.281454,0.567697
2.950000,-17.670866,-5.802812,0.208880,-0.085204,-0.020908,-0.281132,0.568898
2.966667,-17.661795,-5.805227,0.208567,-0.085169,-0.023263,-0.280852,0.563241
2.983333,-17.653500,-5.807111,0.208457,-0.084431,-0.024139,-0.281563,0.510379
3.000000,-17.644508,-5.807879,0.206311,-0.078639,-0.026352,-0.282830,0.541442
3.016667,-17.635721,-5.809503,0.205053,-0.075157,-0.028037,-0.283301,0.536154
3.033333,-17.627167,-5.813749,0.205775,-0.078864,-0.030362,-0.281859,0.573021
3.050000,-17.617924,-5.816945,0.205224,-0.078009,-0.032101,-0.279587,0.586784
3.066667,-17.608902,-5.820603,0.205473,-0.078998,-0.033407,-0.277149,0.584126
3.083333,-17.599390,-5.822808,0.204250,-0.076285,-0.036145,-0.275934,0.585849
3.100000,-17.590628,-5.825734,0.204643,-0.077094,-0.037620,-0.274816,0.554268
3.116667,-17.582373,-5.829073,0.205615,-0.079954,-0.038295,-0.273831,0.534290
3.133333,-17.573469,-5.831772,0.204989,-0.078546,-0.038918,-0.272196,0.558223
3.150000,-17.564274,-5.835167,0.204774,-0.079449,-0.040361,-0.270725,0.588124
3.166667,-17.555014,-5.838444,0.204522,-0.080203,-0.041522,-0.268977,0.589362
3.183333,-17.546146,-5.842702,0.206060,-0.085493,-0.042438,-0.267538,0.590213
3.200000,-17.537107,-5.845640,0.206111,-0.085527,-0.043654,-0.267178,0.570253
3.216667,-17.529020,-5.848337,0.206932,-0.086542,-0.043561,-0.267561,0.511510
3.233333,-17.520586,-5.850638,0.207235,-0.085561,-0.043539,-0.267052,0.524556
3.250000,-17.512001,-5.853358,0.207885,-0.085831,-0.043100,-0.265854,0.540332
3.266667,-17.503473,-5.854966,0.207547,-0.083034,-0.043213,-0.265828,0.520676
3.283333,-17.495016,-5.856831,0.207568,-0.081764,-0.043003,-0.265483,0.519628
3.300000,-17.486210,-5.859080,0.207750,-0.081533,-0.043490,-0.264945,0.545336
3.316667,-17.478046,-5.861900,0.209134,-0.085673,-0.043867,-0.265606,0.518208
3.333333,-17.469398,-5.863045,0.208501,-0.081613,-0.044247,-0.265599,0.523402
3.350000,-17.461178,-5.864138,0.207792,-0.077574,-0.043672,-0.266328,0.497576
3.366667,-17.451994,-5.864706,0.205359,-0.068604,-0.044029,-0.266004,0.552086
3.383333,-17.443743,-5.866931,0.205424,-0.065971,-0.042706,-0.265084,0.512769
3.400000,-17.435154,-5.869727,0.205495,-0.064721,-0.042374,-0.264147,0.541932
3.416667,-17.426729,-5.872872,0.206130,-0.065519,-0.042537,-0.263407,0.539573
3.433333,-17.418171,-5.875773,0.206286,-0.064607,-0.041989,-0.262269,0.542187
3.450000,-17.408628,-5.877114,0.204245,-0.057056,-0.042172,-0.260513,0.578177
3.466667,-17.400301,-5.879462,0.204098,-0.055373,-0.042130,-0.259859,0.519129
3.483333,-17.392174,-5.882382,0.204909,-0.056874,-0.041549,-0.259334,0.518154
3.500000,-17.384218,-5.884242,0.204983,-0.055996,-0.041562,-0.260425,0.490194
3.516667,-17.375801,-5.886862,0.205094,-0.057332,-0.043102,-0.261432,0.528932
3.533333,-17.367922,-5.889749,0.206141,-0.059636,-0.042780,-0.262132,0.503486
3.550000,-17.360001,-5.892675,0.207376,-0.062457,-0.041973,-0.262847,0.506679
3.566667,-17.351875,-5.894487,0.207914,-0.060125,-0.039382,-0.261989,0.499487
3.583333,-17.343493,-5.899030,0.209405,-0.067574,-0.040231,-0.261940,0.572076
3.600000,-17.335064,-5.901474,0.209727,-0.067233,-0.038880,-0.261605,0.526542
3.616667,-17.327129,-5.903856,0.210332,-0.067050,-0.038638,-0.262561,0.497077
3.633333,-17.318558,-5.906795,0.210680,-0.068005,-0.039243,-0.262328,0.543675
3.650000,-17.310482,-5.910213,0.211932,-0.071559,-0.038784,-0.262413,0.526155
3.666667,-17.303061,-5.913083,0.213511,-0.075986,-0.037754,-0.264204,0.477438
3.683333,-17.295486,-5.915913,0.214894,-0.079757,-0.037808,-0.266087,0.485122
3.700000,-17.288303,-5.917860,0.216012,-0.081751,-0.036903,-0.268217,0.446535
3.716667,-17.281290,-5.920017,0.217804,-0.086259,-0.036368,-0.271114,0.440255
3.733333,-17.273066,-5.920928,0.217399,-0.083830,-0.037101,-0.273543,0.496489
3.750000,-17.265507,-5.921649,0.217397,-0.082103,-0.037176,-0.276951,0.455590
3.766667,-17.257612,-5.923339,0.217916,-0.082920,-0.037804,-0.279445,0.484396
3.783333,-17.249800,-5.925029,0.218294,-0.083505,-0.037066,-0.281420,0.479597
3.800000,-17.241955,-5.927435,0.219291,-0.086890,-0.035808,-0.283131,0.492337
3.816667,-17.234253,-5.929211,0.220062,-0.087960,-0.033204,-0.284466,0.474236
3.833333,-17.225960,-5.930081,0.219845,-0.086420,-0.032340,-0.286819,0.500318
3.850000,-17.218237,-5.931686,0.220464,-0.088405,-0.031911,-0.290398,0.473278
3.866667,-17.210249,-5.933484,0.221102,-0.090051,-0.031321,-0.293197,0.491266
3.883333,-17.202631,-5.934530,0.221577,-0.089877,-0.030117,-0.296735,0.461363
3.900000,-17.194803,-5.936281,0.221974,-0.092332,-0.030680,-0.300579,0.481278
3.916667,-17.186819,-5.937624,0.222069,-0.092287,-0.030338,-0.303682,0.485777
3.933333,-17.178522,-5.939770,0.222150,-0.094210,-0.030799,-0.305998,0.514204
3.950000,-17.170567,-5.940886,0.222217,-0.093945,-0.030272,-0.309247,0.482001
3.966667,-17.162678,-5.942050,0.222996,-0.094641,-0.029569,-0.312432,0.478456
3.983333,-17.155132,-5.942932,0.223300,-0.094511,-0.028856,-0.316314,0.455812
4.000000,-17.147404,-5.943916,0.223795,-0.095166,-0.028310,-0.319812,0.467456
4.016667,-17.140759,-5.943822,0.224702,-0.095565,-0.026578,-0.325424,0.398752
4.033333,-17.133986,-5.942639,0.224661,-0.094632,-0.026328,-0.333322,0.412527
4.050000,-17.127748,-5.941107,0.224783,-0.092853,-0.024692,-0.341361,0.385354
4.066667,-17.121262,-5.940068,0.224788,-0.092720,-0.024115,-0.349323,0.394170
4.083333,-17.114851,-5.938972,0.224770,-0.091050,-0.023059,-0.356728,0.390219
4.100000,-17.109026,-5.936868,0.224437,-0.088226,-0.021465,-0.366358,0.371608
4.116667,-17.103292,-5.935502,0.225134,-0.088971,-0.020112,-0.375287,0.353640
4.133333,-17.097700,-5.933551,0.225156,-0.087418,-0.017849,-0.384193,0.355359
4.150000,-17.091612,-5.932099,0.224956,-0.087347,-0.017289,-0.393244,0.375547
4.166667,-17.085878,-5.930060,0.224759,-0.086294,-0.015706,-0.403035,0.365115
4.183333,-17.079777,-5.928520,0.225047,-0.086033,-0.014823,-0.412302,0.377573
4.200000,-17.073792,-5.927725,0.225284,-0.086961,-0.014013,-0.420680,0.362269
4.216667,-17.068022,-5.926399,0.225521,-0.086844,-0.012095,-0.429539,0.355216
4.233333,-17.062241,-5.924045,0.225311,-0.083063,-0.009650,-0.438825,0.374527
4.250000,-17.056343,-5.922877,0.224578,-0.084806,-0.010939,-0.449937,0.360722
4.266667,-17.050093,-5.921103,0.224245,-0.082475,-0.010192,-0.458750,0.389840
4.283333,-17.044622,-5.919665,0.224715,-0.083633,-0.009095,-0.468898,0.339355
4.300000,-17.038670,-5.918159,0.224060,-0.083873,-0.009653,-0.479412,0.368435
4.316667,-17.032679,-5.916631,0.224148,-0.083209,-0.008872,-0.488538,0.370963
4.333333,-17.027142,-5.916831,0.224618,-0.085700,-0.008708,-0.496043,0.332440
4.350000,-17.021244,-5.917309,0.225357,-0.089089,-0.008096,-0.502507,0.355008
4.366667,-17.014967,-5.917789,0.226068,-0.091726,-0.007614,-0.508742,0.377728
4.383333,-17.008730,-5.916941,0.224876,-0.091666,-0.008429,-0.517920,0.377667
4.400000,-17.002472,-5.916274,0.224396,-0.091431,-0.008764,-0.525500,0.377608
4.416667,-16.996666,-5.916773,0.224923,-0.094606,-0.009280,-0.533125,0.349641
4.433333,-16.989853,-5.916472,0.224217,-0.091700,-0.008628,-0.539602,0.409180
4.450000,-16.983011,-5.916963,0.224189,-0.090472,-0.007492,-0.545946,0.411554
4.466667,-16.976801,-5.917184,0.225205,-0.090852,-0.005893,-0.554268,0.372856
4.483333,-16.970886,-5.918195,0.226528,-0.093867,-0.005049,-0.562657,0.360022
4.500000,-16.964994,-5.918604,0.227736,-0.095692,-0.003934,-0.571493,0.354361
4.516667,-16.958956,-5.918590,0.228772,-0.095708,-0.001758,-0.579432,0.362321
4.533333,-16.952944,-5.917786,0.229527,-0.094413,0.001091,-0.588648,0.363929
4.550000,-16.946638,-5.917110,0.230040,-0.093233,0.002717,-0.598000,0.380508
4.566667,-16.940342,-5.917742,0.230979,-0.094368,0.003574,-0.605376,0.379670
4.583333,-16.933493,-5.917950,0.229921,-0.093553,0.001892,-0.614831,0.411146
4.600000,-16.926653,-5.918033,0.229364,-0.092116,0.001510,-0.623536,0.410415
4.616667,-16.919785,-5.918257,0.229044,-0.091573,0.000900,-0.632549,0.412321
4.633333,-16.912846,-5.919322,0.228810,-0.092477,-0.000203,-0.640927,0.421218
4.650000,-16.905685,-5.920218,0.228383,-0.092796,-0.001400,-0.649432,0.432962
4.666667,-16.899172,-5.920101,0.228287,-0.092274,-0.000896,-0.659520,0.390879
4.683333,-16.892801,-5.919530,0.228211,-0.091257,0.000794,-0.669760,0.383764
4.700000,-16.886206,-5.919919,0.227429,-0.090687,-0.000081,-0.679652,0.396425
4.716667,-16.879969,-5.919276,0.226927,-0.088122,0.000667,-0.690371,0.376207
4.733333,-16.873714,-5.918759,0.226637,-0.085263,0.002564,-0.699880,0.376531
4.750000,-16.867828,-5.918377,0.226535,-0.083686,0.004391,-0.710029,0.353909
4.766667,-16.861784,-5.917500,0.226606,-0.080024,0.007922,-0.719736,0.366460
4.783333,-16.856016,-5.919668,0.227062,-0.083807,0.008560,-0.727904,0.369703
4.800000,-16.849413,-5.921635,0.227185,-0.083880,0.008791,-0.734269,0.413398
4.816667,-16.842657,-5.922877,0.226103,-0.082649,0.008293,-0.742263,0.412144
4.833333,-16.836624,-5.924479,0.226337,-0.084120,0.009181,-0.750195,0.374524
4.850000,-16.828962,-5.924974,0.224006,-0.078035,0.009147,-0.758295,0.460669
4.866667,-16.821369,-5.925565,0.222361,-0.072769,0.009154,-0.766968,0.456966
4.883333,-16.814415,-5.927197,0.221364,-0.070999,0.009348,-0.775070,0.428584
4.900000,-16.807432,-5.928827,0.220470,-0.068256,0.010775,-0.782559,0.430229
4.916667,-16.800495,-5.931727,0.219615,-0.066811,0.012261,-0.787854,0.451142
4.933333,-16.793922,-5.935535,0.219835,-0.068235,0.013594,-0.793522,0.455756
4.950000,-16.786615,-5.938821,0.218967,-0.065235,0.015681,-0.798042,0.480724
4.966667,-16.779436,-5.942796,0.218740,-0.063308,0.017138,-0.802247,0.492372
4.983333,-16.772690,-5.947510,0.218784,-0.063067,0.019253,-0.805031,0.493805
5.000000,-16.765850,-5.952402,0.218383,-0.062376,0.019883,-0.808511,0.504528
5.016667,-16.757666,-5.958014,0.217354,-0.058779,0.019123,-0.807951,0.595434
5.033333,-16.750196,-5.963342,0.216970,-0.056678,0.019947,-0.808238,0.550475
5.050000,-16.743326,-5.968981,0.217152,-0.057167,0.020347,-0.809547,0.533309
5.066667,-16.736460,-5.974480,0.216858,-0.055940,0.021208,-0.810892,0.527816
5.083333,-16.729221,-5.981082,0.216008,-0.055897,0.020302,-0.810486,0.587811
5.100000,-16.721722,-5.986733,0.215047,-0.053734,0.020266,-0.811495,0.563423
5.116667,-16.714222,-5.992269,0.214359,-0.051578,0.020788,-0.812328,0.559300
5.133333,-16.707464,-5.998847,0.214172,-0.052640,0.020737,-0.813460,0.565837
5.150000,-16.700039,-6.004421,0.213474,-0.050691,0.022356,-0.813760,0.557070
5.166667,-16.692657,-6.009758,0.213351,-0.049266,0.022192,-0.815255,0.546516
5.183333,-16.686941,-6.016755,0.215813,-0.057010,0.021934,-0.815504,0.542138
5.200000,-16.681002,-6.022756,0.217792,-0.062968,0.022135,-0.816934,0.506578
5.216667,-16.674496,-6.028065,0.218776,-0.065350,0.022666,-0.818900,0.503836
5.233333,-16.668461,-6.033657,0.219525,-0.068087,0.022933,-0.820750,0.493657
5.250000,-16.661966,-6.039303,0.219384,-0.068607,0.022953,-0.822750,0.516344
5.266667,-16.655338,-6.045535,0.218420,-0.069718,0.021664,-0.825129,0.545855
5.283333,-16.648621,-6.051059,0.217524,-0.067865,0.022676,-0.827726,0.521822
5.300000,-16.642036,-6.056550,0.216282,-0.065140,0.022876,-0.830842,0.514393
5.316667,-16.635418,-6.062769,0.215303,-0.063549,0.021952,-0.833394,0.544948
5.333333,-16.628832,-6.069690,0.215292,-0.063020,0.021193,-0.832627,0.573225
5.350000,-16.625208,-6.078271,0.217459,-0.062931,0.024931,-0.824214,0.558901
5.366667,-16.620083,-6.087911,0.216734,-0.063388,0.022218,-0.818210,0.655047
5.383333,-16.614529,-6.096343,0.215279,-0.061276,0.020221,-0.813666,0.605811
5.400000,-16.609285,-6.103873,0.214527,-0.057910,0.021147,-0.809824,0.550551
5.416667,-16.603943,-6.111856,0.214490,-0.055782,0.021246,-0.805453,0.576308
5.433333,-16.599112,-6.120258,0.214792,-0.056630,0.021931,-0.800111,0.581564
5.450000,-16.594414,-6.128185,0.215280,-0.057945,0.023409,-0.795376,0.552841
5.466667,-16.589340,-6.135941,0.215830,-0.058924,0.024753,-0.790840,0.556070
5.483333,-16.584122,-6.143554,0.216472,-0.060053,0.025994,-0.786934,0.553825
5.500000,-16.579168,-6.150743,0.217792,-0.062292,0.027912,-0.783609,0.523830
5.516667,-16.574200,-6.158126,0.218671,-0.064837,0.028795,-0.780125,0.533947
5.533333,-16.568062,-6.164917,0.218249,-0.063364,0.027337,-0.778449,0.549229
5.550000,-16.562138,-6.171790,0.219059,-0.064531,0.027156,-0.776839,0.544393
5.566667,-16.556093,-6.178330,0.219020,-0.064532,0.026060,-0.775888,0.534337
5.583333,-16.550583,-6.184409,0.220117,-0.066343,0.026987,-0.775275,0.492273
5.600000,-16.545519,-6.190364,0.221879,-0.068523,0.029468,-0.773571,0.469033
5.616667,-16.540192,-6.195871,0.223569,-0.069245,0.032493,-0.772785,0.459720
5.633333,-16.534248,-6.202308,0.224627,-0.070967,0.032960,-0.771717,0.525661
5.650000,-16.528234,-6.208518,0.225987,-0.072517,0.034330,-0.771187,0.518696
5.666667,-16.522522,-6.215106,0.228145,-0.075542,0.037191,-0.769576,0.523186
5.683333,-16.516573,-6.221491,0.229398,-0.078156,0.038407,-0.768793,0.523629
5.700000,-16.510408,-6.228191,0.230309,-0.081306,0.038369,-0.767816,0.546271
5.716667,-16.504107,-6.234826,0.230673,-0.083908,0.036510,-0.767190,0.549014
5.733333,-16.497564,-6.241520,0.230401,-0.085684,0.033746,-0.766605,0.561615
5.750000,-16.491131,-6.247022,0.230503,-0.086305,0.032881,-0.768031,0.507910
5.766667,-16.484367,-6.252191,0.229940,-0.086025,0.031235,-0.769680,0.510748
5.783333,-16.477646,-6.257152,0.229972,-0.086246,0.029222,-0.772461,0.501243
5.800000,-16.469982,-6.261913,0.228227,-0.085254,0.024226,-0.776575,0.541353
5.816667,-16.462255,-6.266628,0.226389,-0.084085,0.018737,-0.781146,0.543099
5.833333,-16.455595,-6.271213,0.225928,-0.084399,0.017230,-0.784955,0.485139
5.850000,-16.448544,-6.275603,0.225382,-0.083215,0.016240,-0.788876,0.498403
5.866667,-16.440905,-6.281003,0.224362,-0.084309,0.011812,-0.792852,0.561297
5.883333,-16.432972,-6.285317,0.222768,-0.082744,0.007715,-0.798391,0.541774
5.900000,-16.425894,-6.289598,0.222026,-0.082712,0.005805,-0.803544,0.496327
5.916667,-16.418715,-6.294317,0.221102,-0.083188,0.002655,-0.808577,0.515488
5.933333,-16.411995,-6.299118,0.220303,-0.083053,-0.000085,-0.813160,0.495485
5.950000,-16.405790,-6.303432,0.220327,-0.082814,-0.000664,-0.816738,0.453449
5.966667,-16.398897,-6.308168,0.219171,-0.082231,-0.003477,-0.820198,0.501798
5.983333,-16.391848,-6.313417,0.217851,-0.082542,-0.007977,-0.824410,0.527330
6.000000,-16.384912,-6.318275,0.216985,-0.082692,-0.011274,-0.828896,0.508058
6.016667,-16.378269,-6.323195,0.216782,-0.083119,-0.012350,-0.832202,0.495973
6.033333,-16.371458,-6.328372,0.216111,-0.084707,-0.015780,-0.836310,0.513353
6.050000,-16.364042,-6.332624,0.214946,-0.082963,-0.018870,-0.841908,0.512896
6.066667,-16.357357,-6.336547,0.214487,-0.081936,-0.020756,-0.847645,0.465061
6.083333,-16.350643,-6.341248,0.214084,-0.081739,-0.023868,-0.852532,0.491752
6.100000,-16.343317,-6.345613,0.212071,-0.079203,-0.028877,-0.858235,0.511674
6.116667,-16.336639,-6.349797,0.211150,-0.078317,-0.031275,-0.863854,0.472816
6.133333,-16.330378,-6.354064,0.210415,-0.077817,-0.032960,-0.868503,0.454670
6.150000,-16.324024,-6.358628,0.210069,-0.078537,-0.034563,-0.873708,0.469342
6.166667,-16.316584,-6.363629,0.208109,-0.076636,-0.039222,-0.879264,0.537905
6.183333,-16.309420,-6.368557,0.206439,-0.075595,-0.043026,-0.884385,0.521738
6.200000,-16.303598,-6.373387,0.206750,-0.078102,-0.043364,-0.889415,0.453841
6.216667,-16.297329,-6.378214,0.206929,-0.079449,-0.043793,-0.894438,0.474727
6.233333,-16.290693,-6.382847,0.206896,-0.078571,-0.043614,-0.899336,0.485595
6.250000,-16.284742,-6.387456,0.207334,-0.080369,-0.043543,-0.904525,0.451609
6.266667,-16.278540,-6.392152,0.207750,-0.081683,-0.043242,-0.909705,0.466786
6.283333,-16.272257,-6.396212,0.208091,-0.081061,-0.041654,-0.916049,0.448821
6.300000,-16.264833,-6.401017,0.206960,-0.078415,-0.044095,-0.922707,0.530586
6.316667,-16.258512,-6.406017,0.207200,-0.079738,-0.045651,-0.929449,0.483570
6.333333,-16.252203,-6.410392,0.207473,-0.079665,-0.045956,-0.936534,0.460659
6.350000,-16.245094,-6.415002,0.207159,-0.077562,-0.047151,-0.942526,0.508360
6.366667,-16.239128,-6.420344,0.208119,-0.081358,-0.048399,-0.948834,0.480515
6.383333,-16.233006,-6.425370,0.208778,-0.083772,-0.049944,-0.955503,0.475254
6.400000,-16.227188,-6.430398,0.209615,-0.087690,-0.051608,-0.962704,0.461359
6.416667,-16.221457,-6.435260,0.210253,-0.091325,-0.052513,-0.969939,0.450971
6.433333,-16.214418,-6.439048,0.209736,-0.088888,-0.052934,-0.977758,0.479551
6.450000,-16.208277,-6.443624,0.209979,-0.089480,-0.053540,-0.984675,0.459545
6.466667,-16.200935,-6.447742,0.208872,-0.085646,-0.054133,-0.990455,0.505061
6.483333,-16.194412,-6.451908,0.208437,-0.084704,-0.053852,-0.996859,0.464370
6.500000,-16.188572,-6.456051,0.209154,-0.087337,-0.053435,-1.004848,0.429642
6.516667,-16.182562,-6.460120,0.209134,-0.087592,-0.052766,-1.012226,0.435471
6.533333,-16.177341,-6.464844,0.210288,-0.092620,-0.052572,-1.020199,0.422451
6.550000,-16.171890,-6.469820,0.211708,-0.097827,-0.053054,-1.028174,0.442859
6.566667,-16.165174,-6.474151,0.211226,-0.095110,-0.052394,-1.034183,0.479460
6.583333,-16.159164,-6.479513,0.211561,-0.096825,-0.052549,-1.039140,0.483260
6.600000,-16.152679,-6.484206,0.211024,-0.095527,-0.054662,-1.046456,0.480282
6.616667,-16.146591,-6.488711,0.210945,-0.093968,-0.055082,-1.052445,0.454448
6.633333,-16.140963,-6.493275,0.210984,-0.092754,-0.055367,-1.058581,0.434780
6.650000,-16.136171,-6.498416,0.211424,-0.092215,-0.054996,-1.063343,0.421642
6.666667,-16.131502,-6.503560,0.212234,-0.093033,-0.054639,-1.068902,0.416810
6.683333,-16.125937,-6.508201,0.212783,-0.091445,-0.054588,-1.073772,0.434825
6.700000,-16.120604,-6.513779,0.213285,-0.093618,-0.056672,-1.077419,0.463031
6.716667,-16.113754,-6.518380,0.212391,-0.090207,-0.059291,-1.082937,0.495055
6.733333,-16.108479,-6.522282,0.213694,-0.091699,-0.060366,-1.090416,0.393731
6.750000,-16.104534,-6.525735,0.216358,-0.097306,-0.059160,-1.096554,0.314547
6.766667,-16.098894,-6.530061,0.216459,-0.097509,-0.061297,-1.102206,0.426477
6.783333,-16.093657,-6.534107,0.216757,-0.098935,-0.064042,-1.109808,0.397081
6.800000,-16.089609,-6.537270,0.218890,-0.100664,-0.061798,-1.115886,0.308198
6.816667,-16.084570,-6.541710,0.218537,-0.100214,-0.064161,-1.121596,0.403003
6.833333,-16.079573,-6.545097,0.219206,-0.099049,-0.063872,-1.127816,0.362214
6.850000,-16.074789,-6.547824,0.220762,-0.100451,-0.063006,-1.135972,0.330381
6.866667,-16.068781,-6.550992,0.220812,-0.099556,-0.064585,-1.145438,0.407535
6.883333,-16.062965,-6.555583,0.220361,-0.101493,-0.069400,-1.154470,0.444556
6.900000,-16.057287,-6.559757,0.220321,-0.102986,-0.071326,-1.162703,0.422810
6.916667,-16.051126,-6.563352,0.220396,-0.102062,-0.072259,-1.172410,0.427986
6.933333,-16.045864,-6.567098,0.221431,-0.102488,-0.072012,-1.181275,0.387554
6.950000,-16.040119,-6.571612,0.222274,-0.102358,-0.071793,-1.187445,0.438397
6.966667,-16.035437,-6.576025,0.224019,-0.104988,-0.071155,-1.194127,0.386046
6.983333,-16.030643,-6.580613,0.225245,-0.107079,-0.071553,-1.201377,0.398110
7.000000,-16.025694,-6.585479,0.225828,-0.107927,-0.072193,-1.208147,0.416460
7.016667,-16.021444,-6.590446,0.227110,-0.110054,-0.071343,-1.214427,0.392197
7.033333,-16.016136,-6.596853,0.227795,-0.109062,-0.068792,-1.213793,0.499225
7.050000,-16.010973,-6.602943,0.227584,-0.109451,-0.068155,-1.217387,0.479057
7.066667,-16.006441,-6.609099,0.227970,-0.111062,-0.068313,-1.222975,0.458629
7.083333,-16.000793,-6.615181,0.226550,-0.108338,-0.071697,-1.230226,0.498012
7.100000,-15.995584,-6.621074,0.226255,-0.106996,-0.073449,-1.237032,0.471899
7.116667,-15.991399,-6.626914,0.226872,-0.107522,-0.073069,-1.242582,0.431097
7.133333,-15.986591,-6.633628,0.225924,-0.106443,-0.075254,-1.248443,0.495455
7.150000,-15.981788,-6.638773,0.226028,-0.103628,-0.073616,-1.255634,0.422358
7.166667,-15.977120,-6.644686,0.225583,-0.102047,-0.074570,-1.262909,0.451951
7.183333,-15.971129,-6.650461,0.223195,-0.094029,-0.076800,-1.270384,0.499291
7.200000,-15.967192,-6.655872,0.223848,-0.092785,-0.075260,-1.277189,0.401535
7.216667,-15.961666,-6.662149,0.221613,-0.085720,-0.077680,-1.284158,0.501759
7.233333,-15.957376,-6.668239,0.221076,-0.082043,-0.078194,-1.289968,0.446963
7.250000,-15.953442,-6.674450,0.220924,-0.079301,-0.078136,-1.294649,0.441135
7.266667,-15.949669,-6.680869,0.220723,-0.076660,-0.077688,-1.299052,0.446697
7.283333,-15.947000,-6.688314,0.220958,-0.076882,-0.077315,-1.301082,0.474590
7.300000,-15.944041,-6.695689,0.221421,-0.077115,-0.076985,-1.303793,0.476732
7.316667,-15.940994,-6.703088,0.221712,-0.077468,-0.076939,-1.307691,0.480115
7.333333,-15.939181,-6.710491,0.222922,-0.080282,-0.076225,-1.310868,0.457327
7.350000,-15.936615,-6.717938,0.223445,-0.080672,-0.074885,-1.313445,0.472594
7.366667,-15.933855,-6.725440,0.223808,-0.081604,-0.074113,-1.316388,0.479619
7.383333,-15.932269,-6.733131,0.224955,-0.086148,-0.072533,-1.319146,0.471164
7.400000,-15.928748,-6.740385,0.224049,-0.083920,-0.070460,-1.322975,0.483808
7.416667,-15.926074,-6.748107,0.224690,-0.086275,-0.068777,-1.326862,0.490336
7.433333,-15.923135,-6.755673,0.224819,-0.087479,-0.068435,-1.332216,0.486983
7.450000,-15.920794,-6.763389,0.225797,-0.091022,-0.068942,-1.337799,0.483813
7.466667,-15.918948,-6.771192,0.227334,-0.096773,-0.068270,-1.341480,0.481092
7.483333,-15.916318,-6.778159,0.227834,-0.097860,-0.066989,-1.345981,0.446821
7.500000,-15.913580,-6.785708,0.227664,-0.098737,-0.066291,-1.349840,0.481801
7.516667,-15.909984,-6.793029,0.227115,-0.096785,-0.063923,-1.353127,0.489391
7.533333,-15.906209,-6.799840,0.227060,-0.095658,-0.061071,-1.357731,0.467254
7.550000,-15.903488,-6.806765,0.228002,-0.098995,-0.059916,-1.363725,0.446373
7.566667,-15.898521,-6.812559,0.226934,-0.093911,-0.058179,-1.371825,0.457910
7.583333,-15.894239,-6.818500,0.226826,-0.090952,-0.055394,-1.378519,0.439372
7.600000,-15.890386,-6.825132,0.226649,-0.088905,-0.054678,-1.384386,0.460242
7.616667,-15.887143,-6.832255,0.226824,-0.089279,-0.054101,-1.389569,0.469577
7.633333,-15.883337,-6.838564,0.227070,-0.088341,-0.052612,-1.396630,0.442092
7.650000,-15.879623,-6.845067,0.227431,-0.086730,-0.050009,-1.401930,0.449325
7.666667,-15.876795,-6.851956,0.228406,-0.088120,-0.047250,-1.406952,0.446845
7.683333,-15.874282,-6.858873,0.229721,-0.090969,-0.045126,-1.412885,0.441560
7.700000,-15.870926,-6.865231,0.229861,-0.089232,-0.041535,-1.418366,0.431318
7.716667,-15.867758,-6.871711,0.229615,-0.087755,-0.037942,-1.423927,0.432817
7.733333,-15.864479,-6.878729,0.229461,-0.086259,-0.033865,-1.427796,0.464772
7.750000,-15.861138,-6.885994,0.229713,-0.085165,-0.029076,-1.431160,0.479782
7.766667,-15.857589,-6.893143,0.230032,-0.083628,-0.023750,-1.434596,0.478889
7.783333,-15.854558,-6.900430,0.231084,-0.084895,-0.018811,-1.438726,0.473504
7.800000,-15.851388,-6.909008,0.232328,-0.087228,-0.014679,-1.438824,0.548690
7.816667,-15.847232,-6.917598,0.232306,-0.086060,-0.009150,-1.436279,0.572594
7.833333,-15.844472,-6.926185,0.233809,-0.089326,-0.004217,-1.435296,0.541171
7.850000,-15.840515,-6.933344,0.234695,-0.088147,0.000645,-1.439093,0.490769
7.866667,-15.837307,-6.939859,0.236173,-0.091357,0.005255,-1.445951,0.435725
7.883333,-15.835121,-6.946218,0.238505,-0.099947,0.010702,-1.452116,0.403457
7.900000,-15.832039,-6.953073,0.239252,-0.102096,0.014284,-1.458936,0.450939
7.916667,-15.827271,-6.959797,0.238317,-0.097817,0.017758,-1.466309,0.494630
7.933333,-15.824569,-6.967677,0.238828,-0.102541,0.018099,-1.474329,0.499776
7.950000,-15.821325,-6.975042,0.239126,-0.104055,0.019942,-1.481595,0.482866
7.966667,-15.818151,-6.982109,0.239553,-0.105741,0.023301,-1.488228,0.464830
7.983333,-15.814164,-6.988587,0.239433,-0.103046,0.029383,-1.493910,0.456423
8.000000,-15.811563,-6.996029,0.239972,-0.105273,0.033019,-1.499469,0.472972
8.016667,-15.810070,-7.003831,0.241564,-0.111246,0.037696,-1.503930,0.476620
8.033333,-15.807208,-7.011278,0.242746,-0.113054,0.043042,-1.508869,0.478668
8.050000,-15.803998,-7.018639,0.243342,-0.111333,0.047045,-1.514414,0.481852
8.066667,-15.800572,-7.024975,0.244554,-0.110913,0.051866,-1.522587,0.432151
8.083333,-15.795673,-7.031112,0.243982,-0.104232,0.057664,-1.530354,0.471151
8.100000,-15.792388,-7.037689,0.244041,-0.103145,0.061769,-1.538465,0.441142
8.116667,-15.788618,-7.045057,0.242744,-0.098556,0.065853,-1.544292,0.496591
8.133333,-15.786926,-7.053332,0.242516,-0.100442,0.069646,-1.548455,0.506772
8.150000,-15.784200,-7.061464,0.241982,-0.099572,0.073665,-1.553401,0.514587
8.166667,-15.781240,-7.069989,0.242050,-0.098856,0.077397,-1.557315,0.541435
8.183333,-15.778518,-7.079226,0.241653,-0.095726,0.080739,-1.557229,0.577840
8.200000,-15.777286,-7.088915,0.242190,-0.097874,0.082934,-1.556239,0.585985
8.216667,-15.775928,-7.097710,0.242597,-0.099890,0.084122,-1.559719,0.533941
8.233333,-15.774560,-7.106867,0.242306,-0.102635,0.083862,-1.563634,0.555524
8.250000,-15.773706,-7.115610,0.244123,-0.109333,0.085377,-1.566180,0.527062
8.266667,-15.771594,-7.123335,0.245397,-0.113125,0.087365,-1.571219,0.480558
8.283333,-15.770956,-7.131341,0.248206,-0.121760,0.089872,-1.573919,0.481889
8.300000,-15.769299,-7.139735,0.249447,-0.126106,0.089548,-1.577710,0.513351
8.316667,-15.766575,-7.147205,0.250363,-0.128919,0.088736,-1.583560,0.477044
8.333333,-15.764989,-7.154853,0.251559,-0.133298,0.087767,-1.588635,0.468642
8.350000,-15.762042,-7.163153,0.252079,-0.133865,0.089653,-1.587628,0.528447
8.366667,-15.759224,-7.171156,0.251397,-0.135445,0.087302,-1.592320,0.509121
8.383333,-15.756288,-7.178422,0.251465,-0.136626,0.086058,-1.598550,0.470190
8.400000,-15.752621,-7.185216,0.249738,-0.132864,0.082303,-1.606279,0.463222
8.416667,-15.748808,-7.191879,0.248176,-0.128668,0.079055,-1.614063,0.460624
8.433333,-15.744328,-7.198471,0.245213,-0.121366,0.074342,-1.622734,0.478217
8.450000,-15.743018,-7.205005,0.245873,-0.121623,0.074329,-1.627153,0.399840
8.466667,-15.742353,-7.212459,0.245399,-0.120703,0.072144,-1.630418,0.448981
8.483333,-15.739484,-7.219782,0.242722,-0.111447,0.069862,-1.634415,0.471925
8.500000,-15.738176,-7.227508,0.241537,-0.107558,0.067654,-1.637798,0.470163
8.516667,-15.738718,-7.235760,0.241416,-0.110423,0.063084,-1.640975,0.496194
8.533333,-15.738322,-7.243556,0.241452,-0.109782,0.061798,-1.643523,0.468351
8.550000,-15.738344,-7.251248,0.242040,-0.112061,0.058401,-1.647813,0.461513
8.566667,-15.738681,-7.258695,0.243268,-0.116799,0.054959,-1.652755,0.447291
8.583333,-15.740332,-7.266135,0.245332,-0.126823,0.049587,-1.657547,0.457262
8.600000,-15.742771,-7.273837,0.247578,-0.139919,0.042420,-1.662525,0.484739
8.616667,-15.742293,-7.281153,0.247024,-0.139904,0.038437,-1.666155,0.439873
8.633333,-15.741925,-7.288496,0.246739,-0.141402,0.034319,-1.670883,0.441122
8.650000,-15.741218,-7.295835,0.246170,-0.141494,0.030661,-1.675911,0.442439
8.666667,-15.739078,-7.303049,0.244825,-0.135784,0.028400,-1.680828,0.451433
8.683333,-15.737252,-7.310178,0.243445,-0.132511,0.026314,-1.686705,0.441577
8.700000,-15.735861,-7.317686,0.242587,-0.131769,0.023725,-1.692513,0.458111
8.716667,-15.733654,-7.325550,0.241205,-0.128056,0.019535,-1.698306,0.490066
8.733333,-15.732662,-7.334285,0.239859,-0.128375,0.012392,-1.703415,0.527478
8.750000,-15.731321,-7.342401,0.239315,-0.126489,0.007863,-1.707776,0.493576
8.766667,-15.730443,-7.350405,0.238876,-0.125091,0.002313,-1.711837,0.483106
8.783333,-15.728926,-7.357755,0.238133,-0.122007,-0.002459,-1.716857,0.450325
8.800000,-15.726937,-7.364069,0.237616,-0.118557,-0.005841,-1.723118,0.397198
8.816667,-15.723531,-7.370070,0.235773,-0.111622,-0.009807,-1.730977,0.413978
8.833333,-15.721251,-7.376407,0.235188,-0.109493,-0.015369,-1.738033,0.404122
8.850000,-15.718473,-7.382222,0.234429,-0.106571,-0.019493,-1.745859,0.386622
8.866667,-15.715748,-7.387999,0.233721,-0.104185,-0.023126,-1.753980,0.383281
8.883333,-15.713628,-7.394454,0.233138,-0.103860,-0.027672,-1.761376,0.407678
8.900000,-15.712101,-7.401182,0.233252,-0.105786,-0.032129,-1.768251,0.413927
8.916667,-15.710478,-7.408566,0.232803,-0.106500,-0.037384,-1.774284,0.453580
8.933333,-15.708465,-7.415098,0.232730,-0.107438,-0.042231,-1.781858,0.410151
8.950000,-15.706571,-7.421971,0.231914,-0.109000,-0.048509,-1.789916,0.427731
8.966667,-15.704618,-7.429163,0.231429,-0.110586,-0.054829,-1.797399,0.447142
8.983333,-15.702415,-7.435977,0.230867,-0.111552,-0.060984,-1.805866,0.429649
9.000000,-15.699383,-7.441843,0.230496,-0.111262,-0.065877,-1.815916,0.396217
9.016667,-15.696597,-7.447857,0.229790,-0.110550,-0.070998,-1.825316,0.397715
9.033333,-15.692888,-7.452963,0.229311,-0.108927,-0.074814,-1.836289,0.378626
9.050000,-15.689717,-7.458256,0.228251,-0.106797,-0.079322,-1.846220,0.370204
9.066667,-15.687028,-7.464129,0.227190,-0.106590,-0.085207,-1.855815,0.387579
9.083333,-15.684706,-7.470462,0.226485,-0.107436,-0.091857,-1.865098,0.404713
9.100000,-15.681622,-7.475542,0.227097,-0.108585,-0.095361,-1.875608,0.356564
9.116667,-15.677924,-7.480748,0.227261,-0.108853,-0.099209,-1.887495,0.383129
9.133333,-15.674247,-7.486527,0.226656,-0.107750,-0.103451,-1.898719,0.411026
9.150000,-15.671128,-7.491673,0.225926,-0.110646,-0.108803,-1.911844,0.361008
9.166667,-15.667167,-7.497524,0.222713,-0.110083,-0.116726,-1.926757,0.423949
9.183333,-15.664291,-7.506295,0.216969,-0.108534,-0.133150,-1.940097,0.553813
9.200000,-15.664758,-7.515195,0.213098,-0.115285,-0.152979,-1.950329,0.534771
9.216667,-15.661863,-7.523561,0.208148,-0.111748,-0.166455,-1.958807,0.531132
9.233333,-15.660177,-7.530359,0.205265,-0.115547,-0.182263,-1.970718,0.420254
9.250000,-15.656323,-7.534234,0.205998,-0.117880,-0.188310,-1.980343,0.327877
9.266667,-15.653322,-7.537560,0.207174,-0.125256,-0.197040,-1.991555,0.268834
9.283333,-15.650020,-7.541601,0.207814,-0.131115,-0.206815,-2.002399,0.313097
9.300000,-15.645566,-7.545042,0.208940,-0.134846,-0.213597,-2.013514,0.337681
9.316667,-15.638397,-7.547119,0.208875,-0.133259,-0.217037,-2.030569,0.447825
9.333333,-15.629476,-7.548383,0.208073,-0.128616,-0.218409,-2.050938,0.540644
9.350000,-15.618971,-7.548454,0.207201,-0.122431,-0.216831,-2.074513,0.630298
9.366667,-15.607730,-7.548956,0.204704,-0.110656,-0.213715,-2.097095,0.675129
9.383333,-15.597735,-7.550077,0.201346,-0.102079,-0.214975,-2.121477,0.603434
9.400000,-15.586261,-7.550407,0.197062,-0.085125,-0.210165,-2.143405,0.688761
9.416667,-15.575898,-7.549426,0.194421,-0.073341,-0.204182,-2.165989,0.624542
9.433333,-15.564142,-7.552258,0.187873,-0.050423,-0.200048,-2.187284,0.725547
9.450000,-15.553658,-7.556391,0.180498,-0.028051,-0.201201,-2.208820,0.676124
9.466667,-15.548149,-7.559628,0.177380,-0.019452,-0.204479,-2.221960,0.383419
9.483333,-15.542290,-7.563506,0.173966,-0.007257,-0.206576,-2.233400,0.421560
9.500000,-15.539179,-7.566225,0.172558,-0.004194,-0.209507,-2.243219,0.247896
9.516667,-15.536512,-7.567575,0.172820,-0.003538,-0.209468,-2.252252,0.179348
9.533333,-15.534537,-7.570000,0.172777,-0.001810,-0.210019,-2.259585,0.187617
9.550000,-15.533185,-7.572042,0.173111,-0.001626,-0.210773,-2.267390,0.146942
9.566667,-15.531729,-7.574530,0.173382,-0.000172,-0.210915,-2.274169,0.173003
9.583333,-15.530736,-7.577041,0.173651,0.000718,-0.211159,-2.280668,0.161983
9.600000,-15.530381,-7.580029,0.174081,0.001508,-0.211306,-2.285721,0.180588
9.616667,-15.529992,-7.583148,0.174522,0.002644,-0.211484,-2.292113,0.188562
9.633333,-15.530017,-7.586803,0.175042,0.003662,-0.211817,-2.297459,0.219331
9.650000,-15.530156,-7.590596,0.175561,0.005181,-0.212010,-2.303485,0.227690
9.666667,-15.530948,-7.594746,0.176248,0.005733,-0.212778,-2.308617,0.253484
9.683333,-15.531573,-7.598904,0.176854,0.007026,-0.213270,-2.314403,0.252289
9.700000,-15.532308,-7.603263,0.177336,0.008796,-0.213304,-2.318945,0.265240
9.716667,-15.533216,-7.607504,0.177804,0.010436,-0.213344,-2.324009,0.260237
9.733333,-15.534838,-7.612191,0.178384,0.011753,-0.213280,-2.327135,0.297586
9.750000,-15.536180,-7.616992,0.178768,0.014362,-0.212906,-2.331329,0.299075
9.766667,-15.537712,-7.622255,0.179137,0.016226,-0.213445,-2.336359,0.328926
9.783333,-15.539289,-7.627953,0.179406,0.019011,-0.213974,-2.341344,0.354695
9.800000,-15.541111,-7.633672,0.179864,0.021246,-0.215242,-2.346349,0.360162
9.816667,-15.542185,-7.638926,0.180409,0.023859,-0.215623,-2.352700,0.321745
9.833333,-15.543038,-7.645653,0.179255,0.031785,-0.217554,-2.359032,0.406841
9.850000,-15.543955,-7.652194,0.178487,0.038583,-0.218567,-2.365094,0.396280
9.866667,-15.544972,-7.658206,0.178096,0.043733,-0.219649,-2.372257,0.365876
9.883333,-15.545671,-7.664660,0.177524,0.050579,-0.220520,-2.379770,0.389476
9.900000,-15.547056,-7.670827,0.177052,0.056081,-0.221531,-2.386340,0.379285
9.916667,-15.548163,-7.677389,0.176553,0.063501,-0.221916,-2.392097,0.399243
9.933333,-15.549919,-7.683088,0.176501,0.069001,-0.222147,-2.397474,0.357835
9.950000,-15.552505,-7.688117,0.176982,0.071350,-0.222232,-2.401941,0.339266
9.966667,-15.556158,-7.692752,0.177875,0.072667,-0.221895,-2.404267,0.354090
9.983333,-15.559933,-7.697434,0.178368,0.076016,-0.223041,-2.407050,0.360870
10.000000,-15.564291,-7.702073,0.179081,0.078891,-0.224380,-2.409261,0.381894
10.016667,-15.569452,-7.706345,0.179948,0.080853,-0.225557,-2.410168,0.401976
10.033333,-15.575334,-7.709249,0.181892,0.079390,-0.226031,-2.409209,0.393563
10.050000,-15.581467,-7.711727,0.184035,0.076346,-0.226434,-2.407359,0.396889
10.066667,-15.588545,-7.714414,0.186091,0.073895,-0.227310,-2.402883,0.454261
10.083333,-15.595835,-7.717190,0.188120,0.070927,-0.228688,-2.399012,0.468026
10.100000,-15.603942,-7.719741,0.190376,0.067387,-0.229848,-2.393416,0.509945
10.116667,-15.612519,-7.721955,0.192857,0.062666,-0.230211,-2.385551,0.531508
10.133333,-15.621126,-7.724014,0.195603,0.057446,-0.230771,-2.378152,0.530992
10.150000,-15.630157,-7.725502,0.198579,0.050807,-0.230313,-2.368864,0.549181
10.166667,-15.638897,-7.727678,0.200967,0.046428,-0.230455,-2.359828,0.540382
10.183333,-15.647433,-7.729411,0.203539,0.040962,-0.230431,-2.350426,0.522626
10.200000,-15.655569,-7.732490,0.204873,0.039982,-0.231128,-2.341421,0.521935
10.216667,-15.663714,-7.734377,0.207294,0.035429,-0.230867,-2.331946,0.501661
10.233333,-15.671370,-7.737691,0.208293,0.035912,-0.231448,-2.322114,0.500502
10.250000,-15.679270,-7.740857,0.209665,0.035262,-0.231767,-2.312125,0.510665
10.266667,-15.687003,-7.745019,0.210116,0.037705,-0.232817,-2.301767,0.526940
10.283333,-15.695191,-7.748837,0.211161,0.038062,-0.233576,-2.291004,0.542079
10.300000,-15.703299,-7.752931,0.212064,0.039487,-0.234320,-2.279744,0.544913
10.316667,-15.711430,-7.756932,0.212970,0.040608,-0.235025,-2.268496,0.543742
10.333333,-15.718512,-7.760177,0.214063,0.040868,-0.235453,-2.258908,0.467399
10.350000,-15.725547,-7.763745,0.214698,0.041483,-0.236528,-2.248431,0.473303
10.366667,-15.733176,-7.767605,0.215396,0.041793,-0.238412,-2.237184,0.513017
10.383333,-15.740879,-7.771456,0.216201,0.041833,-0.239729,-2.226278,0.516696
10.400000,-15.748895,-7.775500,0.217280,0.041525,-0.241195,-2.214492,0.538681
10.416667,-15.757076,-7.779843,0.218181,0.041579,-0.242618,-2.202351,0.555783
10.433333,-15.765272,-7.784283,0.219138,0.042173,-0.243906,-2.189923,0.559258
10.450000,-15.773435,-7.788278,0.220519,0.040600,-0.245173,-2.178516,0.545273
10.466667,-15.781878,-7.791130,0.223074,0.034654,-0.245795,-2.167521,0.534739
10.483333,-15.790055,-7.794230,0.225427,0.030042,-0.245683,-2.156177,0.524702
10.500000,-15.797994,-7.796862,0.228362,0.023946,-0.244947,-2.145863,0.501785
10.516667,-15.806098,-7.799763,0.231227,0.017038,-0.244935,-2.136237,0.516475
10.533333,-15.814127,-7.803349,0.233641,0.011772,-0.245268,-2.125973,0.527611
10.550000,-15.822143,-7.806588,0.236615,0.005026,-0.245412,-2.114178,0.518722
10.566667,-15.830087,-7.809759,0.239340,-0.001016,-0.245499,-2.104440,0.513215
10.583333,-15.837025,-7.813313,0.241878,-0.005625,-0.245278,-2.095061,0.467714
10.600000,-15.843249,-7.816358,0.244473,-0.010977,-0.244813,-2.085433,0.415773
10.616667,-15.848272,-7.819244,0.246281,-0.013262,-0.244279,-2.079225,0.347592
10.633333,-15.852426,-7.822284,0.247858,-0.014858,-0.243669,-2.074385,0.308794
10.650000,-15.856572,-7.825941,0.249018,-0.014792,-0.243298,-2.068089,0.331723
10.666667,-15.860230,-7.829635,0.249789,-0.013319,-0.242778,-2.062606,0.311958
10.683333,-15.864102,-7.833149,0.250883,-0.013552,-0.242782,-2.057806,0.313737
10.700000,-15.868431,-7.837210,0.252002,-0.013431,-0.242725,-2.050829,0.356117
10.716667,-15.872766,-7.841863,0.252793,-0.011954,-0.243227,-2.044056,0.381523
10.733333,-15.876630,-7.846652,0.253253,-0.009279,-0.243530,-2.037844,0.369235
10.750000,-15.880722,-7.851428,0.254026,-0.007645,-0.244078,-2.031208,0.377363
10.766667,-15.884728,-7.855546,0.254939,-0.007162,-0.244507,-2.026217,0.344740
10.783333,-15.888965,-7.860216,0.255766,-0.006269,-0.245266,-2.018785,0.378292
10.800000,-15.893715,-7.865141,0.256761,-0.006008,-0.246441,-2.011388,0.410564
10.816667,-15.898709,-7.869699,0.258189,-0.007465,-0.247605,-2.004404,0.405681
10.833333,-15.903708,-7.874562,0.259402,-0.008196,-0.248638,-1.996201,0.418426
10.850000,-15.908372,-7.879031,0.260559,-0.008773,-0.249527,-1.989317,0.387584
10.866667,-15.913051,-7.883527,0.261909,-0.010012,-0.250163,-1.981787,0.389312
10.883333,-15.916806,-7.887905,0.262740,-0.009416,-0.250951,-1.976350,0.346080
10.900000,-15.920761,-7.892729,0.263677,-0.009309,-0.252287,-1.969534,0.374285
10.916667,-15.925153,-7.897347,0.265037,-0.010530,-0.253234,-1.963008,0.382376
10.933333,-15.930556,-7.901113,0.267340,-0.014996,-0.253064,-1.955115,0.395187
10.950000,-15.936249,-7.904891,0.269539,-0.018933,-0.252883,-1.947201,0.409910
10.966667,-15.941419,-7.909137,0.271039,-0.020968,-0.253787,-1.938557,0.401409
10.983333,-15.947729,-7.912925,0.273357,-0.025515,-0.253150,-1.927825,0.441605
11.000000,-15.954506,-7.917394,0.275359,-0.029371,-0.252853,-1.916008,0.487075
11.016667,-15.961374,-7.922412,0.277154,-0.031973,-0.252784,-1.903599,0.510378
11.033333,-15.968699,-7.927671,0.279155,-0.035868,-0.253256,-1.890673,0.541005
11.050000,-15.976301,-7.932703,0.281531,-0.040466,-0.252580,-1.877283,0.546998
11.066667,-15.984162,-7.937857,0.284017,-0.045445,-0.252203,-1.863600,0.564008
11.083333,-15.991716,-7.942467,0.286670,-0.050821,-0.251913,-1.850256,0.530979
11.100000,-15.998777,-7.948419,0.287688,-0.052441,-0.252722,-1.836054,0.554092
11.116667,-16.006729,-7.953018,0.290464,-0.057526,-0.250412,-1.820617,0.551157
11.133333,-16.014162,-7.958529,0.292479,-0.060138,-0.248944,-1.804961,0.555213
11.150000,-16.021210,-7.963464,0.294877,-0.063280,-0.247158,-1.790935,0.516215
11.166667,-16.028124,-7.968320,0.297646,-0.066151,-0.244535,-1.776521,0.506929
11.183333,-16.034363,-7.973396,0.300014,-0.067906,-0.242535,-1.763626,0.482578
11.200000,-16.040155,-7.979319,0.301385,-0.068269,-0.241986,-1.751535,0.497094
11.216667,-16.046545,-7.984932,0.303376,-0.070355,-0.240215,-1.738647,0.510287
11.233333,-16.053461,-7.991049,0.305215,-0.072879,-0.238215,-1.724118,0.553997
11.250000,-16.060017,-7.997307,0.306869,-0.073583,-0.235470,-1.708965,0.543780
11.266667,-16.066395,-8.002759,0.309032,-0.076707,-0.233242,-1.695494,0.503435
11.283333,-16.072617,-8.008317,0.311272,-0.079949,-0.231575,-1.682699,0.500567
11.300000,-16.078176,-8.014585,0.312824,-0.080433,-0.230183,-1.668854,0.502694
11.316667,-16.083857,-8.020835,0.314424,-0.080507,-0.228370,-1.655432,0.506745
11.333333,-16.089138,-8.027693,0.316059,-0.080099,-0.228229,-1.642085,0.519352
11.350000,-16.095020,-8.034840,0.317349,-0.081107,-0.228744,-1.628242,0.555375
11.366667,-16.100927,-8.041628,0.319152,-0.082584,-0.228309,-1.615063,0.539912
11.383333,-16.106451,-8.048965,0.320260,-0.082174,-0.228116,-1.601285,0.551057
11.400000,-16.110817,-8.055064,0.321740,-0.080684,-0.227481,-1.590271,0.450024
11.416667,-16.115803,-8.062265,0.322151,-0.080639,-0.228339,-1.577237,0.525524
11.433333,-16.120998,-8.069251,0.323149,-0.080992,-0.227737,-1.563932,0.522358
11.450000,-16.126175,-8.076105,0.324394,-0.081201,-0.225885,-1.549951,0.515353
11.466667,-16.131979,-8.082932,0.326392,-0.083033,-0.222647,-1.534469,0.537618
11.483333,-16.137705,-8.089930,0.328319,-0.085378,-0.219893,-1.519856,0.542522
11.500000,-16.143419,-8.097037,0.330756,-0.088225,-0.217453,-1.504167,0.547200
11.516667,-16.149233,-8.103709,0.333668,-0.092618,-0.215174,-1.488891,0.530965
11.533333,-16.154442,-8.110117,0.336620,-0.095929,-0.212915,-1.475416,0.495472
11.550000,-16.159170,-8.117691,0.338442,-0.097883,-0.212725,-1.461514,0.535729
11.566667,-16.164772,-8.126011,0.340327,-0.102139,-0.212576,-1.445575,0.601801
11.583333,-16.170551,-8.132366,0.343120,-0.108221,-0.209988,-1.430352,0.515405
11.600000,-16.176603,-8.139161,0.345601,-0.114585,-0.207144,-1.413530,0.545960
11.616667,-16.181282,-8.147541,0.348021,-0.119027,-0.205182,-1.392385,0.575856
11.633333,-16.184042,-8.154688,0.348959,-0.121272,-0.203669,-1.376231,0.459674
11.650000,-16.188995,-8.160953,0.352187,-0.128283,-0.199261,-1.361365,0.479183
11.666667,-16.193956,-8.167137,0.355336,-0.134751,-0.193763,-1.346254,0.475708
11.683333,-16.198484,-8.174150,0.358561,-0.141720,-0.189372,-1.330020,0.500835
11.700000,-16.202724,-8.181093,0.361639,-0.148471,-0.184511,-1.313226,0.488154
11.716667,-16.208155,-8.188312,0.365793,-0.157377,-0.177787,-1.295710,0.541970
11.733333,-16.212727,-8.195609,0.369109,-0.164061,-0.172341,-1.278687,0.516684
11.750000,-16.215384,-8.203386,0.369807,-0.163935,-0.170492,-1.263974,0.493112
11.766667,-16.218430,-8.211653,0.371211,-0.165481,-0.168053,-1.248365,0.528588
11.783333,-16.220301,-8.217888,0.372018,-0.165427,-0.167249,-1.240478,0.390589
11.800000,-16.221445,-8.222731,0.373149,-0.166459,-0.165473,-1.234978,0.298568
11.816667,-16.221403,-8.226954,0.373473,-0.165856,-0.165132,-1.231971,0.253385
11.833333,-16.220808,-8.230374,0.374329,-0.166640,-0.165121,-1.230859,0.208332
11.850000,-16.219927,-8.232607,0.376530,-0.170533,-0.165282,-1.232481,0.144010
11.866667,-16.217478,-8.234550,0.376621,-0.169361,-0.167228,-1.236320,0.187557
11.883333,-16.214214,-8.235870,0.376338,-0.167704,-0.169847,-1.241897,0.211238
11.900000,-16.210506,-8.236512,0.376087,-0.166650,-0.172672,-1.249675,0.225781
11.916667,-16.206284,-8.235803,0.375321,-0.164580,-0.175889,-1.260905,0.256924
11.933333,-16.201290,-8.234875,0.374698,-0.162962,-0.178996,-1.272658,0.304735
11.950000,-16.196505,-8.233336,0.374077,-0.161256,-0.182442,-1.285580,0.301602
11.966667,-16.191835,-8.230807,0.373292,-0.161127,-0.185740,-1.300927,0.318610
11.983333,-16.185045,-8.227407,0.370848,-0.153826,-0.187877,-1.317788,0.455626
12.000000,-16.178463,-8.223092,0.368815,-0.147868,-0.189738,-1.336665,0.472245
12.016667,-16.171301,-8.218814,0.366639,-0.141741,-0.191304,-1.355407,0.500554
12.033333,-16.164759,-8.214985,0.365059,-0.140406,-0.194588,-1.374648,0.454821
12.050000,-16.156725,-8.209645,0.362034,-0.133128,-0.197582,-1.398751,0.578783
12.066667,-16.147629,-8.205812,0.358553,-0.122197,-0.199882,-1.418625,0.592241
12.083333,-16.139439,-8.203628,0.355513,-0.115546,-0.203528,-1.436169,0.508594
12.100000,-16.133030,-8.200824,0.354769,-0.112732,-0.204400,-1.452639,0.419711
12.116667,-16.127026,-8.199218,0.354145,-0.110068,-0.204948,-1.466455,0.372924
12.133333,-16.121864,-8.197463,0.354112,-0.108871,-0.205200,-1.480935,0.327086
12.150000,-16.116636,-8.196278,0.353869,-0.107285,-0.205691,-1.494932,0.321645
12.166667,-16.111097,-8.195289,0.353733,-0.104128,-0.205282,-1.507999,0.337592
12.183333,-16.106903,-8.195577,0.354225,-0.104116,-0.205269,-1.518030,0.252248
12.200000,-16.102293,-8.198052,0.353723,-0.101565,-0.205137,-1.522571,0.313967
12.216667,-16.098934,-8.199626,0.354656,-0.102258,-0.204706,-1.529818,0.222550
12.233333,-16.095665,-8.202073,0.355271,-0.102026,-0.205369,-1.536061,0.245018
12.250000,-16.092319,-8.204240,0.355693,-0.102119,-0.206967,-1.544780,0.239152
12.266667,-16.088350,-8.206362,0.355953,-0.100186,-0.208796,-1.553620,0.270047
12.283333,-16.084717,-8.208670,0.356280,-0.099289,-0.211032,-1.562436,0.258270
12.300000,-16.081837,-8.210975,0.357100,-0.099075,-0.211977,-1.568871,0.221335
12.316667,-16.079222,-8.213019,0.358053,-0.099804,-0.212895,-1.575908,0.199167
12.333333,-16.076923,-8.215466,0.358972,-0.100933,-0.214011,-1.581893,0.201391
12.350000,-16.074459,-8.218221,0.359694,-0.101622,-0.215738,-1.587411,0.221787
12.366667,-16.071489,-8.220183,0.360445,-0.102183,-0.216402,-1.594926,0.213582
12.383333,-16.068542,-8.222170,0.361100,-0.102595,-0.217701,-1.602886,0.213233
12.400000,-16.064997,-8.224134,0.361303,-0.101632,-0.219187,-1.612154,0.243218
12.416667,-16.061911,-8.226335,0.362114,-0.101782,-0.220288,-1.619350,0.227403
12.433333,-16.057816,-8.228562,0.361786,-0.099366,-0.223575,-1.629913,0.279710
12.450000,-16.054296,-8.231433,0.361852,-0.098074,-0.227244,-1.639295,0.272481
12.466667,-16.050404,-8.234195,0.361442,-0.095592,-0.230992,-1.648947,0.286386
12.483333,-16.046879,-8.235969,0.361721,-0.094943,-0.233995,-1.658850,0.236757
12.500000,-16.042933,-8.237033,0.361669,-0.093733,-0.236230,-1.669590,0.245238
12.516667,-16.039370,-8.237780,0.362198,-0.094741,-0.238308,-1.680967,0.218420
12.533333,-16.036001,-8.238366,0.363045,-0.097727,-0.240753,-1.692877,0.205144
12.550000,-16.032207,-8.238417,0.363731,-0.100959,-0.242991,-1.706193,0.227643
12.566667,-16.027987,-8.238038,0.364344,-0.103756,-0.245619,-1.721796,0.254275
12.583333,-16.023451,-8.237301,0.364805,-0.106105,-0.247563,-1.737275,0.275712
12.600000,-16.018520,-8.236176,0.364960,-0.107315,-0.248831,-1.752974,0.303425
12.616667,-16.014032,-8.236466,0.365382,-0.110028,-0.250627,-1.763841,0.269841
12.633333,-16.008932,-8.235816,0.365469,-0.110258,-0.251678,-1.777784,0.308493
12.650000,-16.002644,-8.234460,0.364620,-0.108154,-0.251802,-1.795180,0.385985
12.666667,-15.995617,-8.232204,0.363863,-0.105680,-0.250874,-1.814949,0.442787
12.683333,-15.989049,-8.228880,0.363410,-0.105623,-0.250815,-1.837177,0.441685
12.700000,-15.981410,-8.226784,0.362150,-0.100037,-0.249684,-1.857214,0.475279
12.716667,-15.974035,-8.225498,0.360357,-0.092920,-0.248538,-1.874644,0.449158
12.733333,-15.967768,-8.225141,0.358595,-0.088768,-0.249785,-1.890557,0.376665
12.750000,-15.961307,-8.224432,0.357293,-0.085249,-0.250585,-1.907388,0.389993
12.766667,-15.955685,-8.223932,0.356479,-0.086173,-0.253555,-1.924449,0.338645
12.783333,-15.946877,-8.223474,0.354528,-0.078600,-0.253157,-1.942187,0.529147
12.800000,-15.938728,-8.222611,0.352839,-0.073820,-0.254047,-1.960582,0.491677
12.816667,-15.930163,-8.221651,0.351146,-0.069955,-0.255851,-1.981250,0.517117
12.833333,-15.920808,-8.221464,0.349211,-0.064232,-0.257714,-2.001943,0.561445
12.850000,-15.910856,-8.221368,0.346716,-0.058903,-0.260705,-2.025304,0.597123
12.866667,-15.899782,-8.221613,0.344504,-0.050153,-0.261658,-2.047242,0.664607
12.883333,-15.893345,-8.220998,0.345504,-0.054302,-0.264456,-2.064033,0.387997
12.900000,-15.886430,-8.221411,0.345713,-0.055611,-0.267934,-2.080734,0.415645
12.916667,-15.878605,-8.221394,0.345968,-0.055123,-0.269978,-2.097680,0.469495
12.933333,-15.869355,-8.221240,0.345144,-0.050882,-0.270652,-2.117018,0.555058
12.950000,-15.859036,-8.220602,0.343417,-0.046032,-0.270410,-2.139549,0.620308
12.966667,-15.846658,-8.219568,0.340456,-0.034989,-0.267504,-2.165115,0.745307
12.983333,-15.833528,-8.219186,0.336684,-0.023105,-0.263548,-2.190756,0.788145
13.000000,-15.819924,-8.218906,0.334081,-0.010576,-0.259257,-2.216377,0.816365
13.016667,-15.810182,-8.218811,0.333207,-0.008084,-0.259849,-2.237460,0.584592
13.033333,-15.800524,-8.220335,0.330953,-0.003371,-0.263061,-2.259630,0.586642
13.050000,-15.789833,-8.221272,0.329940,0.000942,-0.263426,-2.281919,0.643898
13.066667,-15.780378,-8.221734,0.327816,0.009765,-0.264402,-2.302678,0.567962
13.083333,-15.771999,-8.221297,0.326362,0.017108,-0.261014,-2.317707,0.503422
13.100000,-15.762984,-8.223124,0.322529,0.033924,-0.259192,-2.333203,0.551893
13.116667,-15.757648,-8.222525,0.321458,0.038965,-0.257963,-2.344013,0.322216
13.133333,-15.754721,-8.221956,0.320952,0.040682,-0.257647,-2.348582,0.178890
13.150000,-15.753474,-8.221193,0.320612,0.040751,-0.257649,-2.350012,0.087685
13.166667,-15.753359,-8.220299,0.320571,0.040456,-0.257778,-2.351906,0.054118
13.183333,-15.755522,-8.219687,0.320959,0.037489,-0.258687,-2.348444,0.134875
13.200000,-15.759299,-8.218663,0.321753,0.032206,-0.260054,-2.342134,0.234819
13.216667,-15.764665,-8.217535,0.322930,0.024841,-0.261741,-2.333217,0.328962
13.233333,-15.772051,-8.216293,0.324638,0.015552,-0.263863,-2.321101,0.449391
13.250000,-15.779317,-8.214526,0.326468,0.005230,-0.266267,-2.310054,0.448671
13.266667,-15.784307,-8.213173,0.327304,0.003345,-0.265993,-2.298187,0.310193
13.283333,-15.788898,-8.211717,0.327480,0.000498,-0.266546,-2.288620,0.288985
13.300000,-15.791778,-8.210138,0.327226,0.000650,-0.265329,-2.281231,0.197053
13.316667,-15.794321,-8.208164,0.327226,-0.000370,-0.265741,-2.278560,0.193180
13.333333,-15.795691,-8.206424,0.326627,0.000903,-0.265200,-2.276762,0.132914
13.350000,-15.798093,-8.204825,0.326957,-0.001597,-0.265329,-2.271892,0.173079
13.366667,-15.800476,-8.204200,0.326626,-0.002168,-0.266554,-2.266729,0.147839
13.383333,-15.801796,-8.202580,0.327338,-0.004744,-0.265943,-2.265936,0.125346
13.400000,-15.801896,-8.202250,0.326583,-0.002109,-0.265279,-2.265077,0.020745
13.416667,-15.802659,-8.201338,0.326637,-0.003218,-0.265732,-2.265351,0.071329
13.433333,-15.803532,-8.200842,0.326705,-0.004356,-0.266002,-2.263832,0.060221
13.450000,-15.804040,-8.200184,0.326725,-0.005090,-0.266631,-2.264474,0.049890
13.466667,-15.803917,-8.199657,0.326592,-0.004985,-0.266349,-2.265800,0.032437
13.483333,-15.804388,-8.199682,0.326644,-0.005120,-0.266431,-2.265035,0.028306
13.500000,-15.804447,-8.199409,0.326558,-0.004696,-0.266235,-2.266345,0.016745
13.516667,-15.804125,-8.199077,0.326458,-0.003715,-0.266177,-2.270188,0.027800
13.533333,-15.805317,-8.199403,0.326825,-0.004361,-0.266106,-2.268659,0.074154
13.550000,-15.806106,-8.199538,0.326859,-0.003996,-0.265751,-2.268926,0.048014
13.566667,-15.807035,-8.199728,0.327035,-0.003530,-0.265517,-2.270452,0.056940
13.583333,-15.808460,-8.200242,0.327401,-0.003711,-0.265122,-2.269994,0.090881
13.600000,-15.809434,-8.200636,0.327717,-0.003540,-0.264760,-2.271546,0.063021
13.616667,-15.810369,-8.200912,0.328056,-0.003454,-0.264464,-2.273780,0.058480
13.633333,-15.810454,-8.201161,0.328130,-0.001954,-0.263785,-2.278072,0.015798
13.650000,-15.810540,-8.201687,0.328321,-0.000713,-0.263338,-2.281798,0.031946
13.666667,-15.810448,-8.202196,0.328465,0.000561,-0.262501,-2.285737,0.031056
13.683333,-15.810242,-8.202683,0.328748,0.001364,-0.262153,-2.290572,0.031745
13.700000,-15.810150,-8.203146,0.329102,0.001612,-0.261776,-2.295034,0.028290
13.716667,-15.809996,-8.203600,0.329400,0.002345,-0.261127,-2.299842,0.028771
13.733333,-15.809989,-8.204115,0.329681,0.003153,-0.260495,-2.304210,0.030902
13.750000,-15.809839,-8.204889,0.329821,0.005004,-0.259690,-2.308306,0.047324
13.766667,-15.810215,-8.205584,0.330182,0.005431,-0.259169,-2.311487,0.047366
13.783333,-15.810567,-8.206318,0.330541,0.006343,-0.258570,-2.315245,0.048858
13.800000,-15.811413,-8.207071,0.331126,0.006049,-0.258352,-2.318210,0.067966
13.816667,-15.812606,-8.208322,0.331643,0.006791,-0.258128,-2.319782,0.103689
13.833333,-15.814227,-8.209615,0.332098,0.007568,-0.257516,-2.319926,0.124430
13.850000,-15.816778,-8.210787,0.333101,0.005747,-0.257837,-2.320125,0.168447
13.866667,-15.818935,-8.212467,0.333734,0.006361,-0.257330,-2.319424,0.164067
13.883333,-15.821801,-8.214589,0.334595,0.005765,-0.257796,-2.316685,0.213951
13.900000,-15.823754,-8.216042,0.335111,0.006691,-0.257728,-2.318686,0.146039
13.916667,-15.826543,-8.217898,0.335767,0.007300,-0.257645,-2.317975,0.201011
13.933333,-15.829983,-8.220148,0.336483,0.007600,-0.257956,-2.314388,0.246615
13.950000,-15.834100,-8.222724,0.337059,0.008508,-0.258376,-2.309440,0.291386
13.966667,-15.839184,-8.225060,0.337835,0.007407,-0.259707,-2.304181,0.335714
13.983333,-15.844379,-8.227939,0.338392,0.008446,-0.260389,-2.296834,0.356374
14.000000,-15.850520,-8.229744,0.339670,0.005222,-0.261668,-2.290372,0.384035
14.016667,-15.856577,-8.231984,0.341196,0.002315,-0.262195,-2.280717,0.387467
14.033333,-15.862164,-8.234010,0.342676,-0.000790,-0.262542,-2.271496,0.356604
14.050000,-15.867137,-8.235444,0.344536,-0.004307,-0.262577,-2.265490,0.310512
14.066667,-15.871560,-8.237432,0.345759,-0.005998,-0.262390,-2.259534,0.290972
14.083333,-15.875949,-8.240188,0.346830,-0.006101,-0.262449,-2.252103,0.310917
14.100000,-15.880275,-8.242446,0.348145,-0.007554,-0.261695,-2.244097,0.292792
14.116667,-15.882892,-8.244004,0.348589,-0.005670,-0.261620,-2.245073,0.182743
14.133333,-15.885781,-8.245417,0.349657,-0.005670,-0.260925,-2.244497,0.192980
14.150000,-15.889206,-8.247664,0.350674,-0.005425,-0.260550,-2.241250,0.245787
14.166667,-15.893037,-8.250638,0.351603,-0.004838,-0.260430,-2.236430,0.290972
14.183333,-15.896575,-8.253511,0.352488,-0.003804,-0.260328,-2.233583,0.273477
14.200000,-15.900281,-8.256756,0.353535,-0.003166,-0.260403,-2.229543,0.295529
14.216667,-15.903565,-8.259830,0.354345,-0.001401,-0.259998,-2.227255,0.269941
14.233333,-15.907475,-8.263038,0.355537,-0.001461,-0.259983,-2.222935,0.303385
14.250000,-15.910943,-8.266210,0.356649,-0.001065,-0.259450,-2.218937,0.282011
14.266667,-15.914551,-8.268730,0.358478,-0.002937,-0.258565,-2.214668,0.264062
14.283333,-15.917264,-8.272549,0.358838,-0.000138,-0.258987,-2.212644,0.281057
14.300000,-15.920127,-8.275854,0.360025,0.000176,-0.258642,-2.210003,0.262374
14.316667,-15.922789,-8.279367,0.360720,0.001256,-0.259114,-2.208041,0.264465
14.333333,-15.925159,-8.282212,0.361914,0.000843,-0.258817,-2.207472,0.222193
14.350000,-15.927857,-8.285636,0.363343,-0.000110,-0.259001,-2.205440,0.261538
14.366667,-15.929910,-8.288902,0.364420,0.000393,-0.258756,-2.205934,0.231455
14.383333,-15.931888,-8.292355,0.365524,0.001308,-0.258446,-2.206835,0.238726
14.400000,-15.934070,-8.295922,0.366754,0.001648,-0.258079,-2.207123,0.250923
14.416667,-15.936028,-8.299791,0.367551,0.003512,-0.258093,-2.208284,0.260200
14.433333,-15.937758,-8.303789,0.368349,0.005696,-0.257813,-2.210144,0.261363
14.450000,-15.939761,-8.308072,0.369186,0.007915,-0.257664,-2.211158,0.283684
14.466667,-15.941954,-8.312376,0.370092,0.010155,-0.257634,-2.212344,0.289812
14.483333,-15.944299,-8.316448,0.371409,0.010873,-0.256990,-2.212503,0.281950
14.500000,-15.946502,-8.320127,0.372721,0.011845,-0.256004,-2.213402,0.257254
14.516667,-15.948668,-8.324451,0.373551,0.013860,-0.255591,-2.213707,0.290239
14.533333,-15.951244,-8.328259,0.375003,0.013622,-0.255157,-2.214535,0.275797
14.550000,-15.954220,-8.332271,0.376632,0.012295,-0.255180,-2.215015,0.299702
14.566667,-15.957756,-8.335919,0.378583,0.009335,-0.255075,-2.215381,0.304870
14.583333,-15.960658,-8.340122,0.380127,0.009115,-0.254029,-2.215242,0.306445
14.600000,-15.963567,-8.345123,0.381260,0.010580,-0.253520,-2.215106,0.347126
14.616667,-15.966759,-8.349507,0.383006,0.010445,-0.252462,-2.215185,0.325377
14.633333,-15.970304,-8.353754,0.384860,0.009671,-0.251349,-2.214780,0.331905
14.650000,-15.974196,-8.357874,0.386911,0.008355,-0.250505,-2.214124,0.340089
14.666667,-15.978230,-8.362186,0.388941,0.007257,-0.249616,-2.212345,0.354272
14.683333,-15.981884,-8.366420,0.390885,0.006212,-0.248806,-2.212337,0.335553
14.700000,-15.985424,-8.371126,0.392635,0.006209,-0.247990,-2.211832,0.353348
14.716667,-15.988816,-8.375937,0.393637,0.008032,-0.247806,-2.210998,0.353167
14.733333,-15.992735,-8.380727,0.395014,0.009034,-0.247412,-2.209125,0.371336
14.750000,-15.996644,-8.385603,0.396487,0.009618,-0.247073,-2.208075,0.374978
14.766667,-16.000847,-8.390320,0.398061,0.009290,-0.246780,-2.206925,0.379059
14.783333,-16.005018,-8.395182,0.399455,0.010460,-0.246099,-2.204710,0.384364
14.800000,-16.010450,-8.399590,0.401648,0.006810,-0.246814,-2.202954,0.419768
14.816667,-16.015699,-8.403927,0.403898,0.003916,-0.246621,-2.200487,0.408513
14.833333,-16.019928,-8.408505,0.405455,0.002790,-0.246650,-2.198444,0.373952
14.850000,-16.025146,-8.413048,0.407348,0.000757,-0.246266,-2.194413,0.415110
14.866667,-16.030569,-8.417679,0.409306,-0.001461,-0.245514,-2.190376,0.427860
14.883333,-16.036100,-8.422135,0.411507,-0.004647,-0.244462,-2.187182,0.426194
14.900000,-16.041246,-8.426847,0.413159,-0.005682,-0.243815,-2.184542,0.418611
14.916667,-16.046341,-8.431362,0.415164,-0.007320,-0.242313,-2.182151,0.408464
14.933333,-16.051029,-8.436490,0.416802,-0.007344,-0.240919,-2.179818,0.416882
14.950000,-16.055141,-8.442619,0.417181,-0.003424,-0.240054,-2.177850,0.442857
14.966667,-16.059418,-8.448214,0.418330,-0.001620,-0.238578,-2.176389,0.422488
14.983333,-16.064167,-8.453953,0.419616,-0.000134,-0.237115,-2.174168,0.446967
15.000000,-16.069260,-8.459778,0.421028,0.001132,-0.235755,-2.171319,0.464238
15.016667,-16.074404,-8.465437,0.422219,0.002951,-0.234478,-2.167845,0.458862
15.033333,-16.079567,-8.470680,0.423541,0.003694,-0.232735,-2.163815,0.441523
15.050000,-16.084587,-8.476068,0.424924,0.004903,-0.230704,-2.159528,0.441867
15.066667,-16.090036,-8.481374,0.426613,0.004472,-0.229152,-2.155599,0.456319
15.083333,-16.095612,-8.487065,0.428104,0.004399,-0.228112,-2.151489,0.478031
15.100000,-16.101208,-8.492983,0.429554,0.004688,-0.227403,-2.146923,0.488676
15.116667,-16.106674,-8.499008,0.430989,0.005484,-0.226576,-2.142005,0.488131
15.133333,-16.111971,-8.505020,0.432360,0.006473,-0.225824,-2.137265,0.480745
15.150000,-16.117666,-8.511089,0.434067,0.006514,-0.225054,-2.132268,0.499379
15.166667,-16.123241,-8.516790,0.435549,0.006422,-0.224443,-2.127897,0.478440
15.183333,-16.128344,-8.522498,0.437037,0.006566,-0.223072,-2.125016,0.459344
15.200000,-16.133484,-8.528413,0.438549,0.006957,-0.221517,-2.122159,0.470173
15.216667,-16.138935,-8.534348,0.440436,0.006149,-0.220130,-2.119229,0.483541
15.233333,-16.143967,-8.540363,0.442115,0.006159,-0.217912,-2.116186,0.470512
15.250000,-16.148432,-8.547034,0.443126,0.008134,-0.216765,-2.113997,0.481642
15.266667,-16.152422,-8.554033,0.443884,0.010486,-0.216489,-2.112211,0.483392
15.283333,-16.156569,-8.561337,0.445050,0.012839,-0.216328,-2.109344,0.503948
15.300000,-16.160517,-8.568517,0.446129,0.015596,-0.215862,-2.106813,0.491598
15.316667,-16.164400,-8.576010,0.446883,0.019905,-0.215486,-2.103412,0.506372
15.333333,-16.169538,-8.582861,0.448460,0.018610,-0.216791,-2.099797,0.513840
15.350000,-16.173840,-8.589492,0.449845,0.019368,-0.216837,-2.097538,0.474220
15.366667,-16.177771,-8.595778,0.451311,0.020491,-0.216241,-2.096636,0.444870
15.383333,-16.181776,-8.602052,0.453086,0.020825,-0.215471,-2.095877,0.446577
15.400000,-16.186007,-8.607976,0.455290,0.019176,-0.214732,-2.095582,0.436780
15.416667,-16.190487,-8.614538,0.457080,0.017617,-0.215531,-2.095281,0.476751
15.433333,-16.194382,-8.620625,0.459039,0.016712,-0.215078,-2.095329,0.433600
15.450000,-16.198179,-8.626864,0.460753,0.016558,-0.214957,-2.095695,0.438228
15.466667,-16.202709,-8.632765,0.463191,0.013693,-0.214596,-2.094677,0.446325
15.483333,-16.206932,-8.638359,0.465474,0.011262,-0.213244,-2.093584,0.420550
15.500000,-16.210825,-8.643784,0.467651,0.008754,-0.211439,-2.093304,0.400609
15.516667,-16.214663,-8.648978,0.470262,0.004846,-0.209059,-2.092906,0.387507
15.533333,-16.218079,-8.654147,0.472764,0.001617,-0.206134,-2.093814,0.371744
15.550000,-16.220861,-8.659783,0.474772,0.001423,-0.203045,-2.095050,0.377147
15.566667,-16.222906,-8.665433,0.476975,0.000751,-0.199100,-2.095838,0.360491
15.583333,-16.224340,-8.671307,0.478557,0.002307,-0.195595,-2.098620,0.362776
15.600000,-16.226305,-8.676581,0.480934,0.001320,-0.191943,-2.101352,0.337725
15.616667,-16.228687,-8.681585,0.483626,-0.000299,-0.187696,-2.103028,0.332524
15.633333,-16.231121,-8.685861,0.486553,-0.003897,-0.183897,-2.105387,0.295171
15.650000,-16.234423,-8.690248,0.489731,-0.007823,-0.179383,-2.105339,0.329430
15.666667,-16.237886,-8.694134,0.493522,-0.013930,-0.175030,-2.106407,0.312347
15.683333,-16.240704,-8.697610,0.497360,-0.020833,-0.170494,-2.108900,0.268462
15.700000,-16.243973,-8.700911,0.501581,-0.030301,-0.167094,-2.112176,0.278739
15.716667,-16.246700,-8.703947,0.506015,-0.040199,-0.163462,-2.116899,0.244897
15.733333,-16.247309,-8.707086,0.509957,-0.047125,-0.158951,-2.123996,0.191819
15.750000,-16.246208,-8.709987,0.513464,-0.052792,-0.155146,-2.134054,0.186169
15.766667,-16.245192,-8.712748,0.516748,-0.059846,-0.153586,-2.145597,0.176527
15.783333,-16.243326,-8.715970,0.519213,-0.063898,-0.152122,-2.157765,0.223406
15.800000,-16.239300,-8.719703,0.520303,-0.060697,-0.148960,-2.170325,0.329426
15.816667,-16.235497,-8.723552,0.521179,-0.057844,-0.146837,-2.183790,0.324665
15.833333,-16.234373,-8.728445,0.522899,-0.060798,-0.148739,-2.194486,0.301236
15.850000,-16.232639,-8.733617,0.523876,-0.061140,-0.149681,-2.203956,0.327279
15.866667,-16.230858,-8.738774,0.523936,-0.059962,-0.151039,-2.214723,0.327388
15.883333,-16.226967,-8.744224,0.522175,-0.051692,-0.149640,-2.227187,0.401752
15.900000,-16.223118,-8.749703,0.520349,-0.043204,-0.148354,-2.240513,0.401791
15.916667,-16.220440,-8.755508,0.519381,-0.037487,-0.148643,-2.251504,0.383575
15.933333,-16.217028,-8.762374,0.517069,-0.025489,-0.148622,-2.261856,0.460003
15.950000,-16.213511,-8.770909,0.513405,-0.008495,-0.148666,-2.270684,0.553898
15.966667,-16.209167,-8.781350,0.507719,0.016178,-0.148880,-2.277887,0.678485
15.983333,-16.210402,-8.786090,0.509231,0.013935,-0.147781,-2.282965,0.293867
16.000000,-16.211441,-8.791409,0.509832,0.015904,-0.148066,-2.289068,0.325213
16.016667,-16.212984,-8.796911,0.510345,0.017373,-0.149098,-2.294955,0.342842
16.033333,-16.215298,-8.802613,0.510988,0.019030,-0.149940,-2.299762,0.369211
16.050000,-16.218588,-8.808446,0.511776,0.020123,-0.151038,-2.303063,0.401800
16.066667,-16.222372,-8.814371,0.512567,0.021184,-0.152102,-2.305757,0.421829
16.083333,-16.226295,-8.820535,0.513079,0.022933,-0.153591,-2.308759,0.438383
16.100000,-16.230114,-8.826573,0.513552,0.025412,-0.153709,-2.311445,0.428681
16.116667,-16.234781,-8.831932,0.514927,0.025154,-0.152687,-2.312488,0.426377
16.133333,-16.240013,-8.837277,0.516524,0.024216,-0.151053,-2.312207,0.448778
16.150000,-16.245928,-8.841433,0.519387,0.018582,-0.148293,-2.311687,0.433700
16.166667,-16.251226,-8.846587,0.521409,0.016689,-0.145258,-2.310946,0.443535
16.183333,-16.256208,-8.853022,0.522224,0.018395,-0.143510,-2.310506,0.488262
16.200000,-16.260977,-8.859313,0.523337,0.019702,-0.141204,-2.310238,0.473654
16.216667,-16.266335,-8.864725,0.525166,0.016707,-0.139409,-2.311116,0.456932
16.233333,-16.270973,-8.870262,0.527070,0.015039,-0.136914,-2.312195,0.433398
16.250000,-16.275894,-8.875940,0.528733,0.013709,-0.134717,-2.312968,0.450829
16.266667,-16.281063,-8.881473,0.530424,0.012268,-0.132723,-2.313186,0.454274
16.283333,-16.286627,-8.886962,0.532280,0.010100,-0.130595,-2.312516,0.468953
16.300000,-16.292252,-8.892249,0.534352,0.007961,-0.127705,-2.311386,0.463176
16.316667,-16.298176,-8.897048,0.536891,0.004185,-0.124080,-2.309199,0.457442
16.333333,-16.304243,-8.901399,0.539775,-0.000469,-0.119814,-2.306228,0.447956
16.350000,-16.309908,-8.906547,0.541610,-0.003240,-0.117370,-2.304226,0.459270
16.366667,-16.315332,-8.911238,0.543892,-0.007436,-0.114205,-2.303037,0.430296
16.383333,-16.320452,-8.915807,0.546208,-0.010898,-0.110284,-2.301915,0.411705
16.400000,-16.326265,-8.920671,0.548414,-0.014624,-0.107180,-2.300057,0.454790
16.416667,-16.331963,-8.925415,0.550837,-0.018117,-0.102960,-2.298312,0.444847
16.433333,-16.338644,-8.928499,0.555631,-0.027265,-0.096529,-2.295685,0.441536
16.450000,-16.346491,-8.934757,0.556647,-0.022150,-0.090164,-2.285971,0.602202
16.466667,-16.356516,-8.940454,0.558249,-0.025688,-0.089539,-2.277657,0.691849
16.483333,-16.366798,-8.947661,0.557638,-0.027273,-0.092172,-2.268219,0.753400
16.500000,-16.375029,-8.952415,0.559741,-0.030418,-0.088727,-2.262100,0.570248
16.516667,-16.382853,-8.957150,0.562202,-0.031910,-0.083538,-2.254684,0.548740
16.533333,-16.390959,-8.962173,0.564422,-0.033856,-0.079478,-2.247212,0.572150
16.550000,-16.399076,-8.966829,0.567109,-0.037066,-0.075187,-2.239791,0.561513
16.566667,-16.406252,-8.972065,0.568844,-0.036844,-0.071242,-2.232736,0.532952
16.583333,-16.413769,-8.977189,0.570596,-0.040319,-0.069329,-2.227267,0.545834
16.600000,-16.420935,-8.983182,0.571403,-0.041207,-0.068227,-2.221892,0.560494
16.616667,-16.427542,-8.987633,0.574238,-0.045287,-0.063911,-2.217020,0.477981
16.633333,-16.433680,-8.992633,0.576193,-0.046896,-0.060105,-2.212467,0.475003
16.650000,-16.439333,-8.997677,0.578164,-0.048020,-0.056353,-2.208595,0.454587
16.666667,-16.445610,-9.002330,0.580882,-0.051857,-0.052433,-2.204370,0.468815
16.683333,-16.451681,-9.008097,0.582385,-0.053474,-0.050456,-2.200672,0.502408
16.700000,-16.458059,-9.014393,0.583575,-0.056157,-0.050055,-2.197412,0.537738
16.716667,-16.464270,-9.020509,0.585253,-0.060236,-0.049211,-2.195287,0.522973
16.733333,-16.470137,-9.027304,0.585999,-0.062472,-0.049145,-2.193173,0.538641
16.750000,-16.475292,-9.033852,0.586936,-0.065587,-0.048235,-2.192650,0.500039
16.766667,-16.480024,-9.040450,0.588093,-0.068209,-0.046428,-2.192334,0.487195
16.783333,-16.483961,-9.045538,0.591249,-0.074229,-0.042174,-2.193847,0.385984
16.800000,-16.487223,-9.051879,0.592796,-0.076793,-0.039406,-2.195483,0.427838
16.816667,-16.490349,-9.057860,0.594649,-0.080095,-0.036870,-2.198184,0.404947
16.833333,-16.493357,-9.063519,0.597303,-0.084494,-0.032616,-2.201471,0.384529
16.850000,-16.496790,-9.070049,0.598586,-0.085920,-0.029436,-2.203457,0.442642
16.866667,-16.500284,-9.076832,0.599310,-0.087779,-0.028142,-2.206878,0.457783
16.883333,-16.503380,-9.083364,0.600604,-0.089819,-0.025871,-2.211154,0.433741
16.900000,-16.506804,-9.089380,0.603186,-0.093671,-0.021866,-2.214857,0.415308
16.916667,-16.509478,-9.096997,0.603154,-0.090602,-0.019534,-2.218342,0.484366
16.933333,-16.512455,-9.104058,0.604176,-0.091508,-0.017271,-2.222927,0.459784
16.950000,-16.516233,-9.110782,0.605539,-0.092484,-0.015263,-2.226144,0.462743
16.966667,-16.519749,-9.118090,0.605966,-0.090797,-0.014379,-2.229736,0.486570
16.983333,-16.523277,-9.125012,0.606925,-0.091179,-0.013310,-2.233437,0.466208
17.000000,-16.527182,-9.132689,0.606456,-0.090463,-0.014263,-2.237404,0.516721
17.016667,-16.530365,-9.139965,0.606420,-0.088517,-0.013441,-2.242559,0.476544
17.033333,-16.533836,-9.147174,0.605848,-0.085548,-0.012507,-2.247033,0.480066
17.050000,-16.537750,-9.154207,0.605417,-0.083123,-0.010276,-2.250417,0.482940
17.066667,-16.541832,-9.161081,0.605721,-0.081301,-0.007041,-2.253279,0.479676
17.083333,-16.546312,-9.168855,0.604489,-0.078431,-0.006716,-2.256445,0.538329
17.100000,-16.550232,-9.175911,0.604676,-0.076374,-0.003194,-2.259343,0.484307
17.116667,-16.554432,-9.182733,0.605294,-0.076820,-0.000037,-2.263092,0.480654
17.133333,-16.559015,-9.190118,0.605935,-0.077435,0.002104,-2.265964,0.521514
17.150000,-16.562840,-9.197486,0.607144,-0.078479,0.003952,-2.269471,0.498085
17.166667,-16.566277,-9.203892,0.609460,-0.082998,0.006292,-2.274336,0.436179
17.183333,-16.569065,-9.211147,0.610568,-0.084854,0.006946,-2.280073,0.466378
17.200000,-16.571762,-9.217952,0.612450,-0.088436,0.008098,-2.287069,0.439168
17.216667,-16.574411,-9.224618,0.614776,-0.092569,0.009395,-2.292941,0.430401
17.233333,-16.576571,-9.230796,0.617615,-0.098050,0.010983,-2.299897,0.392660
17.250000,-16.579470,-9.238534,0.617911,-0.099719,0.008926,-2.305503,0.495803
17.266667,-16.582933,-9.245147,0.620123,-0.106771,0.008485,-2.310734,0.447901
17.283333,-16.586098,-9.252194,0.621600,-0.111919,0.007997,-2.316111,0.463525
17.300000,-16.588091,-9.259347,0.622982,-0.115170,0.008217,-2.323246,0.445505
17.316667,-16.590851,-9.266275,0.625168,-0.121073,0.008515,-2.329684,0.447475
17.333333,-16.594271,-9.272517,0.627916,-0.129650,0.007956,-2.336121,0.427036
17.350000,-16.596352,-9.280235,0.627362,-0.130385,0.006139,-2.343184,0.479621
17.366667,-16.599977,-9.287477,0.627976,-0.135223,0.001992,-2.349146,0.485950
17.383333,-16.601526,-9.295074,0.626596,-0.134438,-0.001845,-2.358704,0.465138
17.400000,-16.602133,-9.301514,0.627173,-0.135778,-0.001861,-2.368749,0.388120
17.416667,-16.604042,-9.308290,0.627986,-0.139483,-0.003429,-2.377296,0.422438
17.433333,-16.606001,-9.315445,0.629144,-0.141665,-0.003063,-2.383459,0.445067
17.450000,-16.607725,-9.323170,0.628659,-0.142906,-0.004721,-2.390317,0.474891
17.466667,-16.608982,-9.330132,0.629020,-0.145354,-0.005054,-2.399377,0.424519
17.483333,-16.611101,-9.336624,0.629983,-0.150808,-0.006669,-2.408747,0.409726
17.500000,-16.611883,-9.344655,0.628324,-0.147960,-0.009195,-2.419054,0.484133
17.516667,-16.614079,-9.350558,0.629851,-0.152622,-0.008885,-2.428389,0.377895
17.533333,-16.617493,-9.358482,0.628150,-0.151839,-0.013396,-2.435978,0.517698
17.550000,-16.618162,-9.365210,0.627454,-0.150290,-0.013286,-2.448189,0.405627
17.566667,-16.619812,-9.372009,0.626861,-0.149420,-0.013531,-2.458597,0.419820
17.583333,-16.621281,-9.379098,0.625792,-0.146638,-0.013824,-2.469592,0.434352
17.600000,-16.623947,-9.385873,0.624441,-0.145191,-0.014205,-2.478624,0.436845
17.616667,-16.627359,-9.392898,0.622339,-0.142688,-0.016069,-2.486772,0.468579
17.633333,-16.631498,-9.399542,0.620653,-0.141690,-0.017845,-2.494146,0.469677
17.650000,-16.635727,-9.406318,0.618833,-0.139304,-0.018909,-2.501260,0.479224
17.666667,-16.640331,-9.413133,0.616560,-0.136431,-0.021519,-2.508897,0.493474
17.683333,-16.644300,-9.419949,0.614381,-0.131567,-0.021908,-2.516507,0.473244
17.700000,-16.650360,-9.425509,0.613959,-0.133447,-0.024741,-2.522367,0.493471
17.716667,-16.656841,-9.431099,0.615036,-0.137415,-0.027525,-2.524615,0.513510
17.733333,-16.662611,-9.435200,0.617907,-0.145062,-0.026655,-2.526408,0.424715
17.750000,-16.667622,-9.440545,0.619450,-0.149787,-0.027477,-2.528571,0.439595
17.766667,-16.672554,-9.445645,0.621761,-0.157121,-0.028200,-2.531618,0.425709
17.783333,-16.676107,-9.451641,0.622896,-0.160556,-0.030974,-2.538359,0.418177
17.800000,-16.678625,-9.457517,0.624729,-0.165385,-0.033374,-2.545183,0.383537
17.816667,-16.680599,-9.463048,0.627032,-0.170132,-0.034403,-2.552699,0.352382
17.833333,-16.682083,-9.469175,0.628738,-0.173974,-0.036232,-2.561823,0.378269
17.850000,-16.682154,-9.475050,0.630865,-0.177739,-0.036298,-2.572785,0.352503
17.866667,-16.682711,-9.481508,0.631633,-0.179255,-0.038059,-2.582574,0.388935
17.883333,-16.682735,-9.487321,0.632141,-0.180427,-0.040436,-2.594389,0.348762
17.900000,-16.682775,-9.493625,0.631019,-0.180076,-0.044151,-2.607237,0.378235
17.916667,-16.682535,-9.499585,0.631383,-0.182102,-0.046305,-2.618851,0.357918
17.933333,-16.681973,-9.505984,0.630836,-0.182494,-0.049829,-2.632861,0.385431
17.950000,-16.681307,-9.512371,0.630948,-0.183574,-0.051023,-2.645558,0.385281
17.966667,-16.681797,-9.518815,0.630547,-0.185065,-0.054153,-2.657852,0.387756
17.983333,-16.682228,-9.524632,0.631679,-0.188186,-0.054585,-2.668487,0.349945
18.000000,-16.682968,-9.530942,0.631196,-0.190249,-0.057812,-2.680831,0.381223
18.016667,-16.683109,-9.537058,0.631147,-0.192650,-0.059417,-2.694100,0.367053
18.033333,-16.683136,-9.543477,0.631590,-0.195377,-0.060717,-2.708053,0.385154
18.050000,-16.684189,-9.549218,0.632779,-0.199972,-0.061459,-2.720449,0.350212
18.066667,-16.685238,-9.555856,0.631363,-0.198234,-0.064866,-2.733588,0.403198
18.083333,-16.685371,-9.562332,0.630214,-0.196770,-0.067005,-2.748406,0.388667
18.100000,-16.686100,-9.568033,0.631165,-0.199368,-0.066979,-2.759446,0.344846
18.116667,-16.688087,-9.573364,0.632223,-0.204427,-0.068390,-2.770052,0.341368
18.133333,-16.689869,-9.578795,0.633797,-0.209126,-0.068281,-2.779495,0.342953
18.150000,-16.691462,-9.583835,0.635681,-0.213611,-0.068027,-2.790647,0.317094
18.166667,-16.693985,-9.589017,0.637328,-0.217769,-0.067721,-2.800124,0.345839
18.183333,-16.696947,-9.594275,0.638123,-0.221287,-0.069020,-2.809927,0.362077
18.200000,-16.699846,-9.601335,0.635975,-0.218602,-0.076722,-2.821777,0.457928
18.216667,-16.702024,-9.608825,0.632192,-0.214147,-0.086132,-2.836053,0.468027
18.233333,-16.702763,-9.615830,0.630526,-0.210707,-0.091261,-2.850651,0.422668
18.250000,-16.703911,-9.622450,0.629004,-0.207260,-0.094743,-2.863104,0.403098
18.266667,-16.706161,-9.629342,0.626074,-0.204802,-0.103138,-2.876848,0.435023
18.283333,-16.707836,-9.635477,0.624325,-0.203694,-0.109297,-2.890574,0.381567
18.300000,-16.709654,-9.642375,0.621789,-0.199115,-0.115287,-2.904318,0.428004
18.316667,-16.711061,-9.648335,0.620526,-0.197569,-0.119357,-2.917618,0.367465
18.333333,-16.712107,-9.654172,0.619781,-0.195412,-0.122084,-2.931306,0.355760
18.350000,-16.714422,-9.660633,0.616957,-0.189650,-0.127609,-2.943157,0.411812
18.366667,-16.715376,-9.666259,0.615861,-0.187769,-0.131747,-2.958708,0.342359
18.383333,-16.716639,-9.671697,0.615300,-0.184835,-0.133200,-2.971764,0.334951
18.400000,-16.718763,-9.677442,0.613716,-0.178579,-0.134619,-2.983365,0.367516
18.416667,-16.722231,-9.682273,0.612592,-0.175458,-0.137209,-2.993098,0.356814
18.433333,-16.725321,-9.686546,0.612652,-0.172882,-0.137655,-3.002467,0.316409
18.450000,-16.729301,-9.691389,0.611073,-0.167284,-0.141097,-3.011927,0.376128
18.466667,-16.732426,-9.695983,0.610251,-0.161603,-0.142420,-3.021569,0.333334
18.483333,-16.736208,-9.699526,0.609845,-0.159047,-0.144567,-3.030495,0.310947
18.500000,-16.740747,-9.700164,0.612319,-0.168875,-0.148499,-3.038776,0.275046
18.516667,-16.744682,-9.703365,0.612342,-0.166806,-0.149799,-3.046523,0.304364
18.533333,-16.748915,-9.706066,0.612695,-0.166459,-0.151946,-3.054108,0.301243
18.550000,-16.752996,-9.708523,0.613111,-0.165978,-0.153712,-3.062023,0.285840
18.566667,-16.757488,-9.710656,0.614015,-0.167192,-0.156415,-3.069784,0.298361
18.583333,-16.761730,-9.712965,0.614616,-0.167618,-0.159222,-3.077984,0.289775
18.600000,-16.766071,-9.715378,0.615166,-0.167913,-0.162916,-3.086763,0.297995
18.616667,-16.770493,-9.717601,0.615472,-0.167085,-0.165659,-3.094123,0.296919
18.633333,-16.775023,-9.720021,0.615513,-0.164471,-0.167458,-3.100606,0.308163
18.650000,-16.779644,-9.721776,0.615947,-0.163212,-0.168487,-3.106591,0.296606
18.666667,-16.783993,-9.725101,0.615648,-0.158427,-0.169717,-3.114274,0.328471
18.683333,-16.787640,-9.729534,0.614860,-0.151701,-0.170071,-3.123582,0.344403
18.700000,-16.790962,-9.733541,0.614360,-0.146281,-0.170933,-3.132783,0.312337
18.716667,-16.793564,-9.737061,0.614988,-0.143087,-0.170728,-3.141226,0.262579
18.733333,-16.796095,-9.741043,0.615277,-0.138446,-0.170451,3.133398,0.283127
18.750000,-16.798496,-9.744116,0.616832,-0.136413,-0.169576,3.126436,0.233986
18.766667,-16.801189,-9.747286,0.617741,-0.134879,-0.169815,3.118933,0.249575
18.783333,-16.804289,-9.749590,0.619336,-0.135479,-0.170194,3.113265,0.231722
18.800000,-16.807297,-9.752335,0.620923,-0.135871,-0.170249,3.107035,0.244316
18.816667,-16.810314,-9.755397,0.622271,-0.137062,-0.171026,3.099308,0.257946
18.833333,-16.813274,-9.759244,0.622640,-0.137728,-0.173150,3.088978,0.291251
18.850000,-16.815865,-9.764305,0.622522,-0.135916,-0.175189,3.076852,0.341127
18.866667,-16.818045,-9.769898,0.622147,-0.134691,-0.178072,3.062331,0.360189
18.883333,-16.819962,-9.777619,0.620400,-0.128175,-0.179008,3.048988,0.477321
18.900000,-16.823023,-9.787614,0.614325,-0.113832,-0.183156,3.035316,0.627170
18.916667,-16.825336,-9.797709,0.608375,-0.099119,-0.189142,3.019216,0.621439
18.933333,-16.825768,-9.807361,0.603527,-0.087175,-0.193113,3.002530,0.579648
18.950000,-16.825399,-9.814834,0.602571,-0.083615,-0.197931,2.985827,0.448923
18.966667,-16.825127,-9.822080,0.602420,-0.080840,-0.203039,2.970025,0.435069
18.983333,-16.824587,-9.829618,0.602394,-0.078844,-0.208290,2.952869,0.453486
19.000000,-16.824268,-9.837027,0.602386,-0.078247,-0.214653,2.935025,0.444899
19.016667,-16.824291,-9.843999,0.602868,-0.079744,-0.221710,2.917622,0.418341
19.033333,-16.824497,-9.850744,0.602859,-0.082734,-0.230724,2.898851,0.404909
19.050000,-16.825232,-9.856477,0.603419,-0.087798,-0.239973,2.882837,0.346763
19.066667,-16.826567,-9.865789,0.600958,-0.081837,-0.245988,2.866562,0.564471
19.083333,-16.826117,-9.876390,0.598890,-0.073886,-0.246494,2.848799,0.636636
19.100000,-16.825069,-9.887033,0.596648,-0.066418,-0.246602,2.828925,0.641607
19.116667,-16.822866,-9.897442,0.594998,-0.062128,-0.245623,2.806503,0.638395
19.133333,-16.819679,-9.908519,0.593180,-0.056299,-0.244239,2.779831,0.691580
19.150000,-16.817623,-9.921153,0.588672,-0.044853,-0.244018,2.750759,0.768030
19.166667,-16.816305,-9.936419,0.581278,-0.024688,-0.242638,2.719807,0.919392
19.183333,-16.814589,-9.951380,0.575597,-0.004806,-0.239472,2.691000,0.903507
19.200000,-16.807625,-9.955850,0.580623,-0.015350,-0.231578,2.679811,0.496492
19.216667,-16.825510,-9.962831,0.579165,0.050253,-0.236091,2.672977,1.151959
19.233333,-16.842234,-9.988311,0.576489,0.123611,-0.240147,2.607261,1.828695
19.250000,-16.836132,-9.973450,0.598711,0.071987,-0.232988,2.597773,0.963896
19.266667,-16.843060,-9.969890,0.604899,0.081355,-0.228414,2.588591,0.467323
19.283333,-16.865620,-9.991616,0.591978,0.175045,-0.219004,2.563199,1.879259
19.300000,-16.876249,-10.003483,0.588940,0.214169,-0.205268,2.538714,0.955876
19.316667,-16.869490,-9.990272,0.598724,0.166999,-0.194354,2.527534,0.890409
19.333333,-16.876862,-9.986570,0.595549,0.174612,-0.190705,2.517097,0.494932
19.350000,-16.896551,-9.991331,0.583531,0.223289,-0.199674,2.498899,1.215416
19.366667,-16.915216,-9.990993,0.575184,0.250014,-0.215062,2.485022,1.120103
19.383333,-16.927851,-9.985517,0.571428,0.248818,-0.232862,2.468026,0.826197
19.400000,-16.925755,-9.966269,0.577280,0.189626,-0.250598,2.460019,1.161652
19.416667,-16.929193,-9.956584,0.576156,0.168078,-0.261581,2.456132,0.616675
19.433333,-16.929359,-9.956415,0.577762,0.160631,-0.253183,2.457379,0.014202
19.450000,-16.944218,-9.964547,0.568323,0.198515,-0.253126,2.456399,1.016281
19.466667,-16.948311,-9.966103,0.566984,0.194846,-0.250928,2.452860,0.262725
19.483333,-16.933460,-9.954159,0.578430,0.126395,-0.240885,2.454751,1.143461
19.500000,-16.922461,-9.942882,0.586231,0.071134,-0.231360,2.463764,0.945201
19.516667,-16.928120,-9.944194,0.581805,0.086348,-0.217296,2.484993,0.348555
19.533333,-16.929823,-9.940309,0.583442,0.072433,-0.209052,2.497244,0.254533
19.550000,-16.914471,-9.926710,0.604411,0.008088,-0.182975,2.516061,1.230526
19.566667,-16.926130,-9.936051,0.597934,0.049778,-0.172637,2.529822,0.896404
19.583333,-16.875034,-9.942705,0.659884,-0.002680,-0.052234,2.542915,3.091642
19.600000,-16.843807,-9.928617,0.714322,-0.015004,0.061210,2.636245,2.055467
19.616667,-16.843983,-9.936597,0.726121,0.056888,0.054537,2.618026,0.478879
19.633333,-16.836391,-9.939684,0.748701,0.079756,0.052328,2.587289,0.491696
19.650000,-16.815939,-9.911856,0.789879,0.013905,0.052900,2.580403,2.072142
19.666667,-16.807108,-9.903938,0.810211,0.019035,0.047773,2.560268,0.711632
19.683333,-16.810875,-9.920448,0.809925,0.102125,0.043022,2.527702,1.016059
19.700000,-16.798918,-9.911680,0.829453,0.093805,0.044262,2.509648,0.889647
19.716667,-16.781321,-9.889874,0.853743,0.050292,0.043423,2.499736,1.681279
19.733333,-16.778389,-9.889756,0.856788,0.084396,0.039292,2.476116,0.176036
19.750000,-16.780277,-9.898422,0.853392,0.141030,0.037528,2.447342,0.532162
19.766667,-16.764967,-9.883999,0.865969,0.114297,0.039504,2.432624,1.262053
19.783333,-16.749321,-9.865612,0.875732,0.085894,0.039281,2.423346,1.448565
19.800000,-16.745724,-9.863126,0.870071,0.113734,0.037596,2.402014,0.262370
19.816667,-16.749147,-9.871326,0.856337,0.172772,0.038546,2.375143,0.533198
19.833333,-16.736141,-9.860973,0.855312,0.159978,0.042353,2.359313,0.997423
19.850000,-16.716291,-9.840853,0.857226,0.117986,0.044658,2.349727,1.695839
19.866667,-16.710146,-9.835501,0.843869,0.134057,0.045427,2.330563,0.488958
19.883333,-16.717154,-9.845239,0.817991,0.202657,0.047745,2.303290,0.719836
19.900000,-16.711218,-9.843357,0.801325,0.217430,0.053505,2.282087,0.373606
19.916667,-16.686460,-9.822223,0.796064,0.156839,0.058322,2.269226,1.953081
19.933333,-16.677729,-9.813841,0.774773,0.160697,0.060521,2.253194,0.726224
19.950000,-16.687378,-9.822965,0.738248,0.232203,0.063827,2.226435,0.796786
19.966667,-16.686384,-9.824195,0.709390,0.257244,0.070232,2.200191,0.094887
19.983333,-16.669155,-9.811232,0.687647,0.225538,0.076569,2.184138,1.293676
20.000000,-16.656431,-9.792473,0.662253,0.200653,0.065126,2.177040,1.360016
20.016667,-16.674929,-9.764045,0.629789,0.225445,-0.011088,2.199356,2.034975
20.033333,-16.706602,-9.744300,0.591562,0.288372,-0.087147,2.214413,2.239428
20.050000,-16.694719,-9.704782,0.583330,0.210396,-0.141457,2.235072,2.475918
20.066667,-16.678595,-9.675133,0.583094,0.156591,-0.162039,2.275776,2.025045
20.083333,-16.664364,-9.645223,0.585301,0.104513,-0.177576,2.327788,1.987374
20.100000,-16.657612,-9.627152,0.581341,0.091775,-0.179015,2.377914,1.157429
20.116667,-16.650797,-9.614371,0.580365,0.083473,-0.172429,2.425146,0.869071
20.133333,-16.646103,-9.600790,0.581091,0.071632,-0.172526,2.469822,0.862174
20.150000,-16.642580,-9.588552,0.579454,0.068423,-0.176846,2.505372,0.764072
20.166667,-16.635468,-9.576366,0.581894,0.053929,-0.175065,2.537809,0.846590
20.183333,-16.627838,-9.564531,0.584201,0.037399,-0.170926,2.569986,0.844866
20.200000,-16.623125,-9.557742,0.582329,0.038547,-0.163600,2.601336,0.495886
20.216667,-16.620213,-9.551544,0.580264,0.044875,-0.159858,2.629925,0.410889
20.233333,-16.616997,-9.543530,0.579740,0.043218,-0.158787,2.658582,0.518093
20.250000,-16.612104,-9.534126,0.582054,0.031242,-0.157471,2.684703,0.636039
20.266667,-16.609737,-9.526866,0.581854,0.027204,-0.158123,2.709188,0.458186
20.283333,-16.607319,-9.522196,0.581596,0.029044,-0.158663,2.727097,0.315554
20.300000,-16.605293,-9.517715,0.581143,0.030509,-0.159832,2.742991,0.295019
20.316667,-16.603615,-9.513712,0.581103,0.031642,-0.159833,2.759126,0.260468
20.333333,-16.602146,-9.509992,0.581015,0.031866,-0.160592,2.771345,0.239981
20.350000,-16.601206,-9.506609,0.581237,0.031826,-0.160511,2.783137,0.210657
20.366667,-16.600819,-9.504091,0.581118,0.033642,-0.160382,2.793908,0.152838
20.383333,-16.600712,-9.501266,0.580856,0.033918,-0.161017,2.803030,0.169608
20.400000,-16.600677,-9.499103,0.580848,0.034252,-0.161321,2.810247,0.129850
20.416667,-16.600807,-9.497846,0.580733,0.035597,-0.160941,2.814614,0.075817
20.433333,-16.602148,-9.495490,0.581003,0.034308,-0.162030,2.822516,0.162628
20.450000,-16.602421,-9.494339,0.581013,0.034367,-0.161168,2.824706,0.070977
20.466667,-16.604084,-9.493927,0.581187,0.034899,-0.160565,2.826071,0.102808
20.483333,-16.605543,-9.493491,0.581643,0.033588,-0.159995,2.824256,0.091369
20.500000,-16.607613,-9.493706,0.582101,0.032970,-0.158860,2.820718,0.124834
20.516667,-16.610683,-9.493770,0.582681,0.032113,-0.157835,2.818170,0.184290
20.533333,-16.614006,-9.493893,0.583363,0.030982,-0.156653,2.814569,0.199493
20.550000,-16.617939,-9.494382,0.584157,0.029937,-0.154883,2.810240,0.237796
20.566667,-16.622358,-9.495048,0.584988,0.028933,-0.153139,2.805018,0.268151
20.583333,-16.627165,-9.495793,0.585791,0.027609,-0.151542,2.798788,0.291842
20.600000,-16.631924,-9.496539,0.586728,0.026637,-0.149815,2.792296,0.289015
20.616667,-16.637274,-9.497151,0.587510,0.025560,-0.148644,2.785699,0.323102
20.633333,-16.643089,-9.498986,0.587824,0.029448,-0.147507,2.779491,0.365886
20.650000,-16.648293,-9.500139,0.588175,0.032323,-0.146829,2.772711,0.319768
20.666667,-16.652426,-9.501613,0.589627,0.034469,-0.143100,2.765869,0.263280
20.683333,-16.658396,-9.502017,0.589764,0.035424,-0.143444,2.759451,0.359021
20.700000,-16.663921,-9.501996,0.590692,0.036389,-0.141630,2.755175,0.331538
20.716667,-16.669607,-9.501102,0.591270,0.036761,-0.140928,2.751640,0.345336
20.733333,-16.675831,-9.500359,0.591350,0.038142,-0.141038,2.747589,0.376079
20.750000,-16.682312,-9.499454,0.591782,0.039788,-0.140725,2.745130,0.392643
20.766667,-16.688118,-9.498164,0.592183,0.039361,-0.141205,2.741313,0.356845
20.783333,-16.693945,-9.497486,0.592971,0.040360,-0.140335,2.739031,0.351976
20.800000,-16.699032,-9.497195,0.593457,0.041154,-0.139342,2.734353,0.305712
20.816667,-16.704922,-9.495922,0.594524,0.039675,-0.139806,2.730866,0.361555
20.833333,-16.710266,-9.496614,0.595008,0.042184,-0.138269,2.724932,0.323336
20.850000,-16.715996,-9.496462,0.595524,0.042180,-0.138675,2.719223,0.343901
20.866667,-16.721327,-9.496964,0.595661,0.044554,-0.138000,2.713104,0.321281
20.883333,-16.727163,-9.497081,0.595618,0.045634,-0.138584,2.706703,0.350259
20.900000,-16.732676,-9.497494,0.595701,0.047941,-0.138489,2.700032,0.331661
20.916667,-16.738310,-9.498029,0.595737,0.049830,-0.138143,2.693217,0.339579
20.933333,-16.744131,-9.498102,0.596039,0.049718,-0.138097,2.686584,0.349301
20.950000,-16.749752,-9.498845,0.596129,0.051344,-0.137721,2.678681,0.340190
20.966667,-16.754919,-9.499733,0.596478,0.052295,-0.136244,2.670764,0.314564
20.983333,-16.760340,-9.501228,0.596519,0.057702,-0.132188,2.665601,0.337390
21.000000,-16.766146,-9.502186,0.596813,0.062573,-0.130230,2.658954,0.353063
21.016667,-16.772009,-9.502968,0.596679,0.070232,-0.126589,2.655287,0.354907
21.033333,-16.777914,-9.501819,0.597282,0.072192,-0.124479,2.651710,0.360956
21.050000,-16.784256,-9.500131,0.597920,0.074273,-0.122916,2.648555,0.393764
21.066667,-16.790552,-9.498066,0.598732,0.076117,-0.120864,2.645833,0.397563
21.083333,-16.796751,-9.495654,0.599477,0.078208,-0.118873,2.644744,0.399093
21.100000,-16.803019,-9.492463,0.600224,0.079747,-0.117417,2.644189,0.421986
21.116667,-16.809435,-9.488182,0.601195,0.080665,-0.115995,2.645543,0.462804
21.133333,-16.815598,-9.484069,0.602097,0.082621,-0.114269,2.648230,0.444553
21.150000,-16.821432,-9.479069,0.603159,0.081888,-0.113887,2.650851,0.461038
21.166667,-16.826963,-9.473850,0.604349,0.080952,-0.112441,2.654570,0.456269
21.183333,-16.832218,-9.467497,0.605614,0.079122,-0.110758,2.659605,0.494692
21.200000,-16.836832,-9.461850,0.607857,0.077225,-0.107002,2.665340,0.437519
21.216667,-16.842411,-9.457946,0.608981,0.079349,-0.104538,2.667909,0.408569
21.233333,-16.847849,-9.453804,0.610598,0.080112,-0.101829,2.670972,0.410133
21.250000,-16.853674,-9.450139,0.611792,0.081659,-0.099671,2.673073,0.412925
21.266667,-16.859488,-9.447711,0.612823,0.085441,-0.096922,2.674028,0.378016
21.283333,-16.866022,-9.443478,0.613836,0.082912,-0.098428,2.673882,0.467161
21.300000,-16.871586,-9.439916,0.615693,0.080650,-0.097061,2.675039,0.396376
21.316667,-16.877068,-9.437190,0.617409,0.079431,-0.095371,2.674717,0.367316
21.333333,-16.883083,-9.434368,0.618848,0.077547,-0.095009,2.673755,0.398686
21.350000,-16.888666,-9.432657,0.620710,0.076525,-0.093179,2.671350,0.350345
21.366667,-16.894279,-9.432096,0.621558,0.078790,-0.092326,2.666702,0.338482
21.383333,-16.899914,-9.430899,0.622173,0.080764,-0.092418,2.662908,0.345602
21.400000,-16.905426,-9.429697,0.622914,0.082197,-0.091952,2.659145,0.338501
21.416667,-16.911161,-9.428445,0.623624,0.084909,-0.090405,2.657802,0.352230
21.433333,-16.916407,-9.424958,0.624953,0.082711,-0.090837,2.656240,0.377899
21.450000,-16.922516,-9.422855,0.624879,0.088786,-0.089932,2.658262,0.387661
21.466667,-16.927891,-9.416825,0.626134,0.086143,-0.090915,2.662923,0.484671
21.483333,-16.934778,-9.413480,0.625850,0.094978,-0.088478,2.675293,0.459418
21.500000,-16.940504,-9.406410,0.626495,0.091921,-0.088810,2.688459,0.545850
21.516667,-16.944702,-9.399096,0.627992,0.083816,-0.090898,2.694062,0.505976
21.533333,-16.948923,-9.395105,0.628652,0.084952,-0.089738,2.697323,0.348546
21.550000,-16.953699,-9.390059,0.630006,0.082990,-0.090176,2.702559,0.416865
21.566667,-16.959677,-9.384790,0.630447,0.081987,-0.093336,2.707908,0.478102
21.583333,-16.966091,-9.379712,0.630534,0.081330,-0.096971,2.712081,0.490879
21.600000,-16.972525,-9.374213,0.631392,0.079302,-0.100069,2.716533,0.507798
21.616667,-16.978825,-9.370200,0.631851,0.080226,-0.101791,2.719036,0.448174
21.633333,-16.984959,-9.367160,0.632655,0.082099,-0.102395,2.720932,0.410769
21.650000,-16.991602,-9.362981,0.633367,0.080114,-0.105900,2.721467,0.470904
21.666667,-16.998169,-9.359148,0.634318,0.079237,-0.108126,2.722579,0.456221
21.683333,-17.004545,-9.356107,0.635289,0.079841,-0.109658,2.722771,0.423865
21.700000,-17.010759,-9.352942,0.636264,0.080166,-0.111048,2.723511,0.418430
21.716667,-17.016619,-9.351026,0.637146,0.082242,-0.111620,2.722030,0.369880
21.733333,-17.022381,-9.348577,0.638099,0.083784,-0.111862,2.721982,0.375635
21.750000,-17.028042,-9.346564,0.638949,0.085632,-0.111493,2.721264,0.360500
21.766667,-17.033464,-9.345042,0.639849,0.088037,-0.109925,2.720129,0.337929
21.783333,-17.039291,-9.342484,0.640842,0.088142,-0.109736,2.719359,0.381816
21.800000,-17.044785,-9.342054,0.641223,0.093292,-0.107397,2.717085,0.330599
21.816667,-17.050501,-9.340824,0.641732,0.095556,-0.106729,2.713920,0.350833
21.833333,-17.057014,-9.338921,0.642083,0.096550,-0.108651,2.711319,0.407163
21.850000,-17.063772,-9.336004,0.642933,0.093284,-0.112969,2.709602,0.441610
21.866667,-17.070560,-9.333172,0.644030,0.090965,-0.115851,2.708776,0.441328
21.883333,-17.077269,-9.330279,0.644937,0.088240,-0.118373,2.707588,0.438311
21.900000,-17.083838,-9.327488,0.645981,0.085665,-0.120298,2.706157,0.428244
21.916667,-17.090683,-9.325129,0.646804,0.084618,-0.122337,2.704622,0.434440
21.933333,-17.097527,-9.322417,0.647671,0.082990,-0.124320,2.703164,0.441665
21.950000,-17.104830,-9.321208,0.647794,0.087060,-0.124902,2.702241,0.444160
21.966667,-17.112005,-9.319294,0.648639,0.088670,-0.125952,2.701409,0.445580
21.983333,-17.118340,-9.316273,0.649701,0.088616,-0.128346,2.702502,0.421076
22.000000,-17.124001,-9.313868,0.649818,0.092009,-0.131903,2.703242,0.369046
22.016667,-17.128071,-9.312856,0.649404,0.100515,-0.133106,2.703159,0.251650
22.033333,-17.132133,-9.311434,0.649041,0.107914,-0.134382,2.703453,0.258258
22.050000,-17.136507,-9.309594,0.648689,0.114906,-0.135160,2.705526,0.284682
22.066667,-17.140291,-9.306974,0.648469,0.120190,-0.136145,2.707861,0.276150
22.083333,-17.144295,-9.304708,0.648064,0.126748,-0.136783,2.710000,0.276017
22.100000,-17.148069,-9.301520,0.647680,0.132110,-0.137424,2.713739,0.296452
22.116667,-17.152393,-9.297825,0.647693,0.135957,-0.139373,2.717943,0.341280
22.133333,-17.156733,-9.293524,0.648045,0.137555,-0.141821,2.723748,0.366580
22.150000,-17.160439,-9.287378,0.648843,0.133924,-0.145444,2.730349,0.430586
22.166667,-17.164547,-9.281820,0.649405,0.132892,-0.148351,2.738048,0.414698
22.183333,-17.168501,-9.276285,0.650196,0.131750,-0.150508,2.746077,0.408138
22.200000,-17.172901,-9.270552,0.650695,0.130873,-0.153843,2.753381,0.433643
22.216667,-17.177139,-9.264579,0.651504,0.128753,-0.155966,2.761876,0.439423
22.233333,-17.181498,-9.259570,0.651833,0.129468,-0.157670,2.769993,0.398365
22.250000,-17.186369,-9.254561,0.651693,0.130710,-0.160307,2.777181,0.419216
22.266667,-17.191597,-9.249102,0.651263,0.131556,-0.163304,2.785715,0.453553
22.283333,-17.196329,-9.243546,0.650871,0.132680,-0.165826,2.793688,0.437847
22.300000,-17.201719,-9.236464,0.650857,0.130961,-0.169567,2.805019,0.534040
22.316667,-17.207333,-9.230434,0.650581,0.131776,-0.171643,2.814989,0.494262
22.333333,-17.213730,-9.224347,0.650188,0.132672,-0.175004,2.824906,0.529838
22.350000,-17.219627,-9.218697,0.650195,0.134205,-0.177015,2.834159,0.490054
22.366667,-17.226692,-9.212271,0.649774,0.133600,-0.182287,2.842699,0.573003
22.383333,-17.233324,-9.204771,0.650207,0.129920,-0.187475,2.852967,0.600680
22.400000,-17.239819,-9.198649,0.650429,0.128842,-0.191681,2.863003,0.535492
22.416667,-17.247038,-9.192134,0.650137,0.126425,-0.197705,2.872745,0.583484
22.433333,-17.253408,-9.185932,0.650514,0.124570,-0.201149,2.882224,0.533445
22.450000,-17.260399,-9.180790,0.650267,0.126221,-0.203843,2.892275,0.520683
22.466667,-17.267469,-9.174582,0.650611,0.126067,-0.206455,2.904846,0.564565
22.483333,-17.275503,-9.168291,0.649783,0.127383,-0.210046,2.921313,0.612208
22.500000,-17.282581,-9.160886,0.649924,0.125946,-0.212665,2.935892,0.614638
22.516667,-17.289331,-9.153120,0.650555,0.122905,-0.214328,2.951719,0.617362
22.533333,-17.297373,-9.146161,0.649676,0.123335,-0.217949,2.967210,0.638065
22.550000,-17.304655,-9.138469,0.649927,0.121558,-0.219123,2.984348,0.635556
22.566667,-17.311974,-9.132676,0.649513,0.124008,-0.219838,3.000494,0.560012
22.583333,-17.318703,-9.126248,0.650263,0.123242,-0.219721,3.016047,0.558346
22.600000,-17.326296,-9.120947,0.650206,0.125897,-0.220992,3.030922,0.555645
22.616667,-17.332504,-9.115902,0.651183,0.125687,-0.224528,3.046615,0.479985
22.633333,-17.336811,-9.111141,0.652461,0.123167,-0.226330,3.060087,0.385185
22.650000,-17.340263,-9.107388,0.653186,0.121494,-0.228269,3.070678,0.305990
22.666667,-17.342789,-9.103866,0.653861,0.119101,-0.229814,3.080582,0.260024
22.683333,-17.344849,-9.100668,0.654321,0.116691,-0.230396,3.090266,0.228224
22.700000,-17.345791,-9.098157,0.654452,0.114888,-0.230217,3.098061,0.160919
22.716667,-17.345757,-9.096216,0.654274,0.113512,-0.229268,3.104171,0.116462
22.733333,-17.345465,-9.094522,0.653953,0.111978,-0.227654,3.111426,0.103177
22.750000,-17.344528,-9.092991,0.653375,0.110430,-0.224389,3.119625,0.107665
22.766667,-17.343302,-9.091741,0.652701,0.108960,-0.220662,3.128195,0.105082
22.783333,-17.342894,-9.090320,0.652211,0.108187,-0.218471,3.136949,0.088706
22.800000,-17.342833,-9.088778,0.651881,0.107528,-0.217163,-3.137311,0.092598
22.816667,-17.342510,-9.087012,0.651192,0.107639,-0.214454,-3.126390,0.107666
22.833333,-17.342325,-9.085836,0.650442,0.109356,-0.211369,-3.115132,0.071421
22.850000,-17.341795,-9.082854,0.651647,0.104915,-0.209857,-3.109076,0.181735
22.866667,-17.342785,-9.081215,0.651597,0.105331,-0.210775,-3.102707,0.114904
22.883333,-17.345148,-9.079989,0.650975,0.107506,-0.213881,-3.096274,0.159723
22.900000,-17.348804,-9.078996,0.649981,0.110865,-0.218650,-3.088793,0.227341
22.916667,-17.350571,-9.077038,0.649770,0.112271,-0.219401,-3.082088,0.158209
22.933333,-17.353458,-9.075232,0.649623,0.114053,-0.222000,-3.075209,0.204366
22.950000,-17.354984,-9.074079,0.649260,0.117621,-0.223302,-3.071228,0.114751
22.966667,-17.355944,-9.074883,0.648545,0.126075,-0.225148,-3.071245,0.075102
22.983333,-17.356852,-9.074939,0.647740,0.131403,-0.227240,-3.070227,0.054578
23.000000,-17.357418,-9.073756,0.647670,0.134915,-0.227446,-3.067685,0.078674
23.016667,-17.359037,-9.071834,0.647022,0.136812,-0.230462,-3.063353,0.150822
23.033333,-17.360502,-9.068360,0.647314,0.134164,-0.232770,-3.056934,0.226173
23.050000,-17.361919,-9.063687,0.647316,0.129425,-0.233184,-3.047901,0.292990
23.066667,-17.363363,-9.058738,0.647833,0.123757,-0.231957,-3.034893,0.309352
23.083333,-17.363031,-9.055120,0.649028,0.119694,-0.228749,-3.026359,0.218006
23.100000,-17.362720,-9.051911,0.649903,0.115980,-0.226633,-3.018104,0.193391
23.116667,-17.364231,-9.049269,0.650219,0.114605,-0.226896,-3.007995,0.182635
23.133333,-17.364891,-9.046867,0.650725,0.112602,-0.225712,-2.998794,0.149423
23.150000,-17.364332,-9.043778,0.651775,0.108628,-0.223006,-2.991486,0.188346
23.166667,-17.364506,-9.041225,0.652260,0.106082,-0.221528,-2.983402,0.153533
23.183333,-17.365686,-9.038486,0.653228,0.101999,-0.220507,-2.972487,0.179007
23.200000,-17.364746,-9.035192,0.653751,0.097487,-0.216482,-2.963707,0.205480
23.216667,-17.364380,-9.030153,0.655346,0.089522,-0.213197,-2.954484,0.303150
23.233333,-17.363979,-9.023997,0.657326,0.078480,-0.208569,-2.943110,0.370139
23.250000,-17.363791,-9.016852,0.659567,0.063999,-0.203225,-2.929835,0.428845
23.266667,-17.365124,-9.008967,0.661741,0.047700,-0.198558,-2.912514,0.479814
23.283333,-17.367994,-8.998809,0.665462,0.026231,-0.193866,-2.890249,0.633380
23.300000,-17.372404,-8.987907,0.669657,0.002592,-0.189930,-2.864385,0.705575
23.316667,-17.379538,-8.977659,0.675580,-0.025096,-0.194655,-2.841470,0.749188
23.333333,-17.385250,-8.970024,0.679954,-0.043220,-0.196033,-2.819353,0.572136
23.350000,-17.392580,-8.967820,0.683550,-0.040121,-0.231827,-2.839298,0.459247
23.366667,-17.397291,-8.963980,0.687609,-0.039526,-0.260628,-2.860065,0.364689
23.383333,-17.399778,-8.959471,0.690763,-0.038397,-0.283659,-2.881245,0.308967
23.400000,-17.399456,-8.954684,0.693014,-0.036756,-0.300214,-2.903306,0.287840
23.416667,-17.397415,-8.950772,0.693036,-0.031127,-0.312106,-2.925554,0.264740
23.433333,-17.393160,-8.945287,0.692741,-0.028980,-0.318526,-2.947992,0.416551
23.450000,-17.386681,-8.939822,0.690932,-0.025027,-0.319003,-2.970257,0.508559
23.466667,-17.377939,-8.934315,0.687807,-0.020055,-0.313595,-2.992374,0.619902
23.483333,-17.366755,-8.928630,0.683723,-0.015114,-0.302104,-3.014442,0.752791
23.500000,-17.353094,-8.922652,0.679133,-0.011333,-0.284372,-3.036274,0.894663
23.516667,-17.336205,-8.915532,0.675236,-0.012118,-0.259369,-3.058320,1.099743
23.533333,-17.317532,-8.909344,0.671368,-0.013253,-0.230077,-3.080261,1.180301
23.550000,-17.302204,-8.908926,0.665571,-0.006402,-0.208310,-3.097469,0.919989
23.566667,-17.287825,-8.911128,0.659946,0.012421,-0.191403,-3.116844,0.872828
23.583333,-17.278824,-8.907060,0.658441,0.010973,-0.191630,-3.129656,0.592652
23.600000,-17.273680,-8.905818,0.656245,0.017042,-0.191768,-3.127446,0.317511
23.616667,-17.270092,-8.901356,0.655240,0.013673,-0.193148,-3.120867,0.343541
23.633333,-17.266125,-8.894340,0.655142,0.003335,-0.193309,-3.112778,0.483610
23.650000,-17.262209,-8.890458,0.653978,0.001733,-0.194087,-3.105748,0.330812
23.666667,-17.258152,-8.886896,0.652950,-0.000267,-0.194941,-3.100577,0.323924
23.683333,-17.253859,-8.883229,0.652051,-0.002806,-0.195554,-3.096959,0.338772
23.700000,-17.249279,-8.880579,0.650645,-0.002063,-0.195502,-3.094520,0.317468
23.716667,-17.245037,-8.878368,0.649135,0.000114,-0.195475,-3.092471,0.287004
23.733333,-17.240881,-8.876154,0.647833,0.001733,-0.195679,-3.092822,0.282555
23.750000,-17.237507,-8.874043,0.646572,0.004171,-0.196314,-3.092970,0.238787
23.766667,-17.232210,-8.872155,0.645412,0.006053,-0.195539,-3.097721,0.337394
23.783333,-17.227591,-8.869887,0.644655,0.006429,-0.195154,-3.101264,0.308774
23.800000,-17.223452,-8.866896,0.644341,0.005228,-0.194177,-3.102906,0.306417
23.816667,-17.220438,-8.863993,0.644244,0.004021,-0.193998,-3.103113,0.251064
23.833333,-17.218439,-8.860610,0.644126,0.002476,-0.192747,-3.098961,0.235748
23.850000,-17.216642,-8.856491,0.644291,-0.000136,-0.190293,-3.092413,0.269624
23.866667,-17.215019,-8.852463,0.644710,-0.002850,-0.188935,-3.087650,0.260582
23.883333,-17.213594,-8.848399,0.645095,-0.005453,-0.187334,-3.082991,0.258369
23.900000,-17.212440,-8.844302,0.645623,-0.008094,-0.185526,-3.077996,0.255384
23.916667,-17.211626,-8.840581,0.645920,-0.009782,-0.183665,-3.072921,0.228559
23.933333,-17.211697,-8.836663,0.646443,-0.012315,-0.182327,-3.066165,0.235100
23.950000,-17.212202,-8.832623,0.647080,-0.015399,-0.180663,-3.057913,0.244332
23.966667,-17.212955,-8.828611,0.648056,-0.019010,-0.178658,-3.048534,0.244878
23.983333,-17.214348,-8.825053,0.648704,-0.021718,-0.177217,-3.038501,0.229253
24.000000,-17.216265,-8.821340,0.650174,-0.026273,-0.174910,-3.027012,0.250749
24.016667,-17.218554,-8.818135,0.651597,-0.030859,-0.173168,-3.016499,0.236270
24.033333,-17.222197,-8.816291,0.651355,-0.030719,-0.173072,-3.004666,0.245000
24.050000,-17.225508,-8.814228,0.652235,-0.032698,-0.172938,-2.995435,0.234068
24.066667,-17.228310,-8.812581,0.652975,-0.034394,-0.172482,-2.988829,0.195007
24.083333,-17.230495,-8.811292,0.653879,-0.036177,-0.171731,-2.985802,0.152266
24.100000,-17.233112,-8.809731,0.655712,-0.040148,-0.170385,-2.981730,0.182802
24.116667,-17.236668,-8.809454,0.655880,-0.039772,-0.170693,-2.978185,0.213967
24.133333,-17.239979,-8.808887,0.656818,-0.041137,-0.170345,-2.975292,0.201556
24.150000,-17.243626,-8.808867,0.657117,-0.040443,-0.171376,-2.973569,0.218814
24.166667,-17.247301,-8.808941,0.657430,-0.039748,-0.172123,-2.971327,0.220572
24.183333,-17.250614,-8.808470,0.658442,-0.041017,-0.172650,-2.970719,0.200784
24.200000,-17.254324,-8.809117,0.658813,-0.039816,-0.174486,-2.970977,0.225953
24.216667,-17.257816,-8.810214,0.659352,-0.038851,-0.176219,-2.972074,0.219631
24.233333,-17.259714,-8.811976,0.660044,-0.037140,-0.176525,-2.975849,0.155395
24.250000,-17.261642,-8.814699,0.660014,-0.034478,-0.178316,-2.981303,0.200186
24.266667,-17.263128,-8.818206,0.659895,-0.030780,-0.179767,-2.988103,0.228507
24.283333,-17.264158,-8.822274,0.659826,-0.027006,-0.181257,-2.996854,0.251804
24.300000,-17.264505,-8.827035,0.659511,-0.022299,-0.181954,-3.007330,0.286403
24.316667,-17.264919,-8.831850,0.659418,-0.018467,-0.182782,-3.018172,0.289971
24.333333,-17.265408,-8.836794,0.659448,-0.015286,-0.183715,-3.029485,0.298074
24.350000,-17.265009,-8.842565,0.659304,-0.011224,-0.183878,-3.042884,0.347066
24.366667,-17.264294,-8.848392,0.659166,-0.007434,-0.184189,-3.058046,0.352298
24.383333,-17.263323,-8.854327,0.659025,-0.003597,-0.184296,-3.073535,0.360816
24.400000,-17.262917,-8.860469,0.658820,-0.000076,-0.184847,-3.088362,0.369305
24.416667,-17.262342,-8.866816,0.658723,0.003018,-0.186157,-3.104777,0.382357
24.433333,-17.261230,-8.874041,0.658279,0.007892,-0.186097,-3.121910,0.438606
24.450000,-17.261356,-8.881195,0.657301,0.012236,-0.188341,-3.138431,0.429334
24.466667,-17.262281,-8.887206,0.656996,0.013934,-0.192522,3.130045,0.364906
24.483333,-17.262499,-8.894178,0.656383,0.017046,-0.195326,3.113760,0.418542
24.500000,-17.262325,-8.901879,0.655315,0.020906,-0.198328,3.095117,0.462173
24.516667,-17.261646,-8.911018,0.653367,0.027940,-0.200685,3.074427,0.549855
24.533333,-17.260035,-8.919980,0.652101,0.032621,-0.202085,3.052064,0.546327
24.550000,-17.257647,-8.929673,0.651195,0.040518,-0.200138,3.031203,0.598978
24.566667,-17.254543,-8.939581,0.650890,0.048206,-0.197032,3.009706,0.622941
24.583333,-17.251040,-8.949182,0.650689,0.055426,-0.193857,2.988669,0.613201
24.600000,-17.248308,-8.958156,0.650228,0.063380,-0.191632,2.969404,0.562831
24.616667,-17.245422,-8.966546,0.650407,0.068844,-0.188199,2.951626,0.532370
24.633333,-17.243141,-8.974390,0.649965,0.073926,-0.186689,2.933276,0.490137
24.650000,-17.241293,-8.982768,0.649550,0.079845,-0.184382,2.915605,0.514768
24.666667,-17.240513,-8.988454,0.649960,0.080256,-0.185310,2.899976,0.344344
24.683333,-17.239803,-8.995335,0.650121,0.083111,-0.184316,2.884656,0.415035
24.700000,-17.239054,-9.001181,0.650619,0.083289,-0.183939,2.869564,0.353633
24.716667,-17.238680,-9.006027,0.650763,0.083662,-0.184605,2.855831,0.291658
24.733333,-17.238331,-9.011422,0.650802,0.083994,-0.184443,2.840957,0.324373
24.750000,-17.237787,-9.017200,0.650718,0.085911,-0.182844,2.827769,0.348173
24.766667,-17.237576,-9.023364,0.650374,0.088391,-0.181139,2.813200,0.370091
24.783333,-17.237288,-9.029736,0.649933,0.090590,-0.179137,2.797519,0.382680
24.800000,-17.237415,-9.035727,0.649901,0.091020,-0.177582,2.780982,0.359541
24.816667,-17.238277,-9.041196,0.650116,0.091396,-0.176156,2.766854,0.332211
24.833333,-17.239641,-9.047185,0.650060,0.095628,-0.175365,2.752944,0.368543
24.850000,-17.241558,-9.052630,0.650074,0.099559,-0.174426,2.740145,0.346381
24.866667,-17.243427,-9.057201,0.650346,0.101686,-0.174260,2.726318,0.296303
24.883333,-17.245529,-9.061006,0.650720,0.103388,-0.175559,2.713592,0.260776
24.900000,-17.247595,-9.066772,0.650263,0.111994,-0.175228,2.702802,0.367486
24.916667,-17.249092,-9.072126,0.649881,0.118604,-0.175514,2.690230,0.333616
24.933333,-17.251101,-9.077830,0.649586,0.126523,-0.175479,2.678464,0.362832
24.950000,-17.252419,-9.082937,0.649374,0.132030,-0.175205,2.667591,0.316455
24.966667,-17.252985,-9.087095,0.649342,0.136200,-0.174730,2.657696,0.251786
24.983333,-17.254486,-9.091255,0.649345,0.141977,-0.173789,2.650449,0.265348
25.000000,-17.255775,-9.094096,0.649681,0.144650,-0.174282,2.643047,0.187194
25.016667,-17.257061,-9.097392,0.649809,0.149018,-0.173392,2.636567,0.212264
25.033333,-17.257700,-9.100430,0.649692,0.152987,-0.172627,2.629057,0.186236
25.050000,-17.259354,-9.103253,0.649640,0.156788,-0.172625,2.622201,0.196344
25.066667,-17.261381,-9.105081,0.649815,0.159517,-0.173419,2.616490,0.163764
25.083333,-17.263485,-9.108589,0.649660,0.165410,-0.172546,2.607553,0.245458
25.100000,-17.265362,-9.109898,0.649831,0.167645,-0.173034,2.602482,0.137274
25.116667,-17.267870,-9.113238,0.649717,0.173843,-0.171633,2.594658,0.250649
25.133333,-17.271013,-9.115407,0.649931,0.178207,-0.171519,2.587944,0.229130
25.150000,-17.272472,-9.118019,0.649897,0.182040,-0.171303,2.573952,0.179521
25.166667,-17.274294,-9.120127,0.649822,0.186128,-0.170064,2.565035,0.167141
25.183333,-17.276777,-9.122424,0.649888,0.190600,-0.168890,2.555302,0.202984
25.200000,-17.279446,-9.124125,0.650062,0.194723,-0.167928,2.546619,0.189847
25.216667,-17.282604,-9.125868,0.650162,0.199369,-0.167139,2.537637,0.216464
25.233333,-17.285845,-9.127518,0.650278,0.204390,-0.165800,2.530364,0.218184
25.250000,-17.289513,-9.128447,0.650562,0.208187,-0.164918,2.523241,0.227017
25.266667,-17.293335,-9.127573,0.651110,0.208973,-0.165736,2.518488,0.235253
25.283333,-17.297899,-9.126238,0.651478,0.211547,-0.166763,2.516832,0.285333
25.300000,-17.302502,-9.124288,0.651801,0.215156,-0.167159,2.518106,0.299915
25.316667,-17.307116,-9.121811,0.652219,0.218668,-0.167662,2.520384,0.314195
25.333333,-17.311823,-9.117995,0.652648,0.220648,-0.168807,2.524484,0.363573
25.350000,-17.316864,-9.113898,0.652851,0.222948,-0.170321,2.529235,0.389761
25.366667,-17.321672,-9.108615,0.653247,0.223551,-0.172337,2.534546,0.428632
25.383333,-17.326866,-9.102545,0.653380,0.223652,-0.175181,2.541176,0.479329
25.400000,-17.332165,-9.095471,0.653662,0.222428,-0.178692,2.549099,0.530274
25.416667,-17.337446,-9.087445,0.653890,0.219485,-0.182511,2.558113,0.576476
25.433333,-17.342852,-9.078247,0.654313,0.214228,-0.187646,2.567928,0.640134
25.450000,-17.348413,-9.069459,0.654499,0.210533,-0.192103,2.578841,0.624014
25.466667,-17.353279,-9.059859,0.655298,0.204611,-0.195883,2.590506,0.645742
25.483333,-17.358109,-9.050585,0.656274,0.198923,-0.199533,2.602573,0.627392
25.500000,-17.362232,-9.041001,0.657733,0.189930,-0.203327,2.613379,0.625981
25.516667,-17.366026,-9.031807,0.659562,0.180546,-0.206797,2.623936,0.596778
25.533333,-17.371393,-9.024761,0.659413,0.179801,-0.210336,2.633935,0.531433
25.550000,-17.374182,-9.014398,0.662006,0.166538,-0.212564,2.644926,0.643931
25.566667,-17.376841,-9.004428,0.665297,0.153755,-0.212938,2.655901,0.619090
25.583333,-17.380764,-8.998987,0.667249,0.153538,-0.210469,2.665295,0.402468
25.600000,-17.384216,-8.992530,0.669597,0.148142,-0.210356,2.672951,0.439336
25.616667,-17.387520,-8.987489,0.671779,0.143722,-0.210144,2.678240,0.361627
25.633333,-17.391638,-8.982334,0.673696,0.139042,-0.211621,2.683847,0.395853
25.650000,-17.395735,-8.977763,0.675719,0.134961,-0.212515,2.688439,0.368299
25.666667,-17.399929,-8.974079,0.677773,0.131924,-0.212928,2.692204,0.334948
25.683333,-17.404055,-8.969784,0.679935,0.126553,-0.213826,2.695580,0.357343
25.700000,-17.408777,-8.966122,0.681626,0.123019,-0.215197,2.698236,0.358567
25.716667,-17.413952,-8.962597,0.682823,0.120785,-0.216525,2.701009,0.375664
25.733333,-17.419697,-8.959116,0.684032,0.118403,-0.218619,2.702517,0.403033
25.750000,-17.425360,-8.956691,0.685063,0.118405,-0.219062,2.702309,0.369622
25.766667,-17.431465,-8.953608,0.686422,0.116438,-0.220429,2.702601,0.410386
25.783333,-17.437277,-8.950438,0.688209,0.113553,-0.220862,2.702536,0.397202
25.800000,-17.442633,-8.947050,0.690659,0.108512,-0.222061,2.703700,0.380231
25.816667,-17.448021,-8.943431,0.693255,0.103013,-0.223387,2.705529,0.389455
25.833333,-17.453503,-8.940189,0.695840,0.097935,-0.224905,2.705895,0.382105
25.850000,-17.458963,-8.937167,0.698678,0.093005,-0.226229,2.705850,0.374476
25.866667,-17.464401,-8.934413,0.701223,0.088416,-0.227525,2.704882,0.365734
25.883333,-17.469967,-8.932829,0.703211,0.086292,-0.228086,2.701993,0.347201
25.900000,-17.475636,-8.930799,0.705593,0.082725,-0.228895,2.699456,0.361258
25.916667,-17.481754,-8.930172,0.706636,0.083113,-0.229555,2.694397,0.369052
25.933333,-17.487499,-8.929110,0.708333,0.081255,-0.229883,2.690106,0.350540
25.950000,-17.493584,-8.928607,0.709437,0.081336,-0.230329,2.684498,0.366310
25.966667,-17.499296,-8.928639,0.709632,0.083170,-0.230643,2.677721,0.342756
25.983333,-17.505140,-8.928061,0.710605,0.083161,-0.230988,2.672158,0.352363
26.000000,-17.510948,-8.928780,0.710695,0.086864,-0.229242,2.666121,0.351133
26.016667,-17.516474,-8.926418,0.711538,0.084641,-0.229210,2.663625,0.360539
26.033333,-17.523039,-8.923876,0.712705,0.083671,-0.231125,2.664181,0.422413
26.050000,-17.529461,-8.919708,0.713866,0.081619,-0.233421,2.667227,0.459348
26.066667,-17.535309,-8.916133,0.714616,0.083101,-0.233894,2.672113,0.411257
26.083333,-17.540384,-8.912032,0.715540,0.083865,-0.234200,2.678509,0.391505
26.100000,-17.545221,-8.907164,0.716883,0.083347,-0.234539,2.685537,0.411774
26.116667,-17.550194,-8.902504,0.717789,0.084435,-0.234795,2.692833,0.408871
26.133333,-17.555153,-8.897408,0.718777,0.084564,-0.234988,2.700650,0.426619
26.150000,-17.560104,-8.892336,0.719651,0.084740,-0.235050,2.708151,0.425316
26.166667,-17.564949,-8.886420,0.721088,0.082932,-0.235061,2.716348,0.458777
26.183333,-17.570114,-8.880112,0.722425,0.080240,-0.235716,2.726331,0.489197
26.200000,-17.575920,-8.873110,0.723240,0.078122,-0.237397,2.737816,0.545755
26.216667,-17.581898,-8.864094,0.724236,0.070809,-0.242254,2.749777,0.649057
26.233333,-17.588192,-8.857389,0.724344,0.071231,-0.244218,2.762238,0.551757
26.250000,-17.594879,-8.850399,0.724673,0.070283,-0.246610,2.775922,0.580434
26.266667,-17.600538,-8.843369,0.725674,0.067529,-0.248754,2.785143,0.541509
26.283333,-17.605600,-8.835082,0.727747,0.059590,-0.249611,2.795475,0.582620
26.300000,-17.612099,-8.827814,0.728200,0.057247,-0.250869,2.806739,0.584966
26.316667,-17.618280,-8.821988,0.728642,0.059023,-0.249547,2.818329,0.509668
26.333333,-17.624876,-8.816465,0.728858,0.062375,-0.249262,2.830208,0.516149
26.350000,-17.632359,-8.811020,0.728267,0.067167,-0.250803,2.843984,0.555256
26.366667,-17.640715,-8.806243,0.726788,0.074990,-0.253183,2.857816,0.577509
26.383333,-17.648615,-8.800582,0.726119,0.078839,-0.255511,2.872299,0.583146
26.400000,-17.655693,-8.794461,0.726114,0.080502,-0.256487,2.886985,0.561451
26.416667,-17.662304,-8.788097,0.726594,0.080691,-0.257307,2.901597,0.550571
26.433333,-17.668633,-8.782011,0.727187,0.081015,-0.257453,2.915552,0.526821
26.450000,-17.674364,-8.775249,0.728528,0.078475,-0.256568,2.929937,0.531837
26.466667,-17.680563,-8.768875,0.729146,0.076959,-0.256581,2.943252,0.533489
26.483333,-17.687500,-8.762753,0.728917,0.077434,-0.257539,2.956745,0.555111
26.500000,-17.695238,-8.757634,0.727229,0.082030,-0.259114,2.969503,0.556695
26.516667,-17.703077,-8.751811,0.726303,0.084709,-0.259887,2.984236,0.585921
26.533333,-17.707819,-8.744381,0.729139,0.076605,-0.257369,2.997621,0.528850
26.550000,-17.714935,-8.738698,0.729436,0.076189,-0.257877,3.011339,0.546421
26.566667,-17.722979,-8.734145,0.728492,0.079882,-0.259742,3.024820,0.554547
26.583333,-17.729803,-8.729231,0.728764,0.080158,-0.259691,3.037832,0.504585
26.600000,-17.734669,-8.724210,0.730431,0.076117,-0.258603,3.046383,0.419511
26.616667,-17.740005,-8.719476,0.731719,0.072822,-0.258629,3.055786,0.428032
26.633333,-17.745188,-8.713667,0.733799,0.066016,-0.258272,3.066501,0.467070
26.650000,-17.749729,-8.707257,0.737168,0.055257,-0.257485,3.076701,0.471326
26.666667,-17.754944,-8.701336,0.739584,0.047167,-0.257202,3.086374,0.473413
26.683333,-17.760584,-8.696208,0.741465,0.041068,-0.257099,3.095934,0.457361
26.700000,-17.765310,-8.690041,0.744812,0.030638,-0.255412,3.104794,0.466212
26.716667,-17.772179,-8.685472,0.745438,0.027954,-0.256260,3.115500,0.494957
26.733333,-17.777836,-8.679189,0.748387,0.019116,-0.254597,3.126143,0.507266
26.750000,-17.785017,-8.674547,0.749134,0.016675,-0.254666,3.137535,0.513037
26.766667,-17.791887,-8.670516,0.749772,0.015149,-0.255128,-3.135940,0.477937
26.783333,-17.800880,-8.669552,0.746575,0.024173,-0.259066,-3.126351,0.542681
26.800000,-17.811787,-8.671994,0.739583,0.044469,-0.266107,-3.116362,0.670581
26.816667,-17.818293,-8.668742,0.739918,0.044118,-0.265656,-3.107296,0.436408
26.833333,-17.824997,-8.666284,0.739781,0.046528,-0.265202,-3.097302,0.428455
26.850000,-17.830822,-8.662881,0.740629,0.046031,-0.262655,-3.086302,0.404765
26.866667,-17.835695,-8.658319,0.743139,0.040968,-0.259416,-3.076482,0.400538
26.883333,-17.841488,-8.654507,0.744739,0.038873,-0.256282,-3.065570,0.416058
26.900000,-17.846180,-8.650904,0.747014,0.035918,-0.252437,-3.057861,0.354950
26.916667,-17.851120,-8.647945,0.748849,0.033850,-0.249312,-3.050566,0.345485
26.933333,-17.856623,-8.645067,0.750850,0.031645,-0.246476,-3.041455,0.372598
26.950000,-17.861988,-8.642441,0.752912,0.029383,-0.243960,-3.034063,0.358423
26.966667,-17.867575,-8.639986,0.754898,0.027113,-0.240967,-3.026409,0.366129
26.983333,-17.873356,-8.637697,0.757199,0.024919,-0.237972,-3.019053,0.373066
27.000000,-17.880033,-8.636598,0.757973,0.026356,-0.236812,-3.011621,0.406053
27.016667,-17.887625,-8.637979,0.756405,0.034360,-0.238058,-3.005619,0.462950
27.033333,-17.893299,-8.637693,0.757292,0.035350,-0.236185,-3.001181,0.340891
27.050000,-17.898077,-8.636810,0.759040,0.033567,-0.233143,-2.998339,0.291530
27.066667,-17.901934,-8.636550,0.761070,0.031281,-0.229637,-2.998190,0.231926
27.083333,-17.905973,-8.638085,0.761870,0.033907,-0.226521,-2.998926,0.259303
27.100000,-17.909416,-8.639670,0.763069,0.036397,-0.222475,-3.000259,0.227406
27.116667,-17.912556,-8.641068,0.764515,0.037652,-0.218064,-3.001848,0.206204
27.133333,-17.915579,-8.643164,0.765240,0.042226,-0.213772,-3.003993,0.220694
27.150000,-17.919380,-8.645366,0.765599,0.047785,-0.209997,-3.004042,0.263585
27.166667,-17.923698,-8.647486,0.765781,0.053628,-0.206675,-3.003604,0.288635
27.183333,-17.927954,-8.649010,0.766577,0.057446,-0.202873,-3.002762,0.271197
27.200000,-17.931868,-8.650929,0.767184,0.062127,-0.198873,-3.002899,0.261561
27.216667,-17.935255,-8.653381,0.767984,0.066954,-0.194877,-3.005584,0.250902
27.233333,-17.938715,-8.656133,0.768547,0.072981,-0.190914,-3.008210,0.265232
27.250000,-17.943424,-8.656167,0.769969,0.074706,-0.187428,-3.006342,0.282562
27.266667,-17.948326,-8.656235,0.771141,0.077867,-0.184051,-3.003242,0.294141
27.283333,-17.952591,-8.656448,0.772392,0.080459,-0.180480,-3.001008,0.256211
27.300000,-17.957130,-8.656486,0.773740,0.082239,-0.177409,-2.998362,0.272379
27.316667,-17.961145,-8.656287,0.775262,0.082759,-0.174402,-2.996748,0.241192
27.333333,-17.964634,-8.655869,0.777344,0.081091,-0.171266,-2.996223,0.210808
27.350000,-17.967636,-8.655452,0.779481,0.078514,-0.168419,-2.997111,0.181865
27.366667,-17.970940,-8.654857,0.781771,0.075112,-0.165814,-2.997064,0.201402
27.383333,-17.973619,-8.654912,0.783768,0.072931,-0.162720,-2.997840,0.160824
27.400000,-17.974676,-8.655742,0.786083,0.069275,-0.159638,-3.003072,0.080609
27.416667,-17.976011,-8.656546,0.788273,0.066620,-0.156334,-3.007543,0.093510
27.433333,-17.977192,-8.657577,0.790564,0.063244,-0.153209,-3.012438,0.094044
27.450000,-17.978144,-8.658544,0.792546,0.060847,-0.149444,-3.017605,0.081410
27.466667,-17.980061,-8.659257,0.794640,0.058993,-0.145707,-3.020015,0.122719
27.483333,-17.981655,-8.660017,0.796345,0.058070,-0.142257,-3.023135,0.105986
27.500000,-17.982512,-8.662020,0.797257,0.060703,-0.138496,-3.027771,0.130688
27.516667,-17.984440,-8.662657,0.798723,0.059798,-0.135681,-3.029287,0.121850
27.533333,-17.986895,-8.663444,0.799792,0.060019,-0.133490,-3.029794,0.154666
27.550000,-17.989737,-8.663140,0.801548,0.057349,-0.130949,-3.029497,0.171485
27.566667,-17.991301,-8.664041,0.802165,0.058974,-0.128339,-3.033871,0.108277
27.583333,-17.991985,-8.664710,0.802893,0.060239,-0.125584,-3.040840,0.057458
27.600000,-17.994875,-8.664704,0.804130,0.059115,-0.123658,-3.040565,0.173378
27.616667,-17.998007,-8.663729,0.806238,0.055249,-0.120824,-3.038460,0.196818
27.633333,-18.000875,-8.663196,0.808145,0.051950,-0.118273,-3.039205,0.175066
27.650000,-18.004713,-8.662053,0.810460,0.047511,-0.115810,-3.038342,0.240243
27.666667,-18.009377,-8.660506,0.812880,0.042406,-0.114128,-3.036903,0.294799
27.683333,-18.014080,-8.660787,0.814488,0.042839,-0.111622,-3.035112,0.282712
27.700000,-18.019371,-8.660829,0.816073,0.041661,-0.110079,-3.033895,0.317469
27.716667,-18.025013,-8.661290,0.817694,0.040693,-0.108746,-3.033851,0.339647
27.733333,-18.030848,-8.661993,0.819362,0.039860,-0.107255,-3.034145,0.352606
27.750000,-18.036728,-8.663030,0.821198,0.038851,-0.105697,-3.035190,0.358262
27.766667,-18.042839,-8.663612,0.822745,0.038429,-0.104329,-3.034888,0.368332
27.783333,-18.048771,-8.664477,0.824411,0.037714,-0.102301,-3.035707,0.359675
27.800000,-18.054445,-8.665792,0.826031,0.038126,-0.100100,-3.037683,0.349473
27.816667,-18.058786,-8.668826,0.827058,0.043071,-0.095562,-3.041281,0.317797
27.833333,-18.063766,-8.671620,0.828457,0.042764,-0.093913,-3.048143,0.342627
27.850000,-18.069134,-8.674770,0.829249,0.043632,-0.092885,-3.055128,0.373401
27.866667,-18.073910,-8.678280,0.830373,0.045891,-0.090634,-3.062532,0.355608
27.883333,-18.078951,-8.681414,0.831660,0.047116,-0.087981,-3.068893,0.356147
27.900000,-18.084480,-8.684907,0.832362,0.050058,-0.086087,-3.074752,0.392427
27.916667,-18.089827,-8.687518,0.833490,0.050579,-0.084090,-3.080526,0.356993
27.933333,-18.095896,-8.689465,0.835158,0.047781,-0.084202,-3.085754,0.382420
27.950000,-18.101923,-8.691992,0.836803,0.046459,-0.083659,-3.091012,0.392137
27.966667,-18.107412,-8.694296,0.838332,0.045455,-0.083127,-3.096894,0.357198
27.983333,-18.112928,-8.696912,0.839759,0.043890,-0.082842,-3.102962,0.366295
28.000000,-18.118206,-8.700032,0.840903,0.042966,-0.083109,-3.109939,0.367866
28.016667,-18.123083,-8.703070,0.842052,0.042301,-0.082838,-3.117366,0.344737
28.033333,-18.127724,-8.706684,0.843049,0.042886,-0.081848,-3.125776,0.352926
28.050000,-18.132505,-8.710569,0.844060,0.044292,-0.080783,-3.133821,0.369671
28.066667,-18.136728,-8.714175,0.844927,0.045215,-0.079208,3.140521,0.333174
28.083333,-18.141275,-8.717418,0.846131,0.045173,-0.077986,3.132295,0.335088
28.100000,-18.145912,-8.719821,0.847492,0.045568,-0.076959,3.125548,0.313354
28.116667,-18.150255,-8.722775,0.848434,0.046660,-0.074872,3.118080,0.315130
28.133333,-18.154392,-8.726397,0.849058,0.049249,-0.072046,3.109503,0.329915
28.150000,-18.158989,-8.729980,0.850053,0.053249,-0.068755,3.102182,0.349724
28.166667,-18.164513,-8.732113,0.851119,0.053913,-0.066459,3.096209,0.355260
28.183333,-18.170361,-8.733919,0.852255,0.054438,-0.063537,3.091328,0.367232
28.200000,-18.176632,-8.735459,0.853518,0.053570,-0.061003,3.086504,0.387463
28.216667,-18.182184,-8.737463,0.854505,0.055003,-0.058981,3.080554,0.354166
28.233333,-18.188496,-8.738735,0.855833,0.054342,-0.058381,3.075805,0.386302
28.250000,-18.195152,-8.739633,0.856599,0.055136,-0.058141,3.072647,0.403012
28.266667,-18.202045,-8.740312,0.857587,0.054369,-0.057828,3.069611,0.415591
28.283333,-18.209213,-8.740887,0.858815,0.052771,-0.057752,3.066572,0.431451
28.300000,-18.216444,-8.741593,0.859756,0.052809,-0.057319,3.064190,0.435913
28.316667,-18.223537,-8.742135,0.860907,0.051755,-0.056351,3.061465,0.426845
28.333333,-18.230215,-8.743168,0.861816,0.051651,-0.054813,3.057346,0.405422
28.350000,-18.236973,-8.743634,0.862892,0.051230,-0.054099,3.053716,0.406428
28.366667,-18.244452,-8.744393,0.863478,0.051995,-0.053885,3.051524,0.451029
28.383333,-18.251741,-8.744677,0.864323,0.051528,-0.053767,3.049004,0.437723
28.400000,-18.259237,-8.744973,0.865244,0.050587,-0.053272,3.046256,0.450105
28.416667,-18.266396,-8.746048,0.866123,0.050317,-0.053016,3.041891,0.434311
28.433333,-18.273355,-8.747643,0.866921,0.050611,-0.052269,3.036363,0.428414
28.450000,-18.280416,-8.749423,0.867620,0.051601,-0.051220,3.030381,0.436922
28.466667,-18.287182,-8.751169,0.868557,0.052707,-0.049093,3.024170,0.419225
28.483333,-18.294744,-8.752671,0.868864,0.053665,-0.048341,3.018725,0.462621
28.500000,-18.301931,-8.754407,0.869724,0.054432,-0.046559,3.012520,0.443611
28.516667,-18.309155,-8.756753,0.870327,0.057120,-0.044966,3.005899,0.455674
28.533333,-18.316910,-8.757453,0.871122,0.056397,-0.045037,3.001068,0.467208
28.550000,-18.323977,-8.758619,0.871875,0.057588,-0.042955,2.996928,0.429740
28.566667,-18.331848,-8.758759,0.872612,0.056694,-0.042174,2.993768,0.472372
28.583333,-18.339588,-8.758819,0.873403,0.055603,-0.041939,2.989860,0.464415
28.600000,-18.347418,-8.759075,0.874253,0.054570,-0.041163,2.986282,0.470032
28.616667,-18.355026,-8.759509,0.875054,0.054164,-0.040653,2.981960,0.457247
28.633333,-18.362648,-8.760080,0.875830,0.053816,-0.039508,2.977664,0.458589
28.650000,-18.370235,-8.760665,0.876716,0.052537,-0.038331,2.973023,0.456595
28.666667,-18.377979,-8.761352,0.877548,0.051450,-0.037549,2.967704,0.466453
28.683333,-18.386522,-8.762033,0.877572,0.051220,-0.038706,2.962766,0.514206
28.700000,-18.394657,-8.762356,0.878028,0.050682,-0.039074,2.958522,0.488476
28.716667,-18.402540,-8.762653,0.878461,0.050160,-0.038646,2.954221,0.473321
28.733333,-18.410603,-8.763117,0.878825,0.050583,-0.038082,2.949707,0.484540
28.750000,-18.417665,-8.764079,0.879118,0.052462,-0.035777,2.944225,0.427690
28.766667,-18.424049,-8.766216,0.879048,0.057350,-0.031892,2.937337,0.403928
28.783333,-18.431273,-8.767711,0.878586,0.060585,-0.029719,2.930821,0.442566
28.800000,-18.438839,-8.768854,0.878316,0.064168,-0.027315,2.925284,0.459142
28.816667,-18.446629,-8.769711,0.878135,0.067694,-0.024844,2.920074,0.470199
28.833333,-18.454807,-8.769533,0.878018,0.069805,-0.023156,2.916687,0.490839
28.850000,-18.463230,-8.768918,0.878135,0.071329,-0.021640,2.913742,0.506717
28.866667,-18.471458,-8.767822,0.878356,0.072294,-0.020601,2.911569,0.498057
28.883333,-18.480091,-8.767187,0.877534,0.075698,-0.020530,2.909545,0.519360
28.900000,-18.488438,-8.765562,0.877513,0.076487,-0.020026,2.908829,0.510197
28.916667,-18.496840,-8.763977,0.877347,0.077210,-0.018921,2.907798,0.513004
28.933333,-18.505535,-8.762829,0.877074,0.079750,-0.017434,2.906663,0.526265
28.950000,-18.514238,-8.761307,0.877264,0.081314,-0.015802,2.905473,0.530119
28.966667,-18.523899,-8.759057,0.876430,0.082506,-0.017219,2.905998,0.595153
28.983333,-18.532614,-8.757027,0.876347,0.084522,-0.015652,2.907148,0.536884
29.000000,-18.540838,-8.755373,0.876005,0.087665,-0.013341,2.907193,0.503345
29.016667,-18.549206,-8.753975,0.875401,0.091498,-0.010472,2.906676,0.509012
29.033333,-18.557713,-8.752272,0.875080,0.094752,-0.007440,2.906313,0.520537
29.050000,-18.566750,-8.750133,0.874352,0.097803,-0.005860,2.906711,0.557204
29.066667,-18.575811,-8.748448,0.873702,0.101478,-0.004351,2.906759,0.553020
29.083333,-18.583965,-8.747522,0.873658,0.107562,0.000481,2.906826,0.492380
29.100000,-18.591854,-8.746156,0.873832,0.110515,0.003624,2.904621,0.480378
29.116667,-18.600613,-8.742777,0.874384,0.109552,0.003392,2.905291,0.563262
29.133333,-18.609087,-8.739749,0.874962,0.110549,0.004561,2.907748,0.539943
29.150000,-18.618303,-8.736428,0.874444,0.111775,0.004235,2.911293,0.587778
29.166667,-18.626558,-8.733358,0.875048,0.112873,0.007094,2.914790,0.528440
29.183333,-18.635145,-8.730203,0.875029,0.113327,0.007137,2.916488,0.548903
29.200000,-18.643501,-8.727648,0.874772,0.115348,0.008196,2.918984,0.524277
29.216667,-18.652168,-8.725849,0.873600,0.118980,0.008095,2.920252,0.531099
29.233333,-18.659981,-8.724645,0.873138,0.123592,0.010834,2.920591,0.474288
29.250000,-18.667904,-8.722229,0.873171,0.124721,0.011777,2.920438,0.496992
29.266667,-18.676580,-8.718753,0.873715,0.123279,0.010938,2.923268,0.560818
29.283333,-18.685379,-8.714567,0.874801,0.119762,0.009883,2.926832,0.584608
29.300000,-18.693432,-8.711972,0.875774,0.117814,0.009989,2.928090,0.507636
29.316667,-18.700443,-8.710206,0.877337,0.115779,0.012113,2.927149,0.433827
29.333333,-18.707157,-8.711166,0.877914,0.119180,0.014718,2.923599,0.406932
29.350000,-18.715261,-8.711147,0.876567,0.121898,0.013350,2.920651,0.486261
29.366667,-18.723524,-8.710016,0.875061,0.122428,0.011409,2.918384,0.500381
29.383333,-18.730583,-8.709878,0.874911,0.125733,0.013960,2.915796,0.423627
29.400000,-18.738028,-8.709451,0.874426,0.128176,0.016110,2.913390,0.447398
29.416667,-18.745642,-8.709538,0.874134,0.133319,0.019787,2.911727,0.456878
29.433333,-18.753496,-8.707933,0.873819,0.134760,0.021365,2.910244,0.480995
29.450000,-18.761145,-8.706779,0.873962,0.137938,0.025204,2.909903,0.464110
29.466667,-18.769333,-8.704821,0.874135,0.139405,0.028554,2.910069,0.505144
29.483333,-18.777252,-8.704005,0.874056,0.143839,0.033626,2.908939,0.477671
29.500000,-18.785267,-8.703814,0.873728,0.151468,0.039567,2.908414,0.481018
29.516667,-18.792946,-8.702399,0.873600,0.157240,0.045973,2.908673,0.468488
29.533333,-18.800779,-8.701245,0.872512,0.166369,0.052455,2.910954,0.475081
29.550000,-18.807800,-8.700499,0.871472,0.177165,0.061293,2.912895,0.423633
29.566667,-18.814621,-8.700436,0.870396,0.190458,0.072062,2.914765,0.409258
29.583333,-18.821981,-8.699249,0.868931,0.199302,0.080946,2.915132,0.447327
29.600000,-18.828030,-8.700185,0.867789,0.214609,0.094052,2.915361,0.367208
29.616667,-18.834093,-8.702056,0.866535,0.233134,0.108278,2.916513,0.380736
29.633333,-18.840799,-8.702645,0.864313,0.251115,0.120805,2.918816,0.403925
29.650000,-18.847738,-8.702779,0.862046,0.269564,0.131708,2.920772,0.416413
29.666667,-18.857038,-8.698034,0.860001,0.277160,0.136053,2.925719,0.626432
29.683333,-18.866264,-8.694873,0.857615,0.290236,0.141762,2.931803,0.585149
29.700000,-18.875151,-8.688584,0.856885,0.294026,0.146833,2.937828,0.653181
29.716667,-18.882875,-8.684147,0.856274,0.301710,0.149905,2.936768,0.534515
29.733333,-18.889952,-8.678956,0.855500,0.306731,0.153311,2.934994,0.526561
29.750000,-18.895145,-8.674244,0.854762,0.313253,0.160232,2.931127,0.420765
29.766667,-18.902090,-8.669406,0.851898,0.318097,0.161869,2.925774,0.507823
29.783333,-18.907686,-8.662236,0.849521,0.314595,0.166207,2.920796,0.545710
29.800000,-18.913242,-8.662302,0.844023,0.330868,0.173694,2.915532,0.333390
29.816667,-18.919006,-8.663342,0.839524,0.351765,0.182011,2.910874,0.351420
29.833333,-18.923687,-8.660616,0.836257,0.365476,0.191203,2.906118,0.324983
29.850000,-18.928038,-8.660218,0.833421,0.387728,0.202126,2.903042,0.262128
29.866667,-18.931873,-8.657076,0.830430,0.404014,0.212597,2.899855,0.297511
29.883333,-18.935476,-8.653577,0.826662,0.421129,0.223974,2.897757,0.301345
29.900000,-18.938540,-8.649150,0.823441,0.437816,0.237013,2.897248,0.323005
29.916667,-18.943993,-8.644194,0.819598,0.457594,0.244012,2.901156,0.442134
29.933333,-18.948093,-8.634709,0.815658,0.466544,0.252029,2.904256,0.619973
29.950000,-18.951088,-8.626328,0.812882,0.477774,0.263440,2.905713,0.533988
29.966667,-18.954493,-8.621335,0.808649,0.499365,0.275362,2.909194,0.362620
29.983333,-18.959717,-8.613405,0.804156,0.518770,0.280683,2.914585,0.569761
