episode,step,object,robot_x,robot_y,range,true_xmin,true_ymin,true_xmax,true_ymax,det_xmin,det_ymin,det_xmax,det_ymax
2.0000,0.0000,5.0000,1.2500,1.2500,5.2827,4.6377,2.0867,7.7068,4.2490,4.7041,2.2466,7.6783,4.3008
3.0000,0.0000,3.0000,1.2500,1.2500,6.3840,4.2623,5.7348,5.7536,7.0867,4.4578,5.7940,5.8666,7.0586
3.0000,0.0000,4.0000,1.2500,1.2500,8.0582,4.0386,6.9928,5.6777,9.9177,4.0651,6.9717,5.6219,9.8321
4.0000,0.0000,0.0000,1.2500,1.2500,9.0269,6.8566,5.9195,9.2235,8.4766,7.4403,6.4740,8.7141,8.0830
4.0000,0.0000,2.0000,1.2500,1.2500,9.8418,9.3081,2.5954,12.2237,4.9281,9.6967,3.3706,11.5850,4.3434
5.0000,0.0000,0.0000,1.2500,1.2500,5.5171,3.3967,4.5420,5.4821,6.9617,3.5174,4.5979,5.4637,6.8713
5.0000,0.0000,1.0000,1.2500,1.2500,4.5646,3.5669,3.2394,6.3642,4.5635,3.6717,3.2812,6.2704,4.5381
6.0000,0.0000,2.0000,1.2500,1.2500,9.6970,5.5622,8.5557,7.7343,10.0554,5.7799,8.6730,7.8110,10.1339
6.0000,0.0000,5.0000,1.2500,1.2500,9.1115,5.0485,7.5963,7.3856,10.1810,5.1224,7.7957,7.3437,10.2746
6.0000,0.0000,6.0000,1.2500,1.2500,7.6050,3.2676,7.2757,4.6518,9.4362,3.3813,7.2962,4.6621,9.4361
8.0000,0.0000,2.0000,1.2500,1.2500,6.8591,6.0048,3.0722,8.4371,6.1789,6.0661,3.0782,8.4497,6.0193
10.0000,0.0000,0.0000,1.2500,1.2500,7.0313,7.3515,2.4307,8.6297,4.0713,7.3971,2.4102,8.5643,4.0045
10.0000,0.0000,5.0000,1.2500,1.2500,7.0572,4.8236,5.9415,6.4626,7.6047,4.8816,6.0040,6.4501,7.5667
11.0000,0.0000,0.0000,1.2500,1.2500,6.6252,2.2398,6.5305,4.9779,8.3517,2.4677,6.6934,5.1042,8.3948
11.0000,0.0000,3.0000,1.2500,1.2500,8.0174,4.0584,7.0553,6.9718,9.0224,4.6756,7.6691,6.2173,8.5628
12.0000,0.0000,0.0000,1.2500,1.2500,7.9331,3.5780,6.8508,6.5001,9.5887,3.6635,7.0970,6.4472,9.7308
12.0000,0.0000,1.0000,1.2500,1.2500,8.9328,4.5737,8.1084,5.7750,10.4408,5.0541,8.5060,5.7217,9.7474
15.0000,0.0000,1.0000,1.2500,1.2500,9.0232,4.6857,7.9580,7.8215,9.5596,4.9140,8.1762,7.9113,9.6710
15.0000,0.0000,7.0000,1.2500,1.2500,6.8245,6.5569,3.3325,8.4870,4.5476,6.6464,3.2639,8.4435,4.4481
15.0000,0.0000,8.0000,1.2500,1.2500,4.8706,3.0857,3.8566,5.0024,6.6225,3.5538,4.3043,4.5089,5.8727
16.0000,0.0000,2.0000,1.2500,1.2500,6.6467,6.9796,2.0197,8.1959,4.4863,7.2580,2.0535,8.4789,4.4397
17.0000,0.0000,7.0000,1.2500,1.2500,8.4865,3.0983,8.5341,5.5894,9.7708,3.0049,8.4070,5.3721,9.5987
18.0000,0.0000,1.0000,1.2500,1.2500,7.9460,6.2339,4.5590,8.8367,7.6640,6.2911,4.5419,8.7009,7.5279
18.0000,0.0000,4.0000,1.2500,1.2500,9.8398,8.8992,4.8829,10.7879,7.2031,9.1952,4.6910,11.0209,6.9806
18.0000,0.0000,5.0000,1.2500,1.2500,7.5141,6.6952,2.7792,9.8020,5.1913,6.9713,2.9276,9.9224,5.2236
19.0000,0.0000,5.0000,1.2500,1.2500,6.2292,4.6874,4.2027,6.7578,6.9688,5.2256,4.8153,6.1551,6.2884
20.0000,0.0000,0.0000,1.2500,1.2500,6.2176,2.7380,5.7230,5.7673,7.6660,3.3878,6.0832,4.7672,7.1418
20.0000,0.0000,1.0000,1.2500,1.2500,9.0055,8.2991,4.6028,10.2772,6.0180,8.8163,4.7593,9.6776,5.6753
21.0000,0.0000,6.0000,1.2500,1.2500,9.3608,6.7106,7.1622,8.9488,8.6543,6.5979,7.4264,8.7184,8.8450
22.0000,0.0000,2.0000,1.2500,1.2500,9.1431,6.8642,5.8881,9.7146,8.2811,6.8458,5.9436,9.5267,8.1931
23.0000,0.0000,0.0000,1.2500,1.2500,8.4571,8.1052,2.0710,10.6847,4.9820,8.1323,2.1856,10.5864,4.9875
23.0000,0.0000,3.0000,1.2500,1.2500,7.1398,5.7650,4.8770,7.8729,6.5592,5.9152,4.7996,7.8960,6.4166
24.0000,0.0000,5.0000,1.2500,1.2500,9.5868,3.6700,8.7697,6.2932,11.3918,3.5487,8.8992,6.0114,11.4386
24.0000,0.0000,6.0000,1.2500,1.2500,9.3916,2.8761,8.9505,4.3183,11.7367,2.9129,8.9612,4.2222,11.6867
25.0000,0.0000,4.0000,1.2500,1.2500,9.7751,9.3380,2.3121,12.3229,4.0695,10.0626,2.7353,11.7684,3.6155
26.0000,0.0000,3.0000,1.2500,1.2500,8.8728,6.8303,5.7254,9.3332,8.0977,6.6267,5.8655,8.9899,8.0848
28.0000,0.0000,5.0000,1.2500,1.2500,7.2011,3.8390,6.4846,5.9093,8.4606,4.2465,6.5081,6.2220,8.4357
29.0000,0.0000,0.0000,1.2500,1.2500,9.1056,2.8219,8.7738,4.3549,11.3265,2.9529,8.8456,4.3682,11.3214
29.0000,0.0000,5.0000,1.2500,1.2500,4.4105,3.4250,3.3025,5.5941,5.1398,3.4014,3.2440,5.5466,5.0124
30.0000,0.0000,5.0000,1.2500,1.2500,9.9613,9.4629,4.0963,11.5794,5.6901,9.5451,4.1302,11.4793,5.6542
31.0000,0.0000,1.0000,1.2500,1.2500,6.8347,2.8670,6.5053,4.2746,8.8519,2.9515,6.5366,4.2861,8.7816
31.0000,0.0000,6.0000,1.2500,1.2500,7.2140,3.8359,6.4916,6.6813,8.0040,3.9150,6.5133,6.6027,7.9292
31.0000,0.0000,7.0000,1.2500,1.2500,9.6207,4.0657,9.2686,5.3396,11.1911,3.9717,9.3506,5.1788,11.1273
32.0000,0.0000,1.0000,1.2500,1.2500,4.7399,3.1185,3.8205,4.4127,6.7140,3.0301,4.0577,4.2736,6.7907
33.0000,0.0000,3.0000,1.2500,1.2500,6.5038,5.7328,2.9482,8.7942,4.5067,5.9037,2.8859,8.8601,4.4093
33.0000,0.0000,7.0000,1.2500,1.2500,6.2201,3.7235,5.4423,6.3565,6.9218,3.8499,5.2249,6.3209,6.6412
34.0000,0.0000,5.0000,1.2500,1.2500,9.7013,7.4686,6.0870,9.9408,8.8295,7.4578,6.2155,9.8301,8.8795
35.0000,0.0000,1.0000,1.2500,1.2500,5.4431,4.2697,3.8504,5.8139,6.4597,4.1941,3.7711,5.6698,6.2806
36.0000,0.0000,5.0000,1.2500,1.2500,3.6244,3.0533,1.5352,5.7551,4.5355,3.1695,1.6427,5.7157,4.3861
38.0000,0.0000,1.0000,1.2500,1.2500,8.6645,6.7720,5.8234,8.5071,8.3807,6.7716,6.0266,8.4206,8.4820
38.0000,0.0000,2.0000,1.2500,1.2500,8.2182,6.9152,4.7096,8.7317,7.6552,7.2720,5.2944,8.2519,7.0883
38.0000,0.0000,3.0000,1.2500,1.2500,7.9828,5.1779,5.8233,7.6801,8.8263,5.0829,5.7899,7.4658,8.6612
38.0000,0.0000,5.0000,1.2500,1.2500,9.0143,8.9636,2.8450,10.8298,4.7506,9.3005,3.6149,10.5035,4.3682
40.0000,0.0000,2.0000,1.2500,1.2500,8.9081,5.2085,7.1631,7.2529,10.1081,5.7391,7.8955,6.8219,9.0255
42.0000,0.0000,2.0000,1.2500,1.2500,7.4715,6.5722,4.0985,7.9406,7.2890,6.7505,4.2003,8.1039,7.1026
42.0000,0.0000,4.0000,1.2500,1.2500,9.8395,3.2503,9.7608,6.4408,11.0572,4.0777,10.1779,5.6897,10.7620
43.0000,0.0000,5.0000,1.2500,1.2500,7.7104,7.2267,3.2579,9.1398,5.9889,7.5796,3.8386,8.6009,5.3528
44.0000,0.0000,0.0000,1.2500,1.2500,5.8272,5.8190,1.6129,7.7433,4.5547,6.4479,2.2637,7.3000,3.7917
44.0000,0.0000,4.0000,1.2500,1.2500,5.9159,4.8924,4.0236,6.5981,6.1679,4.9008,4.1450,6.5663,6.2017
45.0000,0.0000,5.0000,1.2500,1.2500,3.8509,2.3870,3.3657,4.3795,5.5464,2.3559,3.3793,4.2310,5.4773
45.0000,0.0000,7.0000,1.2500,1.2500,9.1700,4.0589,8.6278,6.2360,10.4734,4.0032,8.8026,6.1341,10.5559
47.0000,0.0000,2.0000,1.2500,1.2500,8.9970,1.8619,8.9387,4.4267,11.1521,2.5461,9.6509,4.0394,10.5380
47.0000,0.0000,5.0000,1.2500,1.2500,5.3489,4.9615,2.8224,6.8995,4.8557,5.3492,3.2137,6.2434,4.0367
48.0000,0.0000,2.0000,1.2500,1.2500,6.2967,5.5944,2.4727,8.7185,4.3920,5.4676,2.4779,8.4972,4.3132
48.0000,0.0000,3.0000,1.2500,1.2500,4.4777,3.3463,2.5539,6.2408,5.4209,3.4309,2.7078,6.2261,5.4397
48.0000,0.0000,5.0000,1.2500,1.2500,6.2824,3.4626,5.2390,5.3057,8.1506,3.4307,5.4185,5.1932,8.0655
50.0000,0.0000,4.0000,1.2500,1.2500,6.3043,3.4851,5.7972,5.5202,7.5037,3.8217,5.8421,5.7076,7.4451
51.0000,0.0000,0.0000,1.2500,1.2500,9.4877,3.2253,9.6769,4.7435,10.9935,3.4381,9.6083,4.8787,10.8737
51.0000,0.0000,2.0000,1.2500,1.2500,7.1152,4.3446,5.8525,6.6792,8.0426,4.4721,6.0390,6.6586,8.0879
52.0000,0.0000,1.0000,1.2500,1.2500,5.3709,4.0854,3.8931,5.4512,6.7231,4.3305,4.8563,4.9812,5.8001
52.0000,0.0000,6.0000,1.2500,1.2500,5.1628,4.7912,2.8115,6.3162,5.3921,4.9320,2.7866,6.3447,5.2378
53.0000,0.0000,0.0000,1.2500,1.2500,8.4550,7.8137,3.1791,10.6181,4.9891,7.8471,3.0913,10.4686,4.7846
53.0000,0.0000,2.0000,1.2500,1.2500,6.9386,2.5965,6.4348,5.5210,8.7547,2.5731,6.7046,5.3684,8.9017
53.0000,0.0000,4.0000,1.2500,1.2500,5.7732,3.8245,4.6114,6.6384,6.2500,3.9324,4.5292,6.6514,6.0785
53.0000,0.0000,5.0000,1.2500,1.2500,6.7809,4.4521,4.5935,7.3621,7.7638,4.3305,4.5284,7.0747,7.4779
54.0000,0.0000,4.0000,1.2500,1.2500,2.5523,2.4599,2.1419,3.7488,3.8656,2.3442,2.2506,3.5741,3.8165
55.0000,0.0000,0.0000,1.2500,1.2500,5.2620,3.3565,4.4918,6.1170,5.8900,3.3412,4.5404,6.0107,5.8406
55.0000,0.0000,4.0000,1.2500,1.2500,3.3714,1.8371,2.8137,4.3438,5.3357,1.9211,2.8307,4.3499,5.2509
56.0000,0.0000,0.0000,1.2500,1.2500,9.7117,7.5055,6.5959,8.9530,9.4106,7.6185,6.7270,8.9800,9.4280
56.0000,0.0000,3.0000,1.2500,1.2500,5.7105,4.5250,4.0924,6.0834,6.4510,4.9461,4.7346,5.7507,5.7255
56.0000,0.0000,4.0000,1.2500,1.2500,5.7094,3.2731,4.4704,5.8012,7.3661,3.2830,4.6002,5.6681,7.3984
57.0000,0.0000,4.0000,1.2500,1.2500,9.8684,8.1700,6.0292,10.3745,7.9651,7.9773,5.8633,10.1040,7.7768
57.0000,0.0000,5.0000,1.2500,1.2500,7.9956,7.9619,3.0644,9.7607,4.3337,7.9832,3.0073,9.6848,4.2036
58.0000,0.0000,4.0000,1.2500,1.2500,5.1168,3.2904,4.3721,5.2437,6.3933,3.3400,4.3825,5.2731,6.2602
58.0000,0.0000,6.0000,1.2500,1.2500,8.6497,5.2394,7.6122,7.2123,9.0381,5.2482,7.6684,7.1479,9.0049
60.0000,0.0000,5.0000,1.2500,1.2500,8.9188,4.0306,7.7783,7.0377,10.3667,4.0577,7.8729,6.8424,10.3636
61.0000,0.0000,1.0000,1.2500,1.2500,7.5906,2.6205,7.6936,5.0896,9.0654,2.7161,7.6587,5.0252,8.9286
61.0000,0.0000,4.0000,1.2500,1.2500,9.4641,6.9571,7.1190,8.6193,9.0661,7.0462,7.1470,8.6555,8.9901
62.0000,0.0000,0.0000,1.2500,1.2500,6.9110,2.5546,6.7773,5.5923,8.3386,2.8198,7.1431,4.9869,8.0776
62.0000,0.0000,1.0000,1.2500,1.2500,5.3716,3.3664,4.3623,5.2177,6.9921,3.3536,4.5554,5.1113,7.0418
63.0000,0.0000,2.0000,1.2500,1.2500,5.4142,4.8137,2.6219,7.2691,4.9203,5.0749,2.6301,7.3381,4.8707
64.0000,0.0000,1.0000,1.2500,1.2500,7.2052,4.1051,6.4335,5.8131,8.4209,4.5457,6.9486,5.3956,7.8358
64.0000,0.0000,6.0000,1.2500,1.2500,7.9042,7.3354,3.7055,9.3021,5.8682,7.2857,3.8017,9.1179,5.8540
65.0000,0.0000,2.0000,1.2500,1.2500,9.8729,8.9952,3.2883,11.9762,6.1907,9.5551,4.1757,11.0094,5.2876
68.0000,0.0000,2.0000,1.2500,1.2500,9.3411,2.1735,8.8509,3.9009,11.9862,2.4613,8.6502,4.1044,11.5768
69.0000,0.0000,4.0000,1.2500,1.2500,8.7601,3.6670,8.4379,5.8356,10.1221,3.9374,8.9916,4.8750,9.7045
70.0000,0.0000,2.0000,1.2500,1.2500,4.8225,2.4588,4.5381,4.9618,6.2574,3.1949,5.0338,4.3996,5.6832
70.0000,0.0000,8.0000,1.2500,1.2500,6.0272,5.5947,2.8448,7.5741,5.2662,5.7149,2.9676,7.5542,5.2404
71.0000,0.0000,2.0000,1.2500,1.2500,9.3991,4.9539,7.8728,7.2613,10.7203,4.9438,8.1070,7.1265,10.7660
71.0000,0.0000,3.0000,1.2500,1.2500,8.8711,8.1084,4.1716,10.4238,5.9278,8.4597,4.1695,10.7153,5.8434
72.0000,0.0000,7.0000,1.2500,1.2500,9.3135,3.0455,9.0821,5.9588,10.8724,3.2287,8.7032,5.9618,10.3958
73.0000,0.0000,1.0000,1.2500,1.2500,6.0399,5.1301,3.2802,7.9215,5.1008,5.9619,3.7997,7.1651,4.7553
73.0000,0.0000,2.0000,1.2500,1.2500,4.7641,4.6187,2.1047,6.6035,4.2307,4.8410,2.1072,6.7055,4.1798
74.0000,0.0000,3.0000,1.2500,1.2500,7.9218,4.5995,6.6335,6.2405,9.3374,5.0396,7.0043,5.8440,8.9775
74.0000,0.0000,4.0000,1.2500,1.2500,9.5439,9.2477,4.0008,10.4898,6.6978,9.3743,3.7718,10.5517,6.3595
74.0000,0.0000,5.0000,1.2500,1.2500,6.8442,5.8881,2.9387,8.9884,5.4086,6.1022,2.8243,9.0681,5.1603
75.0000,0.0000,1.0000,1.2500,1.2500,8.0140,5.8862,5.7215,8.6886,7.3188,5.9364,5.8278,8.5281,7.3659
75.0000,0.0000,2.0000,1.2500,1.2500,6.2708,6.1939,2.6013,7.4512,5.6502,6.0986,2.5020,7.2822,5.4040
75.0000,0.0000,3.0000,1.2500,1.2500,7.0144,7.3923,2.0940,8.6407,4.1027,7.5816,2.2985,8.7687,4.2048
75.0000,0.0000,4.0000,1.2500,1.2500,9.0924,8.4716,3.7720,10.5780,6.2647,8.5118,3.8465,10.5771,6.2383
75.0000,0.0000,5.0000,1.2500,1.2500,6.1887,2.5553,6.2579,4.4241,7.7804,2.6874,6.2866,4.4275,7.7461
76.0000,0.0000,1.0000,1.2500,1.2500,8.7988,5.1358,7.4300,8.1811,8.9505,5.4281,7.6857,8.2955,9.1472
76.0000,0.0000,2.0000,1.2500,1.2500,9.6360,3.3257,8.9086,5.5715,11.7708,3.4477,8.9782,5.5689,11.6578
76.0000,0.0000,5.0000,1.2500,1.2500,9.9389,9.0053,4.4030,11.5983,6.3062,9.2033,4.4332,11.6047,6.2772
77.0000,0.0000,1.0000,1.2500,1.2500,7.6004,3.3758,7.2781,5.1031,9.1975,3.3853,7.2311,5.0420,9.0170
77.0000,0.0000,6.0000,1.2500,1.2500,4.8787,4.2801,3.0548,5.6954,5.7162,4.3415,3.2209,5.7062,5.7344
79.0000,0.0000,2.0000,1.2500,1.2500,7.4512,5.7987,4.4386,8.8666,6.6687,6.0864,4.8720,8.0494,6.0096
80.0000,0.0000,3.0000,1.2500,1.2500,7.6855,5.9817,4.8283,9.0269,6.6052,6.9041,5.3834,8.2664,6.0327
80.0000,0.0000,4.0000,1.2500,1.2500,5.1191,4.1817,3.8153,6.0514,5.3944,4.0564,3.8283,5.8979,5.2427
80.0000,0.0000,6.0000,1.2500,1.2500,6.0079,3.2974,4.5283,6.4136,7.5831,3.4632,4.6081,6.4480,7.3726
81.0000,0.0000,2.0000,1.2500,1.2500,4.6152,4.0702,1.8167,6.8838,4.3888,4.1282,1.8676,6.7584,4.2500
81.0000,0.0000,3.0000,1.2500,1.2500,8.1119,6.3817,4.7835,9.4421,6.9732,7.1921,5.3633,8.3821,6.4238
81.0000,0.0000,5.0000,1.2500,1.2500,4.8807,4.4538,1.9462,6.9511,4.5521,4.5654,2.0416,6.9671,4.5456
83.0000,0.0000,2.0000,1.2500,1.2500,4.0502,2.5136,3.9335,4.1514,5.5140,2.4510,3.9737,4.0303,5.4866
83.0000,0.0000,3.0000,1.2500,1.2500,6.5198,4.8725,4.4922,7.8037,6.1611,4.9021,4.5680,7.7301,6.1377
83.0000,0.0000,4.0000,1.2500,1.2500,9.9272,9.0651,4.0888,11.2443,7.1874,8.9018,4.1830,10.9905,7.0818
83.0000,0.0000,6.0000,1.2500,1.2500,5.9174,2.2863,5.9663,5.2167,7.2591,2.3729,6.1590,5.1371,7.3891
84.0000,0.0000,1.0000,1.2500,1.2500,9.3871,5.4007,8.4082,7.4935,9.7261,5.3698,8.4636,7.3513,9.6731
84.0000,0.0000,2.0000,1.2500,1.2500,6.9047,6.9627,1.9974,8.6509,4.8307,7.5238,2.4534,8.3550,4.1551
85.0000,0.0000,0.0000,1.2500,1.2500,9.6618,8.8668,4.8871,10.9372,6.2139,9.5264,5.1731,10.5915,5.8915
85.0000,0.0000,4.0000,1.2500,1.2500,9.8117,9.2583,3.9729,11.0512,6.7673,9.4301,4.0009,11.1586,6.6165
86.0000,0.0000,0.0000,1.2500,1.2500,4.9431,4.0779,3.5370,5.4884,5.8771,3.9256,3.5901,5.3118,5.8190
86.0000,0.0000,2.0000,1.2500,1.2500,6.3240,4.7446,4.2605,7.9110,5.7785,4.8040,4.0937,7.8548,5.5461
87.0000,0.0000,4.0000,1.2500,1.2500,9.6298,8.8743,2.9289,11.9302,5.5607,9.0620,3.0010,11.9090,5.4611
87.0000,0.0000,5.0000,1.2500,1.2500,8.4519,4.9372,7.6650,6.9178,8.9142,4.8243,7.8350,6.7588,9.0726
88.0000,0.0000,2.0000,1.2500,1.2500,7.9503,1.9964,7.8960,4.4504,10.0070,1.8452,8.0027,4.2328,9.9510
88.0000,0.0000,3.0000,1.2500,1.2500,9.5572,9.3433,3.2798,11.2217,5.4667,9.3571,3.5438,11.0890,5.5770
88.0000,0.0000,5.0000,1.2500,1.2500,9.0301,4.3516,8.0436,7.1464,10.1155,4.3460,8.0547,6.9910,10.0129
0.0000,4.0000,4.0000,3.2500,3.2500,8.6751,9.7357,5.7185,12.5199,8.0473,9.7109,5.7100,12.3400,7.9312
2.0000,4.0000,2.0000,3.2500,3.2500,9.3809,6.4288,10.1612,9.1019,12.7842,6.3192,10.3381,8.9369,12.8046
2.0000,4.0000,5.0000,3.2500,3.2500,2.9234,4.6377,2.0867,7.7068,4.2490,4.7082,2.1027,7.6238,4.1370
3.0000,4.0000,0.0000,3.2500,3.2500,8.2764,10.4862,4.1595,11.8320,7.2169,10.5733,4.2434,11.8093,7.1037
3.0000,4.0000,2.0000,3.2500,3.2500,8.8038,2.4807,10.9937,3.8477,13.1130,2.4538,11.0599,3.7512,13.0427
3.0000,4.0000,3.0000,3.2500,3.2500,3.6167,4.2623,5.7348,5.7536,7.0867,4.3873,5.8951,5.8232,7.2011
3.0000,4.0000,4.0000,3.2500,3.2500,5.4480,4.0386,6.9928,5.6777,9.9177,4.2230,7.1615,5.7355,9.9215
4.0000,4.0000,0.0000,3.2500,3.2500,6.2074,6.8566,5.9195,9.2235,8.4766,7.4163,6.8630,8.5305,7.9054
4.0000,4.0000,2.0000,3.2500,3.2500,7.5333,9.3081,2.5954,12.2237,4.9281,10.0545,3.2792,11.3185,4.3626
4.0000,4.0000,3.0000,3.2500,3.2500,8.8157,5.6083,10.3862,8.4752,12.0309,5.8207,10.5288,8.5637,12.1553
4.0000,4.0000,4.0000,3.2500,3.2500,9.2181,8.2975,9.1663,10.7027,10.8850,8.2275,9.0664,10.4568,10.6747
4.0000,4.0000,5.0000,3.2500,3.2500,9.3577,9.3608,8.5998,11.2070,10.2438,9.3400,8.7626,11.0948,10.3720
5.0000,4.0000,0.0000,3.2500,2.7500,3.2289,3.3967,4.5420,5.4821,6.9617,3.4925,4.6158,5.4891,6.8801
5.0000,4.0000,1.0000,3.2500,2.7500,2.0662,3.5669,3.2394,6.3642,4.5635,3.6511,3.2746,6.2126,4.5328
6.0000,4.0000,0.0000,3.2500,3.2500,8.6099,9.4785,6.2308,11.6921,9.2855,9.5571,6.4158,11.6626,9.3070
6.0000,4.0000,2.0000,3.2500,3.2500,6.9439,5.5622,8.5557,7.7343,10.0554,5.6513,8.4433,7.7361,9.9007
6.0000,4.0000,5.0000,3.2500,3.2500,6.3716,5.0485,7.5963,7.3856,10.1810,5.0841,7.7623,7.3427,10.2712
6.0000,4.0000,6.0000,3.2500,3.2500,5.1550,3.2676,7.2757,4.6518,9.4362,3.3279,7.2709,4.6048,9.3464
7.0000,4.0000,0.0000,3.2500,3.2500,8.9113,11.1426,4.6616,12.5367,6.5835,11.3872,4.9602,12.0758,6.0526
7.0000,4.0000,1.0000,3.2500,3.2500,9.6217,9.3399,9.0788,10.5680,11.2247,9.6665,9.7022,10.4358,10.6181
8.0000,4.0000,2.0000,3.2500,3.2500,4.2025,6.0048,3.0722,8.4371,6.1789,6.1228,3.1565,8.4597,6.0963
8.0000,4.0000,7.0000,3.2500,3.2500,9.8638,1.8511,11.8475,5.0332,14.3763,1.8901,11.6451,4.8945,13.9981
9.0000,4.0000,4.0000,3.2500,3.2500,9.8564,11.5979,5.7024,13.3392,7.7735,11.8516,5.8488,13.4957,7.8083
10.0000,4.0000,0.0000,3.2500,3.2500,4.7406,7.3515,2.4307,8.6297,4.0713,7.5606,2.4807,8.7721,4.0874
10.0000,4.0000,2.0000,3.2500,3.2500,9.0240,10.8148,3.8540,13.5139,5.4508,11.0634,3.9058,13.7312,5.4601
10.0000,4.0000,3.0000,3.2500,3.2500,8.2369,2.5594,10.2801,5.6682,12.6029,2.6057,10.1654,5.5353,12.4479
10.0000,4.0000,5.0000,3.2500,3.2500,4.2591,4.8236,5.9415,6.4626,7.6047,4.9692,5.9925,6.4536,7.5957
11.0000,4.0000,0.0000,3.2500,3.2500,4.2064,2.2398,6.5305,4.9779,8.3517,2.3258,6.5965,4.8756,8.2874
11.0000,4.0000,3.0000,3.2500,3.2500,5.2975,4.0584,7.0553,6.9718,9.0224,4.6066,7.6019,6.1845,8.4869
12.0000,4.0000,0.0000,3.2500,3.2500,5.2820,3.5780,6.8508,6.5001,9.5887,3.5271,6.9606,6.2744,9.5257
12.0000,4.0000,1.0000,3.2500,3.2500,6.3245,4.5737,8.1084,5.7750,10.4408,4.8486,8.6627,5.5783,9.9522
12.0000,4.0000,4.0000,3.2500,3.2500,9.5527,11.0314,5.2658,13.4459,7.7022,11.2095,5.4226,13.4266,7.7115
12.0000,4.0000,7.0000,3.2500,3.2500,9.3309,11.2021,1.9004,13.9568,4.2770,11.1859,1.7949,13.8765,4.0460
13.0000,4.0000,2.0000,3.2500,3.2500,8.1324,10.0326,2.6951,12.6775,5.1374,10.2417,2.9245,12.7836,5.2674
13.0000,4.0000,3.0000,3.2500,3.2500,8.9355,9.2952,8.1432,11.0963,9.5994,10.0321,8.6868,10.8044,9.1330
13.0000,4.0000,4.0000,3.2500,3.2500,7.7696,9.1006,4.8783,11.7168,7.6615,8.9962,4.7260,11.5340,7.3439
14.0000,4.0000,4.0000,3.2500,3.2500,9.8758,11.4497,6.5037,13.1131,7.9876,11.6514,7.1710,12.5932,7.8498
15.0000,4.0000,1.0000,3.2500,3.2500,6.2744,4.6857,7.9580,7.8215,9.5596,4.7647,7.7881,7.7690,9.2821
15.0000,4.0000,5.0000,3.2500,3.2500,9.1014,11.1232,3.0204,13.4635,5.5331,11.6749,3.6583,13.2234,4.7825
15.0000,4.0000,6.0000,3.2500,3.2500,8.3918,4.9227,10.2512,7.0137,12.1276,5.1276,10.0233,7.0411,11.8734
15.0000,4.0000,7.0000,3.2500,3.2500,4.3274,6.5569,3.3325,8.4870,4.5476,6.5301,3.4027,8.4661,4.5034
15.0000,4.0000,8.0000,3.2500,3.2500,2.1421,3.0857,3.8566,5.0024,6.6225,3.5534,4.4931,4.6813,6.0164
16.0000,4.0000,1.0000,3.2500,3.2500,9.2714,7.2396,10.0563,10.2230,11.3990,8.1584,10.4923,9.4617,11.1556
16.0000,4.0000,2.0000,3.2500,3.2500,4.3377,6.9796,2.0197,8.1959,4.4863,6.9085,2.1769,8.1143,4.5715
17.0000,4.0000,5.0000,3.2500,3.2500,8.3628,2.1838,10.3113,4.8814,12.9047,2.0153,10.1659,4.6146,12.5436
17.0000,4.0000,6.0000,3.2500,3.2500,9.1847,2.9013,11.1424,5.3465,13.6438,2.9166,11.0506,5.2313,13.4640
17.0000,4.0000,7.0000,3.2500,3.2500,6.0029,3.0983,8.5341,5.5894,9.7708,3.3601,8.6345,5.6709,9.8804
18.0000,4.0000,1.0000,3.2500,3.2500,5.1529,6.2339,4.5590,8.8367,7.6640,6.2802,4.6256,8.7730,7.5405
18.0000,4.0000,4.0000,3.2500,3.2500,7.1607,8.8992,4.8829,10.7879,7.2031,8.9208,4.8832,10.7123,7.1020
18.0000,4.0000,5.0000,3.2500,3.2500,5.0524,6.6952,2.7792,9.8020,5.1913,6.7405,2.8942,9.7243,5.1322
19.0000,4.0000,2.0000,3.2500,3.2500,8.0913,9.9923,2.6843,12.6892,3.9961,10.0319,2.6203,12.6113,3.8940
19.0000,4.0000,5.0000,3.2500,3.2500,3.4014,4.6874,4.2027,6.7578,6.9688,5.2803,4.8922,6.3896,6.2293
20.0000,4.0000,0.0000,3.2500,3.2500,3.5874,2.7380,5.7230,5.7673,7.6660,3.5469,6.0570,5.0632,6.9133
20.0000,4.0000,1.0000,3.2500,3.2500,6.3800,8.2991,4.6028,10.2772,6.0180,8.6744,5.0156,9.3316,5.6365
20.0000,4.0000,2.0000,3.2500,3.2500,9.3649,9.0076,8.9077,10.3609,11.2015,9.1254,8.9737,10.4037,11.1259
20.0000,4.0000,4.0000,3.2500,3.2500,7.7319,7.2772,7.6475,9.1855,10.6794,7.5670,8.0334,9.3735,10.9567
21.0000,4.0000,5.0000,3.2500,3.2500,9.8887,7.7578,9.5954,10.5685,12.7565,7.7136,9.6100,10.4374,12.5745
21.0000,4.0000,6.0000,3.2500,3.2500,6.5325,6.7106,7.1622,8.9488,8.6543,6.7199,7.2842,8.8866,8.7251
22.0000,4.0000,2.0000,3.2500,3.2500,6.3324,6.8642,5.8881,9.7146,8.2811,7.0909,6.0319,9.8232,8.2502
23.0000,4.0000,0.0000,3.2500,3.2500,6.1512,8.1052,2.0710,10.6847,4.9820,8.1885,2.0797,10.7316,4.9351
23.0000,4.0000,2.0000,3.2500,3.2500,9.2009,11.1263,4.9444,12.8213,7.4042,11.2328,4.9347,12.8017,7.1662
23.0000,4.0000,3.0000,3.2500,3.2500,4.3392,5.7650,4.8770,7.8729,6.5592,5.9132,4.8931,7.9162,6.4994
24.0000,4.0000,0.0000,3.2500,3.2500,8.5857,6.1983,9.6000,7.5608,12.4617,6.2159,9.6385,7.4826,12.4021
24.0000,4.0000,5.0000,3.2500,3.2500,7.0468,3.6700,8.7697,6.2932,11.3918,3.3757,8.7836,5.9680,11.2942
24.0000,4.0000,6.0000,3.2500,3.2500,7.1021,2.8761,8.9505,4.3183,11.7367,3.0605,9.0611,4.4204,11.7041
25.0000,4.0000,4.0000,3.2500,3.2500,7.5807,9.3380,2.3121,12.3229,4.0695,9.9969,2.9471,11.8325,3.7144
26.0000,4.0000,3.0000,3.2500,3.2500,6.0624,6.8303,5.7254,9.3332,8.0977,7.0511,5.8296,9.3571,8.0810
26.0000,4.0000,5.0000,3.2500,3.2500,9.7948,10.2185,7.0222,13.3950,9.0111,10.2569,6.9458,13.3298,8.8610
27.0000,4.0000,5.0000,3.2500,3.2500,9.0989,9.6663,7.2193,11.9120,9.4691,9.7714,7.4110,11.8858,9.5713
28.0000,4.0000,0.0000,3.2500,3.2500,8.8744,10.4733,4.8990,12.9195,7.0468,10.4110,5.0928,12.6528,7.1061
28.0000,4.0000,5.0000,3.2500,3.2500,4.5242,3.8390,6.4846,5.9093,8.4606,3.8767,6.4759,5.8304,8.3602
29.0000,4.0000,0.0000,2.7500,3.2500,6.8517,2.8219,8.7738,4.3549,11.3265,2.9346,8.8593,4.4108,11.3485
29.0000,4.0000,5.0000,2.7500,3.2500,2.0098,3.4250,3.3025,5.5941,5.1398,3.4699,3.3483,5.4894,5.0667
29.0000,4.0000,8.0000,2.7500,3.2500,9.4871,9.5862,7.5014,12.0541,8.9744,9.5956,7.5710,12.0238,8.9860
30.0000,4.0000,5.0000,3.2500,3.2500,7.4545,9.4629,4.0963,11.5794,5.6901,9.5998,4.0804,11.5909,5.5941
31.0000,4.0000,1.0000,3.2500,3.2500,4.4402,2.8670,6.5053,4.2746,8.8519,2.9540,6.4888,4.2572,8.7821
31.0000,4.0000,6.0000,3.2500,3.2500,4.4740,3.8359,6.4916,6.6813,8.0040,4.0813,6.4472,6.7101,7.8760
31.0000,4.0000,7.0000,3.2500,3.2500,7.1294,4.0657,9.2686,5.3396,11.1911,4.0833,9.3100,5.2780,11.1824
32.0000,4.0000,1.0000,3.2500,3.2500,2.0821,3.1185,3.8205,4.4127,6.7140,3.1633,3.8921,4.3895,6.6002
32.0000,4.0000,3.0000,3.2500,3.2500,8.7541,9.1096,7.3935,10.7535,10.4187,9.0050,7.5362,10.5840,10.4548
33.0000,4.0000,3.0000,3.2500,3.2500,4.0418,5.7328,2.9482,8.7942,4.5067,5.7134,3.0201,8.6608,4.5241
33.0000,4.0000,5.0000,3.2500,3.2500,9.4333,6.5070,10.6528,8.8273,12.5175,6.6056,10.6463,8.8008,12.4260
33.0000,4.0000,7.0000,3.2500,3.2500,3.4353,3.7235,5.4423,6.3565,6.9218,3.7956,5.5370,6.3056,6.9438
34.0000,4.0000,5.0000,3.2500,3.2500,6.8893,7.4686,6.0870,9.9408,8.8295,7.5172,6.2002,9.9509,8.8276
35.0000,4.0000,1.0000,3.2500,3.2500,2.6153,4.2697,3.8504,5.8139,6.4597,4.3173,3.8055,5.7776,6.4201
35.0000,4.0000,2.0000,3.2500,3.2500,8.9337,4.6892,10.7706,6.6846,12.9192,4.6267,10.9632,6.4827,13.0537
36.0000,4.0000,0.0000,2.2500,3.2500,9.4155,10.6378,4.4932,12.0609,6.8455,10.8147,4.4595,12.2272,6.7105
36.0000,4.0000,5.0000,2.2500,3.2500,2.1649,3.0533,1.5352,5.7551,4.5355,3.1650,1.5868,5.7012,4.5009
37.0000,4.0000,1.0000,3.2500,3.2500,9.8406,11.9554,4.0127,13.9809,5.5821,12.1727,4.1623,14.1200,5.6389
37.0000,4.0000,4.0000,3.2500,3.2500,9.0367,3.5000,11.3681,5.2731,13.0619,3.9819,11.6239,4.7922,12.5819
38.0000,4.0000,1.0000,3.2500,3.2500,5.8401,6.7720,5.8234,8.5071,8.3807,6.8288,5.9186,8.4530,8.3668
38.0000,4.0000,2.0000,3.2500,3.2500,5.4328,6.9152,4.7096,8.7317,7.6552,7.3961,5.4060,8.3695,6.9860
38.0000,4.0000,3.0000,3.2500,3.2500,5.1682,5.1779,5.8233,7.6801,8.8263,5.2153,5.7796,7.5683,8.5674
38.0000,4.0000,4.0000,3.2500,3.2500,8.0044,5.9211,9.2724,7.5383,11.6446,6.0315,9.1889,7.5410,11.4536
38.0000,4.0000,5.0000,3.2500,3.2500,6.6692,8.9636,2.8450,10.8298,4.7506,9.3556,3.3363,10.5223,4.3389
39.0000,4.0000,1.0000,3.2500,3.2500,9.6179,7.1697,10.5077,9.7530,12.1596,7.3705,10.6440,9.8001,12.2558
39.0000,4.0000,2.0000,3.2500,3.2500,8.8246,2.7486,10.5146,5.6092,13.5366,2.9364,10.6519,5.5970,13.6181
39.0000,4.0000,4.0000,3.2500,3.2500,7.7882,5.6719,8.6594,8.5667,11.3587,5.7455,8.8757,8.5261,11.3726
40.0000,4.0000,2.0000,3.2500,3.2500,6.1554,5.2085,7.1631,7.2529,10.1081,5.4726,7.8228,6.8610,9.3578
41.0000,4.0000,2.0000,3.2500,3.2500,9.5668,2.4196,12.1631,5.3034,13.4315,2.2967,12.2711,5.0900,13.4734
42.0000,4.0000,2.0000,3.2500,3.2500,4.6929,6.5722,4.0985,7.9406,7.2890,6.6517,4.1690,7.9269,7.1694
42.0000,4.0000,4.0000,3.2500,3.2500,7.3346,3.2503,9.7608,6.4408,11.0572,4.1851,10.2309,5.5161,10.6807
42.0000,4.0000,8.0000,3.2500,3.2500,9.0801,5.5978,10.6962,8.2322,12.4189,6.2394,11.1827,7.8701,12.1415
43.0000,4.0000,1.0000,3.2500,3.2500,8.3314,3.0898,10.2520,4.8557,12.8480,3.5410,11.0713,4.6806,12.0027
43.0000,4.0000,2.0000,3.2500,3.2500,8.0509,9.6427,5.4658,11.7302,7.2038,9.7158,5.4976,11.6721,7.1293
43.0000,4.0000,4.0000,3.2500,3.2500,9.8246,5.0372,11.4138,6.7224,14.0184,5.1619,11.4903,6.7521,13.8986
43.0000,4.0000,5.0000,3.2500,3.2500,5.1209,7.2267,3.2579,9.1398,5.9889,7.7228,3.9527,8.8597,5.5135
44.0000,4.0000,0.0000,3.2500,3.2500,3.5351,5.8190,1.6129,7.7433,4.5547,5.9833,2.5559,7.3739,3.9279
44.0000,4.0000,3.0000,3.2500,3.2500,8.2655,8.6627,6.5175,11.8134,8.8110,8.8140,6.6006,11.8063,8.7530
44.0000,4.0000,4.0000,3.2500,3.2500,3.1038,4.8924,4.0236,6.5981,6.1679,4.9302,4.0674,6.5504,6.0161
45.0000,4.0000,4.0000,3.2500,2.7500,8.1583,9.4325,4.6970,12.4581,6.2215,9.4267,4.6854,12.3746,6.1367
45.0000,4.0000,5.0000,3.2500,2.7500,1.7113,2.3870,3.3657,4.3795,5.5464,2.5269,3.3896,4.4331,5.5214
45.0000,4.0000,6.0000,3.2500,2.7500,9.8466,2.6186,11.9379,4.0229,13.2548,2.5427,11.9943,3.8980,13.1872
45.0000,4.0000,7.0000,3.2500,2.7500,7.0603,4.0589,8.6278,6.2360,10.4734,4.0322,8.7707,6.1021,10.5262
46.0000,4.0000,0.0000,3.2500,3.2500,9.0382,3.7371,11.0039,6.8949,13.0939,3.9859,11.1056,6.8681,13.1038
46.0000,4.0000,1.0000,3.2500,3.2500,9.0945,7.2036,9.2294,9.7408,12.1621,7.1276,9.3927,9.5647,12.1251
47.0000,4.0000,1.0000,3.2500,3.2500,8.0860,7.9238,8.6419,9.4262,9.8501,7.8256,8.6296,9.2409,9.7642
47.0000,4.0000,2.0000,3.2500,3.2500,6.7962,1.8619,8.9387,4.4267,11.1521,2.4699,9.5444,3.8830,10.6422
47.0000,4.0000,4.0000,3.2500,3.2500,7.9155,7.0636,8.1513,9.9125,10.2176,7.2793,8.2672,10.0097,10.2971
47.0000,4.0000,5.0000,3.2500,3.2500,2.7445,4.9615,2.8224,6.8995,4.8557,5.5264,3.3523,6.4410,4.3367
48.0000,4.0000,0.0000,2.7500,3.2500,8.7946,8.8986,7.8950,10.3525,9.5725,9.0441,8.0391,10.4435,9.6681
48.0000,4.0000,2.0000,2.7500,3.2500,4.4102,5.5944,2.4727,8.7185,4.3920,5.7571,2.4599,8.6297,4.3038
48.0000,4.0000,3.0000,2.7500,3.2500,2.1725,3.3463,2.5539,6.2408,5.4209,3.3252,2.6219,6.0793,5.3943
48.0000,4.0000,5.0000,2.7500,3.2500,3.8128,3.4626,5.2390,5.3057,8.1506,3.3217,5.2603,5.0359,8.0545
49.0000,4.0000,0.0000,3.2500,3.2500,9.4016,11.2267,3.6214,13.6600,6.8140,11.3675,3.6587,13.6719,6.7073
49.0000,4.0000,4.0000,3.2500,3.2500,9.6274,10.0440,7.3900,13.0419,8.8906,10.1015,7.2054,13.0390,8.6147
50.0000,4.0000,4.0000,3.2500,3.2500,3.6238,3.4851,5.7972,5.5202,7.5037,3.5671,5.7661,5.5169,7.4495
50.0000,4.0000,5.0000,3.2500,3.2500,8.9911,9.5725,7.0249,12.5174,8.4367,9.6172,7.1839,12.4503,8.5101
50.0000,4.0000,7.0000,3.2500,3.2500,9.3092,7.3277,9.8726,10.5128,11.3935,7.3211,9.9275,10.4190,11.3135
51.0000,4.0000,0.0000,3.2500,3.2500,7.1231,3.2253,9.6769,4.7435,10.9935,3.1610,9.8011,4.6432,11.0380
51.0000,4.0000,2.0000,3.2500,3.2500,4.3345,4.3446,5.8525,6.6792,8.0426,4.2866,5.9204,6.4661,8.0405
52.0000,4.0000,0.0000,3.2500,3.2500,9.8022,12.2316,4.5492,13.4476,6.0120,12.4442,4.5730,13.6236,5.9459
52.0000,4.0000,1.0000,3.2500,3.2500,2.5575,4.0854,3.8931,5.4512,6.7231,4.4230,4.5778,5.0092,5.8579
52.0000,4.0000,5.0000,3.2500,3.2500,9.9861,4.5521,11.3688,7.5903,14.2898,4.3714,11.5307,7.3369,14.3262
52.0000,4.0000,6.0000,3.2500,3.2500,2.4561,4.7912,2.8115,6.3162,5.3921,4.9032,2.7820,6.2701,5.3572
53.0000,4.0000,0.0000,2.2500,3.2500,7.0156,7.8137,3.1791,10.6181,4.9891,7.7102,3.2708,10.4926,4.9359
53.0000,4.0000,2.0000,2.2500,3.2500,4.7062,2.5965,6.4348,5.5210,8.7547,2.7029,6.4732,5.4887,8.7622
53.0000,4.0000,4.0000,2.2500,3.2500,3.6939,3.8245,4.6114,6.6384,6.2500,3.8989,4.5738,6.6069,6.1150
53.0000,4.0000,5.0000,2.2500,3.2500,4.6852,4.4521,4.5935,7.3621,7.7638,4.4841,4.6890,7.2987,7.7569
55.0000,4.0000,0.0000,3.2500,2.2500,3.2954,3.3565,4.4918,6.1170,5.8900,3.4763,4.5114,6.0444,5.7929
55.0000,4.0000,4.0000,3.2500,2.2500,1.8317,1.8371,2.8137,4.3438,5.3357,1.9310,2.8954,4.2830,5.3927
56.0000,4.0000,0.0000,3.2500,3.2500,6.8838,7.5055,6.5959,8.9530,9.4106,7.3378,6.6278,8.7277,9.3049
56.0000,4.0000,2.0000,3.2500,3.2500,9.9532,8.9678,8.9465,11.5002,11.7366,9.1760,9.0188,11.5847,11.7640
56.0000,4.0000,3.0000,3.2500,3.2500,2.8822,4.5250,4.0924,6.0834,6.4510,4.9663,4.6957,5.6843,5.8204
56.0000,4.0000,4.0000,3.2500,3.2500,2.9625,3.2731,4.4704,5.8012,7.3661,3.4754,4.5254,5.8289,7.2740
56.0000,4.0000,8.0000,3.2500,3.2500,9.4594,9.7321,8.2004,12.0664,9.4294,9.8578,8.3697,12.0177,9.5323
57.0000,4.0000,2.0000,3.2500,3.2500,8.4845,10.9073,1.9005,12.5568,5.0060,10.9524,2.1419,12.5015,5.1097
57.0000,4.0000,4.0000,3.2500,3.2500,7.0929,8.1700,6.0292,10.3745,7.9651,8.1381,6.1067,10.2398,7.9061
57.0000,4.0000,5.0000,3.2500,3.2500,5.6292,7.9619,3.0644,9.7607,4.3337,8.1048,3.1016,9.7436,4.2993
57.0000,4.0000,6.0000,3.2500,3.2500,7.9612,8.3397,7.3219,10.4150,9.3441,8.3741,7.2657,10.3567,9.1205
58.0000,4.0000,3.0000,3.2500,3.2500,9.8282,11.1396,7.0723,12.8108,8.4753,11.3757,6.9403,12.9389,8.2988
58.0000,4.0000,4.0000,3.2500,3.2500,2.3628,3.2904,4.3721,5.2437,6.3933,3.3676,4.4783,5.2019,6.4134
58.0000,4.0000,6.0000,3.2500,3.2500,5.8833,5.2394,7.6122,7.2123,9.0381,5.2095,7.7343,7.1129,9.0889
60.0000,4.0000,1.0000,3.2500,3.2500,9.9409,10.4888,7.1338,13.5533,8.7236,10.6904,7.1963,13.5585,8.6756
60.0000,4.0000,4.0000,3.2500,3.2500,8.9340,8.9900,7.4094,11.1816,10.5950,9.7333,8.0844,10.5381,10.1756
60.0000,4.0000,5.0000,3.2500,3.2500,6.2545,4.0306,7.7783,7.0377,10.3667,3.8554,7.7612,6.6848,10.2605
60.0000,4.0000,6.0000,3.2500,3.2500,7.7655,9.2593,5.9012,11.2132,7.3800,9.2713,5.9478,11.2546,7.3623
61.0000,4.0000,1.0000,3.2500,3.2500,5.1651,2.6205,7.6936,5.0896,9.0654,2.5244,7.7365,4.8717,9.0202
61.0000,4.0000,4.0000,3.2500,3.2500,6.6367,6.9571,7.1190,8.6193,9.0661,6.9651,6.9669,8.5124,8.8198
62.0000,4.0000,0.0000,3.2500,3.2500,4.3860,2.5546,6.7773,5.5923,8.3386,3.4165,6.9516,4.5698,7.7508
62.0000,4.0000,1.0000,3.2500,3.2500,2.6414,3.3664,4.3623,5.2177,6.9921,3.2949,4.5184,5.1056,6.9337
63.0000,4.0000,2.0000,3.2500,3.2500,2.8396,4.8137,2.6219,7.2691,4.9203,4.9203,2.6235,7.2561,4.8008
64.0000,4.0000,1.0000,3.2500,3.2500,4.5133,4.1051,6.4335,5.8131,8.4209,4.4939,6.7125,5.1751,8.0657
64.0000,4.0000,4.0000,3.2500,3.2500,9.1995,8.2267,8.8166,10.1446,11.7401,8.8643,9.7199,9.6218,10.7978
64.0000,4.0000,5.0000,3.2500,3.2500,8.9972,10.3108,5.6982,12.9895,7.2476,10.4481,5.7163,13.0084,7.1979
64.0000,4.0000,6.0000,3.2500,3.2500,5.2966,7.3354,3.7055,9.3021,5.8682,7.4572,3.7275,9.3124,5.8281
65.0000,4.0000,2.0000,3.2500,3.2500,7.3874,8.9952,3.2883,11.9762,6.1907,9.8885,4.0310,11.0954,5.3171
65.0000,4.0000,4.0000,3.2500,3.2500,8.5388,9.6391,7.2393,10.8766,9.0180,9.7026,7.1846,10.8581,8.8872
65.0000,4.0000,6.0000,3.2500,3.2500,7.8539,2.8821,10.1157,4.3793,12.0737,2.9127,10.1781,4.3043,12.1397
65.0000,4.0000,7.0000,3.2500,3.2500,9.7082,11.8709,3.5835,13.8101,5.9299,11.9007,3.5978,13.7426,5.9271
66.0000,4.0000,1.0000,3.2500,3.2500,8.4177,5.3187,9.9541,6.6985,12.4515,5.3594,10.0276,6.6661,12.4376
67.0000,4.0000,5.0000,3.2500,3.2500,9.3403,5.6745,11.2976,7.3071,12.7224,5.8329,11.2052,7.3673,12.5668
67.0000,4.0000,6.0000,3.2500,3.2500,7.9578,5.8435,9.3297,8.4296,11.0585,5.9364,9.1684,8.3641,10.7859
68.0000,4.0000,2.0000,3.2500,3.2500,7.1717,2.1735,8.8509,3.9009,11.9862,2.1223,8.9351,3.8003,11.8781
68.0000,4.0000,5.0000,3.2500,3.2500,7.9068,8.2273,6.8660,10.8453,9.2256,8.3758,6.7617,10.8415,8.9779
68.0000,4.0000,8.0000,3.2500,3.2500,7.9686,7.4473,8.1652,9.8703,10.0383,7.4729,8.3350,9.7965,10.1437
69.0000,4.0000,4.0000,3.2500,3.2500,6.2141,3.6670,8.4379,5.8356,10.1221,4.2333,8.8227,5.2938,9.5706
69.0000,4.0000,7.0000,3.2500,3.2500,9.0882,2.3053,11.1962,4.2919,13.4799,2.4418,11.4392,4.3043,13.6530
70.0000,4.0000,2.0000,3.2500,3.2500,2.1965,2.4588,4.5381,4.9618,6.2574,3.1492,5.0044,4.4095,5.7140
70.0000,4.0000,3.0000,3.2500,3.2500,8.9258,11.1939,2.8017,13.1424,4.4374,11.1552,2.8454,13.0534,4.3784
70.0000,4.0000,4.0000,3.2500,3.2500,9.9439,6.7680,10.6363,9.1386,13.3862,6.9466,10.8465,9.1499,13.4020
70.0000,4.0000,8.0000,3.2500,3.2500,3.4303,5.5947,2.8448,7.5741,5.2662,5.6798,3.0178,7.5354,5.3081
71.0000,4.0000,2.0000,3.2500,3.2500,6.6878,4.9539,7.8728,7.2613,10.7203,4.9625,7.8751,7.1286,10.5892
71.0000,4.0000,3.0000,3.2500,3.2500,6.2795,8.1084,4.1716,10.4238,5.9278,8.1032,4.2540,10.3568,5.8955
71.0000,4.0000,4.0000,3.2500,3.2500,9.0555,9.6838,6.6294,12.4193,9.0656,9.6142,6.8572,12.2037,9.1898
72.0000,4.0000,3.0000,3.2500,3.2500,7.8465,9.5224,3.0787,12.5002,5.7270,9.4877,3.1401,12.2988,5.6494
72.0000,4.0000,6.0000,3.2500,3.2500,8.4516,9.2595,7.0713,10.5930,9.7935,9.2001,6.9511,10.4825,9.4781
72.0000,4.0000,7.0000,3.2500,3.2500,6.8428,3.0455,9.0821,5.9588,10.8724,2.9962,9.0244,5.7039,10.6670
73.0000,4.0000,1.0000,3.2500,3.2500,3.4081,5.1301,3.2802,7.9215,5.1008,5.9759,3.6967,7.1157,4.7746
73.0000,4.0000,2.0000,3.2500,3.2500,2.3625,4.6187,2.1047,6.6035,4.2307,4.7178,2.1796,6.6353,4.1777
74.0000,4.0000,2.0000,3.2500,3.2500,7.5684,6.4414,8.5686,9.0617,10.0997,6.4435,8.6275,8.9176,10.0954
74.0000,4.0000,3.0000,3.2500,3.2500,5.2090,4.5995,6.6335,6.2405,9.3374,5.0744,7.1974,5.9491,8.7433
74.0000,4.0000,4.0000,3.2500,3.2500,6.9437,9.2477,4.0008,10.4898,6.6978,9.0381,3.9129,10.2017,6.5030
74.0000,4.0000,5.0000,3.2500,3.2500,4.2889,5.8881,2.9387,8.9884,5.4086,5.9145,2.9028,8.8415,5.2641
75.0000,4.0000,1.0000,3.2500,3.2500,5.1956,5.8862,5.7215,8.6886,7.3188,5.9839,5.7515,8.6686,7.3012
75.0000,4.0000,2.0000,3.2500,3.2500,3.6783,6.1939,2.6013,7.4512,5.6502,6.2322,2.6304,7.4292,5.6040
75.0000,4.0000,3.0000,3.2500,3.2500,4.7689,7.3923,2.0940,8.6407,4.1027,7.4949,2.1920,8.6816,4.1581
75.0000,4.0000,4.0000,3.2500,3.2500,6.5192,8.4716,3.7720,10.5780,6.2647,8.7896,3.8945,10.7065,6.2519
75.0000,4.0000,5.0000,3.2500,3.2500,3.7768,2.5553,6.2579,4.4241,7.7804,2.6647,6.2596,4.3682,7.6878
76.0000,4.0000,1.0000,3.2500,3.2500,6.0020,5.1358,7.4300,8.1811,8.9505,5.3583,7.6715,8.2601,9.1197
76.0000,4.0000,2.0000,3.2500,3.2500,7.1903,3.3257,8.9086,5.5715,11.7708,3.4150,9.0956,5.5657,11.8301
76.0000,4.0000,4.0000,3.2500,3.2500,8.8160,6.5608,9.3752,9.1117,12.1831,6.4191,9.4105,8.8858,12.0340
76.0000,4.0000,5.0000,3.2500,3.2500,7.3591,9.0053,4.4030,11.5983,6.3062,9.3056,4.4375,11.7094,6.2604
77.0000,4.0000,1.0000,3.2500,3.2500,5.0850,3.3758,7.2781,5.1031,9.1975,3.3407,7.2955,5.0784,9.1422
77.0000,4.0000,2.0000,3.2500,3.2500,8.0377,9.9787,4.2922,12.0975,6.1825,10.0537,4.2780,12.0937,6.0448
77.0000,4.0000,6.0000,3.2500,3.2500,2.0758,4.2801,3.0548,5.6954,5.7162,4.3488,3.2716,5.6874,5.6787
79.0000,4.0000,2.0000,3.2500,3.2500,4.6878,5.7987,4.4386,8.8666,6.6687,6.4503,4.9909,8.2089,6.0183
80.0000,4.0000,3.0000,3.2500,3.2500,4.9177,5.9817,4.8283,9.0269,6.6052,6.8816,5.1815,8.1809,6.1194
80.0000,4.0000,4.0000,3.2500,3.2500,2.3064,4.1817,3.8153,6.0514,5.3944,4.2482,3.8276,6.0620,5.3395
80.0000,4.0000,6.0000,3.2500,3.2500,3.2326,3.2974,4.5283,6.4136,7.5831,3.3399,4.6795,6.2606,7.5505
81.0000,4.0000,2.0000,3.2500,3.2500,2.2319,4.0702,1.8167,6.8838,4.3888,4.0894,1.9398,6.7638,4.3368
81.0000,4.0000,3.0000,3.2500,3.2500,5.3518,6.3817,4.7835,9.4421,6.9732,7.5307,5.3356,8.3957,6.6178
81.0000,4.0000,4.0000,3.2500,3.2500,9.3379,4.4151,10.7119,7.1660,13.7594,4.3677,10.5372,7.0106,13.4663
81.0000,4.0000,5.0000,3.2500,3.2500,2.4525,4.4538,1.9462,6.9511,4.5521,4.5294,1.9481,6.8520,4.5088
82.0000,4.0000,3.0000,3.2500,3.2500,9.9869,12.5405,3.4128,13.7869,5.5011,12.8673,3.4651,14.0067,5.4481
83.0000,4.0000,1.0000,3.2500,3.2500,8.8731,10.6606,4.1711,13.1326,6.3127,10.8306,4.3623,13.2156,6.3736
83.0000,4.0000,2.0000,3.2500,3.2500,1.4761,2.5136,3.9335,4.1514,5.5140,2.6905,3.9157,4.2024,5.4191
83.0000,4.0000,3.0000,3.2500,3.2500,3.7214,4.8725,4.4922,7.8037,6.1611,4.9307,4.5273,7.6498,6.0716
83.0000,4.0000,4.0000,3.2500,3.2500,7.3060,9.0651,4.0888,11.2443,7.1874,9.0585,4.0998,11.1590,7.1114
83.0000,4.0000,5.0000,3.2500,3.2500,7.3322,9.1964,5.6976,10.4359,7.3281,9.5953,6.1586,10.1234,6.9229
83.0000,4.0000,6.0000,3.2500,3.2500,3.3999,2.2863,5.9663,5.2167,7.2591,2.4411,6.1267,5.3062,7.3704
84.0000,4.0000,1.0000,3.2500,3.2500,6.6378,5.4007,8.4082,7.4935,9.7261,5.4457,8.4426,7.4108,9.7034
84.0000,4.0000,2.0000,3.2500,3.2500,4.5598,6.9627,1.9974,8.6509,4.8307,7.5136,2.7143,8.1792,4.0703
85.0000,4.0000,0.0000,3.2500,3.2500,7.0385,8.8668,4.8871,10.9372,6.2139,9.3311,5.2688,10.7684,5.9037
85.0000,4.0000,2.0000,3.2500,3.2500,9.0844,10.9930,4.5011,13.2849,5.7470,11.0945,4.4993,13.1990,5.6665
85.0000,4.0000,4.0000,3.2500,3.2500,7.2229,9.2583,3.9729,11.0512,6.7673,9.2874,3.9164,10.9487,6.5273
86.0000,4.0000,0.0000,3.2500,3.2500,2.1151,4.0779,3.5370,5.4884,5.8771,4.0988,3.5567,5.4997,5.7943
86.0000,4.0000,2.0000,3.2500,3.2500,3.5502,4.7446,4.2605,7.9110,5.7785,4.9745,4.2005,7.8419,5.6266
87.0000,4.0000,4.0000,3.2500,3.2500,7.2211,8.8743,2.9289,11.9302,5.5607,8.9839,2.9157,11.7507,5.3898
87.0000,4.0000,5.0000,3.2500,3.2500,5.7067,4.9372,7.6650,6.9178,8.9142,4.9693,7.6977,6.8757,8.8845
87.0000,4.0000,7.0000,3.2500,3.2500,9.0296,10.0693,7.2231,11.7364,8.8616,10.7378,7.5430,11.2956,8.5682
88.0000,4.0000,2.0000,3.2500,3.2500,5.7015,1.9964,7.8960,4.4504,10.0070,1.7555,7.6587,4.1809,9.6773
88.0000,4.0000,3.0000,3.2500,3.2500,7.1216,9.3433,3.2798,11.2217,5.4667,9.3289,3.3203,11.0706,5.3816
88.0000,4.0000,5.0000,3.2500,3.2500,6.3426,4.3516,8.0436,7.1464,10.1155,4.3588,8.2591,6.9089,10.1695
89.0000,4.0000,7.0000,3.2500,3.2500,7.5236,4.8712,8.7794,7.5292,11.5626,5.0398,8.9460,7.4833,11.5547
89.0000,4.0000,8.0000,3.2500,3.2500,9.4877,6.1155,10.7287,8.3852,12.9776,6.1459,11.0523,8.3286,13.1875
0.0000,8.0000,1.0000,5.2500,5.2500,7.3845,6.3401,11.0627,9.2729,13.2930,6.4321,10.8606,9.2531,12.9302
0.0000,8.0000,3.0000,5.2500,5.2500,9.1369,12.5216,8.5528,14.0554,10.6342,12.3022,8.4107,13.8103,10.4063
0.0000,8.0000,4.0000,5.2500,5.2500,6.1004,9.7357,5.7185,12.5199,8.0473,9.7543,5.8724,12.4233,8.0307
0.0000,8.0000,5.0000,5.2500,5.2500,9.3256,13.7221,4.4196,15.4197,6.6695,14.0945,5.2562,14.8203,6.1202
0.0000,8.0000,6.0000,5.2500,5.2500,9.6897,13.8813,7.0245,15.3493,8.4481,13.6801,7.0141,15.0935,8.4214
1.0000,8.0000,2.0000,5.2500,5.2500,8.3492,12.7211,2.7537,14.2858,5.2248,12.7552,2.7563,14.2157,5.1818
1.0000,8.0000,4.0000,5.2500,5.2500,8.7412,13.0491,2.5419,14.7830,5.6710,13.0496,2.8023,14.7120,5.7075
3.0000,8.0000,0.0000,5.2500,5.2500,5.9253,10.4862,4.1595,11.8320,7.2169,10.4373,4.1878,11.7571,7.0743
3.0000,8.0000,2.0000,5.2500,5.2500,7.1159,2.4807,10.9937,3.8477,13.1130,2.5989,11.0886,3.8663,13.0564
3.0000,8.0000,3.0000,5.2500,5.2500,1.1857,4.2623,5.7348,5.7536,7.0867,4.3432,5.7888,5.7793,7.0838
3.0000,8.0000,4.0000,5.2500,5.2500,3.2291,4.0386,6.9928,5.6777,9.9177,4.1077,6.9270,5.5857,9.8692
3.0000,8.0000,6.0000,5.2500,5.2500,9.2560,3.1212,12.8080,4.4992,15.9787,3.2646,12.9819,4.5771,16.0284
4.0000,8.0000,0.0000,5.2500,5.2500,3.4028,6.8566,5.9195,9.2235,8.4766,7.2746,6.6510,8.6583,7.7734
4.0000,8.0000,1.0000,5.2500,5.2500,9.7934,10.9570,10.8057,13.2986,13.6381,11.3597,10.8299,13.6113,13.5182
4.0000,8.0000,2.0000,5.2500,5.2500,5.7131,9.3081,2.5954,12.2237,4.9281,10.0745,3.2320,11.4105,4.2521
4.0000,8.0000,3.0000,5.2500,5.2500,6.2221,5.6083,10.3862,8.4752,12.0309,5.5554,10.3375,8.3305,11.7968
4.0000,8.0000,4.0000,5.2500,5.2500,6.3929,8.2975,9.1663,10.7027,10.8850,8.3808,9.1301,10.6523,10.7823
4.0000,8.0000,5.0000,5.2500,5.2500,6.5379,9.3608,8.5998,11.2070,10.2438,9.4325,8.6028,11.2126,10.1550
5.0000,8.0000,0.0000,5.2500,2.7500,3.1094,3.3967,4.5420,5.4821,6.9617,3.4761,4.5748,5.4746,6.8324
5.0000,8.0000,1.0000,5.2500,2.7500,1.1861,3.5669,3.2394,6.3642,4.5635,3.7086,3.2775,6.4652,4.5400
6.0000,8.0000,0.0000,5.2500,5.2500,5.8954,9.4785,6.2308,11.6921,9.2855,9.5559,6.4433,11.7001,9.2729
6.0000,8.0000,2.0000,5.2500,5.2500,4.2898,5.5622,8.5557,7.7343,10.0554,5.7193,8.5696,7.8356,10.0027
6.0000,8.0000,4.0000,5.2500,5.2500,9.8815,4.3914,13.7045,7.3168,16.5215,4.9230,14.8360,6.7224,16.1918
6.0000,8.0000,5.0000,5.2500,5.2500,3.7649,5.0485,7.5963,7.3856,10.1810,5.2227,7.6665,7.3662,10.0774
6.0000,8.0000,6.0000,5.2500,5.2500,3.3633,3.2676,7.2757,4.6518,9.4362,3.3821,7.4688,4.7164,9.5944
7.0000,8.0000,0.0000,5.2500,5.2500,6.6001,11.1426,4.6616,12.5367,6.5835,11.4507,5.0335,12.2057,6.0650
7.0000,8.0000,1.0000,5.2500,5.2500,6.7937,9.3399,9.0788,10.5680,11.2247,9.5578,9.5015,10.2567,10.6844
7.0000,8.0000,2.0000,5.2500,5.2500,8.7271,1.7638,12.8959,4.3677,14.5029,2.0266,12.9699,4.5778,14.5223
7.0000,8.0000,4.0000,5.2500,5.2500,7.5009,11.0968,6.3928,13.8896,8.0057,11.2155,6.2549,13.8619,7.7508
8.0000,8.0000,2.0000,5.2500,5.2500,2.0675,6.0048,3.0722,8.4371,6.1789,6.0016,3.1897,8.3271,6.0998
8.0000,8.0000,7.0000,5.2500,5.2500,8.0671,1.8511,11.8475,5.0332,14.3763,1.7106,11.8977,4.8722,14.3837
9.0000,8.0000,0.0000,5.2500,5.2500,9.9817,3.2738,13.6963,6.3809,16.7493,3.3474,13.7153,6.2174,16.6524
9.0000,8.0000,1.0000,5.2500,5.2500,8.7831,10.4036,10.1408,13.0580,12.2153,10.3899,10.1709,12.9232,12.1762
9.0000,8.0000,3.0000,5.2500,5.2500,7.7662,8.8867,10.9766,10.5516,12.2263,9.6341,11.1175,10.2732,11.8014
9.0000,8.0000,4.0000,5.2500,5.2500,7.3703,11.5979,5.7024,13.3392,7.7735,11.8260,5.9202,13.4802,7.8779
9.0000,8.0000,5.0000,5.2500,5.2500,9.0277,9.6386,11.1275,11.8499,13.6990,9.6013,11.4949,11.7951,13.9107
10.0000,8.0000,0.0000,5.2500,5.2500,3.3922,7.3515,2.4307,8.6297,4.0713,7.4594,2.3116,8.6456,3.8394
10.0000,8.0000,1.0000,5.2500,5.2500,9.1148,6.5234,13.0315,8.0534,15.2365,6.4236,13.0472,7.8530,15.1479
10.0000,8.0000,2.0000,5.2500,5.2500,6.9401,10.8148,3.8540,13.5139,5.4508,10.8670,3.9686,13.4782,5.5119
10.0000,8.0000,3.0000,5.2500,5.2500,6.2949,2.5594,10.2801,5.6682,12.6029,2.6905,10.4554,5.5716,12.6101
10.0000,8.0000,4.0000,5.2500,5.2500,7.7360,10.6476,8.5582,12.6198,10.6812,10.5360,8.6875,12.4979,10.7501
10.0000,8.0000,5.0000,5.2500,5.2500,1.5730,4.8236,5.9415,6.4626,7.6047,4.7287,5.9716,6.3476,7.5470
11.0000,8.0000,0.0000,5.2500,5.2500,2.7375,2.2398,6.5305,4.9779,8.3517,2.2335,6.6566,4.9026,8.3431
11.0000,8.0000,2.0000,5.2500,5.2500,8.6388,10.5373,9.9714,13.4334,11.3478,10.6575,10.0447,13.3976,11.3762
11.0000,8.0000,3.0000,5.2500,5.2500,2.8014,4.0584,7.0553,6.9718,9.0224,4.8854,7.5459,6.0268,8.7325
11.0000,8.0000,4.0000,5.2500,5.2500,8.4379,12.0362,6.5492,14.7525,8.3638,11.7819,6.8284,14.3859,8.5241
11.0000,8.0000,5.0000,5.2500,5.2500,7.9917,6.2107,12.1503,9.3263,13.5187,6.2260,12.0111,9.0461,13.2851
12.0000,8.0000,0.0000,5.2500,5.2500,2.9773,3.5780,6.8508,6.5001,9.5887,3.7015,6.8720,6.3993,9.4964
12.0000,8.0000,1.0000,5.2500,5.2500,4.0253,4.5737,8.1084,5.7750,10.4408,4.7967,8.4919,5.4968,9.8257
12.0000,8.0000,3.0000,5.2500,5.2500,8.1371,11.3414,7.1336,14.0920,9.8351,11.8651,7.8466,13.4956,9.0619
12.0000,8.0000,4.0000,5.2500,5.2500,7.0967,11.0314,5.2658,13.4459,7.7022,11.3232,5.3934,13.6001,7.6960
12.0000,8.0000,5.0000,5.2500,5.2500,8.2810,4.4616,12.3163,5.8331,14.7445,4.8586,12.8474,5.5121,14.1006
12.0000,8.0000,7.0000,5.2500,5.2500,7.6415,11.2021,1.9004,13.9568,4.2770,11.3490,1.8230,13.8750,4.0553
13.0000,8.0000,2.0000,5.2500,5.2500,6.2491,10.0326,2.6951,12.6775,5.1374,10.1279,2.9605,12.6473,5.2306
13.0000,8.0000,3.0000,5.2500,5.2500,6.1298,9.2952,8.1432,11.0963,9.5994,9.7817,8.5842,10.8701,9.2513
13.0000,8.0000,4.0000,5.2500,5.2500,5.2585,9.1006,4.8783,11.7168,7.6615,9.0615,4.8470,11.5261,7.5300
13.0000,8.0000,5.0000,5.2500,5.2500,9.1304,12.6718,7.0553,15.0102,9.6283,12.6827,7.3348,14.8732,9.7381
14.0000,8.0000,0.0000,5.2500,5.2500,9.9800,7.0989,13.7095,9.2812,15.8647,7.6229,14.3620,8.7992,15.4629
14.0000,8.0000,1.0000,5.2500,5.2500,8.2431,12.4729,4.5048,14.5133,6.0121,12.5014,4.4679,14.3911,5.9251
14.0000,8.0000,3.0000,5.2500,5.2500,8.9877,13.0764,4.0153,15.3989,6.4980,13.0472,4.2618,15.3174,6.5899
14.0000,8.0000,4.0000,5.2500,5.2500,7.3091,11.4497,6.5037,13.1131,7.9876,11.9392,6.9544,12.6906,7.7152
16.0000,8.0000,1.0000,5.2500,5.2500,6.4903,7.2396,10.0563,10.2230,11.3990,7.9563,10.3580,9.5025,11.1010
16.0000,8.0000,2.0000,5.2500,5.2500,3.0746,6.9796,2.0197,8.1959,4.4863,7.0373,2.0307,8.1372,4.3235
16.0000,8.0000,4.0000,5.2500,5.2500,8.2772,10.1779,9.7940,12.8897,11.4810,10.0531,9.9833,12.5824,11.5338
17.0000,8.0000,1.0000,5.2500,5.2500,9.8529,13.6113,4.0898,16.5780,5.6062,13.7432,3.9972,16.6986,5.4448
17.0000,8.0000,2.0000,5.2500,5.2500,9.7795,6.9001,13.3147,9.7229,15.7613,7.6043,14.1752,9.3132,15.1437
17.0000,8.0000,4.0000,5.2500,5.2500,9.8252,5.0319,13.5886,6.3134,16.5436,5.1702,13.6369,6.3713,16.4356
17.0000,8.0000,5.0000,5.2500,5.2500,6.5858,2.1838,10.3113,4.8814,12.9047,2.4483,10.4072,4.9746,12.8665
17.0000,8.0000,6.0000,5.2500,5.2500,7.2313,2.9013,11.1424,5.3465,13.6438,2.9577,11.1939,5.2743,13.5389
17.0000,8.0000,7.0000,5.2500,5.2500,4.0063,3.0983,8.5341,5.5894,9.7708,3.0151,8.5459,5.3875,9.6857
18.0000,8.0000,0.0000,5.2500,5.2500,9.0199,5.8278,12.6745,8.2960,15.4976,5.7581,12.8220,8.1452,15.4672
18.0000,8.0000,1.0000,5.2500,5.2500,2.4423,6.2339,4.5590,8.8367,7.6640,6.2336,4.6034,8.7744,7.5894
18.0000,8.0000,3.0000,5.2500,5.2500,8.3483,12.5171,2.9573,14.3484,4.2335,12.8031,3.0441,14.5112,4.2638
18.0000,8.0000,4.0000,5.2500,5.2500,4.6615,8.8992,4.8829,10.7879,7.2031,9.0821,4.8851,10.8536,7.0791
18.0000,8.0000,5.0000,5.2500,5.2500,3.2544,6.6952,2.7792,9.8020,5.1913,6.8777,2.9013,9.7864,5.1233
18.0000,8.0000,6.0000,5.2500,5.2500,9.0193,4.7599,13.5367,7.9498,14.8661,5.5808,13.8855,7.1088,14.2526
20.0000,8.0000,0.0000,5.2500,5.2500,1.7554,2.7380,5.7230,5.7673,7.6660,3.6238,6.0504,5.1083,7.2247
20.0000,8.0000,1.0000,5.2500,5.2500,4.0386,8.2991,4.6028,10.2772,6.0180,8.8687,4.9360,10.2053,5.6465
20.0000,8.0000,2.0000,5.2500,5.2500,6.5381,9.0076,8.9077,10.3609,11.2015,9.0018,8.9948,10.3077,11.2169
20.0000,8.0000,3.0000,5.2500,5.2500,8.8133,6.2053,13.1156,8.9256,14.3918,6.3300,13.0833,8.9202,14.2555
20.0000,8.0000,4.0000,5.2500,5.2500,4.9197,7.2772,7.6475,9.1855,10.6794,7.2375,7.6867,9.0453,10.4826
21.0000,8.0000,1.0000,5.2500,5.2500,7.5093,11.2594,7.1523,13.2464,8.7695,11.3277,7.0365,13.2214,8.5942
21.0000,8.0000,5.0000,5.2500,5.2500,7.1014,7.7578,9.5954,10.5685,12.7565,7.6989,9.6261,10.3938,12.5423
21.0000,8.0000,6.0000,5.2500,5.2500,3.7042,6.7106,7.1622,8.9488,8.6543,6.6292,7.2213,8.8037,8.6077
22.0000,8.0000,1.0000,5.2500,5.2500,8.1428,6.0277,12.2530,7.4634,14.2554,5.9397,12.2895,7.2757,14.1765
22.0000,8.0000,2.0000,5.2500,5.2500,3.5502,6.8642,5.8881,9.7146,8.2811,6.8985,5.9236,9.6095,8.2080
22.0000,8.0000,3.0000,5.2500,5.2500,8.9022,5.3238,12.5629,7.7947,15.5480,5.1031,12.6683,7.4833,15.4650
23.0000,8.0000,0.0000,5.2500,5.2500,4.4890,8.1052,2.0710,10.6847,4.9820,8.1676,2.1102,10.6293,4.7719
23.0000,8.0000,1.0000,5.2500,5.2500,8.5518,10.2247,9.4570,13.1364,12.3179,10.1733,9.7078,13.0602,12.4433
23.0000,8.0000,2.0000,5.2500,5.2500,6.7870,11.1263,4.9444,12.8213,7.4042,11.2769,5.0865,12.8917,7.3714
23.0000,8.0000,3.0000,5.2500,5.2500,1.6372,5.7650,4.8770,7.8729,6.5592,5.7986,4.9583,7.7396,6.5513
24.0000,8.0000,0.0000,5.2500,5.2500,6.0061,6.1983,9.6000,7.5608,12.4617,6.2484,9.7872,7.5116,12.4648
24.0000,8.0000,4.0000,5.2500,5.2500,9.6371,8.6090,13.0218,10.6905,14.6265,9.1715,13.3728,10.2929,14.4252
24.0000,8.0000,5.0000,5.2500,5.2500,4.8382,3.6700,8.7697,6.2932,11.3918,3.7299,8.9440,6.2394,11.4411
24.0000,8.0000,6.0000,5.2500,5.2500,5.3550,2.8761,8.9505,4.3183,11.7367,2.8966,8.9885,4.2398,11.6297
24.0000,8.0000,7.0000,5.2500,5.2500,8.2655,3.4060,12.4558,5.9337,14.5344,3.6153,12.3585,6.0310,14.3725
24.0000,8.0000,8.0000,5.2500,5.2500,9.5816,13.6891,2.0314,15.4898,4.1879,13.6645,1.8160,15.3593,3.8470
25.0000,8.0000,1.0000,5.2500,5.2500,8.3697,5.6869,12.3539,7.9680,14.5855,5.8845,12.4239,8.0415,14.5454
25.0000,8.0000,3.0000,5.2500,5.2500,8.2881,1.8092,12.2221,4.6733,14.3599,1.8352,12.3561,4.5736,14.3951
25.0000,8.0000,4.0000,5.2500,5.2500,5.9483,9.3380,2.3121,12.3229,4.0695,10.1941,2.7466,11.6058,3.4447
25.0000,8.0000,5.0000,5.2500,5.2500,9.9445,12.4647,8.7338,15.4430,11.3861,12.6019,8.9522,15.3879,11.3473
26.0000,8.0000,1.0000,5.2500,5.2500,9.2135,9.8008,10.7826,12.8318,13.5866,9.7657,10.8396,12.6801,13.5733
26.0000,8.0000,2.0000,5.2500,5.2500,7.4444,6.7541,10.8754,8.8057,13.6272,6.8250,10.8850,8.6938,13.3974
26.0000,8.0000,3.0000,5.2500,5.2500,3.2832,6.8303,5.7254,9.3332,8.0977,6.8492,5.8205,9.2029,8.0691
26.0000,8.0000,5.0000,5.2500,5.2500,7.1165,10.2185,7.0222,13.3950,9.0111,10.4226,7.1116,13.3437,8.9599
27.0000,8.0000,2.0000,5.2500,5.2500,8.8985,8.5129,12.2090,11.2857,13.4655,8.5263,12.2473,11.1182,13.4100
27.0000,8.0000,4.0000,5.2500,5.2500,9.9221,14.2590,4.4295,16.0821,5.7155,14.6051,4.7812,15.5994,5.6741
27.0000,8.0000,5.0000,5.2500,5.2500,6.3448,9.6663,7.2193,11.9120,9.4691,9.7287,7.4384,11.8307,9.4889
28.0000,8.0000,0.0000,5.2500,5.2500,6.4868,10.4733,4.8990,12.9195,7.0468,10.6328,4.8873,12.9067,6.8218
28.0000,8.0000,2.0000,5.2500,5.2500,7.4640,10.2695,8.6411,11.4908,11.6593,10.1337,8.7609,11.3130,11.5781
28.0000,8.0000,3.0000,5.2500,5.2500,7.7020,11.7104,6.2231,13.3987,9.1610,11.7425,6.3634,13.3628,9.2051
28.0000,8.0000,5.0000,5.2500,5.2500,2.2541,3.8390,6.4846,5.9093,8.4606,3.8316,6.4909,5.8139,8.3274
29.0000,8.0000,0.0000,2.7500,5.2500,4.8729,2.8219,8.7738,4.3549,11.3265,2.9838,8.9690,4.4890,11.3364
29.0000,8.0000,5.0000,2.7500,5.2500,2.0383,3.4250,3.3025,5.5941,5.1398,3.5772,3.3823,5.6137,5.1741
29.0000,8.0000,8.0000,2.7500,5.2500,8.6055,9.5862,7.5014,12.0541,8.9744,9.6072,7.5141,12.0374,8.9646
30.0000,8.0000,1.0000,5.2500,5.2500,9.8347,13.6042,2.4064,16.3213,5.0063,13.6942,2.2938,16.3129,4.8494
30.0000,8.0000,4.0000,5.2500,5.2500,9.5711,13.4011,5.8536,15.8121,8.6766,13.3344,5.8016,15.7077,8.4694
30.0000,8.0000,5.0000,5.2500,5.2500,5.2832,9.4629,4.0963,11.5794,5.6901,9.5983,4.1450,11.5706,5.6935
31.0000,8.0000,0.0000,5.2500,5.2500,9.8327,13.7606,5.5000,16.1207,8.3304,13.7190,5.4143,15.9901,8.1153
31.0000,8.0000,1.0000,5.2500,5.2500,2.9526,2.8670,6.5053,4.2746,8.8519,2.8954,6.6455,4.2068,8.8042
31.0000,8.0000,2.0000,5.2500,5.2500,9.7444,6.6418,13.1867,8.8055,16.1636,6.6835,13.3172,8.7248,16.2384
31.0000,8.0000,4.0000,5.2500,5.2500,9.9776,6.1073,13.5708,7.4560,16.6479,5.9650,13.5860,7.2360,16.4595
31.0000,8.0000,6.0000,5.2500,5.2500,1.9978,3.8359,6.4916,6.6813,8.0040,4.0167,6.5931,6.7099,8.0132
31.0000,8.0000,7.0000,5.2500,5.2500,5.0099,4.0657,9.2686,5.3396,11.1911,4.1306,9.4032,5.3066,11.1916
32.0000,8.0000,0.0000,5.2500,3.7500,9.6843,9.9643,10.4590,12.3842,12.3626,9.6539,10.4392,12.0144,12.2683
32.0000,8.0000,1.0000,5.2500,3.7500,2.1226,3.1185,3.8205,4.4127,6.7140,3.1383,3.7956,4.3416,6.5212
32.0000,8.0000,3.0000,5.2500,3.7500,6.9644,9.1096,7.3935,10.7535,10.4187,8.8391,7.5337,10.4066,10.4242
33.0000,8.0000,0.0000,3.2500,5.2500,8.7171,8.5851,9.8692,10.7727,12.4048,8.5618,9.7539,10.6364,12.1680
33.0000,8.0000,2.0000,3.2500,5.2500,9.9157,11.2370,7.0019,14.3057,9.0349,11.3254,7.1249,14.2667,9.0811
33.0000,8.0000,3.0000,3.2500,5.2500,4.2926,5.7328,2.9482,8.7942,4.5067,5.7393,2.9829,8.6666,4.4703
33.0000,8.0000,5.0000,3.2500,5.2500,7.7231,6.5070,10.6528,8.8273,12.5175,6.6104,10.6782,8.8504,12.4795
33.0000,8.0000,7.0000,3.2500,5.2500,2.0181,3.7235,5.4423,6.3565,6.9218,3.8470,5.4693,6.3601,6.8902
34.0000,8.0000,3.0000,5.2500,5.2500,9.5487,12.5314,9.5385,14.2545,10.9354,12.6177,9.3277,14.2139,10.6770
34.0000,8.0000,5.0000,5.2500,5.2500,4.1002,7.4686,6.0870,9.9408,8.8295,7.4874,6.0152,9.8325,8.5305
35.0000,8.0000,1.0000,5.2500,3.2500,1.9164,4.2697,3.8504,5.8139,6.4597,4.3465,3.8257,5.7952,6.2982
35.0000,8.0000,2.0000,5.2500,3.2500,8.6060,4.6892,10.7706,6.6846,12.9192,4.6491,10.9771,6.5514,13.0158
37.0000,8.0000,1.0000,5.2500,5.2500,7.7314,11.9554,4.0127,13.9809,5.5821,11.9893,4.1207,13.9443,5.6108
37.0000,8.0000,4.0000,5.2500,5.2500,7.0183,3.5000,11.3681,5.2731,13.0619,3.8668,11.7402,4.6859,12.3337
37.0000,8.0000,7.0000,5.2500,5.2500,8.4688,8.7100,11.1484,11.0321,13.5455,8.5082,11.0792,10.7545,13.4163
38.0000,8.0000,1.0000,5.2500,4.7500,3.3529,6.7720,5.8234,8.5071,8.3807,6.7355,5.8965,8.3648,8.3656
38.0000,8.0000,2.0000,5.2500,4.7500,2.9452,6.9152,4.7096,8.7317,7.6552,7.3150,5.4114,8.3429,7.0319
38.0000,8.0000,3.0000,5.2500,4.7500,2.8319,5.1779,5.8233,7.6801,8.8263,5.2502,5.8865,7.5153,8.7828
38.0000,8.0000,4.0000,5.2500,4.7500,5.8972,5.9211,9.2724,7.5383,11.6446,6.0036,9.3619,7.5603,11.6190
38.0000,8.0000,5.0000,5.2500,4.7500,4.7433,8.9636,2.8450,10.8298,4.7506,9.2581,3.1708,10.2762,4.1989
39.0000,8.0000,1.0000,5.2500,5.2500,6.8793,7.1697,10.5077,9.7530,12.1596,6.9625,10.6374,9.4173,12.2277
39.0000,8.0000,2.0000,5.2500,5.2500,6.8598,2.7486,10.5146,5.6092,13.5366,2.6796,10.4996,5.5058,13.4781
39.0000,8.0000,4.0000,5.2500,5.2500,5.1130,5.6719,8.6594,8.5667,11.3587,5.6801,8.6393,8.5060,11.2284
40.0000,8.0000,1.0000,5.2500,5.2500,8.7981,6.8471,12.6165,8.4915,14.8013,6.6297,12.5184,8.1992,14.6053
40.0000,8.0000,2.0000,5.2500,5.2500,3.5248,5.2085,7.1631,7.2529,10.1081,5.8247,7.5760,6.6272,9.1685
40.0000,8.0000,3.0000,5.2500,5.2500,7.6501,11.5682,5.2357,14.1308,7.0210,11.4682,5.2466,13.9177,6.9407
41.0000,8.0000,2.0000,5.2500,5.2500,7.6739,2.4196,12.1631,5.3034,13.4315,2.4586,12.0156,5.1276,13.2441
41.0000,8.0000,3.0000,5.2500,5.2500,7.6716,7.1588,10.8282,8.8903,13.9764,7.1749,10.8391,8.8338,13.8460
42.0000,8.0000,0.0000,5.2500,5.2500,7.9828,4.4674,12.3427,6.1182,14.1227,4.3858,12.2610,5.9487,13.9258
42.0000,8.0000,1.0000,5.2500,5.2500,8.6181,10.4819,10.1269,12.0666,12.6987,10.6582,10.6960,11.6275,12.1822
42.0000,8.0000,2.0000,5.2500,5.2500,2.0549,6.5722,4.0985,7.9406,7.2890,6.5620,3.9933,7.8768,7.0613
42.0000,8.0000,4.0000,5.2500,5.2500,5.1748,3.2503,9.7608,6.4408,11.0572,4.0470,9.9928,5.4383,10.5572
42.0000,8.0000,5.0000,5.2500,5.2500,8.1973,11.8873,7.4062,13.8947,9.0307,12.1658,7.4285,14.0530,8.9933
42.0000,8.0000,7.0000,5.2500,5.2500,9.7486,13.6696,7.3561,15.5458,8.6099,13.7160,7.5070,15.4606,8.7015
42.0000,8.0000,8.0000,5.2500,5.2500,6.5236,5.5978,10.6962,8.2322,12.4189,6.2193,11.0499,7.4023,11.8222
43.0000,8.0000,1.0000,5.2500,5.2500,6.4281,3.0898,10.2520,4.8557,12.8480,3.3157,10.8412,4.3834,11.8144
43.0000,8.0000,2.0000,5.2500,5.2500,5.5437,9.6427,5.4658,11.7302,7.2038,9.7080,5.5918,11.7223,7.1811
43.0000,8.0000,3.0000,5.2500,5.2500,9.0666,5.1290,13.3058,6.9649,15.2571,5.3466,13.2957,7.1177,15.1631
43.0000,8.0000,4.0000,5.2500,5.2500,7.4926,5.0372,11.4138,6.7224,14.0184,5.0357,11.5041,6.6747,13.9072
43.0000,8.0000,5.0000,5.2500,5.2500,2.9994,7.2267,3.2579,9.1398,5.9889,7.8768,4.0040,8.5043,5.4045
44.0000,8.0000,0.0000,4.2500,5.2500,3.3316,5.8190,1.6129,7.7433,4.5547,6.1872,2.0455,6.9790,4.0823
44.0000,8.0000,1.0000,4.2500,5.2500,8.1568,9.8630,8.9469,11.5949,11.4642,9.9515,9.0987,11.5451,11.3600
44.0000,8.0000,2.0000,4.2500,5.2500,8.3684,1.8004,12.4670,4.9277,14.6758,2.4999,13.1699,3.9937,14.2150
44.0000,8.0000,3.0000,4.2500,5.2500,6.4565,8.6627,6.5175,11.8134,8.8110,8.8532,6.4717,11.9282,8.6470
44.0000,8.0000,4.0000,4.2500,5.2500,1.5032,4.8924,4.0236,6.5981,6.1679,4.9993,4.0762,6.6365,6.0903
46.0000,8.0000,0.0000,5.2500,5.2500,6.7992,3.7371,11.0039,6.8949,13.0939,3.6657,11.0479,6.6814,13.0023
46.0000,8.0000,1.0000,5.2500,5.2500,6.3276,7.2036,9.2294,9.7408,12.1621,7.4551,9.2862,9.8664,12.0528
46.0000,8.0000,3.0000,5.2500,5.2500,8.4038,11.8611,6.9360,14.6276,8.7463,12.0402,6.8163,14.6774,8.5188
46.0000,8.0000,4.0000,5.2500,5.2500,9.9243,12.3969,9.3883,14.3108,12.5692,12.2922,9.4303,14.1305,12.3184
46.0000,8.0000,5.0000,5.2500,5.2500,9.2939,13.1702,7.1454,14.7940,9.7190,13.0482,7.3825,14.6243,9.8121
48.0000,8.0000,0.0000,2.7500,5.2500,7.7078,8.8986,7.8950,10.3525,9.5725,8.8748,8.1960,10.3006,9.7842
48.0000,8.0000,2.0000,2.7500,5.2500,4.7666,5.5944,2.4727,8.7185,4.3920,5.5487,2.6227,8.4905,4.4359
48.0000,8.0000,3.0000,2.7500,5.2500,2.4022,3.3463,2.5539,6.2408,5.4209,3.3754,2.5371,6.1095,5.2942
48.0000,8.0000,5.0000,2.7500,5.2500,2.1813,3.4626,5.2390,5.3057,8.1506,3.4133,5.3379,5.1889,8.0873
49.0000,8.0000,0.0000,5.2500,5.2500,7.1934,11.2267,3.6214,13.6600,6.8140,11.2958,3.6652,13.5656,6.6857
49.0000,8.0000,1.0000,5.2500,5.2500,8.2938,3.6668,12.6092,5.4089,14.4172,3.6242,12.6165,5.3395,14.2958
49.0000,8.0000,2.0000,5.2500,5.2500,8.7791,12.6551,3.2445,15.3716,6.2029,12.7574,3.5046,15.2869,6.2662
49.0000,8.0000,3.0000,5.2500,5.2500,8.4136,12.8196,2.2950,14.1049,4.5453,12.9682,2.3072,14.1829,4.4531
49.0000,8.0000,4.0000,5.2500,5.2500,6.9249,10.0440,7.3900,13.0419,8.8906,10.1085,7.3831,13.0091,8.7511
50.0000,8.0000,1.0000,5.2500,5.2500,8.9553,10.3578,10.3296,13.0748,12.5615,11.1956,10.8650,12.2185,11.8201
50.0000,8.0000,3.0000,5.2500,5.2500,8.4744,9.7641,10.7974,11.9188,12.4387,9.8156,10.9254,11.8616,12.5072
50.0000,8.0000,4.0000,5.2500,5.2500,1.5874,3.4851,5.7972,5.5202,7.5037,3.4571,5.8128,5.3943,7.3823
50.0000,8.0000,5.0000,5.2500,5.2500,6.3037,9.5725,7.0249,12.5174,8.4367,9.5143,7.1395,12.3807,8.4963
50.0000,8.0000,6.0000,5.2500,5.2500,8.0381,4.6673,12.2778,7.7085,14.1886,5.5504,12.8298,6.7342,13.6858
50.0000,8.0000,7.0000,5.2500,5.2500,6.5152,7.3277,9.8726,10.5128,11.3935,7.6497,9.7977,10.6502,11.2680
51.0000,8.0000,0.0000,5.2500,5.2500,5.2403,3.2253,9.6769,4.7435,10.9935,3.1150,9.7316,4.5291,11.0086
51.0000,8.0000,1.0000,5.2500,5.2500,8.9004,13.4454,3.3364,14.7924,5.6663,13.5028,3.5827,14.7974,5.7735
51.0000,8.0000,2.0000,5.2500,5.2500,1.7176,4.3446,5.8525,6.6792,8.0426,4.3090,5.9800,6.5447,7.9816
51.0000,8.0000,5.0000,5.2500,5.2500,8.1071,9.4775,10.0320,11.1470,13.1325,9.5653,9.9683,11.1454,12.8535
53.0000,8.0000,0.0000,1.7500,5.2500,7.5564,7.8137,3.1791,10.6181,4.9891,7.8458,3.1574,10.5406,4.8517
53.0000,8.0000,2.0000,1.7500,5.2500,3.2906,2.5965,6.4348,5.5210,8.7547,2.6094,6.5955,5.4809,8.8516
53.0000,8.0000,4.0000,1.7500,5.2500,3.4861,3.8245,4.6114,6.6384,6.2500,3.8995,4.5715,6.5079,6.1150
53.0000,8.0000,5.0000,1.7500,5.2500,4.2596,4.4521,4.5935,7.3621,7.7638,4.4869,4.5238,7.2353,7.5776
57.0000,8.0000,2.0000,5.2500,5.2500,6.7265,10.9073,1.9005,12.5568,5.0060,11.0650,2.1371,12.6384,5.0686
57.0000,8.0000,3.0000,5.2500,5.2500,9.5021,4.0733,14.0049,6.2519,15.4985,4.7686,14.2853,5.5236,15.1176
57.0000,8.0000,4.0000,5.2500,5.2500,4.3853,8.1700,6.0292,10.3745,7.9651,8.1955,5.9481,10.2588,7.8141
57.0000,8.0000,5.0000,5.2500,5.2500,3.9303,7.9619,3.0644,9.7607,4.3337,7.9462,2.9888,9.5980,4.2069
57.0000,8.0000,6.0000,5.2500,5.2500,5.1517,8.3397,7.3219,10.4150,9.3441,8.4736,7.3513,10.4683,9.2197
58.0000,8.0000,3.0000,5.2500,3.7500,7.8371,11.1396,7.0723,12.8108,8.4753,11.1866,7.0870,12.7442,8.4206
58.0000,8.0000,4.0000,5.2500,3.7500,1.9057,3.2904,4.3721,5.2437,6.3933,3.3900,4.3996,5.2829,6.3478
58.0000,8.0000,6.0000,5.2500,3.7500,4.6781,5.2394,7.6122,7.2123,9.0381,5.2402,7.4739,7.1122,8.8859
58.0000,8.0000,7.0000,5.2500,3.7500,9.8572,11.0766,9.8308,13.0175,11.9470,10.9981,9.6875,12.8461,11.7160
59.0000,8.0000,5.0000,5.2500,5.2500,7.6820,11.8796,6.0029,13.5410,8.1616,12.0715,6.3928,13.0207,7.1901
59.0000,8.0000,6.0000,5.2500,5.2500,7.2741,10.6940,7.7904,12.1251,10.4485,10.7316,7.8526,12.0681,10.3317
60.0000,8.0000,0.0000,5.2500,5.2500,9.6038,9.3012,12.6635,11.5654,14.0064,9.3751,12.6122,11.5171,13.8994
60.0000,8.0000,1.0000,5.2500,5.2500,7.2816,10.4888,7.1338,13.5533,8.7236,10.6397,7.3286,13.5549,8.8820
60.0000,8.0000,4.0000,5.2500,5.2500,6.1208,8.9900,7.4094,11.1816,10.5950,9.5147,8.4214,10.7886,9.5728
60.0000,8.0000,5.0000,5.2500,5.2500,3.8331,4.0306,7.7783,7.0377,10.3667,4.0077,7.6591,6.8604,10.1598
60.0000,8.0000,6.0000,5.2500,5.2500,5.1765,9.2593,5.9012,11.2132,7.3800,9.4197,5.8208,11.1957,7.2013
61.0000,8.0000,1.0000,5.2500,5.2500,3.4263,2.6205,7.6936,5.0896,9.0654,2.5636,7.8149,4.8814,9.1027
61.0000,8.0000,4.0000,5.2500,5.2500,3.8108,6.9571,7.1190,8.6193,9.0661,6.9258,7.2303,8.4962,9.0664
62.0000,8.0000,0.0000,5.2500,3.7500,3.9856,2.5546,6.7773,5.5923,8.3386,3.4099,7.2632,4.9094,7.9755
62.0000,8.0000,1.0000,5.2500,3.7500,2.1521,3.3664,4.3623,5.2177,6.9921,3.3621,4.4773,5.1049,7.0169
62.0000,8.0000,3.0000,5.2500,3.7500,9.2177,8.5841,11.4181,9.8207,12.7367,8.5619,11.7546,9.3996,12.5391
64.0000,8.0000,1.0000,5.2500,5.2500,2.1965,4.1051,6.4335,5.8131,8.4209,4.5676,6.9735,5.4593,7.9938
64.0000,8.0000,2.0000,5.2500,5.2500,9.4096,8.3678,12.8440,11.0149,14.2470,8.2068,12.6341,10.7612,13.9828
64.0000,8.0000,3.0000,5.2500,5.2500,8.5527,13.0334,3.3901,14.5510,6.2629,13.1631,3.2267,14.5984,5.9615
64.0000,8.0000,4.0000,5.2500,5.2500,6.3855,8.2267,8.8166,10.1446,11.7401,8.5128,9.5071,9.6482,10.6194
64.0000,8.0000,5.0000,5.2500,5.2500,6.5159,10.3108,5.6982,12.9895,7.2476,10.2997,5.9375,12.8103,7.3962
64.0000,8.0000,6.0000,5.2500,5.2500,3.1035,7.3354,3.7055,9.3021,5.8682,7.3123,3.7251,9.1929,5.7209
64.0000,8.0000,7.0000,5.2500,5.2500,8.3207,4.2836,12.8479,7.2218,14.2632,4.5388,12.9571,7.2434,14.3069
65.0000,8.0000,0.0000,5.2500,5.2500,7.6422,6.6589,11.0230,8.7328,13.9575,6.9449,11.1280,8.9689,13.9659
65.0000,8.0000,2.0000,5.2500,5.2500,5.2605,8.9952,3.2883,11.9762,6.1907,9.8225,4.2893,10.9112,5.3428
65.0000,8.0000,4.0000,5.2500,5.2500,5.7763,9.6391,7.2393,10.8766,9.0180,9.8286,7.2568,11.0009,8.9706
65.0000,8.0000,6.0000,5.2500,5.2500,6.0649,2.8821,10.1157,4.3793,12.0737,3.0289,9.9760,4.4311,11.8944
65.0000,8.0000,7.0000,5.2500,5.2500,7.6065,11.8709,3.5835,13.8101,5.9299,11.8879,3.5557,13.6841,5.7150
65.0000,8.0000,8.0000,5.2500,5.2500,8.5914,9.7285,9.9767,12.6060,12.9810,9.8393,10.0859,12.6262,12.9830
66.0000,8.0000,1.0000,5.2500,5.2500,6.0009,5.3187,9.9541,6.6985,12.4515,5.4320,9.8816,6.7336,12.2951
66.0000,8.0000,3.0000,5.2500,5.2500,9.2816,4.1634,13.2607,6.5532,15.8013,4.3818,13.2749,6.6376,15.7224
66.0000,8.0000,5.0000,5.2500,5.2500,9.4459,5.5690,13.1976,8.7035,15.8137,6.6183,13.5891,7.6094,15.5281
66.0000,8.0000,6.0000,5.2500,5.2500,8.0041,11.2312,7.9176,13.2350,10.4060,11.6207,8.4996,12.7185,9.8588
67.0000,8.0000,1.0000,5.2500,5.2500,9.6709,9.3597,12.7030,11.8444,13.9068,9.4520,12.8069,11.7570,13.9976
67.0000,8.0000,4.0000,5.2500,5.2500,8.3945,10.7313,9.0066,12.9684,11.8683,10.7264,9.1843,12.8206,11.8807
67.0000,8.0000,5.0000,5.2500,5.2500,6.8729,5.6745,11.2976,7.3071,12.7224,5.7151,11.1749,7.2153,12.4895
67.0000,8.0000,6.0000,5.2500,5.2500,5.2918,5.8435,9.3297,8.4296,11.0585,5.9480,9.3388,8.3707,10.9774
68.0000,8.0000,0.0000,5.2500,5.2500,7.8455,6.0179,11.4562,8.0506,14.3236,5.9677,11.5450,7.9244,14.3349
68.0000,8.0000,2.0000,5.2500,5.2500,5.6223,2.1735,8.8509,3.9009,11.9862,2.1439,8.9773,3.8429,12.0070
68.0000,8.0000,5.0000,5.2500,5.2500,5.1175,8.2273,6.8660,10.8453,9.2256,8.3475,6.9979,10.7814,9.2217
68.0000,8.0000,6.0000,5.2500,5.2500,7.5789,11.0861,8.0635,12.5611,9.9805,11.4778,8.5404,11.9528,9.7528
68.0000,8.0000,8.0000,5.2500,5.2500,5.1435,7.4473,8.1652,9.8703,10.0383,7.4042,7.9548,9.6709,9.7720
69.0000,8.0000,0.0000,5.2500,5.2500,9.7850,9.3457,12.4690,10.8972,15.0034,9.2898,12.3330,10.7181,14.7202
69.0000,8.0000,1.0000,5.2500,5.2500,9.0992,12.7497,7.2432,15.0371,8.9442,12.8842,7.2519,15.0969,8.8577
69.0000,8.0000,2.0000,5.2500,5.2500,8.5923,8.9282,11.3671,11.3582,13.2587,9.1006,11.2832,11.3736,13.0636
69.0000,8.0000,4.0000,5.2500,5.2500,4.0607,3.6670,8.4379,5.8356,10.1221,4.2168,8.8680,5.0657,9.7420
69.0000,8.0000,7.0000,5.2500,5.2500,7.3518,2.3053,11.1962,4.2919,13.4799,2.4895,11.2942,4.4144,13.4474
71.0000,8.0000,2.0000,5.2500,5.2500,4.1364,4.9539,7.8728,7.2613,10.7203,5.0086,7.9931,7.1379,10.7945
71.0000,8.0000,3.0000,5.2500,5.2500,4.0211,8.1084,4.1716,10.4238,5.9278,8.1135,4.2820,10.3379,5.9403
71.0000,8.0000,4.0000,5.2500,5.2500,6.3565,9.6838,6.6294,12.4193,9.0656,9.5783,6.8330,12.2587,9.1459
72.0000,8.0000,2.0000,5.2500,5.2500,9.0339,13.5729,4.9670,14.9791,6.2887,13.6113,5.1259,14.9082,6.3810
72.0000,8.0000,3.0000,5.2500,5.2500,5.8233,9.5224,3.0787,12.5002,5.7270,9.5020,3.0872,12.4124,5.5914
72.0000,8.0000,4.0000,5.2500,5.2500,8.2058,4.4808,12.1230,7.1827,14.7474,4.4866,12.4059,7.0399,14.8353
72.0000,8.0000,5.0000,5.2500,5.2500,9.3996,13.1796,7.5633,14.4598,10.6603,13.3566,7.8128,14.5614,10.7041
72.0000,8.0000,6.0000,5.2500,5.2500,5.6564,9.2595,7.0713,10.5930,9.7935,9.3553,7.1632,10.6296,9.6805
72.0000,8.0000,7.0000,5.2500,5.2500,4.7860,3.0455,9.0821,5.9588,10.8724,3.2088,8.9073,5.9228,10.6549
72.0000,8.0000,8.0000,5.2500,5.2500,8.9689,12.5116,7.6075,14.1142,10.7491,12.4793,7.5801,14.0350,10.4861
74.0000,8.0000,2.0000,5.2500,5.2500,4.7893,6.4414,8.5686,9.0617,10.0997,6.5871,8.6173,9.0140,10.0672
74.0000,8.0000,3.0000,5.2500,5.2500,2.7407,4.5995,6.6335,6.2405,9.3374,4.8457,7.1060,5.8094,8.8164
74.0000,8.0000,4.0000,5.2500,5.2500,4.6198,9.2477,4.0008,10.4898,6.6978,9.2623,3.8827,10.4375,6.5193
74.0000,8.0000,5.0000,5.2500,5.2500,2.4386,5.8881,2.9387,8.9884,5.4086,5.8980,2.9775,8.8856,5.2787
74.0000,8.0000,6.0000,5.2500,5.2500,8.6324,9.9614,10.2749,12.7237,12.4559,9.9565,10.3982,12.5639,12.4644
75.0000,8.0000,1.0000,5.2500,5.2500,2.4009,5.8862,5.7215,8.6886,7.3188,5.9005,5.8112,8.4918,7.3820
75.0000,8.0000,2.0000,5.2500,5.2500,1.9331,6.1939,2.6013,7.4512,5.6502,6.2309,2.7028,7.4111,5.6116
75.0000,8.0000,3.0000,5.2500,5.2500,3.5047,7.3923,2.0940,8.6407,4.1027,7.4540,2.1652,8.6293,4.0867
75.0000,8.0000,4.0000,5.2500,5.2500,4.2810,8.4716,3.7720,10.5780,6.2647,8.4369,3.9182,10.3801,6.2821
75.0000,8.0000,5.0000,5.2500,5.2500,2.4957,2.5553,6.2579,4.4241,7.7804,2.7087,6.2206,4.5200,7.6801
76.0000,8.0000,1.0000,5.2500,5.2500,3.2602,5.1358,7.4300,8.1811,8.9505,5.3226,7.4454,8.2046,8.8936
76.0000,8.0000,2.0000,5.2500,5.2500,5.1524,3.3257,8.9086,5.5715,11.7708,3.2973,8.8519,5.4796,11.6631
76.0000,8.0000,4.0000,5.2500,5.2500,6.1041,6.5608,9.3752,9.1117,12.1831,6.5786,9.6387,9.0290,12.2553
76.0000,8.0000,5.0000,5.2500,5.2500,5.0529,9.0053,4.4030,11.5983,6.3062,8.9615,4.2419,11.4027,6.0336
77.0000,8.0000,1.0000,3.7500,5.2500,3.0276,3.3758,7.2781,5.1031,9.1975,3.4571,7.3595,5.0700,9.2098
77.0000,8.0000,2.0000,3.7500,5.2500,7.2881,9.9787,4.2922,12.0975,6.1825,10.0854,4.4248,12.1248,6.1706
77.0000,8.0000,6.0000,3.7500,5.2500,1.5098,4.2801,3.0548,5.6954,5.7162,4.3950,3.0480,5.6953,5.6374
78.0000,8.0000,0.0000,5.2500,5.2500,8.9221,10.6206,10.2403,13.1268,12.2146,10.8354,10.4845,13.1581,12.2939
78.0000,8.0000,4.0000,5.2500,5.2500,9.8657,13.5615,6.6248,16.0974,8.5936,13.8778,6.6514,16.2629,8.5472
78.0000,8.0000,6.0000,5.2500,5.2500,9.2087,10.4852,10.3652,13.4154,12.7689,10.8415,10.3823,13.4641,12.7117
79.0000,8.0000,1.0000,5.2500,5.2500,8.5109,9.2083,11.0774,10.5152,13.7288,9.2870,11.1829,10.4893,13.6733
79.0000,8.0000,2.0000,5.2500,5.2500,2.1047,5.7987,4.4386,8.8666,6.6687,6.8445,4.8720,7.9199,6.2875
79.0000,8.0000,3.0000,5.2500,5.2500,7.9883,9.3122,10.6193,11.4349,12.1384,9.4767,10.7969,11.5415,12.2120
80.0000,8.0000,3.0000,5.2500,3.2500,3.3416,5.9817,4.8283,9.0269,6.6052,6.7093,5.2381,8.1374,6.1321
80.0000,8.0000,4.0000,5.2500,3.2500,1.3614,4.1817,3.8153,6.0514,5.3944,4.1709,3.8514,5.9156,5.3372
80.0000,8.0000,6.0000,5.2500,3.2500,2.8333,3.2974,4.5283,6.4136,7.5831,3.3023,4.5848,6.3295,7.5448
82.0000,8.0000,0.0000,5.2500,5.2500,9.9891,9.7649,12.8236,12.0242,14.1591,9.6194,13.0933,11.7386,14.3380
82.0000,8.0000,3.0000,5.2500,5.2500,7.9533,12.5405,3.4128,13.7869,5.5011,12.6320,3.3060,13.7749,5.3560
82.0000,8.0000,4.0000,5.2500,5.2500,8.3837,12.3706,3.6672,14.8544,5.6397,12.4229,3.8798,14.8211,5.6446
83.0000,8.0000,1.0000,5.2500,3.7500,6.8120,10.6606,4.1711,13.1326,6.3127,10.7636,4.3229,13.0190,6.2911
83.0000,8.0000,2.0000,5.2500,3.7500,2.1505,2.5136,3.9335,4.1514,5.5140,2.5294,3.9253,4.0714,5.4719
83.0000,8.0000,3.0000,5.2500,3.7500,1.9157,4.8725,4.4922,7.8037,6.1611,4.9138,4.6493,7.6311,6.2652
83.0000,8.0000,4.0000,5.2500,3.7500,5.2556,9.0651,4.0888,11.2443,7.1874,9.2838,4.0652,11.3114,7.0205
83.0000,8.0000,5.0000,5.2500,3.7500,5.3370,9.1964,5.6976,10.4359,7.3281,9.5541,6.1832,10.1799,7.0164
83.0000,8.0000,6.0000,5.2500,3.7500,3.2312,2.2863,5.9663,5.2167,7.2591,2.3051,6.1675,5.2219,7.3386
84.0000,8.0000,0.0000,5.2500,5.2500,9.4432,13.7701,2.5405,15.3656,4.8928,13.8739,2.5433,15.4200,4.7806
84.0000,8.0000,1.0000,5.2500,5.2500,4.0005,5.4007,8.4082,7.4935,9.7261,5.4787,8.5619,7.5400,9.7973
84.0000,8.0000,2.0000,5.2500,5.2500,3.1477,6.9627,1.9974,8.6509,4.8307,7.2801,2.5608,8.0540,4.2036
84.0000,8.0000,4.0000,5.2500,5.2500,7.8471,4.9057,11.9497,7.2877,14.1528,5.4614,12.5111,6.3755,13.6863
85.0000,8.0000,0.0000,5.2500,5.2500,4.6617,8.8668,4.8871,10.9372,6.2139,9.4206,5.3825,10.3043,6.0450
85.0000,8.0000,1.0000,5.2500,5.2500,9.0816,12.8034,4.4974,15.8141,7.2896,12.7594,4.5193,15.6416,7.1147
85.0000,8.0000,2.0000,5.2500,5.2500,6.8901,10.9930,4.5011,13.2849,5.7470,11.1150,4.7301,13.3683,5.9157
85.0000,8.0000,4.0000,5.2500,5.2500,4.9062,9.2583,3.9729,11.0512,6.7673,9.4146,4.0023,11.0079,6.8048
87.0000,8.0000,0.0000,5.2500,5.2500,9.0425,7.7752,12.2349,9.0144,15.2211,7.7420,12.0937,8.8982,14.9674
87.0000,8.0000,3.0000,5.2500,5.2500,7.5819,11.3118,6.9977,13.4859,8.5536,11.2562,6.9602,13.2908,8.4537
87.0000,8.0000,4.0000,5.2500,5.2500,5.2494,8.8743,2.9289,11.9302,5.5607,8.8235,3.1198,11.7667,5.5676
87.0000,8.0000,5.0000,5.2500,5.2500,3.1142,4.9372,7.6650,6.9178,8.9142,5.0311,7.6196,6.9394,8.8254
87.0000,8.0000,6.0000,5.2500,5.2500,8.8086,12.5493,2.4374,15.2062,4.5109,12.6761,2.3838,15.1622,4.3851
87.0000,8.0000,7.0000,5.2500,5.2500,6.3049,10.0693,7.2231,11.7364,8.8616,10.6436,7.7611,11.4933,8.6937
88.0000,8.0000,0.0000,5.2500,5.2500,9.0216,6.5931,12.9992,7.9484,15.0855,6.7424,13.3140,7.9932,15.3152
88.0000,8.0000,2.0000,5.2500,5.2500,4.2200,1.9964,7.8960,4.4504,10.0070,1.9517,7.9075,4.3412,9.9153
88.0000,8.0000,3.0000,5.2500,5.2500,5.1083,9.3433,3.2798,11.2217,5.4667,9.4688,3.3922,11.2706,5.4297
88.0000,8.0000,5.0000,5.2500,5.2500,3.8619,4.3516,8.0436,7.1464,10.1155,4.3665,8.1278,7.0142,10.1372
89.0000,8.0000,1.0000,5.2500,5.2500,9.4068,13.5611,3.4465,15.7258,6.0528,13.9117,4.1186,14.9436,5.5836
89.0000,8.0000,2.0000,5.2500,5.2500,9.1050,4.3694,13.3175,5.6739,15.3868,4.5248,13.3655,5.7850,15.3521
89.0000,8.0000,6.0000,5.2500,5.2500,8.9991,8.6231,11.5356,11.7511,14.0121,8.5271,11.5463,11.6774,14.0035
89.0000,8.0000,7.0000,5.2500,5.2500,5.0119,4.8712,8.7794,7.5292,11.5626,4.9724,8.8076,7.4630,11.4749
89.0000,8.0000,8.0000,5.2500,5.2500,6.8995,6.1155,10.7287,8.3852,12.9776,6.2628,10.8188,8.3232,12.9908
0.0000,12.0000,1.0000,7.2500,7.2500,4.9591,6.3401,11.0627,9.2729,13.2930,6.3922,11.0542,9.2184,13.1984
0.0000,12.0000,2.0000,7.2500,7.2500,9.0770,10.4889,14.3926,13.0306,15.8623,10.2803,14.3757,12.7056,15.7434
0.0000,12.0000,3.0000,7.2500,7.2500,6.4773,12.5216,8.5528,14.0554,10.6342,12.5775,8.4561,14.0483,10.4740
0.0000,12.0000,4.0000,7.2500,7.2500,3.8951,9.7357,5.7185,12.5199,8.0473,9.7482,5.7446,12.4322,7.9259
0.0000,12.0000,5.0000,7.2500,7.2500,7.5169,13.7221,4.4196,15.4197,6.6695,14.3593,5.3112,15.0095,6.0812
0.0000,12.0000,6.0000,7.2500,7.2500,7.3813,13.8813,7.0245,15.3493,8.4481,13.7433,6.9509,15.0728,8.3459
1.0000,12.0000,0.0000,7.2500,7.2500,9.3813,15.4806,6.4512,17.7560,9.0374,15.6144,6.4313,17.7883,8.9258
1.0000,12.0000,2.0000,7.2500,7.2500,7.0525,12.7211,2.7537,14.2858,5.2248,12.8860,2.9305,14.3742,5.2139
1.0000,12.0000,3.0000,7.2500,7.2500,9.0896,15.5348,4.1916,16.7583,6.5818,15.3114,4.3010,16.4458,6.5746
1.0000,12.0000,4.0000,7.2500,7.2500,7.3701,13.0491,2.5419,14.7830,5.6710,12.9101,2.6747,14.5297,5.6096
1.0000,12.0000,5.0000,7.2500,7.2500,8.2598,9.5935,13.8273,12.7554,15.2087,9.5229,13.8682,12.5176,15.1473
1.0000,12.0000,6.0000,7.2500,7.2500,7.7426,7.2449,13.6173,9.6382,16.1835,7.4456,13.7506,9.6571,16.1901
1.0000,12.0000,7.0000,7.2500,7.2500,9.5048,3.3880,15.4561,6.5304,17.4931,3.4411,15.5925,6.3569,17.5586
7.0000,12.0000,0.0000,7.2500,7.2500,4.8696,11.1426,4.6616,12.5367,6.5835,11.3590,5.1190,12.0296,6.3482
7.0000,12.0000,1.0000,7.2500,7.2500,3.9663,9.3399,9.0788,10.5680,11.2247,9.6581,9.6682,10.0731,10.6804
7.0000,12.0000,2.0000,7.2500,7.2500,7.6878,1.7638,12.8959,4.3677,14.5029,1.6905,13.0491,4.1431,14.5427
7.0000,12.0000,3.0000,7.2500,7.2500,8.9199,15.3000,4.8135,16.8682,7.2185,15.3967,5.0292,16.9074,7.3346
7.0000,12.0000,4.0000,7.2500,7.2500,5.2434,11.0968,6.3928,13.8896,8.0057,11.1159,6.3631,13.7635,7.9360
7.0000,12.0000,5.0000,7.2500,7.2500,8.2669,12.5993,10.8697,15.1927,13.4634,12.6081,10.8974,15.0519,13.3217
8.0000,12.0000,0.0000,6.2500,7.2500,7.9113,11.4445,11.1389,13.1664,13.5436,11.5842,11.0766,13.2456,13.3206
8.0000,12.0000,2.0000,6.2500,7.2500,2.7983,6.0048,3.0722,8.4371,6.1789,6.0782,3.1339,8.2214,6.2166
8.0000,12.0000,4.0000,6.2500,7.2500,8.9633,14.1826,7.7675,15.7493,10.9150,14.1718,7.6304,15.6890,10.5670
8.0000,12.0000,5.0000,6.2500,7.2500,8.7497,2.1039,14.3010,4.0671,16.5137,2.0572,14.3744,3.9395,16.5339
8.0000,12.0000,6.0000,6.2500,7.2500,9.8614,7.5232,16.0563,10.5264,17.3697,7.6691,16.0947,10.5968,17.3466
8.0000,12.0000,7.0000,6.2500,7.2500,6.4997,1.8511,11.8475,5.0332,14.3763,2.0018,11.6746,5.0039,14.1002
8.0000,12.0000,8.0000,6.2500,7.2500,9.3246,14.4366,9.1143,15.6749,11.5200,14.8644,9.8699,15.3002,10.8501
9.0000,12.0000,0.0000,7.2500,7.2500,8.3327,3.2738,13.6963,6.3809,16.7493,3.2628,13.7876,6.2906,16.6789
9.0000,12.0000,1.0000,7.2500,7.2500,5.9588,10.4036,10.1408,13.0580,12.2153,10.5738,10.1211,12.9519,12.1546
9.0000,12.0000,2.0000,7.2500,7.2500,9.1749,5.5791,14.9760,7.9249,17.8469,5.7003,14.9845,7.9297,17.8632
9.0000,12.0000,3.0000,7.2500,7.2500,5.0032,8.8867,10.9766,10.5516,12.2263,9.5156,11.2767,9.9701,11.8850
9.0000,12.0000,4.0000,7.2500,7.2500,5.2436,11.5979,5.7024,13.3392,7.7735,11.6395,5.8564,13.3225,7.8156
9.0000,12.0000,5.0000,7.2500,7.2500,6.2345,9.6386,11.1275,11.8499,13.6990,9.5596,11.3512,11.7382,13.6956
9.0000,12.0000,6.0000,7.2500,7.2500,7.6872,11.8302,11.3520,14.3886,13.1000,12.0525,11.2391,14.4321,12.9302
10.0000,12.0000,0.0000,7.2500,5.7500,2.6064,7.3515,2.4307,8.6297,4.0713,7.4397,2.5320,8.6696,4.0576
10.0000,12.0000,1.0000,7.2500,5.7500,8.3841,6.5234,13.0315,8.0534,15.2365,6.6341,13.2851,8.0506,15.3269
10.0000,12.0000,2.0000,7.2500,5.7500,5.0354,10.8148,3.8540,13.5139,5.4508,10.9477,4.0099,13.4961,5.5308
10.0000,12.0000,3.0000,7.2500,5.7500,6.4984,2.5594,10.2801,5.6682,12.6029,2.6569,10.4456,5.6048,12.5528
10.0000,12.0000,4.0000,7.2500,5.7500,5.8473,10.6476,8.5582,12.6198,10.6812,10.6020,8.6228,12.4800,10.6833
10.0000,12.0000,5.0000,7.2500,5.7500,1.9049,4.8236,5.9415,6.4626,7.6047,4.7745,6.0591,6.3601,7.6349
12.0000,12.0000,0.0000,7.2500,6.7500,2.6549,3.5780,6.8508,6.5001,9.5887,3.6746,6.8378,6.4810,9.3944
12.0000,12.0000,1.0000,7.2500,6.7500,3.2683,4.5737,8.1084,5.7750,10.4408,4.8403,8.2674,5.5012,9.8111
12.0000,12.0000,3.0000,7.2500,6.7500,5.7352,11.3414,7.1336,14.0920,9.8351,12.1262,7.6788,13.0606,9.2031
12.0000,12.0000,4.0000,7.2500,6.7500,4.9957,11.0314,5.2658,13.4459,7.7022,11.0055,5.4157,13.4156,7.6004
12.0000,12.0000,5.0000,7.2500,6.7500,7.0989,4.4616,12.3163,5.8331,14.7445,4.7564,12.6679,5.5843,13.8751
12.0000,12.0000,6.0000,7.2500,6.7500,8.7261,15.0466,5.4163,16.8637,6.8756,15.1783,5.7974,16.9246,7.1482
12.0000,12.0000,7.0000,7.2500,6.7500,6.4660,11.2021,1.9004,13.9568,4.2770,11.2466,1.8573,13.7950,4.1015
13.0000,12.0000,0.0000,6.7500,7.2500,7.6211,11.3043,11.3316,13.8725,12.9651,11.5514,11.5114,13.9974,13.0820
13.0000,12.0000,1.0000,6.7500,7.2500,8.4411,3.9118,14.3732,5.8499,16.5900,3.9597,14.6336,5.8635,16.7492
13.0000,12.0000,2.0000,6.7500,7.2500,5.6851,10.0326,2.6951,12.6775,5.1374,10.1460,2.7349,12.7377,5.1085
13.0000,12.0000,3.0000,6.7500,7.2500,3.8081,9.2952,8.1432,11.0963,9.5994,9.6647,8.3934,10.8599,9.2270
13.0000,12.0000,4.0000,6.7500,7.2500,3.7877,9.1006,4.8783,11.7168,7.6615,9.2795,4.9605,11.6922,7.5586
13.0000,12.0000,5.0000,6.7500,7.2500,7.1745,12.6718,7.0553,15.0102,9.6283,12.7423,7.2718,15.0081,9.6716
13.0000,12.0000,6.0000,6.7500,7.2500,9.6737,11.0857,14.0279,13.8469,16.0803,11.2413,13.9077,13.8492,15.8967
14.0000,12.0000,0.0000,7.2500,7.2500,7.5955,7.0989,13.7095,9.2812,15.8647,7.5920,14.3291,8.9265,15.0770
14.0000,12.0000,1.0000,7.2500,7.2500,6.5530,12.4729,4.5048,14.5133,6.0121,12.4972,4.5007,14.4072,5.9462
14.0000,12.0000,2.0000,7.2500,7.2500,9.6068,9.8281,15.1946,11.8182,17.1406,10.0444,15.4478,11.9365,17.2715
14.0000,12.0000,3.0000,7.2500,7.2500,7.2664,13.0764,4.0153,15.3989,6.4980,12.9838,4.0807,15.1848,6.5035
14.0000,12.0000,4.0000,7.2500,7.2500,5.0314,11.4497,6.5037,13.1131,7.9876,11.9780,6.8338,12.7708,7.3767
16.0000,12.0000,1.0000,7.2500,6.7500,4.2445,7.2396,10.0563,10.2230,11.3990,8.2206,10.4019,9.1731,11.0477
16.0000,12.0000,2.0000,7.2500,6.7500,3.5133,6.9796,2.0197,8.1959,4.4863,6.9392,2.0473,8.0589,4.4072
16.0000,12.0000,4.0000,7.2500,6.7500,5.7848,10.1779,9.7940,12.8897,11.4810,10.2985,9.7623,12.7793,11.4102
17.0000,12.0000,0.0000,7.2500,7.2500,9.1553,2.9395,14.7334,4.7311,16.7560,2.8955,14.5491,4.5822,16.4860
17.0000,12.0000,1.0000,7.2500,7.2500,8.2042,13.6113,4.0898,16.5780,5.6062,13.8133,4.0593,16.6882,5.5170
17.0000,12.0000,2.0000,7.2500,7.2500,7.3649,6.9001,13.3147,9.7229,15.7613,7.6450,13.8656,8.9910,15.1222
17.0000,12.0000,3.0000,7.2500,7.2500,9.9698,8.5256,15.6287,11.4567,18.0424,9.3729,16.3665,10.8292,17.5702
17.0000,12.0000,4.0000,7.2500,7.2500,7.9737,5.0319,13.5886,6.3134,16.5436,5.1308,13.5276,6.3628,16.2841
17.0000,12.0000,5.0000,7.2500,7.2500,5.7281,2.1838,10.3113,4.8814,12.9047,2.2435,10.5196,4.7906,12.9208
17.0000,12.0000,6.0000,7.2500,7.2500,6.0186,2.9013,11.1424,5.3465,13.6438,3.0005,11.1324,5.2800,13.4206
17.0000,12.0000,7.0000,7.2500,7.2500,3.4735,3.0983,8.5341,5.5894,9.7708,3.1708,8.5992,5.5558,9.7760
18.0000,12.0000,0.0000,5.7500,7.2500,6.9608,5.8278,12.6745,8.2960,15.4976,5.6406,12.6465,8.0969,15.4006
18.0000,12.0000,1.0000,5.7500,7.2500,2.1174,6.2339,4.5590,8.8367,7.6640,6.3129,4.5960,8.8178,7.5373
18.0000,12.0000,3.0000,5.7500,7.2500,8.5077,12.5171,2.9573,14.3484,4.2335,12.6737,2.9590,14.4323,4.1654
18.0000,12.0000,4.0000,5.7500,7.2500,4.2678,8.8992,4.8829,10.7879,7.2031,8.8879,5.0671,10.6635,7.2673
18.0000,12.0000,5.0000,5.7500,7.2500,4.1112,6.6952,2.7792,9.8020,5.1913,6.8238,2.8441,9.8320,5.2687
18.0000,12.0000,6.0000,5.7500,7.2500,6.9777,4.7599,13.5367,7.9498,14.8661,5.9560,13.8717,6.8705,14.4609
21.0000,12.0000,1.0000,6.2500,7.2500,6.0448,11.2594,7.1523,13.2464,8.7695,11.2434,7.0930,13.2449,8.6240
21.0000,12.0000,2.0000,6.2500,7.2500,8.7392,12.7882,9.7258,15.9201,11.3151,13.0925,9.8212,15.9886,11.3856
21.0000,12.0000,3.0000,6.2500,7.2500,8.9341,14.3882,7.1065,15.7446,10.2851,14.4485,7.2768,15.7654,10.1878
21.0000,12.0000,4.0000,6.2500,7.2500,8.6811,11.6552,12.2068,13.9264,13.7089,11.7855,12.1943,13.8644,13.6154
21.0000,12.0000,5.0000,6.2500,7.2500,4.8887,7.7578,9.5954,10.5685,12.7565,7.8257,9.6834,10.3921,12.6040
21.0000,12.0000,6.0000,6.2500,7.2500,1.7113,6.7106,7.1622,8.9488,8.6543,6.6960,7.2602,8.8201,8.6963
21.0000,12.0000,7.0000,6.2500,7.2500,8.3884,9.7915,12.7594,12.2515,15.5388,9.8293,12.9328,12.1048,15.4970
22.0000,12.0000,0.0000,6.2500,7.2500,9.4490,5.8217,15.5339,7.8261,17.8292,5.7613,15.6463,7.6647,17.7869
22.0000,12.0000,1.0000,6.2500,7.2500,6.0247,6.0277,12.2530,7.4634,14.2554,5.9528,12.1462,7.3662,14.0882
22.0000,12.0000,2.0000,6.2500,7.2500,2.0461,6.8642,5.8881,9.7146,8.2811,7.0581,5.9501,9.7095,8.2518
22.0000,12.0000,3.0000,6.2500,7.2500,6.8125,5.3238,12.5629,7.7947,15.5480,5.4611,12.6842,7.8085,15.4220
22.0000,12.0000,5.0000,6.2500,7.2500,9.0006,6.1553,15.0490,7.9694,17.3788,6.2224,14.9009,7.9158,17.1483
23.0000,12.0000,0.0000,5.7500,7.2500,5.2106,8.1052,2.0710,10.6847,4.9820,8.2382,1.9975,10.7097,4.7653
23.0000,12.0000,1.0000,5.7500,7.2500,6.9572,10.2247,9.4570,13.1364,12.3179,10.1471,9.5090,12.9907,12.2693
23.0000,12.0000,2.0000,5.7500,7.2500,6.3161,11.1263,4.9444,12.8213,7.4042,11.2163,4.9833,12.8412,7.2538
23.0000,12.0000,3.0000,5.7500,7.2500,1.8680,5.7650,4.8770,7.8729,6.5592,5.8679,4.9631,7.7780,6.5803
24.0000,12.0000,0.0000,7.2500,7.2500,3.7989,6.1983,9.6000,7.5608,12.4617,6.2086,9.7993,7.4805,12.4000
24.0000,12.0000,1.0000,7.2500,7.2500,9.5623,9.5690,14.9971,11.9050,17.3106,9.5978,15.0950,11.8283,17.3254
24.0000,12.0000,3.0000,7.2500,7.2500,9.0545,13.1910,12.2523,14.8192,14.3062,13.7573,12.4237,14.4725,13.9226
24.0000,12.0000,4.0000,7.2500,7.2500,6.9984,8.6090,13.0218,10.6905,14.6265,9.0967,13.4042,10.5318,14.2659
24.0000,12.0000,5.0000,7.2500,7.2500,3.6275,3.6700,8.7697,6.2932,11.3918,3.6057,8.8296,6.2052,11.3770
24.0000,12.0000,6.0000,7.2500,7.2500,4.7868,2.8761,8.9505,4.3183,11.7367,2.7761,9.0209,4.0910,11.6112
24.0000,12.0000,7.0000,7.2500,7.2500,6.7571,3.4060,12.4558,5.9337,14.5344,3.5614,12.5629,5.8836,14.5341
24.0000,12.0000,8.0000,7.2500,7.2500,8.4268,13.6891,2.0314,15.4898,4.1879,13.6129,1.9900,15.3430,4.0657
25.0000,12.0000,1.0000,7.2500,7.2500,6.2341,5.6869,12.3539,7.9680,14.5855,5.5896,12.2924,7.7679,14.4598
25.0000,12.0000,2.0000,7.2500,7.2500,9.8327,12.3272,13.3865,14.7780,16.2077,12.4035,13.4258,14.7573,16.2188
25.0000,12.0000,3.0000,7.2500,7.2500,7.2501,1.8092,12.2221,4.6733,14.3599,1.5545,12.2448,4.2991,14.2583
25.0000,12.0000,4.0000,7.2500,7.2500,5.4126,9.3380,2.3121,12.3229,4.0695,10.0169,2.6707,11.4842,3.4670
25.0000,12.0000,5.0000,7.2500,7.2500,7.2689,12.4647,8.7338,15.4430,11.3861,12.5095,8.7663,15.3626,11.3870
26.0000,12.0000,1.0000,6.2500,7.2500,7.0723,9.8008,10.7826,12.8318,13.5866,9.9355,10.8930,12.7994,13.6167
26.0000,12.0000,2.0000,6.2500,7.2500,5.2301,6.7541,10.8754,8.8057,13.6272,6.7244,11.0410,8.6282,13.6917
26.0000,12.0000,3.0000,6.2500,7.2500,1.8627,6.8303,5.7254,9.3332,8.0977,6.9024,5.8006,9.2067,8.0102
26.0000,12.0000,5.0000,6.2500,7.2500,5.6094,10.2185,7.0222,13.3950,9.0111,10.2625,6.9435,13.2949,8.8974
26.0000,12.0000,7.0000,6.2500,7.2500,9.6039,3.8002,15.1447,5.2564,18.2520,3.7550,15.0666,5.1272,17.9773
27.0000,12.0000,0.0000,7.2500,7.2500,9.1964,14.7071,3.4565,17.1519,4.9638,14.9017,3.3581,17.2418,4.8344
27.0000,12.0000,1.0000,7.2500,7.2500,8.2465,13.3267,9.1583,16.1854,12.1725,13.3975,9.2587,16.0572,12.0464
27.0000,12.0000,2.0000,7.2500,7.2500,6.1836,8.5129,12.2090,11.2857,13.4655,8.4077,12.3145,11.0714,13.5054
27.0000,12.0000,3.0000,7.2500,7.2500,9.8469,15.5608,8.7890,17.9572,10.8257,15.5103,8.8639,17.7253,10.7922
27.0000,12.0000,4.0000,7.2500,7.2500,8.2144,14.2590,4.4295,16.0821,5.7155,14.6201,4.8535,15.5714,5.6205
27.0000,12.0000,5.0000,7.2500,7.2500,3.7045,9.6663,7.2193,11.9120,9.4691,9.7917,7.3039,11.9274,9.3611
29.0000,12.0000,0.0000,4.7500,7.2500,3.0315,2.8219,8.7738,4.3549,11.3265,2.8265,8.8626,4.3455,11.2725
29.0000,12.0000,1.0000,4.7500,7.2500,9.5464,12.4256,10.9206,13.8776,12.6451,12.5346,10.9255,13.8777,12.5319
29.0000,12.0000,3.0000,4.7500,7.2500,9.8570,8.7059,14.3993,10.9357,17.0060,8.7717,14.4740,10.9141,16.8956
29.0000,12.0000,5.0000,4.7500,7.2500,3.0384,3.4250,3.3025,5.5941,5.1398,3.4792,3.2665,5.5634,4.9444
29.0000,12.0000,8.0000,4.7500,7.2500,6.1500,9.5862,7.5014,12.0541,8.9744,9.7033,7.5968,12.0723,9.0117
30.0000,12.0000,0.0000,7.2500,7.2500,9.8428,15.2452,2.7337,17.4013,4.1355,15.6192,3.1073,17.0897,3.7320
30.0000,12.0000,1.0000,7.2500,7.2500,8.4879,13.6042,2.4064,16.3213,5.0063,13.6526,2.4420,16.2694,4.8521
30.0000,12.0000,2.0000,7.2500,7.2500,8.3233,14.0168,4.7282,16.9437,7.2886,14.1007,4.8805,16.8275,7.2832
30.0000,12.0000,3.0000,7.2500,7.2500,8.6876,2.9771,14.4608,4.2729,15.8295,2.9357,14.5368,4.2139,15.8181
30.0000,12.0000,4.0000,7.2500,7.2500,7.3566,13.4011,5.8536,15.8121,8.6766,13.2492,5.9606,15.5917,8.6609
30.0000,12.0000,5.0000,7.2500,7.2500,4.0318,9.4629,4.0963,11.5794,5.6901,9.4836,4.0259,11.4768,5.5812
31.0000,12.0000,0.0000,7.2500,6.2500,7.7193,13.7606,5.5000,16.1207,8.3304,13.8356,5.5646,16.0416,8.2929
31.0000,12.0000,1.0000,7.2500,6.2500,3.9468,2.8670,6.5053,4.2746,8.8519,2.9580,6.7031,4.3158,8.8990
31.0000,12.0000,2.0000,7.2500,6.2500,8.4385,6.6418,13.1867,8.8055,16.1636,6.7000,13.2095,8.6670,16.0463
31.0000,12.0000,3.0000,7.2500,6.2500,9.7743,9.8286,13.9769,11.2270,16.9397,9.9541,14.3352,11.2532,17.0499
31.0000,12.0000,4.0000,7.2500,6.2500,8.8717,6.1073,13.5708,7.4560,16.6479,6.0476,13.6774,7.3148,16.5480
31.0000,12.0000,5.0000,7.2500,6.2500,9.5027,15.5263,7.8886,17.2962,9.6602,15.8589,7.9090,17.5695,9.6125
31.0000,12.0000,6.0000,7.2500,6.2500,2.2274,3.8359,6.4916,6.6813,8.0040,3.8363,6.5052,6.6535,7.9412
31.0000,12.0000,7.0000,7.2500,6.2500,4.7253,4.0657,9.2686,5.3396,11.1911,4.1826,9.4640,5.4046,11.2392
32.0000,12.0000,0.0000,6.7500,5.7500,7.1846,9.9643,10.4590,12.3842,12.3626,10.0726,10.3619,12.3491,12.2096
32.0000,12.0000,1.0000,6.7500,5.7500,3.0232,3.1185,3.8205,4.4127,6.7140,3.1344,3.8764,4.3077,6.5544
32.0000,12.0000,2.0000,6.7500,5.7500,9.4536,14.2604,8.9945,16.0788,11.1033,14.2520,9.0718,15.9514,11.0755
32.0000,12.0000,3.0000,6.7500,5.7500,4.4814,9.1096,7.3935,10.7535,10.4187,9.1204,7.5352,10.6858,10.3525
32.0000,12.0000,4.0000,6.7500,5.7500,8.0365,12.7302,7.7456,15.4911,10.2063,12.7584,7.8001,15.2617,10.1739
34.0000,12.0000,0.0000,6.7500,7.2500,8.8273,14.0211,5.3343,16.9813,6.8520,14.8315,5.6485,16.0784,6.2297
34.0000,12.0000,2.0000,6.7500,7.2500,8.5008,3.6640,14.2576,6.2427,16.8598,3.7897,14.0459,6.1141,16.4377
34.0000,12.0000,3.0000,6.7500,7.2500,7.2836,12.5314,9.5385,14.2545,10.9354,12.4265,9.5164,14.0759,10.8379
34.0000,12.0000,5.0000,6.7500,7.2500,1.9658,7.4686,6.0870,9.9408,8.8295,7.4361,6.1012,9.8320,8.7248
37.0000,12.0000,0.0000,6.2500,7.2500,9.3326,13.2148,9.7525,16.3466,12.3168,13.4850,9.8474,16.4196,12.2701
37.0000,12.0000,1.0000,6.2500,7.2500,7.1518,11.9554,4.0127,13.9809,5.5821,12.1203,4.1185,14.0476,5.5675
37.0000,12.0000,2.0000,6.2500,7.2500,9.3165,14.3649,4.0404,16.3295,6.4409,14.4026,3.9693,16.2923,6.3083
37.0000,12.0000,3.0000,6.2500,7.2500,8.8236,10.9018,12.6809,14.0205,14.3534,10.9088,12.6532,13.8719,14.1899
37.0000,12.0000,4.0000,6.2500,7.2500,5.3032,3.5000,11.3681,5.2731,13.0619,3.9485,11.9624,4.8159,12.8094
37.0000,12.0000,7.0000,6.2500,7.2500,6.2523,8.7100,11.1484,11.0321,13.5455,8.5673,11.2900,10.7711,13.5777
39.0000,12.0000,1.0000,7.2500,7.2500,4.2596,7.1697,10.5077,9.7530,12.1596,7.2280,10.4925,9.5880,12.0704
39.0000,12.0000,2.0000,7.2500,7.2500,5.6779,2.7486,10.5146,5.6092,13.5366,2.8662,10.3089,5.5167,13.2522
39.0000,12.0000,3.0000,7.2500,7.2500,9.8832,15.6534,2.7509,17.1479,4.2809,15.3562,2.7459,16.7939,4.1661
39.0000,12.0000,4.0000,7.2500,7.2500,2.7621,5.6719,8.6594,8.5667,11.3587,5.7215,8.6958,8.5100,11.1876
41.0000,12.0000,1.0000,7.2500,7.2500,9.9677,9.0785,15.1892,12.1578,18.0735,9.7825,15.8919,11.4743,17.7874
41.0000,12.0000,2.0000,7.2500,7.2500,6.5003,2.4196,12.1631,5.3034,13.4315,2.3611,11.9527,5.1769,13.0810
41.0000,12.0000,3.0000,7.2500,7.2500,5.2102,7.1588,10.8282,8.8903,13.9764,7.1648,10.8711,8.7607,13.7913
41.0000,12.0000,4.0000,7.2500,7.2500,9.9343,2.8755,15.2899,4.3902,17.7148,2.8731,15.3954,4.3041,17.6860
43.0000,12.0000,0.0000,7.2500,7.2500,7.2884,10.5919,12.3875,11.9256,14.2865,10.5783,12.4646,11.8733,14.3140
43.0000,12.0000,1.0000,7.2500,7.2500,5.4065,3.0898,10.2520,4.8557,12.8480,3.4497,10.8111,4.3373,11.9862
43.0000,12.0000,2.0000,7.2500,7.2500,3.5563,9.6427,5.4658,11.7302,7.2038,9.5436,5.6030,11.5243,7.2393
43.0000,12.0000,3.0000,7.2500,7.2500,7.1337,5.1290,13.3058,6.9649,15.2571,5.1860,13.3601,6.9021,15.2063
43.0000,12.0000,4.0000,7.2500,7.2500,5.6352,5.0372,11.4138,6.7224,14.0184,5.2756,11.3881,6.8733,13.8226
43.0000,12.0000,5.0000,7.2500,7.2500,2.7874,7.2267,3.2579,9.1398,5.9889,7.6730,3.8419,8.8443,5.1573
44.0000,12.0000,0.0000,5.2500,7.2500,4.4387,5.8190,1.6129,7.7433,4.5547,6.2735,2.6585,7.4958,3.7221
44.0000,12.0000,1.0000,5.2500,7.2500,6.2253,9.8630,8.9469,11.5949,11.4642,9.8216,9.0746,11.4745,11.4450
44.0000,12.0000,2.0000,5.2500,7.2500,6.5967,1.8004,12.4670,4.9277,14.6758,2.5397,13.1402,4.0856,13.9029
44.0000,12.0000,3.0000,5.2500,7.2500,5.0053,8.6627,6.5175,11.8134,8.8110,8.5713,6.5671,11.5798,8.8032
44.0000,12.0000,4.0000,5.2500,7.2500,2.2105,4.8924,4.0236,6.5981,6.1679,4.9249,4.1658,6.5325,6.1539
44.0000,12.0000,5.0000,5.2500,7.2500,9.0816,8.3823,13.9110,10.1702,16.8695,8.3439,14.0275,10.0734,16.7556
46.0000,12.0000,0.0000,7.2500,7.2500,5.1739,3.7371,11.0039,6.8949,13.0939,3.8467,11.0751,6.8219,13.0737
46.0000,12.0000,1.0000,7.2500,7.2500,3.6561,7.2036,9.2294,9.7408,12.1621,7.3229,9.2013,9.7848,11.9556
46.0000,12.0000,2.0000,7.2500,7.2500,9.2046,14.7945,9.9416,16.6775,11.6893,14.7925,10.0182,16.5093,11.7392
46.0000,12.0000,3.0000,7.2500,7.2500,6.0234,11.8611,6.9360,14.6276,8.7463,11.9004,6.9332,14.5315,8.6343
46.0000,12.0000,4.0000,7.2500,7.2500,7.1527,12.3969,9.3883,14.3108,12.5692,12.5740,9.7894,14.3014,12.7997
46.0000,12.0000,5.0000,7.2500,7.2500,6.8351,13.1702,7.1454,14.7940,9.7190,13.0751,7.3328,14.6878,9.7276
48.0000,12.0000,0.0000,2.7500,7.2500,7.0338,8.8986,7.8950,10.3525,9.5725,8.8836,8.0017,10.2331,9.6073
48.0000,12.0000,2.0000,2.7500,7.2500,5.8302,5.5944,2.4727,8.7185,4.3920,5.7633,2.6087,8.7661,4.4284
48.0000,12.0000,3.0000,2.7500,7.2500,3.8498,3.3463,2.5539,6.2408,5.4209,3.5030,2.7131,6.2419,5.3634
48.0000,12.0000,5.0000,2.7500,7.2500,1.7259,3.4626,5.2390,5.3057,8.1506,3.5674,5.3084,5.3426,8.0672
49.0000,12.0000,0.0000,7.2500,7.2500,5.5768,11.2267,3.6214,13.6600,6.8140,11.3413,3.6544,13.6070,6.6889
49.0000,12.0000,1.0000,7.2500,7.2500,6.8252,3.6668,12.6092,5.4089,14.4172,3.7093,12.8248,5.3442,14.5310
49.0000,12.0000,2.0000,7.2500,7.2500,7.2198,12.6551,3.2445,15.3716,6.2029,12.5071,3.2478,15.0829,6.1095
49.0000,12.0000,3.0000,7.2500,7.2500,7.2979,12.8196,2.2950,14.1049,4.5453,12.8217,2.6678,14.0702,4.7915
49.0000,12.0000,4.0000,7.2500,7.2500,4.3842,10.0440,7.3900,13.0419,8.8906,10.1128,7.5036,12.9533,8.9266
51.0000,12.0000,0.0000,7.2500,5.7500,5.6292,3.2253,9.6769,4.7435,10.9935,3.1751,9.6472,4.5936,10.9094
51.0000,12.0000,1.0000,7.2500,5.7500,6.9815,13.4454,3.3364,14.7924,5.6663,13.6082,3.5475,14.8774,5.7601
51.0000,12.0000,2.0000,7.2500,5.7500,2.1107,4.3446,5.8525,6.6792,8.0426,4.3281,5.9636,6.5609,8.1096
51.0000,12.0000,4.0000,7.2500,5.7500,8.3543,11.8821,10.5527,13.3986,13.7127,11.8265,10.7085,13.3177,13.8744
51.0000,12.0000,5.0000,7.2500,5.7500,6.5873,9.4775,10.0320,11.1470,13.1325,9.6401,10.2528,11.2270,13.1702
51.0000,12.0000,6.0000,7.2500,5.7500,9.8584,12.4354,11.7388,14.8627,14.7599,12.3368,11.7247,14.6621,14.6806
57.0000,12.0000,1.0000,7.2500,7.2500,7.7864,10.4494,12.5899,13.4934,14.2934,10.6890,12.5979,13.4588,14.1860
57.0000,12.0000,2.0000,7.2500,7.2500,5.8741,10.9073,1.9005,12.5568,5.0060,10.9443,2.1307,12.5502,5.0137
57.0000,12.0000,3.0000,7.2500,7.2500,7.7867,4.0733,14.0049,6.2519,15.4985,4.5664,14.1221,5.5927,14.9814
57.0000,12.0000,4.0000,7.2500,7.2500,2.0380,8.1700,6.0292,10.3745,7.9651,8.1314,6.1243,10.2381,8.0243
57.0000,12.0000,5.0000,7.2500,7.2500,3.8994,7.9619,3.0644,9.7607,4.3337,8.0217,3.1881,9.7169,4.4244
57.0000,12.0000,6.0000,7.2500,7.2500,2.3872,8.3397,7.3219,10.4150,9.3441,8.3353,7.4127,10.2808,9.3315
58.0000,12.0000,1.0000,7.2500,5.7500,8.5966,14.1847,7.8870,16.6108,9.0957,14.4135,8.1112,16.7046,9.2528
58.0000,12.0000,3.0000,7.2500,5.7500,5.1404,11.1396,7.0723,12.8108,8.4753,11.3088,7.0648,12.9058,8.3658
58.0000,12.0000,4.0000,7.2500,5.7500,3.0055,3.2904,4.3721,5.2437,6.3933,3.3501,4.5224,5.1764,6.4339
58.0000,12.0000,6.0000,7.2500,5.7500,2.7713,5.2394,7.6122,7.2123,9.0381,5.1453,7.5056,6.9824,8.8553
58.0000,12.0000,7.0000,7.2500,5.7500,7.0299,11.0766,9.8308,13.0175,11.9470,11.0037,9.8918,12.7898,11.9439
58.0000,12.0000,8.0000,7.2500,5.7500,9.6884,6.5821,14.7607,9.3744,16.0612,6.5296,14.5920,9.1751,15.8287
59.0000,12.0000,0.0000,7.2500,7.2500,8.0893,13.8103,10.0862,15.2544,11.4577,13.7987,10.1226,15.1609,11.4541
59.0000,12.0000,3.0000,7.2500,7.2500,9.1640,13.2599,12.0516,14.8630,14.7095,13.2023,11.9310,14.6942,14.5109
59.0000,12.0000,4.0000,7.2500,7.2500,7.9263,13.6118,7.3051,16.6619,8.7753,13.5867,7.3172,16.5498,8.7213
59.0000,12.0000,5.0000,7.2500,7.2500,5.4629,11.8796,6.0029,13.5410,8.1616,12.4091,6.2511,13.3937,7.4636
59.0000,12.0000,6.0000,7.2500,7.2500,4.5603,10.6940,7.7904,12.1251,10.4485,10.7751,7.7899,12.1252,10.2228
60.0000,12.0000,0.0000,7.2500,7.2500,6.8673,9.3012,12.6635,11.5654,14.0064,9.2831,12.5298,11.3268,13.8658
60.0000,12.0000,1.0000,7.2500,7.2500,4.8191,10.4888,7.1338,13.5533,8.7236,10.5273,7.0738,13.4501,8.5744
60.0000,12.0000,4.0000,7.2500,7.2500,3.3334,8.9900,7.4094,11.1816,10.5950,9.6499,8.2126,10.5486,9.9101
60.0000,12.0000,5.0000,7.2500,7.2500,2.5031,4.0306,7.7783,7.0377,10.3667,4.0992,7.7865,6.9684,10.2546
60.0000,12.0000,6.0000,7.2500,7.2500,3.0477,9.2593,5.9012,11.2132,7.3800,9.3347,5.9354,11.1757,7.3686
61.0000,12.0000,0.0000,7.2500,6.7500,9.4500,15.1232,1.7722,16.9015,4.6498,15.2367,1.9475,16.9221,4.7818
61.0000,12.0000,1.0000,7.2500,6.7500,3.7658,2.6205,7.6936,5.0896,9.0654,2.6565,7.6658,4.9887,8.9510
61.0000,12.0000,2.0000,7.2500,6.7500,9.1300,13.8522,10.4869,16.6208,11.8615,14.0626,10.4782,16.5779,11.7976
61.0000,12.0000,3.0000,7.2500,6.7500,9.7147,9.6107,14.6514,12.2904,16.8131,9.5898,14.6347,12.1107,16.6147
61.0000,12.0000,4.0000,7.2500,6.7500,1.4464,6.9571,7.1190,8.6193,9.0661,6.9623,7.3162,8.5610,9.1673
62.0000,12.0000,0.0000,7.2500,5.7500,3.6550,2.5546,6.7773,5.5923,8.3386,3.1627,7.2891,5.2052,8.0773
62.0000,12.0000,1.0000,7.2500,5.7500,2.9588,3.3664,4.3623,5.2177,6.9921,3.4135,4.4200,5.1193,6.9385
62.0000,12.0000,2.0000,7.2500,5.7500,7.2746,10.1789,10.1354,13.1660,12.9165,10.0104,10.3643,12.8912,12.9680
62.0000,12.0000,3.0000,7.2500,5.7500,6.6218,8.5841,11.4181,9.8207,12.7367,9.0073,11.6909,9.6702,12.4465
62.0000,12.0000,4.0000,7.2500,5.7500,8.9312,14.4900,6.7350,17.3618,9.0057,14.7292,6.8714,17.4484,9.0419
62.0000,12.0000,5.0000,7.2500,5.7500,9.9512,16.3625,6.2331,17.6004,9.4258,16.2584,6.2475,17.4280,9.2936
65.0000,12.0000,0.0000,7.2500,7.2500,5.2591,6.6589,11.0230,8.7328,13.9575,6.7910,11.1501,8.7174,14.0167
65.0000,12.0000,1.0000,7.2500,7.2500,9.5319,8.0898,15.7939,10.8030,17.2569,7.8399,15.8528,10.3844,17.2568
65.0000,12.0000,2.0000,7.2500,7.2500,4.0954,8.9952,3.2883,11.9762,6.1907,10.0176,3.7255,11.2998,5.5420
65.0000,12.0000,3.0000,7.2500,7.2500,7.3233,10.7358,12.1207,12.2938,14.2861,10.7321,11.9887,12.1704,14.0243
65.0000,12.0000,4.0000,7.2500,7.2500,3.1336,9.6391,7.2393,10.8766,9.0180,9.8109,7.2758,10.9676,8.9834
65.0000,12.0000,6.0000,7.2500,7.2500,5.2802,2.8821,10.1157,4.3793,12.0737,3.0220,10.0525,4.5177,11.9478
65.0000,12.0000,7.0000,7.2500,7.2500,6.1213,11.8709,3.5835,13.8101,5.9299,11.8213,3.4884,13.6592,5.7114
65.0000,12.0000,8.0000,7.2500,7.2500,5.7644,9.7285,9.9767,12.6060,12.9810,9.7161,9.9773,12.4171,12.8266
66.0000,12.0000,1.0000,7.2500,7.2500,4.1431,5.3187,9.9541,6.6985,12.4515,5.4267,10.0240,6.7152,12.3533
66.0000,12.0000,2.0000,7.2500,7.2500,8.2014,14.5960,4.9790,16.0390,6.5690,14.7410,5.1735,16.1102,6.6552
66.0000,12.0000,3.0000,7.2500,7.2500,7.5227,4.1634,13.2607,6.5532,15.8013,4.1602,13.4133,6.3327,15.8899
66.0000,12.0000,4.0000,7.2500,7.2500,9.0319,4.0853,15.1293,6.2865,16.9566,4.0978,14.9850,6.2357,16.7675
66.0000,12.0000,5.0000,7.2500,7.2500,7.2565,5.5690,13.1976,8.7035,15.8137,6.5584,13.8368,7.7655,15.1209
66.0000,12.0000,6.0000,7.2500,7.2500,5.3373,11.2312,7.9176,13.2350,10.4060,11.7770,8.5487,12.9452,10.0055
67.0000,12.0000,0.0000,7.2500,6.7500,8.5726,12.8051,12.0006,14.0690,13.3668,13.0473,12.1006,14.2623,13.3834
67.0000,12.0000,1.0000,7.2500,6.7500,7.3623,9.3597,12.7030,11.8444,13.9068,9.5082,12.6031,11.8429,13.7604
67.0000,12.0000,2.0000,7.2500,6.7500,9.3659,3.7511,14.5875,6.2788,17.1032,4.2405,15.3616,5.7936,16.2000
67.0000,12.0000,3.0000,7.2500,6.7500,9.4798,15.9747,6.3721,17.4308,8.5604,15.7239,6.3015,17.1550,8.4540
67.0000,12.0000,4.0000,7.2500,6.7500,5.8954,10.7313,9.0066,12.9684,11.8683,10.6255,9.0488,12.7684,11.8067
67.0000,12.0000,5.0000,7.2500,6.7500,5.3145,5.6745,11.2976,7.3071,12.7224,5.6828,11.2697,7.2673,12.5882
67.0000,12.0000,6.0000,7.2500,6.7500,3.4460,5.8435,9.3297,8.4296,11.0585,5.9348,9.3792,8.4284,10.9861
68.0000,12.0000,0.0000,6.2500,7.2500,5.6942,6.0179,11.4562,8.0506,14.3236,6.1717,11.6367,8.1442,14.3818
68.0000,12.0000,1.0000,6.2500,7.2500,9.8490,14.6460,10.0004,16.2253,11.6063,15.1550,10.4964,15.9373,11.3288
68.0000,12.0000,2.0000,6.2500,7.2500,4.5124,2.1735,8.8509,3.9009,11.9862,2.1890,8.9161,3.8249,11.8567
68.0000,12.0000,5.0000,6.2500,7.2500,3.3813,8.2273,6.8660,10.8453,9.2256,8.3440,6.7931,10.7640,9.0651
68.0000,12.0000,6.0000,6.2500,7.2500,5.8485,11.0861,8.0635,12.5611,9.9805,11.6075,8.7260,12.2743,9.3518
68.0000,12.0000,7.0000,6.2500,7.2500,9.0653,12.8493,10.4868,16.0025,11.8448,13.8372,10.8946,15.1704,11.7729
68.0000,12.0000,8.0000,6.2500,7.2500,3.0383,7.4473,8.1652,9.8703,10.0383,7.3939,8.1200,9.6582,9.9050
69.0000,12.0000,0.0000,7.2500,7.2500,7.0934,9.3457,12.4690,10.8972,15.0034,9.4739,12.4839,10.9449,14.8636
69.0000,12.0000,1.0000,7.2500,7.2500,6.6968,12.7497,7.2432,15.0371,8.9442,12.9484,7.1405,15.1486,8.7726
69.0000,12.0000,2.0000,7.2500,7.2500,5.8313,8.9282,11.3671,11.3582,13.2587,8.8519,11.3170,11.1666,13.1012
69.0000,12.0000,3.0000,7.2500,7.2500,7.7802,11.9828,10.8956,14.9706,12.9337,12.2609,10.8722,15.1832,12.8262
69.0000,12.0000,4.0000,7.2500,7.2500,3.2194,3.6670,8.4379,5.8356,10.1221,4.2660,8.9277,5.3095,9.7800
69.0000,12.0000,5.0000,7.2500,7.2500,9.4165,15.7156,8.4746,16.9773,10.8939,15.7418,8.3216,16.9410,10.6068
69.0000,12.0000,6.0000,7.2500,7.2500,9.8268,15.6851,8.5808,18.0025,10.1733,15.8662,8.5829,18.0279,10.1198
69.0000,12.0000,7.0000,7.2500,7.2500,6.4422,2.3053,11.1962,4.2919,13.4799,2.3925,11.3166,4.3759,13.4891
71.0000,12.0000,0.0000,7.2500,7.2500,8.8435,14.2630,9.2060,17.0617,10.7490,14.1267,9.3352,16.8190,10.8389
71.0000,12.0000,1.0000,7.2500,7.2500,9.6192,15.0970,9.9364,17.2265,11.8053,15.1145,10.1629,17.1174,11.9510
71.0000,12.0000,2.0000,7.2500,7.2500,2.3438,4.9539,7.8728,7.2613,10.7203,5.0693,7.9433,7.2458,10.6807
71.0000,12.0000,3.0000,7.2500,7.2500,2.9843,8.1084,4.1716,10.4238,5.9278,8.2324,4.3086,10.4532,5.9603
71.0000,12.0000,4.0000,7.2500,7.2500,3.8482,9.6838,6.6294,12.4193,9.0656,9.8533,6.6655,12.4987,8.9601
72.0000,12.0000,0.0000,7.2500,7.2500,9.8793,1.8126,15.0246,4.6846,17.5407,1.7140,15.0365,4.4528,17.4489
72.0000,12.0000,1.0000,7.2500,7.2500,8.5435,3.7829,14.7384,6.4437,16.3057,3.8561,14.3821,6.4722,15.8680
72.0000,12.0000,2.0000,7.2500,7.2500,7.2109,13.5729,4.9670,14.9791,6.2887,13.6056,5.0167,14.9628,6.2958
72.0000,12.0000,3.0000,7.2500,7.2500,4.7174,9.5224,3.0787,12.5002,5.7270,9.6940,3.1119,12.5319,5.5759
72.0000,12.0000,4.0000,7.2500,7.2500,6.3457,4.4808,12.1230,7.1827,14.7474,4.6174,12.3599,7.1713,14.8635
72.0000,12.0000,5.0000,7.2500,7.2500,6.8284,13.1796,7.5633,14.4598,10.6603,13.1697,7.4891,14.3853,10.4126
72.0000,12.0000,6.0000,7.2500,7.2500,2.9258,9.2595,7.0713,10.5930,9.7935,9.2007,7.2046,10.4354,9.8167
72.0000,12.0000,7.0000,7.2500,7.2500,3.8715,3.0455,9.0821,5.9588,10.8724,3.1080,9.1188,5.8389,10.8075
72.0000,12.0000,8.0000,7.2500,7.2500,6.3622,12.5116,7.6075,14.1142,10.7491,12.3391,7.6818,13.8634,10.6085
75.0000,12.0000,1.0000,5.2500,7.2500,2.1642,5.8862,5.7215,8.6886,7.3188,5.9265,5.7690,8.5324,7.2482
75.0000,12.0000,2.0000,5.2500,7.2500,3.4977,6.1939,2.6013,7.4512,5.6502,6.2419,2.6509,7.4228,5.6860
75.0000,12.0000,3.0000,5.2500,7.2500,4.9889,7.3923,2.0940,8.6407,4.1027,7.3628,2.0745,8.5616,3.9498
75.0000,12.0000,4.0000,5.2500,7.2500,4.8222,8.4716,3.7720,10.5780,6.2647,8.6336,3.8645,10.6197,6.2706
75.0000,12.0000,5.0000,5.2500,7.2500,1.7754,2.5553,6.2579,4.4241,7.7804,2.6168,6.3108,4.4427,7.7520
75.0000,12.0000,6.0000,5.2500,7.2500,9.2894,3.1350,15.1616,4.4807,17.6920,2.9692,15.1861,4.2689,17.5849
76.0000,12.0000,0.0000,7.2500,6.7500,8.6446,14.0839,3.3237,16.8375,4.7679,14.0795,3.3613,16.6719,4.7683
76.0000,12.0000,1.0000,7.2500,6.7500,1.5570,5.1358,7.4300,8.1811,8.9505,5.2662,7.5164,8.1307,8.9670
76.0000,12.0000,2.0000,7.2500,6.7500,4.5534,3.3257,8.9086,5.5715,11.7708,3.4175,8.9018,5.5486,11.6038
76.0000,12.0000,3.0000,7.2500,6.7500,8.3270,14.4554,6.7791,16.5183,9.1649,14.5102,6.7904,16.4619,9.0971
76.0000,12.0000,4.0000,7.2500,6.7500,4.0716,6.5608,9.3752,9.1117,12.1831,6.7281,9.4907,9.1618,12.2147
76.0000,12.0000,5.0000,7.2500,6.7500,3.3557,9.0053,4.4030,11.5983,6.3062,9.1776,4.2921,11.6241,6.1218
78.0000,12.0000,0.0000,6.7500,7.2500,6.4864,10.6206,10.2403,13.1268,12.2146,10.4874,10.5278,12.8171,12.2848
78.0000,12.0000,2.0000,6.7500,7.2500,8.3484,12.1952,10.8019,15.3375,12.7462,12.2903,10.9087,15.1832,12.7886
78.0000,12.0000,3.0000,6.7500,7.2500,8.7379,13.6632,10.5544,15.2101,12.2564,13.3339,10.4510,14.8126,12.0326
78.0000,12.0000,4.0000,6.7500,7.2500,8.0874,13.5615,6.6248,16.0974,8.5936,13.8019,6.9860,16.1536,8.7697
78.0000,12.0000,5.0000,6.7500,7.2500,9.6162,7.0603,15.4110,10.0668,17.9762,7.2743,15.4157,10.1221,17.8073
78.0000,12.0000,6.0000,6.7500,7.2500,6.7587,10.4852,10.3652,13.4154,12.7689,10.4913,10.4875,13.2503,12.7903
80.0000,12.0000,3.0000,7.2500,4.2500,1.4886,5.9817,4.8283,9.0269,6.6052,6.8425,5.3188,8.3756,6.0664
80.0000,12.0000,4.0000,7.2500,4.2500,2.1627,4.1817,3.8153,6.0514,5.3944,4.2445,3.8856,5.9867,5.3285
80.0000,12.0000,5.0000,7.2500,4.2500,9.8579,8.3272,12.5523,11.1209,15.0324,8.5580,12.4709,11.2470,14.8578
80.0000,12.0000,6.0000,7.2500,4.2500,2.9990,3.2974,4.5283,6.4136,7.5831,3.5308,4.6177,6.4660,7.4610
82.0000,12.0000,0.0000,7.2500,7.2500,7.2276,9.7649,12.8236,12.0242,14.1591,9.7994,12.9242,11.9694,14.2081
82.0000,12.0000,1.0000,7.2500,7.2500,8.2294,7.3814,14.0940,8.6172,16.7964,7.4038,14.3263,8.5775,16.9091
82.0000,12.0000,2.0000,7.2500,7.2500,8.5717,4.4468,14.6166,7.4995,16.8355,4.6227,14.7526,7.4444,16.8599
82.0000,12.0000,3.0000,7.2500,7.2500,6.5401,12.5405,3.4128,13.7869,5.5011,12.4501,3.5025,13.6368,5.4534
82.0000,12.0000,4.0000,7.2500,7.2500,6.8719,12.3706,3.6672,14.8544,5.6397,12.3317,3.8202,14.6414,5.6415
84.0000,12.0000,0.0000,7.2500,7.2500,8.1262,13.7701,2.5405,15.3656,4.8928,13.7341,2.6143,15.2586,4.9125
84.0000,12.0000,1.0000,7.2500,7.2500,1.9866,5.4007,8.4082,7.4935,9.7261,5.5141,8.4015,7.4415,9.6761
84.0000,12.0000,2.0000,7.2500,7.2500,3.8762,6.9627,1.9974,8.6509,4.8307,7.2944,2.8247,8.2826,3.8999
84.0000,12.0000,4.0000,7.2500,7.2500,5.9148,4.9057,11.9497,7.2877,14.1528,5.6600,12.5280,6.3709,13.4059
84.0000,12.0000,5.0000,7.2500,7.2500,8.3733,13.4708,9.9351,15.4892,13.0122,13.8993,10.5470,14.7551,12.1470
84.0000,12.0000,6.0000,7.2500,7.2500,9.1725,10.7297,13.8345,12.4709,16.8161,11.5225,14.5054,12.3648,16.3201
84.0000,12.0000,7.0000,7.2500,7.2500,8.3057,13.9973,4.3949,16.8887,7.3785,14.1898,4.3966,16.8895,7.2867
85.0000,12.0000,0.0000,7.2500,7.2500,3.1498,8.8668,4.8871,10.9372,6.2139,9.5029,5.0640,10.4267,5.8131
85.0000,12.0000,1.0000,7.2500,7.2500,7.1879,12.8034,4.4974,15.8141,7.2896,12.8096,4.4270,15.6710,7.0798
85.0000,12.0000,2.0000,7.2500,7.2500,5.3312,10.9930,4.5011,13.2849,5.7470,11.1508,4.4152,13.3485,5.5326
85.0000,12.0000,3.0000,7.2500,7.2500,9.4119,15.0123,2.7818,17.1378,5.1750,15.0346,2.8541,17.0375,5.0885
85.0000,12.0000,4.0000,7.2500,7.2500,3.4600,9.2583,3.9729,11.0512,6.7673,9.3282,4.0140,10.9595,6.6592
87.0000,12.0000,0.0000,7.2500,7.2500,6.5784,7.7752,12.2349,9.0144,15.2211,7.7754,12.2765,8.9685,15.1116
87.0000,12.0000,1.0000,7.2500,7.2500,9.2542,14.3838,2.3766,17.0240,4.5946,14.3293,2.2333,16.8629,4.2836
87.0000,12.0000,2.0000,7.2500,7.2500,8.3544,7.1803,14.3746,8.8445,16.7645,6.9189,14.3855,8.5896,16.6294
87.0000,12.0000,3.0000,7.2500,7.2500,5.1756,11.3118,6.9977,13.4859,8.5536,11.2992,7.1066,13.4137,8.5940
87.0000,12.0000,4.0000,7.2500,7.2500,4.3552,8.8743,2.9289,11.9302,5.5607,9.0750,3.0857,11.9966,5.4939
87.0000,12.0000,5.0000,7.2500,7.2500,1.6822,4.9372,7.6650,6.9178,8.9142,4.9198,7.5611,6.8033,8.7159
87.0000,12.0000,6.0000,7.2500,7.2500,7.6279,12.5493,2.4374,15.2062,4.5109,12.5842,2.5062,15.0882,4.4900
87.0000,12.0000,7.0000,7.2500,7.2500,3.7378,10.0693,7.2231,11.7364,8.8616,10.6412,7.7899,11.3304,8.4099
88.0000,12.0000,0.0000,7.2500,7.2500,6.7924,6.5931,12.9992,7.9484,15.0855,6.5330,13.0113,7.8331,14.9393
88.0000,12.0000,1.0000,7.2500,7.2500,8.9530,15.3977,4.2692,16.7941,7.4689,15.5794,4.1912,16.8489,7.2234
88.0000,12.0000,2.0000,7.2500,7.2500,4.3713,1.9964,7.8960,4.4504,10.0070,2.0721,7.9094,4.3569,9.8814
88.0000,12.0000,3.0000,7.2500,7.2500,4.1799,9.3433,3.2798,11.2217,5.4667,9.5115,3.3664,11.3232,5.4453
88.0000,12.0000,4.0000,7.2500,7.2500,8.5030,13.9633,8.3844,17.1129,9.9150,13.6675,8.6122,16.7161,10.0366
88.0000,12.0000,5.0000,7.2500,7.2500,2.3665,4.3516,8.0436,7.1464,10.1155,4.3139,8.1319,7.0259,10.0992
89.0000,12.0000,0.0000,7.2500,7.2500,8.4175,14.1019,8.0606,16.6570,10.8056,14.0873,8.2762,16.5181,10.7895
89.0000,12.0000,1.0000,7.2500,7.2500,7.8048,13.5611,3.4465,15.7258,6.0528,14.0322,4.0223,15.1462,5.2662
89.0000,12.0000,2.0000,7.2500,7.2500,7.4435,4.3694,13.3175,5.6739,15.3868,4.2394,13.3884,5.5464,15.3897
89.0000,12.0000,3.0000,7.2500,7.2500,7.7356,13.8032,8.0439,15.5904,10.6442,13.8130,8.0847,15.5254,10.5899
89.0000,12.0000,4.0000,7.2500,7.2500,9.7803,15.4054,9.3988,17.4299,11.9159,15.3445,9.6976,17.3224,12.0880
89.0000,12.0000,5.0000,7.2500,7.2500,8.6229,7.9362,14.6311,9.6025,16.8450,8.4648,15.1143,9.3693,16.1323
89.0000,12.0000,6.0000,7.2500,7.2500,6.2562,8.6231,11.5356,11.7511,14.0121,8.4755,11.6344,11.5073,13.9976
89.0000,12.0000,7.0000,7.2500,7.2500,3.1039,4.8712,8.7794,7.5292,11.5626,5.0074,9.0004,7.4926,11.4982
89.0000,12.0000,8.0000,7.2500,7.2500,4.6032,6.1155,10.7287,8.3852,12.9776,6.2063,10.8701,8.3734,12.9832
0.0000,16.0000,0.0000,9.2500,9.2500,9.6611,15.9171,13.5750,17.8539,16.7631,16.0307,13.7405,17.8941,16.7865
0.0000,16.0000,1.0000,9.2500,9.2500,3.2643,6.3401,11.0627,9.2729,13.2930,6.3651,11.1353,9.1250,13.2155
0.0000,16.0000,2.0000,9.2500,9.2500,6.3909,10.4889,14.3926,13.0306,15.8623,10.4683,14.5845,12.8793,15.9707
0.0000,16.0000,3.0000,9.2500,9.2500,4.0531,12.5216,8.5528,14.0554,10.6342,12.7622,8.5965,14.2099,10.5384
0.0000,16.0000,4.0000,9.2500,9.2500,3.0215,9.7357,5.7185,12.5199,8.0473,9.7917,5.8178,12.5238,8.0163
0.0000,16.0000,5.0000,9.2500,9.2500,6.4840,13.7221,4.4196,15.4197,6.6695,13.8527,5.1803,14.9968,5.8328
0.0000,16.0000,6.0000,9.2500,9.2500,5.5748,13.8813,7.0245,15.3493,8.4481,13.9576,6.9980,15.3181,8.3001
1.0000,16.0000,0.0000,9.2500,9.2500,7.5206,15.4806,6.4512,17.7560,9.0374,15.4139,6.5404,17.5651,8.9646
1.0000,16.0000,1.0000,9.2500,9.2500,9.2055,15.6422,13.2085,18.1899,15.4841,16.4976,14.0061,17.6776,14.8236
1.0000,16.0000,2.0000,9.2500,9.2500,6.7651,12.7211,2.7537,14.2858,5.2248,12.7360,2.6637,14.2594,5.0431
1.0000,16.0000,3.0000,9.2500,9.2500,7.9049,15.5348,4.1916,16.7583,6.5818,15.6783,4.2589,16.8279,6.6584
1.0000,16.0000,4.0000,9.2500,9.2500,6.9447,13.0491,2.5419,14.7830,5.6710,12.9808,2.5357,14.6184,5.4971
1.0000,16.0000,5.0000,9.2500,9.2500,5.6085,9.5935,13.8273,12.7554,15.2087,9.6918,14.0597,12.7423,15.3906
1.0000,16.0000,6.0000,9.2500,9.2500,5.7079,7.2449,13.6173,9.6382,16.1835,7.3436,13.4816,9.6252,15.9746
1.0000,16.0000,7.0000,9.2500,9.2500,8.4027,3.3880,15.4561,6.5304,17.4931,3.4190,15.4067,6.3970,17.3668
7.0000,16.0000,0.0000,7.2500,9.2500,5.8500,11.1426,4.6616,12.5367,6.5835,11.2538,5.0897,12.1687,6.3714
7.0000,16.0000,1.0000,7.2500,9.2500,2.8504,9.3399,9.0788,10.5680,11.2247,9.6970,9.5699,10.2256,10.7793
7.0000,16.0000,2.0000,7.2500,9.2500,6.1078,1.7638,12.8959,4.3677,14.5029,1.8570,13.0593,4.4132,14.5699
7.0000,16.0000,3.0000,7.2500,9.2500,9.4075,15.3000,4.8135,16.8682,7.2185,15.1769,4.9480,16.6598,7.2577
7.0000,16.0000,4.0000,7.2500,9.2500,5.6300,11.0968,6.3928,13.8896,8.0057,11.2121,6.5305,13.8372,8.1370
7.0000,16.0000,5.0000,7.2500,9.2500,7.2578,12.5993,10.8697,15.1927,13.4634,12.6769,10.6865,15.1755,13.2372
8.0000,16.0000,0.0000,7.2500,9.2500,5.9256,11.4445,11.1389,13.1664,13.5436,11.3454,11.1026,13.0051,13.3082
8.0000,16.0000,1.0000,7.2500,9.2500,9.3771,14.2644,12.1142,17.3537,14.0468,14.2985,12.0646,17.3192,13.8601
8.0000,16.0000,2.0000,7.2500,9.2500,4.6245,6.0048,3.0722,8.4371,6.1789,5.9282,3.0874,8.3428,6.0520
8.0000,16.0000,3.0000,7.2500,9.2500,8.2714,12.8930,12.9357,15.2820,14.8733,13.0152,12.9736,15.2733,14.8298
8.0000,16.0000,4.0000,7.2500,9.2500,7.7165,14.1826,7.7675,15.7493,10.9150,14.2653,7.7451,15.7385,10.8090
8.0000,16.0000,5.0000,7.2500,9.2500,7.4335,2.1039,14.3010,4.0671,16.5137,1.9711,14.1909,3.8583,16.2959
8.0000,16.0000,6.0000,7.2500,9.2500,7.6711,7.5232,16.0563,10.5264,17.3697,7.4276,16.0731,10.2876,17.3073
8.0000,16.0000,7.0000,7.2500,9.2500,5.4235,1.8511,11.8475,5.0332,14.3763,1.8292,11.9717,4.8301,14.3443
8.0000,16.0000,8.0000,7.2500,9.2500,7.8784,14.4366,9.1143,15.6749,11.5200,14.8930,9.7027,15.5494,10.7966
9.0000,16.0000,0.0000,9.2500,8.7500,7.8394,3.2738,13.6963,6.3809,16.7493,3.2889,13.7960,6.3393,16.7153
9.0000,16.0000,1.0000,9.2500,8.7500,3.4713,10.4036,10.1408,13.0580,12.2153,10.3999,10.1856,12.9327,12.1347
9.0000,16.0000,2.0000,9.2500,8.7500,8.0584,5.5791,14.9760,7.9249,17.8469,5.8450,14.8122,8.0291,17.5166
9.0000,16.0000,3.0000,9.2500,8.7500,2.8898,8.8867,10.9766,10.5516,12.2263,9.2974,11.1921,10.0211,11.7921
9.0000,16.0000,4.0000,9.2500,8.7500,3.7957,11.5979,5.7024,13.3392,7.7735,11.4872,5.6567,13.1068,7.5828
9.0000,16.0000,5.0000,9.2500,8.7500,3.9563,9.6386,11.1275,11.8499,13.6990,9.6568,11.2897,11.7238,13.6842
9.0000,16.0000,6.0000,9.2500,8.7500,5.1940,11.8302,11.3520,14.3886,13.1000,11.8871,11.4041,14.2145,13.1237
10.0000,16.0000,0.0000,8.2500,7.7500,4.5065,7.3515,2.4307,8.6297,4.0713,7.2977,2.3926,8.4585,3.9492
10.0000,16.0000,1.0000,8.2500,7.7500,6.4560,6.5234,13.0315,8.0534,15.2365,6.5428,13.0339,7.9895,15.1642
10.0000,16.0000,2.0000,8.2500,7.7500,4.9917,10.8148,3.8540,13.5139,5.4508,10.8759,3.7539,13.4488,5.3047
10.0000,16.0000,3.0000,8.2500,7.7500,5.5439,2.5594,10.2801,5.6682,12.6029,2.7046,10.3768,5.6122,12.6394
10.0000,16.0000,4.0000,8.2500,7.7500,3.8659,10.6476,8.5582,12.6198,10.6812,10.7998,8.5554,12.6932,10.5565
10.0000,16.0000,5.0000,8.2500,7.7500,2.7839,4.8236,5.9415,6.4626,7.6047,4.7824,6.0871,6.3876,7.6769
12.0000,16.0000,0.0000,8.7500,8.7500,3.7486,3.5780,6.8508,6.5001,9.5887,3.7255,6.8734,6.4563,9.5503
12.0000,16.0000,1.0000,8.7500,8.7500,3.6139,4.5737,8.1084,5.7750,10.4408,4.9709,8.9218,5.4535,9.8963
12.0000,16.0000,2.0000,8.7500,8.7500,8.7581,15.1413,11.4354,17.8371,14.2641,16.0305,12.6545,17.4145,13.5983
12.0000,16.0000,3.0000,8.7500,8.7500,3.9756,11.3414,7.1336,14.0920,9.8351,11.8295,8.0093,13.4207,9.3709
12.0000,16.0000,4.0000,8.7500,8.7500,4.1600,11.0314,5.2658,13.4459,7.7022,11.2162,5.2552,13.4801,7.5464
12.0000,16.0000,5.0000,8.7500,8.7500,5.9859,4.4616,12.3163,5.8331,14.7445,4.7457,12.9263,5.3789,13.8695
12.0000,16.0000,6.0000,8.7500,8.7500,7.6613,15.0466,5.4163,16.8637,6.8756,15.1229,5.8373,16.8482,7.2077
12.0000,16.0000,7.0000,8.7500,8.7500,6.8349,11.2021,1.9004,13.9568,4.2770,11.3208,1.7123,13.8608,4.0189
13.0000,16.0000,0.0000,8.7500,8.7500,5.1266,11.3043,11.3316,13.8725,12.9651,11.4326,11.5371,13.8689,13.0582
13.0000,16.0000,1.0000,8.7500,8.7500,7.7643,3.9118,14.3732,5.8499,16.5900,3.9692,14.5622,5.8746,16.6514
13.0000,16.0000,2.0000,8.7500,8.7500,5.4910,10.0326,2.6951,12.6775,5.1374,10.1192,2.6032,12.6982,4.8801
13.0000,16.0000,3.0000,8.7500,8.7500,1.4508,9.2952,8.1432,11.0963,9.5994,9.6623,8.4865,10.6497,9.0981
13.0000,16.0000,4.0000,8.7500,8.7500,2.9837,9.1006,4.8783,11.7168,7.6615,9.1226,4.9909,11.5998,7.6311
13.0000,16.0000,5.0000,8.7500,8.7500,5.1073,12.6718,7.0553,15.0102,9.6283,12.8584,7.0827,15.0922,9.4221
13.0000,16.0000,6.0000,8.7500,8.7500,7.3179,11.0857,14.0279,13.8469,16.0803,11.1858,14.1151,13.7414,16.0036
14.0000,16.0000,0.0000,9.2500,9.2500,5.6376,7.0989,13.7095,9.2812,15.8647,7.7377,14.0673,8.8067,15.4420
14.0000,16.0000,1.0000,9.2500,9.2500,5.8255,12.4729,4.5048,14.5133,6.0121,12.3471,4.5606,14.3015,5.9570
14.0000,16.0000,2.0000,9.2500,9.2500,7.0942,9.8281,15.1946,11.8182,17.1406,9.8793,15.2549,11.7826,17.1111
14.0000,16.0000,3.0000,9.2500,9.2500,6.3893,13.0764,4.0153,15.3989,6.4980,13.0919,4.1572,15.3579,6.5280
14.0000,16.0000,4.0000,9.2500,9.2500,3.6341,11.4497,6.5037,13.1131,7.9876,11.6562,6.8477,12.6164,7.5151
16.0000,16.0000,0.0000,9.2500,7.7500,8.1699,11.8624,14.4057,13.4554,15.9437,11.7040,14.3270,13.2481,15.7749
16.0000,16.0000,1.0000,9.2500,7.7500,3.0225,7.2396,10.0563,10.2230,11.3990,7.9846,10.4365,9.4447,11.0754
16.0000,16.0000,2.0000,9.2500,7.7500,4.7944,6.9796,2.0197,8.1959,4.4863,7.0039,2.0309,8.1356,4.2895
16.0000,16.0000,4.0000,9.2500,7.7500,3.6815,10.1779,9.7940,12.8897,11.4810,10.2046,9.8455,12.7849,11.4377
16.0000,16.0000,5.0000,9.2500,7.7500,8.3662,11.9194,13.9676,14.1983,16.4302,12.0851,13.9901,14.2757,16.3045
17.0000,16.0000,0.0000,9.2500,9.2500,8.4558,2.9395,14.7334,4.7311,16.7560,2.9294,14.5702,4.6466,16.5586
17.0000,16.0000,1.0000,9.2500,9.2500,7.3169,13.6113,4.0898,16.5780,5.6062,13.6244,4.2600,16.5626,5.6681
17.0000,16.0000,2.0000,9.2500,9.2500,5.3706,6.9001,13.3147,9.7229,15.7613,7.3619,13.9699,9.1747,14.8747
17.0000,16.0000,3.0000,9.2500,9.2500,7.6217,8.5256,15.6287,11.4567,18.0424,9.1701,16.0667,11.0284,17.5157
17.0000,16.0000,4.0000,9.2500,9.2500,6.8282,5.0319,13.5886,6.3134,16.5436,5.0460,13.6258,6.2485,16.5907
17.0000,16.0000,5.0000,9.2500,9.2500,6.1846,2.1838,10.3113,4.8814,12.9047,2.1694,10.2865,4.7513,12.7324
17.0000,16.0000,6.0000,9.2500,9.2500,6.0130,2.9013,11.1424,5.3465,13.6438,2.9893,11.1391,5.3667,13.5042
17.0000,16.0000,7.0000,9.2500,9.2500,4.9071,3.0983,8.5341,5.5894,9.7708,3.3387,8.6894,5.6380,9.8934
23.0000,16.0000,0.0000,6.7500,9.2500,6.3051,8.1052,2.0710,10.6847,4.9820,8.1101,2.0822,10.6419,4.9764
23.0000,16.0000,1.0000,6.7500,9.2500,5.1953,10.2247,9.4570,13.1364,12.3179,10.4006,9.5191,13.1732,12.1511
23.0000,16.0000,2.0000,6.7500,9.2500,6.0620,11.1263,4.9444,12.8213,7.4042,11.1253,5.0190,12.7518,7.3953
23.0000,16.0000,3.0000,6.7500,9.2500,3.5326,5.7650,4.8770,7.8729,6.5592,5.7487,4.9485,7.7750,6.5746
23.0000,16.0000,4.0000,6.7500,9.2500,9.6216,14.8623,9.7369,17.7353,11.1256,14.7447,9.9136,17.4652,11.2757
24.0000,16.0000,0.0000,8.2500,8.7500,2.6609,6.1983,9.6000,7.5608,12.4617,6.3580,9.6639,7.6811,12.5070
24.0000,16.0000,1.0000,8.2500,8.7500,7.8104,9.5690,14.9971,11.9050,17.3106,9.6726,15.2081,11.8035,17.3149
24.0000,16.0000,3.0000,8.2500,8.7500,7.3236,13.1910,12.2523,14.8192,14.3062,13.6705,12.6281,14.6008,13.8471
24.0000,16.0000,4.0000,8.2500,8.7500,5.2637,8.6090,13.0218,10.6905,14.6265,9.1720,13.4496,10.2460,14.2075
24.0000,16.0000,5.0000,8.2500,8.7500,3.5289,3.6700,8.7697,6.2932,11.3918,3.8269,8.7929,6.3022,11.3463
24.0000,16.0000,6.0000,8.2500,8.7500,4.9181,2.8761,8.9505,4.3183,11.7367,2.8357,9.0638,4.2127,11.7390
24.0000,16.0000,7.0000,8.2500,8.7500,5.9442,3.4060,12.4558,5.9337,14.5344,3.6672,12.5215,6.0814,14.4864
24.0000,16.0000,8.0000,8.2500,8.7500,8.4854,13.6891,2.0314,15.4898,4.1879,13.6409,2.0435,15.3980,4.1217
25.0000,16.0000,0.0000,8.7500,9.2500,8.3462,14.7997,12.2876,16.7711,15.1928,14.8672,12.4321,16.7142,15.2118
25.0000,16.0000,1.0000,8.7500,9.2500,4.6371,5.6869,12.3539,7.9680,14.5855,5.8874,12.4208,8.0663,14.5054
25.0000,16.0000,2.0000,8.7500,9.2500,7.3373,12.3272,13.3865,14.7780,16.2077,12.4212,13.3568,14.7970,16.0826
25.0000,16.0000,3.0000,8.7500,9.2500,6.8320,1.8092,12.2221,4.6733,14.3599,2.0963,12.1887,4.7869,14.2453
25.0000,16.0000,4.0000,8.7500,9.2500,6.4064,9.3380,2.3121,12.3229,4.0695,10.1419,2.7608,11.6647,3.5913
25.0000,16.0000,5.0000,8.7500,9.2500,5.2665,12.4647,8.7338,15.4430,11.3861,12.5278,8.8140,15.3739,11.3571
26.0000,16.0000,1.0000,7.2500,8.7500,5.3227,9.8008,10.7826,12.8318,13.5866,9.9966,10.7244,12.8013,13.3550
26.0000,16.0000,2.0000,7.2500,8.7500,3.5412,6.7541,10.8754,8.8057,13.6272,6.8667,11.0837,8.7912,13.6517
26.0000,16.0000,3.0000,7.2500,8.7500,2.0178,6.8303,5.7254,9.3332,8.0977,6.8448,5.7880,9.1749,8.0106
26.0000,16.0000,4.0000,7.2500,8.7500,9.7348,14.5136,11.8191,17.5701,14.0404,14.7841,11.6829,17.6466,13.8034
26.0000,16.0000,5.0000,7.2500,8.7500,4.6154,10.2185,7.0222,13.3950,9.0111,10.2280,7.0844,13.3480,8.9095
26.0000,16.0000,6.0000,7.2500,8.7500,9.8963,15.7578,11.3073,16.9919,13.8541,15.7280,11.2711,16.9024,13.7263
26.0000,16.0000,7.0000,7.2500,8.7500,8.4014,3.8002,15.1447,5.2564,18.2520,3.8468,15.4132,5.2035,18.3030
27.0000,16.0000,0.0000,9.2500,9.2500,8.3675,14.7071,3.4565,17.1519,4.9638,14.8146,3.6578,17.0135,5.1029
27.0000,16.0000,1.0000,9.2500,9.2500,5.6850,13.3267,9.1583,16.1854,12.1725,13.4100,9.0585,16.1434,11.9064
27.0000,16.0000,2.0000,9.2500,9.2500,3.6456,8.5129,12.2090,11.2857,13.4655,8.6927,12.2268,11.1639,13.4221
27.0000,16.0000,3.0000,9.2500,9.2500,7.5297,15.5608,8.7890,17.9572,10.8257,15.4105,8.9711,17.6897,10.8754
27.0000,16.0000,4.0000,9.2500,9.2500,7.2460,14.2590,4.4295,16.0821,5.7155,14.4232,4.8354,15.8296,5.4015
27.0000,16.0000,5.0000,9.2500,9.2500,1.7859,9.6663,7.2193,11.9120,9.4691,9.7011,7.2281,11.8173,9.4289
29.0000,16.0000,0.0000,6.7500,8.7500,3.4185,2.8219,8.7738,4.3549,11.3265,2.8284,8.7296,4.2631,11.1106
29.0000,16.0000,1.0000,6.7500,8.7500,7.0837,12.4256,10.9206,13.8776,12.6451,12.5295,10.8837,13.9396,12.4427
29.0000,16.0000,3.0000,6.7500,8.7500,7.6006,8.7059,14.3993,10.9357,17.0060,8.7623,14.3371,10.8684,16.8417
29.0000,16.0000,5.0000,6.7500,8.7500,5.0527,3.4250,3.3025,5.5941,5.1398,3.5353,3.2570,5.5874,5.0339
29.0000,16.0000,8.0000,6.7500,8.7500,4.1022,9.5862,7.5014,12.0541,8.9744,9.6016,7.4485,11.9272,8.8505
30.0000,16.0000,0.0000,9.2500,9.2500,9.1570,15.2452,2.7337,17.4013,4.1355,15.7914,2.9355,16.7898,3.9107
30.0000,16.0000,1.0000,9.2500,9.2500,7.9604,13.6042,2.4064,16.3213,5.0063,13.4493,2.4864,16.0215,4.9137
30.0000,16.0000,2.0000,9.2500,9.2500,7.0231,14.0168,4.7282,16.9437,7.2886,14.0103,4.7889,16.8108,7.2758
30.0000,16.0000,3.0000,9.2500,9.2500,8.1482,2.9771,14.4608,4.2729,15.8295,3.0709,14.1670,4.2666,15.4525
30.0000,16.0000,4.0000,9.2500,9.2500,5.7125,13.4011,5.8536,15.8121,8.6766,13.4587,5.8661,15.7152,8.5950
30.0000,16.0000,5.0000,9.2500,9.2500,4.5385,9.4629,4.0963,11.5794,5.6901,9.3843,4.1278,11.4523,5.6573
31.0000,16.0000,0.0000,8.2500,8.2500,6.8225,13.7606,5.5000,16.1207,8.3304,13.7649,5.5854,16.0617,8.3518
31.0000,16.0000,1.0000,8.2500,8.2500,4.7140,2.8670,6.5053,4.2746,8.8519,2.9413,6.6161,4.2619,8.8601
31.0000,16.0000,2.0000,8.2500,8.2500,6.4467,6.6418,13.1867,8.8055,16.1636,6.7771,13.2382,8.7568,16.0417
31.0000,16.0000,3.0000,8.2500,8.2500,7.5596,9.8286,13.9769,11.2270,16.9397,9.7829,14.1489,11.0926,17.0294
31.0000,16.0000,4.0000,8.2500,8.2500,7.0148,6.1073,13.5708,7.4560,16.6479,6.2377,13.5796,7.5493,16.4790
31.0000,16.0000,5.0000,8.2500,8.2500,8.1780,15.5263,7.8886,17.2962,9.6602,15.7584,8.0408,17.3954,9.7048
31.0000,16.0000,6.0000,8.2500,8.2500,3.1548,3.8359,6.4916,6.6813,8.0040,3.7624,6.3339,6.4427,7.8071
31.0000,16.0000,7.0000,8.2500,8.2500,4.0625,4.0657,9.2686,5.3396,11.1911,4.1055,9.2286,5.3711,11.1186
32.0000,16.0000,0.0000,8.2500,7.7500,4.6854,9.9643,10.4590,12.3842,12.3626,9.9477,10.3885,12.2658,12.2134
32.0000,16.0000,1.0000,8.2500,7.7500,5.1258,3.1185,3.8205,4.4127,6.7140,3.0822,3.9383,4.3109,6.6621
32.0000,16.0000,2.0000,8.2500,7.7500,7.2915,14.2604,8.9945,16.0788,11.1033,14.4175,8.9255,16.1168,10.9481
32.0000,16.0000,3.0000,8.2500,7.7500,2.0406,9.1096,7.3935,10.7535,10.4187,9.1749,7.5007,10.7606,10.3626
32.0000,16.0000,4.0000,8.2500,7.7500,5.9875,12.7302,7.7456,15.4911,10.2063,12.6142,7.9939,15.3032,10.3084
37.0000,16.0000,0.0000,7.7500,9.2500,7.2537,13.2148,9.7525,16.3466,12.3168,13.3991,9.6711,16.3562,12.0809
37.0000,16.0000,1.0000,7.7500,9.2500,6.8596,11.9554,4.0127,13.9809,5.5821,11.9649,4.0486,13.8057,5.5104
37.0000,16.0000,2.0000,7.7500,9.2500,8.5902,14.3649,4.0404,16.3295,6.4409,14.5114,4.1431,16.3553,6.4237
37.0000,16.0000,3.0000,7.7500,9.2500,6.3564,10.9018,12.6809,14.0205,14.3534,11.0427,12.5917,14.1009,14.2123
37.0000,16.0000,4.0000,7.7500,9.2500,4.4837,3.5000,11.3681,5.2731,13.0619,4.0701,11.6804,4.7676,12.7330
37.0000,16.0000,6.0000,7.7500,9.2500,9.4589,15.0767,11.9516,17.3430,15.0106,15.1235,11.9890,17.3325,14.9673
37.0000,16.0000,7.0000,7.7500,9.2500,3.7536,8.7100,11.1484,11.0321,13.5455,8.6482,11.2788,10.8716,13.5213
41.0000,16.0000,0.0000,9.2500,9.2500,7.8907,12.5335,14.9799,13.7568,17.2446,12.5484,14.8520,13.6946,16.9801
41.0000,16.0000,1.0000,9.2500,9.2500,7.5071,9.0785,15.1892,12.1578,18.0735,9.5952,15.8573,11.1462,17.4139
41.0000,16.0000,2.0000,9.2500,9.2500,6.4513,2.4196,12.1631,5.3034,13.4315,2.4401,12.1119,5.1751,13.3240
41.0000,16.0000,3.0000,9.2500,9.2500,3.3822,7.1588,10.8282,8.8903,13.9764,7.2689,10.8701,8.9128,13.8600
41.0000,16.0000,4.0000,9.2500,9.2500,9.1733,2.8755,15.2899,4.3902,17.7148,2.8298,15.5012,4.2256,17.8280
43.0000,16.0000,0.0000,9.2500,8.7500,5.0075,10.5919,12.3875,11.9256,14.2865,10.5951,12.3996,11.8588,14.2126
43.0000,16.0000,1.0000,9.2500,8.7500,5.9741,3.0898,10.2520,4.8557,12.8480,3.2460,10.7208,4.3415,12.1295
43.0000,16.0000,2.0000,9.2500,8.7500,2.8101,9.6427,5.4658,11.7302,7.2038,9.7371,5.4831,11.6554,7.1790
43.0000,16.0000,3.0000,9.2500,8.7500,6.3919,5.1290,13.3058,6.9649,15.2571,5.2025,13.4819,6.9131,15.3687
43.0000,16.0000,4.0000,9.2500,8.7500,5.2046,5.0372,11.4138,6.7224,14.0184,4.9827,11.6272,6.5681,14.0845
43.0000,16.0000,5.0000,9.2500,8.7500,4.2622,7.2267,3.2579,9.1398,5.9889,7.8874,3.9086,8.4431,5.4391
44.0000,16.0000,0.0000,6.7500,9.2500,6.1663,5.8190,1.6129,7.7433,4.5547,6.1574,2.5578,7.2441,3.9251
44.0000,16.0000,1.0000,6.7500,9.2500,4.0921,9.8630,8.9469,11.5949,11.4642,9.8485,9.0071,11.5041,11.3193
44.0000,16.0000,2.0000,6.7500,9.2500,5.4899,1.8004,12.4670,4.9277,14.6758,2.3618,13.0006,4.5589,14.0032
44.0000,16.0000,3.0000,6.7500,9.2500,3.8316,8.6627,6.5175,11.8134,8.8110,8.7301,6.6131,11.7493,8.8358
44.0000,16.0000,4.0000,6.7500,9.2500,4.2740,4.8924,4.0236,6.5981,6.1679,4.8066,4.0953,6.4170,6.1100
44.0000,16.0000,5.0000,6.7500,9.2500,6.6396,8.3823,13.9110,10.1702,16.8695,8.4220,13.9137,10.1881,16.7487
46.0000,16.0000,0.0000,9.2500,8.2500,5.4688,3.7371,11.0039,6.8949,13.0939,3.6567,10.8715,6.7199,12.8403
46.0000,16.0000,1.0000,9.2500,8.2500,2.5665,7.2036,9.2294,9.7408,12.1621,7.3595,9.3246,9.8387,12.0718
46.0000,16.0000,2.0000,9.2500,8.2500,6.9749,14.7945,9.9416,16.6775,11.6893,14.8658,9.9535,16.6587,11.5534
46.0000,16.0000,3.0000,9.2500,8.2500,4.0152,11.8611,6.9360,14.6276,8.7463,12.0776,6.9825,14.6779,8.7061
46.0000,16.0000,4.0000,9.2500,8.2500,4.9283,12.3969,9.3883,14.3108,12.5692,12.4123,9.4662,14.2204,12.5519
46.0000,16.0000,5.0000,9.2500,8.2500,4.7356,13.1702,7.1454,14.7940,9.7190,13.1823,7.4728,14.7432,9.8591
48.0000,16.0000,0.0000,3.7500,9.2500,5.8982,8.8986,7.8950,10.3525,9.5725,8.9710,8.0099,10.3383,9.5483
48.0000,16.0000,1.0000,3.7500,9.2500,8.9453,11.3167,9.4322,13.7628,12.3892,11.3259,9.4882,13.6322,12.4549
48.0000,16.0000,2.0000,3.7500,9.2500,6.7416,5.5944,2.4727,8.7185,4.3920,5.7826,2.4326,8.7732,4.2595
48.0000,16.0000,3.0000,3.7500,9.2500,5.3651,3.3463,2.5539,6.2408,5.4209,3.4523,2.7676,6.1581,5.5428
48.0000,16.0000,5.0000,3.7500,9.2500,2.6327,3.4626,5.2390,5.3057,8.1506,3.4527,5.3093,5.2465,8.0606
49.0000,16.0000,0.0000,9.2500,9.2500,5.1436,11.2267,3.6214,13.6600,6.8140,11.3712,3.6427,13.6276,6.8286
49.0000,16.0000,1.0000,9.2500,9.2500,6.3545,3.6668,12.6092,5.4089,14.4172,3.6505,12.7047,5.3100,14.4024
49.0000,16.0000,2.0000,9.2500,9.2500,6.5709,12.6551,3.2445,15.3716,6.2029,12.8064,3.1760,15.4221,6.0358
49.0000,16.0000,3.0000,9.2500,9.2500,7.1924,12.8196,2.2950,14.1049,4.5453,12.8619,2.3223,14.0686,4.5012
49.0000,16.0000,4.0000,9.2500,9.2500,2.5473,10.0440,7.3900,13.0419,8.8906,10.0439,7.3369,12.9463,8.8419
51.0000,16.0000,0.0000,9.2500,6.7500,6.3702,3.2253,9.6769,4.7435,10.9935,3.3357,9.6762,4.8295,10.9228
51.0000,16.0000,1.0000,9.2500,6.7500,5.3631,13.4454,3.3364,14.7924,5.6663,13.3786,3.2746,14.6500,5.5140
51.0000,16.0000,2.0000,9.2500,6.7500,3.7433,4.3446,5.8525,6.6792,8.0426,4.4743,5.8885,6.6853,7.9977
51.0000,16.0000,3.0000,9.2500,6.7500,9.3597,12.1783,14.2003,14.5145,16.1310,12.3818,14.0357,14.5138,15.9155
51.0000,16.0000,4.0000,9.2500,6.7500,6.3614,11.8821,10.5527,13.3986,13.7127,11.7406,10.5949,13.1405,13.6771
51.0000,16.0000,5.0000,9.2500,6.7500,4.9477,9.4775,10.0320,11.1470,13.1325,9.4968,10.2327,11.0379,13.0581
51.0000,16.0000,6.0000,9.2500,6.7500,7.8481,12.4354,11.7388,14.8627,14.7599,12.6611,11.5788,14.9653,14.4959
57.0000,16.0000,0.0000,7.7500,9.2500,9.5050,12.8327,16.0503,14.2103,17.5540,13.3248,16.4104,14.0080,17.2298
57.0000,16.0000,1.0000,7.7500,9.2500,5.9490,10.4494,12.5899,13.4934,14.2934,10.5307,12.6528,13.4171,14.2942
57.0000,16.0000,2.0000,7.7500,9.2500,7.0327,10.9073,1.9005,12.5568,5.0060,10.8311,1.9248,12.4187,4.8931
57.0000,16.0000,3.0000,7.7500,9.2500,6.0797,4.0733,14.0049,6.2519,15.4985,4.5186,14.2332,5.7045,15.2023
57.0000,16.0000,4.0000,7.7500,9.2500,2.7189,8.1700,6.0292,10.3745,7.9651,8.2056,6.1710,10.3161,7.9998
57.0000,16.0000,5.0000,7.7500,9.2500,5.6611,7.9619,3.0644,9.7607,4.3337,8.0749,3.2336,9.7551,4.4259
57.0000,16.0000,6.0000,7.7500,9.2500,1.8679,8.3397,7.3219,10.4150,9.3441,8.4063,7.3342,10.4059,9.2756
58.0000,16.0000,0.0000,8.7500,7.7500,8.9937,12.7254,14.5252,14.0121,16.4090,12.7568,14.5127,13.9771,16.3450
58.0000,16.0000,1.0000,8.7500,7.7500,6.6890,14.1847,7.8870,16.6108,9.0957,14.4123,8.0999,16.6293,9.2402
58.0000,16.0000,2.0000,8.7500,7.7500,8.2050,12.0398,13.8403,14.7515,15.1860,13.0737,14.2117,13.8834,14.8430
58.0000,16.0000,3.0000,8.7500,7.7500,3.2253,11.1396,7.0723,12.8108,8.4753,11.2399,7.1354,12.7894,8.4566
58.0000,16.0000,4.0000,8.7500,7.7500,5.0696,3.2904,4.3721,5.2437,6.3933,3.4550,4.4940,5.2888,6.3875
58.0000,16.0000,5.0000,8.7500,7.7500,9.0920,5.8012,15.8021,8.8185,17.6524,6.0084,16.1523,8.8517,17.9080
58.0000,16.0000,6.0000,8.7500,7.7500,2.5888,5.2394,7.6122,7.2123,9.0381,5.2788,7.6785,7.1650,9.0256
58.0000,16.0000,7.0000,8.7500,7.7500,4.5523,11.0766,9.8308,13.0175,11.9470,11.1917,9.9653,13.0000,12.0796
58.0000,16.0000,8.0000,8.7500,7.7500,7.6997,6.5821,14.7607,9.3744,16.0612,6.7368,14.7657,9.3921,15.9844
59.0000,16.0000,0.0000,7.7500,9.2500,6.9510,13.8103,10.0862,15.2544,11.4577,13.8429,9.9548,15.2115,11.2391
59.0000,16.0000,2.0000,7.7500,9.2500,9.7981,15.2021,13.1505,16.6945,16.0809,15.0515,13.0946,16.4303,15.9037
59.0000,16.0000,3.0000,7.7500,9.2500,7.5429,13.2599,12.0516,14.8630,14.7095,13.2816,12.0977,14.8546,14.5692
59.0000,16.0000,4.0000,7.7500,9.2500,7.4853,13.6118,7.3051,16.6619,8.7753,13.8303,7.2483,16.6877,8.6649
59.0000,16.0000,5.0000,7.7500,9.2500,5.4133,11.8796,6.0029,13.5410,8.1616,12.3196,6.5054,13.0839,7.5068
59.0000,16.0000,6.0000,7.7500,9.2500,3.6619,10.6940,7.7904,12.1251,10.4485,10.8150,8.0196,12.1953,10.5593
60.0000,16.0000,0.0000,8.2500,9.2500,4.6318,9.3012,12.6635,11.5654,14.0064,9.3480,12.7284,11.5204,13.9901
60.0000,16.0000,1.0000,8.2500,9.2500,3.9958,10.4888,7.1338,13.5533,8.7236,10.6957,7.1649,13.5983,8.7262
60.0000,16.0000,2.0000,8.2500,9.2500,8.4952,11.9578,15.0823,13.7509,17.6962,12.3303,15.9599,13.2219,16.8890
60.0000,16.0000,3.0000,8.2500,9.2500,8.3973,13.1058,14.5278,14.3279,16.7202,13.1799,14.5065,14.3249,16.5750
60.0000,16.0000,4.0000,8.2500,9.2500,1.8524,8.9900,7.4094,11.1816,10.5950,9.3719,8.3689,10.8321,9.6429
60.0000,16.0000,5.0000,8.2500,9.2500,2.7216,4.0306,7.7783,7.0377,10.3667,4.0119,7.8209,7.0454,10.3043
60.0000,16.0000,6.0000,8.2500,9.2500,3.2793,9.2593,5.9012,11.2132,7.3800,9.3287,5.8276,11.2089,7.3018
62.0000,16.0000,0.0000,9.2500,6.7500,5.2392,2.5546,6.7773,5.5923,8.3386,3.0897,7.2473,5.0595,8.0435
62.0000,16.0000,1.0000,9.2500,6.7500,5.0727,3.3664,4.3623,5.2177,6.9921,3.4891,4.4833,5.2394,7.0203
62.0000,16.0000,2.0000,9.2500,6.7500,5.3552,10.1789,10.1354,13.1660,12.9165,10.2718,10.2731,13.1071,12.8525
62.0000,16.0000,3.0000,9.2500,6.7500,5.3276,8.5841,11.4181,9.8207,12.7367,9.2179,12.0701,9.6893,12.4530
62.0000,16.0000,4.0000,9.2500,6.7500,6.7693,14.4900,6.7350,17.3618,9.0057,14.6877,6.8927,17.4766,9.0527
62.0000,16.0000,5.0000,9.2500,6.7500,7.8065,16.3625,6.2331,17.6004,9.4258,16.4094,6.3366,17.6460,9.3925
65.0000,16.0000,0.0000,8.7500,9.2500,3.4074,6.6589,11.0230,8.7328,13.9575,6.8337,11.1270,8.7740,13.8831
65.0000,16.0000,1.0000,8.7500,9.2500,7.3087,8.0898,15.7939,10.8030,17.2569,8.0759,15.6707,10.8035,17.0791
65.0000,16.0000,2.0000,8.7500,9.2500,4.8329,8.9952,3.2883,11.9762,6.1907,9.7027,3.9491,11.0378,5.5529
65.0000,16.0000,3.0000,8.7500,9.2500,4.8242,10.7358,12.1207,12.2938,14.2861,10.9023,12.1201,12.4216,14.1319
65.0000,16.0000,4.0000,8.7500,9.2500,1.8791,9.6391,7.2393,10.8766,9.0180,9.7005,7.2789,10.8522,8.9295
65.0000,16.0000,5.0000,8.7500,9.2500,8.4713,14.1060,14.1834,15.5201,16.1491,13.8451,14.3732,15.2560,16.2634
65.0000,16.0000,6.0000,8.7500,9.2500,5.4415,2.8821,10.1157,4.3793,12.0737,3.0969,10.2046,4.4504,12.0771
65.0000,16.0000,7.0000,8.7500,9.2500,6.0764,11.8709,3.5835,13.8101,5.9299,12.0240,3.5129,13.8680,5.6888
65.0000,16.0000,8.0000,8.7500,9.2500,3.2880,9.7285,9.9767,12.6060,12.9810,9.8331,9.9700,12.7068,12.8366
66.0000,16.0000,0.0000,9.2500,9.2500,8.3687,15.2502,12.7499,17.4682,14.5805,15.3128,12.5776,17.3557,14.3395
66.0000,16.0000,1.0000,9.2500,9.2500,3.7842,5.3187,9.9541,6.6985,12.4515,5.4376,9.9421,6.7658,12.3410
66.0000,16.0000,2.0000,9.2500,9.2500,6.9926,14.5960,4.9790,16.0390,6.5690,14.5343,5.0288,15.9078,6.5380
66.0000,16.0000,3.0000,9.2500,9.2500,6.5600,4.1634,13.2607,6.5532,15.8013,4.2739,13.3765,6.5321,15.7019
66.0000,16.0000,4.0000,9.2500,9.2500,7.9158,4.0853,15.1293,6.2865,16.9566,4.3899,15.1061,6.4087,16.8161
66.0000,16.0000,5.0000,9.2500,9.2500,5.6648,5.5690,13.1976,8.7035,15.8137,6.1826,13.6716,7.9118,15.3954
66.0000,16.0000,6.0000,9.2500,9.2500,2.9844,11.2312,7.9176,13.2350,10.4060,11.8064,8.5504,12.6261,9.7304
67.0000,16.0000,0.0000,8.7500,8.7500,6.1190,12.8051,12.0006,14.0690,13.3668,12.9192,12.0973,14.1298,13.4231
67.0000,16.0000,1.0000,8.7500,8.7500,4.9170,9.3597,12.7030,11.8444,13.9068,9.3857,12.6779,11.6966,13.8393
67.0000,16.0000,2.0000,8.7500,8.7500,8.0183,3.7511,14.5875,6.2788,17.1032,4.4751,15.1208,5.8469,16.4977
67.0000,16.0000,3.0000,8.7500,8.7500,8.0557,15.9747,6.3721,17.4308,8.5604,15.8955,6.3157,17.3068,8.4182
67.0000,16.0000,4.0000,8.7500,8.7500,3.5294,10.7313,9.0066,12.9684,11.8683,10.8138,9.1400,13.0084,11.8498
67.0000,16.0000,5.0000,8.7500,8.7500,3.9663,5.6745,11.2976,7.3071,12.7224,5.7494,11.4165,7.3235,12.7815
67.0000,16.0000,6.0000,8.7500,8.7500,2.1653,5.8435,9.3297,8.4296,11.0585,5.8444,9.4438,8.2819,11.0639
68.0000,16.0000,0.0000,6.2500,9.2500,3.7234,6.0179,11.4562,8.0506,14.3236,6.1844,11.5187,8.1591,14.2767
68.0000,16.0000,1.0000,6.2500,9.2500,9.3161,14.6460,10.0004,16.2253,11.6063,15.3281,10.5541,15.7229,11.2110
68.0000,16.0000,2.0000,6.2500,9.2500,3.4187,2.1735,8.8509,3.9009,11.9862,2.1929,9.0143,3.8232,11.9761
68.0000,16.0000,4.0000,6.2500,9.2500,9.7356,11.3683,15.5572,14.1008,17.4661,11.4338,15.6256,14.0387,17.4450
68.0000,16.0000,5.0000,6.2500,9.2500,3.5000,8.2273,6.8660,10.8453,9.2256,8.1722,7.0128,10.6237,9.2257
68.0000,16.0000,6.0000,6.2500,9.2500,5.5783,11.0861,8.0635,12.5611,9.9805,11.3899,8.5032,12.1457,9.5513
68.0000,16.0000,7.0000,6.2500,9.2500,8.3974,12.8493,10.4868,16.0025,11.8448,13.5509,11.0361,15.1447,11.6373
68.0000,16.0000,8.0000,6.2500,9.2500,2.4133,7.4473,8.1652,9.8703,10.0383,7.5070,8.2665,9.7928,10.0872
69.0000,16.0000,0.0000,8.7500,8.7500,5.1714,9.3457,12.4690,10.8972,15.0034,9.2943,12.6549,10.7727,15.0400
69.0000,16.0000,1.0000,8.7500,8.7500,5.1851,12.7497,7.2432,15.0371,8.9442,13.0158,7.2829,15.2357,8.8594
69.0000,16.0000,2.0000,8.7500,8.7500,3.8256,8.9282,11.3671,11.3582,13.2587,8.9948,11.4990,11.2681,13.3245
69.0000,16.0000,3.0000,8.7500,8.7500,5.6883,11.9828,10.8956,14.9706,12.9337,11.8158,10.9526,14.7584,12.8964
69.0000,16.0000,4.0000,8.7500,8.7500,4.0336,3.6670,8.4379,5.8356,10.1221,4.0983,8.7261,5.4227,9.8158
69.0000,16.0000,5.0000,8.7500,8.7500,7.6537,15.7156,8.4746,16.9773,10.8939,15.7361,8.4021,16.9541,10.6672
69.0000,16.0000,6.0000,8.7500,8.7500,8.1181,15.6851,8.5808,18.0025,10.1733,15.5677,8.6306,17.8177,10.1433
69.0000,16.0000,7.0000,8.7500,8.7500,6.5263,2.3053,11.1962,4.2919,13.4799,2.4529,11.2285,4.3358,13.4887
71.0000,16.0000,0.0000,9.2500,9.2500,6.4535,14.2630,9.2060,17.0617,10.7490,14.6295,9.2367,17.2606,10.7210
71.0000,16.0000,1.0000,9.2500,9.2500,7.0992,15.0970,9.9364,17.2265,11.8053,15.3541,9.8100,17.3619,11.5644
71.0000,16.0000,2.0000,9.2500,9.2500,3.1428,4.9539,7.8728,7.2613,10.7203,5.0298,7.9345,7.1410,10.7250
71.0000,16.0000,3.0000,9.2500,9.2500,4.2003,8.1084,4.1716,10.4238,5.9278,8.1830,4.3028,10.3994,5.9304
71.0000,16.0000,4.0000,9.2500,9.2500,2.2831,9.6838,6.6294,12.4193,9.0656,9.8128,6.6837,12.4410,9.0015
72.0000,16.0000,0.0000,8.2500,9.2500,8.6297,1.8126,15.0246,4.6846,17.5407,2.0022,15.3661,4.7153,17.7987
72.0000,16.0000,1.0000,8.2500,9.2500,7.0126,3.7829,14.7384,6.4437,16.3057,3.9409,14.5398,6.4416,15.9944
72.0000,16.0000,2.0000,8.2500,9.2500,7.0309,13.5729,4.9670,14.9791,6.2887,13.6659,4.9344,14.9929,6.1940
72.0000,16.0000,3.0000,8.2500,9.2500,5.5785,9.5224,3.0787,12.5002,5.7270,9.7092,3.1291,12.4867,5.6212
72.0000,16.0000,4.0000,8.2500,9.2500,4.8336,4.4808,12.1230,7.1827,14.7474,4.4617,12.2062,7.0261,14.6922
72.0000,16.0000,5.0000,8.2500,9.2500,5.5714,13.1796,7.5633,14.4598,10.6603,13.1605,7.7018,14.3530,10.7307
72.0000,16.0000,6.0000,8.2500,9.2500,1.8650,9.2595,7.0713,10.5930,9.7935,9.4012,7.1391,10.6225,9.7904
72.0000,16.0000,7.0000,8.2500,9.2500,3.8178,3.0455,9.0821,5.9588,10.8724,3.2472,9.0480,6.0803,10.7491
72.0000,16.0000,8.0000,8.2500,9.2500,5.0634,12.5116,7.6075,14.1142,10.7491,12.5751,7.6778,14.1465,10.6966
76.0000,16.0000,0.0000,8.7500,7.7500,7.6652,14.0839,3.3237,16.8375,4.7679,14.0120,3.3086,16.5334,4.6802
76.0000,16.0000,1.0000,8.7500,7.7500,2.1374,5.1358,7.4300,8.1811,8.9505,5.2513,7.4358,8.1249,8.8768
76.0000,16.0000,2.0000,8.7500,7.7500,5.0208,3.3257,8.9086,5.5715,11.7708,3.3233,8.9913,5.3832,11.7471
76.0000,16.0000,3.0000,8.7500,7.7500,6.7405,14.4554,6.7791,16.5183,9.1649,14.3004,6.8533,16.2900,9.1184
76.0000,16.0000,4.0000,8.7500,7.7500,3.1640,6.5608,9.3752,9.1117,12.1831,6.5074,9.4596,8.9002,12.1110
76.0000,16.0000,5.0000,8.7500,7.7500,2.8541,9.0053,4.4030,11.5983,6.3062,9.0573,4.4989,11.4918,6.2837
78.0000,16.0000,0.0000,6.7500,9.2500,5.4921,10.6206,10.2403,13.1268,12.2146,10.7286,10.2961,13.0778,12.1040
78.0000,16.0000,2.0000,6.7500,9.2500,7.4566,12.1952,10.8019,15.3375,12.7462,12.2801,10.8349,15.1772,12.7470
78.0000,16.0000,3.0000,6.7500,9.2500,7.9831,13.6632,10.5544,15.2101,12.2564,13.4758,10.4945,14.9298,12.0743
78.0000,16.0000,4.0000,6.7500,9.2500,8.2444,13.5615,6.6248,16.0974,8.5936,13.5014,6.6795,15.9434,8.5246
78.0000,16.0000,5.0000,6.7500,9.2500,7.6614,7.0603,15.4110,10.0668,17.9762,7.1530,15.1531,9.9366,17.6158
78.0000,16.0000,6.0000,6.7500,9.2500,5.6932,10.4852,10.3652,13.4154,12.7689,10.5641,10.4127,13.4179,12.6467
82.0000,16.0000,0.0000,9.2500,9.2500,4.5490,9.7649,12.8236,12.0242,14.1591,9.6714,12.8944,11.8216,14.1715
82.0000,16.0000,1.0000,9.2500,9.2500,6.3201,7.3814,14.0940,8.6172,16.7964,7.2163,14.2068,8.4215,16.8153
82.0000,16.0000,2.0000,9.2500,9.2500,7.2579,4.4468,14.6166,7.4995,16.8355,4.5225,14.7075,7.3884,16.8234
82.0000,16.0000,3.0000,9.2500,9.2500,6.1879,12.5405,3.4128,13.7869,5.5011,12.6282,3.4812,13.7980,5.4489
82.0000,16.0000,4.0000,9.2500,9.2500,6.3371,12.3706,3.6672,14.8544,5.6397,12.5138,3.8139,14.8756,5.6753
84.0000,16.0000,0.0000,8.7500,9.2500,8.0290,13.7701,2.5405,15.3656,4.8928,13.6863,2.7132,15.1635,4.8875
84.0000,16.0000,1.0000,8.7500,9.2500,2.3102,5.4007,8.4082,7.4935,9.7261,5.4760,8.4213,7.5171,9.6825
84.0000,16.0000,2.0000,8.7500,9.2500,5.9117,6.9627,1.9974,8.6509,4.8307,7.3716,2.8625,8.0289,4.2028
84.0000,16.0000,3.0000,8.7500,9.2500,9.4268,15.5946,12.6147,18.0714,15.5868,15.8128,12.5879,18.2065,15.3428
84.0000,16.0000,4.0000,8.7500,9.2500,4.6357,4.9057,11.9497,7.2877,14.1528,5.5698,12.5862,6.4669,13.5300
84.0000,16.0000,5.0000,8.7500,9.2500,6.1463,13.4708,9.9351,15.4892,13.0122,13.7203,10.6374,14.8367,12.5090
84.0000,16.0000,6.0000,8.7500,9.2500,6.7107,10.7297,13.8345,12.4709,16.8161,11.4750,14.7115,12.2482,16.2779
84.0000,16.0000,7.0000,8.7500,9.2500,7.4905,13.9973,4.3949,16.8887,7.3785,13.9999,4.4169,16.7979,7.2491
85.0000,16.0000,0.0000,9.2500,9.2500,3.7565,8.8668,4.8871,10.9372,6.2139,9.3398,5.2235,10.4328,5.9290
85.0000,16.0000,1.0000,9.2500,9.2500,6.0710,12.8034,4.4974,15.8141,7.2896,12.9140,4.5906,15.6316,7.1753
85.0000,16.0000,2.0000,9.2500,9.2500,5.0368,10.9930,4.5011,13.2849,5.7470,10.9308,4.4486,13.0746,5.6378
85.0000,16.0000,3.0000,9.2500,9.2500,8.6238,15.0123,2.7818,17.1378,5.1750,15.0310,2.7646,17.0517,5.0462
85.0000,16.0000,4.0000,9.2500,9.2500,3.9840,9.2583,3.9729,11.0512,6.7673,9.2706,3.8955,11.0270,6.5974
87.0000,16.0000,0.0000,9.2500,9.2500,4.5590,7.7752,12.2349,9.0144,15.2211,7.7886,12.4534,9.0041,15.1853
87.0000,16.0000,1.0000,9.2500,9.2500,8.6534,14.3838,2.3766,17.0240,4.5946,14.1809,2.1685,16.6668,4.3330
87.0000,16.0000,2.0000,9.2500,9.2500,6.4396,7.1803,14.3746,8.8445,16.7645,6.9778,14.3456,8.5463,16.5202
87.0000,16.0000,3.0000,9.2500,9.2500,3.4769,11.3118,6.9977,13.4859,8.5536,11.3456,6.9975,13.4418,8.4947
87.0000,16.0000,4.0000,9.2500,9.2500,5.1361,8.8743,2.9289,11.9302,5.5607,9.0641,2.9774,11.9636,5.3877
87.0000,16.0000,5.0000,9.2500,9.2500,3.4585,4.9372,7.6650,6.9178,8.9142,4.8775,7.5822,6.8036,8.7734
87.0000,16.0000,6.0000,9.2500,9.2500,7.4011,12.5493,2.4374,15.2062,4.5109,12.6165,2.7090,15.1322,4.6957
87.0000,16.0000,7.0000,9.2500,9.2500,2.0470,10.0693,7.2231,11.7364,8.8616,10.4329,7.8361,11.1786,8.2509
88.0000,16.0000,0.0000,9.2500,9.2500,5.1850,6.5931,12.9992,7.9484,15.0855,6.5373,12.9451,7.8500,14.9937
88.0000,16.0000,1.0000,9.2500,9.2500,7.6352,15.3977,4.2692,16.7941,7.4689,15.2924,4.6587,16.5810,7.6450
88.0000,16.0000,2.0000,9.2500,9.2500,6.0340,1.9964,7.8960,4.4504,10.0070,1.9541,7.9253,4.1957,9.9070
88.0000,16.0000,3.0000,9.2500,9.2500,4.9848,9.3433,3.2798,11.2217,5.4667,9.2825,3.4041,11.0003,5.4425
88.0000,16.0000,4.0000,9.2500,9.2500,6.2889,13.9633,8.3844,17.1129,9.9150,14.1907,8.4402,17.1324,9.9164
88.0000,16.0000,5.0000,9.2500,9.2500,3.5052,4.3516,8.0436,7.1464,10.1155,4.4420,8.0804,7.0313,10.0542
89.0000,16.0000,0.0000,9.2500,8.7500,6.1674,14.1019,8.0606,16.6570,10.8056,14.2464,8.0341,16.6577,10.6504
89.0000,16.0000,1.0000,9.2500,8.7500,6.7151,13.5611,3.4465,15.7258,6.0528,14.0604,4.0147,15.3934,5.4047
89.0000,16.0000,2.0000,9.2500,8.7500,7.0187,4.3694,13.3175,5.6739,15.3868,4.4196,13.5014,5.6413,15.4110
89.0000,16.0000,3.0000,9.2500,8.7500,5.4791,13.8032,8.0439,15.5904,10.6442,14.0861,8.0981,15.7325,10.5598
89.0000,16.0000,4.0000,9.2500,8.7500,7.4171,15.4054,9.3988,17.4299,11.9159,15.4232,9.5384,17.4227,11.8923
89.0000,16.0000,5.0000,9.2500,8.7500,7.0045,7.9362,14.6311,9.6025,16.8450,8.3507,15.1587,9.1075,16.2450
89.0000,16.0000,6.0000,9.2500,8.7500,4.1315,8.6231,11.5356,11.7511,14.0121,8.7248,11.5802,11.7200,13.9792
89.0000,16.0000,7.0000,9.2500,8.7500,3.3646,4.8712,8.7794,7.5292,11.5626,4.9563,8.9024,7.5212,11.4878
89.0000,16.0000,8.0000,9.2500,8.7500,3.6916,6.1155,10.7287,8.3852,12.9776,6.1702,10.7891,8.3208,12.8869
0.0000,20.0000,0.0000,10.7500,11.2500,7.2803,15.9171,13.5750,17.8539,16.7631,15.9580,13.3657,17.7390,16.3851
0.0000,20.0000,1.0000,10.7500,11.2500,3.0863,6.3401,11.0627,9.2729,13.2930,6.4752,11.1383,9.3156,13.2176
0.0000,20.0000,2.0000,10.7500,11.2500,4.0068,10.4889,14.3926,13.0306,15.8623,10.5533,14.4818,12.9766,15.8970
0.0000,20.0000,3.0000,10.7500,11.2500,3.0312,12.5216,8.5528,14.0554,10.6342,12.5710,8.5435,14.0332,10.5221
0.0000,20.0000,4.0000,10.7500,11.2500,4.3834,9.7357,5.7185,12.5199,8.0473,9.7465,5.6583,12.4226,7.8758
0.0000,20.0000,5.0000,10.7500,11.2500,6.8667,13.7221,4.4196,15.4197,6.6695,14.0002,5.4046,14.8592,6.2823
0.0000,20.0000,6.0000,10.7500,11.2500,5.2237,13.8813,7.0245,15.3493,8.4481,13.7409,7.1035,15.1328,8.4331
1.0000,20.0000,0.0000,11.2500,11.2500,6.4116,15.4806,6.4512,17.7560,9.0374,15.4908,6.7256,17.6632,9.1508
1.0000,20.0000,1.0000,11.2500,11.2500,6.4569,15.6422,13.2085,18.1899,15.4841,16.2701,13.7239,17.7074,14.7848
1.0000,20.0000,2.0000,11.2500,11.2500,7.6024,12.7211,2.7537,14.2858,5.2248,12.6181,2.8226,14.0629,5.2477
1.0000,20.0000,3.0000,11.2500,11.2500,7.6390,15.5348,4.1916,16.7583,6.5818,15.7046,4.2649,16.8671,6.5311
1.0000,20.0000,4.0000,11.2500,11.2500,7.6249,13.0491,2.5419,14.7830,5.6710,13.2924,2.6752,14.9318,5.7638
1.0000,20.0000,5.0000,11.2500,11.2500,3.2689,9.5935,13.8273,12.7554,15.2087,9.6502,13.8594,12.7492,15.2190
1.0000,20.0000,6.0000,11.2500,11.2500,4.6057,7.2449,13.6173,9.6382,16.1835,7.1509,13.7597,9.4732,16.1391
1.0000,20.0000,7.0000,11.2500,11.2500,8.1774,3.3880,15.4561,6.5304,17.4931,3.5704,15.2787,6.5255,17.2204
7.0000,20.0000,0.0000,8.2500,10.2500,5.8565,11.1426,4.6616,12.5367,6.5835,11.5825,5.2756,12.0635,6.0072
7.0000,20.0000,1.0000,8.2500,10.2500,1.7068,9.3399,9.0788,10.5680,11.2247,9.6167,9.6378,10.3213,10.7195
7.0000,20.0000,2.0000,8.2500,10.2500,6.2269,1.7638,12.8959,4.3677,14.5029,1.9790,12.7761,4.5066,14.3064
7.0000,20.0000,3.0000,8.2500,10.2500,8.9051,15.3000,4.8135,16.8682,7.2185,15.1811,5.0116,16.7037,7.3524
7.0000,20.0000,4.0000,8.2500,10.2500,5.2261,11.0968,6.3928,13.8896,8.0057,11.0170,6.4223,13.6439,7.9772
7.0000,20.0000,5.0000,8.2500,10.2500,5.9624,12.5993,10.8697,15.1927,13.4634,12.5493,10.9387,15.0064,13.3277
8.0000,20.0000,0.0000,8.2500,11.2500,4.1997,11.4445,11.1389,13.1664,13.5436,11.5701,11.1637,13.1680,13.4888
8.0000,20.0000,1.0000,8.2500,11.2500,7.7775,14.2644,12.1142,17.3537,14.0468,14.3860,12.1856,17.3667,14.0900
8.0000,20.0000,2.0000,8.2500,11.2500,6.7039,6.0048,3.0722,8.4371,6.1789,5.9585,3.3177,8.2268,6.2393
8.0000,20.0000,3.0000,8.2500,11.2500,6.4127,12.8930,12.9357,15.2820,14.8733,12.8548,13.2181,15.1515,15.0418
8.0000,20.0000,4.0000,8.2500,11.2500,6.9819,14.1826,7.7675,15.7493,10.9150,14.2094,7.8434,15.6948,10.8249
8.0000,20.0000,5.0000,8.2500,11.2500,6.6299,2.1039,14.3010,4.0671,16.5137,2.2302,14.4860,4.1696,16.5859
8.0000,20.0000,6.0000,8.2500,11.2500,5.5177,7.5232,16.0563,10.5264,17.3697,7.6537,16.2004,10.5270,17.4405
8.0000,20.0000,7.0000,8.2500,11.2500,5.1558,1.8511,11.8475,5.0332,14.3763,1.9883,12.1186,4.9998,14.4864
8.0000,20.0000,8.0000,8.2500,11.2500,6.8694,14.4366,9.1143,15.6749,11.5200,14.7362,9.6576,15.5218,11.0043
9.0000,20.0000,0.0000,11.2500,8.7500,9.1185,3.2738,13.6963,6.3809,16.7493,3.3371,13.5641,6.2106,16.4875
9.0000,20.0000,1.0000,11.2500,8.7500,2.4752,10.4036,10.1408,13.0580,12.2153,10.5346,10.1409,12.9665,12.1646
9.0000,20.0000,2.0000,11.2500,8.7500,8.8842,5.5791,14.9760,7.9249,17.8469,5.6414,14.9565,7.8862,17.6053
9.0000,20.0000,3.0000,11.2500,8.7500,3.2364,8.8867,10.9766,10.5516,12.2263,9.0897,11.3640,10.1769,12.0268
9.0000,20.0000,4.0000,11.2500,8.7500,2.3523,11.5979,5.7024,13.3392,7.7735,11.6142,5.6949,13.2597,7.6763
9.0000,20.0000,5.0000,11.2500,8.7500,3.6980,9.6386,11.1275,11.8499,13.6990,9.7007,11.1912,11.7947,13.6014
9.0000,20.0000,6.0000,11.2500,8.7500,3.9421,11.8302,11.3520,14.3886,13.1000,11.9655,11.3949,14.3634,13.0405
10.0000,20.0000,0.0000,9.2500,9.7500,6.6199,7.3515,2.4307,8.6297,4.0713,7.4295,2.6405,8.6076,4.1192
10.0000,20.0000,1.0000,9.2500,9.7500,4.8028,6.5234,13.0315,8.0534,15.2365,6.5389,13.1265,7.9863,15.1548
10.0000,20.0000,2.0000,9.2500,9.7500,5.8719,10.8148,3.8540,13.5139,5.4508,11.0236,3.8502,13.6251,5.3316
10.0000,20.0000,3.0000,9.2500,9.7500,5.4076,2.5594,10.2801,5.6682,12.6029,2.6307,10.2669,5.6705,12.4724
10.0000,20.0000,4.0000,9.2500,9.7500,2.3873,10.6476,8.5582,12.6198,10.6812,10.8537,8.6270,12.7466,10.5779
10.0000,20.0000,5.0000,9.2500,9.7500,4.6767,4.8236,5.9415,6.4626,7.6047,4.8782,5.8830,6.4520,7.5067
12.0000,20.0000,0.0000,10.7500,10.7500,6.2464,3.5780,6.8508,6.5001,9.5887,3.5347,7.1378,6.3590,9.7789
12.0000,20.0000,1.0000,10.7500,10.7500,5.7675,4.5737,8.1084,5.7750,10.4408,4.8121,8.7426,5.3495,9.7796
12.0000,20.0000,2.0000,10.7500,10.7500,6.1113,15.1413,11.4354,17.8371,14.2641,15.6845,12.1031,17.4152,13.6742
12.0000,20.0000,3.0000,10.7500,10.7500,3.0002,11.3414,7.1336,14.0920,9.8351,11.8862,7.7942,13.5742,9.1630
12.0000,20.0000,4.0000,10.7500,10.7500,4.5183,11.0314,5.2658,13.4459,7.7022,11.1649,5.2517,13.5500,7.4887
12.0000,20.0000,5.0000,10.7500,10.7500,6.2546,4.4616,12.3163,5.8331,14.7445,4.6655,13.1178,5.6435,13.9214
12.0000,20.0000,6.0000,10.7500,10.7500,6.9492,15.0466,5.4163,16.8637,6.8756,15.1825,5.5167,16.9307,6.8534
12.0000,20.0000,7.0000,10.7500,10.7500,7.8767,11.2021,1.9004,13.9568,4.2770,11.1764,2.0834,13.7731,4.3407
14.0000,20.0000,0.0000,11.2500,11.2500,4.6770,7.0989,13.7095,9.2812,15.8647,7.6506,14.2191,9.0100,15.5470
14.0000,20.0000,1.0000,11.2500,11.2500,6.3977,12.4729,4.5048,14.5133,6.0121,12.5501,4.5652,14.4327,5.9927
14.0000,20.0000,2.0000,11.2500,11.2500,4.9361,9.8281,15.1946,11.8182,17.1406,9.8902,15.3943,11.7570,17.2738
14.0000,20.0000,3.0000,11.2500,11.2500,6.6967,13.0764,4.0153,15.3989,6.4980,13.2307,4.1286,15.4247,6.4866
14.0000,20.0000,4.0000,11.2500,11.2500,4.1350,11.4497,6.5037,13.1131,7.9876,11.8600,6.9109,12.7785,7.6100
16.0000,20.0000,0.0000,11.2500,7.7500,7.5572,11.8624,14.4057,13.4554,15.9437,11.9473,14.4524,13.4261,15.9133
16.0000,20.0000,1.0000,11.2500,7.7500,3.9000,7.2396,10.0563,10.2230,11.3990,7.7626,10.5106,9.6038,11.1933
16.0000,20.0000,2.0000,11.2500,7.7500,5.7996,6.9796,2.0197,8.1959,4.4863,7.0560,2.0273,8.1594,4.3501
16.0000,20.0000,4.0000,11.2500,7.7500,2.9014,10.1779,9.7940,12.8897,11.4810,10.2513,9.8834,12.7807,11.4857
16.0000,20.0000,5.0000,11.2500,7.7500,7.6654,11.9194,13.9676,14.1983,16.4302,12.1703,13.9713,14.2814,16.3279
17.0000,20.0000,0.0000,11.2500,11.2500,8.6707,2.9395,14.7334,4.7311,16.7560,3.2136,14.7819,4.8992,16.7466
17.0000,20.0000,1.0000,11.2500,11.2500,7.4677,13.6113,4.0898,16.5780,5.6062,13.7217,4.1182,16.5162,5.5336
17.0000,20.0000,2.0000,11.2500,11.2500,4.4097,6.9001,13.3147,9.7229,15.7613,7.7635,13.8447,9.0160,15.2872
17.0000,20.0000,3.0000,11.2500,11.2500,5.7257,8.5256,15.6287,11.4567,18.0424,9.1980,16.1242,10.9639,17.5532
17.0000,20.0000,4.0000,11.2500,11.2500,6.7579,5.0319,13.5886,6.3134,16.5436,5.1159,13.7186,6.3144,16.4581
17.0000,20.0000,5.0000,11.2500,11.2500,7.7257,2.1838,10.3113,4.8814,12.9047,2.3413,10.5604,5.0008,12.9958
17.0000,20.0000,6.0000,11.2500,11.2500,7.2172,2.9013,11.1424,5.3465,13.6438,2.9919,11.3018,5.4169,13.6813
17.0000,20.0000,7.0000,11.2500,11.2500,7.2177,3.0983,8.5341,5.5894,9.7708,3.4429,8.5184,5.7643,9.7106
23.0000,20.0000,0.0000,8.7500,11.2500,7.7504,8.1052,2.0710,10.6847,4.9820,8.2848,2.2356,10.8029,5.0246
23.0000,20.0000,1.0000,8.7500,11.2500,2.9529,10.2247,9.4570,13.1364,12.3179,10.2573,9.5689,13.0203,12.1826
23.0000,20.0000,2.0000,8.7500,11.2500,6.0130,11.1263,4.9444,12.8213,7.4042,11.3011,5.1412,12.8386,7.4746
23.0000,20.0000,3.0000,8.7500,11.2500,5.8593,5.7650,4.8770,7.8729,6.5592,5.7476,4.8712,7.7714,6.4446
23.0000,20.0000,4.0000,8.7500,11.2500,7.5931,14.8623,9.7369,17.7353,11.1256,14.7595,9.7074,17.4643,11.0228
24.0000,20.0000,0.0000,9.2500,10.7500,2.3870,6.1983,9.6000,7.5608,12.4617,6.2579,9.7033,7.5676,12.3916
24.0000,20.0000,1.0000,9.2500,10.7500,5.6047,9.5690,14.9971,11.9050,17.3106,9.5754,14.9287,11.7978,17.1483
24.0000,20.0000,2.0000,9.2500,10.7500,8.8115,15.1482,14.7271,18.2329,16.2136,15.1362,14.6802,18.1111,16.0876
24.0000,20.0000,3.0000,9.2500,10.7500,5.3859,13.1910,12.2523,14.8192,14.3062,13.6915,12.8041,14.6620,13.6911
24.0000,20.0000,4.0000,9.2500,10.7500,3.1000,8.6090,13.0218,10.6905,14.6265,9.1727,13.4543,10.0193,14.3049
24.0000,20.0000,5.0000,9.2500,10.7500,4.3206,3.6700,8.7697,6.2932,11.3918,3.7928,8.7652,6.2717,11.3372
24.0000,20.0000,6.0000,9.2500,10.7500,5.6674,2.8761,8.9505,4.3183,11.7367,2.8909,8.9229,4.2262,11.5995
24.0000,20.0000,7.0000,9.2500,10.7500,5.3398,3.4060,12.4558,5.9337,14.5344,3.5546,12.6872,5.9448,14.6076
24.0000,20.0000,8.0000,9.2500,10.7500,9.3212,13.6891,2.0314,15.4898,4.1879,13.5676,2.1623,15.3081,4.1749
25.0000,20.0000,0.0000,8.7500,11.2500,7.4631,14.7997,12.2876,16.7711,15.1928,15.0010,12.4657,16.8945,15.1343
25.0000,20.0000,1.0000,8.7500,11.2500,2.9366,5.6869,12.3539,7.9680,14.5855,5.7338,12.4144,7.7963,14.5807
25.0000,20.0000,2.0000,8.7500,11.2500,5.9705,12.3272,13.3865,14.7780,16.2077,12.4477,13.3863,14.7198,15.9977
25.0000,20.0000,3.0000,8.7500,11.2500,5.8747,1.8092,12.2221,4.6733,14.3599,1.8881,12.2302,4.6496,14.3078
25.0000,20.0000,4.0000,8.7500,11.2500,8.3234,9.3380,2.3121,12.3229,4.0695,10.1053,2.7652,11.8073,3.5066
25.0000,20.0000,5.0000,8.7500,11.2500,5.3382,12.4647,8.7338,15.4430,11.3861,12.4934,8.8909,15.3564,11.4521
27.0000,20.0000,0.0000,10.7500,10.7500,8.3425,14.7071,3.4565,17.1519,4.9638,14.6809,3.5156,17.0247,4.9809
27.0000,20.0000,1.0000,10.7500,10.7500,4.0069,13.3267,9.1583,16.1854,12.1725,13.5481,9.0019,16.1781,11.9598
27.0000,20.0000,2.0000,10.7500,10.7500,2.2540,8.5129,12.2090,11.2857,13.4655,8.5606,12.2346,11.2175,13.4590
27.0000,20.0000,3.0000,10.7500,10.7500,6.0825,15.5608,8.7890,17.9572,10.8257,15.7442,8.7118,17.9412,10.6968
27.0000,20.0000,4.0000,10.7500,10.7500,7.1955,14.2590,4.4295,16.0821,5.7155,15.0245,4.6012,15.8818,5.1987
27.0000,20.0000,5.0000,10.7500,10.7500,2.4061,9.6663,7.2193,11.9120,9.4691,9.7668,7.4227,11.9897,9.5574
29.0000,20.0000,0.0000,8.2500,9.2500,4.7298,2.8219,8.7738,4.3549,11.3265,2.7639,8.9339,4.2477,11.3967
29.0000,20.0000,1.0000,8.2500,9.2500,5.5173,12.4256,10.9206,13.8776,12.6451,12.3449,11.0050,13.7081,12.6115
29.0000,20.0000,3.0000,8.2500,9.2500,6.6411,8.7059,14.3993,10.9357,17.0060,8.8281,14.4470,10.9935,16.8428
29.0000,20.0000,4.0000,8.2500,9.2500,9.7503,15.0330,2.2706,17.6503,5.3493,15.6321,2.8199,16.8994,4.4593
29.0000,20.0000,5.0000,8.2500,9.2500,6.2674,3.4250,3.3025,5.5941,5.1398,3.3811,3.3929,5.5344,5.1393
29.0000,20.0000,6.0000,8.2500,9.2500,9.9200,14.9708,13.4713,18.0958,15.9454,15.5779,13.6087,17.2925,15.1175
29.0000,20.0000,7.0000,8.2500,9.2500,8.9103,15.3542,9.9407,18.5338,12.4623,15.3794,10.1929,18.4336,12.6387
29.0000,20.0000,8.0000,8.2500,9.2500,2.7622,9.5862,7.5014,12.0541,8.9744,9.6806,7.6085,12.0635,8.9992
30.0000,20.0000,0.0000,11.2500,11.2500,9.3177,15.2452,2.7337,17.4013,4.1355,15.8720,3.3305,16.8144,3.7768
30.0000,20.0000,1.0000,11.2500,11.2500,8.4078,13.6042,2.4064,16.3213,5.0063,13.5773,2.3966,16.1816,4.8233
30.0000,20.0000,2.0000,11.2500,11.2500,6.7357,14.0168,4.7282,16.9437,7.2886,14.0587,4.9567,16.8222,7.3701
30.0000,20.0000,3.0000,11.2500,11.2500,8.5623,2.9771,14.4608,4.2729,15.8295,3.0168,14.3618,4.2346,15.5689
30.0000,20.0000,4.0000,11.2500,11.2500,5.2102,13.4011,5.8536,15.8121,8.6766,13.3606,5.9111,15.5918,8.6214
30.0000,20.0000,5.0000,11.2500,11.2500,6.3985,9.4629,4.0963,11.5794,5.6901,9.4884,4.0716,11.5536,5.6380
31.0000,20.0000,0.0000,10.2500,10.2500,5.7552,13.7606,5.5000,16.1207,8.3304,13.8791,5.4965,16.1350,8.1416
31.0000,20.0000,1.0000,10.2500,10.2500,7.1571,2.8670,6.5053,4.2746,8.8519,2.7575,6.4653,4.1009,8.7181
31.0000,20.0000,2.0000,10.2500,10.2500,5.0956,6.6418,13.1867,8.8055,16.1636,6.6764,13.1691,8.6793,16.0649
31.0000,20.0000,3.0000,10.2500,10.2500,5.2157,9.8286,13.9769,11.2270,16.9397,9.8985,13.9871,11.2126,16.8860
31.0000,20.0000,4.0000,10.2500,10.2500,5.9702,6.1073,13.5708,7.4560,16.6479,6.0778,13.7239,7.3650,16.6119
31.0000,20.0000,5.0000,10.2500,10.2500,6.3355,15.5263,7.8886,17.2962,9.6602,15.5858,7.9919,17.2489,9.7045
31.0000,20.0000,6.0000,10.2500,10.2500,5.8247,3.8359,6.4916,6.6813,8.0040,3.9033,6.5546,6.5340,8.0063
31.0000,20.0000,7.0000,10.2500,10.2500,5.5474,4.0657,9.2686,5.3396,11.1911,4.0137,9.3047,5.2575,11.0870
32.0000,20.0000,0.0000,8.2500,9.7500,3.3630,9.9643,10.4590,12.3842,12.3626,10.0137,10.6634,12.3749,12.5169
32.0000,20.0000,1.0000,8.2500,9.7500,6.3407,3.1185,3.8205,4.4127,6.7140,3.1542,4.1949,4.3964,6.8863
32.0000,20.0000,2.0000,8.2500,9.7500,6.9261,14.2604,8.9945,16.0788,11.1033,14.2230,8.9522,15.9896,11.0154
32.0000,20.0000,3.0000,8.2500,9.7500,1.8814,9.1096,7.3935,10.7535,10.4187,9.2536,7.5297,10.7640,10.3382
32.0000,20.0000,4.0000,8.2500,9.7500,5.9115,12.7302,7.7456,15.4911,10.2063,12.7457,7.8530,15.4073,10.2328
37.0000,20.0000,0.0000,7.7500,11.2500,7.0340,13.2148,9.7525,16.3466,12.3168,13.2585,9.7282,16.2035,12.1317
37.0000,20.0000,1.0000,7.7500,11.2500,8.2985,11.9554,4.0127,13.9809,5.5821,11.8903,4.0340,13.8901,5.5180
37.0000,20.0000,2.0000,7.7500,11.2500,9.6866,14.3649,4.0404,16.3295,6.4409,14.6108,4.1928,16.4470,6.5123
37.0000,20.0000,3.0000,7.7500,11.2500,5.2283,10.9018,12.6809,14.0205,14.3534,10.8833,12.7710,13.8910,14.3904
37.0000,20.0000,4.0000,7.7500,11.2500,3.4991,3.5000,11.3681,5.2731,13.0619,3.7062,11.9815,4.7945,12.6102
37.0000,20.0000,5.0000,7.7500,11.2500,9.4859,14.9835,14.7706,16.5709,17.8380,15.0261,14.8059,16.4953,17.7993
37.0000,20.0000,6.0000,7.7500,11.2500,8.7491,15.0767,11.9516,17.3430,15.0106,15.1149,11.9045,17.2576,14.9617
37.0000,20.0000,7.0000,7.7500,11.2500,2.3879,8.7100,11.1484,11.0321,13.5455,8.7239,11.2540,10.9628,13.5071
41.0000,20.0000,0.0000,11.2500,11.2500,5.2186,12.5335,14.9799,13.7568,17.2446,12.6270,15.1150,13.8048,17.3194
41.0000,20.0000,1.0000,11.2500,11.2500,5.4183,9.0785,15.1892,12.1578,18.0735,9.9111,15.5530,11.5199,17.3924
41.0000,20.0000,2.0000,11.2500,11.2500,7.5488,2.4196,12.1631,5.3034,13.4315,2.5283,12.2174,5.2479,13.4763
41.0000,20.0000,3.0000,11.2500,11.2500,3.4251,7.1588,10.8282,8.8903,13.9764,7.3367,10.7950,8.9585,13.8506
41.0000,20.0000,4.0000,11.2500,11.2500,9.2525,2.8755,15.2899,4.3902,17.7148,3.0660,15.0917,4.5105,17.3583
43.0000,20.0000,0.0000,10.7500,10.2500,3.1286,10.5919,12.3875,11.9256,14.2865,10.6364,12.4982,11.9496,14.3170
43.0000,20.0000,1.0000,10.7500,10.2500,6.9008,3.0898,10.2520,4.8557,12.8480,3.5519,10.7315,4.6516,12.0685
43.0000,20.0000,2.0000,10.7500,10.2500,3.9157,9.6427,5.4658,11.7302,7.2038,9.8603,5.4389,11.8749,7.1097
43.0000,20.0000,3.0000,10.7500,10.2500,6.1945,5.1290,13.3058,6.9649,15.2571,5.3690,13.4626,7.0361,15.2573
43.0000,20.0000,4.0000,10.7500,10.2500,5.4590,5.0372,11.4138,6.7224,14.0184,5.1794,11.5993,6.7722,14.0890
43.0000,20.0000,5.0000,10.7500,10.2500,6.1844,7.2267,3.2579,9.1398,5.9889,7.7762,3.9764,8.7231,5.0165
44.0000,20.0000,0.0000,8.7500,11.2500,8.4002,5.8190,1.6129,7.7433,4.5547,6.2555,2.5097,7.0885,3.7519
44.0000,20.0000,1.0000,8.7500,11.2500,2.2377,9.8630,8.9469,11.5949,11.4642,9.9449,8.9953,11.5805,11.4084
44.0000,20.0000,2.0000,8.7500,11.2500,5.8650,1.8004,12.4670,4.9277,14.6758,2.5481,13.0039,4.2105,13.9240
44.0000,20.0000,3.0000,8.7500,11.2500,3.8823,8.6627,6.5175,11.8134,8.8110,8.7859,6.5176,11.7763,8.8063
44.0000,20.0000,4.0000,8.7500,11.2500,6.8486,4.8924,4.0236,6.5981,6.1679,4.8339,4.1435,6.4470,6.1775
44.0000,20.0000,5.0000,8.7500,11.2500,4.1736,8.3823,13.9110,10.1702,16.8695,8.5271,13.9658,10.2024,16.7261
48.0000,20.0000,0.0000,5.7500,9.2500,3.9098,8.8986,7.8950,10.3525,9.5725,8.9130,7.8524,10.2732,9.4893
48.0000,20.0000,1.0000,5.7500,9.2500,6.9899,11.3167,9.4322,13.7628,12.3892,11.2251,9.4594,13.5038,12.2694
48.0000,20.0000,2.0000,5.7500,9.2500,5.9852,5.5944,2.4727,8.7185,4.3920,5.8312,2.4980,8.7693,4.2977
48.0000,20.0000,3.0000,5.7500,9.2500,5.3488,3.3463,2.5539,6.2408,5.4209,3.4051,2.6022,6.1652,5.2424
48.0000,20.0000,4.0000,5.7500,9.2500,8.4834,11.7813,3.9456,14.7129,6.6141,12.0815,4.0284,14.9623,6.6832
48.0000,20.0000,5.0000,5.7500,9.2500,2.8973,3.4626,5.2390,5.3057,8.1506,3.4863,5.2427,5.2564,8.0053
49.0000,20.0000,0.0000,11.2500,11.2500,6.1492,11.2267,3.6214,13.6600,6.8140,11.2903,3.7610,13.5381,6.7721
49.0000,20.0000,1.0000,11.2500,11.2500,7.0834,3.6668,12.6092,5.4089,14.4172,3.6670,12.6592,5.3820,14.3690
49.0000,20.0000,2.0000,11.2500,11.2500,7.0872,12.6551,3.2445,15.3716,6.2029,12.6683,3.2998,15.2713,6.1387
49.0000,20.0000,3.0000,11.2500,11.2500,8.1364,12.8196,2.2950,14.1049,4.5453,12.7746,2.3607,14.0047,4.5033
49.0000,20.0000,4.0000,11.2500,11.2500,3.1235,10.0440,7.3900,13.0419,8.8906,10.1485,7.4587,12.9451,8.8683
51.0000,20.0000,0.0000,11.2500,7.7500,7.7118,3.2253,9.6769,4.7435,10.9935,3.4754,9.6564,4.8825,10.9272
51.0000,20.0000,1.0000,11.2500,7.7500,4.3341,13.4454,3.3364,14.7924,5.6663,13.5294,3.4160,14.8114,5.5416
51.0000,20.0000,2.0000,11.2500,7.7500,5.7939,4.3446,5.8525,6.6792,8.0426,4.4112,5.7721,6.6780,7.8739
51.0000,20.0000,3.0000,11.2500,7.7500,7.7063,12.1783,14.2003,14.5145,16.1310,12.1195,14.1704,14.2870,16.0091
51.0000,20.0000,4.0000,11.2500,7.7500,4.5979,11.8821,10.5527,13.3986,13.7127,11.9926,10.8283,13.4758,13.7544
51.0000,20.0000,5.0000,11.2500,7.7500,3.9454,9.4775,10.0320,11.1470,13.1325,9.4230,10.0683,11.0479,13.0084
51.0000,20.0000,6.0000,11.2500,7.7500,5.9999,12.4354,11.7388,14.8627,14.7599,12.3658,11.7487,14.7048,14.5519
58.0000,20.0000,0.0000,8.7500,9.7500,7.3497,12.7254,14.5252,14.0121,16.4090,12.7795,14.4433,13.9838,16.2686
58.0000,20.0000,1.0000,8.7500,9.7500,6.7658,14.1847,7.8870,16.6108,9.0957,14.2345,7.9046,16.5228,9.0621
58.0000,20.0000,2.0000,8.7500,9.7500,6.6535,12.0398,13.8403,14.7515,15.1860,12.7206,13.8852,14.7142,14.6035
58.0000,20.0000,3.0000,8.7500,9.7500,3.7825,11.1396,7.0723,12.8108,8.4753,11.1774,7.0898,12.7788,8.4192
58.0000,20.0000,4.0000,8.7500,9.7500,6.2586,3.2904,4.3721,5.2437,6.3933,3.4174,4.2946,5.1908,6.1495
58.0000,20.0000,5.0000,8.7500,9.7500,7.1243,5.8012,15.8021,8.8185,17.6524,5.9156,15.8815,8.8172,17.6219
58.0000,20.0000,6.0000,8.7500,9.7500,2.8985,5.2394,7.6122,7.2123,9.0381,5.3016,7.7021,7.1310,9.0250
58.0000,20.0000,7.0000,8.7500,9.7500,3.4882,11.0766,9.8308,13.0175,11.9470,11.1356,9.8720,12.9192,11.9144
58.0000,20.0000,8.0000,8.7500,9.7500,5.7133,6.5821,14.7607,9.3744,16.0612,6.7620,14.7865,9.4356,15.9754
59.0000,20.0000,0.0000,9.7500,11.2500,4.8062,13.8103,10.0862,15.2544,11.4577,13.8214,10.2745,15.2025,11.5257
59.0000,20.0000,2.0000,9.7500,11.2500,7.0531,15.2021,13.1505,16.6945,16.0809,15.2318,13.2004,16.6583,15.9499
59.0000,20.0000,3.0000,9.7500,11.2500,4.8092,13.2599,12.0516,14.8630,14.7095,13.3683,12.2089,14.8765,14.7058
59.0000,20.0000,4.0000,9.7500,11.2500,6.2706,13.6118,7.3051,16.6619,8.7753,13.5495,7.4420,16.4370,8.8119
59.0000,20.0000,5.0000,9.7500,11.2500,5.1121,11.8796,6.0029,13.5410,8.1616,12.5090,6.3380,12.9243,7.7081
59.0000,20.0000,6.0000,9.7500,11.2500,2.7007,10.6940,7.7904,12.1251,10.4485,10.7705,7.9745,12.1626,10.4461
62.0000,20.0000,0.0000,11.2500,7.2500,7.1831,2.5546,6.7773,5.5923,8.3386,3.3989,6.9907,4.8389,7.6843
62.0000,20.0000,1.0000,11.2500,7.2500,7.1335,3.3664,4.3623,5.2177,6.9921,3.5097,4.1447,5.2737,6.6680
62.0000,20.0000,2.0000,11.2500,7.2500,4.2968,10.1789,10.1354,13.1660,12.9165,10.3883,10.0490,13.2038,12.7494
62.0000,20.0000,3.0000,11.2500,7.2500,5.2437,8.5841,11.4181,9.8207,12.7367,8.9039,11.5346,9.6991,12.3426
62.0000,20.0000,4.0000,11.2500,7.2500,4.7169,14.4900,6.7350,17.3618,9.0057,14.5452,6.7782,17.2984,8.8853
62.0000,20.0000,5.0000,11.2500,7.2500,5.7607,16.3625,6.2331,17.6004,9.4258,16.3484,6.2841,17.5379,9.3738
66.0000,20.0000,0.0000,11.2500,11.2500,5.6513,15.2502,12.7499,17.4682,14.5805,15.1992,12.8591,17.3210,14.6063
66.0000,20.0000,1.0000,11.2500,11.2500,5.2416,5.3187,9.9541,6.6985,12.4515,5.3579,10.1419,6.6763,12.5031
66.0000,20.0000,2.0000,11.2500,11.2500,6.8214,14.5960,4.9790,16.0390,6.5690,14.5583,5.1210,15.9027,6.5952
66.0000,20.0000,3.0000,11.2500,11.2500,6.7437,4.1634,13.2607,6.5532,15.8013,4.0657,13.4945,6.3903,15.8829
66.0000,20.0000,4.0000,11.2500,11.2500,7.7295,4.0853,15.1293,6.2865,16.9566,4.3132,15.1717,6.4211,16.9162
66.0000,20.0000,5.0000,11.2500,11.2500,5.2461,5.5690,13.1976,8.7035,15.8137,6.2473,13.7456,7.8633,15.6012
66.0000,20.0000,6.0000,11.2500,11.2500,2.3081,11.2312,7.9176,13.2350,10.4060,11.6454,8.6483,12.8053,9.5951
68.0000,20.0000,0.0000,7.7500,10.7500,2.2564,6.0179,11.4562,8.0506,14.3236,6.0694,11.5645,8.0171,14.3235
68.0000,20.0000,1.0000,7.7500,10.7500,7.6858,14.6460,10.0004,16.2253,11.6063,14.9901,10.3724,15.6709,11.3104
68.0000,20.0000,2.0000,7.7500,10.7500,4.7244,2.1735,8.8509,3.9009,11.9862,2.2958,8.9360,3.9401,11.8145
68.0000,20.0000,4.0000,7.7500,10.7500,7.6186,11.3683,15.5572,14.1008,17.4661,11.5592,15.4449,14.1945,17.3054
68.0000,20.0000,5.0000,7.7500,10.7500,3.2410,8.2273,6.8660,10.8453,9.2256,8.2138,6.8435,10.8094,9.1738
68.0000,20.0000,6.0000,7.7500,10.7500,4.4250,11.0861,8.0635,12.5611,9.9805,11.5308,8.5809,12.0669,9.5653
68.0000,20.0000,7.0000,7.7500,10.7500,6.6888,12.8493,10.4868,16.0025,11.8448,13.7255,10.9094,15.1695,11.5436
68.0000,20.0000,8.0000,7.7500,10.7500,1.8822,7.4473,8.1652,9.8703,10.0383,7.4789,8.2322,9.8011,9.9838
69.0000,20.0000,0.0000,10.7500,9.7500,4.0355,9.3457,12.4690,10.8972,15.0034,9.1587,12.5184,10.6019,14.9379
69.0000,20.0000,1.0000,10.7500,9.7500,3.5531,12.7497,7.2432,15.0371,8.9442,12.8261,7.3393,15.0287,8.9140
69.0000,20.0000,2.0000,10.7500,9.7500,2.6338,8.9282,11.3671,11.3582,13.2587,8.9151,11.3192,11.2385,13.0507
69.0000,20.0000,3.0000,10.7500,9.7500,3.4815,11.9828,10.8956,14.9706,12.9337,12.0205,10.9632,14.8777,12.8726
69.0000,20.0000,4.0000,10.7500,9.7500,6.0171,3.6670,8.4379,5.8356,10.1221,4.1032,8.6589,5.4691,9.5591
69.0000,20.0000,5.0000,10.7500,9.7500,5.5968,15.7156,8.4746,16.9773,10.8939,15.7644,8.6365,16.9819,10.9217
69.0000,20.0000,6.0000,10.7500,9.7500,6.1052,15.6851,8.5808,18.0025,10.1733,15.6632,8.7252,17.8826,10.2298
69.0000,20.0000,7.0000,10.7500,9.7500,7.8881,2.3053,11.1962,4.2919,13.4799,2.4225,11.2715,4.2661,13.4541
76.0000,20.0000,0.0000,9.7500,9.7500,8.0716,14.0839,3.3237,16.8375,4.7679,14.2530,3.4301,16.8146,4.7842
76.0000,20.0000,1.0000,9.7500,9.7500,3.4627,5.1358,7.4300,8.1811,8.9505,5.3220,7.5562,8.2050,8.9493
76.0000,20.0000,2.0000,9.7500,9.7500,5.3341,3.3257,8.9086,5.5715,11.7708,3.4722,8.9154,5.5503,11.6071
76.0000,20.0000,3.0000,9.7500,9.7500,6.0061,14.4554,6.7791,16.5183,9.1649,14.4867,6.8202,16.4171,9.1325
76.0000,20.0000,4.0000,9.7500,9.7500,2.1729,6.5608,9.3752,9.1117,12.1831,6.6653,9.3438,9.0535,11.9803
76.0000,20.0000,5.0000,9.7500,9.7500,4.4299,9.0053,4.4030,11.5983,6.3062,9.1370,4.2576,11.5741,6.1117
78.0000,20.0000,0.0000,7.7500,10.2500,4.2380,10.6206,10.2403,13.1268,12.2146,10.6858,10.2801,13.0280,12.1188
78.0000,20.0000,1.0000,7.7500,10.2500,9.2147,14.5425,13.3677,16.8939,16.3885,14.5706,13.3296,16.8632,16.1937
78.0000,20.0000,2.0000,7.7500,10.2500,6.2064,12.1952,10.8019,15.3375,12.7462,12.2118,10.8883,15.2474,12.6847
78.0000,20.0000,3.0000,7.7500,10.2500,6.7857,13.6632,10.5544,15.2101,12.2564,13.8141,10.5796,15.3308,12.1841
78.0000,20.0000,4.0000,7.7500,10.2500,7.5560,13.5615,6.6248,16.0974,8.5936,13.7690,6.8259,16.1180,8.6496
78.0000,20.0000,5.0000,7.7500,10.2500,6.4948,7.0603,15.4110,10.0668,17.9762,7.3287,15.6192,10.1242,18.0283
78.0000,20.0000,6.0000,7.7500,10.2500,4.4020,10.4852,10.3652,13.4154,12.7689,10.5099,10.3896,13.3969,12.6790
82.0000,20.0000,0.0000,11.2500,11.2500,2.2694,9.7649,12.8236,12.0242,14.1591,9.8627,12.8378,12.0518,14.1349
82.0000,20.0000,1.0000,11.2500,11.2500,5.3072,7.3814,14.0940,8.6172,16.7964,7.3894,14.2979,8.5348,16.7360
82.0000,20.0000,2.0000,11.2500,11.2500,6.9195,4.4468,14.6166,7.4995,16.8355,4.4764,14.7134,7.3383,16.8503
82.0000,20.0000,3.0000,11.2500,11.2500,7.0575,12.5405,3.4128,13.7869,5.5011,12.5408,3.6009,13.6716,5.5684
82.0000,20.0000,4.0000,11.2500,11.2500,7.0068,12.3706,3.6672,14.8544,5.6397,12.4985,3.7690,14.9243,5.6648
84.0000,20.0000,0.0000,9.7500,10.7500,8.5252,13.7701,2.5405,15.3656,4.8928,13.8981,2.7558,15.4034,4.9751
84.0000,20.0000,1.0000,9.7500,10.7500,3.7069,5.4007,8.4082,7.4935,9.7261,5.5765,8.5322,7.5045,9.8142
84.0000,20.0000,2.0000,9.7500,10.7500,7.5890,6.9627,1.9974,8.6509,4.8307,7.4677,2.8218,8.1416,3.9776
84.0000,20.0000,3.0000,9.7500,10.7500,7.8356,15.5946,12.6147,18.0714,15.5868,15.5828,12.7058,17.8964,15.4912
84.0000,20.0000,4.0000,9.7500,10.7500,4.3177,4.9057,11.9497,7.2877,14.1528,5.7093,12.5948,6.8475,13.3788
84.0000,20.0000,5.0000,9.7500,10.7500,4.7850,13.4708,9.9351,15.4892,13.0122,13.9157,10.8584,14.9530,12.1053
84.0000,20.0000,6.0000,9.7500,10.7500,4.9353,10.7297,13.8345,12.4709,16.8161,11.2439,14.4682,11.7741,16.2113
84.0000,20.0000,7.0000,9.7500,10.7500,7.4875,13.9973,4.3949,16.8887,7.3785,14.0812,4.4301,16.7177,7.2221
85.0000,20.0000,0.0000,11.2500,11.2500,5.8568,8.8668,4.8871,10.9372,6.2139,9.2755,5.3176,10.5090,6.1725
85.0000,20.0000,1.0000,11.2500,11.2500,6.1683,12.8034,4.4974,15.8141,7.2896,12.7328,4.6305,15.5631,7.2880
85.0000,20.0000,2.0000,11.2500,11.2500,6.1901,10.9930,4.5011,13.2849,5.7470,11.1343,4.5438,13.3009,5.7705
85.0000,20.0000,3.0000,11.2500,11.2500,8.7268,15.0123,2.7818,17.1378,5.1750,14.8532,2.7740,16.8921,5.0600
85.0000,20.0000,4.0000,11.2500,11.2500,5.9811,9.2583,3.9729,11.0512,6.7673,9.4829,3.9910,11.1413,6.6222
87.0000,20.0000,0.0000,11.2500,11.2500,3.7806,7.7752,12.2349,9.0144,15.2211,7.8189,12.1933,8.9836,15.0349
87.0000,20.0000,1.0000,11.2500,11.2500,8.9512,14.3838,2.3766,17.0240,4.5946,14.4764,2.4475,16.8873,4.5668
87.0000,20.0000,2.0000,11.2500,11.2500,5.3982,7.1803,14.3746,8.8445,16.7645,7.3305,14.5123,8.9041,16.7167
87.0000,20.0000,3.0000,11.2500,11.2500,3.6594,11.3118,6.9977,13.4859,8.5536,11.3550,7.0837,13.4155,8.5722
87.0000,20.0000,4.0000,11.2500,11.2500,7.0563,8.8743,2.9289,11.9302,5.5607,9.1053,3.0278,11.9489,5.5462
87.0000,20.0000,5.0000,11.2500,11.2500,6.0904,4.9372,7.6650,6.9178,8.9142,4.9047,7.5204,6.8315,8.7467
87.0000,20.0000,6.0000,11.2500,11.2500,8.2079,12.5493,2.4374,15.2062,4.5109,12.6931,2.4048,15.2019,4.4211
87.0000,20.0000,7.0000,11.2500,11.2500,3.2264,10.0693,7.2231,11.7364,8.8616,10.5693,7.6369,11.4144,8.4862
88.0000,20.0000,0.0000,11.2500,11.2500,4.8612,6.5931,12.9992,7.9484,15.0855,6.7350,12.9541,8.0191,14.9515
88.0000,20.0000,1.0000,11.2500,11.2500,7.2413,15.3977,4.2692,16.7941,7.4689,15.2738,4.4048,16.6295,7.4875
88.0000,20.0000,2.0000,11.2500,11.2500,8.3493,1.9964,7.8960,4.4504,10.0070,2.2303,8.1242,4.5435,10.1052
88.0000,20.0000,3.0000,11.2500,11.2500,6.9445,9.3433,3.2798,11.2217,5.4667,9.2383,3.3264,11.0023,5.4055
88.0000,20.0000,4.0000,11.2500,11.2500,4.7748,13.9633,8.3844,17.1129,9.9150,14.0036,8.4694,17.0511,9.8792
88.0000,20.0000,5.0000,11.2500,11.2500,5.9137,4.3516,8.0436,7.1464,10.1155,4.1409,8.1005,6.8424,10.1420
89.0000,20.0000,0.0000,11.2500,10.2500,4.2095,14.1019,8.0606,16.6570,10.8056,14.2724,8.0708,16.6815,10.7132
89.0000,20.0000,1.0000,11.2500,10.2500,6.4629,13.5611,3.4465,15.7258,6.0528,14.2333,4.0360,15.1937,5.4597
89.0000,20.0000,2.0000,11.2500,10.2500,7.4578,4.3694,13.3175,5.6739,15.3868,4.3865,13.2732,5.6447,15.2887
89.0000,20.0000,3.0000,11.2500,10.2500,3.5639,13.8032,8.0439,15.5904,10.6442,13.7616,8.1144,15.5124,10.4609
89.0000,20.0000,4.0000,11.2500,10.2500,5.1836,15.4054,9.3988,17.4299,11.9159,15.3780,9.6545,17.3217,12.0186
89.0000,20.0000,5.0000,11.2500,10.2500,6.0226,7.9362,14.6311,9.6025,16.8450,8.3414,15.2071,9.1929,16.4148
89.0000,20.0000,6.0000,11.2500,10.2500,2.7385,8.6231,11.5356,11.7511,14.0121,8.6345,11.5150,11.6449,13.9097
89.0000,20.0000,7.0000,11.2500,10.2500,5.0504,4.8712,8.7794,7.5292,11.5626,5.0356,8.8033,7.5335,11.5413
89.0000,20.0000,8.0000,11.2500,10.2500,4.3090,6.1155,10.7287,8.3852,12.9776,6.2817,10.7351,8.4144,12.8903
0.0000,24.0000,0.0000,12.7500,13.2500,4.5591,15.9171,13.5750,17.8539,16.7631,15.8329,13.8268,17.6947,16.8450
0.0000,24.0000,1.0000,12.7500,13.2500,5.0584,6.3401,11.0627,9.2729,13.2930,6.3085,11.1374,9.0055,13.1114
0.0000,24.0000,2.0000,12.7500,13.2500,2.1226,10.4889,14.3926,13.0306,15.8623,10.5041,14.3762,13.0368,15.7672
0.0000,24.0000,3.0000,12.7500,13.2500,3.6960,12.5216,8.5528,14.0554,10.6342,12.5247,8.5743,14.0139,10.4822
0.0000,24.0000,4.0000,12.7500,13.2500,6.5705,9.7357,5.7185,12.5199,8.0473,9.6848,5.9598,12.2600,8.0907
0.0000,24.0000,5.0000,12.7500,13.2500,7.9177,13.7221,4.4196,15.4197,6.6695,14.2224,4.8455,15.3677,6.1493
0.0000,24.0000,6.0000,12.7500,13.2500,5.8207,13.8813,7.0245,15.3493,8.4481,13.8171,7.0685,15.2668,8.4496
1.0000,24.0000,0.0000,13.2500,13.2500,6.4543,15.4806,6.4512,17.7560,9.0374,15.5648,6.4391,17.6811,8.8929
1.0000,24.0000,1.0000,13.2500,13.2500,3.8265,15.6422,13.2085,18.1899,15.4841,16.1838,13.8310,17.7637,15.0511
1.0000,24.0000,2.0000,13.2500,13.2500,9.2642,12.7211,2.7537,14.2858,5.2248,12.6830,2.9599,14.1934,5.2611
1.0000,24.0000,3.0000,13.2500,13.2500,8.3798,15.5348,4.1916,16.7583,6.5818,15.7401,4.1702,16.9186,6.5016
1.0000,24.0000,4.0000,13.2500,13.2500,9.1678,13.0491,2.5419,14.7830,5.6710,13.1788,2.3554,14.8463,5.3575
1.0000,24.0000,5.0000,13.2500,13.2500,2.4322,9.5935,13.8273,12.7554,15.2087,9.6052,13.7865,12.6056,15.0651
1.0000,24.0000,6.0000,13.2500,13.2500,5.0838,7.2449,13.6173,9.6382,16.1835,7.2937,13.7674,9.5587,16.1176
1.0000,24.0000,7.0000,13.2500,13.2500,8.8958,3.3880,15.4561,6.5304,17.4931,3.5885,15.4626,6.4453,17.3841
8.0000,24.0000,0.0000,10.2500,13.2500,2.2473,11.4445,11.1389,13.1664,13.5436,11.4904,11.0897,13.1967,13.4620
8.0000,24.0000,1.0000,10.2500,13.2500,5.5616,14.2644,12.1142,17.3537,14.0468,14.2522,12.1369,17.0771,13.9968
8.0000,24.0000,2.0000,10.2500,13.2500,9.1409,6.0048,3.0722,8.4371,6.1789,5.8356,2.8841,8.1241,5.9535
8.0000,24.0000,3.0000,10.2500,13.2500,3.8929,12.8930,12.9357,15.2820,14.8733,12.8582,12.9661,15.1681,14.8035
8.0000,24.0000,4.0000,10.2500,13.2500,6.1252,14.1826,7.7675,15.7493,10.9150,14.3866,7.7351,15.8982,10.7017
8.0000,24.0000,5.0000,10.2500,13.2500,7.4823,2.1039,14.3010,4.0671,16.5137,2.0749,14.4582,3.9243,16.6072
8.0000,24.0000,6.0000,10.2500,13.2500,3.6734,7.5232,16.0563,10.5264,17.3697,7.5784,16.1135,10.3930,17.3551
8.0000,24.0000,7.0000,10.2500,13.2500,6.8092,1.8511,11.8475,5.0332,14.3763,2.0212,11.9916,5.0139,14.3292
8.0000,24.0000,8.0000,10.2500,13.2500,5.6300,14.4366,9.1143,15.6749,11.5200,14.7633,9.9163,15.4099,10.6791
9.0000,24.0000,0.0000,12.7500,9.2500,9.9218,3.2738,13.6963,6.3809,16.7493,3.2870,13.6558,6.2376,16.5562
9.0000,24.0000,1.0000,12.7500,9.2500,2.1809,10.4036,10.1408,13.0580,12.2153,10.4716,10.3554,12.9664,12.2771
9.0000,24.0000,2.0000,12.7500,9.2500,9.3414,5.5791,14.9760,7.9249,17.8469,5.5423,15.0938,7.7819,17.7534
9.0000,24.0000,3.0000,12.7500,9.2500,3.8361,8.8867,10.9766,10.5516,12.2263,9.3185,11.3064,9.9727,11.8148
9.0000,24.0000,4.0000,12.7500,9.2500,2.5278,11.5979,5.7024,13.3392,7.7735,11.5787,5.8127,13.2698,7.7750
9.0000,24.0000,5.0000,12.7500,9.2500,3.7456,9.6386,11.1275,11.8499,13.6990,9.6961,11.1465,11.8448,13.6504
9.0000,24.0000,6.0000,12.7500,9.2500,2.9976,11.8302,11.3520,14.3886,13.1000,11.7023,11.3226,14.2441,12.9366
12.0000,24.0000,0.0000,12.7500,12.7500,8.9433,3.5780,6.8508,6.5001,9.5887,3.4625,6.8481,6.2778,9.4618
12.0000,24.0000,1.0000,12.7500,12.7500,8.3348,4.5737,8.1084,5.7750,10.4408,4.9674,8.5958,5.5193,9.7953
12.0000,24.0000,2.0000,12.7500,12.7500,3.7406,15.1413,11.4354,17.8371,14.2641,15.9616,12.4130,16.9635,13.2975
12.0000,24.0000,3.0000,12.7500,12.7500,4.2657,11.3414,7.1336,14.0920,9.8351,12.1679,7.8103,13.1166,9.0337
12.0000,24.0000,4.0000,12.7500,12.7500,6.2868,11.0314,5.2658,13.4459,7.7022,11.1808,5.2655,13.4424,7.5541
12.0000,24.0000,5.0000,12.7500,12.7500,7.6426,4.4616,12.3163,5.8331,14.7445,4.8418,12.8975,5.2901,13.9148
12.0000,24.0000,6.0000,12.7500,12.7500,7.3408,15.0466,5.4163,16.8637,6.8756,15.0947,5.4718,16.8470,6.8410
12.0000,24.0000,7.0000,12.7500,12.7500,9.6628,11.2021,1.9004,13.9568,4.2770,11.3701,2.0074,13.9523,4.2291
14.0000,24.0000,0.0000,13.2500,13.2500,5.2883,7.0989,13.7095,9.2812,15.8647,7.6665,14.4514,8.7290,15.3768
14.0000,24.0000,1.0000,13.2500,13.2500,7.9953,12.4729,4.5048,14.5133,6.0121,12.4475,4.6692,14.3997,6.0597
14.0000,24.0000,2.0000,13.2500,13.2500,3.7950,9.8281,15.1946,11.8182,17.1406,9.8228,15.2304,11.7575,17.0483
14.0000,24.0000,3.0000,13.2500,13.2500,8.0541,13.0764,4.0153,15.3989,6.4980,13.2369,4.2407,15.4730,6.6195
14.0000,24.0000,4.0000,13.2500,13.2500,6.0820,11.4497,6.5037,13.1131,7.9876,11.7388,7.0377,12.7053,7.7141
17.0000,24.0000,0.0000,13.2500,13.2500,9.7396,2.9395,14.7334,4.7311,16.7560,3.0460,14.9223,4.7701,16.8539
17.0000,24.0000,1.0000,13.2500,13.2500,8.6021,13.6113,4.0898,16.5780,5.6062,13.4672,4.0223,16.1516,5.4813
17.0000,24.0000,2.0000,13.2500,13.2500,5.1037,6.9001,13.3147,9.7229,15.7613,7.9828,13.9896,8.7593,15.2890
17.0000,24.0000,3.0000,13.2500,13.2500,4.8453,8.5256,15.6287,11.4567,18.0424,9.3356,16.3730,10.3761,17.5818
17.0000,24.0000,4.0000,13.2500,13.2500,7.7919,5.0319,13.5886,6.3134,16.5436,4.9509,13.6728,6.2421,16.3927
17.0000,24.0000,5.0000,13.2500,13.2500,9.8552,2.1838,10.3113,4.8814,12.9047,2.2217,10.3640,4.8160,12.9653
17.0000,24.0000,6.0000,13.2500,13.2500,9.1663,2.9013,11.1424,5.3465,13.6438,2.7000,11.0908,4.9896,13.4228
17.0000,24.0000,7.0000,13.2500,13.2500,9.8036,3.0983,8.5341,5.5894,9.7708,3.1621,8.6387,5.5986,9.7494
24.0000,24.0000,0.0000,11.2500,12.7500,4.6964,6.1983,9.6000,7.5608,12.4617,6.2828,9.7513,7.5222,12.3788
24.0000,24.0000,1.0000,11.2500,12.7500,3.4423,9.5690,14.9971,11.9050,17.3106,9.6503,15.1088,11.9623,17.3160
24.0000,24.0000,2.0000,11.2500,12.7500,6.0827,15.1482,14.7271,18.2329,16.2136,15.2962,14.7879,18.2534,16.2074
24.0000,24.0000,3.0000,11.2500,12.7500,2.8055,13.1910,12.2523,14.8192,14.3062,13.5414,12.8311,14.4229,13.6890
24.0000,24.0000,4.0000,11.2500,12.7500,1.9273,8.6090,13.0218,10.6905,14.6265,9.2015,13.3684,10.1774,14.2799
24.0000,24.0000,5.0000,11.2500,12.7500,6.8131,3.6700,8.7697,6.2932,11.3918,3.7486,8.9135,6.1889,11.3035
24.0000,24.0000,6.0000,11.2500,12.7500,8.0222,2.8761,8.9505,4.3183,11.7367,2.8440,9.0143,4.2203,11.5236
24.0000,24.0000,7.0000,11.2500,12.7500,6.6222,3.4060,12.4558,5.9337,14.5344,3.4781,12.5059,5.8818,14.5231
25.0000,24.0000,0.0000,8.7500,13.2500,7.0525,14.7997,12.2876,16.7711,15.1928,14.7867,12.3573,16.6497,15.0986
25.0000,24.0000,1.0000,8.7500,13.2500,1.9351,5.6869,12.3539,7.9680,14.5855,5.7332,12.4474,7.8450,14.5938
25.0000,24.0000,2.0000,8.7500,13.2500,5.0456,12.3272,13.3865,14.7780,16.2077,12.3999,13.6474,14.7137,16.3467
25.0000,24.0000,3.0000,8.7500,13.2500,5.5089,1.8092,12.2221,4.6733,14.3599,1.9392,12.1449,4.6082,14.1678
25.0000,24.0000,5.0000,8.7500,13.2500,6.1038,12.4647,8.7338,15.4430,11.3861,12.4078,8.9753,15.3650,11.4101
27.0000,24.0000,0.0000,12.7500,12.7500,9.1125,14.7071,3.4565,17.1519,4.9638,14.8231,3.5000,17.0924,4.9171
27.0000,24.0000,1.0000,12.7500,12.7500,2.8931,13.3267,9.1583,16.1854,12.1725,13.3717,9.2979,16.1206,12.1522
27.0000,24.0000,2.0000,12.7500,12.7500,2.8520,8.5129,12.2090,11.2857,13.4655,8.5506,12.2522,11.2680,13.4836
27.0000,24.0000,3.0000,12.7500,12.7500,4.9731,15.5608,8.7890,17.9572,10.8257,15.5081,8.7675,17.8201,10.7202
27.0000,24.0000,4.0000,12.7500,12.7500,8.0501,14.2590,4.4295,16.0821,5.7155,14.6453,4.5731,15.3880,5.1946
27.0000,24.0000,5.0000,12.7500,12.7500,4.8224,9.6663,7.2193,11.9120,9.4691,9.5295,7.1927,11.7166,9.3218
29.0000,24.0000,0.0000,9.7500,11.2500,6.2773,2.8219,8.7738,4.3549,11.3265,2.9295,8.6388,4.3790,11.0827
29.0000,24.0000,1.0000,9.7500,11.2500,3.4431,12.4256,10.9206,13.8776,12.6451,12.5019,10.9631,13.8644,12.6445
29.0000,24.0000,2.0000,9.7500,11.2500,7.8365,15.0185,15.2478,16.9957,16.6883,15.5942,15.4960,16.5497,16.4788
29.0000,24.0000,3.0000,9.7500,11.2500,4.4532,8.7059,14.3993,10.9357,17.0060,8.7824,14.3763,10.8723,16.8797
29.0000,24.0000,4.0000,9.7500,11.2500,9.9400,15.0330,2.2706,17.6503,5.3493,15.6893,3.1051,16.8235,4.1014
29.0000,24.0000,5.0000,9.7500,11.2500,8.7674,3.4250,3.3025,5.5941,5.1398,3.4471,3.3783,5.4872,5.1294
29.0000,24.0000,6.0000,9.7500,11.2500,7.6140,14.9708,13.4713,18.0958,15.9454,15.6024,14.0889,17.5253,15.4962
29.0000,24.0000,7.0000,9.7500,11.2500,7.1941,15.3542,9.9407,18.5338,12.4623,15.3395,10.0090,18.4180,12.4738
29.0000,24.0000,8.0000,9.7500,11.2500,3.1965,9.5862,7.5014,12.0541,8.9744,9.5752,7.4444,11.9018,8.8499
30.0000,24.0000,1.0000,13.2500,13.2500,9.6962,13.6042,2.4064,16.3213,5.0063,13.7262,2.3094,16.3057,4.8348
30.0000,24.0000,2.0000,13.2500,13.2500,7.5773,14.0168,4.7282,16.9437,7.2886,13.9185,4.9199,16.7589,7.2577
30.0000,24.0000,3.0000,13.2500,13.2500,9.8098,2.9771,14.4608,4.2729,15.8295,3.0636,14.4782,4.3375,15.7087
30.0000,24.0000,4.0000,13.2500,13.2500,6.1367,13.4011,5.8536,15.8121,8.6766,13.5675,6.0067,15.8375,8.6797
30.0000,24.0000,5.0000,13.2500,13.2500,8.7911,9.4629,4.0963,11.5794,5.6901,9.3859,4.1214,11.3868,5.6820
31.0000,24.0000,0.0000,12.2500,12.2500,5.9749,13.7606,5.5000,16.1207,8.3304,13.9486,5.5174,16.1422,8.1151
31.0000,24.0000,1.0000,12.2500,12.2500,9.8095,2.8670,6.5053,4.2746,8.8519,2.7258,6.4704,4.1037,8.6855
31.0000,24.0000,2.0000,12.2500,12.2500,5.1351,6.6418,13.1867,8.8055,16.1636,6.7563,13.1061,8.8463,16.0300
31.0000,24.0000,3.0000,12.2500,12.2500,3.6413,9.8286,13.9769,11.2270,16.9397,9.8665,14.0275,11.1721,16.8205
31.0000,24.0000,4.0000,12.2500,12.2500,6.1708,6.1073,13.5708,7.4560,16.6479,6.2062,13.6570,7.4539,16.5615
31.0000,24.0000,5.0000,12.2500,12.2500,5.4218,15.5263,7.8886,17.2962,9.6602,15.6344,7.9739,17.3504,9.6560
31.0000,24.0000,6.0000,12.2500,12.2500,8.5966,3.8359,6.4916,6.6813,8.0040,4.0524,6.5652,6.7732,8.0220
31.0000,24.0000,7.0000,12.2500,12.2500,7.8130,4.0657,9.2686,5.3396,11.1911,4.1197,9.3662,5.3647,11.1760
32.0000,24.0000,0.0000,8.2500,11.7500,2.9439,9.9643,10.4590,12.3842,12.3626,10.0760,10.5826,12.3690,12.3968
32.0000,24.0000,1.0000,8.2500,11.7500,7.8826,3.1185,3.8205,4.4127,6.7140,2.9944,3.8839,4.2146,6.6233
32.0000,24.0000,2.0000,8.2500,11.7500,7.1257,14.2604,8.9945,16.0788,11.1033,14.3918,8.8687,16.1295,10.8411
32.0000,24.0000,3.0000,8.2500,11.7500,3.3038,9.1096,7.3935,10.7535,10.4187,9.1752,7.3471,10.7622,10.2234
32.0000,24.0000,4.0000,8.2500,11.7500,6.4840,12.7302,7.7456,15.4911,10.2063,12.8364,7.9923,15.4044,10.2664
37.0000,24.0000,0.0000,7.7500,13.2500,7.3715,13.2148,9.7525,16.3466,12.3168,13.3092,9.7193,16.3418,12.2077
37.0000,24.0000,1.0000,7.7500,13.2500,9.9335,11.9554,4.0127,13.9809,5.5821,11.9944,3.9950,13.9057,5.5603
37.0000,24.0000,3.0000,7.7500,13.2500,4.7187,10.9018,12.6809,14.0205,14.3534,11.0659,12.7047,13.9258,14.2977
37.0000,24.0000,4.0000,7.7500,13.2500,3.5191,3.5000,11.3681,5.2731,13.0619,4.0291,11.9776,4.8119,12.6641
37.0000,24.0000,5.0000,7.7500,13.2500,8.5886,14.9835,14.7706,16.5709,17.8380,14.9221,14.7777,16.4458,17.7935
37.0000,24.0000,6.0000,7.7500,13.2500,8.4630,15.0767,11.9516,17.3430,15.0106,15.0585,12.0096,17.2119,14.8970
37.0000,24.0000,7.0000,7.7500,13.2500,2.3053,8.7100,11.1484,11.0321,13.5455,8.8367,11.1801,10.9770,13.4259
41.0000,24.0000,0.0000,13.2500,13.2500,2.8642,12.5335,14.9799,13.7568,17.2446,12.5489,14.9895,13.7082,17.0992
41.0000,24.0000,1.0000,13.2500,13.2500,4.2849,9.0785,15.1892,12.1578,18.0735,9.5849,15.5477,11.8001,17.4464
41.0000,24.0000,2.0000,13.2500,13.2500,9.3994,2.4196,12.1631,5.3034,13.4315,2.6009,12.1275,5.4320,13.3226
41.0000,24.0000,3.0000,13.2500,13.2500,5.2938,7.1588,10.8282,8.8903,13.9764,7.0700,10.8755,8.7650,13.9440
43.0000,24.0000,0.0000,12.2500,11.7500,1.8711,10.5919,12.3875,11.9256,14.2865,10.5839,12.4254,11.8036,14.2680
43.0000,24.0000,1.0000,12.2500,11.7500,8.2797,3.0898,10.2520,4.8557,12.8480,3.7104,10.8978,4.5325,12.2391
43.0000,24.0000,2.0000,12.2500,11.7500,5.6364,9.6427,5.4658,11.7302,7.2038,9.6427,5.4697,11.5953,7.1413
43.0000,24.0000,3.0000,12.2500,11.7500,6.6997,5.1290,13.3058,6.9649,15.2571,5.0525,13.0862,6.8384,14.9369
43.0000,24.0000,4.0000,12.2500,11.7500,6.4430,5.0372,11.4138,6.7224,14.0184,4.8586,11.5450,6.5318,14.0678
43.0000,24.0000,5.0000,12.2500,11.7500,8.2053,7.2267,3.2579,9.1398,5.9889,7.6138,3.7857,8.7212,5.8034
44.0000,24.0000,1.0000,10.7500,13.2500,3.0446,9.8630,8.9469,11.5949,11.4642,9.9176,8.9495,11.5541,11.3225
44.0000,24.0000,2.0000,10.7500,13.2500,7.3930,1.8004,12.4670,4.9277,14.6758,2.8728,13.1889,4.0124,14.0011
44.0000,24.0000,3.0000,10.7500,13.2500,5.6091,8.6627,6.5175,11.8134,8.8110,8.7478,6.5699,11.7879,8.6994
44.0000,24.0000,4.0000,10.7500,13.2500,9.5676,4.8924,4.0236,6.5981,6.1679,4.9844,4.1850,6.6332,6.2031
44.0000,24.0000,5.0000,10.7500,13.2500,2.5986,8.3823,13.9110,10.1702,16.8695,8.4745,13.9351,10.1602,16.7174
48.0000,24.0000,0.0000,7.7500,10.2500,2.4118,8.8986,7.8950,10.3525,9.5725,8.8360,7.9141,10.2707,9.4924
48.0000,24.0000,1.0000,7.7500,10.2500,4.8351,11.3167,9.4322,13.7628,12.3892,11.3185,9.2516,13.6369,12.1709
48.0000,24.0000,2.0000,7.7500,10.2500,6.8434,5.5944,2.4727,8.7185,4.3920,5.7358,2.6166,8.6640,4.4223
48.0000,24.0000,3.0000,7.7500,10.2500,6.9254,3.3463,2.5539,6.2408,5.4209,3.4197,2.8838,6.2249,5.5416
48.0000,24.0000,4.0000,7.7500,10.2500,7.4108,11.7813,3.9456,14.7129,6.6141,11.9204,4.0407,14.7351,6.5363
48.0000,24.0000,5.0000,7.7500,10.2500,4.8957,3.4626,5.2390,5.3057,8.1506,3.4691,5.3340,5.2293,8.0772
48.0000,24.0000,6.0000,7.7500,10.2500,8.5830,14.3181,12.6038,17.1149,14.2844,14.3932,12.4930,17.1050,14.0727
49.0000,24.0000,0.0000,13.2500,13.2500,8.0727,11.2267,3.6214,13.6600,6.8140,11.3061,3.8492,13.5712,6.8534
49.0000,24.0000,1.0000,13.2500,13.2500,8.7161,3.6668,12.6092,5.4089,14.4172,3.8780,12.5137,5.5089,14.2535
49.0000,24.0000,2.0000,13.2500,13.2500,8.5604,12.6551,3.2445,15.3716,6.2029,12.6839,3.5072,15.2406,6.2158
49.0000,24.0000,3.0000,13.2500,13.2500,9.8321,12.8196,2.2950,14.1049,4.5453,12.8010,2.4583,14.0528,4.5454
49.0000,24.0000,4.0000,13.2500,13.2500,5.3873,10.0440,7.3900,13.0419,8.8906,10.0522,7.3772,12.9870,8.8441
51.0000,24.0000,0.0000,12.7500,9.2500,8.8325,3.2253,9.6769,4.7435,10.9935,3.0249,9.7565,4.4760,11.0627
51.0000,24.0000,1.0000,12.7500,9.2500,4.9420,13.4454,3.3364,14.7924,5.6663,13.4877,3.1863,14.8297,5.4166
51.0000,24.0000,2.0000,12.7500,9.2500,7.5954,4.3446,5.8525,6.6792,8.0426,4.5795,5.9323,6.7564,8.0299
51.0000,24.0000,3.0000,12.7500,9.2500,5.9456,12.1783,14.2003,14.5145,16.1310,12.2392,14.2454,14.4407,16.0162
51.0000,24.0000,4.0000,12.7500,9.2500,2.8848,11.8821,10.5527,13.3986,13.7127,11.8994,10.6179,13.3506,13.6841
51.0000,24.0000,5.0000,12.7500,9.2500,3.3737,9.4775,10.0320,11.1470,13.1325,9.4968,10.0754,11.1116,13.0036
51.0000,24.0000,6.0000,12.7500,9.2500,4.0992,12.4354,11.7388,14.8627,14.7599,12.4833,11.9406,14.8121,14.7125
58.0000,24.0000,0.0000,9.7500,10.7500,5.9453,12.7254,14.5252,14.0121,16.4090,12.7591,14.5971,13.9845,16.3514
58.0000,24.0000,1.0000,9.7500,10.7500,6.0826,14.1847,7.8870,16.6108,9.0957,14.4934,7.9997,16.8357,9.1163
58.0000,24.0000,2.0000,9.7500,10.7500,5.2395,12.0398,13.8403,14.7515,15.1860,12.6947,14.1995,14.0338,14.9357
58.0000,24.0000,3.0000,9.7500,10.7500,3.7161,11.1396,7.0723,12.8108,8.4753,11.1369,7.1141,12.7315,8.4582
58.0000,24.0000,4.0000,9.7500,10.7500,7.6727,3.2904,4.3721,5.2437,6.3933,3.4466,4.2918,5.2971,6.2170
58.0000,24.0000,5.0000,9.7500,10.7500,6.4562,5.8012,15.8021,8.8185,17.6524,5.7669,15.9369,8.5813,17.6401
58.0000,24.0000,6.0000,9.7500,10.7500,4.2777,5.2394,7.6122,7.2123,9.0381,5.2295,7.5600,7.1215,8.9513
58.0000,24.0000,7.0000,9.7500,10.7500,2.3013,11.0766,9.8308,13.0175,11.9470,11.1853,9.8172,13.0063,11.8093
58.0000,24.0000,8.0000,9.7500,10.7500,4.9863,6.5821,14.7607,9.3744,16.0612,6.8058,14.7968,9.3918,16.0114
59.0000,24.0000,0.0000,11.7500,13.2500,3.7259,13.8103,10.0862,15.2544,11.4577,13.8635,10.0826,15.2209,11.4136
59.0000,24.0000,2.0000,11.7500,13.2500,4.4148,15.2021,13.1505,16.6945,16.0809,15.0824,13.1676,16.4551,15.8733
59.0000,24.0000,3.0000,11.7500,13.2500,2.3151,13.2599,12.0516,14.8630,14.7095,13.3052,12.2225,14.8061,14.6740
59.0000,24.0000,4.0000,11.7500,13.2500,6.2139,13.6118,7.3051,16.6619,8.7753,13.5284,7.2503,16.4881,8.6325
59.0000,24.0000,5.0000,11.7500,13.2500,6.2420,11.8796,6.0029,13.5410,8.1616,12.3721,6.6142,13.1600,7.3986
59.0000,24.0000,6.0000,11.7500,13.2500,4.1446,10.6940,7.7904,12.1251,10.4485,10.7486,7.7876,12.1036,10.3544
62.0000,24.0000,0.0000,12.7500,9.2500,8.8400,2.5546,6.7773,5.5923,8.3386,3.5559,7.1243,4.3714,7.9690
62.0000,24.0000,1.0000,12.7500,9.2500,9.1816,3.3664,4.3623,5.2177,6.9921,3.6185,4.2914,5.3759,6.7981
62.0000,24.0000,2.0000,12.7500,9.2500,2.5181,10.1789,10.1354,13.1660,12.9165,10.2853,10.3327,13.0420,12.9571
62.0000,24.0000,3.0000,12.7500,9.2500,4.5365,8.5841,11.4181,9.8207,12.7367,8.8848,11.7625,9.3880,12.3897
62.0000,24.0000,4.0000,12.7500,9.2500,3.4626,14.4900,6.7350,17.3618,9.0057,14.6277,6.8108,17.2969,8.9882
62.0000,24.0000,5.0000,12.7500,9.2500,4.4636,16.3625,6.2331,17.6004,9.4258,16.3820,6.1947,17.5391,9.2835
66.0000,24.0000,0.0000,13.2500,13.2500,3.1368,15.2502,12.7499,17.4682,14.5805,15.2519,12.7283,17.4481,14.5450
66.0000,24.0000,1.0000,13.2500,13.2500,7.5252,5.3187,9.9541,6.6985,12.4515,5.5129,10.0774,6.8119,12.5161
66.0000,24.0000,2.0000,13.2500,13.2500,7.7566,14.5960,4.9790,16.0390,6.5690,14.5818,5.1303,16.0145,6.6460
66.0000,24.0000,3.0000,13.2500,13.2500,7.9950,4.1634,13.2607,6.5532,15.8013,4.1876,13.4190,6.4973,15.7336
66.0000,24.0000,4.0000,13.2500,13.2500,8.5340,4.0853,15.1293,6.2865,16.9566,4.1810,15.2141,6.2707,16.9076
66.0000,24.0000,5.0000,13.2500,13.2500,6.2413,5.5690,13.1976,8.7035,15.8137,6.4867,14.0858,7.8788,15.1982
66.0000,24.0000,6.0000,13.2500,13.2500,4.2128,11.2312,7.9176,13.2350,10.4060,11.8129,8.4656,12.7435,9.7300
68.0000,24.0000,0.0000,9.7500,10.7500,3.4575,6.0179,11.4562,8.0506,14.3236,6.1331,11.4553,8.0517,14.1597
68.0000,24.0000,1.0000,9.7500,10.7500,5.6859,14.6460,10.0004,16.2253,11.6063,14.8590,10.3831,15.8537,11.2007
68.0000,24.0000,2.0000,9.7500,10.7500,6.7209,2.1735,8.8509,3.9009,11.9862,2.2680,8.9813,3.8938,12.0387
68.0000,24.0000,3.0000,9.7500,10.7500,9.2383,15.7162,3.1826,17.5276,5.9686,15.5190,3.2942,17.3035,5.9765
68.0000,24.0000,4.0000,9.7500,10.7500,6.4888,11.3683,15.5572,14.1008,17.4661,11.3539,15.6281,14.0380,17.4626
68.0000,24.0000,5.0000,9.7500,10.7500,2.7126,8.2273,6.8660,10.8453,9.2256,8.4046,6.8955,10.8868,9.2322
68.0000,24.0000,6.0000,9.7500,10.7500,2.6992,11.0861,8.0635,12.5611,9.9805,11.6394,8.6038,12.1901,9.3586
68.0000,24.0000,7.0000,9.7500,10.7500,4.6944,12.8493,10.4868,16.0025,11.8448,13.3708,10.9180,15.1989,11.6156
68.0000,24.0000,8.0000,9.7500,10.7500,1.9767,7.4473,8.1652,9.8703,10.0383,7.5088,8.2345,9.8824,9.9876
69.0000,24.0000,0.0000,11.7500,10.2500,3.8478,9.3457,12.4690,10.8972,15.0034,9.4372,12.4446,10.8522,14.8526
69.0000,24.0000,1.0000,11.7500,10.2500,3.0404,12.7497,7.2432,15.0371,8.9442,12.7672,7.3481,15.0248,8.9979
69.0000,24.0000,2.0000,11.7500,10.2500,2.6148,8.9282,11.3671,11.3582,13.2587,8.9658,11.2765,11.2494,13.0507
69.0000,24.0000,3.0000,11.7500,10.2500,2.3985,11.9828,10.8956,14.9706,12.9337,12.0858,11.0137,14.9135,12.9016
69.0000,24.0000,4.0000,11.7500,10.2500,7.0656,3.6670,8.4379,5.8356,10.1221,4.2968,8.7610,5.2563,9.6311
69.0000,24.0000,5.0000,11.7500,10.2500,4.6311,15.7156,8.4746,16.9773,10.8939,15.7244,8.3828,16.9200,10.7501
69.0000,24.0000,6.0000,11.7500,10.2500,5.1681,15.6851,8.5808,18.0025,10.1733,15.7384,8.6411,17.9223,10.1590
69.0000,24.0000,7.0000,11.7500,10.2500,8.7056,2.3053,11.1962,4.2919,13.4799,2.3915,11.2996,4.3208,13.5264
76.0000,24.0000,0.0000,11.7500,11.7500,8.5513,14.0839,3.3237,16.8375,4.7679,14.1880,3.5366,16.8338,4.9420
76.0000,24.0000,1.0000,11.7500,11.7500,6.2126,5.1358,7.4300,8.1811,8.9505,5.2142,7.3403,8.1658,8.8769
76.0000,24.0000,2.0000,11.7500,11.7500,7.4363,3.3257,8.9086,5.5715,11.7708,3.4030,9.2391,5.5537,11.9193
76.0000,24.0000,3.0000,11.7500,11.7500,5.3139,14.4554,6.7791,16.5183,9.1649,14.4231,7.1055,16.3640,9.3448
76.0000,24.0000,4.0000,11.7500,11.7500,4.0324,6.5608,9.3752,9.1117,12.1831,6.5062,9.6092,8.9660,12.1876
76.0000,24.0000,5.0000,11.7500,11.7500,6.5573,9.0053,4.4030,11.5983,6.3062,8.7967,4.4856,11.2818,6.3292
78.0000,24.0000,0.0000,8.7500,11.7500,3.1672,10.6206,10.2403,13.1268,12.2146,10.7380,10.2824,13.1360,12.1340
78.0000,24.0000,1.0000,8.7500,11.7500,7.6381,14.5425,13.3677,16.8939,16.3885,14.5191,13.5133,16.7609,16.3603
78.0000,24.0000,2.0000,8.7500,11.7500,5.0164,12.1952,10.8019,15.3375,12.7462,12.2305,11.0007,15.2194,12.8494
78.0000,24.0000,3.0000,8.7500,11.7500,5.6971,13.6632,10.5544,15.2101,12.2564,13.6810,10.7036,15.1934,12.3391
78.0000,24.0000,4.0000,8.7500,11.7500,7.3557,13.5615,6.6248,16.0974,8.5936,13.6028,6.8132,15.9854,8.7047
78.0000,24.0000,5.0000,8.7500,11.7500,4.9471,7.0603,15.4110,10.0668,17.9762,7.2707,15.3713,10.0408,17.8136
78.0000,24.0000,6.0000,8.7500,11.7500,3.2055,10.4852,10.3652,13.4154,12.7689,10.6279,10.2985,13.3639,12.6032
82.0000,24.0000,0.0000,13.2500,13.2500,2.3678,9.7649,12.8236,12.0242,14.1591,9.8066,12.7648,11.9308,14.0585
82.0000,24.0000,1.0000,13.2500,13.2500,5.6911,7.3814,14.0940,8.6172,16.7964,7.3925,14.2860,8.5521,16.8750
82.0000,24.0000,2.0000,13.2500,13.2500,7.6866,4.4468,14.6166,7.4995,16.8355,4.5421,14.7644,7.4840,16.8990
82.0000,24.0000,3.0000,13.2500,13.2500,8.7935,12.5405,3.4128,13.7869,5.5011,12.6145,3.5287,13.7825,5.4723
82.0000,24.0000,4.0000,13.2500,13.2500,8.6041,12.3706,3.6672,14.8544,5.6397,12.5557,3.7742,14.8775,5.6109
84.0000,24.0000,0.0000,11.7500,11.7500,8.5132,13.7701,2.5405,15.3656,4.8928,13.6407,2.7638,15.1645,5.0404
84.0000,24.0000,1.0000,11.7500,11.7500,5.9429,5.4007,8.4082,7.4935,9.7261,5.3451,8.7181,7.3451,9.9512
84.0000,24.0000,2.0000,11.7500,11.7500,9.2215,6.9627,1.9974,8.6509,4.8307,7.6893,2.5781,8.4135,4.3504
84.0000,24.0000,3.0000,11.7500,11.7500,5.6002,15.5946,12.6147,18.0714,15.5868,15.6282,12.5483,18.0199,15.3261
84.0000,24.0000,4.0000,11.7500,11.7500,5.8011,4.9057,11.9497,7.2877,14.1528,5.3991,12.2309,6.6980,13.3436
84.0000,24.0000,5.0000,11.7500,11.7500,2.7439,13.4708,9.9351,15.4892,13.0122,14.1791,10.7565,14.8403,12.3293
84.0000,24.0000,6.0000,11.7500,11.7500,3.5784,10.7297,13.8345,12.4709,16.8161,11.1444,14.5205,12.0094,16.2612
84.0000,24.0000,7.0000,11.7500,11.7500,6.9294,13.9973,4.3949,16.8887,7.3785,13.9494,4.4689,16.6727,7.3890
85.0000,24.0000,0.0000,13.2500,13.2500,8.3959,8.8668,4.8871,10.9372,6.2139,9.3180,5.0549,10.2934,5.6513
85.0000,24.0000,1.0000,13.2500,13.2500,7.4323,12.8034,4.4974,15.8141,7.2896,12.7862,4.4631,15.6805,7.1961
85.0000,24.0000,2.0000,13.2500,13.2500,8.2015,10.9930,4.5011,13.2849,5.7470,11.1345,4.6123,13.3614,5.7905
85.0000,24.0000,3.0000,13.2500,13.2500,9.6924,15.0123,2.7818,17.1378,5.1750,15.1095,2.6373,17.1262,4.9464
85.0000,24.0000,4.0000,13.2500,13.2500,8.4660,9.2583,3.9729,11.0512,6.7673,9.1910,4.0781,10.9137,6.7732
87.0000,24.0000,0.0000,13.2500,13.2500,4.8787,7.7752,12.2349,9.0144,15.2211,7.8986,12.4042,9.0671,15.1839
87.0000,24.0000,2.0000,13.2500,13.2500,5.7282,7.1803,14.3746,8.8445,16.7645,7.1576,14.4343,8.7535,16.6645
87.0000,24.0000,3.0000,13.2500,13.2500,5.5401,11.3118,6.9977,13.4859,8.5536,11.2729,7.1530,13.3097,8.5749
87.0000,24.0000,4.0000,13.2500,13.2500,9.4448,8.8743,2.9289,11.9302,5.5607,8.8384,2.9085,11.7836,5.3333
87.0000,24.0000,5.0000,13.2500,13.2500,8.8445,4.9372,7.6650,6.9178,8.9142,5.1735,7.4592,7.0474,8.6328
87.0000,24.0000,6.0000,13.2500,13.2500,9.7960,12.5493,2.4374,15.2062,4.5109,12.5453,2.7125,15.0544,4.6949
87.0000,24.0000,7.0000,13.2500,13.2500,5.7122,10.0693,7.2231,11.7364,8.8616,10.4721,7.6671,11.2786,8.5839
88.0000,24.0000,0.0000,13.2500,13.2500,6.0315,6.5931,12.9992,7.9484,15.0855,6.5377,13.0627,7.8156,14.9674
88.0000,24.0000,1.0000,13.2500,13.2500,7.9106,15.3977,4.2692,16.7941,7.4689,15.2442,4.3266,16.5830,7.4067
88.0000,24.0000,3.0000,13.2500,13.2500,9.3596,9.3433,3.2798,11.2217,5.4667,9.2946,3.3838,11.0560,5.4970
88.0000,24.0000,4.0000,13.2500,13.2500,4.6955,13.9633,8.3844,17.1129,9.9150,14.0290,8.4886,16.9799,9.9167
88.0000,24.0000,5.0000,13.2500,13.2500,8.5824,4.3516,8.0436,7.1464,10.1155,4.4679,8.1647,7.0639,10.1338
0.0000,28.0000,0.0000,13.7500,15.2500,3.1365,15.9171,13.5750,17.8539,16.7631,16.0155,13.7258,17.8426,16.7678
0.0000,28.0000,1.0000,13.7500,15.2500,6.6906,6.3401,11.0627,9.2729,13.2930,6.6097,11.0334,9.3926,13.2131
0.0000,28.0000,2.0000,13.7500,15.2500,1.9940,10.4889,14.3926,13.0306,15.8623,10.5977,14.3506,12.9399,15.7542
0.0000,28.0000,3.0000,13.7500,15.2500,5.6753,12.5216,8.5528,14.0554,10.6342,12.6156,8.5733,14.0947,10.5530
0.0000,28.0000,4.0000,13.7500,15.2500,8.7684,9.7357,5.7185,12.5199,8.0473,9.9978,5.7389,12.5278,7.9769
0.0000,28.0000,5.0000,13.7500,15.2500,9.7401,13.7221,4.4196,15.4197,6.6695,14.2149,4.8121,15.0929,6.0446
0.0000,28.0000,6.0000,13.7500,15.2500,7.5634,13.8813,7.0245,15.3493,8.4481,13.7210,7.1267,15.1345,8.4808
1.0000,28.0000,0.0000,15.2500,15.2500,7.6294,15.4806,6.4512,17.7560,9.0374,15.3626,6.2172,17.4813,8.7742
1.0000,28.0000,1.0000,15.2500,15.2500,1.8953,15.6422,13.2085,18.1899,15.4841,16.1700,13.8148,17.6330,14.8612
1.0000,28.0000,3.0000,15.2500,15.2500,9.9040,15.5348,4.1916,16.7583,6.5818,15.5402,4.2699,16.6835,6.5403
1.0000,28.0000,5.0000,15.2500,15.2500,4.1408,9.5935,13.8273,12.7554,15.2087,9.7922,13.7618,12.7606,15.0831
1.0000,28.0000,6.0000,15.2500,15.2500,6.8174,7.2449,13.6173,9.6382,16.1835,7.4623,13.6258,9.6737,16.1246
8.0000,28.0000,0.0000,12.2500,14.7500,2.4094,11.4445,11.1389,13.1664,13.5436,11.5582,11.1593,13.2028,13.4963
8.0000,28.0000,1.0000,12.2500,14.7500,3.9312,14.2644,12.1142,17.3537,14.0468,14.4042,12.1405,17.3088,14.0056
8.0000,28.0000,3.0000,12.2500,14.7500,2.0227,12.8930,12.9357,15.2820,14.8733,13.0755,12.9511,15.2980,14.8132
8.0000,28.0000,4.0000,12.2500,14.7500,6.0523,14.1826,7.7675,15.7493,10.9150,14.2197,7.7818,15.7272,10.7868
8.0000,28.0000,5.0000,12.2500,14.7500,9.1881,2.1039,14.3010,4.0671,16.5137,2.1512,14.2493,3.9604,16.3843
8.0000,28.0000,6.0000,12.2500,14.7500,3.7756,7.5232,16.0563,10.5264,17.3697,7.6996,16.0711,10.5734,17.3309
8.0000,28.0000,7.0000,12.2500,14.7500,8.9589,1.8511,11.8475,5.0332,14.3763,1.9789,11.9706,4.9095,14.3424
8.0000,28.0000,8.0000,12.2500,14.7500,5.2462,14.4366,9.1143,15.6749,11.5200,14.7487,9.5054,15.3817,10.9864
12.0000,28.0000,2.0000,14.7500,14.7500,2.5760,15.1413,11.4354,17.8371,14.2641,15.6077,12.1439,17.3186,13.4950
12.0000,28.0000,3.0000,14.7500,14.7500,6.5873,11.3414,7.1336,14.0920,9.8351,12.1467,7.8821,13.5109,8.9883
12.0000,28.0000,4.0000,14.7500,14.7500,8.6391,11.0314,5.2658,13.4459,7.7022,10.8522,5.3874,13.1555,7.6602
12.0000,28.0000,5.0000,14.7500,14.7500,9.6798,4.4616,12.3163,5.8331,14.7445,4.6766,12.9067,5.4307,13.8843
12.0000,28.0000,6.0000,14.7500,14.7500,8.6881,15.0466,5.4163,16.8637,6.8756,14.9869,5.4477,16.7753,6.8115
14.0000,28.0000,0.0000,15.2500,15.2500,7.0751,7.0989,13.7095,9.2812,15.8647,7.8186,14.4255,8.5567,15.4089
14.0000,28.0000,2.0000,15.2500,15.2500,4.5210,9.8281,15.1946,11.8182,17.1406,9.9379,15.2397,11.8323,17.1781
14.0000,28.0000,4.0000,15.2500,15.2500,8.5371,11.4497,6.5037,13.1131,7.9876,11.8589,7.0418,12.5907,7.6653
17.0000,28.0000,2.0000,15.2500,15.2500,6.9749,6.9001,13.3147,9.7229,15.7613,7.4742,14.0378,8.9156,15.1675
17.0000,28.0000,3.0000,15.2500,15.2500,5.4927,8.5256,15.6287,11.4567,18.0424,9.2464,16.1226,10.9381,17.4938
17.0000,28.0000,4.0000,15.2500,15.2500,9.5791,5.0319,13.5886,6.3134,16.5436,4.9236,13.9348,6.1359,16.7801
25.0000,28.0000,0.0000,10.7500,15.2500,5.2569,14.7997,12.2876,16.7711,15.1928,14.8401,12.2663,16.8035,15.0583
25.0000,28.0000,1.0000,10.7500,15.2500,4.3076,5.6869,12.3539,7.9680,14.5855,5.7966,12.3423,7.9711,14.4522
25.0000,28.0000,2.0000,10.7500,15.2500,2.8390,12.3272,13.3865,14.7780,16.2077,12.3309,13.4989,14.7147,16.2041
25.0000,28.0000,3.0000,10.7500,15.2500,7.7601,1.8092,12.2221,4.6733,14.3599,1.9408,12.2715,4.5518,14.2808
25.0000,28.0000,5.0000,10.7500,15.2500,6.0993,12.4647,8.7338,15.4430,11.3861,12.4397,8.7323,15.2334,11.2126
27.0000,28.0000,1.0000,14.7500,14.7500,4.0846,13.3267,9.1583,16.1854,12.1725,13.2499,9.2568,16.0539,12.0858
27.0000,28.0000,2.0000,14.7500,14.7500,5.2142,8.5129,12.2090,11.2857,13.4655,8.5125,12.3361,11.1130,13.5578
27.0000,28.0000,3.0000,14.7500,14.7500,5.3353,15.5608,8.7890,17.9572,10.8257,15.7706,8.9458,18.0056,10.9101
27.0000,28.0000,4.0000,14.7500,14.7500,9.6867,14.2590,4.4295,16.0821,5.7155,14.8105,4.9082,15.7874,5.3232
27.0000,28.0000,5.0000,14.7500,14.7500,7.5314,9.6663,7.2193,11.9120,9.4691,9.5882,7.4653,11.7783,9.6191
29.0000,28.0000,0.0000,11.7500,13.2500,8.7664,2.8219,8.7738,4.3549,11.3265,2.7364,8.9284,4.2254,11.3867
29.0000,28.0000,1.0000,11.7500,13.2500,2.0290,12.4256,10.9206,13.8776,12.6451,12.3557,10.9255,13.7138,12.5586
29.0000,28.0000,2.0000,11.7500,13.2500,5.0508,15.0185,15.2478,16.9957,16.6883,15.5891,15.5645,16.3655,16.1628
29.0000,28.0000,3.0000,11.7500,13.2500,3.1205,8.7059,14.3993,10.9357,17.0060,8.7803,14.4153,10.9406,16.8930
29.0000,28.0000,6.0000,11.7500,13.2500,5.0007,14.9708,13.4713,18.0958,15.9454,15.8827,14.0625,17.0943,15.1868
29.0000,28.0000,7.0000,11.7500,13.2500,5.5833,15.3542,9.9407,18.5338,12.4623,15.3782,10.0549,18.3742,12.4292
29.0000,28.0000,8.0000,11.7500,13.2500,5.0976,9.5862,7.5014,12.0541,8.9744,9.7133,7.6286,12.0068,9.0272
30.0000,28.0000,2.0000,15.2500,15.2500,9.2445,14.0168,4.7282,16.9437,7.2886,14.1228,4.8415,16.8281,7.3070
30.0000,28.0000,4.0000,15.2500,15.2500,8.0108,13.4011,5.8536,15.8121,8.6766,13.6405,5.8648,15.8723,8.5035
31.0000,28.0000,0.0000,14.2500,14.2500,7.3672,13.7606,5.5000,16.1207,8.3304,13.9851,5.5993,16.2115,8.1845
31.0000,28.0000,2.0000,14.2500,14.2500,6.5402,6.6418,13.1867,8.8055,16.1636,6.6501,13.4163,8.7438,16.3154
31.0000,28.0000,3.0000,14.2500,14.2500,3.9134,9.8286,13.9769,11.2270,16.9397,9.8276,13.9699,11.1643,16.8472
31.0000,28.0000,4.0000,14.2500,14.2500,7.5177,6.1073,13.5708,7.4560,16.6479,6.0685,13.6672,7.3763,16.6691
31.0000,28.0000,5.0000,14.2500,14.2500,5.8867,15.5263,7.8886,17.2962,9.6602,15.7296,7.9239,17.3809,9.6334
41.0000,28.0000,0.0000,15.2500,15.2500,2.2746,12.5335,14.9799,13.7568,17.2446,12.4872,14.9416,13.5992,17.1361
41.0000,28.0000,1.0000,15.2500,15.2500,4.8334,9.0785,15.1892,12.1578,18.0735,10.1489,15.6251,11.3158,17.4582
41.0000,28.0000,3.0000,15.2500,15.2500,7.7664,7.1588,10.8282,8.8903,13.9764,7.2391,10.9870,8.8958,13.9242
44.0000,28.0000,1.0000,12.7500,14.7500,4.9736,9.8630,8.9469,11.5949,11.4642,9.8048,8.9342,11.5155,11.2820
44.0000,28.0000,2.0000,12.7500,14.7500,9.4597,1.8004,12.4670,4.9277,14.6758,2.2531,12.9277,4.2111,13.9376
44.0000,28.0000,3.0000,12.7500,14.7500,7.5178,8.6627,6.5175,11.8134,8.8110,8.7982,6.6567,11.7798,8.9025
44.0000,28.0000,5.0000,12.7500,14.7500,3.5322,8.3823,13.9110,10.1702,16.8695,8.3230,13.8528,10.1163,16.8494
48.0000,28.0000,0.0000,9.7500,12.2500,3.5185,8.8986,7.8950,10.3525,9.5725,9.0009,7.8650,10.3864,9.4109
48.0000,28.0000,1.0000,9.7500,12.2500,3.0946,11.3167,9.4322,13.7628,12.3892,11.3595,9.5385,13.6611,12.2560
48.0000,28.0000,2.0000,9.7500,12.2500,9.1912,5.5944,2.4727,8.7185,4.3920,5.5277,2.6452,8.5185,4.4132
48.0000,28.0000,3.0000,9.7500,12.2500,9.6352,3.3463,2.5539,6.2408,5.4209,3.5221,2.5045,6.2693,5.2114
48.0000,28.0000,4.0000,9.7500,12.2500,7.7982,11.7813,3.9456,14.7129,6.6141,11.7443,3.9222,14.5567,6.4836
48.0000,28.0000,5.0000,9.7500,12.2500,7.7235,3.4626,5.2390,5.3057,8.1506,3.5618,5.3710,5.3496,8.1313
48.0000,28.0000,6.0000,9.7500,12.2500,6.0848,14.3181,12.6038,17.1149,14.2844,14.3211,12.3941,17.0131,13.9501
49.0000,28.0000,4.0000,15.2500,15.2500,8.0182,10.0440,7.3900,13.0419,8.8906,10.3415,7.3504,13.1615,8.7895
51.0000,28.0000,1.0000,14.7500,11.2500,6.7781,13.4454,3.3364,14.7924,5.6663,13.5007,3.4643,14.7776,5.6910
51.0000,28.0000,3.0000,14.7500,11.2500,4.1596,12.1783,14.2003,14.5145,16.1310,12.2743,14.2331,14.5436,16.0777
51.0000,28.0000,4.0000,14.7500,11.2500,2.2869,11.8821,10.5527,13.3986,13.7127,11.9003,10.5805,13.3664,13.5964
51.0000,28.0000,5.0000,14.7500,11.2500,4.4502,9.4775,10.0320,11.1470,13.1325,9.5559,10.1678,11.1559,13.0574
51.0000,28.0000,6.0000,14.7500,11.2500,2.2824,12.4354,11.7388,14.8627,14.7599,12.5637,11.8737,14.8254,14.8505
66.0000,28.0000,0.0000,15.2500,15.2500,1.9344,15.2502,12.7499,17.4682,14.5805,15.2562,12.8118,17.3446,14.5372
66.0000,28.0000,2.0000,15.2500,15.2500,9.4762,14.5960,4.9790,16.0390,6.5690,14.5197,4.8986,15.9187,6.4121
66.0000,28.0000,3.0000,15.2500,15.2500,9.9178,4.1634,13.2607,6.5532,15.8013,4.3992,13.1299,6.6604,15.5732
66.0000,28.0000,5.0000,15.2500,15.2500,8.1478,5.5690,13.1976,8.7035,15.8137,6.1078,13.7073,7.8548,15.0835
66.0000,28.0000,6.0000,15.2500,15.2500,6.7947,11.2312,7.9176,13.2350,10.4060,11.9002,8.4560,12.7932,10.0172
68.0000,28.0000,0.0000,11.7500,11.7500,4.8516,6.0179,11.4562,8.0506,14.3236,6.1421,11.4457,8.1167,14.1816
68.0000,28.0000,1.0000,11.7500,11.7500,3.8053,14.6460,10.0004,16.2253,11.6063,15.0157,10.3549,15.8117,11.1922
68.0000,28.0000,2.0000,11.7500,11.7500,8.8139,2.1735,8.8509,3.9009,11.9862,2.3672,9.0193,3.9588,12.0652
68.0000,28.0000,3.0000,11.7500,11.7500,8.6722,15.7162,3.1826,17.5276,5.9686,16.1646,3.2584,17.8849,5.8191
68.0000,28.0000,4.0000,11.7500,11.7500,4.8624,11.3683,15.5572,14.1008,17.4661,11.4483,15.7052,14.0588,17.5587
68.0000,28.0000,5.0000,11.7500,11.7500,4.3153,8.2273,6.8660,10.8453,9.2256,8.1432,6.9032,10.6353,9.1820
68.0000,28.0000,6.0000,11.7500,11.7500,2.7290,11.0861,8.0635,12.5611,9.9805,11.6164,8.5885,12.1570,9.6550
68.0000,28.0000,7.0000,11.7500,11.7500,2.7389,12.8493,10.4868,16.0025,11.8448,13.5360,10.8565,15.3746,11.4896
68.0000,28.0000,8.0000,11.7500,11.7500,4.0705,7.4473,8.1652,9.8703,10.0383,7.5389,8.2817,9.9042,10.0730
76.0000,28.0000,0.0000,13.7500,13.7500,9.8538,14.0839,3.3237,16.8375,4.7679,14.1479,3.5759,16.7505,4.9518
76.0000,28.0000,1.0000,13.7500,13.7500,9.0112,5.1358,7.4300,8.1811,8.9505,5.1455,7.3505,8.0911,8.7958
76.0000,28.0000,2.0000,13.7500,13.7500,9.9069,3.3257,8.9086,5.5715,11.7708,3.4770,9.0611,5.6209,11.7449
76.0000,28.0000,3.0000,13.7500,13.7500,6.0334,14.4554,6.7791,16.5183,9.1649,14.7054,6.8075,16.6608,9.0887
76.0000,28.0000,4.0000,13.7500,13.7500,6.6180,6.5608,9.3752,9.1117,12.1831,6.5218,9.4419,9.0384,12.1672
76.0000,28.0000,5.0000,13.7500,13.7500,9.0760,9.0053,4.4030,11.5983,6.3062,9.2740,4.5297,11.6109,6.3395
78.0000,28.0000,0.0000,9.7500,12.7500,2.6131,10.6206,10.2403,13.1268,12.2146,10.6677,10.2781,13.0940,12.1053
78.0000,28.0000,1.0000,9.7500,12.7500,6.3362,14.5425,13.3677,16.8939,16.3885,14.5154,13.4948,16.6751,16.4503
78.0000,28.0000,2.0000,9.7500,12.7500,4.1333,12.1952,10.8019,15.3375,12.7462,12.3374,10.7286,15.2591,12.6639
78.0000,28.0000,3.0000,9.7500,12.7500,4.8757,13.6632,10.5544,15.2101,12.2564,13.4938,10.5118,14.9786,12.1467
78.0000,28.0000,4.0000,9.7500,12.7500,7.2270,13.5615,6.6248,16.0974,8.5936,13.5492,6.6377,15.8978,8.4979
78.0000,28.0000,5.0000,9.7500,12.7500,4.1182,7.0603,15.4110,10.0668,17.9762,7.2400,15.5237,10.1047,17.9812
78.0000,28.0000,6.0000,9.7500,12.7500,2.4981,10.4852,10.3652,13.4154,12.7689,10.4712,10.4291,13.3089,12.7809
82.0000,28.0000,0.0000,15.2500,15.2500,4.6971,9.7649,12.8236,12.0242,14.1591,9.7552,12.9851,11.9432,14.2750
82.0000,28.0000,1.0000,15.2500,15.2500,7.2533,7.3814,14.0940,8.6172,16.7964,7.4513,14.2958,8.5946,16.7869
82.0000,28.0000,2.0000,15.2500,15.2500,9.2890,4.4468,14.6166,7.4995,16.8355,4.4311,14.8029,7.3889,16.9355
85.0000,28.0000,1.0000,15.2500,15.2500,9.4037,12.8034,4.4974,15.8141,7.2896,12.9264,4.8552,15.9041,7.4619
87.0000,28.0000,0.0000,15.2500,15.2500,7.0222,7.7752,12.2349,9.0144,15.2211,7.8190,12.4292,9.0104,15.3111
87.0000,28.0000,2.0000,15.2500,15.2500,7.2446,7.1803,14.3746,8.8445,16.7645,7.3382,14.4013,8.9324,16.6308
87.0000,28.0000,3.0000,15.2500,15.2500,7.9997,11.3118,6.9977,13.4859,8.5536,11.2192,7.0513,13.2589,8.5274
87.0000,28.0000,7.0000,15.2500,15.2500,8.4171,10.0693,7.2231,11.7364,8.8616,10.4825,7.7312,11.4010,8.3213
88.0000,28.0000,0.0000,15.2500,15.2500,8.0701,6.5931,12.9992,7.9484,15.0855,6.6166,13.0444,7.9055,15.0464
88.0000,28.0000,1.0000,15.2500,15.2500,9.4190,15.3977,4.2692,16.7941,7.4689,15.4714,4.5297,16.7916,7.4939
88.0000,28.0000,4.0000,15.2500,15.2500,6.1071,13.9633,8.3844,17.1129,9.9150,13.8937,8.3492,16.7931,9.7918
0.0000,32.0000,0.0000,15.7500,17.2500,2.3706,15.9171,13.5750,17.8539,16.7631,15.8650,13.6033,17.7093,16.5995
0.0000,32.0000,1.0000,15.7500,17.2500,9.4248,6.3401,11.0627,9.2729,13.2930,6.4584,11.1216,9.1813,13.1422
0.0000,32.0000,2.0000,15.7500,17.2500,4.5196,10.4889,14.3926,13.0306,15.8623,10.5700,14.4868,13.0536,15.8607
0.0000,32.0000,3.0000,15.7500,17.2500,8.0425,12.5216,8.5528,14.0554,10.6342,12.6138,8.8211,14.0924,10.8866
0.0000,32.0000,6.0000,15.7500,17.2500,9.5812,13.8813,7.0245,15.3493,8.4481,13.8585,7.0933,15.2581,8.4343
12.0000,32.0000,2.0000,16.7500,16.7500,3.9090,15.1413,11.4354,17.8371,14.2641,15.9184,12.2890,17.0560,13.4950
12.0000,32.0000,3.0000,16.7500,16.7500,9.1972,11.3414,7.1336,14.0920,9.8351,12.2888,7.7743,13.1687,9.3103
14.0000,32.0000,0.0000,17.2500,17.2500,9.3887,7.0989,13.7095,9.2812,15.8647,7.9019,14.3791,8.6540,15.3925
14.0000,32.0000,2.0000,17.2500,17.2500,6.5174,9.8281,15.1946,11.8182,17.1406,9.8797,15.1929,11.7172,16.9871
17.0000,32.0000,2.0000,17.2500,17.2500,9.3409,6.9001,13.3147,9.7229,15.7613,7.7678,13.8382,9.1368,15.0956
17.0000,32.0000,3.0000,17.2500,17.2500,7.2707,8.5256,15.6287,11.4567,18.0424,9.4199,16.3634,10.6553,17.6002
27.0000,32.0000,1.0000,16.7500,16.7500,6.4030,13.3267,9.1583,16.1854,12.1725,13.2053,9.2430,15.9127,12.0930
27.0000,32.0000,2.0000,16.7500,16.7500,7.8893,8.5129,12.2090,11.2857,13.4655,8.6934,12.2869,11.3709,13.4719
27.0000,32.0000,3.0000,16.7500,16.7500,6.9427,15.5608,8.7890,17.9572,10.8257,15.3924,8.7122,17.7088,10.6605
29.0000,32.0000,1.0000,13.7500,15.2500,3.5184,12.4256,10.9206,13.8776,12.6451,12.4573,10.9809,13.8228,12.6581
29.0000,32.0000,2.0000,13.7500,15.2500,2.3686,15.0185,15.2478,16.9957,16.6883,15.6986,15.5049,16.2998,16.1713
29.0000,32.0000,3.0000,13.7500,15.2500,3.9552,8.7059,14.3993,10.9357,17.0060,8.7788,14.4298,10.8969,16.8866
29.0000,32.0000,6.0000,13.7500,15.2500,2.8355,14.9708,13.4713,18.0958,15.9454,15.8210,14.2419,17.3916,15.5056
29.0000,32.0000,7.0000,13.7500,15.2500,5.1567,15.3542,9.9407,18.5338,12.4623,15.3621,9.9083,18.4121,12.3059
29.0000,32.0000,8.0000,13.7500,15.2500,7.5996,9.5862,7.5014,12.0541,8.9744,9.5498,7.6386,11.8819,9.0562
31.0000,32.0000,0.0000,16.2500,16.2500,9.4262,13.7606,5.5000,16.1207,8.3304,13.7232,5.5212,15.8768,8.1594
31.0000,32.0000,2.0000,16.2500,16.2500,8.6706,6.6418,13.1867,8.8055,16.1636,6.5936,13.2217,8.6630,16.1553
31.0000,32.0000,3.0000,16.2500,16.2500,5.7767,9.8286,13.9769,11.2270,16.9397,9.7899,14.0416,11.1090,16.9000
31.0000,32.0000,4.0000,16.2500,16.2500,9.5368,6.1073,13.5708,7.4560,16.6479,6.2114,13.7662,7.5059,16.6780
31.0000,32.0000,5.0000,16.2500,16.2500,7.4773,15.5263,7.8886,17.2962,9.6602,15.3820,7.8189,17.0446,9.5319
41.0000,32.0000,0.0000,17.2500,17.2500,4.2596,12.5335,14.9799,13.7568,17.2446,12.6049,15.0577,13.7744,17.2363
41.0000,32.0000,1.0000,17.2500,17.2500,6.6606,9.0785,15.1892,12.1578,18.0735,9.9414,16.0104,11.0960,17.2531
44.0000,32.0000,1.0000,14.7500,16.2500,7.2598,9.8630,8.9469,11.5949,11.4642,10.0261,8.8438,11.6438,11.3237
44.0000,32.0000,3.0000,14.7500,16.2500,9.6991,8.6627,6.5175,11.8134,8.8110,8.6467,6.6530,11.7050,8.8873
44.0000,32.0000,5.0000,14.7500,16.2500,5.5408,8.3823,13.9110,10.1702,16.8695,8.4844,13.8073,10.1606,16.5593
48.0000,32.0000,0.0000,11.7500,14.2500,5.9112,8.8986,7.8950,10.3525,9.5725,8.7866,7.8572,10.1968,9.4648
48.0000,32.0000,1.0000,11.7500,14.2500,3.4314,11.3167,9.4322,13.7628,12.3892,11.3990,9.5447,13.7241,12.4322
48.0000,32.0000,4.0000,11.7500,14.2500,9.0942,11.7813,3.9456,14.7129,6.6141,11.7771,3.8587,14.5314,6.4541
48.0000,32.0000,6.0000,11.7500,14.2500,4.0475,14.3181,12.6038,17.1149,14.2844,14.5407,12.6347,17.1246,14.2450
66.0000,32.0000,0.0000,17.2500,17.2500,3.6938,15.2502,12.7499,17.4682,14.5805,15.3214,12.8754,17.4161,14.6035
66.0000,32.0000,6.0000,17.2500,17.2500,9.5178,11.2312,7.9176,13.2350,10.4060,11.5900,8.6578,12.7990,10.2166
68.0000,32.0000,0.0000,13.7500,13.7500,6.7706,6.0179,11.4562,8.0506,14.3236,6.1689,11.5754,8.0428,14.3343
68.0000,32.0000,1.0000,13.7500,13.7500,3.3947,14.6460,10.0004,16.2253,11.6063,15.0095,10.3366,15.9772,11.1422
68.0000,32.0000,3.0000,13.7500,13.7500,9.6134,15.7162,3.1826,17.5276,5.9686,15.7307,3.1905,17.4635,5.7922
68.0000,32.0000,4.0000,13.7500,13.7500,2.9424,11.3683,15.5572,14.1008,17.4661,11.4206,15.6537,14.0561,17.3964
68.0000,32.0000,5.0000,13.7500,13.7500,7.0918,8.2273,6.8660,10.8453,9.2256,8.3371,6.9423,10.8259,9.1080
68.0000,32.0000,6.0000,13.7500,13.7500,5.1054,11.0861,8.0635,12.5611,9.9805,11.2107,8.4551,12.0838,9.4628
68.0000,32.0000,7.0000,13.7500,13.7500,2.6711,12.8493,10.4868,16.0025,11.8448,13.5330,10.8822,15.2318,11.4862
68.0000,32.0000,8.0000,13.7500,13.7500,6.8940,7.4473,8.1652,9.8703,10.0383,7.5062,8.1246,9.7997,9.9517
76.0000,32.0000,3.0000,15.7500,15.7500,7.7825,14.4554,6.7791,16.5183,9.1649,14.3702,6.7076,16.3974,8.9429
76.0000,32.0000,4.0000,15.7500,15.7500,9.3454,6.5608,9.3752,9.1117,12.1831,6.6177,9.3569,8.9768,12.0293
78.0000,32.0000,0.0000,11.7500,14.2500,3.0251,10.6206,10.2403,13.1268,12.2146,10.6617,10.2120,13.0294,12.0914
78.0000,32.0000,1.0000,11.7500,14.2500,4.0176,14.5425,13.3677,16.8939,16.3885,14.5568,13.3985,16.7313,16.2806
78.0000,32.0000,2.0000,11.7500,14.2500,3.1932,12.1952,10.8019,15.3375,12.7462,12.2435,10.9209,15.2632,12.7498
78.0000,32.0000,3.0000,11.7500,14.2500,3.9128,13.6632,10.5544,15.2101,12.2564,13.5910,10.4862,15.1018,12.0833
78.0000,32.0000,4.0000,11.7500,14.2500,7.3201,13.5615,6.6248,16.0974,8.5936,13.6302,6.7979,16.0358,8.6368
78.0000,32.0000,5.0000,11.7500,14.2500,4.0156,7.0603,15.4110,10.0668,17.9762,7.0911,15.4165,9.8530,17.8394
78.0000,32.0000,6.0000,11.7500,14.2500,2.6904,10.4852,10.3652,13.4154,12.7689,10.5602,10.5485,13.3650,12.8982
82.0000,32.0000,0.0000,17.2500,17.2500,7.3837,9.7649,12.8236,12.0242,14.1591,9.8393,13.0106,11.9907,14.2909
82.0000,32.0000,1.0000,17.2500,17.2500,9.4251,7.3814,14.0940,8.6172,16.7964,7.3122,14.2867,8.4872,16.8471
87.0000,32.0000,0.0000,17.2500,17.2500,9.5299,7.7752,12.2349,9.0144,15.2211,7.5926,12.4469,8.7765,15.3139
87.0000,32.0000,2.0000,17.2500,17.2500,9.3892,7.1803,14.3746,8.8445,16.7645,7.2033,14.3268,8.7621,16.5491
88.0000,32.0000,4.0000,17.2500,17.2500,8.2792,13.9633,8.3844,17.1129,9.9150,13.9614,8.2771,16.8795,9.7666
0.0000,36.0000,0.0000,17.7500,17.7500,2.7219,15.9171,13.5750,17.8539,16.7631,16.0339,13.6999,17.8590,16.6884
0.0000,36.0000,2.0000,17.7500,17.7500,6.5392,10.4889,14.3926,13.0306,15.8623,10.5897,14.2417,12.9053,15.6407
0.0000,36.0000,3.0000,17.7500,17.7500,9.2970,12.5216,8.5528,14.0554,10.6342,12.6391,8.4441,14.0937,10.4459
31.0000,36.0000,3.0000,18.2500,18.2500,8.2113,9.8286,13.9769,11.2270,16.9397,10.0093,13.8907,11.3542,16.6726
31.0000,36.0000,5.0000,18.2500,18.2500,9.6524,15.5263,7.8886,17.2962,9.6602,15.5272,8.0451,17.1745,9.7524
44.0000,36.0000,1.0000,16.7500,17.2500,9.2670,9.8630,8.9469,11.5949,11.4642,9.8554,8.7457,11.5247,11.1857
44.0000,36.0000,5.0000,16.7500,17.2500,7.7016,8.3823,13.9110,10.1702,16.8695,8.3475,13.9062,10.1126,16.6869
48.0000,36.0000,0.0000,13.7500,15.2500,7.7119,8.8986,7.8950,10.3525,9.5725,8.8396,7.8812,10.2254,9.4730
48.0000,36.0000,1.0000,13.7500,15.2500,4.5049,11.3167,9.4322,13.7628,12.3892,11.3815,9.5854,13.6612,12.4511
48.0000,36.0000,4.0000,13.7500,15.2500,9.9828,11.7813,3.9456,14.7129,6.6141,12.2392,3.8882,14.9157,6.4063
48.0000,36.0000,6.0000,13.7500,15.2500,2.6699,14.3181,12.6038,17.1149,14.2844,14.3433,12.5475,16.9553,14.1895
68.0000,36.0000,0.0000,15.7500,15.7500,9.1730,6.0179,11.4562,8.0506,14.3236,5.9760,11.5224,7.8857,14.2398
68.0000,36.0000,1.0000,15.7500,15.7500,4.9566,14.6460,10.0004,16.2253,11.6063,15.0384,10.6610,15.7206,11.1879
68.0000,36.0000,4.0000,15.7500,15.7500,3.1102,11.3683,15.5572,14.1008,17.4661,11.3933,15.4461,14.0496,17.2427
68.0000,36.0000,5.0000,15.7500,15.7500,9.8977,8.2273,6.8660,10.8453,9.2256,8.2738,6.7931,10.7785,9.0485
68.0000,36.0000,6.0000,15.7500,15.7500,7.7899,11.0861,8.0635,12.5611,9.9805,11.3543,8.6850,12.1567,9.3495
68.0000,36.0000,7.0000,15.7500,15.7500,4.7716,12.8493,10.4868,16.0025,11.8448,13.8770,10.6317,15.3608,11.3696
68.0000,36.0000,8.0000,15.7500,15.7500,9.7203,7.4473,8.1652,9.8703,10.0383,7.5097,8.2454,9.7989,10.0212
78.0000,36.0000,0.0000,13.2500,15.7500,4.7273,10.6206,10.2403,13.1268,12.2146,10.7355,10.1953,13.0548,12.1477
78.0000,36.0000,1.0000,13.2500,15.7500,2.6177,14.5425,13.3677,16.8939,16.3885,14.6427,13.4918,16.8328,16.2952
78.0000,36.0000,2.0000,13.2500,15.7500,4.0094,12.1952,10.8019,15.3375,12.7462,12.2772,10.7972,15.3203,12.6741
78.0000,36.0000,3.0000,13.2500,15.7500,4.5037,13.6632,10.5544,15.2101,12.2564,13.9002,10.7908,15.3567,12.4686
78.0000,36.0000,4.0000,13.2500,15.7500,8.2926,13.5615,6.6248,16.0974,8.5936,13.4444,6.6050,15.8201,8.4833
78.0000,36.0000,5.0000,13.2500,15.7500,4.7805,7.0603,15.4110,10.0668,17.9762,7.0209,15.4713,9.9845,17.9533
78.0000,36.0000,6.0000,13.2500,15.7500,4.3802,10.4852,10.3652,13.4154,12.7689,10.5106,10.3246,13.4370,12.6481
48.0000,40.0000,1.0000,15.7500,17.2500,7.1058,11.3167,9.4322,13.7628,12.3892,11.3201,9.4828,13.6297,12.2894
48.0000,40.0000,6.0000,15.7500,17.2500,3.8060,14.3181,12.6038,17.1149,14.2844,14.4441,12.6978,17.1012,14.2762
68.0000,40.0000,1.0000,17.7500,17.7500,7.3220,14.6460,10.0004,16.2253,11.6063,15.0365,10.2177,16.1117,11.2949
68.0000,40.0000,4.0000,17.7500,17.7500,5.1661,11.3683,15.5572,14.1008,17.4661,11.3073,15.5914,13.9190,17.3291
68.0000,40.0000,7.0000,17.7500,17.7500,7.3757,12.8493,10.4868,16.0025,11.8448,13.7693,10.8152,15.1327,11.3012
48.0000,44.0000,1.0000,17.7500,17.7500,8.5978,11.3167,9.4322,13.7628,12.3892,11.3826,9.6109,13.8036,12.5427
48.0000,44.0000,6.0000,17.7500,17.7500,4.7619,14.3181,12.6038,17.1149,14.2844,14.4360,12.6070,17.1687,14.2261
